Train.Red Export for,Session at 3/18/2026 12:33 PM
-------------------------------------------------------------
Measurement Date,2026-03-18T12:33:11.751487
Type,free
Sport,strength
Focus,perform
Number of Sensors,1
Samples,10241
Measurement Duration,17:04
Distance,0 m
MSS Avg,3.00
TSI Min,51.02
TSI Max,101.66
TSI Avg,70.50

Muscle states
Rest,05:58
Easy,05:03
Medi,04:04
Hard,00:00
Load,01:57



Sensor 1,Train.Red FYER
-------------------------------------------------------------
Sensor DataType,expertV13
Sensor ID,Train.Red FYER 1258
Mac Address,DCC48916-4672-04F7-A0DB-519724C43DEA
Firmware Version,
Sensor Position,quadVLRight
Initial TSI,71.30
Initial HBDiff,31.44
Initial o2Hb,36.44
Initial HHb,5.42
Tsi Var,25.0
Filter Id,1
MSS Avg,3
TSI Min,51.02
TSI Max,101.66
TSI Avg,70.50
,,,Train.Red FYER 1258,,,,,,,,,
Timestamp (seconds passed),Lap/Event,,SmO2,HBDiff,Muscle state,Muscle trend,SmO2 unfiltered,O2HB unfiltered,HHb unfiltered,THb unfiltered,HBDiff unfiltered
0.00,0,,71.38,31.76,0,2,71.94,4.48,1.56,47.90,33.94
0.09,0,,71.59,32.67,0,2,71.77,4.47,1.47,47.80,34.02
0.15,0,,71.78,33.62,0,2,71.95,4.47,1.41,47.74,34.08
0.24,0,,71.82,34.11,0,2,71.35,4.55,1.52,47.93,34.05
0.33,0,,71.76,34.22,0,2,72.12,4.64,1.57,48.07,34.09
0.45,0,,71.81,34.20,0,2,71.96,4.79,1.54,48.19,34.27
0.57,0,,71.88,34.22,0,2,71.64,4.84,1.46,48.16,34.40
0.63,0,,71.84,34.31,0,2,71.87,4.85,1.43,48.14,34.44
0.75,0,,71.80,34.40,0,2,71.77,4.91,1.45,48.22,34.48
0.84,0,,71.81,34.46,0,2,71.93,4.98,1.50,48.34,34.50
0.93,0,,71.84,34.51,0,1,71.80,5.18,1.60,48.64,34.60
1.08,0,,71.87,34.56,1,0,71.97,5.24,1.62,48.72,34.64
1.17,0,,71.88,34.59,0,1,71.75,5.12,1.61,48.59,34.53
1.23,0,,71.88,34.59,0,1,72.01,5.12,1.56,48.54,34.58
1.35,0,,71.90,34.57,1,0,71.91,5.15,1.59,48.60,34.58
1.44,0,,71.91,34.57,0,1,71.83,5.21,1.64,48.71,34.59
1.59,0,,71.92,34.59,0,1,72.14,5.34,1.67,48.87,34.69
1.65,0,,71.99,34.62,0,1,72.10,5.30,1.68,48.84,34.64
1.77,0,,72.10,34.62,0,1,72.34,5.10,1.68,48.64,34.44
1.83,0,,72.19,34.55,0,2,72.11,5.17,1.71,48.74,34.48
1.92,0,,72.21,34.51,0,1,72.12,5.39,1.75,49.00,34.66
2.07,0,,72.13,34.55,0,1,71.91,5.43,1.81,49.10,34.64
2.13,0,,72.03,34.59,0,1,71.93,5.38,1.84,49.08,34.56
2.22,0,,71.99,34.55,0,1,72.30,4.87,1.71,48.44,34.18
2.34,0,,72.11,34.33,0,1,72.41,4.12,1.45,47.43,33.69
2.43,0,,72.16,33.94,0,1,71.47,3.49,1.23,46.58,33.28
2.52,0,,71.97,33.43,0,1,71.71,2.32,0.88,45.06,32.46
2.64,0,,71.77,32.77,2,-1,71.89,0.77,0.24,42.87,31.55
2.73,0,,71.73,31.94,4,-2,71.68,-1.13,-0.67,40.06,30.56
2.82,0,,71.72,31.06,4,-2,71.71,-1.78,-0.95,39.13,30.19
2.94,0,,71.66,30.45,4,-2,71.35,-0.94,-0.38,40.54,30.46
3.09,0,,71.54,30.14,4,-2,71.47,-3.00,-1.61,37.25,29.63
3.12,0,,71.47,29.87,4,-2,71.59,-4.40,-2.81,34.65,29.43
3.27,0,,71.54,29.74,4,-2,71.89,-1.94,-1.46,38.46,30.54
3.33,0,,71.69,30.06,4,-2,71.81,0.02,-0.15,41.73,31.19
3.42,0,,71.81,30.71,2,-1,71.86,0.92,0.29,43.07,31.65
3.57,0,,71.85,31.29,2,-1,71.78,0.74,0.32,42.92,31.44
3.63,0,,71.83,31.55,0,1,71.73,0.32,-0.05,42.13,31.39
3.72,0,,71.73,31.58,0,1,71.42,0.83,0.18,42.87,31.67
3.84,0,,71.66,31.45,0,1,71.97,-0.58,-0.11,41.17,30.55
3.93,0,,71.66,30.92,0,1,71.46,-2.94,-1.16,37.76,29.24
4.02,0,,71.61,30.01,0,1,71.36,-3.74,-1.56,36.56,28.84
4.14,0,,71.46,29.13,2,-1,71.25,-4.92,-2.16,34.78,28.26
4.23,0,,71.34,28.38,2,-1,71.34,-7.20,-3.47,31.19,27.29
4.35,0,,71.23,27.86,2,-1,70.84,-4.98,-2.23,34.65,28.27
4.44,0,,71.06,28.00,4,-2,70.85,-1.22,-0.03,40.61,29.83
4.59,0,,70.99,28.69,4,-2,71.47,-2.91,-0.90,38.05,29.01
4.62,0,,71.07,29.16,4,-2,70.94,-2.98,-1.08,37.80,29.12
4.74,0,,71.15,29.26,4,-2,71.42,-2.41,-0.61,38.84,29.22
4.83,0,,71.23,29.13,4,-2,71.26,-3.96,-1.22,36.68,28.28
4.92,0,,71.23,28.69,4,-2,70.78,-4.92,-1.62,35.32,27.72
5.10,0,,71.07,27.95,4,-2,70.92,-7.63,-2.92,31.31,26.31
5.13,0,,71.01,27.02,4,-2,71.48,-9.46,-4.33,28.07,25.89
5.22,0,,71.04,26.43,2,-1,70.49,-6.40,-2.83,32.63,27.45
5.34,0,,70.88,26.70,2,-1,70.43,-3.53,-0.77,37.56,28.26
5.43,0,,70.70,27.47,2,-1,71.11,-4.28,-1.44,36.14,28.18
5.52,0,,70.70,28.10,4,-2,70.55,-3.80,-1.23,36.83,28.45
5.64,0,,70.70,28.34,4,-2,70.59,-3.94,-0.83,37.09,27.91
5.73,0,,70.68,28.14,4,-2,70.94,-5.64,-1.70,34.52,27.08
5.82,0,,70.74,27.49,4,-2,70.70,-8.27,-3.16,30.43,25.91
5.94,0,,70.75,26.61,4,-2,70.61,-9.27,-3.96,28.63,25.71
6.09,0,,70.64,26.14,4,-2,70.24,-5.78,-2.18,33.90,27.42
6.12,0,,70.48,26.51,4,-2,70.48,-4.17,-0.96,36.73,27.81
6.24,0,,70.34,27.18,4,-2,70.02,-5.10,-1.49,35.27,27.41
6.33,0,,70.20,27.57,4,-2,70.09,-4.68,-1.30,35.88,27.64
6.42,0,,70.14,27.60,4,-2,70.44,-5.67,-1.70,34.49,27.05
6.57,0,,70.29,27.20,4,-2,70.84,-8.48,-3.02,30.36,25.56
6.63,0,,70.48,26.31,4,-2,70.21,-10.44,-4.13,27.29,24.71
6.72,0,,70.41,25.58,4,-2,69.77,-7.14,-2.66,32.06,26.54
6.84,0,,70.22,25.76,4,-2,70.57,-4.45,-0.86,36.55,27.43
6.93,0,,70.19,26.44,4,-2,70.16,-6.19,-1.66,34.01,26.49
7.08,0,,70.22,26.83,4,-2,70.14,-5.83,-1.71,34.32,26.90
7.14,0,,70.17,26.83,4,-2,70.00,-6.66,-1.91,33.29,26.27
7.23,0,,70.17,26.44,4,-2,70.63,-9.64,-3.52,28.70,24.90
7.35,0,,70.21,25.64,4,-2,69.74,-11.16,-4.59,26.11,24.45
7.44,0,,70.06,25.12,4,-2,69.51,-7.42,-2.83,31.61,26.43
7.59,0,,69.86,25.52,4,-2,70.23,-4.70,-1.04,36.12,27.36
7.65,0,,69.91,26.31,4,-2,70.29,-7.02,-2.14,32.70,26.14
7.74,0,,69.99,26.64,4,-2,69.36,-6.48,-1.94,33.44,26.48
7.83,0,,69.88,26.43,4,-2,69.91,-8.13,-2.32,31.41,25.21
7.95,0,,69.79,25.74,4,-2,69.89,-11.25,-4.27,26.34,24.04
8.07,0,,69.81,24.90,4,-2,69.85,-10.35,-4.06,27.45,24.73
8.13,0,,69.84,24.62,4,-2,69.79,-6.93,-1.62,33.31,25.71
8.25,0,,69.80,25.03,4,-2,69.60,-5.77,-0.87,35.22,26.12
8.34,0,,69.68,25.63,4,-2,69.35,-6.71,-1.58,33.57,25.89
8.43,0,,69.59,25.85,4,-2,69.97,-7.70,-1.81,32.35,25.13
8.58,0,,69.65,25.48,4,-2,69.75,-10.55,-3.47,27.84,23.94
8.64,0,,69.70,24.73,4,-2,69.37,-10.69,-3.67,27.50,24.00
8.73,0,,69.68,24.34,2,-1,70.06,-6.68,-1.26,33.92,25.60
8.85,0,,69.74,24.72,2,-1,69.69,-5.99,-0.87,35.00,25.90
8.94,0,,69.76,25.31,2,-1,69.59,-7.48,-1.67,32.71,25.21
9.09,0,,69.75,25.44,1,0,70.08,-8.22,-1.87,31.77,24.67
9.15,0,,69.81,24.97,0,1,69.69,-11.12,-3.54,27.20,23.44
9.24,0,,69.80,24.22,0,1,69.61,-11.12,-3.71,27.03,23.61
9.33,0,,69.74,23.91,0,1,69.86,-6.88,-1.27,33.71,25.41
9.45,0,,69.66,24.46,0,1,69.12,-5.56,-0.62,35.68,26.08
9.57,0,,69.50,25.30,2,-1,69.54,-6.95,-1.49,33.42,25.56
9.63,0,,69.48,25.51,2,-1,69.91,-9.23,-2.14,30.49,23.93
9.75,0,,69.63,24.80,2,-1,69.76,-11.46,-3.18,27.22,22.74
9.84,0,,69.70,23.85,2,-1,69.34,-9.53,-2.62,29.71,24.11
9.93,0,,69.67,23.74,2,-1,69.95,-6.78,-1.30,33.78,25.54
10.08,0,,69.69,24.41,1,0,69.64,-6.77,-0.92,34.17,25.17
10.14,0,,69.73,25.01,1,0,69.82,-7.04,-1.00,33.82,24.98
10.23,0,,69.76,24.99,1,0,69.75,-10.34,-2.86,28.66,23.54
10.35,0,,69.73,24.29,1,0,69.46,-12.37,-3.97,25.52,22.62
10.44,0,,69.67,23.63,1,0,69.85,-8.69,-2.46,30.71,24.79
10.59,0,,69.63,23.93,1,0,69.32,-6.30,-1.31,34.25,26.03
10.65,0,,69.56,24.79,1,0,69.58,-7.67,-1.45,32.74,24.80
10.74,0,,69.52,25.13,1,0,69.64,-8.37,-1.74,31.75,24.39
10.83,0,,69.60,24.74,1,0,69.88,-11.10,-3.35,27.41,23.27
10.95,0,,69.64,23.98,1,0,69.11,-11.94,-4.00,25.92,23.08
11.07,0,,69.50,23.50,1,0,69.34,-8.61,-2.04,31.21,24.45
11.13,0,,69.36,23.81,2,-1,69.42,-6.60,-0.97,34.29,25.39
11.25,0,,69.33,24.60,4,-2,69.34,-7.35,-1.75,32.76,25.42
11.34,0,,69.36,24.94,4,-2,69.48,-10.74,-2.91,28.21,23.19
11.43,0,,69.39,24.25,2,-1,69.31,-13.07,-3.98,24.81,21.93
11.58,0,,69.37,23.24,2,-1,69.23,-10.06,-2.78,29.02,23.74
11.64,0,,69.36,23.15,2,-1,69.71,-7.38,-1.32,33.16,24.96
11.73,0,,69.40,23.84,2,-1,69.10,-7.99,-1.39,32.48,24.42
11.85,0,,69.35,24.28,2,-1,69.28,-9.22,-1.66,30.98,23.46
11.94,0,,69.28,23.91,2,-1,69.26,-12.13,-3.15,26.58,22.04
12.09,0,,69.21,23.09,2,-1,68.91,-11.76,-3.35,26.75,22.61
12.15,0,,69.11,22.71,2,-1,69.20,-8.85,-1.81,31.20,23.98
12.24,0,,69.11,23.15,2,-1,69.35,-7.67,-1.06,33.13,24.41
12.36,0,,69.18,23.89,2,-1,69.04,-7.64,-1.16,33.06,24.54
12.45,0,,69.21,24.15,2,-1,69.37,-11.13,-2.69,28.04,22.58
12.57,0,,69.24,23.49,2,-1,69.27,-13.42,-3.71,24.73,21.31
12.63,0,,69.31,22.56,2,-1,69.47,-10.25,-2.32,29.29,23.09
12.75,0,,69.24,22.52,2,-1,68.40,-7.77,-1.11,32.98,24.36
12.84,0,,68.95,23.16,2,-1,68.63,-8.97,-1.27,31.62,23.32
12.93,0,,68.75,23.43,2,-1,69.23,-10.49,-1.83,29.54,22.36
13.08,0,,68.88,22.94,2,-1,69.27,-12.86,-3.21,25.79,21.37
13.14,0,,69.09,22.19,2,-1,69.08,-12.57,-3.50,25.79,21.95
13.23,0,,69.11,21.96,2,-1,68.63,-9.92,-2.19,29.75,23.29
13.35,0,,68.94,22.44,2,-1,68.78,-8.45,-0.91,32.50,23.48
13.44,0,,68.79,23.10,2,-1,68.77,-8.41,-0.96,32.49,23.57
13.59,0,,68.80,23.29,2,-1,69.19,-11.97,-2.87,27.02,21.92
13.65,0,,68.87,22.67,2,-1,68.57,-14.04,-3.66,24.16,20.64
13.74,0,,68.80,21.77,2,-1,68.45,-10.69,-1.57,29.60,21.90
13.83,0,,68.55,21.55,2,-1,68.01,-8.44,-0.28,33.14,22.86
13.95,0,,68.28,21.93,4,-2,68.16,-9.89,-0.89,31.08,22.02
14.07,0,,68.19,22.09,4,-2,68.67,-10.88,-1.14,29.84,21.28
14.16,0,,68.35,21.66,4,-2,68.64,-13.68,-2.85,25.33,20.19
14.25,0,,68.49,20.91,4,-2,68.17,-14.32,-3.45,24.09,20.15
14.34,0,,68.47,20.49,4,-2,68.51,-10.62,-1.12,30.12,21.52
14.43,0,,68.36,20.85,4,-2,67.89,-8.85,-0.27,32.74,22.44
14.58,0,,68.22,21.65,4,-2,68.33,-9.72,-1.05,31.09,22.35
14.64,0,,68.18,21.98,4,-2,68.26,-12.73,-2.04,27.09,20.33
14.73,0,,68.18,21.33,4,-2,68.00,-15.07,-3.35,23.44,19.30
14.85,0,,68.16,20.46,4,-2,68.26,-11.73,-1.81,28.32,21.10
14.94,0,,68.13,20.47,2,-1,67.93,-8.67,0.08,33.27,22.27
15.09,0,,68.06,21.17,4,-2,67.90,-10.08,-0.58,31.20,21.52
15.15,0,,67.98,21.54,4,-2,68.02,-11.06,-0.83,29.97,20.79
15.24,0,,68.03,21.19,4,-2,68.52,-13.70,-2.32,25.84,19.64
15.33,0,,68.13,20.48,4,-2,67.77,-13.87,-2.85,25.14,20.00
15.45,0,,68.08,20.15,2,-1,67.84,-10.67,-0.96,30.23,21.31
15.57,0,,68.02,20.55,2,-1,68.54,-9.47,-0.15,32.24,21.70
15.63,0,,68.09,21.25,4,-2,67.86,-9.31,-0.33,32.22,22.04
15.75,0,,68.11,21.56,4,-2,68.11,-12.53,-1.63,27.70,20.12
15.84,0,,68.09,20.97,4,-2,68.12,-14.84,-2.68,24.34,18.86
15.93,0,,68.07,20.13,0,1,67.94,-11.18,-1.04,29.64,20.88
16.08,0,,67.98,20.14,1,0,67.62,-9.22,-0.01,32.63,21.81
16.14,0,,67.83,20.78,2,-1,67.76,-10.69,-0.57,30.60,20.90
16.23,0,,67.71,21.01,2,-1,67.59,-12.15,-1.13,28.58,20.00
16.35,0,,67.72,20.48,2,-1,68.19,-15.26,-2.89,23.71,18.65
16.44,0,,67.81,19.69,2,-1,67.58,-13.93,-2.60,25.33,19.69
16.59,0,,67.79,19.56,2,-1,67.54,-10.00,-0.37,31.49,21.39
16.65,0,,67.77,20.25,2,-1,68.40,-9.87,-0.17,31.82,21.32
16.74,0,,67.92,21.05,2,-1,67.88,-9.91,-0.54,31.41,21.65
16.83,0,,68.05,21.28,2,-1,68.19,-13.12,-1.83,26.91,19.73
16.95,0,,68.04,20.66,2,-1,67.61,-15.35,-3.13,23.38,18.80
17.07,0,,67.89,19.96,2,-1,67.63,-11.26,-1.51,29.09,21.27
17.13,0,,67.66,20.27,2,-1,67.24,-8.94,-0.26,32.66,22.34
17.25,0,,67.46,21.18,2,-1,67.46,-10.65,-1.11,30.10,21.48
17.34,0,,67.40,21.63,2,-1,67.66,-11.37,-1.33,29.16,20.98
17.43,0,,67.52,21.31,2,-1,67.87,-14.39,-3.08,24.39,19.71
17.58,0,,67.67,20.55,4,-2,67.57,-14.79,-3.53,23.54,19.76
17.64,0,,67.72,20.12,2,-1,67.71,-10.59,-0.82,30.45,21.25
17.73,0,,67.64,20.47,2,-1,67.25,-9.67,-0.47,31.72,21.82
17.85,0,,67.51,21.15,2,-1,67.51,-11.06,-1.49,29.31,21.45
17.94,0,,67.48,21.48,2,-1,67.85,-11.68,-1.71,28.47,21.05
18.09,0,,67.56,21.32,2,-1,67.34,-13.61,-3.05,25.20,20.46
18.15,0,,67.54,20.83,2,-1,67.39,-14.63,-3.54,23.69,19.93
18.24,0,,67.39,20.44,2,-1,66.95,-12.10,-2.13,27.63,21.05
18.33,0,,67.21,20.58,2,-1,67.24,-9.97,-0.54,31.35,21.59
18.45,0,,67.15,20.97,2,-1,67.28,-11.20,-1.00,29.66,20.82
18.57,0,,67.27,21.23,2,-1,67.83,-10.47,-1.27,30.12,21.82
18.63,0,,67.39,21.58,2,-1,66.82,-8.27,0.12,33.71,22.63
18.75,0,,67.38,22.02,2,-1,67.78,-10.20,-1.04,30.62,21.86
18.84,0,,67.39,22.11,2,-1,67.22,-11.52,-2.02,28.32,21.52
18.93,0,,67.40,21.97,2,-1,67.41,-9.13,-0.42,32.31,22.31
19.08,0,,67.37,21.95,2,-1,67.30,-9.58,-0.40,31.88,21.84
19.14,0,,67.36,21.87,2,-1,67.47,-9.34,0.41,32.93,21.27
19.23,0,,67.31,21.67,2,-1,66.83,-8.44,0.84,34.26,21.74
19.35,0,,67.15,21.54,1,0,66.95,-10.93,-1.25,29.68,21.34
19.44,0,,66.95,21.53,2,-1,66.66,-9.29,-0.22,32.35,21.95
19.59,0,,66.94,21.63,2,-1,67.88,-10.58,-1.24,30.04,21.68
19.65,0,,67.28,21.53,2,-1,67.95,-15.13,-4.37,22.36,20.26
19.74,0,,67.55,21.11,2,-1,66.63,-12.45,-2.39,27.02,20.96
19.83,0,,67.32,20.94,2,-1,66.73,-8.09,1.11,34.88,21.82
19.95,0,,67.01,21.20,2,-1,67.28,-9.20,0.33,32.99,21.49
20.07,0,,66.94,21.51,2,-1,66.85,-9.33,-0.14,32.39,21.83
20.13,0,,67.00,21.68,2,-1,67.37,-9.78,-0.36,31.72,21.60
20.25,0,,66.99,21.64,2,-1,66.18,-11.28,-1.31,29.27,21.05
20.34,0,,66.77,21.51,2,-1,66.61,-9.19,-0.13,32.54,21.96
20.46,0,,66.46,21.49,4,-2,65.71,-8.62,1.19,34.43,21.21
20.58,0,,66.23,21.33,4,-2,66.76,-9.50,1.11,33.47,20.41
20.64,0,,66.25,21.08,4,-2,66.30,-8.86,0.44,33.44,21.72
20.73,0,,66.40,21.15,4,-2,66.78,-10.13,-0.64,31.09,21.53
20.85,0,,66.44,21.25,4,-2,65.70,-10.77,-0.20,30.89,20.45
20.94,0,,66.28,20.94,4,-2,66.31,-11.14,-0.13,30.59,20.01
21.09,0,,66.12,20.50,4,-2,65.89,-10.47,-0.06,31.33,20.61
21.15,0,,66.03,20.44,4,-2,66.02,-8.35,1.43,34.94,21.24
21.24,0,,66.02,20.77,4,-2,66.33,-9.38,0.29,32.77,21.35
21.33,0,,66.14,21.19,4,-2,66.29,-10.02,-0.63,31.21,21.63
21.45,0,,66.22,21.44,2,-1,66.00,-9.38,0.42,32.90,21.22
21.57,0,,65.98,21.30,4,-2,64.59,-10.99,-0.11,30.76,20.14
21.63,0,,65.47,20.77,4,-2,65.38,-9.40,1.63,34.09,19.99
21.75,0,,65.26,20.31,4,-2,65.98,-8.91,1.54,34.49,20.57
21.84,0,,65.46,20.24,4,-2,65.69,-11.33,-0.89,29.64,20.58
21.93,0,,65.55,20.35,4,-2,64.71,-9.58,1.22,33.50,20.22
22.08,0,,65.25,20.18,4,-2,64.63,-11.23,0.91,31.54,18.88
22.14,0,,64.83,19.67,4,-2,64.47,-10.64,1.16,32.38,19.22
22.23,0,,64.71,19.36,4,-2,65.73,-8.70,2.21,35.37,20.11
22.35,0,,64.99,19.48,4,-2,65.25,-11.81,-0.37,29.68,19.58
22.44,0,,65.12,19.67,4,-2,64.17,-9.97,1.20,33.09,19.85
22.59,0,,64.81,19.62,4,-2,64.28,-10.72,1.64,32.78,18.66
22.65,0,,64.45,19.27,4,-2,64.37,-10.65,1.64,32.85,18.73
22.74,0,,64.31,18.99,4,-2,64.50,-8.29,3.19,36.76,19.54
22.83,0,,64.40,19.00,4,-2,64.83,-11.37,0.82,31.31,18.83
22.95,0,,64.54,19.08,4,-2,64.32,-10.40,1.20,32.66,19.42
23.07,0,,64.43,19.09,4,-2,63.59,-10.47,2.01,33.40,18.54
23.13,0,,64.09,18.85,4,-2,63.82,-10.03,2.96,34.79,18.03
23.25,0,,63.91,18.50,4,-2,64.48,-9.25,3.07,35.68,18.70
23.34,0,,64.03,18.33,4,-2,64.10,-12.42,0.62,30.06,17.98
23.43,0,,64.02,18.29,4,-2,63.16,-10.11,2.16,33.91,18.75
23.58,0,,63.72,18.30,4,-2,63.39,-9.98,3.18,35.06,17.86
23.64,0,,63.48,17.98,4,-2,63.73,-10.94,3.76,34.68,16.32
23.73,0,,63.57,17.47,4,-2,64.28,-10.18,2.66,34.34,18.18
23.85,0,,63.77,17.36,4,-2,63.29,-13.35,0.18,28.69,17.49
23.94,0,,63.86,17.22,4,-2,64.56,-13.09,2.52,31.29,15.41
24.09,0,,63.97,16.57,4,-2,63.63,-11.71,3.33,33.48,15.98
24.15,0,,63.89,16.09,2,-1,63.26,-10.74,3.68,34.80,16.60
24.24,0,,63.66,16.19,2,-1,63.78,-10.63,3.44,34.67,16.95
24.33,0,,63.49,16.63,2,-1,62.98,-12.31,1.23,30.78,17.48
24.45,0,,63.30,16.95,2,-1,63.16,-11.94,2.95,32.87,16.13
24.57,0,,62.99,16.57,4,-2,61.90,-12.95,3.56,32.47,14.51
24.63,0,,62.64,15.68,4,-2,62.94,-11.80,4.03,34.09,15.19
24.75,0,,62.48,15.21,4,-2,62.31,-10.67,4.23,35.42,16.12
24.84,0,,62.67,15.48,4,-2,64.13,-13.21,1.33,29.98,16.48
24.96,0,,63.07,16.16,4,-2,62.78,-12.52,0.99,30.33,17.51
25.08,0,,63.27,16.73,4,-2,63.30,-12.96,1.95,30.85,16.11
25.14,0,,63.19,16.56,4,-2,62.66,-13.19,3.11,31.78,14.72
25.23,0,,63.08,15.91,4,-2,63.45,-10.53,4.39,35.72,16.10
25.35,0,,63.24,15.74,0,1,64.24,-11.99,2.22,32.09,16.81
25.44,0,,63.54,16.21,0,2,62.95,-12.33,1.50,31.03,17.19
25.59,0,,63.58,16.68,0,2,63.73,-11.02,3.68,34.52,16.32
25.65,0,,63.41,16.51,0,2,62.50,-12.45,3.97,33.38,14.60
25.74,0,,63.09,15.72,0,2,62.79,-11.02,5.09,35.93,14.91
25.83,0,,62.92,15.29,1,0,63.63,-10.51,3.69,35.04,16.82
25.95,0,,63.04,15.82,2,-1,62.90,-11.65,1.84,32.05,17.53
26.07,0,,63.11,16.59,2,-1,63.03,-10.68,4.10,35.28,16.24
26.13,0,,63.03,16.58,2,-1,62.74,-12.34,3.98,33.50,14.70
26.25,0,,62.88,15.81,4,-2,62.61,-11.11,5.06,35.81,14.85
26.34,0,,62.79,15.33,4,-2,63.23,-10.06,4.18,35.98,16.78
26.43,0,,62.76,15.76,4,-2,62.07,-11.80,1.99,32.05,17.23
26.58,0,,62.66,16.45,4,-2,62.97,-10.12,4.71,36.45,16.19
26.64,0,,62.61,16.40,4,-2,62.50,-11.67,4.95,35.14,14.40
26.73,0,,62.58,15.51,4,-2,62.33,-11.41,5.64,36.09,13.97
26.85,0,,62.59,14.83,4,-2,63.28,-10.21,4.45,36.10,16.36
26.94,0,,62.71,15.22,4,-2,62.42,-11.89,2.09,32.06,17.04
27.09,0,,62.75,16.05,4,-2,62.72,-10.12,4.95,36.69,15.95
27.15,0,,62.57,16.15,2,-1,61.68,-11.32,5.34,35.88,14.36
27.24,0,,62.22,15.41,2,-1,61.89,-11.24,5.72,36.34,14.06
27.33,0,,62.05,14.84,4,-2,62.89,-9.58,5.05,37.33,16.39
27.45,0,,62.16,15.31,4,-2,61.74,-10.65,3.04,34.25,17.33
27.57,0,,62.12,16.15,4,-2,61.74,-9.89,5.53,37.50,15.60
27.63,0,,61.94,16.07,4,-2,61.94,-11.49,5.82,36.19,13.71
27.75,0,,61.92,15.16,4,-2,62.40,-10.81,5.73,36.78,14.48
27.84,0,,62.14,14.72,4,-2,62.61,-9.65,4.84,37.05,16.53
27.93,0,,62.20,15.27,4,-2,60.97,-10.96,3.60,34.50,16.46
28.08,0,,61.91,15.84,4,-2,61.89,-10.25,5.94,37.55,14.83
28.14,0,,61.60,15.44,4,-2,61.17,-11.91,6.11,36.06,13.00
28.23,0,,61.47,14.32,4,-2,61.78,-11.32,6.44,36.98,13.26
28.35,0,,61.60,13.70,4,-2,62.47,-10.56,5.07,36.37,15.39
28.44,0,,61.76,14.20,4,-2,60.65,-11.62,3.54,33.78,15.86
28.59,0,,61.59,14.95,4,-2,61.67,-10.40,6.23,37.69,14.39
28.65,0,,61.41,14.78,4,-2,61.38,-12.26,6.40,36.00,12.36
28.74,0,,61.40,13.77,4,-2,61.47,-11.95,6.42,36.33,12.65
28.83,0,,61.44,13.13,4,-2,61.67,-10.97,5.35,36.24,14.70
28.95,0,,61.37,13.53,4,-2,60.33,-12.10,4.12,33.88,14.80
29.07,0,,61.08,14.08,4,-2,61.09,-11.03,6.79,37.62,13.20
29.13,0,,60.91,13.78,4,-2,61.08,-12.63,6.62,35.85,11.77
29.25,0,,60.96,12.90,4,-2,61.14,-12.27,6.47,36.06,12.28
29.34,0,,61.13,12.54,4,-2,61.64,-11.13,5.52,36.25,14.37
29.43,0,,61.29,13.17,4,-2,61.00,-12.41,3.87,33.32,14.74
29.58,0,,61.29,13.92,4,-2,61.15,-11.81,5.97,36.02,13.24
29.64,0,,61.07,13.67,2,-1,60.18,-13.30,6.67,35.23,11.05
29.73,0,,60.83,12.54,2,-1,61.45,-12.61,7.13,36.38,11.28
29.85,0,,60.93,11.87,2,-1,61.47,-11.64,5.59,35.81,13.79
29.94,0,,61.29,12.40,2,0,61.90,-13.06,3.88,32.68,14.08
30.09,0,,61.45,13.26,1,1,60.31,-11.86,6.03,36.03,13.13
30.15,0,,61.10,13.27,1,1,60.27,-13.16,6.85,35.55,11.01
30.24,0,,60.68,12.35,2,-1,61.08,-12.87,7.20,36.19,10.95
30.33,0,,60.83,11.75,4,-2,62.34,-12.07,5.11,34.90,13.84
30.45,0,,61.37,12.33,2,-1,61.36,-13.44,3.47,31.89,14.11
30.57,0,,61.58,13.24,0,2,60.86,-11.95,6.03,35.94,13.04
30.66,0,,61.26,13.24,0,2,60.38,-13.20,6.91,35.57,10.91
30.75,0,,60.86,12.32,2,0,61.03,-12.76,7.16,36.26,11.10
30.84,0,,60.86,11.79,2,-1,61.83,-11.57,5.37,35.66,14.08
30.93,0,,61.36,12.48,2,-1,62.54,-13.33,3.44,31.97,14.25
31.08,0,,61.86,13.48,0,2,61.29,-12.15,5.31,35.02,13.56
31.14,0,,61.69,13.60,0,2,59.99,-13.43,6.18,34.61,11.41
31.23,0,,61.12,12.75,0,2,61.54,-12.95,6.77,35.68,11.30
31.35,0,,61.03,12.17,1,1,61.86,-11.43,5.27,35.70,14.32
31.44,0,,61.43,12.76,1,1,62.17,-13.29,3.32,31.89,14.41
31.59,0,,61.76,13.69,1,1,61.18,-11.73,5.46,35.59,13.83
31.65,0,,61.56,13.83,1,1,60.31,-12.69,6.49,35.66,11.84
31.74,0,,61.10,13.05,1,1,61.35,-13.12,6.34,35.08,11.56
31.83,0,,60.96,12.43,1,1,61.28,-11.59,5.24,35.51,14.19
31.95,0,,61.26,12.85,4,-2,62.49,-13.10,3.63,32.39,14.29
32.07,0,,61.58,13.64,2,0,60.62,-11.92,5.32,35.26,13.78
32.13,0,,61.35,13.76,1,1,60.16,-12.51,6.50,35.85,12.01
32.25,0,,60.87,13.03,2,-1,61.29,-13.62,5.97,34.21,11.43
32.34,0,,60.76,12.30,4,-2,60.91,-12.33,5.46,34.99,13.23
32.43,0,,61.05,12.42,4,-2,62.33,-13.04,4.26,33.08,13.72
32.58,0,,61.41,13.10,2,-1,60.79,-11.87,5.14,35.13,14.01
32.64,0,,61.33,13.53,1,1,60.42,-11.88,6.65,36.63,12.49
32.73,0,,60.94,13.11,2,0,60.83,-13.98,5.95,33.83,11.09
32.85,0,,60.75,12.23,2,0,61.07,-13.35,5.77,34.28,11.90
32.94,0,,60.95,11.84,2,-1,61.90,-13.51,4.61,32.96,12.90
33.09,0,,61.34,12.34,2,-1,61.51,-12.83,3.84,32.87,14.35
33.15,0,,61.56,13.21,2,-1,61.33,-12.23,5.46,35.09,13.33
33.27,0,,61.48,13.23,0,2,61.01,-14.55,6.27,33.58,10.20
33.33,0,,61.33,12.13,1,1,61.62,-13.46,6.75,35.15,10.81
33.45,0,,61.44,11.37,1,1,62.19,-13.09,4.74,33.51,13.19
33.57,0,,61.80,11.84,0,2,62.25,-14.40,3.15,30.61,13.47
33.63,0,,61.91,12.63,0,2,60.61,-13.45,5.24,33.65,12.33
33.75,0,,61.38,12.52,0,2,59.90,-15.04,6.07,32.89,9.91
33.87,0,,60.78,11.51,1,1,61.65,-14.13,6.41,34.14,10.48
33.93,0,,60.91,10.95,2,0,62.15,-13.07,4.95,33.74,13.00
34.08,0,,61.55,11.50,4,-2,62.35,-15.18,3.16,29.84,12.68
34.14,0,,61.95,12.27,1,1,61.03,-13.43,5.19,33.62,12.40
34.23,0,,61.73,12.40,1,1,60.86,-13.88,6.10,34.08,11.04
34.35,0,,61.34,11.82,1,1,61.65,-14.74,5.88,33.00,10.40
34.44,0,,61.31,11.20,2,-1,61.75,-13.79,5.26,33.33,11.97
34.59,0,,61.62,11.31,1,1,62.56,-14.76,3.64,30.74,12.62
34.65,0,,61.85,12.09,0,2,60.72,-12.39,4.91,34.38,13.72
34.74,0,,61.57,12.86,1,1,60.79,-12.26,6.20,35.80,12.56
34.83,0,,61.15,12.80,1,1,61.34,-14.87,5.56,32.55,10.59
34.95,0,,61.08,12.02,1,1,61.47,-13.68,5.75,33.93,11.59
35.07,0,,61.35,11.60,2,-1,62.22,-14.02,4.22,32.06,12.78
35.13,0,,61.85,12.03,2,-1,62.77,-14.33,3.30,30.83,13.39
35.25,0,,62.22,12.67,1,1,61.43,-13.43,5.00,33.43,12.59
35.34,0,,62.02,12.58,0,2,60.96,-14.87,6.04,33.03,10.11
35.43,0,,61.60,11.67,0,2,61.93,-13.87,6.39,34.38,10.76
35.58,0,,61.59,11.14,0,2,62.38,-13.80,4.31,32.37,12.91
35.67,0,,62.00,11.64,0,2,62.84,-15.14,3.01,29.73,12.87
35.73,0,,62.32,12.40,1,1,61.53,-13.36,4.98,33.48,12.68
35.85,0,,62.07,12.54,0,2,60.81,-14.82,5.32,32.36,10.88
35.94,0,,61.51,11.89,1,1,61.36,-15.27,5.28,31.87,10.47
36.09,0,,61.28,11.27,1,1,61.94,-13.91,4.67,32.62,12.44
36.15,0,,61.58,11.47,4,-2,62.64,-15.44,3.07,29.49,12.51
36.24,0,,61.93,12.14,2,-1,61.14,-13.17,4.69,33.38,13.16
36.33,0,,61.82,12.67,2,0,61.28,-12.71,5.94,35.09,12.37
36.45,0,,61.46,12.49,2,-1,61.04,-15.74,4.97,31.09,10.31
36.57,0,,61.35,11.65,4,-2,62.40,-14.62,5.44,32.68,10.96
36.63,0,,61.70,11.16,4,-2,62.46,-14.43,4.21,31.64,12.38
36.75,0,,62.23,11.59,1,1,62.75,-14.53,3.23,30.56,13.26
36.84,0,,62.45,12.38,1,1,61.59,-13.47,4.95,33.34,12.60
36.93,0,,62.16,12.48,0,2,61.22,-15.04,5.78,32.60,10.20
37.08,0,,61.73,11.71,0,2,61.92,-14.36,5.83,33.33,10.83
37.17,0,,61.67,11.22,1,1,62.32,-13.91,4.22,32.17,12.89
37.23,0,,61.99,11.67,0,2,62.73,-15.39,2.91,29.38,12.72
37.35,0,,62.19,12.35,0,2,61.04,-13.59,4.81,33.08,12.62
37.44,0,,61.81,12.50,1,1,60.62,-13.96,5.90,33.80,11.16
37.59,0,,61.20,11.89,2,0,61.09,-15.59,5.29,31.56,10.14
37.65,0,,60.96,11.09,4,-2,61.46,-14.87,4.86,31.85,11.29
37.74,0,,61.25,10.90,4,-2,62.51,-15.46,3.70,30.10,11.86
37.83,0,,61.82,11.43,4,-2,62.31,-14.23,3.75,31.38,13.04
37.95,0,,62.11,12.19,2,-1,61.17,-13.44,5.09,33.51,12.49
38.07,0,,61.85,12.21,2,0,61.19,-15.86,5.83,31.83,9.33
38.13,0,,61.52,11.23,2,-1,61.89,-14.97,5.86,32.75,10.19
38.25,0,,61.55,10.63,2,-1,62.01,-14.30,4.04,31.60,12.68
38.37,0,,61.88,11.22,2,0,62.75,-15.22,3.05,29.69,12.75
38.43,0,,62.10,12.18,0,2,61.00,-13.67,4.57,32.76,12.78
38.52,0,,61.81,12.56,0,2,61.00,-14.14,5.49,33.21,11.39
38.64,0,,61.40,12.16,2,0,61.74,-14.77,5.42,32.51,10.83
38.73,0,,61.45,11.57,4,-2,62.38,-14.55,4.51,31.82,11.96
38.82,0,,61.93,11.50,2,-1,62.87,-15.55,3.21,29.52,12.26
38.94,0,,62.38,12.07,0,2,61.97,-12.97,4.07,32.96,13.98
39.09,0,,62.29,12.93,0,2,61.13,-12.21,5.33,34.98,13.48
39.12,0,,61.83,13.11,0,2,61.58,-15.07,5.58,32.37,10.37
39.24,0,,61.66,12.22,0,2,62.66,-14.10,5.85,33.61,11.07
39.33,0,,62.02,11.52,1,1,62.83,-14.25,3.84,31.45,12.93
39.42,0,,62.49,11.86,0,2,62.57,-15.01,2.85,29.70,13.16
39.57,0,,62.54,12.58,0,2,61.37,-13.14,4.87,33.59,13.01
39.63,0,,62.05,12.78,0,2,61.03,-13.78,6.02,34.10,11.22
39.72,0,,61.55,12.20,1,1,61.94,-14.41,5.73,33.18,10.88
39.84,0,,61.47,11.54,1,1,61.74,-14.74,4.29,31.41,11.99
39.93,0,,61.80,11.49,4,-2,63.12,-15.67,3.06,29.25,12.29
40.02,0,,62.16,12.03,2,0,61.29,-13.14,4.25,32.97,13.63
40.14,0,,62.02,12.73,2,-1,61.16,-12.85,5.38,34.39,12.79
40.23,0,,61.60,12.70,4,-2,61.55,-15.59,5.38,31.65,10.05
40.32,0,,61.41,11.70,4,-2,61.59,-14.99,5.67,32.54,10.36
40.44,0,,61.52,10.88,4,-2,62.11,-15.01,4.17,31.02,11.84
40.59,0,,61.90,11.06,2,-1,62.94,-15.35,3.12,29.63,12.55
40.62,0,,62.12,11.77,2,0,60.54,-13.82,4.82,32.86,12.38
40.74,0,,61.64,12.04,2,-1,60.30,-14.56,6.13,33.43,10.33
40.83,0,,60.99,11.44,2,0,61.48,-15.04,5.94,32.76,10.04
40.92,0,,60.99,10.75,4,-2,62.02,-15.06,4.62,31.42,11.34
41.07,0,,61.57,10.77,4,-2,62.88,-15.80,3.31,29.37,11.91
41.13,0,,62.23,11.48,2,-1,62.30,-13.85,3.91,31.92,13.26
41.22,0,,62.30,12.32,0,2,60.59,-13.71,4.84,32.99,12.47
41.34,0,,61.70,12.33,1,1,61.01,-15.92,5.73,31.67,9.37
41.43,0,,61.22,11.21,2,-1,61.82,-15.08,6.34,33.12,9.60
41.52,0,,61.39,10.31,2,0,62.48,-15.14,4.18,30.90,11.70
41.64,0,,61.97,10.61,2,-1,62.87,-15.58,3.05,29.33,12.39
41.73,0,,62.29,11.54,0,2,60.90,-13.78,4.76,32.84,12.48
41.82,0,,61.85,12.03,0,2,60.46,-14.55,5.81,33.12,10.66
41.94,0,,61.18,11.58,4,-2,61.37,-15.41,5.75,32.20,9.86
42.09,0,,61.04,10.80,2,0,61.84,-14.95,5.09,32.00,10.98
42.12,0,,61.54,10.66,4,-2,63.24,-15.62,3.41,29.65,11.99
42.24,0,,62.36,11.40,2,-1,63.02,-14.45,2.99,30.40,13.58
42.33,0,,62.81,12.47,0,2,61.94,-13.74,4.17,32.29,13.11
42.42,0,,62.49,12.80,0,2,60.94,-15.35,5.28,31.79,10.39
42.57,0,,61.88,12.03,0,2,62.14,-14.50,5.72,33.08,10.80
42.63,0,,61.66,11.32,1,1,61.86,-14.64,4.07,31.29,12.31
42.72,0,,61.96,11.47,0,2,63.53,-15.65,2.84,29.05,12.53
42.84,0,,62.42,12.19,0,2,61.78,-13.00,4.30,33.16,13.72
42.93,0,,62.36,12.89,0,2,61.18,-13.01,5.36,34.21,12.65
43.02,0,,61.91,12.79,2,0,62.00,-15.23,5.47,32.10,10.32
43.14,0,,61.74,11.84,1,1,62.06,-14.80,5.35,32.41,10.87
43.23,0,,61.91,11.17,4,-2,62.51,-15.30,3.57,30.13,12.15
43.32,0,,62.28,11.47,2,0,62.99,-15.01,2.80,29.65,13.21
43.44,0,,62.53,12.31,0,2,61.80,-13.73,4.18,32.31,13.11
43.59,0,,62.25,12.68,1,1,60.85,-15.01,5.14,31.99,10.87
43.62,0,,61.65,12.06,2,-1,61.49,-15.32,5.29,31.83,10.41
43.77,0,,61.43,11.17,4,-2,62.33,-15.38,4.54,31.02,11.10
43.83,0,,61.80,10.90,4,-2,62.89,-15.91,3.27,29.22,11.84
43.92,0,,62.41,11.45,2,0,62.98,-13.92,3.45,31.39,13.65
44.07,0,,62.72,12.43,0,2,61.91,-13.85,4.16,32.17,13.01
44.13,0,,62.42,12.75,0,2,61.12,-15.50,5.09,31.45,10.43
44.22,0,,61.90,12.00,2,0,62.18,-14.66,5.57,32.77,10.79
44.34,0,,61.82,11.29,1,1,62.59,-15.28,3.58,30.16,12.16
44.43,0,,62.24,11.42,1,1,63.28,-16.01,2.48,28.33,12.53
44.52,0,,62.61,12.21,0,2,61.75,-13.01,3.79,32.64,14.22
44.64,0,,62.45,13.17,0,2,61.70,-12.81,4.61,33.66,13.60
44.73,0,,62.00,13.37,2,0,61.53,-15.34,4.90,31.42,10.78
44.82,0,,61.85,12.47,1,1,63.02,-14.52,5.39,32.73,11.11
44.94,0,,62.19,11.70,4,-2,62.78,-14.32,3.80,31.34,12.90
45.09,0,,62.75,12.01,2,0,63.69,-14.34,2.80,30.32,13.88
45.12,0,,63.09,13.04,0,2,62.30,-12.52,3.87,33.21,14.63
45.24,0,,62.87,13.86,0,2,61.73,-13.14,4.72,33.44,13.16
45.33,0,,62.34,13.67,0,2,62.08,-14.40,5.26,32.72,11.36
45.42,0,,62.11,12.69,0,2,62.85,-14.78,4.53,31.61,11.71
45.57,0,,62.34,11.99,1,1,62.90,-15.49,2.79,29.16,12.74
45.63,0,,62.73,12.19,1,1,63.23,-14.90,2.39,29.35,13.73
45.72,0,,62.87,12.92,0,2,61.79,-13.63,3.63,31.86,13.76
45.84,0,,62.49,13.30,2,0,61.52,-14.23,4.98,32.61,11.81
45.93,0,,62.00,12.76,1,1,62.17,-15.02,5.09,31.93,10.91
46.02,0,,61.92,11.83,4,-2,62.55,-15.36,4.20,30.70,11.46
46.14,0,,62.21,11.40,4,-2,62.75,-16.06,2.77,28.57,12.19
46.23,0,,62.67,11.79,2,0,63.69,-14.84,2.52,29.54,13.66
46.32,0,,62.95,12.64,1,1,61.74,-13.87,3.79,31.78,13.36
46.44,0,,62.58,12.99,1,1,61.21,-14.83,5.10,32.13,11.09
46.59,0,,61.95,12.39,2,-1,62.13,-14.58,5.32,32.60,11.12
46.62,0,,61.85,11.64,4,-2,62.87,-15.37,3.87,30.36,11.78
46.74,0,,62.29,11.48,2,-1,63.14,-16.21,2.63,28.28,12.18
46.83,0,,62.84,11.95,0,2,63.23,-14.70,2.57,29.73,13.75
46.92,0,,63.16,12.77,0,2,63.11,-14.85,2.78,29.79,13.39
47.07,0,,63.17,13.16,0,2,62.59,-16.17,3.01,28.70,11.84
47.13,0,,62.98,12.75,0,2,62.91,-16.37,3.00,28.49,11.65
47.22,0,,62.90,12.12,0,2,63.35,-16.44,2.67,28.09,11.91
47.34,0,,63.10,11.92,0,2,63.68,-15.54,2.66,28.98,12.82
47.43,0,,63.25,12.26,0,2,62.39,-14.88,2.93,29.91,13.21
47.52,0,,63.10,12.77,0,2,63.13,-15.00,3.07,29.93,12.95
47.64,0,,63.01,13.00,0,2,63.35,-15.88,2.40,28.38,12.74
47.73,0,,63.10,12.89,0,2,63.08,-17.06,1.73,26.53,12.23
47.82,0,,63.15,12.66,1,0,63.11,-15.63,2.55,28.78,12.84
47.94,0,,63.18,12.63,0,1,63.46,-15.21,2.84,29.49,12.97
48.09,0,,63.37,12.71,0,2,64.03,-16.66,1.90,27.10,12.46
48.12,0,,63.70,12.76,0,2,64.12,-16.40,1.40,26.86,13.22
48.24,0,,64.05,12.97,0,2,64.50,-16.32,1.02,26.56,13.68
48.33,0,,64.32,13.34,0,2,64.39,-16.35,0.94,26.45,13.73
48.45,0,,64.42,13.62,0,2,64.21,-16.29,1.10,26.67,13.63
48.57,0,,64.40,13.73,0,2,64.52,-15.76,1.49,27.59,13.77
48.63,0,,64.38,13.81,0,2,64.21,-15.26,1.60,28.20,14.16
48.75,0,,64.37,13.92,0,2,64.58,-16.23,0.96,26.59,13.83
48.84,0,,64.46,13.97,0,2,64.80,-16.21,0.78,26.43,14.03
48.93,0,,64.61,14.06,0,2,64.66,-15.51,0.96,27.31,14.55
49.08,0,,64.73,14.26,0,2,64.90,-15.38,1.13,27.61,14.51
49.14,0,,64.79,14.46,0,2,64.71,-15.21,1.18,27.83,14.63
49.23,0,,64.81,14.61,0,2,64.80,-15.14,1.04,27.76,14.84
49.35,0,,64.80,14.76,0,2,64.82,-15.04,1.03,27.85,14.95
49.44,0,,64.80,14.89,0,2,64.81,-15.03,0.97,27.80,15.02
49.59,0,,64.83,14.99,0,2,64.93,-14.99,0.92,27.79,15.11
49.65,0,,64.85,15.08,0,2,64.79,-14.89,0.91,27.88,15.22
49.74,0,,64.88,15.17,0,2,65.03,-14.95,0.81,27.72,15.26
49.83,0,,64.89,15.23,0,1,64.74,-14.98,0.79,27.67,15.25
49.95,0,,64.93,15.28,0,1,65.29,-14.87,0.74,27.73,15.41
50.07,0,,65.04,15.35,0,1,65.11,-14.83,0.67,27.70,15.52
50.13,0,,65.14,15.43,0,2,65.17,-14.89,0.72,27.69,15.41
50.25,0,,65.17,15.46,0,2,65.11,-14.82,0.70,27.74,15.50
50.34,0,,65.16,15.50,0,2,65.17,-14.71,0.66,27.81,15.65
50.43,0,,65.20,15.56,0,2,65.48,-14.74,0.65,27.77,15.63
50.58,0,,65.27,15.63,0,2,65.18,-14.72,0.61,27.75,15.69
50.64,0,,65.29,15.68,0,2,65.22,-14.61,0.61,27.86,15.80
50.73,0,,65.24,15.75,0,2,65.11,-14.61,0.58,27.83,15.83
50.85,0,,65.20,15.81,0,1,65.36,-14.60,0.54,27.80,15.88
50.94,0,,65.30,15.88,0,1,65.84,-14.47,0.49,27.88,16.06
51.03,0,,65.52,15.98,0,2,65.59,-14.44,0.40,27.82,16.18
51.18,0,,65.65,16.10,0,2,65.59,-14.47,0.35,27.74,16.20
51.24,0,,65.69,16.19,0,2,65.86,-14.30,0.39,27.95,16.33
51.33,0,,65.69,16.29,0,2,65.34,-14.14,0.39,28.11,16.49
51.45,0,,65.59,16.40,0,2,65.43,-14.17,0.34,28.03,16.51
51.57,0,,65.51,16.50,0,2,65.81,-14.09,0.34,28.11,16.59
51.63,0,,65.56,16.58,0,2,65.48,-13.95,0.27,28.18,16.80
51.75,0,,65.57,16.69,0,2,65.51,-14.01,0.18,28.03,16.83
51.84,0,,65.59,16.78,0,2,65.87,-14.05,0.16,27.97,16.81
51.93,0,,65.69,16.83,0,2,65.87,-13.96,0.16,28.06,16.90
52.08,0,,65.77,16.87,0,2,65.55,-13.96,0.14,28.04,16.92
52.14,0,,65.73,16.90,0,2,65.62,-13.98,0.13,28.01,16.91
52.23,0,,65.67,16.92,0,1,65.78,-13.93,0.12,28.05,16.97
52.35,0,,65.70,16.96,0,1,65.81,-13.84,0.10,28.12,17.08
52.44,0,,65.76,17.01,0,1,65.77,-13.86,0.08,28.08,17.08
52.53,0,,65.81,17.06,0,1,65.99,-13.88,0.07,28.05,17.07
52.65,0,,65.93,17.10,0,1,66.26,-13.74,0.06,28.18,17.22
52.74,0,,66.10,17.16,0,1,66.32,-13.67,0.05,28.24,17.30
52.83,0,,66.25,17.22,0,2,66.26,-13.76,0.06,28.16,17.20
52.95,0,,66.26,17.25,0,2,65.90,-13.72,0.02,28.16,17.28
53.07,0,,66.08,17.28,0,2,65.63,-13.60,-0.01,28.25,17.43
53.13,0,,65.87,17.34,0,2,65.93,-13.64,-0.04,28.18,17.42
53.25,0,,65.89,17.41,0,2,66.59,-13.62,-0.10,28.14,17.50
53.34,0,,66.13,17.49,0,1,66.26,-13.48,-0.12,28.26,17.66
53.43,0,,66.26,17.57,0,1,65.90,-13.51,-0.12,28.23,17.63
53.58,0,,66.14,17.63,0,1,65.84,-13.56,-0.16,28.14,17.62
53.64,0,,66.00,17.65,2,-1,66.13,-13.45,-0.20,28.21,17.77
53.73,0,,65.96,17.71,2,-1,65.87,-13.40,-0.25,28.21,17.87
53.85,0,,65.98,17.79,2,-1,66.23,-13.41,-0.26,28.19,17.87
53.94,0,,66.06,17.86,0,1,66.20,-13.37,-0.25,28.24,17.90
54.03,0,,66.15,17.90,0,1,66.11,-13.33,-0.26,28.27,17.95
54.15,0,,66.17,17.93,1,0,66.12,-13.32,-0.27,28.27,17.97
54.24,0,,66.18,17.95,0,1,66.40,-13.32,-0.25,28.29,17.95
54.33,0,,66.26,17.96,0,1,66.40,-13.25,-0.20,28.41,17.97
54.45,0,,66.33,17.98,0,1,66.19,-13.19,-0.23,28.44,18.06
54.57,0,,66.28,18.01,0,1,66.05,-13.26,-0.25,28.35,18.01
54.63,0,,66.19,18.02,0,2,66.21,-13.23,-0.17,28.46,17.96
54.75,0,,66.17,18.02,0,1,66.34,-13.00,-0.16,28.70,18.18
54.84,0,,66.16,18.09,0,1,65.78,-13.00,-0.22,28.64,18.24
54.93,0,,66.08,18.16,0,1,66.15,-13.10,-0.22,28.54,18.14
55.08,0,,66.10,18.21,1,0,66.58,-12.90,-0.24,28.72,18.36
55.14,0,,66.28,18.29,1,0,66.39,-12.76,-0.23,28.87,18.49
55.23,0,,66.39,18.39,0,1,66.23,-12.85,-0.26,28.75,18.43
55.35,0,,66.37,18.46,0,1,66.31,-12.82,-0.35,28.69,18.55
55.44,0,,66.34,18.54,0,1,66.45,-12.61,-0.37,28.88,18.78
55.53,0,,66.38,18.66,0,1,66.51,-12.57,-0.38,28.91,18.83
55.65,0,,66.40,18.76,0,1,66.16,-12.62,-0.35,28.89,18.75
55.74,0,,66.40,18.81,0,1,66.67,-12.47,-0.32,29.07,18.87
55.83,0,,66.47,18.85,0,1,66.67,-12.39,-0.36,29.11,18.99
55.95,0,,66.55,18.91,0,1,66.37,-12.45,-0.36,29.05,18.93
56.07,0,,66.56,18.95,0,1,66.64,-12.40,-0.40,29.06,19.02
56.13,0,,66.56,19.01,0,1,66.60,-12.32,-0.48,29.06,19.18
56.25,0,,66.65,19.08,0,1,67.04,-12.41,-0.51,28.94,19.12
56.34,0,,66.80,19.13,0,1,66.87,-12.44,-0.54,28.88,19.12
56.43,0,,66.84,19.13,0,1,66.42,-12.40,-0.50,28.96,19.12
56.58,0,,66.72,19.11,0,1,66.64,-12.47,-0.45,28.94,19.00
56.64,0,,66.64,19.07,0,1,66.84,-12.46,-0.52,28.88,19.08
56.73,0,,66.65,19.07,0,1,66.48,-12.39,-0.56,28.91,19.19
56.85,0,,66.66,19.11,0,1,66.85,-12.37,-0.50,28.99,19.15
56.94,0,,66.67,19.15,0,1,66.48,-12.37,-0.54,28.95,19.19
57.03,0,,66.64,19.17,0,1,66.68,-12.39,-0.50,28.97,19.13
57.15,0,,66.64,19.16,2,-1,66.77,-12.32,-0.46,29.08,19.16
57.24,0,,66.70,19.17,2,-1,66.75,-12.27,-0.56,29.03,19.31
57.33,0,,66.74,19.22,1,0,66.75,-12.31,-0.55,29.00,19.26
57.45,0,,66.68,19.25,1,0,66.13,-12.27,-0.48,29.11,19.23
57.57,0,,66.50,19.28,1,0,66.46,-12.14,-0.54,29.18,19.42
57.63,0,,66.48,19.34,2,-1,67.19,-12.13,-0.63,29.10,19.52
57.75,0,,66.67,19.44,2,-1,66.58,-12.13,-0.62,29.11,19.51
57.84,0,,66.81,19.51,1,0,67.02,-12.01,-0.59,29.26,19.60
57.93,0,,66.86,19.57,0,1,66.68,-12.02,-0.63,29.21,19.63
58.08,0,,66.83,19.60,0,1,66.73,-12.08,-0.63,29.15,19.57
58.14,0,,66.73,19.61,0,1,66.47,-12.00,-0.63,29.23,19.65
58.23,0,,66.62,19.63,0,1,66.66,-11.93,-0.64,29.29,19.73
58.35,0,,66.61,19.67,0,1,66.85,-11.99,-0.67,29.20,19.70
58.44,0,,66.75,19.70,1,0,67.15,-12.01,-0.72,29.13,19.73
58.53,0,,66.95,19.72,0,1,67.08,-11.91,-0.68,29.27,19.79
58.65,0,,67.07,19.76,0,1,67.01,-11.90,-0.69,29.27,19.81
58.74,0,,67.04,19.79,0,1,66.70,-11.94,-0.73,29.19,19.81
58.83,0,,66.95,19.80,0,1,67.09,-11.90,-0.69,29.27,19.81
58.95,0,,66.92,19.81,0,1,66.90,-11.79,-0.64,29.43,19.87
59.07,0,,66.98,19.84,0,1,67.30,-11.76,-0.68,29.42,19.94
59.13,0,,67.06,19.89,0,1,66.90,-11.80,-0.71,29.35,19.93
59.25,0,,67.05,19.92,0,1,66.86,-11.75,-0.66,29.45,19.93
59.34,0,,66.95,19.95,0,1,66.86,-11.64,-0.67,29.55,20.05
59.43,0,,66.90,20.01,0,1,67.06,-11.61,-0.75,29.50,20.16
59.58,0,,66.98,20.08,0,1,67.30,-11.61,-0.71,29.54,20.12
59.64,0,,67.09,20.13,0,1,66.96,-11.55,-0.69,29.62,20.16
59.73,0,,67.09,20.16,0,1,66.92,-11.51,-0.74,29.61,20.25
59.85,0,,66.99,20.21,0,1,66.83,-11.53,-0.78,29.55,20.27
59.94,0,,66.96,20.26,1,0,67.35,-11.44,-0.80,29.62,20.38
60.03,0,,67.01,20.33,1,0,66.81,-11.34,-0.80,29.72,20.48
60.15,0,,67.03,20.41,1,0,67.12,-11.39,-0.80,29.67,20.43
60.24,0,,67.02,20.43,0,1,66.92,-11.44,-0.81,29.61,20.39
60.33,0,,67.04,20.44,0,1,67.33,-11.31,-0.81,29.74,20.52
60.45,0,,67.10,20.47,0,1,66.99,-11.25,-0.84,29.77,20.61
60.57,0,,67.15,20.53,0,1,67.36,-11.31,-0.84,29.71,20.55
60.63,0,,67.21,20.56,0,1,67.25,-11.26,-0.81,29.79,20.57
60.75,0,,67.25,20.58,0,1,67.17,-11.17,-0.81,29.88,20.66
60.84,0,,67.27,20.61,0,1,67.48,-11.22,-0.82,29.82,20.62
60.93,0,,67.33,20.63,0,2,67.33,-11.22,-0.82,29.82,20.62
61.08,0,,67.35,20.63,0,2,67.23,-11.13,-0.78,29.95,20.67
61.14,0,,67.33,20.65,0,1,67.45,-11.04,-0.75,30.07,20.73
61.23,0,,67.30,20.70,0,1,67.01,-10.98,-0.78,30.10,20.82
61.35,0,,67.23,20.76,0,1,67.30,-11.02,-0.78,30.06,20.78
61.44,0,,67.20,20.80,0,1,67.19,-10.93,-0.76,30.17,20.85
61.53,0,,67.25,20.85,0,1,67.56,-10.78,-0.79,30.29,21.03
61.68,0,,67.33,20.92,0,1,67.17,-10.86,-0.79,30.21,20.95
61.74,0,,67.31,20.96,0,1,67.09,-10.87,-0.77,30.22,20.92
61.83,0,,67.23,20.99,1,0,67.35,-10.65,-0.83,30.38,21.20
61.95,0,,67.25,21.07,2,-1,67.44,-10.65,-0.85,30.36,21.22
62.07,0,,67.34,21.15,1,0,67.40,-10.76,-0.85,30.25,21.11
62.13,0,,67.40,21.18,0,1,67.43,-10.66,-0.85,30.35,21.21
62.25,0,,67.41,21.20,0,1,67.27,-10.55,-0.85,30.46,21.32
62.34,0,,67.36,21.25,0,1,67.30,-10.61,-0.88,30.37,21.29
62.43,0,,67.28,21.28,0,1,67.09,-10.63,-0.86,30.37,21.25
62.58,0,,67.21,21.27,0,1,67.24,-10.58,-0.79,30.49,21.23
62.64,0,,67.27,21.26,0,1,67.92,-10.54,-0.79,30.53,21.27
62.73,0,,67.44,21.26,0,1,67.14,-10.51,-0.84,30.51,21.35
62.85,0,,67.48,21.29,0,1,67.50,-10.52,-0.82,30.52,21.32
62.94,0,,67.39,21.33,0,1,67.00,-10.40,-0.82,30.64,21.44
63.03,0,,67.31,21.40,0,1,67.63,-10.29,-0.85,30.72,21.58
63.15,0,,67.38,21.48,0,1,67.67,-10.34,-0.80,30.72,21.48
63.24,0,,67.56,21.52,0,1,67.81,-10.27,-0.80,30.79,21.55
63.33,0,,67.67,21.55,0,1,67.35,-10.11,-0.79,30.96,21.70
63.45,0,,67.62,21.61,0,2,67.57,-10.15,-0.77,30.94,21.64
63.57,0,,67.53,21.64,0,1,67.44,-10.23,-0.82,30.81,21.61
63.63,0,,67.46,21.66,0,1,67.28,-10.07,-0.80,30.99,21.75
63.75,0,,67.34,21.69,0,1,67.05,-9.99,-0.76,31.11,21.79
63.84,0,,67.27,21.75,0,1,67.73,-10.03,-0.80,31.03,21.79
63.93,0,,67.40,21.79,0,1,67.71,-9.95,-0.79,31.12,21.86
64.08,0,,67.56,21.83,0,1,67.41,-9.90,-0.75,31.21,21.87
64.14,0,,67.58,21.87,0,1,67.50,-9.89,-0.82,31.15,21.95
64.23,0,,67.52,21.91,0,1,67.44,-9.88,-0.84,31.14,21.98
64.35,0,,67.48,21.94,1,0,67.53,-9.91,-0.74,31.21,21.85
64.44,0,,67.47,21.92,1,0,67.42,-9.84,-0.72,31.30,21.90
64.53,0,,67.46,21.91,1,0,67.44,-9.79,-0.77,31.30,22.00
64.65,0,,67.42,21.94,0,1,67.25,-9.78,-0.78,31.30,22.02
64.74,0,,67.41,21.99,0,1,67.77,-9.73,-0.73,31.40,22.02
64.83,0,,67.47,22.02,0,1,67.28,-9.66,-0.70,31.50,22.06
64.95,0,,67.48,22.03,1,0,67.52,-9.70,-0.69,31.47,22.01
65.07,0,,67.46,22.02,1,0,67.41,-9.71,-0.67,31.48,21.98
65.13,0,,67.51,22.03,1,0,67.94,-9.52,-0.68,31.66,22.18
65.25,0,,67.66,22.09,1,0,67.76,-9.44,-0.66,31.76,22.24
65.34,0,,67.71,22.16,0,1,67.29,-9.51,-0.63,31.72,22.14
65.43,0,,67.63,22.18,0,1,67.75,-9.49,-0.63,31.74,22.16
65.58,0,,67.59,22.20,1,0,67.58,-9.35,-0.66,31.85,22.33
65.64,0,,67.59,22.26,1,0,67.58,-9.29,-0.68,31.89,22.41
65.73,0,,67.60,22.33,1,0,67.62,-9.36,-0.64,31.86,22.30
65.85,0,,67.59,22.34,1,0,67.53,-9.33,-0.59,31.94,22.28
65.94,0,,67.59,22.33,1,0,67.68,-9.22,-0.59,32.05,22.39
66.03,0,,67.62,22.34,1,0,67.68,-9.22,-0.62,32.02,22.42
66.15,0,,67.67,22.38,1,0,67.78,-9.28,-0.63,31.95,22.37
66.24,0,,67.75,22.39,1,0,67.94,-9.17,-0.59,32.10,22.44
66.33,0,,67.82,22.43,0,1,67.73,-9.02,-0.61,32.23,22.61
66.48,0,,67.78,22.50,0,1,67.43,-9.12,-0.65,32.09,22.55
66.57,0,,67.63,22.54,0,1,67.49,-9.15,-0.58,32.13,22.45
66.63,0,,67.53,22.52,0,1,67.67,-9.02,-0.52,32.32,22.52
66.75,0,,67.53,22.51,0,1,67.46,-8.98,-0.51,32.37,22.55
66.84,0,,67.57,22.52,0,1,67.84,-9.00,-0.52,32.34,22.54
66.93,0,,67.62,22.55,0,1,67.44,-8.93,-0.53,32.40,22.62
67.08,0,,67.57,22.59,0,1,67.22,-8.80,-0.46,32.60,22.68
67.14,0,,67.41,22.63,1,0,67.30,-8.81,-0.45,32.60,22.66
67.23,0,,67.37,22.65,4,-2,67.87,-8.85,-0.46,32.55,22.63
67.38,0,,67.54,22.66,2,-1,67.80,-8.75,-0.43,32.68,22.70
67.44,0,,67.74,22.69,1,0,67.90,-8.62,-0.44,32.80,22.84
67.53,0,,67.88,22.75,1,0,67.96,-8.66,-0.44,32.76,22.80
67.65,0,,67.89,22.78,1,0,67.50,-8.73,-0.41,32.72,22.70
67.74,0,,67.78,22.77,0,2,67.73,-8.60,-0.39,32.87,22.81
67.83,0,,67.68,22.79,0,2,67.66,-8.48,-0.37,33.01,22.91
67.95,0,,67.63,22.84,0,1,67.45,-8.51,-0.39,32.96,22.90
68.07,0,,67.58,22.88,0,1,67.74,-8.54,-0.38,32.94,22.86
68.13,0,,67.59,22.88,1,0,67.54,-8.49,-0.32,33.05,22.85
68.25,0,,67.60,22.87,1,0,67.63,-8.44,-0.32,33.10,22.90
68.34,0,,67.64,22.88,1,0,67.85,-8.46,-0.36,33.04,22.92
68.43,0,,67.72,22.91,1,0,67.77,-8.39,-0.36,33.11,22.99
68.58,0,,67.77,22.96,2,-1,67.69,-8.28,-0.32,33.26,23.06
68.64,0,,67.76,23.00,1,0,67.74,-8.29,-0.27,33.30,23.00
68.73,0,,67.73,23.02,1,0,67.64,-8.30,-0.25,33.31,22.97
68.85,0,,67.75,23.00,1,0,68.10,-8.24,-0.23,33.39,23.01
68.94,0,,67.89,23.00,0,1,68.18,-8.15,-0.19,33.52,23.06
69.03,0,,68.03,23.04,0,1,67.87,-8.03,-0.23,33.60,23.22
69.15,0,,67.97,23.12,0,2,67.43,-8.09,-0.23,33.54,23.16
69.24,0,,67.79,23.16,0,1,67.93,-8.07,-0.17,33.62,23.12
69.33,0,,67.74,23.19,0,1,67.87,-7.84,-0.18,33.84,23.36
69.45,0,,67.85,23.24,0,1,68.19,-7.91,-0.20,33.75,23.31
69.57,0,,68.02,23.28,0,1,68.23,-8.02,-0.18,33.66,23.18
69.63,0,,68.11,23.27,0,1,67.74,-7.88,-0.17,33.81,23.31
69.75,0,,67.99,23.27,0,1,67.63,-7.86,-0.16,33.84,23.32
69.84,0,,67.80,23.28,0,1,67.74,-7.93,-0.16,33.77,23.25
69.93,0,,67.78,23.28,2,-1,68.35,-7.92,-0.17,33.77,23.27
70.08,0,,67.98,23.28,1,0,68.25,-7.81,-0.16,33.89,23.37
70.14,0,,68.12,23.32,0,1,67.73,-7.70,-0.11,34.05,23.43
70.23,0,,68.05,23.37,0,1,67.93,-7.75,-0.10,34.01,23.37
70.35,0,,67.90,23.38,0,1,67.60,-7.80,-0.10,33.96,23.32
70.44,0,,67.78,23.38,0,1,67.83,-7.63,-0.09,34.14,23.48
70.53,0,,67.73,23.42,2,-1,67.77,-7.52,-0.07,34.27,23.57
70.65,0,,67.80,23.48,2,-1,68.18,-7.56,-0.02,34.28,23.48
70.74,0,,67.96,23.51,0,1,68.10,-7.50,-0.02,34.34,23.54
70.85,0,,68.05,23.54,0,1,67.82,-7.36,0.01,34.51,23.65
70.95,0,,67.97,23.58,1,0,67.70,-7.35,0.07,34.58,23.60
71.07,0,,67.85,23.60,1,0,67.85,-7.37,0.09,34.58,23.56
71.13,0,,67.79,23.60,1,0,67.82,-7.25,0.10,34.71,23.67
71.28,0,,67.82,23.63,1,0,68.05,-7.11,0.15,34.90,23.76
71.34,0,,67.94,23.70,1,0,68.21,-7.04,0.16,34.98,23.82
71.43,0,,68.11,23.77,0,1,68.33,-7.11,0.07,34.82,23.84
71.58,0,,68.25,23.83,0,1,68.31,-7.10,0.05,34.81,23.87
71.64,0,,68.34,23.88,0,1,68.43,-6.89,0.09,35.06,24.04
71.73,0,,68.32,23.95,0,2,67.89,-6.86,0.10,35.10,24.06
71.85,0,,68.21,24.01,0,2,68.27,-6.92,0.14,35.08,23.96
71.94,0,,68.15,24.02,0,2,68.20,-6.80,0.21,35.27,24.01
72.03,0,,68.19,24.02,0,2,68.36,-6.63,0.24,35.47,24.15
72.16,0,,68.26,24.07,0,1,68.28,-6.63,0.22,35.45,24.17
72.24,0,,68.30,24.13,0,1,68.30,-6.67,0.23,35.42,24.12
72.33,0,,68.30,24.15,0,1,68.24,-6.56,0.25,35.55,24.21
72.45,0,,68.32,24.19,0,1,68.60,-6.45,0.23,35.64,24.34
72.57,0,,68.44,24.27,0,1,68.71,-6.42,0.19,35.63,24.41
72.66,0,,68.61,24.34,0,1,68.82,-6.51,0.18,35.53,24.33
72.75,0,,68.70,24.35,0,2,68.38,-6.57,0.24,35.53,24.21
72.84,0,,68.65,24.30,0,2,68.69,-6.47,0.25,35.64,24.30
72.96,0,,68.60,24.27,0,2,68.59,-6.52,0.22,35.56,24.28
73.08,0,,68.59,24.26,0,2,68.57,-6.53,0.24,35.57,24.25
73.14,0,,68.67,24.29,0,2,69.27,-6.24,0.26,35.88,24.52
73.26,0,,68.87,24.38,0,1,68.93,-6.18,0.32,36.00,24.52
73.35,0,,68.94,24.43,0,2,68.48,-6.38,0.43,35.91,24.21
73.44,0,,68.81,24.36,0,2,68.74,-6.48,0.38,35.76,24.16
73.59,0,,68.69,24.25,0,2,68.66,-6.41,0.37,35.82,24.24
73.65,0,,68.68,24.22,0,2,68.87,-6.26,0.40,36.00,24.36
73.74,0,,68.78,24.28,0,1,69.15,-6.33,0.23,35.76,24.46
73.86,0,,68.95,24.37,0,1,68.98,-6.47,0.13,35.52,24.42
73.95,0,,69.05,24.39,0,2,69.16,-6.84,-0.01,35.01,24.19
74.07,0,,69.15,24.32,0,2,69.43,-7.17,-0.29,34.40,24.14
74.16,0,,69.21,24.25,0,2,68.82,-6.65,-0.06,35.15,24.43
74.25,0,,69.12,24.26,0,2,68.98,-6.59,0.19,35.46,24.24
74.34,0,,68.96,24.26,0,2,68.63,-6.67,0.26,35.45,24.09
74.46,0,,68.78,24.20,0,1,68.53,-5.87,0.95,36.94,24.20
74.58,0,,68.60,24.12,0,1,68.46,-6.22,1.01,36.65,23.79
74.64,0,,68.49,23.97,4,-2,68.48,-6.54,0.71,36.03,23.77
74.76,0,,68.44,23.85,4,-2,68.35,-5.77,1.30,37.39,23.95
74.85,0,,68.42,23.84,4,-2,68.58,-5.68,1.42,37.60,23.92
74.94,0,,68.49,23.91,4,-2,68.71,-5.74,1.21,37.33,24.07
75.09,0,,68.62,24.00,4,-2,68.82,-5.61,1.28,37.53,24.13
75.15,0,,68.74,24.10,4,-2,68.74,-5.53,1.20,37.53,24.29
75.24,0,,68.83,24.22,1,0,69.13,-5.41,1.21,37.66,24.40
75.36,0,,68.96,24.32,1,0,69.08,-5.47,1.20,37.59,24.35
75.45,0,,69.06,24.37,1,0,69.06,-5.45,1.20,37.61,24.37
75.57,0,,69.08,24.38,0,2,68.98,-5.42,1.25,37.69,24.35
75.66,0,,69.00,24.36,0,2,68.64,-5.41,1.30,37.75,24.31
75.75,0,,68.91,24.34,0,2,69.23,-5.28,1.40,37.98,24.34
75.84,0,,68.89,24.35,0,2,68.58,-5.13,1.38,38.11,24.51
75.96,0,,68.90,24.43,0,1,69.30,-5.12,1.26,38.00,24.64
76.08,0,,68.95,24.54,0,1,68.79,-5.23,1.17,37.80,24.62
76.14,0,,69.02,24.60,1,0,69.33,-5.07,1.39,38.18,24.56
76.26,0,,69.03,24.59,0,1,68.58,-5.10,1.45,38.21,24.47
76.35,0,,68.96,24.54,1,0,69.06,-5.27,1.22,37.81,24.53
76.44,0,,68.92,24.52,1,0,69.00,-5.16,1.31,38.01,24.55
76.59,0,,68.94,24.52,1,0,68.83,-5.13,1.32,38.05,24.57
76.65,0,,68.99,24.57,1,0,69.44,-4.99,1.26,38.13,24.77
76.74,0,,69.08,24.64,0,1,68.82,-4.95,1.44,38.35,24.63
76.83,0,,69.06,24.67,0,1,68.94,-4.91,1.45,38.40,24.66
76.95,0,,68.97,24.73,0,1,68.86,-4.53,1.36,38.69,25.13
77.07,0,,68.92,24.90,1,0,68.99,-4.54,1.32,38.64,25.16
77.16,0,,68.94,25.05,1,0,69.16,-4.85,1.17,38.18,25.00
77.25,0,,69.07,25.12,0,1,69.41,-4.63,1.16,38.39,25.23
77.34,0,,69.26,25.16,0,1,69.49,-4.25,1.55,39.16,25.22
77.46,0,,69.38,25.18,0,1,69.19,-4.27,1.72,39.31,25.03
77.58,0,,69.36,25.13,0,2,69.25,-4.29,1.69,39.26,25.04
77.64,0,,69.29,25.08,0,2,69.28,-4.04,1.83,39.65,25.15
77.73,0,,69.25,25.10,0,1,69.23,-3.97,1.80,39.69,25.25
77.85,0,,69.22,25.16,0,1,69.09,-4.15,1.65,39.36,25.22
77.94,0,,69.21,25.22,0,1,69.45,-4.21,1.57,39.22,25.24
78.09,0,,69.23,25.25,0,1,69.00,-4.34,1.33,38.85,25.35
78.15,0,,69.25,25.28,0,1,69.63,-4.66,1.17,38.37,25.19
78.24,0,,69.38,25.24,0,1,69.67,-4.80,1.16,38.22,25.06
78.36,0,,69.55,25.15,0,1,69.60,-4.80,1.14,38.20,25.08
78.45,0,,69.66,25.10,0,1,69.83,-4.54,1.23,38.55,25.25
78.57,0,,69.66,25.18,0,2,69.16,-4.00,1.46,39.32,25.56
78.66,0,,69.54,25.36,0,2,69.54,-3.82,1.61,39.65,25.59
78.75,0,,69.46,25.50,0,2,69.57,-4.01,1.56,39.41,25.45
78.84,0,,69.44,25.55,0,1,69.18,-3.96,1.51,39.41,25.55
78.96,0,,69.44,25.55,0,1,69.82,-3.88,1.58,39.56,25.56
79.11,0,,69.51,25.54,0,1,69.50,-4.00,1.53,39.39,25.49
79.14,0,,69.56,25.54,0,1,69.46,-3.88,1.47,39.45,25.67
79.23,0,,69.53,25.61,0,1,69.48,-3.56,1.57,39.87,25.89
79.35,0,,69.45,25.75,0,1,69.17,-3.46,1.64,40.04,25.92
79.44,0,,69.42,25.87,2,-1,69.91,-3.38,1.68,40.16,25.96
79.53,0,,69.50,25.93,1,0,69.36,-3.47,1.68,40.07,25.87
79.65,0,,69.51,25.90,1,0,69.32,-3.49,1.82,40.19,25.71
79.74,0,,69.44,25.82,1,0,69.44,-3.08,2.17,40.95,25.77
79.83,0,,69.42,25.76,1,0,69.54,-3.36,1.92,40.42,25.74
79.95,0,,69.44,25.70,2,-1,69.33,-4.40,1.16,38.62,25.46
80.07,0,,69.41,25.52,0,1,69.34,-5.32,0.75,37.29,24.95
80.13,0,,69.40,25.21,0,1,69.58,-5.39,0.87,37.34,24.76
80.25,0,,69.46,24.97,0,1,69.61,-4.70,1.14,38.30,25.18
80.34,0,,69.55,24.99,0,1,69.55,-4.26,1.35,38.95,25.41
80.43,0,,69.56,25.21,0,1,69.41,-3.74,1.66,39.78,25.62
80.61,0,,69.47,25.46,1,0,69.18,-3.59,1.74,40.01,25.69
80.64,0,,69.36,25.63,1,0,69.43,-3.61,1.79,40.04,25.62
80.73,0,,69.36,25.72,1,0,69.61,-3.09,1.97,40.74,25.96
80.85,0,,69.43,25.83,1,0,69.37,-3.05,2.01,40.82,25.96
80.94,0,,69.46,25.90,1,0,69.43,-3.13,2.10,40.83,25.79
81.03,0,,69.47,25.90,1,0,69.63,-2.99,2.11,40.98,25.92
81.15,0,,69.45,25.90,1,0,69.02,-2.92,2.12,41.06,25.98
81.24,0,,69.35,25.93,1,0,69.44,-2.93,2.13,41.06,25.96
81.33,0,,69.35,25.95,1,0,69.71,-3.03,2.02,40.85,25.97
81.45,0,,69.47,25.95,1,0,69.45,-3.13,2.02,40.75,25.87
81.57,0,,69.57,25.91,1,0,69.75,-3.27,1.97,40.56,25.78
81.63,0,,69.58,25.85,1,0,69.23,-3.34,1.78,40.30,25.90
81.75,0,,69.52,25.85,1,0,69.66,-3.45,1.65,40.06,25.92
81.84,0,,69.44,25.86,1,0,69.06,-3.53,1.71,40.04,25.78
81.93,0,,69.36,25.84,1,0,69.54,-3.44,1.82,40.24,25.76
82.08,0,,69.36,25.80,1,0,69.42,-3.42,1.79,40.23,25.81
82.14,0,,69.38,25.78,1,0,69.21,-3.50,1.75,40.11,25.77
82.23,0,,69.43,25.80,1,0,69.99,-3.22,1.82,40.46,25.98
82.35,0,,69.58,25.91,1,0,69.58,-2.61,2.12,41.37,26.29
82.44,0,,69.63,26.08,1,0,69.20,-2.41,2.45,41.90,26.16
82.59,0,,69.43,26.18,1,0,68.93,-2.55,2.33,41.64,26.14
82.65,0,,69.25,26.20,1,0,69.69,-2.62,2.16,41.40,26.24
82.74,0,,69.28,26.20,1,0,69.28,-2.63,2.19,41.42,26.20
82.83,0,,69.41,26.21,1,0,69.85,-2.63,2.16,41.39,26.23
82.98,0,,69.53,26.21,1,0,69.30,-2.73,2.10,41.23,26.19
83.07,0,,69.54,26.20,1,0,69.47,-2.69,2.10,41.27,26.23
83.13,0,,69.53,26.21,1,0,69.83,-2.59,2.14,41.41,26.29
83.25,0,,69.62,26.25,1,0,69.72,-2.60,2.10,41.36,26.32
83.34,0,,69.69,26.28,0,1,69.56,-2.70,2.04,41.20,26.28
83.43,0,,69.59,26.29,0,2,69.03,-2.67,2.08,41.27,26.27
83.58,0,,69.42,26.30,1,0,69.66,-2.48,2.13,41.51,26.41
83.64,0,,69.39,26.35,1,0,69.45,-2.43,2.10,41.53,26.49
83.73,0,,69.49,26.42,1,0,69.87,-2.46,2.05,41.45,26.51
83.85,0,,69.64,26.49,1,0,69.70,-2.42,2.05,41.49,26.55
83.97,0,,69.74,26.54,1,0,69.71,-2.30,2.10,41.66,26.62
84.03,0,,69.72,26.58,1,0,69.44,-2.33,2.09,41.62,26.60
84.15,0,,69.60,26.59,1,0,69.43,-2.42,2.05,41.49,26.55
84.24,0,,69.51,26.58,1,0,69.65,-2.32,2.09,41.63,26.61
84.33,0,,69.51,26.59,1,0,69.52,-2.22,2.13,41.77,26.67
84.45,0,,69.56,26.62,1,0,69.68,-2.30,2.09,41.65,26.63
84.57,0,,69.58,26.62,0,1,69.44,-2.41,2.09,41.54,26.52
84.63,0,,69.61,26.58,1,0,69.98,-2.38,2.10,41.58,26.54
84.75,0,,69.75,26.55,0,1,69.99,-2.30,2.13,41.69,26.59
84.84,0,,69.90,26.55,0,1,69.94,-2.30,2.14,41.70,26.58
84.93,0,,69.92,26.55,0,1,69.53,-2.36,2.18,41.68,26.48
85.08,0,,69.78,26.52,0,1,69.62,-2.28,2.31,41.89,26.43
85.14,0,,69.64,26.48,0,1,69.53,-2.05,2.41,42.22,26.56
85.23,0,,69.56,26.48,0,1,69.56,-2.07,2.48,42.27,26.47
85.35,0,,69.48,26.43,0,1,69.13,-2.34,2.58,42.10,26.10
85.44,0,,69.38,26.29,2,-1,69.53,-2.43,2.47,41.90,26.12
85.53,0,,69.37,26.19,4,-2,69.44,-2.28,2.36,41.94,26.38
85.65,0,,69.38,26.21,4,-2,69.16,-2.19,2.58,42.25,26.25
85.74,0,,69.30,26.23,4,-2,69.18,-2.26,2.67,42.27,26.09
85.83,0,,69.22,26.20,4,-2,69.17,-2.22,2.57,42.21,26.23
85.95,0,,69.22,26.17,4,-2,69.54,-2.19,2.66,42.33,26.17
86.07,0,,69.34,26.16,4,-2,69.56,-2.33,2.62,42.15,26.07
86.16,0,,69.52,26.11,2,-1,69.80,-2.44,2.53,41.95,26.05
86.25,0,,69.59,26.06,2,-1,69.13,-2.48,2.60,41.98,25.94
86.34,0,,69.51,26.00,2,-1,69.54,-2.43,2.57,42.00,26.02
86.43,0,,69.50,25.99,0,1,69.93,-2.40,2.57,42.03,26.05
86.58,0,,69.63,26.00,0,2,69.63,-2.44,2.60,42.02,25.98
86.64,0,,69.66,25.99,0,2,69.29,-2.49,2.60,41.97,25.93
86.73,0,,69.51,25.95,0,2,69.19,-2.50,2.67,42.03,25.85
86.85,0,,69.31,25.89,0,1,69.18,-2.53,2.70,42.03,25.79
86.94,0,,69.17,25.83,2,-1,68.99,-2.55,2.61,41.92,25.86
87.03,0,,69.14,25.82,2,-1,69.58,-2.54,2.62,41.94,25.86
87.15,0,,69.22,25.84,2,-1,69.07,-2.48,2.67,42.05,25.87
87.24,0,,69.21,25.85,4,-2,68.89,-2.52,2.68,42.02,25.82
87.33,0,,69.07,25.82,4,-2,68.90,-2.63,2.70,41.93,25.69
87.45,0,,68.93,25.77,4,-2,68.84,-2.63,2.65,41.88,25.74
87.57,0,,68.96,25.75,4,-2,69.62,-2.54,2.62,41.94,25.86
87.63,0,,69.16,25.77,4,-2,69.29,-2.55,2.67,41.98,25.80
87.75,0,,69.34,25.78,2,-1,69.40,-2.64,2.72,41.94,25.66
87.84,0,,69.34,25.74,2,-1,68.89,-2.59,2.71,41.98,25.72
87.93,0,,69.23,25.73,0,1,69.34,-2.45,2.69,42.10,25.88
88.08,0,,69.22,25.79,0,1,69.47,-2.42,2.69,42.13,25.91
88.14,0,,69.18,25.84,0,1,68.36,-2.52,2.71,42.05,25.79
88.23,0,,68.98,25.83,0,1,69.08,-2.60,2.75,42.01,25.67
88.35,0,,68.88,25.77,1,0,69.06,-2.50,2.74,42.10,25.78
88.44,0,,68.95,25.75,2,-1,69.03,-2.43,2.73,42.16,25.86
88.53,0,,69.00,25.78,2,-1,68.90,-2.51,2.72,42.07,25.79
88.65,0,,69.02,25.81,2,-1,69.24,-2.52,2.67,42.01,25.83
88.74,0,,69.08,25.83,2,-1,69.08,-2.47,2.66,42.05,25.89
88.83,0,,69.16,25.85,2,-1,69.43,-2.46,2.69,42.09,25.87
88.95,0,,69.26,25.86,2,-1,69.28,-2.46,2.72,42.12,25.84
89.07,0,,69.32,25.86,1,0,69.25,-2.43,2.69,42.12,25.90
89.13,0,,69.27,25.88,0,1,69.01,-2.41,2.68,42.13,25.93
89.25,0,,69.18,25.90,0,1,69.21,-2.38,2.73,42.21,25.91
89.34,0,,69.15,25.92,1,0,69.27,-2.33,2.71,42.24,25.98
89.43,0,,69.21,25.94,0,1,69.38,-2.37,2.71,42.20,25.94
89.58,0,,69.27,25.95,0,1,69.13,-2.35,2.73,42.24,25.94
89.64,0,,69.26,25.96,0,1,69.24,-2.25,2.71,42.32,26.06
89.73,0,,69.21,25.99,1,0,69.07,-2.30,2.71,42.27,26.01
89.85,0,,69.13,26.01,1,0,68.96,-2.33,2.71,42.24,25.98
89.94,0,,68.97,26.01,0,1,68.48,-2.20,2.74,42.40,26.08
90.03,0,,68.76,26.03,2,-1,68.66,-2.15,2.83,42.54,26.04
90.15,0,,68.72,26.06,4,-2,69.37,-2.07,2.77,42.56,26.18
90.24,0,,68.98,26.12,4,-2,69.60,-2.03,2.73,42.56,26.26
90.33,0,,69.31,26.19,2,-1,69.30,-2.06,2.77,42.57,26.19
90.48,0,,69.33,26.23,1,0,68.55,-1.96,2.73,42.63,26.33
90.57,0,,69.11,26.28,1,0,69.17,-1.92,2.71,42.65,26.39
90.63,0,,69.01,26.35,1,0,69.27,-1.88,2.65,42.63,26.49
90.75,0,,69.08,26.44,1,0,69.02,-1.86,2.61,42.61,26.55
90.84,0,,69.03,26.50,0,1,68.54,-1.86,2.71,42.71,26.45
90.93,0,,68.88,26.51,0,1,68.92,-1.76,2.72,42.82,26.54
91.11,0,,68.86,26.53,2,-1,69.31,-1.70,2.66,42.82,26.66
91.14,0,,69.00,26.59,2,-1,69.00,-1.69,2.65,42.82,26.68
91.23,0,,69.13,26.65,2,-1,69.38,-1.61,2.67,42.92,26.74
91.35,0,,69.16,26.71,2,-1,68.72,-1.56,2.69,42.99,26.77
91.44,0,,69.07,26.74,1,0,69.13,-1.62,2.69,42.93,26.71
91.53,0,,69.01,26.73,2,-1,69.03,-1.64,2.70,42.92,26.68
91.65,0,,68.95,26.72,2,-1,68.48,-1.48,2.74,43.12,26.80
91.74,0,,68.81,26.75,2,-1,68.89,-1.38,2.76,43.24,26.88
91.83,0,,68.78,26.81,2,-1,69.05,-1.43,2.73,43.16,26.86
91.95,0,,68.93,26.85,2,-1,69.33,-1.44,2.73,43.15,26.85
92.07,0,,69.14,26.87,2,-1,69.27,-1.30,2.76,43.32,26.96
92.13,0,,69.28,26.92,1,0,69.35,-1.19,2.78,43.45,27.05
92.25,0,,69.32,26.97,0,1,69.14,-1.27,2.78,43.37,26.97
92.34,0,,69.19,27.00,0,2,68.54,-1.30,2.74,43.30,26.98
92.43,0,,68.95,26.99,0,1,68.99,-1.24,2.78,43.40,27.00
92.58,0,,68.87,27.00,1,0,69.14,-1.17,2.80,43.49,27.05
92.64,0,,68.97,27.02,1,0,69.14,-1.11,2.80,43.55,27.11
92.76,0,,69.12,27.06,1,0,69.39,-1.15,2.81,43.52,27.06
92.85,0,,69.22,27.07,1,0,69.01,-1.14,2.83,43.55,27.05
92.94,0,,69.17,27.07,1,0,68.93,-1.08,2.88,43.66,27.06
93.03,0,,69.02,27.07,1,0,68.73,-1.04,2.87,43.69,27.11
93.15,0,,68.86,27.09,1,0,68.79,-1.05,2.84,43.65,27.13
93.24,0,,68.78,27.11,2,-1,68.84,-1.02,2.86,43.70,27.14
93.33,0,,68.90,27.15,2,-1,69.69,-0.89,2.87,43.84,27.26
93.45,0,,69.19,27.19,1,0,69.35,-0.92,2.88,43.82,27.22
93.57,0,,69.37,27.21,1,0,69.16,-0.99,2.91,43.78,27.12
93.63,0,,69.33,27.19,1,0,69.12,-0.92,2.90,43.84,27.20
93.78,0,,69.25,27.19,1,0,69.42,-0.82,2.89,43.93,27.31
93.84,0,,69.24,27.24,0,2,69.09,-0.82,2.87,43.91,27.33
93.93,0,,69.14,27.28,0,2,68.63,-0.91,2.90,43.85,27.21
94.11,0,,68.96,27.26,0,2,69.06,-0.90,2.95,43.91,27.17
94.14,0,,68.88,27.22,0,1,68.84,-0.83,2.97,44.00,27.22
94.23,0,,68.93,27.20,1,0,69.35,-0.79,3.00,44.07,27.23
94.35,0,,69.13,27.19,1,0,69.60,-0.84,3.05,44.07,27.13
94.44,0,,69.37,27.14,1,0,69.36,-0.99,3.12,43.99,26.91
94.53,0,,69.49,27.03,1,0,69.56,-0.97,3.13,44.02,26.92
94.68,0,,69.52,26.96,1,0,69.50,-0.82,3.09,44.13,27.11
94.74,0,,69.50,26.98,0,1,69.28,-0.89,3.12,44.09,27.01
94.83,0,,69.45,26.99,0,2,69.59,-1.02,3.16,44.00,26.84
94.95,0,,69.37,26.94,0,2,68.85,-0.96,3.16,44.06,26.90
95.07,0,,69.24,26.89,0,1,69.36,-0.94,3.19,44.11,26.89
95.13,0,,69.29,26.87,0,1,70.03,-0.99,3.20,44.07,26.83
95.25,0,,69.53,26.85,1,0,69.49,-1.01,3.15,44.00,26.86
95.34,0,,69.62,26.84,1,0,69.31,-0.99,3.17,44.04,26.86
95.43,0,,69.53,26.85,0,1,69.47,-0.89,3.22,44.19,26.91
95.58,0,,69.41,26.88,0,1,69.14,-0.86,3.20,44.20,26.96
95.64,0,,69.32,26.91,1,0,69.47,-0.94,3.21,44.13,26.87
95.73,0,,69.31,26.90,1,0,69.31,-0.93,3.25,44.18,26.84
95.85,0,,69.24,26.87,1,0,68.61,-0.88,3.28,44.26,26.86
95.94,0,,69.02,26.84,2,-1,68.87,-0.89,3.30,44.27,26.83
96.03,0,,68.91,26.83,4,-2,69.36,-0.91,3.33,44.28,26.78
96.15,0,,69.06,26.80,4,-2,69.39,-0.88,3.35,44.33,26.79
96.24,0,,69.27,26.79,4,-2,69.42,-0.82,3.35,44.39,26.85
96.33,0,,69.39,26.81,1,0,69.33,-0.79,3.36,44.43,26.87
96.45,0,,69.48,26.84,1,0,69.88,-0.85,3.34,44.35,26.83
96.57,0,,69.61,26.84,1,0,69.65,-0.89,3.33,44.30,26.80
96.63,0,,69.64,26.81,0,2,69.28,-0.88,3.39,44.37,26.75
96.75,0,,69.55,26.78,0,2,69.56,-0.83,3.40,44.43,26.79
96.84,0,,69.46,26.78,0,2,69.32,-0.78,3.39,44.47,26.85
96.93,0,,69.36,26.80,0,2,69.07,-0.84,3.41,44.43,26.77
97.08,0,,69.21,26.79,0,1,69.01,-0.80,3.44,44.50,26.78
97.14,0,,69.08,26.79,2,-1,69.10,-0.74,3.46,44.58,26.82
97.23,0,,69.03,26.78,2,-1,68.99,-0.80,3.49,44.55,26.73
97.35,0,,69.06,26.76,4,-2,69.36,-0.84,3.50,44.52,26.68
97.47,0,,69.11,26.73,4,-2,68.89,-0.76,3.45,44.55,26.81
97.53,0,,69.13,26.75,4,-2,69.32,-0.68,3.48,44.66,26.86
97.65,0,,69.18,26.79,4,-2,69.31,-0.73,3.55,44.68,26.74
97.74,0,,69.29,26.78,2,-1,69.52,-0.78,3.53,44.61,26.71
97.83,0,,69.39,26.75,0,1,69.31,-0.74,3.49,44.61,26.79
97.95,0,,69.39,26.75,1,0,69.20,-0.66,3.55,44.75,26.81
98.07,0,,69.34,26.78,1,0,69.45,-0.59,3.58,44.85,26.85
98.13,0,,69.30,26.82,0,2,69.10,-0.58,3.55,44.83,26.89
98.25,0,,69.20,26.85,0,1,68.87,-0.67,3.57,44.76,26.78
98.34,0,,69.05,26.83,1,0,69.02,-0.67,3.58,44.77,26.77
98.43,0,,69.06,26.81,2,-1,69.68,-0.50,3.57,44.93,26.95
98.58,0,,69.20,26.85,2,-1,68.93,-0.54,3.61,44.93,26.87
98.64,0,,69.19,26.86,2,-1,68.85,-0.68,3.64,44.82,26.70
98.73,0,,69.09,26.80,2,-1,69.43,-0.61,3.65,44.90,26.76
98.85,0,,69.10,26.76,2,-1,68.92,-0.52,3.67,45.01,26.83
98.94,0,,69.11,26.77,2,-1,69.21,-0.54,3.66,44.98,26.82
99.03,0,,69.14,26.79,2,-1,69.29,-0.57,3.65,44.94,26.80
99.15,0,,69.17,26.81,2,-1,68.94,-0.50,3.66,45.02,26.86
99.24,0,,69.15,26.83,1,0,69.31,-0.45,3.67,45.08,26.90
99.33,0,,69.18,26.86,1,0,69.30,-0.44,3.71,45.13,26.87
99.45,0,,69.22,26.91,2,-1,69.06,-0.34,3.56,45.08,27.12
99.57,0,,69.13,27.04,2,-1,68.63,-0.24,3.32,44.94,27.46
99.63,0,,68.97,27.25,2,-1,69.21,-0.17,3.37,45.06,27.48
99.75,0,,68.96,27.43,1,0,69.07,-0.05,3.43,45.24,27.54
99.84,0,,69.04,27.54,1,0,69.14,-0.04,3.38,45.20,27.60
99.93,0,,69.10,27.57,2,-1,69.09,-0.11,3.44,45.19,27.47
100.08,0,,69.12,27.55,2,-1,69.13,-0.02,3.45,45.29,27.55
100.14,0,,69.06,27.55,1,0,68.65,0.05,3.42,45.33,27.65
100.23,0,,68.94,27.58,1,0,68.97,0.01,3.43,45.30,27.60
100.35,0,,68.87,27.60,2,-1,68.93,0.01,3.44,45.31,27.59
100.44,0,,68.86,27.59,2,-1,68.68,0.01,3.49,45.36,27.54
100.53,0,,68.84,27.58,2,-1,69.07,0.09,3.51,45.46,27.60
100.65,0,,68.88,27.58,2,-1,68.85,0.16,3.51,45.53,27.67
100.74,0,,68.99,27.61,2,-1,69.51,0.07,3.52,45.45,27.57
100.83,0,,69.10,27.56,2,-1,68.72,-0.07,3.70,45.49,27.25
100.95,0,,69.11,27.37,2,-1,69.28,-0.19,4.04,45.71,26.79
101.07,0,,69.06,27.08,2,-1,68.80,-0.11,4.07,45.82,26.84
101.13,0,,68.93,26.89,2,-1,68.42,0.04,4.01,45.91,27.05
101.25,0,,68.74,26.88,2,-1,68.91,0.06,4.16,46.08,26.92
101.40,0,,68.76,26.94,2,-1,69.29,0.24,4.16,46.26,27.10
101.43,0,,68.99,27.04,2,-1,69.28,0.41,4.12,46.39,27.31
101.58,0,,69.22,27.18,2,-1,69.35,0.40,4.07,46.33,27.35
101.64,0,,69.34,27.32,0,1,69.31,0.41,3.96,46.23,27.47
101.73,0,,69.30,27.42,0,1,68.83,0.51,4.02,46.39,27.51
101.85,0,,69.16,27.50,0,1,69.25,0.60,4.04,46.50,27.58
101.94,0,,69.04,27.54,0,1,68.70,0.44,3.98,46.28,27.48
102.03,0,,68.96,27.49,0,1,69.14,0.24,4.03,46.13,27.23
102.15,0,,68.95,27.38,1,0,68.98,0.32,4.10,46.28,27.24
102.24,0,,68.93,27.28,1,0,68.55,0.41,4.06,46.33,27.37
102.33,0,,68.85,27.28,1,0,69.08,0.44,4.08,46.38,27.38
102.45,0,,68.78,27.33,4,-2,68.30,0.48,4.10,46.44,27.40
102.57,0,,68.74,27.37,4,-2,69.33,0.43,4.09,46.38,27.36
102.63,0,,68.88,27.39,4,-2,69.14,0.52,4.15,46.53,27.39
102.75,0,,69.06,27.40,2,-1,69.01,0.65,4.14,46.65,27.53
102.84,0,,69.06,27.44,1,0,68.67,0.53,4.15,46.54,27.40
102.93,0,,68.89,27.43,1,0,68.58,0.47,4.16,46.49,27.33
103.08,0,,68.85,27.44,1,0,69.78,0.68,3.92,46.46,27.78
103.14,0,,69.10,27.63,1,0,69.22,0.97,3.65,46.48,28.34
103.26,0,,69.36,27.97,0,2,69.64,1.00,3.73,46.59,28.29
103.35,0,,69.37,28.21,0,2,68.49,0.91,3.85,46.62,28.08
103.44,0,,69.15,28.24,0,2,69.16,0.94,3.85,46.65,28.11
103.53,0,,69.00,28.18,0,1,69.11,0.96,3.82,46.64,28.16
103.65,0,,69.02,28.14,0,1,69.07,0.97,3.84,46.67,28.15
103.74,0,,69.02,28.12,1,0,68.77,0.99,3.99,46.84,28.02
103.83,0,,69.01,28.09,1,0,69.44,1.01,3.93,46.80,28.10
103.95,0,,69.12,28.09,0,1,69.21,1.10,3.89,46.85,28.23
104.07,0,,69.21,28.14,0,1,69.08,1.15,3.98,46.99,28.19
104.13,0,,69.22,28.19,0,1,69.40,1.14,3.90,46.90,28.26
104.25,0,,69.26,28.24,0,1,69.27,1.11,3.83,46.80,28.30
104.34,0,,69.26,28.27,0,1,69.05,1.11,3.87,46.84,28.26
104.43,0,,69.22,28.29,0,1,69.37,1.19,3.84,46.89,28.37
104.58,0,,69.28,28.31,0,1,69.63,1.07,3.82,46.75,28.27
104.64,0,,69.35,28.29,0,1,68.88,0.96,3.84,46.66,28.14
104.73,0,,69.24,28.24,0,1,69.07,1.11,3.83,46.80,28.30
104.85,0,,69.14,28.25,0,1,69.34,1.28,3.86,47.00,28.44
104.94,0,,69.23,28.35,0,1,69.77,1.42,3.90,47.18,28.54
105.09,0,,69.45,28.47,0,1,69.50,1.53,3.91,47.30,28.64
105.15,0,,69.52,28.57,0,1,69.07,1.60,4.00,47.46,28.62
105.24,0,,69.35,28.63,0,1,69.03,1.68,4.05,47.59,28.65
105.33,0,,69.13,28.66,0,1,68.91,1.72,3.97,47.55,28.77
105.45,0,,68.95,28.70,2,-1,68.80,1.58,3.91,47.35,28.69
105.57,0,,68.94,28.69,2,-1,69.58,1.36,3.88,47.10,28.50
105.63,0,,69.21,28.63,2,-1,69.84,1.40,3.78,47.04,28.64
105.75,0,,69.52,28.64,0,1,69.44,1.93,4.01,47.80,28.94
105.84,0,,69.60,28.75,0,1,69.32,2.36,4.51,48.73,28.87
105.93,0,,69.47,28.82,0,1,69.20,1.92,4.29,48.07,28.65
106.08,0,,69.34,28.75,0,1,69.38,1.08,3.65,46.59,28.45
106.14,0,,69.30,28.58,0,1,69.39,0.56,3.29,45.71,28.29
106.23,0,,69.29,28.39,0,1,69.07,0.39,3.18,45.43,28.23
106.35,0,,69.21,28.22,0,1,69.04,0.19,3.24,45.29,27.97
106.44,0,,69.11,28.04,1,0,69.10,-0.14,3.20,44.92,27.68
106.59,0,,69.03,27.83,1,0,68.77,-0.22,3.17,44.81,27.63
106.65,0,,69.00,27.67,4,-2,69.41,-0.35,3.08,44.59,27.59
106.74,0,,69.11,27.59,4,-2,69.33,-0.63,2.76,43.99,27.63
106.83,0,,69.28,27.59,2,-1,69.39,-0.80,2.55,43.61,27.67
106.95,0,,69.39,27.61,1,0,69.53,-1.00,2.44,43.30,27.58
107.07,0,,69.40,27.64,1,0,68.94,-0.81,2.43,43.48,27.78
107.13,0,,69.33,27.75,1,0,69.65,-0.28,2.50,44.08,28.24
107.25,0,,69.32,27.98,1,0,69.17,-0.28,2.49,44.07,28.25
107.34,0,,69.34,28.12,1,0,69.46,-0.76,2.44,43.54,27.82
107.43,0,,69.31,28.06,0,2,69.01,-0.82,2.35,43.39,27.85
107.58,0,,69.24,27.95,0,1,69.26,-0.50,2.49,43.85,28.03
107.64,0,,69.19,27.94,1,0,69.19,-0.21,2.71,44.36,28.10
107.73,0,,69.20,28.05,2,-1,69.32,0.03,2.66,44.55,28.39
107.85,0,,69.23,28.19,1,0,69.20,-0.14,2.68,44.40,28.20
107.94,0,,69.19,28.21,1,0,68.80,-0.53,2.66,43.99,27.83
108.09,0,,69.09,28.07,1,0,69.31,-0.70,2.43,43.59,27.89
108.15,0,,69.11,27.94,2,-1,69.29,-0.62,2.39,43.63,28.01
108.24,0,,69.23,27.95,2,-1,69.45,-0.25,2.57,44.18,28.20
108.33,0,,69.43,28.09,1,0,69.96,0.21,2.73,44.80,28.50
108.45,0,,69.66,28.29,1,0,69.72,0.16,2.74,44.76,28.44
108.57,0,,69.83,28.40,0,2,70.06,-0.11,2.68,44.43,28.23
108.63,0,,69.92,28.39,0,2,69.85,0.10,2.68,44.64,28.44
108.75,0,,69.91,28.41,0,2,69.63,0.43,2.79,45.08,28.66
108.84,0,,69.84,28.52,0,2,70.01,0.48,2.86,45.20,28.64
108.93,0,,69.84,28.60,0,2,69.85,0.24,2.71,44.81,28.55
109.08,0,,69.89,28.58,0,2,70.05,-0.20,2.48,44.14,28.34
109.14,0,,69.91,28.47,0,2,69.59,-0.43,2.33,43.76,28.26
109.23,0,,69.82,28.36,0,1,69.67,-0.40,2.20,43.66,28.42
109.35,0,,69.70,28.37,0,2,69.66,-0.19,2.20,43.87,28.63
109.44,0,,69.70,28.53,2,-1,70.08,0.31,2.31,44.48,29.02
109.59,0,,69.83,28.79,2,-1,69.94,0.42,2.30,44.58,29.14
109.65,0,,70.00,29.01,1,0,70.41,0.18,2.16,44.20,29.04
109.74,0,,70.09,29.12,0,1,69.56,0.21,2.04,44.11,29.19
109.83,0,,69.96,29.11,0,1,69.70,-0.47,1.76,43.15,28.79
109.95,0,,69.85,28.93,0,1,70.27,-1.41,1.26,41.71,28.35
110.07,0,,69.93,28.68,0,1,70.00,-1.08,1.25,42.03,28.69
110.13,0,,70.07,28.57,0,1,70.39,-0.68,1.63,42.81,28.71
110.25,0,,70.14,28.60,0,1,69.70,-0.57,1.83,43.12,28.62
110.34,0,,70.13,28.66,0,2,70.55,-0.11,2.07,43.82,28.84
110.43,0,,70.17,28.76,0,1,70.06,0.17,2.17,44.20,29.02
110.58,0,,70.20,28.92,0,1,70.11,0.51,2.31,44.68,29.22
110.64,0,,70.21,29.08,0,1,70.59,0.60,2.49,44.95,29.13
110.73,0,,70.28,29.15,0,1,70.09,0.34,2.31,44.51,29.05
110.85,0,,70.26,29.12,0,1,70.00,0.20,2.21,44.27,29.01
110.97,0,,70.17,29.04,0,1,70.37,0.06,2.18,44.10,28.90
111.09,0,,70.17,28.97,0,1,70.10,0.05,2.07,43.98,29.00
111.15,0,,70.14,28.93,0,1,69.91,-0.17,2.04,43.73,28.81
111.24,0,,69.99,28.83,2,-1,69.54,-0.56,2.01,43.31,28.45
111.33,0,,69.79,28.63,2,-1,69.74,-0.72,2.01,43.15,28.29
111.45,0,,69.70,28.42,4,-2,69.85,-0.68,2.00,43.18,28.34
111.57,0,,69.79,28.33,4,-2,70.27,-0.70,1.88,43.04,28.44
111.63,0,,69.96,28.36,4,-2,69.88,-0.59,1.89,43.16,28.54
111.75,0,,70.00,28.48,4,-2,69.75,-0.18,2.08,43.76,28.76
111.84,0,,69.94,28.64,2,-1,70.10,-0.13,2.00,43.73,28.89
111.93,0,,70.04,28.82,2,-1,70.66,-0.11,1.87,43.62,29.04
112.08,0,,70.18,28.96,1,0,69.66,0.21,2.15,44.22,29.08
112.14,0,,70.20,29.04,0,2,70.54,0.15,2.21,44.22,28.96
112.23,0,,70.18,29.09,0,2,69.94,0.52,2.20,44.58,29.34
112.35,0,,70.14,29.21,0,2,70.02,1.00,2.49,45.35,29.53
112.44,0,,70.11,29.35,0,1,70.41,0.55,2.28,44.69,29.29
112.59,0,,70.21,29.38,0,1,70.40,0.33,2.10,44.29,29.25
112.65,0,,70.33,29.32,0,1,70.32,0.48,2.24,44.58,29.26
112.74,0,,70.30,29.29,0,1,69.85,0.64,2.22,44.72,29.44
112.83,0,,70.14,29.34,0,1,70.02,0.94,2.49,45.29,29.47
112.95,0,,70.04,29.43,1,0,70.23,0.96,2.42,45.24,29.56
113.07,0,,70.12,29.55,1,0,70.53,0.84,1.99,44.69,29.87
113.13,0,,70.30,29.72,1,0,70.39,0.95,2.02,44.83,29.95
113.25,0,,70.45,29.89,0,1,70.65,1.02,1.98,44.86,30.06
113.34,0,,70.46,30.01,0,1,69.87,1.34,2.35,45.55,30.01
113.43,0,,70.33,30.06,0,1,70.45,2.09,2.96,46.91,30.15
113.58,0,,70.23,30.15,0,1,70.09,2.18,2.69,46.73,30.51
113.64,0,,70.18,30.31,0,1,70.10,1.99,2.54,46.39,30.47
113.73,0,,70.14,30.41,0,1,70.27,1.89,2.64,46.39,30.27
113.85,0,,70.17,30.38,0,1,70.21,1.64,2.48,45.98,30.18
113.97,0,,70.23,30.27,0,1,70.42,1.66,2.53,46.05,30.15
114.09,0,,70.26,30.19,1,0,69.95,1.69,2.51,46.06,30.20
114.15,0,,70.25,30.17,1,0,70.56,1.65,2.43,45.94,30.24
114.24,0,,70.27,30.19,1,0,70.13,1.67,2.44,45.97,30.25
114.33,0,,70.31,30.23,1,0,70.50,1.65,2.40,45.91,30.27
114.45,0,,70.32,30.26,0,1,70.12,1.75,2.46,46.07,30.31
114.57,0,,70.31,30.30,0,1,70.41,1.95,2.56,46.37,30.41
114.63,0,,70.29,30.34,0,1,70.19,1.83,2.56,46.25,30.29
114.75,0,,70.29,30.33,0,1,70.38,1.68,2.45,45.99,30.25
114.84,0,,70.29,30.31,1,0,70.26,1.83,2.46,46.15,30.39
114.93,0,,70.30,30.32,1,0,70.33,1.91,2.56,46.33,30.37
115.08,0,,70.19,30.34,1,0,69.44,1.90,2.62,46.38,30.30
115.14,0,,69.96,30.34,1,0,70.05,1.93,2.60,46.39,30.35
115.23,0,,69.98,30.38,2,-1,70.91,2.10,2.46,46.42,30.66
115.35,0,,70.30,30.54,2,-1,70.51,2.35,2.39,46.60,30.98
115.44,0,,70.52,30.76,1,0,70.24,2.28,2.41,46.55,30.89
115.59,0,,70.48,30.88,1,0,70.36,2.23,2.46,46.55,30.79
115.65,0,,70.31,30.89,1,0,69.78,2.42,2.55,46.83,30.89
115.74,0,,70.24,30.90,1,0,71.09,2.67,2.63,47.16,31.06
115.83,0,,70.36,30.99,1,0,70.07,2.97,2.68,47.51,31.31
115.95,0,,70.39,31.14,1,0,70.19,2.99,2.77,47.62,31.24
116.07,0,,70.24,31.23,0,1,69.88,2.95,2.81,47.62,31.16
116.13,0,,70.07,31.25,1,0,70.03,3.12,2.80,47.78,31.34
116.25,0,,70.05,31.29,1,0,70.57,3.27,2.87,48.00,31.42
116.34,0,,70.15,31.35,2,-1,69.87,3.29,2.89,48.04,31.42
116.43,0,,70.10,31.36,2,-1,69.68,3.13,3.04,48.03,31.11
116.58,0,,69.95,31.21,2,-1,70.15,2.97,3.39,48.22,30.60
116.64,0,,69.92,30.92,4,-2,69.93,3.10,3.42,48.38,30.70
116.73,0,,69.90,30.74,4,-2,69.52,3.24,3.34,48.44,30.92
116.85,0,,69.79,30.74,4,-2,69.85,3.21,3.40,48.47,30.83
116.94,0,,69.77,30.82,4,-2,69.98,3.33,3.34,48.53,31.01
117.09,0,,69.82,30.96,4,-2,69.67,3.60,3.27,48.73,31.35
117.15,0,,69.77,31.18,4,-2,69.46,3.70,3.21,48.77,31.51
117.24,0,,69.66,31.39,2,-1,69.74,3.66,3.17,48.69,31.51
117.33,0,,69.68,31.51,2,-1,70.07,3.68,3.15,48.69,31.55
117.45,0,,69.71,31.56,2,-1,69.00,3.67,3.14,48.67,31.55
117.57,0,,69.64,31.56,4,-2,70.22,3.66,3.22,48.74,31.46
117.63,0,,69.69,31.53,4,-2,69.62,3.73,3.15,48.74,31.60
117.75,0,,69.80,31.53,2,-1,70.06,3.64,3.18,48.68,31.48
117.84,0,,69.96,31.48,1,0,70.45,3.60,3.39,48.85,31.23
117.93,0,,70.13,31.39,0,1,69.86,3.77,3.35,48.98,31.44
118.08,0,,70.19,31.38,0,2,70.47,3.84,3.32,49.02,31.54
118.17,0,,70.19,31.43,0,2,69.84,3.79,3.38,49.03,31.43
118.23,0,,70.09,31.45,0,2,69.87,3.76,3.38,49.00,31.40
118.35,0,,69.99,31.44,0,2,70.18,3.80,3.35,49.01,31.47
118.44,0,,70.06,31.46,0,2,70.54,3.94,3.34,49.14,31.62
118.59,0,,70.24,31.53,0,2,70.21,3.98,3.39,49.23,31.61
118.65,0,,70.28,31.57,0,1,69.91,3.88,3.41,49.15,31.49
118.74,0,,70.08,31.56,0,1,69.51,3.92,3.40,49.18,31.54
118.83,0,,69.84,31.55,0,1,69.96,4.04,3.44,49.34,31.62
118.95,0,,69.75,31.57,4,-2,69.80,4.11,3.45,49.42,31.68
119.07,0,,69.82,31.62,4,-2,70.14,3.99,3.40,49.25,31.61
119.13,0,,69.88,31.62,2,-1,69.54,3.87,3.39,49.12,31.50
119.25,0,,69.87,31.57,2,-1,70.08,3.95,3.40,49.21,31.57
119.34,0,,69.88,31.55,4,-2,69.89,3.89,3.34,49.09,31.57
119.43,0,,70.03,31.54,4,-2,70.77,3.87,3.39,49.12,31.50
119.58,0,,70.29,31.53,1,0,70.39,3.97,3.44,49.27,31.55
119.64,0,,70.44,31.54,1,0,70.19,4.08,3.46,49.40,31.64
119.73,0,,70.32,31.59,0,2,69.78,4.25,3.56,49.67,31.71
119.85,0,,70.07,31.64,0,2,69.90,4.13,3.55,49.54,31.60
119.94,0,,69.94,31.63,0,2,70.22,3.97,3.49,49.32,31.50
120.09,0,,69.99,31.58,0,1,70.02,4.08,3.49,49.43,31.61
120.15,0,,70.03,31.58,0,1,69.96,4.15,3.50,49.51,31.67
120.24,0,,70.06,31.60,2,-1,70.32,4.01,3.42,49.29,31.61
120.33,0,,70.07,31.59,1,0,69.67,3.68,3.31,48.85,31.39
120.45,0,,69.94,31.47,1,0,69.61,3.40,3.29,48.55,31.13
120.57,0,,69.79,31.29,4,-2,69.99,3.32,3.21,48.39,31.13
120.63,0,,69.84,31.16,4,-2,70.24,3.25,3.09,48.20,31.18
120.75,0,,70.01,31.10,2,-1,70.10,2.95,3.02,47.83,30.95
120.84,0,,70.07,30.99,1,0,69.68,2.55,2.94,47.35,30.63
120.93,0,,69.94,30.78,1,0,69.71,2.28,2.86,47.00,30.44
121.08,0,,69.83,30.55,2,-1,70.09,2.03,2.77,46.66,30.28
121.14,0,,69.77,30.34,1,0,69.18,1.73,2.65,46.24,30.10
121.23,0,,69.66,30.17,1,0,69.93,1.57,2.57,46.00,30.02
121.35,0,,69.65,30.09,2,-1,69.73,1.91,2.60,46.37,30.33
121.44,0,,69.75,30.22,1,0,70.04,2.45,2.63,46.94,30.84
121.59,0,,69.82,30.53,1,0,69.48,2.47,2.54,46.87,30.95
121.65,0,,69.83,30.80,2,-1,70.22,2.26,2.46,46.58,30.82
121.74,0,,69.94,30.91,2,-1,70.21,2.52,2.60,46.98,30.94
121.83,0,,70.13,30.94,2,-1,70.32,2.75,2.83,47.44,30.94
121.95,0,,70.20,30.93,0,2,69.80,2.67,2.89,47.42,30.80
122.07,0,,70.13,30.90,0,2,70.19,2.90,2.88,47.64,31.04
122.13,0,,70.08,30.95,0,2,70.15,3.18,3.02,48.06,31.18
122.25,0,,70.10,31.05,0,2,70.05,3.27,3.20,48.33,31.09
122.34,0,,70.08,31.11,0,2,69.94,3.39,3.25,48.50,31.16
122.43,0,,70.04,31.14,0,1,70.16,3.35,3.24,48.45,31.13
122.58,0,,70.03,31.13,0,1,69.92,3.18,3.17,48.21,31.03
122.64,0,,70.05,31.07,1,0,70.26,2.92,3.04,47.82,30.90
122.73,0,,70.08,30.96,1,0,70.02,2.73,2.95,47.54,30.80
122.85,0,,70.05,30.84,1,0,69.70,2.50,2.84,47.20,30.68
122.94,0,,69.91,30.70,2,-1,69.74,2.13,2.75,46.74,30.40
123.09,0,,69.71,30.52,2,-1,69.26,1.89,2.67,46.42,30.24
123.15,0,,69.53,30.35,4,-2,69.60,1.92,2.67,46.45,30.27
123.24,0,,69.43,30.28,4,-2,69.24,2.23,2.76,46.85,30.49
123.33,0,,69.35,30.39,4,-2,69.25,2.52,2.68,47.06,30.86
123.45,0,,69.33,30.63,4,-2,69.69,2.47,2.56,46.89,30.93
123.57,0,,69.43,30.82,4,-2,69.48,2.29,2.54,46.69,30.77
123.66,0,,69.50,30.85,4,-2,69.39,2.39,2.72,46.97,30.69
123.84,0,,69.48,30.80,4,-2,69.48,2.94,3.10,47.90,30.86
123.84,0,,69.47,30.83,4,-2,69.55,3.37,3.23,48.46,31.16
123.93,0,,69.50,30.94,4,-2,69.55,3.06,3.11,48.03,30.97
124.08,0,,69.56,30.97,0,1,69.77,2.76,3.06,47.68,30.72
124.14,0,,69.70,30.90,0,1,70.12,2.75,2.94,47.55,30.83
124.23,0,,69.86,30.82,0,2,69.71,2.49,2.71,47.06,30.80
124.35,0,,69.88,30.82,0,2,69.73,2.52,2.55,46.93,30.99
124.44,0,,69.74,30.91,0,2,69.23,3.06,2.85,47.77,31.23
124.59,0,,69.53,31.12,0,1,69.41,3.81,3.28,48.95,31.55
124.65,0,,69.43,31.37,0,1,69.74,3.74,3.08,48.68,31.68
124.74,0,,69.48,31.49,1,0,69.42,2.84,2.85,47.55,31.01
124.83,0,,69.49,31.30,2,-1,69.29,2.38,2.87,47.11,30.53
124.95,0,,69.42,30.91,2,-1,69.40,2.41,2.81,47.08,30.62
125.07,0,,69.41,30.67,4,-2,69.64,2.83,2.98,47.67,30.87
125.13,0,,69.52,30.68,4,-2,69.82,2.94,3.06,47.86,30.90
125.25,0,,69.65,30.76,2,-1,69.57,2.62,3.01,47.49,30.63
125.37,0,,69.63,30.72,1,0,69.21,2.48,3.06,47.40,30.44
125.43,0,,69.43,30.58,0,1,69.07,2.27,2.89,47.02,30.40
125.61,0,,69.28,30.44,1,0,69.66,2.10,2.81,46.77,30.31
125.64,0,,69.31,30.32,1,0,69.27,1.91,2.76,46.53,30.17
125.73,0,,69.31,30.20,2,-1,69.00,1.60,2.66,46.12,29.96
125.85,0,,69.24,30.06,1,0,69.42,1.48,2.62,45.96,29.88
125.94,0,,69.22,29.93,1,0,69.15,1.41,2.55,45.82,29.88
126.09,0,,69.17,29.85,2,-1,68.77,1.28,2.54,45.68,29.76
126.15,0,,69.06,29.79,2,-1,69.30,1.17,2.49,45.52,29.70
126.24,0,,69.08,29.72,2,-1,69.21,1.10,2.49,45.45,29.63
126.33,0,,69.17,29.66,2,-1,69.29,1.17,2.56,45.59,29.63
126.45,0,,69.24,29.64,2,-1,69.25,1.26,2.52,45.64,29.76
126.57,0,,69.24,29.66,2,-1,69.04,1.14,2.54,45.54,29.62
126.63,0,,69.19,29.64,2,-1,69.24,1.05,2.55,45.46,29.52
126.75,0,,69.17,29.60,2,-1,69.21,1.08,2.47,45.41,29.63
126.84,0,,69.21,29.58,2,-1,69.41,1.06,2.50,45.42,29.58
126.93,0,,69.28,29.56,0,1,69.25,1.02,2.54,45.42,29.50
127.08,0,,69.28,29.52,0,1,69.04,0.87,2.49,45.22,29.40
127.14,0,,69.16,29.44,0,1,68.89,0.73,2.49,45.08,29.26
127.23,0,,69.06,29.35,2,-1,69.30,0.85,2.48,45.19,29.39
127.35,0,,69.14,29.34,2,-1,69.56,0.91,2.48,45.25,29.45
127.44,0,,69.28,29.37,2,-1,69.09,0.81,2.47,45.14,29.36
127.59,0,,69.27,29.39,2,-1,69.03,0.78,2.40,45.04,29.40
127.65,0,,69.12,29.39,2,-1,68.79,0.75,2.40,45.01,29.37
127.74,0,,68.99,29.37,2,-1,69.17,0.71,2.41,44.98,29.32
127.83,0,,69.03,29.35,2,-1,69.43,0.70,2.37,44.93,29.35
127.95,0,,69.23,29.33,2,-1,69.54,0.64,2.35,44.85,29.31
128.07,0,,69.34,29.31,1,0,68.85,0.57,2.33,44.76,29.26
128.13,0,,69.32,29.29,1,0,69.69,0.65,2.36,44.87,29.31
128.25,0,,69.36,29.30,1,0,69.44,0.82,2.40,45.08,29.44
128.34,0,,69.34,29.36,0,1,68.65,0.82,2.40,45.08,29.44
128.43,0,,69.15,29.41,1,0,69.16,0.79,2.41,45.06,29.40
128.58,0,,69.06,29.44,1,0,69.35,0.95,2.43,45.24,29.54
128.64,0,,69.17,29.49,1,0,69.41,1.08,2.47,45.41,29.63
128.73,0,,69.37,29.58,1,0,69.81,1.18,2.47,45.51,29.73
128.85,0,,69.51,29.66,1,0,69.07,1.15,2.45,45.46,29.72
128.94,0,,69.49,29.70,1,0,69.62,1.05,2.45,45.36,29.62
129.09,0,,69.44,29.69,1,0,69.32,1.17,2.45,45.48,29.74
129.15,0,,69.42,29.70,1,0,69.47,1.25,2.50,45.61,29.77
129.27,0,,69.42,29.73,0,1,69.49,1.21,2.48,45.55,29.75
129.33,0,,69.39,29.76,0,1,68.96,1.20,2.40,45.46,29.82
129.45,0,,69.33,29.78,0,1,69.74,1.18,2.41,45.45,29.79
129.57,0,,69.37,29.80,0,1,69.31,1.23,2.42,45.51,29.83
129.63,0,,69.39,29.82,0,1,69.23,1.30,2.44,45.60,29.88
129.75,0,,69.39,29.84,0,1,69.71,1.27,2.46,45.59,29.83
129.84,0,,69.47,29.84,0,1,69.51,1.25,2.44,45.55,29.83
129.93,0,,69.55,29.85,0,1,69.63,1.34,2.40,45.60,29.96
130.08,0,,69.53,29.89,0,1,69.05,1.40,2.46,45.72,29.96
130.14,0,,69.42,29.92,0,1,69.60,1.36,2.48,45.70,29.90
130.23,0,,69.39,29.94,0,1,69.42,1.36,2.40,45.62,29.98
130.35,0,,69.38,29.95,1,0,69.10,1.38,2.41,45.65,29.99
130.44,0,,69.29,29.96,0,1,69.22,1.37,2.47,45.70,29.92
130.59,0,,69.22,29.97,1,0,69.31,1.46,2.45,45.77,30.03
130.65,0,,69.24,29.99,2,-1,69.30,1.48,2.46,45.80,30.04
130.74,0,,69.30,30.01,2,-1,69.44,1.40,2.46,45.72,29.96
130.83,0,,69.36,30.00,2,-1,69.41,1.47,2.47,45.80,30.02
130.95,0,,69.43,30.02,1,0,69.56,1.61,2.49,45.96,30.14
131.07,0,,69.37,30.07,1,0,68.62,1.60,2.47,45.93,30.15
131.13,0,,69.21,30.12,1,0,69.59,1.59,2.47,45.92,30.14
131.25,0,,69.24,30.15,1,0,69.63,1.63,2.48,45.97,30.17
131.34,0,,69.41,30.16,1,0,69.35,1.63,2.52,46.01,30.13
131.43,0,,69.49,30.17,1,0,69.53,1.77,2.53,46.16,30.26
131.58,0,,69.49,30.20,0,1,69.45,1.80,2.51,46.17,30.31
131.64,0,,69.49,30.24,0,1,69.55,1.64,2.50,46.00,30.16
131.73,0,,69.49,30.23,0,1,69.40,1.66,2.46,45.98,30.22
131.85,0,,69.52,30.22,0,1,69.86,1.71,2.44,46.01,30.29
131.94,0,,69.52,30.23,0,1,68.95,1.65,2.47,45.98,30.20
132.09,0,,69.43,30.21,1,0,69.60,1.55,2.48,45.89,30.09
132.15,0,,69.42,30.16,1,0,69.70,1.50,2.42,45.78,30.10
132.24,0,,69.52,30.11,1,0,69.46,1.48,2.40,45.74,30.10
132.33,0,,69.52,30.09,1,0,69.23,1.53,2.45,45.84,30.10
132.45,0,,69.43,30.09,1,0,69.51,1.59,2.47,45.92,30.14
132.57,0,,69.41,30.11,1,0,69.48,1.64,2.51,46.01,30.15
132.63,0,,69.47,30.14,1,0,69.67,1.77,2.56,46.19,30.23
132.75,0,,69.57,30.20,0,1,69.68,1.88,2.58,46.32,30.32
132.84,0,,69.57,30.27,0,1,69.02,1.99,2.63,46.48,30.38
132.93,0,,69.48,30.35,0,1,69.93,2.06,2.64,46.56,30.44
133.08,0,,69.52,30.41,0,1,69.51,2.04,2.64,46.54,30.42
133.14,0,,69.59,30.43,0,1,69.59,2.10,2.73,46.69,30.39
133.23,0,,69.56,30.43,0,1,69.26,2.29,2.78,46.93,30.53
133.35,0,,69.46,30.48,0,1,69.42,2.41,2.74,47.01,30.69
133.44,0,,69.41,30.58,0,1,69.57,2.37,2.68,46.91,30.71
133.59,0,,69.49,30.67,0,1,69.83,2.34,2.68,46.88,30.68
133.65,0,,69.63,30.70,0,1,69.59,2.49,2.77,47.12,30.74
133.74,0,,69.66,30.73,0,1,69.49,2.61,2.84,47.31,30.79
133.83,0,,69.56,30.75,0,1,69.20,2.54,2.85,47.25,30.71
133.95,0,,69.43,30.74,1,0,69.58,2.57,2.95,47.38,30.64
134.07,0,,69.46,30.70,1,0,69.87,2.76,3.03,47.65,30.75
134.13,0,,69.67,30.72,1,0,70.03,2.87,2.98,47.71,30.91
134.25,0,,69.86,30.80,1,0,69.81,2.85,2.98,47.69,30.89
134.34,0,,69.95,30.85,0,1,70.07,2.76,3.01,47.63,30.77
134.43,0,,69.93,30.84,0,2,69.50,2.79,2.98,47.63,30.83
134.58,0,,69.75,30.82,0,2,69.35,2.84,3.03,47.73,30.83
134.64,0,,69.54,30.80,0,1,69.57,2.77,3.09,47.72,30.70
134.73,0,,69.43,30.76,0,1,69.27,2.76,3.04,47.66,30.74
134.85,0,,69.37,30.73,0,1,69.38,2.75,3.03,47.64,30.74
134.94,0,,69.37,30.72,4,-2,69.54,2.75,3.03,47.64,30.74
135.09,0,,69.41,30.74,4,-2,69.34,2.81,3.00,47.67,30.83
135.15,0,,69.40,30.78,4,-2,69.26,2.83,3.02,47.71,30.83
135.24,0,,69.33,30.81,4,-2,69.28,2.81,3.02,47.69,30.81
135.33,0,,69.32,30.82,4,-2,69.57,2.81,3.01,47.68,30.82
135.45,0,,69.35,30.82,2,-1,69.10,2.79,2.98,47.63,30.83
135.57,0,,69.33,30.83,2,-1,69.42,2.86,3.00,47.72,30.88
135.66,0,,69.38,30.84,2,-1,69.81,2.84,3.04,47.74,30.82
135.75,0,,69.55,30.83,1,0,69.68,2.74,3.01,47.61,30.75
135.84,0,,69.64,30.79,1,0,69.34,2.76,3.01,47.63,30.77
135.93,0,,69.61,30.77,0,1,69.77,2.79,2.95,47.60,30.86
136.08,0,,69.60,30.80,0,2,69.53,2.83,2.95,47.64,30.90
136.17,0,,69.53,30.82,0,1,69.09,2.68,3.07,47.61,30.63
136.23,0,,69.39,30.74,0,1,69.50,2.53,3.03,47.42,30.52
136.35,0,,69.34,30.64,0,1,69.37,2.60,2.92,47.38,30.70
136.47,0,,69.38,30.62,1,0,69.54,2.59,2.94,47.39,30.67
136.59,0,,69.41,30.63,1,0,69.19,2.56,2.95,47.37,30.63
136.65,0,,69.39,30.64,1,0,69.52,2.53,2.92,47.31,30.63
136.74,0,,69.39,30.62,2,-1,69.32,2.44,2.93,47.23,30.53
136.83,0,,69.47,30.58,2,-1,70.00,2.46,2.91,47.23,30.57
136.98,0,,69.61,30.56,1,0,69.45,2.51,2.93,47.30,30.60
137.07,0,,69.67,30.55,0,1,69.73,2.42,2.96,47.24,30.48
137.13,0,,69.61,30.52,0,1,69.14,2.33,2.89,47.08,30.46
137.25,0,,69.44,30.48,0,1,69.27,2.30,2.88,47.04,30.44
137.34,0,,69.32,30.45,1,0,69.49,2.39,2.93,47.18,30.48
137.43,0,,69.31,30.47,1,0,69.25,2.56,2.93,47.35,30.65
137.61,0,,69.33,30.53,1,0,69.37,2.47,2.99,47.32,30.50
137.64,0,,69.37,30.53,1,0,69.63,2.44,3.05,47.35,30.41
137.73,0,,69.49,30.51,1,0,69.66,2.74,3.09,47.69,30.67
137.85,0,,69.52,30.58,1,0,68.98,3.05,3.17,48.08,30.90
137.94,0,,69.35,30.74,1,0,69.09,3.21,3.27,48.34,30.96
138.09,0,,69.18,30.88,2,-1,69.32,3.20,3.31,48.37,30.91
138.15,0,,69.21,30.94,2,-1,69.51,3.23,3.30,48.39,30.95
138.24,0,,69.41,30.97,1,0,70.01,3.34,3.26,48.46,31.10
138.33,0,,69.64,31.03,1,0,69.40,3.30,3.21,48.37,31.11
138.45,0,,69.70,31.06,1,0,69.73,3.12,3.18,48.16,30.96
138.57,0,,69.73,31.04,0,1,70.07,3.03,3.07,47.96,30.98
138.63,0,,69.80,31.00,0,2,69.52,3.03,3.04,47.93,31.01
138.75,0,,69.72,30.96,0,2,69.30,3.01,3.20,48.07,30.83
138.84,0,,69.54,30.90,0,2,69.55,3.01,3.24,48.11,30.79
138.96,0,,69.50,30.84,0,2,69.82,2.92,3.06,47.84,30.88
139.08,0,,69.56,30.82,0,1,69.34,2.78,3.01,47.65,30.79
139.14,0,,69.54,30.80,0,1,69.48,2.84,3.14,47.84,30.72
139.23,0,,69.45,30.76,0,1,69.20,2.92,3.18,47.96,30.76
139.35,0,,69.38,30.75,4,-2,69.59,2.91,3.10,47.87,30.83
139.44,0,,69.44,30.78,4,-2,69.70,3.03,3.16,48.05,30.89
139.59,0,,69.55,30.83,2,-1,69.51,3.01,3.23,48.10,30.80
139.65,0,,69.57,30.81,2,-1,69.38,2.52,2.91,47.29,30.63
139.77,0,,69.55,30.74,1,0,69.78,2.26,2.63,46.75,30.65
139.83,0,,69.65,30.67,0,1,70.08,2.54,2.85,47.25,30.71
139.95,0,,69.83,30.66,0,1,69.84,2.55,2.91,47.32,30.66
140.07,0,,69.93,30.65,0,1,69.92,2.46,2.86,47.18,30.62
140.13,0,,69.86,30.65,0,2,69.29,2.62,2.95,47.43,30.69
140.25,0,,69.68,30.66,0,2,69.74,2.58,2.85,47.29,30.75
140.34,0,,69.56,30.70,0,1,69.41,2.52,2.82,47.20,30.72
140.43,0,,69.58,30.72,0,1,70.04,2.55,2.87,47.28,30.70
140.61,0,,69.64,30.72,0,1,69.30,2.53,2.79,47.18,30.76
140.64,0,,69.70,30.73,1,0,70.22,2.53,2.83,47.22,30.72
140.73,0,,69.81,30.74,0,1,69.78,2.56,2.75,47.17,30.83
140.85,0,,69.88,30.80,0,1,69.78,2.66,2.69,47.21,30.99
140.94,0,,69.87,30.89,0,1,69.98,2.75,2.80,47.41,30.97
141.09,0,,69.85,30.96,1,0,69.58,2.57,2.62,47.05,30.97
141.15,0,,69.75,30.96,0,1,69.59,2.23,2.44,46.53,30.81
141.24,0,,69.70,30.90,0,1,70.01,2.33,2.53,46.72,30.82
141.33,0,,69.75,30.86,0,1,69.70,2.49,2.53,46.88,30.98
141.45,0,,69.82,30.88,0,1,70.01,2.54,2.63,47.03,30.93
141.57,0,,69.82,30.91,0,1,69.43,2.66,2.79,47.31,30.89
141.63,0,,69.69,30.92,0,1,69.39,2.66,2.72,47.24,30.96
141.75,0,,69.54,30.95,0,1,69.68,2.86,2.72,47.44,31.16
141.84,0,,69.53,31.04,1,0,69.64,2.84,2.70,47.40,31.16
141.93,0,,69.63,31.12,1,0,69.92,2.76,2.67,47.29,31.11
142.08,0,,69.75,31.16,2,-1,69.72,2.86,2.59,47.31,31.29
142.14,0,,69.85,31.21,1,0,70.21,2.83,2.60,47.29,31.25
142.23,0,,69.93,31.24,1,0,69.60,3.30,3.12,48.28,31.20
142.35,0,,69.84,31.25,1,0,69.45,3.42,3.13,48.41,31.31
142.44,0,,69.69,31.25,1,0,69.94,3.04,2.83,47.73,31.23
142.59,0,,69.66,31.24,1,0,69.52,3.17,3.05,48.08,31.14
142.65,0,,69.68,31.21,1,0,69.86,3.27,3.01,48.14,31.28
142.74,0,,69.67,31.22,1,0,69.37,3.22,2.93,48.01,31.31
142.83,0,,69.57,31.25,1,0,69.33,3.22,3.03,48.11,31.21
142.95,0,,69.48,31.25,2,-1,69.75,3.17,2.97,48.00,31.22
143.07,0,,69.51,31.23,4,-2,69.56,3.20,2.99,48.05,31.23
143.13,0,,69.58,31.23,4,-2,69.58,3.25,3.01,48.12,31.26
143.25,0,,69.60,31.25,2,-1,69.63,3.26,2.95,48.07,31.33
143.34,0,,69.63,31.29,2,-1,69.76,3.21,2.91,47.98,31.32
143.43,0,,69.66,31.31,2,-1,69.52,3.14,2.88,47.88,31.28
143.58,0,,69.66,31.29,2,-1,69.80,3.15,2.94,47.95,31.23
143.64,0,,69.71,31.27,2,-1,69.91,3.21,2.95,48.02,31.28
143.73,0,,69.80,31.26,1,0,69.76,3.18,2.92,47.96,31.28
143.85,0,,69.86,31.25,0,2,70.06,3.10,2.95,47.91,31.17
143.94,0,,69.84,31.21,0,2,69.26,3.05,2.94,47.85,31.13
144.09,0,,69.68,31.17,0,1,69.65,3.09,2.94,47.89,31.17
144.15,0,,69.51,31.15,1,0,69.21,3.18,3.00,48.04,31.20
144.24,0,,69.41,31.15,1,0,69.54,3.03,2.99,47.88,31.06
144.33,0,,69.46,31.12,1,0,69.96,2.99,2.94,47.79,31.07
144.45,0,,69.62,31.10,1,0,69.47,3.12,2.96,47.94,31.18
144.57,0,,69.66,31.10,1,0,69.55,3.14,3.08,48.08,31.08
144.63,0,,69.60,31.11,2,-1,69.53,3.22,3.10,48.18,31.14
144.75,0,,69.58,31.11,2,-1,69.72,3.20,3.09,48.15,31.13
144.84,0,,69.60,31.11,2,-1,69.56,3.14,3.09,48.09,31.07
144.93,0,,69.59,31.12,1,0,69.42,3.27,3.07,48.20,31.22
145.08,0,,69.54,31.15,1,0,69.59,3.35,3.14,48.35,31.23
145.14,0,,69.64,31.20,1,0,70.41,3.35,3.13,48.34,31.24
145.23,0,,69.86,31.23,1,0,69.62,3.31,3.09,48.26,31.24
145.35,0,,69.91,31.23,0,1,69.70,3.27,3.17,48.30,31.12
145.44,0,,69.84,31.19,0,2,69.95,3.38,3.18,48.42,31.22
145.59,0,,69.82,31.20,0,2,69.80,3.43,3.12,48.41,31.33
145.65,0,,69.85,31.23,0,1,69.96,3.24,3.08,48.18,31.18
145.74,0,,69.85,31.22,0,2,69.65,3.10,3.02,47.98,31.10
145.83,0,,69.78,31.17,0,1,69.59,3.15,2.98,47.99,31.19
145.95,0,,69.67,31.15,0,1,69.62,3.17,3.05,48.08,31.14
146.07,0,,69.63,31.13,0,1,69.73,3.15,3.11,48.12,31.06
146.13,0,,69.63,31.11,2,-1,69.56,3.19,3.05,48.10,31.16
146.25,0,,69.63,31.11,2,-1,69.64,3.13,3.01,48.00,31.14
146.34,0,,69.64,31.12,2,-1,69.80,3.10,3.04,48.00,31.08
146.43,0,,69.67,31.13,2,-1,69.47,3.30,3.09,48.25,31.23
146.58,0,,69.68,31.16,2,-1,70.02,3.33,3.15,48.34,31.20
146.64,0,,69.76,31.18,2,-1,69.79,3.21,3.12,48.19,31.11
146.73,0,,69.80,31.16,1,0,69.55,3.20,3.06,48.12,31.16
146.85,0,,69.66,31.14,1,0,69.18,3.17,3.11,48.14,31.08
146.94,0,,69.53,31.12,1,0,70.05,3.31,3.17,48.34,31.16
147.09,0,,69.59,31.14,1,0,69.55,3.40,3.13,48.39,31.29
147.12,0,,69.65,31.19,1,0,69.55,3.26,3.12,48.24,31.16
147.24,0,,69.60,31.19,1,0,69.45,3.26,3.20,48.32,31.08
147.33,0,,69.59,31.17,2,-1,69.96,3.45,3.16,48.47,31.31
147.45,0,,69.68,31.22,2,-1,69.74,3.52,3.14,48.52,31.40
147.57,0,,69.77,31.29,1,0,69.78,3.38,3.15,48.39,31.25
147.63,0,,69.78,31.30,1,0,69.65,3.27,3.12,48.25,31.17
147.72,0,,69.76,31.25,1,0,69.87,3.28,3.10,48.24,31.20
147.84,0,,69.78,31.22,1,0,69.87,3.36,3.05,48.27,31.33
147.93,0,,69.78,31.23,1,0,69.44,3.32,3.12,48.30,31.22
148.02,0,,69.67,31.23,1,0,69.59,3.18,3.08,48.12,31.12
148.14,0,,69.54,31.18,1,0,69.27,3.02,2.92,47.80,31.12
148.23,0,,69.50,31.12,1,0,70.04,2.98,2.94,47.78,31.06
148.32,0,,69.62,31.09,1,0,69.60,3.16,3.06,48.08,31.12
148.44,0,,69.75,31.08,1,0,69.99,3.16,3.10,48.12,31.08
148.56,0,,69.83,31.07,1,0,69.77,3.06,3.08,48.00,31.00
148.62,0,,69.90,31.05,1,0,70.14,3.16,3.12,48.14,31.06
148.74,0,,69.94,31.03,1,0,69.69,3.12,3.13,48.11,31.01
148.83,0,,69.90,31.01,1,0,69.86,3.03,3.12,48.01,30.93
148.95,0,,69.86,30.97,0,1,69.94,3.07,3.11,48.04,30.98
149.07,0,,69.83,30.95,0,1,69.60,2.99,3.06,47.91,30.95
149.13,0,,69.77,30.93,0,1,69.80,2.88,3.05,47.79,30.85
149.22,0,,69.71,30.90,0,1,69.56,2.92,3.04,47.82,30.90
149.37,0,,69.71,30.89,0,1,70.07,3.02,3.08,47.96,30.96
149.43,0,,69.71,30.92,1,0,69.10,3.11,3.12,48.09,31.01
149.52,0,,69.62,30.96,1,0,69.92,3.03,3.10,47.99,30.95
149.64,0,,69.63,30.97,2,-1,69.78,3.02,3.10,47.98,30.94
149.73,0,,69.68,30.96,2,-1,69.40,3.11,3.13,48.10,31.00
149.82,0,,69.67,30.96,2,-1,69.94,3.08,3.19,48.13,30.91
149.94,0,,69.80,30.95,2,-1,70.39,3.14,3.17,48.17,30.99
150.06,0,,69.96,30.97,1,0,69.44,3.17,3.10,48.13,31.09
150.12,0,,69.90,31.01,1,0,69.80,3.08,3.12,48.06,30.98
150.24,0,,69.83,31.01,1,0,70.13,3.08,3.15,48.09,30.95
150.33,0,,69.81,30.99,0,1,69.29,3.14,3.17,48.17,30.99
150.42,0,,69.71,30.98,0,1,69.78,3.15,3.13,48.14,31.04
150.57,0,,69.62,31.00,0,1,69.51,3.11,3.07,48.04,31.06
150.66,0,,69.62,31.03,1,0,69.87,3.09,3.10,48.05,31.01
150.72,0,,69.68,31.03,2,-1,69.65,3.13,3.11,48.10,31.04
150.87,0,,69.69,31.03,2,-1,69.52,3.15,3.14,48.15,31.03
150.93,0,,69.66,31.03,1,0,69.79,3.18,3.19,48.23,31.01
151.02,0,,69.67,31.02,1,0,69.72,3.17,3.17,48.20,31.02
151.14,0,,69.71,31.00,2,-1,69.73,3.11,3.18,48.15,30.95
151.23,0,,69.72,30.99,2,-1,69.64,3.17,3.14,48.17,31.05
151.32,0,,69.76,31.02,2,-1,70.18,3.28,3.11,48.25,31.19
151.44,0,,69.96,31.10,1,0,70.51,3.32,3.10,48.28,31.24
151.56,0,,70.19,31.19,0,2,69.93,3.28,3.08,48.22,31.22
151.62,0,,70.15,31.21,0,2,69.66,3.18,3.14,48.18,31.06
151.74,0,,69.89,31.15,0,2,69.40,3.22,3.19,48.27,31.05
151.83,0,,69.73,31.10,0,1,70.43,3.38,3.17,48.41,31.23
151.92,0,,69.81,31.14,0,1,69.60,3.47,3.20,48.53,31.29
152.07,0,,69.93,31.22,0,1,70.34,3.44,3.17,48.47,31.29
152.13,0,,69.97,31.28,0,1,69.50,3.43,3.14,48.43,31.31
152.22,0,,69.83,31.30,0,1,69.43,3.49,3.22,48.57,31.29
152.34,0,,69.63,31.31,4,-2,69.74,3.57,3.25,48.68,31.34
152.43,0,,69.62,31.33,4,-2,69.92,3.65,3.18,48.69,31.49
152.52,0,,69.72,31.40,4,-2,69.68,3.63,3.15,48.64,31.50
152.64,0,,69.72,31.46,2,-1,69.38,3.57,3.19,48.62,31.40
152.73,0,,69.70,31.47,2,-1,70.27,3.68,3.14,48.68,31.56
152.85,0,,69.85,31.53,2,-1,70.06,3.83,3.08,48.77,31.77
152.94,0,,70.00,31.63,1,0,69.86,3.80,3.15,48.81,31.67
153.06,0,,70.00,31.68,1,0,69.89,3.79,3.16,48.81,31.65
153.15,0,,69.96,31.69,1,0,70.05,3.80,3.13,48.79,31.69
153.24,0,,69.90,31.67,0,2,69.45,3.74,3.15,48.75,31.61
153.33,0,,69.75,31.65,0,1,69.66,3.82,3.17,48.85,31.67
153.42,0,,69.75,31.66,0,1,70.51,3.89,3.12,48.87,31.79
153.57,0,,69.99,31.71,0,1,70.17,3.82,3.08,48.76,31.76
153.63,0,,70.21,31.74,0,1,70.31,3.80,3.09,48.75,31.73
153.72,0,,70.28,31.75,0,1,70.08,3.84,3.10,48.80,31.76
153.84,0,,70.24,31.75,0,2,70.21,3.89,3.13,48.88,31.78
153.93,0,,70.22,31.76,0,2,70.40,3.90,3.15,48.91,31.77
154.02,0,,70.27,31.78,0,1,70.33,3.94,3.13,48.93,31.83
154.14,0,,70.28,31.80,0,2,69.95,3.95,3.15,48.96,31.82
154.23,0,,70.16,31.80,0,2,69.93,3.88,3.17,48.91,31.73
154.32,0,,70.04,31.78,0,1,70.21,3.95,3.18,48.99,31.79
154.44,0,,70.03,31.78,0,1,69.98,3.98,3.14,48.98,31.86
154.56,0,,70.11,31.80,2,-1,70.56,3.93,3.13,48.92,31.82
154.62,0,,70.25,31.82,0,1,70.29,3.98,3.18,49.02,31.82
154.74,0,,70.33,31.82,0,1,70.17,4.05,3.23,49.14,31.84
154.83,0,,70.28,31.84,0,1,70.16,4.16,3.23,49.25,31.95
154.92,0,,70.30,31.90,0,1,70.92,4.20,3.17,49.23,32.05
155.07,0,,70.44,31.96,0,1,70.18,4.06,3.15,49.07,31.93
155.13,0,,70.45,31.96,0,1,70.30,4.01,3.20,49.07,31.83
155.22,0,,70.33,31.93,0,1,70.11,4.20,3.19,49.25,32.03
155.34,0,,70.18,31.97,0,1,69.92,4.36,3.13,49.35,32.25
155.43,0,,70.06,32.10,0,1,70.13,4.31,3.08,49.25,32.25
155.52,0,,70.01,32.21,1,0,70.00,4.25,3.06,49.17,32.21
155.64,0,,70.03,32.24,2,-1,70.14,4.26,3.05,49.17,32.23
155.73,0,,70.07,32.23,4,-2,70.09,4.26,3.08,49.20,32.20
155.82,0,,70.08,32.22,4,-2,69.92,4.33,3.13,49.32,32.22
155.94,0,,70.05,32.22,4,-2,70.16,4.39,3.09,49.34,32.32
156.06,0,,70.05,32.25,4,-2,69.96,4.31,3.11,49.28,32.22
156.18,0,,70.02,32.24,2,-1,69.90,4.26,3.13,49.25,32.15
156.24,0,,70.02,32.22,2,-1,70.33,4.38,3.12,49.36,32.28
156.33,0,,70.07,32.22,1,0,69.94,4.44,3.19,49.49,32.27
156.42,0,,70.04,32.24,2,-1,69.69,4.31,3.15,49.32,32.18
156.57,0,,69.87,32.22,2,-1,69.61,4.27,3.14,49.27,32.15
156.63,0,,69.82,32.18,2,-1,70.50,4.27,3.17,49.30,32.12
156.72,0,,69.94,32.15,2,-1,69.68,4.24,3.06,49.16,32.20
156.84,0,,70.03,32.16,2,-1,70.32,4.34,3.10,49.30,32.26
156.93,0,,70.01,32.20,1,0,69.44,4.33,3.11,49.30,32.24
157.08,0,,69.99,32.23,2,-1,70.71,4.25,3.07,49.18,32.20
157.14,0,,70.04,32.23,2,-1,69.55,4.37,3.15,49.38,32.24
157.23,0,,70.00,32.23,1,0,69.87,4.45,3.17,49.48,32.30
157.32,0,,69.92,32.25,2,-1,70.20,4.41,3.18,49.45,32.25
157.44,0,,69.98,32.27,2,-1,70.03,4.44,3.15,49.45,32.31
157.56,0,,70.09,32.28,1,0,70.34,4.40,3.14,49.40,32.28
157.62,0,,70.13,32.28,1,0,69.73,4.39,3.15,49.40,32.26
157.74,0,,70.05,32.28,0,1,70.04,4.50,3.17,49.53,32.35
157.83,0,,70.03,32.31,1,0,70.41,4.52,3.16,49.54,32.38
157.92,0,,70.17,32.34,1,0,70.39,4.40,3.12,49.38,32.30
158.07,0,,70.29,32.32,0,1,70.10,4.37,3.19,49.42,32.20
158.13,0,,70.25,32.28,0,2,70.04,4.45,3.18,49.49,32.29
158.25,0,,70.13,32.27,0,1,70.00,4.52,3.14,49.52,32.40
158.34,0,,70.04,32.32,1,0,70.08,4.53,3.12,49.51,32.43
158.43,0,,70.00,32.38,1,0,69.89,4.44,3.09,49.39,32.37
158.58,0,,69.99,32.38,1,0,70.14,4.37,3.11,49.34,32.28
158.64,0,,70.01,32.34,1,0,70.01,4.40,3.12,49.38,32.30
158.73,0,,70.01,32.30,1,0,69.79,4.38,3.15,49.39,32.25
158.85,0,,69.97,32.26,2,-1,70.16,4.30,3.12,49.28,32.20
158.94,0,,70.03,32.25,2,-1,70.33,4.35,3.01,49.22,32.36
159.06,0,,70.22,32.29,2,-1,70.57,4.42,3.01,49.29,32.43
159.15,0,,70.39,32.36,1,0,70.34,4.44,3.05,49.35,32.41
159.24,0,,70.46,32.41,0,1,70.44,4.52,3.08,49.46,32.46
159.33,0,,70.49,32.44,0,2,70.68,4.50,3.10,49.46,32.42
159.45,0,,70.51,32.42,0,2,70.23,4.38,3.10,49.34,32.30
159.57,0,,70.45,32.36,0,2,70.43,4.37,3.11,49.34,32.28
159.63,0,,70.39,32.32,0,2,70.38,4.48,3.09,49.43,32.41
159.75,0,,70.32,32.34,0,2,69.98,4.52,3.09,49.47,32.45
159.84,0,,70.22,32.38,0,1,70.30,4.44,3.09,49.39,32.37
159.93,0,,70.18,32.40,0,1,70.22,4.39,3.03,49.28,32.38
160.11,0,,70.28,32.38,0,1,70.85,4.39,3.07,49.32,32.34
160.15,0,,70.48,32.37,2,-1,70.53,4.45,3.08,49.39,32.39
160.23,0,,70.53,32.38,2,-1,69.94,4.55,3.07,49.48,32.50
160.35,0,,70.36,32.42,1,0,70.33,4.50,3.12,49.48,32.40
160.44,0,,70.20,32.42,1,0,69.95,4.40,3.11,49.37,32.31
160.56,0,,70.03,32.36,2,-1,69.64,4.34,3.13,49.33,32.23
160.65,0,,69.92,32.28,2,-1,70.40,4.37,3.16,49.39,32.23
160.74,0,,70.01,32.24,2,-1,70.15,4.45,3.14,49.45,32.33
160.83,0,,70.19,32.25,4,-2,70.57,4.40,3.16,49.42,32.26
160.95,0,,70.30,32.26,1,0,69.91,4.32,3.10,49.28,32.24
161.07,0,,70.30,32.25,1,0,70.57,4.31,3.10,49.27,32.23
161.13,0,,70.31,32.23,1,0,70.20,4.35,3.15,49.36,32.22
161.25,0,,70.29,32.24,1,0,70.14,4.45,3.12,49.43,32.35
161.34,0,,70.15,32.27,1,0,69.65,4.37,3.12,49.35,32.27
161.46,0,,69.99,32.28,2,-1,70.25,4.29,3.13,49.28,32.18
161.58,0,,70.04,32.24,2,-1,70.47,4.35,3.14,49.35,32.23
161.64,0,,70.27,32.22,2,-1,70.67,4.36,3.15,49.37,32.23
161.73,0,,70.43,32.22,2,-1,69.99,4.38,3.17,49.41,32.23
161.85,0,,70.31,32.21,1,0,69.80,4.36,3.20,49.42,32.18
161.94,0,,70.07,32.18,2,-1,70.06,4.25,3.20,49.31,32.07
162.06,0,,70.00,32.15,2,-1,70.38,4.37,3.17,49.40,32.22
162.15,0,,70.19,32.17,2,-1,70.74,4.53,3.16,49.55,32.39
162.24,0,,70.41,32.26,1,0,70.17,4.47,3.16,49.49,32.33
162.33,0,,70.43,32.32,1,0,70.26,4.47,3.19,49.52,32.30
162.45,0,,70.29,32.32,1,0,69.93,4.46,3.26,49.58,32.22
162.60,0,,70.14,32.26,1,0,70.19,4.36,3.26,49.48,32.12
162.63,0,,70.11,32.20,1,0,70.31,4.41,3.15,49.42,32.28
162.75,0,,70.19,32.21,1,0,70.35,4.49,3.19,49.54,32.32
162.84,0,,70.35,32.25,1,0,70.77,4.43,3.24,49.53,32.21
162.93,0,,70.54,32.26,1,0,70.64,4.37,3.14,49.37,32.25
163.08,0,,70.67,32.24,0,1,70.69,4.30,3.17,49.33,32.15
163.14,0,,70.59,32.19,0,1,69.79,4.23,3.18,49.27,32.07
163.23,0,,70.38,32.15,0,1,70.62,4.35,3.11,49.32,32.26
163.35,0,,70.33,32.19,0,1,70.59,4.50,3.12,49.48,32.40
163.44,0,,70.39,32.27,0,1,70.07,4.36,3.11,49.33,32.27
163.56,0,,70.34,32.29,0,1,70.33,4.18,3.09,49.13,32.11
163.65,0,,70.31,32.22,0,1,70.50,4.22,3.11,49.19,32.13
163.74,0,,70.34,32.16,0,1,70.15,4.32,3.12,49.30,32.22
163.83,0,,70.31,32.16,4,-2,70.27,4.30,3.14,49.30,32.18
163.95,0,,70.30,32.16,2,-1,70.55,4.21,3.11,49.18,32.12
164.07,0,,70.40,32.16,2,-1,70.60,4.22,3.04,49.12,32.20
164.13,0,,70.54,32.18,0,1,70.73,4.31,3.03,49.20,32.30
164.25,0,,70.54,32.22,0,1,69.81,4.26,3.09,49.21,32.19
164.37,0,,70.35,32.21,0,1,70.37,4.23,3.13,49.22,32.12
164.43,0,,70.22,32.18,0,1,70.25,4.31,3.12,49.29,32.21
164.58,0,,70.25,32.17,1,0,70.55,4.29,3.12,49.27,32.19
164.64,0,,70.36,32.17,1,0,70.45,4.21,3.09,49.16,32.14
164.73,0,,70.38,32.17,0,1,69.94,4.26,3.07,49.19,32.21
164.85,0,,70.27,32.18,0,1,70.29,4.31,3.13,49.30,32.20
164.94,0,,70.26,32.20,2,-1,70.77,4.31,3.05,49.22,32.28
165.06,0,,70.38,32.24,1,0,70.13,4.31,3.03,49.20,32.30
165.21,0,,70.44,32.25,1,0,70.69,4.19,3.13,49.18,32.08
165.24,0,,70.46,32.19,1,0,70.30,4.17,3.07,49.10,32.12
165.33,0,,70.44,32.14,1,0,70.39,4.21,3.07,49.14,32.16
165.48,0,,70.39,32.11,1,0,70.36,4.11,3.06,49.03,32.07
165.57,0,,70.33,32.10,1,0,70.06,4.07,3.02,48.95,32.07
165.63,0,,70.23,32.06,1,0,70.28,4.03,3.09,48.98,31.96
165.75,0,,70.19,32.01,1,0,70.20,4.04,3.13,49.03,31.93
165.84,0,,70.20,31.97,1,0,70.22,4.18,3.14,49.18,32.06
165.93,0,,70.29,32.00,1,0,70.88,4.22,3.09,49.17,32.15
166.08,0,,70.43,32.06,1,0,70.04,4.13,3.06,49.05,32.09
166.14,0,,70.43,32.09,1,0,70.49,4.12,3.10,49.08,32.04
166.23,0,,70.42,32.10,1,0,70.61,4.27,3.07,49.20,32.22
166.35,0,,70.47,32.14,1,0,70.38,4.29,3.07,49.22,32.24
166.44,0,,70.44,32.18,1,0,70.20,4.16,3.12,49.14,32.06
166.56,0,,70.34,32.14,1,0,70.27,4.13,3.09,49.08,32.06
166.65,0,,70.23,32.09,1,0,70.00,4.11,3.05,49.02,32.08
166.74,0,,70.14,32.07,1,0,70.23,4.20,3.08,49.14,32.14
166.83,0,,70.13,32.11,1,0,70.20,4.35,3.09,49.30,32.28
166.95,0,,70.25,32.18,1,0,70.87,4.27,3.09,49.22,32.20
167.07,0,,70.46,32.21,1,0,70.40,4.23,3.09,49.18,32.16
167.13,0,,70.53,32.20,1,0,70.25,4.30,3.09,49.25,32.23
167.25,0,,70.51,32.20,1,0,70.94,4.37,3.14,49.37,32.25
167.34,0,,70.57,32.23,1,0,70.46,4.40,3.10,49.36,32.32
167.43,0,,70.61,32.27,1,0,70.61,4.35,3.02,49.23,32.35
167.58,0,,70.65,32.33,0,1,71.01,4.36,2.99,49.21,32.39
167.64,0,,70.77,32.36,0,2,70.81,4.38,3.05,49.29,32.35
167.73,0,,70.83,32.36,0,2,70.63,4.42,3.13,49.41,32.31
167.85,0,,70.72,32.35,0,2,70.29,4.48,3.11,49.45,32.39
167.94,0,,70.55,32.35,0,1,70.60,4.42,3.10,49.38,32.34
168.06,0,,70.52,32.36,0,1,70.78,4.46,3.10,49.42,32.38
168.15,0,,70.59,32.37,0,1,70.55,4.52,3.07,49.45,32.47
168.24,0,,70.67,32.43,0,1,70.95,4.61,3.07,49.54,32.56
168.33,0,,70.70,32.51,0,1,70.27,4.66,3.07,49.59,32.61
168.45,0,,70.60,32.55,2,-1,70.51,4.50,3.15,49.51,32.37
168.57,0,,70.55,32.49,2,-1,70.91,4.45,3.16,49.47,32.31
168.63,0,,70.64,32.41,2,-1,70.67,4.58,3.07,49.51,32.53
168.75,0,,70.73,32.43,1,0,70.83,4.66,3.09,49.61,32.59
168.84,0,,70.80,32.50,0,1,70.90,4.58,3.09,49.53,32.51
168.99,0,,70.83,32.53,0,1,70.69,4.51,3.03,49.40,32.50
169.10,0,,70.75,32.51,0,1,70.35,4.49,3.04,49.39,32.47
169.14,0,,70.56,32.47,0,1,70.30,4.45,3.11,49.42,32.36
169.23,0,,70.36,32.44,0,1,70.20,4.64,3.14,49.64,32.52
169.35,0,,70.30,32.45,2,-1,70.68,4.68,3.13,49.67,32.57
169.44,0,,70.43,32.49,2,-1,70.76,4.55,3.15,49.56,32.42
169.56,0,,70.53,32.49,2,-1,70.00,4.56,3.12,49.54,32.46
169.65,0,,70.43,32.46,2,-1,70.42,4.51,3.09,49.46,32.44
169.74,0,,70.35,32.46,4,-2,70.49,4.60,3.07,49.53,32.55
169.83,0,,70.38,32.49,4,-2,70.40,4.68,3.08,49.62,32.62
169.98,0,,70.48,32.54,2,-1,70.93,4.58,3.11,49.55,32.49
170.07,0,,70.68,32.53,2,-1,71.02,4.54,3.12,49.52,32.44
170.13,0,,70.85,32.49,0,2,70.63,4.56,3.13,49.55,32.45
170.25,0,,70.80,32.46,0,2,70.36,4.66,3.15,49.67,32.53
170.34,0,,70.60,32.48,0,2,70.42,4.68,3.16,49.70,32.54
170.43,0,,70.46,32.52,0,1,70.59,4.69,3.13,49.68,32.58
170.58,0,,70.47,32.55,0,1,70.62,4.66,3.14,49.66,32.54
170.64,0,,70.57,32.54,0,1,70.81,4.59,3.17,49.62,32.44
170.73,0,,70.75,32.52,0,1,71.20,4.73,3.16,49.75,32.59
170.85,0,,70.98,32.53,0,1,71.19,4.72,3.14,49.72,32.60
170.94,0,,71.09,32.55,0,1,70.65,4.59,3.10,49.55,32.51
171.06,0,,70.93,32.53,1,0,70.48,4.53,3.15,49.54,32.40
171.15,0,,70.67,32.46,1,0,70.40,4.50,3.18,49.54,32.34
171.24,0,,70.51,32.41,0,1,70.71,4.64,3.15,49.65,32.51
171.33,0,,70.54,32.43,0,1,70.79,4.72,3.19,49.77,32.55
171.51,0,,70.62,32.48,1,0,70.39,4.64,3.20,49.70,32.46
171.57,0,,70.67,32.49,2,-1,71.13,4.55,3.16,49.57,32.41
171.63,0,,70.79,32.45,2,-1,70.82,4.54,3.17,49.57,32.39
171.75,0,,70.85,32.41,2,-1,70.56,4.62,3.21,49.69,32.43
171.84,0,,70.71,32.40,1,0,70.25,4.58,3.22,49.66,32.38
171.93,0,,70.53,32.39,0,1,70.73,4.53,3.21,49.60,32.34
172.11,0,,70.58,32.37,0,1,71.16,4.54,3.21,49.61,32.35
172.14,0,,70.78,32.35,0,1,70.72,4.53,3.21,49.60,32.34
172.23,0,,70.83,32.35,0,1,70.48,4.64,3.21,49.71,32.45
172.38,0,,70.73,32.38,0,1,70.78,4.66,3.25,49.77,32.43
172.44,0,,70.69,32.41,1,0,70.73,4.58,3.25,49.69,32.35
172.56,0,,70.67,32.40,1,0,70.50,4.61,3.22,49.69,32.41
172.65,0,,70.64,32.39,1,0,70.75,4.59,3.23,49.68,32.38
172.74,0,,70.61,32.39,1,0,70.40,4.59,3.20,49.65,32.41
172.83,0,,70.54,32.40,1,0,70.45,4.69,3.23,49.78,32.48
172.98,0,,70.52,32.41,1,0,70.80,4.58,3.28,49.72,32.32
173.07,0,,70.60,32.37,2,-1,70.74,4.46,3.25,49.57,32.23
173.13,0,,70.61,32.31,2,-1,69.99,4.49,3.21,49.56,32.30
173.25,0,,70.47,32.27,2,-1,70.69,4.49,3.26,49.61,32.25
173.34,0,,70.41,32.26,2,-1,70.33,4.59,3.32,49.77,32.29
173.46,0,,70.36,32.28,2,-1,70.04,4.64,3.26,49.76,32.40
173.58,0,,70.36,32.32,2,-1,71.12,4.53,3.25,49.64,32.30
173.64,0,,70.47,32.31,2,-1,70.03,4.41,3.28,49.55,32.15
173.73,0,,70.46,32.24,2,-1,70.38,4.42,3.28,49.56,32.16
173.85,0,,70.47,32.20,2,-1,71.14,4.64,3.28,49.78,32.38
173.94,0,,70.70,32.26,2,-1,70.93,4.66,3.25,49.77,32.43
174.06,0,,70.85,32.34,0,1,70.50,4.55,3.27,49.68,32.30
174.15,0,,70.83,32.35,0,2,70.98,4.54,3.33,49.73,32.23
174.24,0,,70.86,32.30,0,2,71.11,4.57,3.30,49.73,32.29
174.33,0,,70.97,32.30,0,2,71.06,4.73,3.26,49.85,32.49
174.45,0,,70.95,32.36,0,2,70.21,4.70,3.32,49.88,32.40
174.57,0,,70.69,32.37,0,2,70.37,4.51,3.38,49.75,32.15
174.63,0,,70.45,32.30,0,1,70.54,4.58,3.33,49.77,32.27
174.81,0,,70.39,32.26,1,0,70.41,4.61,3.29,49.76,32.34
174.84,0,,70.42,32.26,4,-2,70.54,4.55,3.30,49.71,32.27
174.93,0,,70.55,32.29,4,-2,71.11,4.68,3.30,49.84,32.40
175.08,0,,70.76,32.32,4,-2,70.77,4.61,3.34,49.81,32.29
175.14,0,,70.90,32.31,2,-1,71.05,4.45,3.36,49.67,32.11
175.23,0,,70.96,32.25,1,0,70.88,4.60,3.29,49.75,32.33
175.35,0,,70.99,32.26,0,1,71.19,4.69,3.29,49.84,32.42
175.44,0,,70.94,32.32,0,1,70.22,4.65,3.37,49.88,32.30
175.56,0,,70.73,32.34,0,1,70.66,4.66,3.36,49.88,32.32
175.65,0,,70.53,32.34,0,1,70.28,4.68,3.31,49.85,32.39
175.74,0,,70.47,32.34,0,1,70.87,4.65,3.37,49.88,32.30
175.83,0,,70.54,32.34,0,1,70.51,4.71,3.38,49.95,32.35
175.95,0,,70.64,32.35,2,-1,70.86,4.82,3.37,50.05,32.47
176.07,0,,70.69,32.39,2,-1,70.54,4.80,3.36,50.02,32.46
176.13,0,,70.71,32.43,2,-1,70.86,4.72,3.32,49.90,32.42
176.25,0,,70.72,32.43,1,0,70.59,4.63,3.32,49.81,32.33
176.34,0,,70.72,32.39,1,0,70.81,4.62,3.29,49.77,32.35
176.43,0,,70.68,32.36,0,1,70.38,4.72,3.31,49.89,32.43
176.61,0,,70.61,32.36,0,1,70.72,4.66,3.40,49.92,32.28
176.64,0,,70.57,32.32,1,0,70.44,4.55,3.40,49.81,32.17
176.73,0,,70.55,32.26,1,0,70.64,4.65,3.35,49.86,32.32
176.85,0,,70.64,32.25,2,-1,71.24,4.69,3.39,49.94,32.32
176.94,0,,70.79,32.28,1,0,70.41,4.68,3.44,49.98,32.26
177.06,0,,70.75,32.29,1,0,70.50,4.77,3.45,50.08,32.34
177.15,0,,70.65,32.30,1,0,70.94,4.71,3.45,50.02,32.28
177.24,0,,70.66,32.30,1,0,70.54,4.67,3.41,49.94,32.28
177.33,0,,70.63,32.30,1,0,70.38,4.73,3.36,49.95,32.39
177.45,0,,70.61,32.32,1,0,71.11,4.73,3.43,50.02,32.32
177.57,0,,70.64,32.35,1,0,70.12,4.86,3.44,50.16,32.44
177.63,0,,70.61,32.40,1,0,70.91,4.85,3.35,50.06,32.52
177.75,0,,70.60,32.44,1,0,70.49,4.67,3.37,49.90,32.32
177.84,0,,70.63,32.40,2,-1,70.79,4.60,3.42,49.88,32.20
177.93,0,,70.68,32.31,1,0,70.75,4.68,3.39,49.93,32.31
178.08,0,,70.69,32.28,1,0,70.43,4.79,3.44,50.09,32.37
178.14,0,,70.67,32.30,1,0,70.95,4.73,3.47,50.06,32.28
178.23,0,,70.72,32.31,1,0,70.78,4.74,3.38,49.98,32.38
178.35,0,,70.81,32.33,1,0,70.94,4.74,3.40,50.00,32.36
178.44,0,,70.88,32.34,1,0,70.94,4.71,3.43,50.00,32.30
178.56,0,,70.89,32.36,1,0,70.63,4.89,3.36,50.11,32.55
178.65,0,,70.83,32.41,0,1,70.86,4.81,3.40,50.07,32.43
178.74,0,,70.82,32.44,0,1,71.01,4.72,3.40,49.98,32.34
178.83,0,,70.85,32.42,0,1,70.68,4.79,3.35,50.00,32.46
178.95,0,,70.81,32.39,0,1,70.64,4.69,3.47,50.02,32.24
179.07,0,,70.72,32.33,0,1,70.69,4.75,3.52,50.13,32.25
179.13,0,,70.64,32.29,1,0,70.44,4.85,3.46,50.17,32.41
179.25,0,,70.57,32.31,2,-1,70.65,4.78,3.46,50.10,32.34
179.34,0,,70.52,32.33,4,-2,70.33,4.77,3.52,50.15,32.27
179.43,0,,70.42,32.33,4,-2,70.08,4.84,3.49,50.19,32.37
179.58,0,,70.34,32.34,4,-2,70.76,4.89,3.47,50.22,32.44
179.64,0,,70.38,32.38,4,-2,70.21,4.88,3.55,50.29,32.35
179.73,0,,70.45,32.39,4,-2,70.82,4.86,3.50,50.22,32.38
179.85,0,,70.52,32.38,4,-2,70.28,4.81,3.43,50.10,32.40
179.94,0,,70.52,32.37,2,-1,70.61,4.77,3.48,50.11,32.31
180.06,0,,70.53,32.36,2,-1,70.65,4.88,3.48,50.22,32.42
180.15,0,,70.60,32.39,2,-1,70.72,4.99,3.47,50.32,32.54
180.24,0,,70.65,32.44,0,1,70.56,4.92,3.52,50.30,32.42
180.33,0,,70.60,32.45,0,1,70.26,4.84,3.53,50.23,32.33
180.45,0,,70.48,32.40,0,1,70.46,4.86,3.51,50.23,32.37
180.57,0,,70.42,32.37,0,1,70.57,4.96,3.55,50.37,32.43
180.63,0,,70.39,32.40,2,-1,69.91,5.08,3.58,50.52,32.52
180.75,0,,70.26,32.45,2,-1,70.25,5.02,3.56,50.44,32.48
180.84,0,,70.22,32.47,2,-1,70.61,4.91,3.54,50.31,32.39
180.93,0,,70.32,32.45,2,-1,70.24,4.98,3.52,50.36,32.48
181.08,0,,70.42,32.44,2,-1,70.76,4.96,3.59,50.41,32.39
181.14,0,,70.57,32.40,2,-1,70.85,4.91,3.71,50.48,32.22
181.23,0,,70.77,32.32,1,0,71.09,4.93,3.65,50.44,32.30
181.35,0,,70.98,32.28,0,1,71.26,4.88,3.61,50.35,32.29
181.44,0,,71.09,32.25,0,2,70.69,4.77,3.69,50.32,32.10
181.56,0,,71.00,32.18,0,2,70.83,4.76,3.69,50.31,32.09
181.68,0,,70.80,32.13,0,2,70.30,4.90,3.71,50.47,32.21
181.74,0,,70.68,32.15,0,2,71.30,4.97,3.74,50.57,32.25
181.83,0,,70.83,32.20,0,2,71.21,4.94,3.65,50.45,32.31
181.96,0,,71.02,32.26,0,2,70.73,4.89,3.61,50.36,32.30
182.07,0,,70.98,32.28,0,1,70.71,4.82,3.66,50.34,32.18
182.13,0,,70.89,32.25,0,1,71.19,4.91,3.67,50.44,32.26
182.25,0,,70.89,32.24,0,1,70.62,4.97,3.71,50.54,32.28
182.34,0,,70.85,32.24,2,-1,70.89,4.84,3.72,50.42,32.14
182.43,0,,70.86,32.21,1,0,71.12,4.81,3.66,50.33,32.17
182.58,0,,70.90,32.16,0,1,70.59,4.75,3.70,50.31,32.07
182.64,0,,70.82,32.10,1,0,70.60,4.70,3.77,50.33,31.95
182.73,0,,70.75,32.05,2,-1,71.11,4.93,3.75,50.54,32.20
182.85,0,,70.83,32.09,2,-1,70.96,5.03,3.72,50.61,32.33
182.94,0,,70.95,32.19,2,-1,71.03,4.88,3.74,50.48,32.16
183.06,0,,71.02,32.23,1,0,71.07,4.92,3.72,50.50,32.22
183.15,0,,71.03,32.23,1,0,70.80,4.97,3.74,50.57,32.25
183.24,0,,70.99,32.22,0,1,71.17,4.97,3.83,50.66,32.16
183.39,0,,71.02,32.20,0,1,71.11,5.00,3.80,50.66,32.22
183.45,0,,71.09,32.19,0,1,71.22,4.89,3.72,50.47,32.19
183.57,0,,71.17,32.17,0,1,71.27,4.77,3.76,50.39,32.03
183.63,0,,71.13,32.11,0,2,70.43,4.79,3.77,50.42,32.04
183.81,0,,70.86,32.06,0,1,70.41,4.85,3.78,50.49,32.09
183.84,0,,70.66,32.07,1,0,71.25,4.96,3.79,50.61,32.19
183.96,0,,70.73,32.12,1,0,70.67,4.99,3.77,50.62,32.24
184.23,0,,70.82,32.16,4,-2,70.88,4.82,3.85,50.53,31.99
184.23,0,,70.82,32.16,4,-2,70.88,4.82,3.85,50.53,31.99
184.23,0,,70.82,32.16,4,-2,70.88,4.82,3.85,50.53,31.99
184.35,0,,70.75,32.02,4,-2,70.72,4.90,3.90,50.66,32.02
184.44,0,,70.68,32.04,4,-2,70.29,4.90,3.84,50.60,32.08
184.56,0,,70.51,32.06,2,-1,70.25,4.90,3.77,50.53,32.15
184.67,0,,70.44,32.11,2,-1,71.12,4.89,3.75,50.50,32.16
184.75,0,,70.55,32.15,2,-1,70.23,4.87,3.70,50.43,32.19
184.83,0,,70.53,32.16,2,-1,70.23,4.85,3.81,50.52,32.06
184.95,0,,70.43,32.13,2,-1,70.74,4.89,3.84,50.59,32.07
185.07,0,,70.44,32.08,4,-2,70.25,4.86,3.81,50.53,32.07
185.13,0,,70.51,32.05,4,-2,71.10,4.83,3.84,50.53,32.01
185.25,0,,70.71,32.06,2,-1,70.90,4.95,3.67,50.48,32.30
185.34,0,,70.90,32.21,0,1,70.98,5.16,3.43,50.45,32.75
185.43,0,,70.92,32.48,0,2,70.53,5.28,3.47,50.61,32.83
185.58,0,,70.75,32.70,0,2,70.31,5.12,3.54,50.52,32.60
185.64,0,,70.52,32.72,0,1,70.43,5.00,3.50,50.36,32.52
185.73,0,,70.42,32.65,0,1,70.67,5.08,3.47,50.41,32.63
185.85,0,,70.53,32.61,1,0,70.91,5.13,3.45,50.44,32.70
185.94,0,,70.70,32.64,1,0,70.70,5.18,3.49,50.53,32.71
186.06,0,,70.78,32.68,1,0,70.75,5.23,3.52,50.61,32.73
186.15,0,,70.73,32.71,2,-1,70.36,5.21,3.50,50.57,32.73
186.24,0,,70.67,32.73,2,-1,71.11,5.20,3.48,50.54,32.74
186.33,0,,70.73,32.74,0,1,70.71,5.23,3.47,50.56,32.78
186.45,0,,70.69,32.74,0,1,69.92,5.17,3.54,50.57,32.65
186.57,0,,70.49,32.70,0,1,70.82,5.15,3.60,50.61,32.57
186.63,0,,70.42,32.64,1,0,70.25,5.21,3.54,50.61,32.69
186.75,0,,70.49,32.65,2,-1,71.02,5.13,3.39,50.38,32.76
186.84,0,,70.62,32.69,2,-1,70.52,4.91,3.21,49.98,32.72
186.93,0,,70.73,32.72,1,0,71.00,4.89,3.19,49.94,32.72
187.08,0,,70.87,32.74,2,-1,71.26,4.99,3.24,50.09,32.77
187.14,0,,71.02,32.75,0,1,70.77,4.96,3.17,49.99,32.81
187.23,0,,70.98,32.77,0,2,70.72,4.92,3.20,49.98,32.74
187.35,0,,70.87,32.75,0,2,70.96,4.91,3.29,50.06,32.64
187.44,0,,70.84,32.71,0,2,70.84,5.05,3.33,50.24,32.74
187.56,0,,70.91,32.72,0,1,71.29,5.34,3.44,50.64,32.92
187.65,0,,70.95,32.79,0,2,70.40,5.31,3.49,50.66,32.84
187.74,0,,70.87,32.82,0,1,71.02,5.29,3.62,50.77,32.69
187.83,0,,70.76,32.78,0,1,70.37,5.51,3.83,51.20,32.70
187.95,0,,70.69,32.73,0,1,71.00,5.67,3.93,51.46,32.76
188.07,0,,70.73,32.72,2,-1,70.81,5.76,4.02,51.64,32.76
188.13,0,,70.78,32.73,2,-1,70.59,5.66,4.00,51.52,32.68
188.25,0,,70.69,32.69,2,-1,70.39,5.32,3.88,51.06,32.46
188.34,0,,70.62,32.56,2,-1,71.01,5.03,3.81,50.70,32.24
188.43,0,,70.64,32.37,4,-2,70.43,4.86,3.74,50.46,32.14
188.58,0,,70.66,32.19,2,-1,70.81,4.67,3.70,50.23,31.99
188.64,0,,70.73,32.04,2,-1,71.07,4.56,3.65,50.07,31.93
188.73,0,,70.79,31.94,1,0,70.31,4.45,3.60,49.91,31.87
188.85,0,,70.71,31.85,1,0,70.75,4.18,3.55,49.59,31.65
188.94,0,,70.55,31.73,1,0,69.96,3.96,3.49,49.31,31.49
189.09,0,,70.38,31.57,1,0,70.56,3.84,3.46,49.16,31.40
189.15,0,,70.33,31.46,2,-1,70.46,3.87,3.42,49.15,31.47
189.24,0,,70.41,31.42,2,-1,70.55,3.82,3.39,49.07,31.45
189.33,0,,70.43,31.40,2,-1,70.06,3.65,3.41,48.92,31.26
189.45,0,,70.32,31.35,2,-1,70.15,3.61,3.36,48.83,31.27
189.57,0,,70.21,31.28,2,-1,70.29,3.59,3.38,48.83,31.23
189.63,0,,70.26,31.25,4,-2,70.71,3.75,3.49,49.10,31.28
189.75,0,,70.42,31.26,2,-1,70.49,3.87,3.50,49.23,31.39
189.84,0,,70.43,31.29,2,-1,69.70,3.77,3.59,49.22,31.20
189.93,0,,70.26,31.27,2,-1,70.52,3.83,3.68,49.37,31.17
190.08,0,,70.17,31.23,2,-1,70.00,3.96,3.65,49.47,31.33
190.14,0,,70.17,31.26,2,-1,70.32,4.06,3.71,49.63,31.37
190.23,0,,70.28,31.34,2,-1,70.92,4.19,3.66,49.71,31.55
190.35,0,,70.44,31.45,1,0,69.92,4.13,3.58,49.57,31.57
190.47,0,,70.38,31.50,0,1,70.23,3.95,3.69,49.50,31.28
190.56,0,,70.16,31.44,1,0,69.59,3.95,3.66,49.47,31.31
190.65,0,,69.94,31.36,2,-1,70.01,4.05,3.62,49.53,31.45
190.74,0,,69.87,31.37,2,-1,70.10,4.10,3.65,49.61,31.47
190.83,0,,69.99,31.42,2,-1,70.30,4.04,3.59,49.49,31.47
190.95,0,,70.11,31.44,2,-1,69.93,3.90,3.55,49.31,31.37
191.07,0,,70.08,31.41,2,-1,69.78,3.85,3.55,49.26,31.32
191.16,0,,69.94,31.37,2,-1,69.88,3.89,3.52,49.27,31.39
191.25,0,,69.92,31.36,2,-1,70.31,3.94,3.51,49.31,31.45
191.34,0,,70.04,31.38,2,-1,70.12,3.89,3.52,49.27,31.39
191.43,0,,70.13,31.39,2,-1,70.10,3.82,3.47,49.15,31.37
191.58,0,,70.21,31.38,2,-1,70.58,3.76,3.45,49.07,31.33
191.64,0,,70.31,31.35,0,1,70.18,3.75,3.48,49.09,31.29
191.73,0,,70.35,31.33,0,1,70.38,3.94,3.51,49.31,31.45
191.85,0,,70.38,31.38,0,2,70.60,4.00,3.53,49.39,31.49
191.94,0,,70.45,31.43,0,2,70.41,3.89,3.52,49.27,31.39
192.06,0,,70.48,31.43,0,2,70.46,3.92,3.53,49.31,31.41
192.18,0,,70.47,31.42,0,2,70.44,3.93,3.53,49.32,31.42
192.24,0,,70.37,31.42,0,2,69.83,3.99,3.53,49.38,31.48
192.33,0,,70.23,31.46,0,1,70.45,4.14,3.55,49.55,31.61
192.45,0,,70.23,31.52,1,0,70.53,4.06,3.57,49.49,31.51
192.60,0,,70.36,31.53,2,-1,70.41,3.97,3.56,49.39,31.43
192.64,0,,70.47,31.51,1,0,70.62,4.08,3.50,49.44,31.60
192.81,0,,70.65,31.54,0,1,71.44,4.19,3.51,49.56,31.70
192.90,0,,70.90,31.61,0,2,70.62,4.24,3.58,49.68,31.68
192.93,0,,70.91,31.68,0,2,70.46,4.28,3.54,49.68,31.76
193.08,0,,70.72,31.73,0,2,70.59,4.22,3.46,49.54,31.78
193.17,0,,70.56,31.75,0,2,70.44,4.13,3.48,49.47,31.67
193.23,0,,70.46,31.73,0,2,70.31,4.23,3.49,49.58,31.76
193.35,0,,70.37,31.74,0,1,70.27,4.32,3.51,49.69,31.83
193.44,0,,70.35,31.76,0,1,70.68,4.25,3.55,49.66,31.72
193.59,0,,70.43,31.77,1,0,70.44,4.31,3.51,49.68,31.82
193.65,0,,70.53,31.79,4,-2,70.70,4.35,3.52,49.73,31.85
193.74,0,,70.60,31.81,4,-2,70.67,4.33,3.55,49.74,31.80
193.83,0,,70.64,31.83,2,-1,70.44,4.44,3.58,49.88,31.88
193.95,0,,70.50,31.84,1,0,69.90,4.43,3.61,49.90,31.84
194.07,0,,70.27,31.83,1,0,70.27,4.34,3.63,49.83,31.73
194.13,0,,70.15,31.79,2,-1,70.21,4.39,3.67,49.92,31.74
194.25,0,,70.21,31.75,2,-1,70.60,4.37,3.66,49.89,31.73
194.34,0,,70.37,31.74,2,-1,70.57,4.45,3.66,49.97,31.81
194.43,0,,70.52,31.79,1,0,70.53,4.68,3.67,50.21,32.03
194.58,0,,70.55,31.88,1,0,70.38,4.58,3.69,50.13,31.91
194.64,0,,70.55,31.92,1,0,70.83,4.50,3.71,50.07,31.81
194.76,0,,70.56,31.91,0,1,70.26,4.64,3.66,50.16,32.00
194.85,0,,70.55,31.93,0,1,70.79,4.66,3.67,50.19,32.01
194.94,0,,70.54,31.97,0,2,70.31,4.74,3.76,50.36,32.00
195.06,0,,70.54,32.00,0,2,70.78,4.82,3.75,50.43,32.09
195.18,0,,70.61,32.03,0,1,70.86,4.72,3.74,50.32,32.00
195.24,0,,70.72,32.02,0,1,70.63,4.66,3.76,50.28,31.92
195.33,0,,70.71,31.99,0,1,70.46,4.73,3.72,50.31,32.03
195.45,0,,70.63,31.99,0,1,70.69,4.80,3.76,50.42,32.06
195.57,0,,70.62,32.01,0,1,70.79,4.77,3.80,50.43,31.99
195.63,0,,70.64,32.01,0,1,70.35,4.70,3.75,50.31,31.97
195.75,0,,70.58,31.99,0,1,70.64,4.69,3.74,50.29,31.97
195.86,0,,70.53,31.97,1,0,70.41,4.69,3.74,50.29,31.97
195.94,0,,70.55,31.97,2,-1,70.91,4.77,3.76,50.39,32.03
196.08,0,,70.66,31.98,2,-1,70.77,4.74,3.81,50.41,31.95
196.14,0,,70.74,31.95,1,0,70.58,4.60,3.85,50.31,31.77
196.23,0,,70.73,31.89,0,1,70.80,4.66,3.80,50.32,31.88
196.35,0,,70.70,31.85,0,1,70.54,4.64,3.79,50.29,31.87
196.44,0,,70.68,31.84,0,1,70.83,4.64,3.87,50.37,31.79
196.56,0,,70.64,31.85,0,1,70.28,4.87,3.86,50.59,32.03
196.65,0,,70.53,31.90,0,1,70.41,4.79,3.86,50.51,31.95
196.74,0,,70.48,31.94,0,1,70.85,4.67,3.86,50.39,31.83
196.83,0,,70.55,31.92,1,0,70.51,4.77,3.81,50.44,31.98
196.95,0,,70.65,31.91,1,0,70.95,4.71,3.86,50.43,31.87
197.07,0,,70.72,31.91,1,0,70.53,4.78,3.88,50.52,31.92
197.13,0,,70.67,31.91,1,0,70.35,4.83,3.85,50.54,32.00
197.25,0,,70.46,31.91,1,0,69.96,4.62,3.87,50.35,31.77
197.34,0,,70.22,31.86,2,-1,70.15,4.57,3.86,50.29,31.73
197.43,0,,70.16,31.81,4,-2,70.65,4.72,3.81,50.39,31.93
197.58,0,,70.29,31.83,4,-2,70.29,4.80,3.87,50.53,31.95
197.64,0,,70.38,31.88,4,-2,70.37,4.74,3.93,50.53,31.83
197.73,0,,70.43,31.89,2,-1,70.68,4.75,3.88,50.49,31.89
197.85,0,,70.48,31.88,2,-1,70.27,4.74,3.87,50.47,31.89
197.94,0,,70.52,31.87,2,-1,70.93,4.69,3.90,50.45,31.81
198.06,0,,70.57,31.86,2,-1,70.20,4.80,3.92,50.58,31.90
198.15,0,,70.58,31.86,0,2,70.91,4.81,3.92,50.59,31.91
198.27,0,,70.69,31.89,0,2,71.16,4.76,3.85,50.47,31.93
198.33,0,,70.85,31.91,0,2,70.46,4.72,3.86,50.44,31.88
198.45,0,,70.77,31.88,0,2,70.44,4.63,3.92,50.41,31.73
198.57,0,,70.58,31.81,0,2,70.40,4.65,3.91,50.42,31.76
198.63,0,,70.43,31.77,0,1,70.41,4.73,3.92,50.51,31.83
198.75,0,,70.41,31.77,1,0,70.62,4.69,3.93,50.48,31.78
198.87,0,,70.54,31.78,1,0,71.03,4.67,3.94,50.47,31.75
198.93,0,,70.73,31.77,1,0,70.66,4.69,3.93,50.48,31.78
199.08,0,,70.78,31.77,1,0,70.57,4.67,3.89,50.42,31.80
199.14,0,,70.68,31.79,1,0,70.42,4.75,3.93,50.54,31.84
199.23,0,,70.49,31.79,2,-1,70.08,4.68,4.00,50.54,31.70
199.38,0,,70.32,31.74,2,-1,70.47,4.50,4.00,50.36,31.52
199.44,0,,70.28,31.65,2,-1,70.30,4.58,3.93,50.37,31.67
199.59,0,,70.27,31.62,2,-1,70.11,4.62,3.93,50.41,31.71
199.65,0,,70.27,31.65,4,-2,70.52,4.66,3.98,50.50,31.70
199.74,0,,70.32,31.70,4,-2,70.32,4.73,3.94,50.53,31.81
199.83,0,,70.38,31.74,4,-2,70.46,4.64,3.93,50.43,31.73
199.98,0,,70.48,31.75,1,0,70.91,4.60,3.96,50.42,31.66
200.07,0,,70.61,31.71,1,0,70.45,4.62,3.98,50.46,31.66
200.13,0,,70.58,31.66,1,0,70.11,4.63,4.03,50.52,31.62
200.25,0,,70.41,31.63,0,1,70.45,4.66,4.05,50.57,31.63
200.34,0,,70.32,31.62,0,1,70.28,4.64,4.00,50.50,31.66
200.43,0,,70.29,31.62,1,0,70.25,4.55,3.99,50.40,31.58
200.58,0,,70.30,31.59,2,-1,70.51,4.48,4.03,50.37,31.47
200.64,0,,70.38,31.54,2,-1,70.52,4.54,4.00,50.40,31.56
200.73,0,,70.47,31.53,2,-1,70.46,4.61,4.02,50.49,31.61
200.85,0,,70.49,31.55,2,-1,70.42,4.59,4.03,50.48,31.58
200.94,0,,70.48,31.58,2,-1,70.55,4.60,3.96,50.42,31.66
201.06,0,,70.47,31.61,2,-1,70.32,4.54,3.99,50.39,31.57
201.18,0,,70.39,31.59,2,-1,70.09,4.53,4.06,50.45,31.49
201.27,0,,70.32,31.56,2,-1,70.68,4.64,4.06,50.56,31.60
201.33,0,,70.42,31.55,2,-1,70.70,4.61,4.03,50.50,31.60
201.45,0,,70.54,31.56,1,0,70.33,4.51,4.05,50.42,31.48
201.57,0,,70.57,31.52,1,0,70.74,4.47,4.05,50.38,31.44
201.66,0,,70.59,31.48,1,0,70.61,4.50,4.01,50.37,31.51
201.75,0,,70.57,31.47,1,0,70.21,4.52,4.04,50.42,31.50
201.84,0,,70.44,31.48,1,0,70.30,4.48,4.06,50.40,31.44
201.93,0,,70.27,31.47,1,0,69.91,4.49,4.02,50.37,31.49
202.08,0,,70.15,31.46,1,0,70.45,4.43,4.03,50.32,31.42
202.14,0,,70.14,31.43,2,-1,69.93,4.37,4.05,50.28,31.34
202.23,0,,70.15,31.40,4,-2,70.41,4.47,4.06,50.39,31.43
202.35,0,,70.22,31.39,4,-2,70.37,4.55,4.12,50.53,31.45
202.44,0,,70.27,31.40,4,-2,69.95,4.49,4.15,50.50,31.36
202.59,0,,70.19,31.39,4,-2,70.13,4.47,4.10,50.43,31.39
202.65,0,,70.13,31.39,2,-1,70.29,4.51,4.07,50.44,31.46
202.77,0,,70.15,31.41,2,-1,70.08,4.54,4.11,50.51,31.45
202.86,0,,70.13,31.44,2,-1,69.94,4.57,4.15,50.58,31.44
202.95,0,,70.09,31.44,2,-1,70.33,4.52,4.13,50.51,31.41
203.07,0,,70.15,31.43,2,-1,70.29,4.49,4.10,50.45,31.41
203.19,0,,70.24,31.42,2,-1,70.23,4.52,4.10,50.48,31.44
203.25,0,,70.26,31.43,1,0,70.16,4.55,4.07,50.48,31.50
203.34,0,,70.23,31.46,1,0,70.20,4.59,4.09,50.54,31.52
203.43,0,,70.18,31.49,0,1,70.04,4.58,4.13,50.57,31.47
203.58,0,,70.06,31.48,1,0,69.64,4.49,4.13,50.48,31.38
203.64,0,,69.91,31.43,2,-1,70.07,4.44,4.13,50.43,31.33
203.73,0,,69.92,31.38,2,-1,70.23,4.52,4.09,50.47,31.45
203.85,0,,70.10,31.39,2,-1,70.52,4.55,4.11,50.52,31.46
203.94,0,,70.26,31.41,2,-1,69.99,4.55,4.20,50.61,31.37
204.06,0,,70.30,31.41,2,-1,70.50,4.58,4.16,50.60,31.44
204.15,0,,70.35,31.41,1,0,70.53,4.53,4.14,50.53,31.41
204.24,0,,70.38,31.40,1,0,69.98,4.44,4.16,50.46,31.30
204.33,0,,70.20,31.36,0,1,69.56,4.44,4.14,50.44,31.32
204.48,0,,69.95,31.33,1,0,70.20,4.52,4.15,50.53,31.39
204.57,0,,70.00,31.35,1,0,70.73,4.59,4.16,50.61,31.45
204.63,0,,70.27,31.40,1,0,70.26,4.59,4.13,50.58,31.48
204.81,0,,70.36,31.44,1,0,69.95,4.53,4.15,50.54,31.40
204.85,0,,70.26,31.43,1,0,70.35,4.51,4.18,50.55,31.35
204.93,0,,70.24,31.42,1,0,70.43,4.69,4.16,50.71,31.55
205.08,0,,70.31,31.46,1,0,70.31,4.74,4.18,50.78,31.58
205.14,0,,70.36,31.50,1,0,70.49,4.60,4.21,50.67,31.41
205.23,0,,70.40,31.50,0,1,70.31,4.67,4.16,50.69,31.53
205.35,0,,70.39,31.50,0,1,70.36,4.65,4.10,50.61,31.57
205.44,0,,70.35,31.51,0,1,70.27,4.58,4.15,50.59,31.45
205.56,0,,70.38,31.51,0,1,70.84,4.76,4.21,50.83,31.57
205.65,0,,70.49,31.53,0,1,70.30,4.77,4.16,50.79,31.63
205.74,0,,70.46,31.57,0,1,70.12,4.71,4.17,50.74,31.56
205.83,0,,70.32,31.57,0,1,70.27,4.71,4.22,50.79,31.51
205.95,0,,70.16,31.55,0,1,69.68,4.69,4.20,50.75,31.51
206.07,0,,69.98,31.53,0,1,70.02,4.79,4.22,50.87,31.59
206.16,0,,69.98,31.55,4,-2,70.58,4.85,4.20,50.91,31.67
206.25,0,,70.23,31.61,4,-2,70.66,4.82,4.16,50.84,31.68
206.34,0,,70.48,31.66,2,-1,70.41,4.81,4.16,50.83,31.67
206.43,0,,70.57,31.69,1,0,70.63,4.85,4.12,50.83,31.75
206.58,0,,70.57,31.72,1,0,70.41,4.92,4.16,50.94,31.78
206.64,0,,70.49,31.75,0,1,70.25,4.94,4.23,51.03,31.73
206.73,0,,70.43,31.74,0,1,70.75,4.87,4.20,50.93,31.69
206.85,0,,70.42,31.71,0,2,70.02,4.81,4.21,50.88,31.62
206.94,0,,70.37,31.66,0,2,70.53,4.82,4.18,50.86,31.66
207.06,0,,70.37,31.65,0,1,70.50,4.87,4.16,50.89,31.73
207.15,0,,70.46,31.68,1,0,70.68,4.95,4.22,51.03,31.75
207.24,0,,70.54,31.72,1,0,70.42,4.99,4.23,51.08,31.78
207.33,0,,70.62,31.76,1,0,71.06,4.96,4.18,51.00,31.80
207.45,0,,70.68,31.78,0,1,70.24,4.95,4.23,51.04,31.74
207.57,0,,70.61,31.77,0,1,70.48,4.99,4.28,51.13,31.73
207.63,0,,70.46,31.75,0,1,70.26,5.03,4.28,51.17,31.77
207.75,0,,70.33,31.75,0,1,70.13,5.05,4.27,51.18,31.80
207.84,0,,70.21,31.77,2,-1,70.20,5.01,4.27,51.14,31.76
207.93,0,,70.23,31.78,2,-1,70.68,5.03,4.22,51.11,31.83
208.08,0,,70.32,31.81,4,-2,70.03,5.10,4.22,51.18,31.90
208.14,0,,70.29,31.85,4,-2,70.14,5.15,4.30,51.31,31.87
208.23,0,,70.26,31.89,4,-2,70.66,5.24,4.27,51.37,31.99
208.35,0,,70.36,31.93,4,-2,70.40,5.20,4.21,51.27,32.01
208.44,0,,70.38,31.96,1,0,69.91,5.06,4.24,51.16,31.84
208.56,0,,70.28,31.92,1,0,70.46,5.05,4.29,51.20,31.78
208.65,0,,70.28,31.85,1,0,70.53,5.15,4.30,51.31,31.87
208.74,0,,70.41,31.85,1,0,70.60,5.30,4.25,51.41,32.07
208.83,0,,70.52,31.93,2,-1,70.44,5.27,4.25,51.38,32.04
208.95,0,,70.54,31.99,0,1,70.53,5.12,4.26,51.24,31.88
209.10,0,,70.58,31.97,0,1,70.93,5.14,4.23,51.23,31.93
209.13,0,,70.63,31.93,0,2,70.24,5.18,4.26,51.30,31.94
209.25,0,,70.58,31.93,0,2,70.62,5.24,4.28,51.38,31.98
209.34,0,,70.55,31.96,0,2,70.71,5.30,4.23,51.39,32.09
209.43,0,,70.57,32.01,0,1,70.36,5.23,4.18,51.27,32.07
209.58,0,,70.49,32.04,1,0,70.22,5.14,4.21,51.21,31.95
209.64,0,,70.43,32.01,1,0,70.83,5.16,4.24,51.26,31.94
209.76,0,,70.49,31.98,1,0,70.44,5.27,4.24,51.37,32.05
209.88,0,,70.52,31.99,1,0,70.36,5.32,4.28,51.46,32.06
209.94,0,,70.50,32.03,2,-1,70.71,5.26,4.23,51.35,32.05
210.06,0,,70.48,32.05,2,-1,70.12,5.23,4.17,51.26,32.08
210.15,0,,70.40,32.06,2,-1,70.39,5.25,4.27,51.38,32.00
210.24,0,,70.37,32.04,2,-1,70.70,5.31,4.31,51.48,32.02
210.33,0,,70.49,32.03,2,-1,70.67,5.36,4.24,51.46,32.14
210.45,0,,70.58,32.05,1,0,70.32,5.27,4.25,51.38,32.04
210.57,0,,70.55,32.05,0,1,70.59,5.21,4.24,51.31,31.99
210.63,0,,70.45,32.03,0,1,70.01,5.26,4.23,51.35,32.05
210.75,0,,70.38,32.03,0,1,70.85,5.30,4.25,51.41,32.07
210.84,0,,70.48,32.06,0,1,70.69,5.40,4.26,51.52,32.16
210.94,0,,70.57,32.10,0,1,70.19,5.41,4.29,51.56,32.14
211.08,0,,70.51,32.13,0,1,70.56,5.40,4.32,51.58,32.10
211.17,0,,70.47,32.13,1,0,70.55,5.46,4.31,51.63,32.17
211.23,0,,70.47,32.14,1,0,70.33,5.44,4.30,51.60,32.16
211.35,0,,70.48,32.16,1,0,70.72,5.53,4.28,51.67,32.27
211.44,0,,70.55,32.22,1,0,70.68,5.55,4.26,51.67,32.31
211.56,0,,70.54,32.22,1,0,69.88,5.34,4.46,51.66,31.90
211.65,0,,70.31,32.03,1,0,70.01,5.17,4.84,51.87,31.35
211.74,0,,70.09,31.69,1,0,70.10,5.19,4.86,51.91,31.35
211.83,0,,70.15,31.45,4,-2,71.11,5.27,4.71,51.84,31.58
211.95,0,,70.45,31.41,4,-2,70.45,5.21,4.75,51.82,31.48
212.07,0,,70.60,31.44,1,0,70.31,5.22,4.81,51.89,31.43
212.13,0,,70.52,31.45,1,0,70.38,5.28,4.86,52.00,31.44
212.25,0,,70.42,31.45,1,0,70.40,5.20,4.74,51.80,31.48
212.34,0,,70.41,31.47,1,0,70.65,5.25,4.70,51.81,31.57
212.43,0,,70.50,31.51,1,0,70.69,5.33,4.82,52.01,31.53
212.58,0,,70.57,31.53,1,0,70.30,5.27,4.76,51.89,31.53
212.64,0,,70.55,31.55,0,2,70.69,5.36,4.72,51.94,31.66
212.73,0,,70.53,31.62,0,1,70.45,5.49,4.69,52.04,31.82
212.85,0,,70.47,31.75,1,0,70.11,5.66,4.60,52.12,32.08
212.94,0,,70.33,31.93,1,0,70.27,5.82,4.69,52.37,32.15
213.06,0,,70.23,32.07,1,0,70.19,5.77,4.78,52.41,32.01
213.15,0,,70.24,32.10,1,0,70.55,5.78,4.71,52.35,32.09
213.24,0,,70.36,32.09,1,0,70.57,5.81,4.71,52.38,32.12
213.33,0,,70.45,32.10,1,0,70.18,5.81,4.75,52.42,32.08
213.45,0,,70.40,32.10,2,-1,70.32,5.91,4.75,52.52,32.18
213.57,0,,70.35,32.13,2,-1,70.46,5.94,4.76,52.56,32.20
213.63,0,,70.42,32.16,2,-1,70.80,5.91,4.77,52.54,32.16
213.75,0,,70.52,32.18,1,0,70.24,5.92,4.73,52.51,32.21
213.84,0,,70.49,32.19,1,0,70.36,5.93,4.72,52.51,32.23
213.93,0,,70.41,32.21,0,1,70.40,6.02,4.80,52.68,32.24
214.08,0,,70.37,32.24,1,0,70.39,6.13,4.82,52.81,32.33
214.14,0,,70.37,32.28,1,0,70.39,6.11,4.79,52.76,32.34
214.23,0,,70.44,32.31,1,0,70.82,6.09,4.81,52.76,32.30
214.35,0,,70.55,32.33,0,1,70.41,6.13,4.78,52.77,32.37
214.44,0,,70.57,32.34,1,0,70.45,6.17,4.79,52.82,32.40
214.56,0,,70.58,32.35,1,0,71.03,6.18,4.94,52.98,32.26
214.65,0,,70.75,32.30,1,0,71.08,6.11,5.01,52.98,32.12
214.74,0,,70.92,32.22,1,0,70.74,6.14,4.91,52.91,32.25
214.83,0,,70.98,32.20,0,2,71.20,6.20,4.92,52.98,32.30
214.95,0,,70.96,32.24,0,2,70.55,6.22,4.97,53.05,32.27
215.07,0,,70.88,32.28,0,2,70.97,6.36,4.97,53.19,32.41
215.13,0,,70.85,32.34,0,2,70.95,6.36,5.00,53.22,32.38
215.25,0,,70.81,32.35,0,2,70.29,6.12,4.92,52.90,32.22
215.34,0,,70.71,32.30,0,1,71.01,5.96,4.77,52.59,32.21
215.43,0,,70.71,32.24,0,1,70.72,5.93,4.73,52.52,32.22
215.58,0,,70.78,32.20,0,1,70.95,5.86,4.69,52.41,32.19
215.64,0,,70.87,32.19,2,-1,71.05,5.82,4.66,52.34,32.18
215.73,0,,71.02,32.17,2,-1,71.35,5.84,4.73,52.43,32.13
215.85,0,,71.13,32.15,0,1,70.90,5.85,4.69,52.40,32.18
215.94,0,,71.07,32.16,0,1,70.68,5.83,4.64,52.33,32.21
216.06,0,,70.82,32.16,0,1,70.18,5.80,4.76,52.42,32.06
216.15,0,,70.56,32.13,0,1,70.78,5.86,4.78,52.50,32.10
216.24,0,,70.48,32.10,2,-1,70.41,5.84,4.73,52.43,32.13
216.33,0,,70.43,32.08,4,-2,70.14,5.68,4.73,52.27,31.97
216.45,0,,70.39,32.02,4,-2,70.80,5.50,4.65,52.01,31.87
216.57,0,,70.43,31.93,4,-2,70.19,5.35,4.54,51.75,31.83
216.63,0,,70.47,31.85,4,-2,70.80,5.29,4.50,51.65,31.81
216.75,0,,70.57,31.80,4,-2,70.73,5.19,4.48,51.53,31.73
216.84,0,,70.71,31.74,2,-1,70.85,5.00,4.42,51.28,31.60
216.93,0,,70.80,31.65,2,-1,70.82,4.84,4.39,51.09,31.47
217.08,0,,70.92,31.55,1,0,71.44,4.78,4.35,50.99,31.45
217.14,0,,71.01,31.47,0,2,70.46,4.79,4.36,51.01,31.45
217.23,0,,70.93,31.42,0,2,70.82,4.82,4.44,51.12,31.40
217.35,0,,70.77,31.41,0,2,70.57,4.84,4.40,51.10,31.46
217.44,0,,70.61,31.42,0,2,70.26,4.78,4.36,51.00,31.44
217.56,0,,70.43,31.41,1,0,70.27,4.63,4.44,50.93,31.21
217.65,0,,70.43,31.33,2,-1,71.36,4.65,4.41,50.92,31.26
217.74,0,,70.71,31.29,1,0,70.87,4.78,4.35,50.99,31.45
217.83,0,,70.85,31.32,1,0,70.24,4.69,4.35,50.90,31.36
217.95,0,,70.69,31.34,2,-1,70.57,4.53,4.36,50.75,31.19
218.07,0,,70.56,31.29,2,-1,70.66,4.51,4.31,50.68,31.22
218.13,0,,70.50,31.23,2,-1,70.20,4.45,4.23,50.54,31.24
218.25,0,,70.40,31.21,2,-1,70.30,4.44,4.27,50.57,31.19
218.34,0,,70.33,31.21,2,-1,70.51,4.54,4.31,50.71,31.25
218.43,0,,70.34,31.21,2,-1,70.20,4.47,4.29,50.62,31.20
218.58,0,,70.38,31.21,4,-2,70.72,4.42,4.29,50.57,31.15
218.64,0,,70.49,31.18,2,-1,70.63,4.45,4.27,50.58,31.20
218.73,0,,70.64,31.18,2,-1,70.89,4.48,4.29,50.63,31.21
218.85,0,,70.75,31.20,1,0,70.68,4.60,4.34,50.80,31.28
218.94,0,,70.81,31.23,0,1,71.02,4.56,4.36,50.78,31.22
219.06,0,,70.76,31.23,0,2,70.03,4.48,4.35,50.69,31.15
219.15,0,,70.55,31.20,0,2,70.47,4.51,4.36,50.73,31.17
219.33,0,,70.41,31.18,0,1,70.64,4.54,4.33,50.73,31.23
219.33,0,,70.40,31.21,1,0,70.09,4.64,4.33,50.83,31.33
219.48,0,,70.35,31.26,2,-1,70.45,4.65,4.35,50.86,31.32
219.60,0,,70.33,31.30,2,-1,70.36,4.57,4.33,50.76,31.26
219.63,0,,70.36,31.29,2,-1,70.42,4.58,4.32,50.76,31.28
219.75,0,,70.41,31.29,2,-1,70.60,4.62,4.32,50.80,31.32
219.84,0,,70.51,31.30,4,-2,70.66,4.67,4.37,50.90,31.32
219.93,0,,70.63,31.32,2,-1,70.85,4.78,4.36,51.00,31.44
220.08,0,,70.78,31.39,0,1,71.02,4.80,4.28,50.94,31.54
220.14,0,,70.86,31.44,0,1,70.56,4.70,4.35,50.91,31.37
220.23,0,,70.78,31.43,0,1,70.51,4.67,4.40,50.93,31.29
220.35,0,,70.65,31.38,0,2,70.68,4.76,4.35,50.97,31.43
220.44,0,,70.61,31.38,0,2,70.68,4.88,4.39,51.13,31.51
220.56,0,,70.64,31.44,0,1,70.71,4.88,4.39,51.13,31.51
220.65,0,,70.66,31.49,0,1,70.56,4.86,4.35,51.07,31.53
220.83,0,,70.70,31.52,1,0,71.06,4.87,4.40,51.13,31.49
220.83,0,,70.76,31.52,0,1,70.50,4.90,4.38,51.14,31.54
220.95,0,,70.76,31.54,0,1,70.86,4.99,4.35,51.20,31.66
221.07,0,,70.72,31.58,0,1,70.49,4.95,4.42,51.23,31.55
221.13,0,,70.61,31.57,1,0,70.29,4.88,4.46,51.20,31.44
221.25,0,,70.51,31.52,1,0,70.78,4.88,4.44,51.18,31.46
221.34,0,,70.55,31.48,2,-1,70.69,4.91,4.40,51.17,31.53
221.43,0,,70.63,31.50,2,-1,70.60,5.03,4.39,51.28,31.66
221.58,0,,70.60,31.57,2,-1,70.25,5.06,4.41,51.33,31.67
221.64,0,,70.43,31.62,2,-1,70.07,4.93,4.41,51.20,31.54
221.73,0,,70.27,31.60,4,-2,70.41,4.93,4.43,51.22,31.52
221.85,0,,70.26,31.57,4,-2,70.50,5.00,4.41,51.27,31.61
221.94,0,,70.36,31.58,2,-1,70.42,5.03,4.38,51.27,31.67
222.06,0,,70.52,31.63,2,-1,71.13,5.17,4.39,51.42,31.80
222.15,0,,70.73,31.71,2,-1,70.64,5.16,4.40,51.42,31.78
222.33,0,,70.80,31.75,2,-1,70.63,5.04,4.43,51.33,31.63
222.33,0,,70.74,31.71,0,1,70.71,5.05,4.46,51.37,31.61
222.45,0,,70.70,31.66,0,2,70.69,5.11,4.43,51.40,31.70
222.57,0,,70.66,31.67,0,2,70.50,5.24,4.43,51.53,31.83
222.63,0,,70.60,31.73,0,2,70.56,5.20,4.46,51.52,31.76
222.75,0,,70.57,31.74,0,1,70.70,5.04,4.50,51.40,31.56
222.84,0,,70.64,31.68,0,1,70.90,5.09,4.53,51.48,31.58
222.93,0,,70.76,31.62,1,0,70.82,5.22,4.52,51.60,31.72
223.08,0,,70.77,31.64,1,0,70.32,5.29,4.58,51.73,31.73
223.14,0,,70.66,31.68,1,0,70.81,5.27,4.59,51.72,31.70
223.23,0,,70.64,31.71,1,0,70.74,5.25,4.50,51.61,31.77
223.35,0,,70.69,31.73,1,0,70.70,5.25,4.56,51.67,31.71
223.44,0,,70.74,31.73,1,0,70.91,5.27,4.61,51.74,31.68
223.56,0,,70.75,31.73,0,1,70.35,5.39,4.57,51.82,31.84
223.65,0,,70.66,31.76,0,1,70.74,5.38,4.60,51.84,31.80
223.74,0,,70.61,31.79,1,0,70.59,5.36,4.57,51.79,31.81
223.83,0,,70.68,31.82,1,0,71.15,5.42,4.53,51.81,31.91
223.98,0,,70.76,31.84,1,0,70.30,5.39,4.59,51.84,31.82
224.07,0,,70.69,31.83,0,1,70.60,5.39,4.69,51.94,31.72
224.13,0,,70.64,31.79,0,1,71.02,5.47,4.70,52.03,31.79
224.25,0,,70.71,31.77,0,1,70.53,5.47,4.66,51.99,31.83
224.34,0,,70.72,31.78,0,1,70.67,5.43,4.68,51.97,31.77
224.43,0,,70.67,31.79,1,0,70.63,5.45,4.65,51.96,31.82
224.58,0,,70.72,31.81,1,0,71.19,5.50,4.65,52.01,31.87
224.64,0,,70.85,31.82,1,0,70.79,5.50,4.72,52.08,31.80
224.73,0,,70.89,31.82,1,0,70.67,5.46,4.71,52.03,31.77
224.85,0,,70.78,31.79,1,0,70.46,5.43,4.70,51.99,31.75
224.94,0,,70.61,31.76,1,0,70.46,5.43,4.69,51.98,31.76
225.06,0,,70.48,31.75,1,0,70.42,5.45,4.68,51.99,31.79
225.15,0,,70.43,31.77,1,0,70.53,5.53,4.69,52.08,31.86
225.33,0,,70.51,31.81,1,0,70.91,5.55,4.72,52.13,31.85
225.33,0,,70.60,31.82,1,0,70.22,5.44,4.77,52.07,31.69
225.45,0,,70.56,31.76,4,-2,70.57,5.36,4.77,51.99,31.61
225.57,0,,70.52,31.68,4,-2,70.65,5.38,4.73,51.97,31.67
225.63,0,,70.58,31.66,2,-1,70.78,5.49,4.76,52.11,31.75
225.75,0,,70.67,31.69,2,-1,70.65,5.57,4.82,52.25,31.77
225.84,0,,70.70,31.73,1,0,70.62,5.52,4.82,52.20,31.72
225.93,0,,70.61,31.74,1,0,70.16,5.49,4.82,52.17,31.69
226.08,0,,70.47,31.73,1,0,70.65,5.53,4.79,52.18,31.76
226.14,0,,70.48,31.73,1,0,70.74,5.49,4.76,52.11,31.75
226.23,0,,70.62,31.74,1,0,70.88,5.50,4.78,52.14,31.74
226.35,0,,70.78,31.74,0,1,70.93,5.52,4.78,52.16,31.76
226.44,0,,70.90,31.74,0,1,70.97,5.47,4.75,52.08,31.74
226.56,0,,70.88,31.74,0,1,70.34,5.46,4.75,52.07,31.73
226.65,0,,70.76,31.73,0,1,70.94,5.45,4.76,52.07,31.71
226.74,0,,70.70,31.71,1,0,70.67,5.48,4.78,52.12,31.72
226.83,0,,70.62,31.71,1,0,70.02,5.49,4.80,52.15,31.71
226.95,0,,70.37,31.68,1,0,70.03,5.36,4.86,52.08,31.52
227.07,0,,70.16,31.61,2,-1,70.33,5.37,4.85,52.08,31.54
227.13,0,,70.19,31.56,4,-2,70.59,5.43,4.79,52.08,31.66
227.25,0,,70.33,31.57,4,-2,70.28,5.42,4.85,52.13,31.59
227.34,0,,70.41,31.59,4,-2,70.46,5.47,4.88,52.21,31.61
227.43,0,,70.42,31.62,4,-2,70.40,5.57,4.86,52.29,31.73
227.58,0,,70.41,31.65,4,-2,70.30,5.48,4.91,52.25,31.59
227.65,0,,70.30,31.62,2,-1,69.78,5.38,4.94,52.18,31.46
227.73,0,,70.16,31.56,2,-1,70.51,5.50,4.93,52.29,31.59
227.85,0,,70.10,31.54,2,-1,69.69,5.52,4.97,52.35,31.57
227.94,0,,70.08,31.55,2,-1,70.46,5.57,5.00,52.43,31.59
228.06,0,,70.18,31.60,4,-2,70.56,5.73,4.93,52.52,31.82
228.15,0,,70.37,31.69,2,-1,70.39,5.68,4.93,52.47,31.77
228.24,0,,70.53,31.75,2,-1,70.95,5.69,5.01,52.56,31.70
228.33,0,,70.71,31.78,0,1,70.91,5.88,4.98,52.72,31.92
228.45,0,,70.83,31.83,0,2,70.57,5.86,4.93,52.65,31.95
228.57,0,,70.85,31.88,0,2,71.17,5.73,4.95,52.54,31.80
228.63,0,,70.89,31.88,0,2,70.76,5.89,5.03,52.78,31.88
228.75,0,,70.89,31.88,0,2,70.74,5.98,5.07,52.91,31.93
228.87,0,,70.74,31.89,0,2,70.23,5.88,5.03,52.77,31.87
228.93,0,,70.56,31.89,0,2,70.66,6.02,5.10,52.98,31.94
229.08,0,,70.47,31.91,0,1,70.36,6.15,5.20,53.21,31.97
229.17,0,,70.48,31.95,0,1,70.75,6.11,5.14,53.11,31.99
229.23,0,,70.49,31.97,4,-2,70.13,6.06,5.09,53.01,31.99
229.35,0,,70.45,31.97,4,-2,70.61,5.95,5.12,52.93,31.85
229.44,0,,70.45,31.91,4,-2,70.50,5.85,5.10,52.81,31.77
229.56,0,,70.46,31.84,4,-2,70.27,5.87,5.05,52.78,31.84
229.65,0,,70.41,31.80,4,-2,70.38,5.88,5.06,52.80,31.84
229.74,0,,70.32,31.81,2,-1,70.08,5.79,4.96,52.61,31.85
229.83,0,,70.27,31.82,2,-1,70.51,5.65,4.88,52.39,31.79
229.95,0,,70.33,31.79,2,-1,70.57,5.50,4.89,52.25,31.63
230.07,0,,70.42,31.71,1,0,70.20,5.42,4.86,52.14,31.58
230.13,0,,70.46,31.63,1,0,70.82,5.47,4.86,52.19,31.63
230.25,0,,70.54,31.59,1,0,70.52,5.37,4.83,52.06,31.56
230.37,0,,70.61,31.56,0,1,70.72,5.23,4.80,51.89,31.45
230.43,0,,70.66,31.52,0,1,70.72,5.32,4.78,51.96,31.56
230.58,0,,70.70,31.50,0,2,70.66,5.26,4.78,51.90,31.50
230.64,0,,70.71,31.50,0,2,70.77,5.32,4.85,52.03,31.49
230.73,0,,70.72,31.53,0,2,70.68,5.55,4.83,52.24,31.74
230.85,0,,70.67,31.59,0,2,70.37,5.38,4.84,52.08,31.56
230.94,0,,70.61,31.60,0,1,70.89,5.30,4.87,52.03,31.45
231.06,0,,70.68,31.56,0,1,70.92,5.47,4.82,52.15,31.67
231.15,0,,70.81,31.57,0,1,70.86,5.46,4.83,52.15,31.65
231.24,0,,70.82,31.61,0,1,70.37,5.48,4.88,52.22,31.62
231.33,0,,70.68,31.62,0,1,70.61,5.50,4.91,52.27,31.61
231.45,0,,70.57,31.60,0,1,70.55,5.33,4.92,52.11,31.43
231.57,0,,70.46,31.53,2,-1,70.00,5.32,4.88,52.06,31.46
231.66,0,,70.33,31.49,2,-1,70.53,5.46,4.86,52.18,31.62
231.75,0,,70.33,31.53,4,-2,70.51,5.52,4.91,52.29,31.63
231.84,0,,70.49,31.59,4,-2,70.98,5.54,4.89,52.29,31.67
231.93,0,,70.68,31.65,4,-2,70.65,5.54,4.83,52.23,31.73
232.08,0,,70.77,31.67,1,0,70.72,5.39,4.89,52.14,31.52
232.14,0,,70.71,31.61,1,0,70.31,5.33,4.94,52.13,31.41
232.23,0,,70.50,31.52,1,0,70.06,5.48,4.91,52.25,31.59
232.35,0,,70.34,31.51,1,0,70.77,5.55,4.92,52.33,31.65
232.44,0,,70.35,31.56,1,0,70.18,5.47,4.90,52.23,31.59
232.59,0,,70.43,31.60,2,-1,70.83,5.43,4.83,52.12,31.62
232.65,0,,70.56,31.62,2,-1,70.73,5.46,4.83,52.15,31.65
232.74,0,,70.68,31.63,2,-1,70.57,5.49,4.85,52.20,31.66
232.83,0,,70.74,31.66,2,-1,71.04,5.57,4.84,52.27,31.75
232.95,0,,70.81,31.70,0,1,70.77,5.58,4.87,52.31,31.73
233.07,0,,70.82,31.70,0,2,70.55,5.47,4.90,52.23,31.59
233.13,0,,70.74,31.66,0,2,70.78,5.47,4.90,52.23,31.59
233.25,0,,70.69,31.62,0,2,70.63,5.55,4.92,52.33,31.65
233.34,0,,70.67,31.61,1,0,70.64,5.62,4.96,52.44,31.68
233.43,0,,70.66,31.65,1,0,70.76,5.67,4.95,52.48,31.74
233.58,0,,70.69,31.69,1,0,70.69,5.63,4.94,52.43,31.71
233.64,0,,70.76,31.71,1,0,71.12,5.61,4.97,52.44,31.66
233.73,0,,70.82,31.70,1,0,70.39,5.65,4.96,52.47,31.71
233.85,0,,70.73,31.69,0,1,70.57,5.69,5.00,52.55,31.71
233.94,0,,70.61,31.70,1,0,70.73,5.74,5.03,52.63,31.73
234.06,0,,70.64,31.72,1,0,70.82,5.78,4.99,52.63,31.81
234.15,0,,70.74,31.77,1,0,70.95,5.79,4.95,52.60,31.86
234.33,0,,70.79,31.81,0,1,70.39,5.72,4.97,52.55,31.77
234.33,0,,70.63,31.80,0,1,70.12,5.73,5.05,52.64,31.70
234.45,0,,70.42,31.77,2,-1,70.64,5.92,5.11,52.89,31.83
234.57,0,,70.39,31.78,4,-2,70.49,6.02,5.13,53.01,31.91
234.63,0,,70.47,31.84,4,-2,70.59,6.02,5.15,53.03,31.89
234.75,0,,70.54,31.88,1,0,70.55,6.05,5.17,53.08,31.90
234.84,0,,70.62,31.90,1,0,70.94,6.03,5.15,53.04,31.90
234.93,0,,70.68,31.91,1,0,70.36,6.06,5.14,53.06,31.94
235.08,0,,70.62,31.93,2,-1,70.47,6.15,5.12,53.13,32.05
235.14,0,,70.61,31.98,1,0,71.21,6.07,5.05,52.98,32.04
235.23,0,,70.78,32.00,1,0,70.87,5.86,5.03,52.75,31.85
235.35,0,,70.93,31.92,0,2,70.95,5.73,5.08,52.67,31.67
235.44,0,,70.93,31.80,0,2,70.59,5.75,5.06,52.67,31.71
235.56,0,,70.86,31.73,0,2,71.06,5.84,5.04,52.74,31.82
235.65,0,,70.82,31.72,0,2,70.61,5.85,5.17,52.88,31.70
235.74,0,,70.80,31.71,0,1,70.94,5.86,5.27,52.99,31.61
235.83,0,,70.82,31.69,0,1,70.88,6.03,5.23,53.12,31.82
235.95,0,,70.81,31.71,0,1,70.49,6.03,5.31,53.20,31.74
236.07,0,,70.72,31.71,1,0,70.66,5.86,5.37,53.09,31.51
236.16,0,,70.61,31.65,1,0,70.48,5.80,5.20,52.86,31.62
236.25,0,,70.49,31.60,4,-2,70.13,5.76,5.14,52.76,31.64
236.34,0,,70.37,31.58,4,-2,70.56,5.64,5.21,52.71,31.45
236.43,0,,70.43,31.51,4,-2,70.96,5.50,5.17,52.53,31.35
236.58,0,,70.62,31.43,4,-2,70.56,5.50,5.10,52.46,31.42
236.64,0,,70.70,31.40,2,-1,70.62,5.60,5.14,52.60,31.48
236.76,0,,70.60,31.42,2,-1,70.10,5.52,5.11,52.49,31.43
236.85,0,,70.42,31.41,2,-1,70.40,5.34,5.07,52.27,31.29
236.94,0,,70.29,31.35,2,-1,70.17,5.31,5.12,52.29,31.21
237.06,0,,70.28,31.28,1,0,70.62,5.44,5.16,52.46,31.30
237.15,0,,70.40,31.28,1,0,70.60,5.59,5.14,52.59,31.47
237.24,0,,70.57,31.34,1,0,70.85,5.62,5.23,52.71,31.41
237.33,0,,70.73,31.39,1,0,70.84,5.67,5.36,52.89,31.33
237.45,0,,70.72,31.38,1,0,69.99,5.76,5.43,53.05,31.35
237.57,0,,70.55,31.35,0,1,70.77,5.68,5.43,52.97,31.27
237.63,0,,70.46,31.32,0,1,70.36,5.60,5.26,52.72,31.36
237.75,0,,70.41,31.32,0,1,70.17,5.45,5.15,52.46,31.32
237.84,0,,70.36,31.30,2,-1,70.64,5.35,5.18,52.39,31.19
237.93,0,,70.40,31.30,2,-1,70.41,5.71,5.22,52.79,31.51
238.08,0,,70.49,31.36,2,-1,70.76,5.87,5.35,53.08,31.54
238.14,0,,70.62,31.45,2,-1,70.81,5.68,5.29,52.83,31.41
238.23,0,,70.69,31.48,2,-1,70.41,5.66,5.17,52.69,31.51
238.35,0,,70.61,31.47,1,0,70.34,5.51,5.19,52.56,31.34
238.44,0,,70.41,31.40,1,0,70.06,5.25,5.08,52.19,31.19
238.56,0,,70.22,31.29,1,0,70.16,5.16,5.00,52.02,31.18
238.65,0,,70.15,31.20,2,-1,70.36,5.10,5.00,51.96,31.12
238.74,0,,70.25,31.14,2,-1,70.60,5.07,4.92,51.85,31.17
238.83,0,,70.36,31.13,4,-2,70.04,5.01,4.92,51.79,31.11
238.95,0,,70.38,31.09,2,-1,70.72,4.78,4.92,51.56,30.88
239.07,0,,70.41,30.98,2,-1,70.18,4.59,4.81,51.26,30.80
239.13,0,,70.38,30.86,2,-1,70.27,4.50,4.73,51.09,30.79
239.25,0,,70.25,30.78,2,-1,69.88,4.39,4.70,50.95,30.71
239.34,0,,70.15,30.72,2,-1,70.48,4.35,4.69,50.90,30.68
239.43,0,,70.19,30.70,2,-1,70.25,4.37,4.65,50.88,30.74
239.58,0,,70.30,30.69,2,-1,70.54,4.29,4.64,50.79,30.67
239.64,0,,70.34,30.66,2,-1,69.97,4.15,4.66,50.67,30.51
239.73,0,,70.33,30.60,2,-1,70.74,4.18,4.64,50.68,30.56
239.85,0,,70.38,30.57,2,-1,70.28,4.29,4.64,50.79,30.67
239.97,0,,70.36,30.59,1,0,69.95,4.27,4.66,50.79,30.63
240.06,0,,70.19,30.62,0,1,70.06,4.24,4.64,50.74,30.62
240.15,0,,70.07,30.62,2,-1,70.12,4.21,4.64,50.71,30.59
240.24,0,,70.06,30.61,2,-1,70.18,4.18,4.65,50.69,30.55
240.33,0,,70.12,30.59,2,-1,70.19,4.32,4.66,50.84,30.68
240.45,0,,70.13,30.62,2,-1,69.90,4.40,4.71,50.97,30.71
240.57,0,,70.17,30.66,2,-1,70.77,4.32,4.69,50.87,30.65
240.63,0,,70.29,30.69,2,-1,70.08,4.39,4.62,50.87,30.79
240.75,0,,70.35,30.72,2,-1,70.47,4.39,4.67,50.92,30.74
240.84,0,,70.37,30.74,1,0,70.40,4.37,4.72,50.95,30.67
240.93,0,,70.39,30.75,1,0,70.36,4.59,4.71,51.16,30.90
241.08,0,,70.41,30.80,0,2,70.52,4.58,4.72,51.16,30.88
241.14,0,,70.47,30.85,0,2,70.66,4.51,4.68,51.05,30.85
241.23,0,,70.52,30.88,0,2,70.31,4.61,4.68,51.15,30.95
241.35,0,,70.50,30.90,0,2,70.52,4.60,4.73,51.19,30.89
241.44,0,,70.50,30.92,0,1,70.68,4.74,4.75,51.35,31.01
241.56,0,,70.53,30.97,0,1,70.40,4.88,4.74,51.48,31.16
241.65,0,,70.50,31.06,0,1,70.34,4.77,4.66,51.29,31.13
241.74,0,,70.34,31.11,0,1,69.74,4.70,4.66,51.22,31.06
241.83,0,,70.15,31.10,1,0,70.48,4.75,4.74,51.35,31.03
241.95,0,,70.15,31.08,4,-2,70.30,4.88,4.73,51.47,31.17
242.07,0,,70.28,31.12,4,-2,70.50,5.01,4.73,51.60,31.30
242.13,0,,70.44,31.21,2,-1,70.75,5.08,4.74,51.68,31.36
242.25,0,,70.48,31.30,2,-1,69.79,5.04,4.73,51.63,31.33
242.34,0,,70.37,31.33,2,-1,70.60,5.00,4.78,51.64,31.24
242.43,0,,70.32,31.33,2,-1,70.34,5.25,4.79,51.90,31.48
242.58,0,,70.38,31.40,1,0,70.52,5.43,4.81,52.10,31.64
242.64,0,,70.43,31.50,1,0,70.42,5.31,4.82,51.99,31.51
242.73,0,,70.47,31.56,1,0,70.51,5.32,4.76,51.94,31.58
242.85,0,,70.52,31.58,0,1,70.74,5.37,4.77,52.00,31.62
242.94,0,,70.53,31.60,0,1,70.04,5.33,4.78,51.97,31.57
243.06,0,,70.44,31.60,0,1,70.64,5.42,4.78,52.06,31.66
243.15,0,,70.47,31.62,0,1,70.83,5.50,4.83,52.19,31.69
243.24,0,,70.58,31.65,0,1,70.38,5.43,4.80,52.09,31.65
243.33,0,,70.53,31.65,0,1,70.16,5.36,4.77,51.99,31.61
243.45,0,,70.38,31.62,1,0,70.36,5.31,4.79,51.96,31.54
243.57,0,,70.35,31.58,1,0,70.72,5.35,4.79,52.00,31.58
243.63,0,,70.42,31.57,2,-1,70.19,5.43,4.81,52.10,31.64
243.75,0,,70.46,31.59,2,-1,70.69,5.37,4.77,52.00,31.62
243.84,0,,70.50,31.61,1,0,70.54,5.35,4.73,51.94,31.64
243.93,0,,70.59,31.62,1,0,70.78,5.26,4.68,51.80,31.60
244.08,0,,70.67,31.61,0,1,70.71,5.15,4.62,51.63,31.55
244.14,0,,70.74,31.59,0,1,70.81,5.35,4.70,51.91,31.67
244.23,0,,70.69,31.61,0,1,70.15,5.37,4.74,51.97,31.65
244.35,0,,70.56,31.61,0,1,70.72,5.15,4.68,51.69,31.49
244.47,0,,70.50,31.57,0,1,70.46,5.22,4.72,51.80,31.52
244.56,0,,70.51,31.53,0,1,70.58,5.36,4.81,52.03,31.57
244.65,0,,70.54,31.52,0,1,70.65,5.29,4.84,51.99,31.47
244.74,0,,70.61,31.52,1,0,70.73,5.30,4.72,51.88,31.60
244.83,0,,70.67,31.56,0,1,70.69,5.35,4.64,51.85,31.73
244.95,0,,70.70,31.64,0,1,70.67,5.19,4.50,51.55,31.71
245.07,0,,70.72,31.71,0,1,70.85,5.12,4.31,51.29,31.83
245.13,0,,70.76,31.80,0,1,70.77,5.61,4.62,52.09,32.01
245.25,0,,70.81,31.92,0,1,70.98,6.21,5.11,53.18,32.12
245.34,0,,70.80,32.04,0,1,70.31,6.21,5.13,53.20,32.10
245.43,0,,70.69,32.11,0,1,70.81,6.14,5.03,53.03,32.13
245.58,0,,70.67,32.14,0,1,70.91,6.17,5.01,53.04,32.18
245.64,0,,70.77,32.14,0,1,70.87,6.01,4.98,52.85,32.05
245.73,0,,70.85,32.13,0,1,70.81,6.11,4.96,52.93,32.17
245.85,0,,70.88,32.13,0,1,70.96,6.07,4.88,52.81,32.21
245.94,0,,70.81,32.13,0,1,70.19,5.72,4.82,52.40,31.92
246.06,0,,70.64,32.07,0,1,70.76,5.65,4.67,52.18,32.00
246.15,0,,70.66,32.04,0,1,71.34,5.74,4.49,52.09,32.27
246.33,0,,70.79,32.12,1,0,70.19,5.81,4.53,52.20,32.30
246.33,0,,70.78,32.23,0,1,71.07,5.88,4.57,52.31,32.33
246.45,0,,70.78,32.32,0,1,70.82,5.80,4.43,52.09,32.39
246.57,0,,70.81,32.36,0,1,70.63,5.61,4.33,51.80,32.30
246.63,0,,70.78,32.35,0,1,70.91,5.69,4.43,51.98,32.28
246.75,0,,70.78,32.32,0,1,70.74,5.87,4.50,52.23,32.39
246.84,0,,70.79,32.33,0,1,70.80,5.83,4.49,52.18,32.36
246.93,0,,70.82,32.35,0,1,71.00,5.81,4.46,52.13,32.37
247.09,0,,70.87,32.37,0,1,70.83,5.82,4.43,52.11,32.41
247.14,0,,70.93,32.39,0,1,71.12,5.87,4.47,52.20,32.42
247.24,0,,71.04,32.43,0,1,71.38,6.03,4.45,52.34,32.60
247.35,0,,71.13,32.51,0,1,70.76,6.09,4.45,52.40,32.66
247.44,0,,71.08,32.59,0,2,71.04,6.06,4.50,52.42,32.58
247.56,0,,71.04,32.63,0,2,71.29,6.13,4.44,52.43,32.71
247.65,0,,71.03,32.67,0,2,70.58,6.18,4.42,52.46,32.78
247.83,0,,70.92,32.73,0,1,70.82,6.26,4.48,52.60,32.80
247.83,0,,70.85,32.79,0,1,71.14,6.42,4.54,52.82,32.90
247.95,0,,70.85,32.83,0,1,70.43,6.36,4.58,52.80,32.80
248.07,0,,70.84,32.84,2,-1,71.32,6.31,4.51,52.68,32.82
248.13,0,,70.91,32.86,2,-1,70.82,6.47,4.44,52.77,33.05
248.25,0,,70.98,32.92,2,-1,71.06,6.44,4.50,52.80,32.96
248.34,0,,71.04,32.98,2,-1,71.33,6.59,4.52,52.97,33.09
248.43,0,,71.16,33.07,0,1,71.20,6.75,4.43,53.04,33.34
248.58,0,,71.20,33.17,0,1,70.94,6.52,4.46,52.84,33.08
248.67,0,,71.06,33.18,0,1,70.59,6.50,4.49,52.85,33.03
248.73,0,,70.89,33.14,0,1,71.12,6.74,4.43,53.03,33.33
248.85,0,,70.89,33.19,0,1,71.09,6.81,4.46,53.13,33.37
248.97,0,,71.03,33.27,0,1,71.29,6.73,4.51,53.10,33.24
249.06,0,,71.10,33.30,0,1,70.74,6.72,4.45,53.03,33.29
249.15,0,,71.08,33.30,0,1,71.30,6.74,4.43,53.03,33.33
249.24,0,,71.09,33.31,0,1,71.10,6.77,4.44,53.07,33.35
249.33,0,,71.11,33.35,1,0,70.99,6.92,4.41,53.19,33.53
249.45,0,,71.11,33.43,0,1,71.34,6.91,4.41,53.18,33.52
249.57,0,,71.12,33.48,0,1,70.85,6.83,4.42,53.11,33.43
249.63,0,,71.03,33.48,0,1,70.72,6.82,4.41,53.09,33.43
249.75,0,,70.90,33.45,1,0,71.02,6.84,4.41,53.11,33.45
249.84,0,,70.85,33.45,1,0,70.77,6.92,4.44,53.22,33.50
249.93,0,,70.87,33.47,1,0,71.05,7.02,4.45,53.33,33.59
250.08,0,,70.98,33.53,1,0,71.47,7.00,4.44,53.30,33.58
250.14,0,,71.14,33.57,1,0,70.90,6.96,4.41,53.23,33.57
250.23,0,,71.13,33.58,1,0,70.87,6.96,4.40,53.22,33.58
250.35,0,,70.94,33.57,1,0,70.46,6.92,4.48,53.26,33.46
250.44,0,,70.72,33.52,1,0,70.68,6.98,4.52,53.36,33.48
250.56,0,,70.67,33.50,2,-1,71.15,7.08,4.46,53.40,33.64
250.68,0,,70.80,33.55,2,-1,70.80,7.04,4.39,53.29,33.67
250.74,0,,70.89,33.61,2,-1,70.88,6.96,4.42,53.24,33.56
250.83,0,,70.85,33.61,1,0,70.53,6.96,4.45,53.27,33.53
250.96,0,,70.81,33.59,2,-1,71.21,7.08,4.42,53.36,33.68
251.07,0,,70.85,33.61,2,-1,70.70,7.12,4.43,53.41,33.71
251.13,0,,70.89,33.65,2,-1,71.02,7.06,4.46,53.38,33.62
251.31,0,,70.90,33.65,2,-1,70.81,7.06,4.45,53.37,33.63
251.34,0,,70.92,33.64,2,-1,71.08,7.08,4.43,53.37,33.67
251.43,0,,70.87,33.65,2,-1,70.32,7.15,4.46,53.47,33.71
251.58,0,,70.81,33.67,2,-1,71.41,7.17,4.51,53.54,33.68
251.64,0,,70.86,33.68,2,-1,70.57,7.15,4.46,53.47,33.71
251.73,0,,70.86,33.71,2,-1,70.80,7.15,4.35,53.36,33.82
251.85,0,,70.74,33.75,2,-1,70.35,7.11,4.34,53.31,33.79
251.94,0,,70.67,33.78,2,-1,71.19,7.14,4.36,53.36,33.80
252.06,0,,70.81,33.82,2,-1,71.16,7.27,4.31,53.44,33.98
252.15,0,,70.95,33.89,2,-1,70.50,7.31,4.34,53.51,33.99
252.24,0,,70.88,33.93,2,-1,70.81,7.20,4.39,53.45,33.83
252.33,0,,70.79,33.91,2,-1,70.89,7.17,4.37,53.40,33.82
252.45,0,,70.81,33.85,2,-1,70.90,7.15,4.38,53.39,33.79
252.57,0,,70.87,33.80,2,-1,71.00,7.14,4.42,53.42,33.74
252.63,0,,70.95,33.79,1,0,71.05,7.38,4.40,53.64,34.00
252.75,0,,71.02,33.86,1,0,71.06,7.39,4.42,53.67,33.99
252.84,0,,71.05,33.92,1,0,70.99,7.20,4.39,53.45,33.83
252.93,0,,70.98,33.93,0,1,70.58,7.27,4.33,53.46,33.96
253.08,0,,70.80,33.92,1,0,70.55,7.30,4.39,53.55,33.93
253.14,0,,70.71,33.93,1,0,71.16,7.34,4.41,53.61,33.95
253.23,0,,70.80,33.96,1,0,70.83,7.46,4.39,53.71,34.09
253.35,0,,70.92,34.00,1,0,71.14,7.36,4.42,53.64,33.96
253.44,0,,71.00,34.01,1,0,70.89,7.34,4.36,53.56,34.00
253.56,0,,70.99,34.02,1,0,70.85,7.41,4.30,53.57,34.13
253.65,0,,70.87,34.05,1,0,70.50,7.40,4.35,53.61,34.07
253.74,0,,70.70,34.08,2,-1,70.57,7.51,4.43,53.80,34.10
253.83,0,,70.62,34.09,2,-1,70.91,7.51,4.44,53.81,34.09
253.95,0,,70.67,34.09,1,0,70.61,7.42,4.35,53.63,34.09
254.07,0,,70.67,34.09,1,0,70.50,7.47,4.35,53.68,34.14
254.13,0,,70.63,34.10,1,0,70.77,7.48,4.40,53.74,34.10
254.25,0,,70.73,34.11,2,-1,71.28,7.47,4.37,53.70,34.12
254.34,0,,70.88,34.11,1,0,70.54,7.55,4.43,53.84,34.14
254.43,0,,70.94,34.13,1,0,71.28,7.60,4.43,53.89,34.19
254.55,0,,71.01,34.16,0,1,71.09,7.55,4.37,53.78,34.20
254.64,0,,71.05,34.17,0,2,70.76,7.52,4.39,53.77,34.15
254.73,0,,71.01,34.19,0,2,71.19,7.58,4.33,53.77,34.27
254.85,0,,71.00,34.23,0,2,70.89,7.70,4.34,53.90,34.38
254.94,0,,71.00,34.29,0,2,71.04,7.70,4.42,53.98,34.30
255.06,0,,71.03,34.33,0,2,71.25,7.70,4.35,53.91,34.37
255.15,0,,71.10,34.35,0,1,71.10,7.67,4.34,53.87,34.35
255.24,0,,71.04,34.34,0,1,70.31,7.59,4.35,53.80,34.26
255.33,0,,70.82,34.32,1,0,70.96,7.71,4.37,53.94,34.36
255.45,0,,70.79,34.33,1,0,71.24,7.86,4.43,54.15,34.45
255.57,0,,70.97,34.39,2,-1,71.16,7.88,4.35,54.09,34.55
255.63,0,,71.13,34.47,1,0,71.19,7.82,4.30,53.98,34.54
255.75,0,,71.20,34.51,0,1,71.14,7.74,4.33,53.93,34.43
255.84,0,,71.18,34.49,1,0,71.05,7.76,4.35,53.97,34.43
255.93,0,,71.09,34.45,0,1,70.86,7.82,4.40,54.08,34.44
256.05,0,,71.05,34.44,0,1,71.45,7.88,4.40,54.14,34.50
256.14,0,,71.09,34.46,0,1,70.80,7.88,4.38,54.12,34.52
256.23,0,,71.10,34.49,0,1,71.36,7.88,4.41,54.15,34.49
256.36,0,,71.13,34.51,1,0,71.11,7.92,4.39,54.17,34.55
256.44,0,,71.12,34.52,0,1,70.79,7.91,4.39,54.16,34.54
256.56,0,,71.03,34.54,1,0,71.11,7.99,4.46,54.31,34.55
256.65,0,,70.95,34.56,1,0,70.65,8.11,4.45,54.42,34.68
256.74,0,,70.92,34.60,1,0,71.31,8.01,4.43,54.30,34.60
256.83,0,,70.92,34.60,2,-1,70.45,7.87,4.44,54.17,34.45
256.95,0,,70.89,34.54,2,-1,71.21,7.89,4.42,54.17,34.49
257.07,0,,70.95,34.51,2,-1,71.19,8.00,4.42,54.28,34.60
257.13,0,,71.09,34.52,2,-1,71.15,7.98,4.50,54.34,34.50
257.25,0,,71.28,34.51,1,0,72.03,7.89,4.45,54.20,34.46
257.34,0,,71.62,34.50,0,1,72.12,7.92,4.36,54.14,34.58
257.43,0,,71.88,34.51,0,2,71.47,7.90,4.38,54.14,34.54
257.55,0,,71.84,34.53,0,2,71.61,7.88,4.39,54.13,34.51
257.64,0,,71.66,34.53,0,2,71.40,7.97,4.45,54.28,34.54
257.73,0,,71.54,34.52,0,2,71.68,7.92,4.46,54.24,34.48
257.82,0,,71.56,34.51,0,2,71.77,7.89,4.37,54.12,34.54
257.94,0,,71.65,34.51,0,2,71.69,7.88,4.41,54.15,34.49
258.06,0,,71.67,34.48,0,2,71.39,7.81,4.44,54.11,34.39
258.12,0,,71.60,34.46,0,1,71.66,7.93,4.39,54.18,34.56
258.24,0,,71.53,34.48,0,2,71.31,7.97,4.41,54.24,34.58
258.34,0,,71.51,34.53,2,-1,71.82,7.90,4.38,54.14,34.54
258.42,0,,71.55,34.56,2,-1,71.41,7.94,4.38,54.18,34.58
258.60,0,,71.58,34.56,1,0,71.76,7.92,4.45,54.23,34.49
258.63,0,,71.65,34.54,1,0,71.82,7.94,4.40,54.20,34.56
258.72,0,,71.68,34.55,1,0,71.32,8.04,4.37,54.27,34.69
258.84,0,,71.63,34.60,1,0,71.79,8.01,4.43,54.30,34.60
258.93,0,,71.60,34.61,1,0,71.49,7.94,4.45,54.25,34.51
259.06,0,,71.55,34.56,1,0,71.31,7.89,4.45,54.20,34.46
259.14,0,,71.47,34.50,0,1,71.58,7.85,4.42,54.13,34.45
259.23,0,,71.50,34.45,0,1,71.77,7.91,4.45,54.22,34.48
259.33,0,,71.60,34.45,2,-1,71.61,7.97,4.48,54.31,34.51
259.44,0,,71.71,34.48,1,0,72.00,7.95,4.41,54.22,34.56
259.56,0,,71.80,34.52,1,0,71.72,7.95,4.41,54.22,34.56
259.63,0,,71.77,34.54,1,0,71.29,7.95,4.46,54.27,34.51
259.74,0,,71.52,34.53,1,0,70.95,7.96,4.50,54.32,34.48
259.83,0,,71.30,34.52,1,0,71.69,8.02,4.48,54.36,34.56
259.95,0,,71.31,34.53,1,0,71.44,8.01,4.42,54.29,34.61
260.08,0,,71.43,34.54,1,0,71.54,7.87,4.47,54.20,34.42
260.14,0,,71.57,34.49,1,0,72.00,7.83,4.48,54.17,34.37
260.26,0,,71.70,34.44,1,0,71.48,7.89,4.42,54.17,34.49
260.35,0,,71.66,34.43,1,0,71.27,7.91,4.46,54.23,34.47
260.43,0,,71.53,34.44,1,0,71.69,7.88,4.45,54.19,34.45
260.55,0,,71.51,34.45,1,0,71.57,7.87,4.43,54.16,34.46
260.64,0,,71.56,34.46,1,0,71.67,7.90,4.46,54.22,34.46
260.73,0,,71.54,34.46,1,0,71.07,7.95,4.48,54.29,34.49
260.83,0,,71.44,34.47,1,0,71.63,7.95,4.52,54.33,34.45
260.95,0,,71.40,34.45,1,0,71.31,7.88,4.52,54.26,34.38
261.07,0,,71.39,34.42,2,-1,71.38,7.87,4.51,54.24,34.38
261.16,0,,71.41,34.39,1,0,71.69,7.92,4.50,54.28,34.44
261.24,0,,71.56,34.41,1,0,71.95,7.95,4.46,54.27,34.51
261.33,0,,71.73,34.46,1,0,71.65,8.02,4.48,54.36,34.56
261.42,0,,71.73,34.51,1,0,71.31,7.99,4.52,54.37,34.49
261.58,0,,71.59,34.51,1,0,71.60,7.96,4.53,54.35,34.45
261.64,0,,71.49,34.48,1,0,71.33,7.95,4.55,54.36,34.42
261.73,0,,71.42,34.43,1,0,71.40,7.92,4.55,54.33,34.39
261.85,0,,71.42,34.41,1,0,71.69,8.00,4.55,54.41,34.47
261.93,0,,71.54,34.42,1,0,71.84,8.06,4.59,54.51,34.49
262.05,0,,71.71,34.45,1,0,71.82,8.01,4.60,54.47,34.43
262.14,0,,71.78,34.45,1,0,71.54,7.98,4.58,54.42,34.42
262.23,0,,71.76,34.43,1,0,71.90,7.95,4.58,54.39,34.39
262.33,0,,71.77,34.39,0,1,71.81,7.90,4.60,54.36,34.32
262.45,0,,71.75,34.36,0,1,71.39,7.98,4.63,54.47,34.37
262.57,0,,71.60,34.36,1,0,71.34,8.02,4.62,54.50,34.42
262.63,0,,71.47,34.38,0,1,71.64,7.95,4.61,54.42,34.36
262.74,0,,71.52,34.41,0,1,71.87,8.05,4.46,54.37,34.61
262.83,0,,71.67,34.54,1,0,71.76,8.20,4.26,54.32,34.96
262.93,0,,71.76,34.74,1,0,71.63,8.24,4.32,54.42,34.94
263.08,0,,71.72,34.89,1,0,71.54,8.22,4.40,54.48,34.84
263.14,0,,71.67,34.92,1,0,71.85,8.21,4.34,54.41,34.89
263.23,0,,71.70,34.90,1,0,71.80,8.21,4.36,54.43,34.87
263.35,0,,71.78,34.88,0,1,71.86,8.20,4.33,54.39,34.89
263.44,0,,71.88,34.89,0,1,72.19,8.31,4.31,54.48,35.02
263.56,0,,71.93,34.94,0,1,71.49,8.37,4.36,54.59,35.03
263.65,0,,71.85,34.98,0,1,71.81,8.28,4.36,54.50,34.94
263.74,0,,71.74,34.98,0,1,71.63,8.26,4.34,54.46,34.94
263.83,0,,71.65,34.94,0,1,71.46,8.16,4.36,54.38,34.82
263.95,0,,71.54,34.88,0,1,71.34,8.10,4.33,54.29,34.79
264.07,0,,71.45,34.83,0,1,71.60,8.24,4.34,54.44,34.92
264.13,0,,71.50,34.84,1,0,71.84,8.25,4.43,54.54,34.84
264.25,0,,71.65,34.86,4,-2,71.73,8.23,4.37,54.46,34.88
264.34,0,,71.74,34.88,4,-2,71.67,8.27,4.31,54.44,34.98
264.43,0,,71.68,34.90,2,-1,71.28,8.18,4.41,54.45,34.79
264.58,0,,71.49,34.86,2,-1,71.19,8.15,4.42,54.43,34.75
264.64,0,,71.43,34.82,2,-1,72.21,8.31,4.37,54.54,34.96
264.73,0,,71.64,34.86,1,0,71.81,8.35,4.35,54.56,35.02
264.85,0,,71.82,34.92,2,-1,71.68,8.17,4.33,54.36,34.86
264.94,0,,71.82,34.91,0,1,71.73,8.10,4.34,54.30,34.78
265.06,0,,71.77,34.85,0,1,71.77,8.12,4.36,54.34,34.78
265.15,0,,71.71,34.79,0,1,71.46,8.15,4.40,54.41,34.77
265.23,0,,71.62,34.77,0,1,71.55,8.21,4.42,54.49,34.81
265.33,0,,71.49,34.77,0,1,71.15,8.14,4.40,54.40,34.76
265.45,0,,71.40,34.77,2,-1,71.68,8.15,4.38,54.39,34.79
265.57,0,,71.45,34.79,2,-1,71.61,8.21,4.32,54.39,34.91
265.63,0,,71.50,34.82,1,0,71.22,8.13,4.36,54.35,34.79
265.75,0,,71.46,34.82,4,-2,71.53,8.18,4.44,54.48,34.76
265.83,0,,71.44,34.80,4,-2,71.48,8.20,4.36,54.42,34.86
265.93,0,,71.49,34.80,2,-1,71.68,8.09,4.34,54.29,34.77
266.08,0,,71.58,34.79,2,-1,71.76,8.08,4.37,54.31,34.73
266.14,0,,71.65,34.76,1,0,71.42,8.07,4.33,54.26,34.76
266.23,0,,71.60,34.75,1,0,71.52,8.11,4.39,54.36,34.74
266.35,0,,71.54,34.74,1,0,71.55,8.16,4.44,54.46,34.74
266.44,0,,71.48,34.73,1,0,71.26,8.14,4.43,54.43,34.73
266.56,0,,71.38,34.72,1,0,71.19,8.07,4.47,54.40,34.62
266.65,0,,71.26,34.66,1,0,71.17,8.01,4.47,54.34,34.56
266.74,0,,71.24,34.61,1,0,71.60,8.07,4.44,54.37,34.65
266.83,0,,71.44,34.61,2,-1,72.13,8.19,4.46,54.51,34.75
266.95,0,,71.71,34.68,2,-1,71.57,8.23,4.45,54.54,34.80
267.07,0,,71.80,34.75,1,0,71.66,8.16,4.37,54.39,34.81
267.16,0,,71.72,34.78,2,-1,71.55,8.04,4.40,54.30,34.66
267.25,0,,71.58,34.73,2,-1,71.17,8.01,4.44,54.31,34.59
267.37,0,,71.43,34.67,1,0,71.59,8.10,4.40,54.36,34.72
267.46,0,,71.37,34.66,1,0,71.18,8.16,4.46,54.48,34.72
267.58,0,,71.32,34.69,1,0,71.30,8.14,4.46,54.46,34.70
267.64,0,,71.30,34.70,1,0,71.43,8.11,4.44,54.41,34.69
267.73,0,,71.36,34.69,2,-1,71.57,8.09,4.47,54.42,34.64
267.85,0,,71.49,34.68,1,0,71.75,8.13,4.38,54.37,34.77
267.94,0,,71.68,34.72,1,0,72.05,8.24,4.40,54.50,34.86
268.06,0,,71.76,34.76,1,0,71.12,8.19,4.52,54.57,34.69
268.15,0,,71.60,34.75,1,0,71.36,8.08,4.50,54.44,34.60
268.24,0,,71.45,34.69,1,0,71.71,8.14,4.46,54.46,34.70
268.33,0,,71.48,34.66,1,0,71.61,8.10,4.44,54.40,34.68
268.45,0,,71.54,34.66,1,0,71.32,8.13,4.43,54.42,34.72
268.57,0,,71.46,34.70,1,0,71.25,8.29,4.47,54.62,34.84
268.63,0,,71.38,34.75,1,0,71.54,8.21,4.52,54.59,34.71
268.81,0,,71.39,34.75,1,0,71.44,8.11,4.49,54.46,34.64
268.87,0,,71.42,34.70,1,0,71.39,8.15,4.48,54.49,34.69
268.93,0,,71.43,34.66,1,0,71.41,8.15,4.57,54.58,34.60
269.11,0,,71.39,34.64,1,0,71.19,8.18,4.52,54.56,34.68
269.14,0,,71.36,34.66,2,-1,71.65,8.24,4.47,54.57,34.79
269.23,0,,71.41,34.70,2,-1,71.35,8.19,4.51,54.56,34.70
269.35,0,,71.37,34.72,2,-1,70.86,8.12,4.48,54.46,34.66
269.44,0,,71.18,34.69,2,-1,71.06,8.10,4.47,54.43,34.65
269.56,0,,71.12,34.66,2,-1,71.71,8.12,4.51,54.49,34.63
269.65,0,,71.24,34.64,2,-1,71.06,8.23,4.55,54.64,34.70
269.74,0,,71.27,34.64,2,-1,71.09,8.18,4.58,54.62,34.62
269.83,0,,71.19,34.62,2,-1,71.18,8.07,4.56,54.49,34.53
269.95,0,,71.19,34.59,2,-1,71.46,8.14,4.53,54.53,34.63
270.07,0,,71.27,34.59,2,-1,71.27,8.18,4.53,54.57,34.67
270.13,0,,71.35,34.64,2,-1,71.55,8.26,4.52,54.64,34.76
270.25,0,,71.38,34.70,2,-1,71.12,8.28,4.55,54.69,34.75
270.34,0,,71.34,34.72,0,1,71.37,8.19,4.61,54.66,34.60
270.43,0,,71.37,34.70,2,-1,71.80,8.27,4.58,54.71,34.71
270.58,0,,71.49,34.68,0,1,71.34,8.29,4.60,54.75,34.71
270.64,0,,71.55,34.68,0,2,71.76,8.27,4.65,54.78,34.64
270.73,0,,71.59,34.68,0,2,71.45,8.35,4.64,54.85,34.73
270.85,0,,71.52,34.68,0,2,71.11,8.24,4.63,54.73,34.63
270.94,0,,71.35,34.65,0,1,71.26,8.17,4.66,54.69,34.53
271.06,0,,71.28,34.59,1,0,71.59,8.20,4.65,54.71,34.57
271.15,0,,71.36,34.56,1,0,71.45,8.18,4.58,54.62,34.62
271.24,0,,71.40,34.57,1,0,71.08,8.23,4.65,54.74,34.60
271.33,0,,71.35,34.59,2,-1,71.55,8.30,4.72,54.88,34.60
271.45,0,,71.40,34.60,2,-1,71.72,8.24,4.62,54.72,34.64
271.57,0,,71.50,34.62,2,-1,71.28,8.21,4.60,54.67,34.63
271.63,0,,71.47,34.62,1,0,71.29,8.29,4.69,54.84,34.62
271.75,0,,71.37,34.62,0,1,71.33,8.39,4.75,55.00,34.66
271.84,0,,71.32,34.63,1,0,71.38,8.53,4.91,55.30,34.64
271.93,0,,71.36,34.61,1,0,71.60,8.31,4.90,55.07,34.43
272.08,0,,71.38,34.52,1,0,70.96,7.97,4.70,54.53,34.29
272.14,0,,71.22,34.36,1,0,70.72,7.92,4.87,54.65,34.07
272.23,0,,70.98,34.13,2,-1,70.98,7.64,5.06,54.56,33.60
272.35,0,,70.88,33.83,4,-2,70.96,7.32,4.89,54.07,33.45
272.44,0,,70.93,33.56,4,-2,71.20,7.29,4.86,54.01,33.45
272.56,0,,71.09,33.45,4,-2,71.49,7.56,4.94,54.36,33.64
272.65,0,,71.27,33.51,2,-1,71.21,7.81,5.05,54.72,33.78
272.74,0,,71.36,33.60,2,-1,71.50,7.37,5.02,54.25,33.37
272.83,0,,71.28,33.52,2,-1,70.42,6.94,4.79,53.59,33.17
272.95,0,,71.09,33.33,2,-1,71.51,6.74,4.66,53.26,33.10
273.07,0,,71.04,33.12,2,-1,70.93,6.22,4.43,52.51,32.81
273.13,0,,70.99,32.91,2,-1,70.47,5.84,4.29,51.99,32.57
273.25,0,,70.79,32.68,2,-1,70.67,5.64,4.27,51.77,32.39
273.34,0,,70.63,32.47,2,-1,70.57,5.35,4.12,51.33,32.25
273.43,0,,70.51,32.29,4,-2,70.08,5.15,4.11,51.12,32.06
273.58,0,,70.33,32.12,4,-2,70.24,4.99,4.10,50.95,31.91
273.64,0,,70.24,31.95,4,-2,70.37,4.63,3.94,50.43,31.71
273.73,0,,70.31,31.77,4,-2,70.73,4.23,3.81,49.90,31.44
273.85,0,,70.45,31.55,4,-2,70.31,3.89,3.72,49.47,31.19
273.94,0,,70.50,31.30,4,-2,70.54,3.67,3.67,49.20,31.02
274.06,0,,70.47,31.10,4,-2,70.27,3.57,3.62,49.05,30.97
274.15,0,,70.36,30.97,2,-1,70.03,3.41,3.59,48.86,30.84
274.24,0,,70.22,30.86,4,-2,70.25,3.23,3.53,48.62,30.72
274.33,0,,70.16,30.76,4,-2,70.18,3.04,3.49,48.39,30.57
274.45,0,,70.19,30.63,2,-1,70.41,2.91,3.49,48.26,30.44
274.57,0,,70.27,30.53,2,-1,70.32,2.97,3.42,48.25,30.57
274.63,0,,70.33,30.50,2,-1,70.34,2.98,3.46,48.30,30.54
274.75,0,,70.35,30.50,2,-1,70.35,2.95,3.52,48.33,30.45
274.84,0,,70.35,30.50,2,-1,70.33,2.94,3.41,48.21,30.55
274.93,0,,70.36,30.49,1,0,70.47,2.84,3.41,48.11,30.45
275.08,0,,70.37,30.48,0,1,70.23,2.84,3.42,48.12,30.44
275.14,0,,70.40,30.48,0,1,70.73,2.94,3.32,48.12,30.64
275.26,0,,70.48,30.53,0,1,70.42,2.92,3.34,48.12,30.60
275.35,0,,70.48,30.57,0,1,70.22,2.77,3.30,47.93,30.49
275.44,0,,70.40,30.56,1,0,70.43,2.87,3.33,48.06,30.56
275.57,0,,70.29,30.54,1,0,69.82,3.24,3.75,48.85,30.51
275.65,0,,70.26,30.53,1,0,71.09,3.47,3.90,49.23,30.59
275.74,0,,70.46,30.59,1,0,70.66,3.49,3.55,48.90,30.96
275.83,0,,70.67,30.78,1,0,70.60,3.58,3.45,48.89,31.15
275.95,0,,70.77,31.00,0,1,71.11,3.34,3.21,48.41,31.15
276.07,0,,70.87,31.14,0,1,70.86,3.16,2.98,48.00,31.20
276.13,0,,70.91,31.22,0,2,70.76,4.09,3.74,49.69,31.37
276.25,0,,70.88,31.31,0,2,70.93,4.32,3.86,50.04,31.48
276.34,0,,70.85,31.41,0,2,70.74,3.78,3.30,48.94,31.50
276.43,0,,70.81,31.49,0,2,70.79,4.21,3.62,49.69,31.61
276.58,0,,70.77,31.55,0,2,70.73,3.98,3.44,49.28,31.56
276.64,0,,70.74,31.57,0,1,70.69,3.69,3.17,48.72,31.54
276.73,0,,70.82,31.60,0,1,71.53,4.36,3.52,49.74,31.86
276.88,0,,71.00,31.71,0,1,70.71,4.36,3.44,49.66,31.94
276.97,0,,71.06,31.84,0,1,71.17,4.21,3.36,49.43,31.87
277.06,0,,71.01,31.90,0,1,70.62,4.32,3.41,49.59,31.93
277.15,0,,70.81,31.91,0,1,70.26,4.26,3.42,49.54,31.86
277.27,0,,70.59,31.91,1,0,70.84,4.48,3.52,49.86,31.98
277.36,0,,70.62,31.98,2,-1,71.11,4.81,3.45,50.12,32.38
277.48,0,,70.80,32.16,2,-1,70.70,4.89,3.51,50.26,32.40
277.57,0,,70.85,32.32,2,-1,70.68,4.93,3.61,50.40,32.34
277.63,0,,70.85,32.41,2,-1,71.23,5.06,3.55,50.47,32.53
277.75,0,,70.95,32.48,0,1,71.06,5.25,3.60,50.71,32.67
277.84,0,,71.04,32.59,0,1,70.93,5.41,3.70,50.97,32.73
277.93,0,,71.01,32.69,0,1,70.84,5.51,3.72,51.09,32.81
278.08,0,,70.93,32.77,0,1,70.84,5.56,3.72,51.14,32.86
278.14,0,,70.87,32.83,0,1,70.94,5.60,3.74,51.20,32.88
278.23,0,,70.90,32.88,0,1,71.07,5.71,3.75,51.32,32.98
278.35,0,,71.04,32.96,0,1,71.58,5.97,3.75,51.58,33.24
278.44,0,,71.23,33.10,0,1,71.08,6.09,3.81,51.76,33.30
278.56,0,,71.33,33.23,0,2,71.53,6.04,3.81,51.71,33.25
278.65,0,,71.38,33.29,0,2,71.34,6.09,3.76,51.71,33.35
278.74,0,,71.34,33.32,0,2,70.89,6.13,3.82,51.81,33.33
278.83,0,,71.17,33.34,0,2,71.01,6.26,3.86,51.98,33.42
279.01,0,,71.03,33.40,0,1,71.09,6.43,3.82,52.11,33.63
279.07,0,,71.03,33.50,0,1,71.16,6.40,3.82,52.08,33.60
279.13,0,,71.03,33.58,1,0,70.78,6.40,3.79,52.05,33.63
279.25,0,,70.97,33.62,2,-1,70.87,6.44,3.81,52.11,33.65
279.34,0,,70.91,33.64,4,-2,71.09,6.48,3.90,52.24,33.60
279.43,0,,71.00,33.65,4,-2,71.40,6.66,3.91,52.43,33.77
279.58,0,,71.14,33.70,4,-2,71.00,6.68,3.88,52.42,33.82
279.64,0,,71.21,33.76,2,-1,71.39,6.63,3.88,52.37,33.77
279.73,0,,71.23,33.80,0,1,71.06,6.66,3.86,52.38,33.82
279.85,0,,71.11,33.80,0,1,70.45,6.62,3.89,52.37,33.75
279.94,0,,70.90,33.78,0,1,71.16,6.67,3.94,52.47,33.75
280.06,0,,70.90,33.80,1,0,71.27,6.93,3.89,52.68,34.06
280.15,0,,71.04,33.89,2,-1,71.01,6.93,3.91,52.70,34.04
280.24,0,,71.09,33.98,0,1,70.91,6.81,3.91,52.58,33.92
280.33,0,,71.05,34.01,2,-1,71.12,6.88,3.82,52.56,34.08
280.48,0,,71.07,34.03,2,-1,71.28,6.88,3.86,52.60,34.04
280.57,0,,71.18,34.05,2,-1,71.40,6.91,3.87,52.64,34.06
280.63,0,,71.23,34.06,1,0,70.77,6.98,3.88,52.72,34.12
280.81,0,,71.14,34.07,1,0,71.18,6.88,3.92,52.66,33.98
280.84,0,,71.05,34.05,1,0,70.97,6.87,3.86,52.59,34.03
280.93,0,,71.08,34.03,1,0,71.48,6.95,3.90,52.71,34.07
281.08,0,,71.17,34.03,1,0,71.00,6.97,4.00,52.83,33.99
281.14,0,,71.13,34.03,1,0,70.77,7.07,3.98,52.91,34.11
281.23,0,,70.99,34.07,1,0,71.00,7.19,3.96,53.01,34.25
281.35,0,,70.98,34.14,1,0,71.36,7.08,3.96,52.90,34.14
281.44,0,,71.14,34.16,1,0,71.46,6.97,3.97,52.80,34.02
281.56,0,,71.29,34.12,1,0,71.11,7.07,3.95,52.88,34.14
281.74,0,,71.31,34.11,1,0,71.29,7.17,3.97,53.00,34.22
281.74,0,,71.28,34.15,1,0,71.28,7.13,4.00,52.99,34.15
281.89,0,,71.22,34.17,1,0,70.91,7.13,3.94,52.93,34.21
281.95,0,,71.14,34.18,1,0,71.25,7.09,3.96,52.91,34.15
282.07,0,,71.19,34.16,1,0,71.68,7.03,3.98,52.87,34.07
282.13,0,,71.34,34.13,0,1,71.20,7.13,3.94,52.93,34.21
282.31,0,,71.41,34.15,0,1,71.52,7.18,3.97,53.01,34.23
282.34,0,,71.41,34.17,0,1,71.28,7.08,4.01,52.95,34.09
282.46,0,,71.38,34.16,0,1,71.33,7.13,3.97,52.96,34.18
282.58,0,,71.32,34.15,0,1,71.18,7.08,3.98,52.92,34.12
282.64,0,,71.29,34.12,0,1,71.52,6.97,3.98,52.81,34.01
282.73,0,,71.35,34.09,0,1,71.44,7.09,3.95,52.90,34.16
282.91,0,,71.43,34.10,0,1,71.49,7.09,3.93,52.88,34.18
282.97,0,,71.48,34.13,0,1,71.48,7.00,3.93,52.79,34.09
283.06,0,,71.46,34.13,0,1,71.25,7.05,3.94,52.85,34.13
283.15,0,,71.42,34.12,0,1,71.57,7.01,3.93,52.80,34.10
283.24,0,,71.42,34.12,0,1,71.39,7.09,3.94,52.89,34.17
283.33,0,,71.44,34.14,0,1,71.44,7.17,4.03,53.06,34.16
283.45,0,,71.43,34.14,0,1,71.42,7.09,4.03,52.98,34.08
283.57,0,,71.38,34.12,0,1,71.03,7.03,4.00,52.89,34.05
283.63,0,,71.20,34.08,0,1,70.78,7.09,4.03,52.98,34.08
283.75,0,,71.02,34.07,4,-2,71.23,7.17,4.04,53.07,34.15
283.84,0,,70.93,34.09,4,-2,70.49,7.15,4.09,53.10,34.08
283.96,0,,70.87,34.11,4,-2,71.24,7.23,4.09,53.18,34.16
284.08,0,,70.95,34.14,4,-2,71.28,7.25,4.03,53.14,34.24
284.14,0,,71.13,34.17,4,-2,71.17,7.10,4.01,52.97,34.11
284.23,0,,71.22,34.17,4,-2,71.25,7.19,4.02,53.07,34.19
284.35,0,,71.26,34.18,2,-1,71.31,7.30,4.08,53.24,34.24
284.44,0,,71.27,34.20,2,-1,71.17,7.34,4.14,53.34,34.22
284.56,0,,71.24,34.23,2,-1,71.12,7.42,4.09,53.37,34.35
284.65,0,,71.16,34.28,0,2,71.00,7.36,4.08,53.30,34.30
284.74,0,,71.19,34.30,0,2,71.90,7.38,4.11,53.35,34.29
284.86,0,,71.36,34.31,0,2,71.24,7.45,4.12,53.43,34.35
284.95,0,,71.40,34.31,0,1,70.97,7.42,4.15,53.43,34.29
285.07,0,,71.24,34.31,0,1,71.15,7.48,4.19,53.53,34.31
285.13,0,,71.11,34.31,1,0,71.04,7.49,4.15,53.50,34.36
285.31,0,,71.07,34.31,2,-1,71.13,7.37,4.13,53.36,34.26
285.34,0,,71.05,34.28,2,-1,70.94,7.33,4.18,53.37,34.17
285.43,0,,71.04,34.24,1,0,71.13,7.47,4.16,53.49,34.33
285.58,0,,71.12,34.27,2,-1,71.62,7.58,4.11,53.55,34.49
285.64,0,,71.21,34.36,2,-1,70.61,7.52,4.14,53.52,34.40
285.73,0,,71.15,34.41,2,-1,71.38,7.52,4.16,53.54,34.38
285.85,0,,71.13,34.41,2,-1,71.16,7.51,4.15,53.52,34.38
285.94,0,,71.22,34.38,1,0,71.55,7.49,4.17,53.52,34.34
286.06,0,,71.30,34.37,1,0,71.05,7.61,4.17,53.64,34.46
286.15,0,,71.26,34.40,1,0,71.08,7.71,4.19,53.76,34.54
286.24,0,,71.20,34.47,0,1,71.42,7.71,4.22,53.79,34.51
286.33,0,,71.27,34.51,0,1,71.56,7.68,4.18,53.72,34.52
286.45,0,,71.36,34.50,0,1,71.08,7.57,4.26,53.69,34.33
286.57,0,,71.33,34.43,0,1,71.30,7.61,4.32,53.79,34.31
286.63,0,,71.25,34.39,0,1,71.11,7.85,4.22,53.93,34.65
286.75,0,,71.20,34.46,0,1,71.29,7.79,4.22,53.87,34.59
286.84,0,,71.21,34.52,1,0,71.26,7.63,4.29,53.78,34.36
286.93,0,,71.21,34.50,0,1,71.05,7.75,4.25,53.86,34.52
287.08,0,,71.17,34.48,1,0,71.17,7.74,4.23,53.83,34.53
287.14,0,,71.15,34.48,2,-1,71.23,7.71,4.33,53.90,34.40
287.23,0,,71.18,34.47,2,-1,71.26,7.87,4.35,54.08,34.54
287.35,0,,71.22,34.49,2,-1,71.23,7.83,4.30,53.99,34.55
287.44,0,,71.28,34.51,1,0,71.52,7.78,4.29,53.93,34.51
287.56,0,,71.32,34.53,1,0,71.01,7.83,4.27,53.96,34.58
287.65,0,,71.30,34.55,1,0,71.51,7.86,4.32,54.04,34.56
287.74,0,,71.30,34.57,1,0,71.23,8.00,4.34,54.20,34.68
287.83,0,,71.37,34.62,1,0,71.72,8.00,4.30,54.16,34.72
287.95,0,,71.43,34.65,0,1,71.16,7.85,4.37,54.08,34.50
288.07,0,,71.40,34.59,0,1,71.34,7.82,4.45,54.13,34.39
288.13,0,,71.26,34.50,0,1,70.74,7.86,4.41,54.13,34.47
288.25,0,,71.15,34.46,0,1,71.66,7.93,4.41,54.20,34.54
288.34,0,,71.15,34.49,1,0,70.76,8.02,4.44,54.32,34.60
288.43,0,,71.14,34.54,1,0,71.34,7.99,4.40,54.25,34.61
288.58,0,,71.12,34.58,1,0,71.02,7.93,4.42,54.21,34.53
288.64,0,,71.15,34.56,2,-1,71.36,7.89,4.46,54.21,34.45
288.73,0,,71.15,34.50,4,-2,70.77,7.87,4.46,54.19,34.43
288.85,0,,71.03,34.43,4,-2,70.80,7.53,4.26,53.65,34.29
288.94,0,,70.82,34.32,4,-2,70.42,6.91,3.87,52.64,34.06
289.06,0,,70.68,34.22,4,-2,70.99,7.41,4.09,53.36,34.34
289.15,0,,70.77,34.24,4,-2,71.28,7.96,4.46,54.28,34.52
289.24,0,,71.03,34.33,4,-2,71.36,7.32,4.11,53.29,34.23
289.33,0,,71.24,34.36,2,-1,71.18,7.71,4.32,53.89,34.41
289.45,0,,71.25,34.38,2,-1,70.84,8.07,4.59,54.52,34.50
289.57,0,,71.11,34.41,0,1,71.08,7.50,4.22,53.58,34.30
289.63,0,,71.05,34.40,0,1,71.27,7.83,4.41,54.10,34.44
289.75,0,,71.06,34.39,0,1,70.81,7.83,4.48,54.17,34.37
289.84,0,,71.09,34.37,0,2,71.52,7.53,4.27,53.66,34.28
289.93,0,,71.19,34.36,0,2,71.23,7.84,4.31,54.01,34.55
290.08,0,,71.27,34.40,0,1,71.14,7.72,4.32,53.90,34.42
290.14,0,,71.27,34.41,0,1,71.41,7.59,4.37,53.82,34.24
290.23,0,,71.27,34.37,0,1,71.06,7.75,4.36,53.97,34.41
290.35,0,,71.27,34.35,0,1,71.54,7.69,4.34,53.89,34.37
290.44,0,,71.24,34.35,0,1,70.71,7.73,4.43,54.02,34.32
290.56,0,,71.09,34.35,0,1,70.91,7.75,4.38,53.99,34.39
290.65,0,,70.90,34.34,1,0,70.71,7.62,4.33,53.81,34.31
290.74,0,,70.82,34.33,2,-1,71.04,7.63,4.36,53.85,34.29
290.83,0,,70.87,34.30,4,-2,71.03,7.60,4.35,53.81,34.27
290.95,0,,70.99,34.28,4,-2,71.20,7.67,4.41,53.94,34.28
291.07,0,,71.05,34.27,4,-2,70.74,7.71,4.46,54.03,34.27
291.13,0,,71.01,34.27,2,-1,71.12,7.56,4.28,53.70,34.30
291.25,0,,70.97,34.28,2,-1,70.79,7.53,4.25,53.64,34.30
291.34,0,,70.97,34.28,1,0,71.26,7.69,4.48,54.03,34.23
291.43,0,,71.04,34.28,1,0,71.12,7.90,4.58,54.34,34.34
291.58,0,,71.12,34.28,1,0,71.16,7.87,4.65,54.38,34.24
291.67,0,,71.12,34.26,1,0,70.84,7.90,4.77,54.53,34.15
291.73,0,,71.03,34.22,0,1,70.94,8.06,4.85,54.77,34.23
291.88,0,,70.95,34.17,1,0,70.98,7.96,4.98,54.80,34.00
291.94,0,,70.84,34.07,2,-1,70.26,7.83,5.02,54.71,33.83
292.06,0,,70.70,33.94,2,-1,70.99,7.73,4.89,54.48,33.86
292.15,0,,70.70,33.84,2,-1,70.83,7.58,4.87,54.31,33.73
292.24,0,,70.81,33.75,2,-1,71.02,7.52,4.90,54.28,33.64
292.33,0,,70.95,33.68,2,-1,71.15,7.54,4.91,54.31,33.65
292.45,0,,71.08,33.62,1,0,71.18,7.45,4.99,54.30,33.48
292.57,0,,71.10,33.52,2,-1,70.74,7.17,4.90,53.93,33.29
292.63,0,,70.99,33.40,2,-1,70.82,6.99,4.70,53.55,33.31
292.75,0,,70.84,33.29,1,0,70.69,6.74,4.64,53.24,33.12
292.84,0,,70.63,33.14,1,0,69.88,6.26,4.55,52.67,32.73
292.93,0,,70.32,32.92,2,-1,70.11,5.99,4.40,52.25,32.61
293.11,0,,70.14,32.68,4,-2,70.49,5.72,4.38,51.96,32.36
293.14,0,,70.21,32.44,4,-2,70.33,5.48,4.39,51.73,32.11
293.23,0,,70.27,32.25,4,-2,70.05,5.45,4.25,51.56,32.22
293.35,0,,70.16,32.14,4,-2,69.65,5.21,4.19,51.26,32.04
293.47,0,,70.03,32.06,4,-2,70.56,5.05,4.18,51.09,31.89
293.56,0,,70.13,31.99,4,-2,70.38,5.14,4.05,51.05,32.11
293.65,0,,70.31,31.97,4,-2,70.34,4.92,4.07,50.85,31.87
293.74,0,,70.34,31.90,2,-1,70.10,4.67,4.13,50.66,31.56
293.83,0,,70.27,31.76,4,-2,70.17,4.73,4.07,50.66,31.68
293.95,0,,70.22,31.66,4,-2,70.39,4.69,4.00,50.55,31.71
294.07,0,,70.23,31.65,1,0,70.10,4.57,3.95,50.38,31.64
294.13,0,,70.25,31.65,0,1,70.49,4.52,3.87,50.25,31.67
294.25,0,,70.30,31.65,0,1,70.24,4.58,3.97,50.41,31.63
294.34,0,,70.37,31.63,0,1,70.65,4.79,4.22,50.87,31.59
294.43,0,,70.43,31.63,0,1,70.26,4.90,4.16,50.92,31.76
294.58,0,,70.35,31.67,0,1,69.79,4.92,4.17,50.95,31.77
294.64,0,,70.11,31.73,1,0,69.90,4.98,4.26,51.10,31.74
294.73,0,,69.96,31.80,2,-1,70.22,4.97,3.90,50.73,32.09
294.85,0,,70.09,31.93,2,-1,70.76,4.84,3.69,50.39,32.17
294.94,0,,70.35,32.06,2,-1,70.36,4.82,3.82,50.50,32.02
295.09,0,,70.48,32.10,1,0,70.31,5.31,4.20,51.37,32.13
295.15,0,,70.43,32.13,1,0,70.29,5.56,4.34,51.76,32.24
295.24,0,,70.43,32.17,0,1,70.89,4.93,3.74,50.53,32.21
295.39,0,,70.53,32.22,0,1,70.45,4.81,3.55,50.22,32.28
295.45,0,,70.64,32.26,0,2,70.92,5.11,3.80,50.77,32.33
295.57,0,,70.68,32.26,0,2,70.34,4.65,3.59,50.10,32.08
295.63,0,,70.65,32.18,0,2,70.80,4.29,3.36,49.51,31.95
295.75,0,,70.59,32.06,0,2,70.28,4.48,3.43,49.77,32.07
295.87,0,,70.56,32.03,0,1,70.88,4.83,3.72,50.41,32.13
295.93,0,,70.63,32.07,0,1,70.80,4.76,3.59,50.21,32.19
296.08,0,,70.74,32.15,0,1,70.74,4.60,3.33,49.79,32.29
296.14,0,,70.70,32.23,0,1,70.12,4.95,3.65,50.46,32.32
296.23,0,,70.54,32.29,0,1,70.70,4.81,3.53,50.20,32.30
296.35,0,,70.47,32.32,2,-1,70.44,4.64,3.37,49.87,32.29
296.44,0,,70.50,32.31,2,-1,70.68,4.89,3.61,50.36,32.30
296.56,0,,70.57,32.32,2,-1,70.63,5.07,3.62,50.55,32.47
296.65,0,,70.64,32.39,1,0,70.75,5.24,3.65,50.75,32.61
296.83,0,,70.68,32.50,1,0,70.59,5.10,3.52,50.48,32.60
296.83,0,,70.65,32.60,0,1,70.46,5.24,3.55,50.65,32.71
296.95,0,,70.53,32.65,0,1,70.23,5.27,3.72,50.85,32.57
297.07,0,,70.42,32.62,0,1,70.62,5.09,3.65,50.60,32.46
297.13,0,,70.48,32.59,0,1,70.87,5.48,3.70,51.04,32.80
297.25,0,,70.67,32.65,0,1,70.87,5.58,3.72,51.16,32.88
297.37,0,,70.85,32.76,0,1,71.02,5.48,3.72,51.06,32.78
297.43,0,,70.90,32.83,0,1,70.50,5.62,3.71,51.19,32.93
297.58,0,,70.81,32.86,0,1,70.75,5.52,3.73,51.11,32.81
297.64,0,,70.70,32.85,0,1,70.59,5.57,3.80,51.23,32.79
297.73,0,,70.69,32.87,0,1,71.03,5.94,3.80,51.60,33.16
297.91,0,,70.68,32.97,0,1,70.07,5.91,3.82,51.59,33.11
297.94,0,,70.57,33.06,0,1,70.74,5.83,3.82,51.51,33.03
298.09,0,,70.49,33.10,1,0,70.36,5.95,3.80,51.61,33.17
298.15,0,,70.52,33.12,1,0,70.91,5.91,3.81,51.58,33.12
298.33,0,,70.66,33.15,4,-2,70.89,6.06,3.80,51.72,33.28
298.33,0,,70.82,33.22,1,0,70.92,6.24,3.83,51.93,33.43
298.45,0,,70.90,33.31,1,0,70.78,6.13,3.85,51.84,33.30
298.57,0,,70.87,33.35,0,1,70.74,6.14,3.82,51.82,33.34
298.66,0,,70.83,33.36,1,0,70.94,6.21,3.80,51.87,33.43
298.75,0,,70.83,33.38,0,1,70.84,6.20,3.82,51.88,33.40
298.84,0,,70.85,33.41,0,1,70.83,6.30,3.83,51.99,33.49
298.93,0,,70.81,33.45,0,1,70.54,6.37,3.85,52.08,33.54
299.08,0,,70.66,33.48,0,1,70.29,6.24,3.86,51.96,33.40
299.14,0,,70.47,33.47,0,1,70.39,6.26,3.83,51.95,33.45
299.23,0,,70.40,33.46,2,-1,70.69,6.34,3.82,52.02,33.54
299.35,0,,70.45,33.47,4,-2,70.33,6.29,3.87,52.02,33.44
299.44,0,,70.47,33.47,4,-2,70.48,6.37,3.95,52.18,33.44
299.56,0,,70.58,33.48,4,-2,71.41,6.50,3.89,52.25,33.63
299.65,0,,70.90,33.55,2,-1,71.22,6.50,3.81,52.17,33.71
299.74,0,,71.12,33.62,1,0,70.79,6.45,3.89,52.20,33.58
299.83,0,,71.09,33.64,1,0,70.96,6.43,3.89,52.18,33.56
299.95,0,,70.94,33.61,0,2,70.56,6.49,3.90,52.25,33.61
300.07,0,,70.71,33.58,0,2,70.24,6.53,4.01,52.40,33.54
300.13,0,,70.45,33.56,0,2,70.31,6.53,3.99,52.38,33.56
300.25,0,,70.31,33.54,1,0,70.40,6.45,3.95,52.26,33.52
300.34,0,,70.30,33.51,1,0,70.34,6.32,3.94,52.12,33.40
300.46,0,,70.38,33.46,2,-1,70.77,6.36,3.95,52.17,33.43
300.58,0,,70.59,33.44,4,-2,71.05,6.53,3.99,52.38,33.56
300.64,0,,70.78,33.48,4,-2,70.54,6.55,3.98,52.39,33.59
300.76,0,,70.77,33.54,2,-1,70.53,6.55,4.01,52.42,33.56
300.88,0,,70.68,33.56,1,0,70.80,6.58,4.04,52.48,33.56
300.94,0,,70.65,33.56,0,1,70.56,6.49,4.03,52.38,33.48
301.06,0,,70.71,33.54,2,-1,71.15,6.59,4.02,52.47,33.59
301.15,0,,70.75,33.56,0,1,70.16,6.72,3.99,52.57,33.75
301.24,0,,70.64,33.62,0,2,70.62,6.57,3.99,52.42,33.60
301.33,0,,70.60,33.64,0,1,71.09,6.55,3.99,52.40,33.58
301.45,0,,70.74,33.62,2,-1,70.72,6.56,4.00,52.42,33.58
301.57,0,,70.82,33.57,1,0,70.77,6.49,4.04,52.39,33.47
301.63,0,,70.78,33.55,0,1,70.54,6.63,3.99,52.48,33.66
301.75,0,,70.71,33.58,0,1,70.84,6.67,3.97,52.50,33.72
301.84,0,,70.73,33.63,0,1,70.90,6.52,3.98,52.36,33.56
301.93,0,,70.82,33.64,0,1,70.96,6.60,3.97,52.43,33.65
302.08,0,,70.93,33.65,0,1,71.06,6.80,4.06,52.72,33.76
302.14,0,,71.01,33.70,1,0,71.07,6.98,4.19,53.03,33.81
302.23,0,,70.95,33.77,1,0,70.22,7.11,4.25,53.22,33.88
302.35,0,,70.74,33.81,0,1,70.78,7.08,4.41,53.35,33.69
302.44,0,,70.61,33.78,0,1,70.65,7.17,4.55,53.58,33.64
302.56,0,,70.65,33.72,1,0,70.91,7.35,4.55,53.76,33.82
302.65,0,,70.78,33.73,1,0,71.02,7.48,4.65,53.99,33.85
302.74,0,,70.87,33.79,0,1,70.64,7.69,4.86,54.41,33.85
302.83,0,,70.81,33.82,0,1,70.48,7.72,4.99,54.57,33.75
302.95,0,,70.67,33.77,1,0,70.75,7.50,5.02,54.38,33.50
303.07,0,,70.61,33.62,2,-1,70.52,7.34,5.00,54.20,33.36
303.13,0,,70.53,33.45,2,-1,70.15,7.22,4.96,54.04,33.28
303.25,0,,70.38,33.31,2,-1,70.38,7.07,4.92,53.85,33.17
303.37,0,,70.25,33.19,4,-2,69.93,6.89,4.88,53.63,33.03
303.43,0,,70.21,33.08,4,-2,70.75,6.74,4.80,53.40,32.96
303.58,0,,70.29,32.98,4,-2,70.09,6.53,4.68,53.07,32.87
303.64,0,,70.31,32.88,4,-2,70.19,6.24,4.61,52.71,32.65
303.73,0,,70.25,32.75,4,-2,70.29,6.13,4.55,52.54,32.60
303.85,0,,70.26,32.63,4,-2,70.41,6.05,4.52,52.43,32.55
303.94,0,,70.27,32.56,4,-2,69.97,6.08,4.57,52.51,32.53
304.06,0,,70.26,32.54,4,-2,70.66,6.25,4.62,52.73,32.65
304.15,0,,70.30,32.57,2,-1,70.03,6.21,4.62,52.69,32.61
304.33,0,,70.29,32.58,2,-1,70.36,6.03,4.59,52.48,32.46
304.33,0,,70.25,32.53,1,0,70.08,5.81,4.45,52.12,32.38
304.45,0,,70.19,32.45,1,0,70.13,5.67,4.26,51.79,32.43
304.57,0,,70.20,32.42,2,-1,70.59,5.82,4.29,51.97,32.55
304.63,0,,70.30,32.44,1,0,70.27,5.83,4.46,52.15,32.39
304.75,0,,70.36,32.40,1,0,70.32,5.55,4.46,51.87,32.11
304.84,0,,70.41,32.27,0,1,70.76,5.45,4.37,51.68,32.10
304.93,0,,70.54,32.16,0,1,70.71,5.48,4.28,51.62,32.22
305.08,0,,70.63,32.16,0,1,70.36,5.48,4.14,51.48,32.36
305.14,0,,70.61,32.24,0,2,70.75,5.31,3.95,51.12,32.38
305.23,0,,70.59,32.31,0,2,70.47,5.13,3.97,50.96,32.18
305.35,0,,70.62,32.29,0,2,70.95,5.31,4.09,51.26,32.24
305.44,0,,70.66,32.25,0,2,70.36,5.21,3.92,50.99,32.31
305.56,0,,70.61,32.24,0,2,70.49,4.82,3.71,50.39,32.13
305.65,0,,70.56,32.20,0,1,70.84,4.95,3.77,50.58,32.20
305.74,0,,70.56,32.19,0,1,70.20,4.99,3.73,50.58,32.28
305.83,0,,70.50,32.20,0,1,70.54,4.71,3.58,50.15,32.15
305.95,0,,70.41,32.19,2,-1,70.16,4.78,3.65,50.29,32.15
306.07,0,,70.36,32.17,2,-1,70.60,4.85,3.68,50.39,32.19
306.13,0,,70.45,32.18,2,-1,70.86,4.95,3.69,50.50,32.28
306.25,0,,70.65,32.23,2,-1,70.86,5.05,3.74,50.65,32.33
306.34,0,,70.77,32.28,1,0,70.48,4.96,3.67,50.49,32.31
306.43,0,,70.76,32.31,0,1,70.95,5.00,3.70,50.56,32.32
306.58,0,,70.72,32.32,0,1,70.41,5.05,3.73,50.64,32.34
306.64,0,,70.62,32.33,0,1,70.42,5.14,3.78,50.78,32.38
306.73,0,,70.54,32.36,0,1,70.80,5.25,3.82,50.93,32.45
306.85,0,,70.58,32.41,0,1,70.62,5.19,3.74,50.79,32.47
306.94,0,,70.61,32.44,0,1,70.45,5.18,3.79,50.83,32.41
307.06,0,,70.54,32.44,1,0,70.30,5.21,3.82,50.89,32.41
307.21,0,,70.48,32.44,1,0,70.80,5.30,3.78,50.94,32.54
307.33,0,,70.45,32.49,1,0,69.89,5.44,3.83,51.13,32.63
307.33,0,,70.28,32.54,4,-2,69.99,5.36,3.90,51.12,32.48
307.45,0,,70.07,32.54,4,-2,70.04,5.31,3.85,51.02,32.48
307.57,0,,70.00,32.52,4,-2,70.09,5.38,3.78,51.02,32.62
307.63,0,,70.15,32.55,4,-2,71.04,5.42,3.81,51.09,32.63
307.75,0,,70.45,32.62,4,-2,70.39,5.57,3.80,51.23,32.79
307.84,0,,70.54,32.71,2,-1,70.06,5.67,3.84,51.37,32.85
307.93,0,,70.40,32.79,2,-1,70.37,5.61,3.87,51.34,32.76
308.08,0,,70.26,32.82,2,-1,70.00,5.64,3.78,51.28,32.88
308.14,0,,70.27,32.84,2,-1,71.06,5.67,3.82,51.35,32.87
308.23,0,,70.43,32.86,0,1,70.13,5.67,3.87,51.40,32.82
308.35,0,,70.44,32.85,0,2,70.16,5.71,3.90,51.47,32.83
308.47,0,,70.36,32.83,0,1,70.67,5.73,3.92,51.51,32.83
308.56,0,,70.40,32.83,1,0,70.38,5.71,3.86,51.43,32.87
308.65,0,,70.49,32.85,1,0,70.75,5.73,3.87,51.46,32.88
308.74,0,,70.60,32.87,0,1,70.76,5.77,3.85,51.48,32.94
308.83,0,,70.68,32.89,0,2,70.52,5.74,3.87,51.47,32.89
308.95,0,,70.62,32.89,0,2,70.26,5.74,3.98,51.58,32.78
309.07,0,,70.44,32.85,1,0,70.24,5.78,3.96,51.60,32.84
309.13,0,,70.32,32.83,2,-1,70.42,5.80,3.92,51.58,32.90
309.25,0,,70.34,32.85,2,-1,70.62,5.78,3.90,51.54,32.90
309.34,0,,70.49,32.88,1,0,70.80,5.81,3.90,51.57,32.93
309.43,0,,70.62,32.92,0,1,70.40,5.96,3.98,51.80,33.00
309.58,0,,70.57,32.96,0,1,70.27,6.00,3.98,51.84,33.04
309.67,0,,70.52,33.00,0,1,71.00,5.90,3.94,51.70,32.98
309.73,0,,70.62,33.01,0,1,70.67,5.95,3.94,51.75,33.03
309.85,0,,70.72,33.02,0,1,70.76,5.98,3.94,51.78,33.06
309.94,0,,70.70,33.04,0,1,70.28,5.99,3.95,51.80,33.06
310.06,0,,70.57,33.06,0,1,70.58,6.11,3.99,51.96,33.14
310.15,0,,70.54,33.09,0,1,70.82,6.10,4.00,51.96,33.12
310.24,0,,70.58,33.11,0,1,70.35,6.04,3.97,51.87,33.09
310.33,0,,70.61,33.11,1,0,70.95,6.05,3.94,51.85,33.13
310.45,0,,70.68,33.11,0,1,70.66,6.04,3.95,51.85,33.11
310.57,0,,70.71,33.11,0,1,70.54,6.06,3.99,51.91,33.09
310.63,0,,70.61,33.10,0,1,70.26,6.13,4.01,52.00,33.14
310.75,0,,70.43,33.10,0,1,70.21,6.11,4.05,52.02,33.08
310.84,0,,70.31,33.09,2,-1,70.50,6.05,4.06,51.97,33.01
310.93,0,,70.34,33.06,2,-1,70.49,6.12,4.03,52.01,33.11
311.08,0,,70.38,33.07,2,-1,70.14,6.16,4.06,52.08,33.12
311.17,0,,70.40,33.09,4,-2,70.81,6.15,4.05,52.06,33.12
311.23,0,,70.56,33.13,1,0,71.00,6.25,4.02,52.13,33.25
311.35,0,,70.78,33.18,1,0,70.82,6.27,4.05,52.18,33.24
311.44,0,,70.90,33.21,1,0,70.93,6.19,4.05,52.10,33.16
311.56,0,,70.92,33.21,0,2,70.78,6.23,4.01,52.10,33.24
311.65,0,,70.79,33.21,0,2,70.17,6.22,4.02,52.10,33.22
311.74,0,,70.56,33.21,0,2,70.54,6.23,4.08,52.17,33.17
311.83,0,,70.41,33.20,0,1,70.35,6.39,4.13,52.38,33.28
311.95,0,,70.43,33.22,1,0,70.83,6.36,4.18,52.40,33.20
312.07,0,,70.59,33.22,1,0,70.89,6.29,4.13,52.28,33.18
312.13,0,,70.73,33.22,1,0,70.45,6.42,4.04,52.32,33.40
312.25,0,,70.69,33.28,1,0,70.56,6.43,4.09,52.38,33.36
312.37,0,,70.56,33.33,1,0,70.30,6.45,4.18,52.49,33.29
312.43,0,,70.43,33.34,2,-1,70.33,6.56,4.18,52.60,33.40
312.58,0,,70.34,33.36,2,-1,70.32,6.56,4.15,52.57,33.43
312.67,0,,70.28,33.38,2,-1,70.16,6.48,4.16,52.50,33.34
312.76,0,,70.30,33.36,2,-1,70.70,6.40,4.18,52.44,33.24
312.85,0,,70.43,33.32,2,-1,70.56,6.48,4.13,52.47,33.37
312.94,0,,70.56,33.33,2,-1,70.66,6.63,4.16,52.65,33.49
313.06,0,,70.66,33.40,1,0,70.80,6.66,4.22,52.74,33.46
313.15,0,,70.67,33.46,2,-1,70.28,6.65,4.11,52.62,33.56
313.24,0,,70.57,33.51,0,1,70.55,6.61,4.12,52.59,33.51
313.33,0,,70.49,33.51,0,1,70.46,6.57,4.19,52.62,33.40
313.45,0,,70.47,33.48,0,1,70.50,6.62,4.13,52.61,33.51
313.57,0,,70.42,33.47,0,1,70.10,6.68,4.20,52.74,33.50
313.63,0,,70.47,33.50,1,0,71.44,6.77,4.17,52.80,33.62
313.75,0,,70.72,33.56,1,0,70.71,6.79,4.11,52.76,33.70
313.87,0,,70.84,33.61,1,0,70.44,6.65,4.22,52.73,33.45
313.93,0,,70.71,33.58,0,1,70.49,6.69,4.18,52.73,33.53
314.08,0,,70.59,33.56,1,0,70.74,6.84,4.15,52.85,33.71
314.17,0,,70.61,33.60,0,1,70.80,6.89,4.21,52.96,33.70
314.23,0,,70.71,33.68,0,1,70.81,6.93,4.14,52.93,33.81
314.35,0,,70.74,33.74,0,1,70.44,6.83,4.12,52.81,33.73
314.44,0,,70.66,33.75,0,1,70.62,6.78,4.16,52.80,33.64
314.56,0,,70.63,33.71,1,0,70.89,6.84,4.16,52.86,33.70
314.65,0,,70.69,33.69,1,0,70.66,6.92,4.20,52.98,33.74
314.74,0,,70.75,33.71,1,0,70.83,6.99,4.22,53.07,33.79
314.83,0,,70.73,33.74,0,1,70.44,6.96,4.22,53.04,33.76
314.95,0,,70.66,33.76,0,1,70.71,6.92,4.20,52.98,33.74
315.07,0,,70.59,33.76,0,1,70.35,6.94,4.23,53.03,33.73
315.13,0,,70.52,33.74,0,1,70.61,6.98,4.28,53.12,33.72
315.25,0,,70.59,33.75,2,-1,71.15,7.12,4.26,53.24,33.88
315.34,0,,70.76,33.81,1,0,70.61,7.21,4.24,53.31,33.99
315.43,0,,70.81,33.89,0,1,70.72,7.10,4.27,53.23,33.85
315.58,0,,70.77,33.89,0,1,70.76,6.99,4.28,53.13,33.73
315.64,0,,70.74,33.82,0,1,70.69,7.00,4.28,53.14,33.74
315.73,0,,70.73,33.77,0,1,70.84,7.02,4.22,53.10,33.82
315.82,0,,70.79,33.77,0,1,71.03,6.94,4.12,52.92,33.84
315.97,0,,70.84,33.77,0,1,70.53,6.54,3.95,52.35,33.61
316.06,0,,70.85,33.70,0,1,71.18,6.37,3.86,52.09,33.53
316.12,0,,70.86,33.63,0,1,70.56,6.85,4.11,52.82,33.76
316.24,0,,70.80,33.62,0,1,70.66,6.70,4.14,52.70,33.58
316.33,0,,70.77,33.62,0,1,71.23,6.54,3.97,52.37,33.59
316.42,0,,70.87,33.64,0,1,70.76,7.01,4.12,52.99,33.91
316.57,0,,70.80,33.71,0,1,69.99,6.82,4.14,52.82,33.70
316.63,0,,70.62,33.74,1,0,71.20,6.78,4.16,52.80,33.64
316.72,0,,70.67,33.72,1,0,70.84,7.09,4.31,53.26,33.80
316.84,0,,70.75,33.72,2,-1,70.32,6.95,4.28,53.09,33.69
316.93,0,,70.64,33.72,2,-1,70.54,6.78,4.13,52.77,33.67
317.08,0,,70.59,33.70,2,-1,70.96,6.75,4.03,52.64,33.74
317.14,0,,70.69,33.70,2,-1,70.81,6.68,4.05,52.59,33.65
317.23,0,,70.81,33.67,1,0,70.87,6.50,3.96,52.32,33.56
317.32,0,,70.83,33.62,1,0,70.57,6.65,4.04,52.55,33.63
317.44,0,,70.78,33.62,1,0,70.93,6.95,4.23,53.04,33.74
317.56,0,,70.74,33.66,1,0,70.50,6.90,4.16,52.92,33.76
317.62,0,,70.64,33.70,1,0,70.31,6.76,4.17,52.79,33.61
317.74,0,,70.53,33.67,1,0,70.82,6.76,4.23,52.85,33.55
317.83,0,,70.57,33.62,1,0,70.70,6.86,4.19,52.91,33.69
317.95,0,,70.68,33.62,2,-1,70.80,6.86,4.22,52.94,33.66
318.13,0,,70.73,33.65,2,-1,70.58,6.91,4.24,53.01,33.69
318.13,0,,70.69,33.68,1,0,70.53,7.00,4.27,53.13,33.75
318.22,0,,70.61,33.69,1,0,70.61,6.89,4.31,53.06,33.60
318.34,0,,70.63,33.67,2,-1,71.02,6.89,4.26,53.01,33.65
318.46,0,,70.77,33.66,1,0,70.87,6.99,4.23,53.08,33.78
318.58,0,,70.90,33.70,1,0,71.05,6.99,4.25,53.10,33.76
318.64,0,,70.95,33.75,0,1,70.71,7.05,4.21,53.12,33.86
318.73,0,,70.75,33.80,0,1,69.68,6.98,4.19,53.03,33.81
318.82,0,,70.33,33.80,1,0,70.18,6.86,4.25,52.97,33.63
318.94,0,,70.15,33.74,1,0,70.80,6.88,4.23,52.97,33.67
319.06,0,,70.35,33.68,2,-1,70.67,6.93,4.25,53.04,33.70
319.15,0,,70.52,33.68,2,-1,70.16,7.09,4.35,53.30,33.76
319.24,0,,70.61,33.73,1,0,71.44,7.22,4.36,53.44,33.88
319.33,0,,70.81,33.80,1,0,70.73,7.18,4.35,53.39,33.85
319.42,0,,70.95,33.84,1,0,70.96,7.16,4.37,53.39,33.81
319.57,0,,70.90,33.84,1,0,70.49,7.15,4.37,53.38,33.80
319.63,0,,70.71,33.82,0,1,70.28,7.14,4.35,53.35,33.81
319.72,0,,70.46,33.80,0,1,70.27,7.17,4.40,53.43,33.79
319.84,0,,70.40,33.78,1,0,71.07,7.13,4.43,53.42,33.72
319.93,0,,70.59,33.74,1,0,70.75,7.04,4.39,53.29,33.67
320.08,0,,70.76,33.70,2,-1,70.67,7.05,4.41,53.32,33.66
320.14,0,,70.73,33.67,1,0,70.40,7.10,4.40,53.36,33.72
320.23,0,,70.62,33.68,1,0,70.65,7.08,4.37,53.31,33.73
320.32,0,,70.56,33.70,1,0,70.60,7.08,4.42,53.36,33.68
320.44,0,,70.56,33.69,1,0,70.47,7.06,4.44,53.36,33.64
320.56,0,,70.53,33.66,1,0,70.50,7.01,4.41,53.28,33.62
320.62,0,,70.49,33.63,1,0,70.40,6.97,4.38,53.21,33.61
320.74,0,,70.46,33.61,2,-1,70.49,6.95,4.40,53.21,33.57
320.83,0,,70.46,33.59,2,-1,70.50,7.03,4.44,53.33,33.61
320.95,0,,70.49,33.60,2,-1,70.61,7.05,4.41,53.32,33.66
321.07,0,,70.53,33.61,2,-1,70.51,6.94,4.42,53.22,33.54
321.13,0,,70.59,33.58,2,-1,70.87,6.89,4.43,53.18,33.48
321.25,0,,70.68,33.53,2,-1,70.65,6.86,4.35,53.07,33.53
321.34,0,,70.67,33.51,0,1,70.27,6.86,4.38,53.10,33.50
321.43,0,,70.52,33.50,1,0,70.42,6.95,4.41,53.22,33.56
321.55,0,,70.46,33.52,1,0,70.83,6.91,4.36,53.13,33.57
321.64,0,,70.54,33.54,1,0,70.46,6.85,4.37,53.08,33.50
321.73,0,,70.61,33.53,1,0,70.78,6.87,4.39,53.12,33.50
321.82,0,,70.67,33.51,0,1,70.74,6.88,4.38,53.12,33.52
321.94,0,,70.68,33.51,1,0,70.35,6.94,4.40,53.20,33.56
322.06,0,,70.60,33.54,1,0,70.71,7.02,4.40,53.28,33.64
322.12,0,,70.55,33.57,1,0,70.39,6.95,4.41,53.22,33.56
322.24,0,,70.49,33.57,1,0,70.33,6.86,4.44,53.16,33.44
322.33,0,,70.46,33.52,1,0,70.79,6.91,4.41,53.18,33.52
322.42,0,,70.57,33.51,1,0,70.83,6.97,4.37,53.20,33.62
322.57,0,,70.70,33.55,1,0,70.59,6.93,4.35,53.14,33.60
322.63,0,,70.67,33.58,1,0,70.29,6.90,4.37,53.13,33.55
322.72,0,,70.61,33.57,1,0,71.15,6.85,4.38,53.09,33.49
322.84,0,,70.65,33.53,1,0,70.25,6.81,4.40,53.07,33.43
322.93,0,,70.55,33.46,1,0,70.13,6.79,4.44,53.09,33.37
323.05,0,,70.36,33.41,1,0,70.40,6.80,4.41,53.07,33.41
323.17,0,,70.33,33.40,1,0,70.67,6.88,4.40,53.14,33.50
323.23,0,,70.42,33.43,1,0,70.32,6.86,4.43,53.15,33.45
323.32,0,,70.44,33.43,2,-1,70.31,6.77,4.45,53.08,33.34
323.44,0,,70.41,33.40,2,-1,70.56,6.76,4.45,53.07,33.33
323.56,0,,70.41,33.36,2,-1,70.31,6.80,4.40,53.06,33.42
323.62,0,,70.48,33.38,1,0,70.94,6.90,4.42,53.18,33.50
323.74,0,,70.63,33.44,1,0,70.75,6.91,4.42,53.19,33.51
323.83,0,,70.70,33.49,1,0,70.34,6.85,4.38,53.09,33.49
323.92,0,,70.58,33.49,1,0,70.28,6.77,4.42,53.05,33.37
324.07,0,,70.43,33.44,1,0,70.54,6.74,4.39,52.99,33.37
324.13,0,,70.45,33.41,1,0,70.87,6.88,4.37,53.11,33.53
324.22,0,,70.63,33.44,0,1,70.80,6.94,4.42,53.22,33.54
324.34,0,,70.70,33.48,0,1,70.22,6.81,4.41,53.08,33.42
324.43,0,,70.57,33.47,0,1,70.40,6.77,4.45,53.08,33.34
324.55,0,,70.41,33.40,1,0,70.35,6.77,4.46,53.09,33.33
324.67,0,,70.41,33.36,1,0,70.85,6.77,4.39,53.02,33.40
324.73,0,,70.59,33.37,1,0,70.96,6.88,4.41,53.15,33.49
324.82,0,,70.75,33.42,1,0,70.47,6.86,4.44,53.16,33.44
324.94,0,,70.74,33.45,1,0,70.70,6.78,4.38,53.02,33.42
325.09,0,,70.65,33.45,1,0,70.38,6.82,4.36,53.04,33.48
325.15,0,,70.48,33.44,1,0,70.07,6.74,4.42,53.02,33.34
325.24,0,,70.33,33.39,1,0,70.63,6.75,4.47,53.08,33.30
325.33,0,,70.31,33.34,2,-1,70.10,6.85,4.49,53.20,33.38
325.42,0,,70.36,33.32,2,-1,70.88,6.77,4.50,53.13,33.29
325.57,0,,70.50,33.31,1,0,70.53,6.75,4.44,53.05,33.33
325.63,0,,70.55,33.31,1,0,70.14,6.76,4.44,53.06,33.34
325.72,0,,70.46,33.32,1,0,70.57,6.74,4.47,53.07,33.29
325.84,0,,70.39,33.32,2,-1,70.23,6.82,4.45,53.13,33.39
325.93,0,,70.34,33.33,2,-1,70.33,6.76,4.50,53.12,33.28
326.05,0,,70.34,33.31,1,0,70.57,6.68,4.46,53.00,33.24
326.20,0,,70.43,33.29,1,0,70.55,6.77,4.38,53.01,33.41
326.23,0,,70.53,33.31,1,0,70.65,6.75,4.42,53.03,33.35
326.35,0,,70.57,33.33,1,0,70.34,6.73,4.48,53.07,33.27
326.44,0,,70.44,33.33,1,0,69.90,6.82,4.48,53.16,33.36
326.59,0,,70.26,33.33,2,-1,70.48,6.80,4.45,53.11,33.37
326.65,0,,70.25,33.34,2,-1,70.52,6.74,4.47,53.07,33.29
326.74,0,,70.43,33.33,2,-1,70.87,6.77,4.46,53.09,33.33
326.83,0,,70.58,33.32,1,0,70.19,6.74,4.46,53.06,33.30
326.92,0,,70.61,33.29,1,0,70.98,6.71,4.54,53.11,33.19
327.07,0,,70.62,33.26,1,0,70.32,6.80,4.51,53.17,33.31
327.13,0,,70.61,33.27,1,0,70.73,6.81,4.44,53.11,33.39
327.22,0,,70.57,33.31,1,0,70.43,6.73,4.49,53.08,33.26
327.34,0,,70.51,33.30,0,1,70.30,6.71,4.52,53.09,33.21
327.43,0,,70.44,33.26,0,1,70.58,6.73,4.48,53.07,33.27
327.55,0,,70.42,33.25,1,0,70.34,6.79,4.51,53.16,33.30
327.67,0,,70.45,33.26,1,0,70.65,6.78,4.53,53.17,33.27
327.73,0,,70.51,33.26,1,0,70.60,6.73,4.53,53.12,33.22
327.82,0,,70.58,33.24,1,0,70.62,6.73,4.57,53.16,33.18
327.94,0,,70.58,33.20,1,0,70.30,6.72,4.56,53.14,33.18
328.09,0,,70.54,33.18,1,0,70.80,6.70,4.54,53.10,33.18
328.12,0,,70.54,33.18,1,0,70.31,6.83,4.55,53.24,33.30
328.30,0,,70.57,33.23,1,0,71.02,6.85,4.59,53.30,33.28
328.33,0,,70.70,33.26,1,0,70.83,6.77,4.60,53.23,33.19
328.42,0,,70.84,33.26,0,1,70.91,6.81,4.50,53.17,33.33
328.57,0,,70.86,33.27,0,1,70.60,6.75,4.51,53.12,33.26
328.63,0,,70.76,33.26,0,2,70.53,6.73,4.55,53.14,33.20
328.72,0,,70.63,33.24,0,1,70.60,6.82,4.54,53.22,33.30
328.84,0,,70.56,33.24,0,1,70.55,6.78,4.56,53.20,33.24
328.93,0,,70.55,33.24,0,1,70.61,6.73,4.52,53.11,33.23
329.05,0,,70.57,33.23,0,1,70.58,6.70,4.52,53.08,33.20
329.14,0,,70.58,33.21,0,1,70.57,6.69,4.54,53.09,33.17
329.23,0,,70.56,33.20,2,-1,70.40,6.81,4.56,53.23,33.27
329.32,0,,70.58,33.22,2,-1,71.10,6.86,4.59,53.31,33.29
329.44,0,,70.71,33.25,2,-1,70.63,6.81,4.58,53.25,33.25
329.56,0,,70.74,33.27,1,0,70.48,6.85,4.58,53.29,33.29
329.62,0,,70.62,33.27,1,0,70.36,6.82,4.60,53.28,33.24
329.74,0,,70.47,33.25,1,0,70.38,6.76,4.61,53.23,33.17
329.83,0,,70.45,33.21,1,0,70.89,6.83,4.65,53.34,33.20
329.95,0,,70.58,33.19,1,0,70.65,6.79,4.62,53.27,33.19
330.07,0,,70.72,33.19,1,0,70.91,6.77,4.55,53.18,33.24
330.13,0,,70.82,33.21,1,0,70.90,6.82,4.55,53.23,33.29
330.22,0,,70.88,33.24,0,1,70.80,6.77,4.58,53.21,33.21
330.34,0,,70.89,33.25,0,1,70.96,6.84,4.58,53.28,33.28
330.43,0,,70.82,33.27,0,2,70.32,6.98,4.60,53.44,33.40
330.55,0,,70.67,33.32,0,2,70.66,6.97,4.66,53.49,33.33
330.67,0,,70.64,33.35,1,0,71.16,6.94,4.59,53.39,33.37
330.76,0,,70.75,33.36,1,0,70.44,6.90,4.59,53.35,33.33
330.82,0,,70.68,33.32,1,0,70.24,6.83,4.70,53.39,33.15
330.94,0,,70.54,33.25,1,0,70.81,6.86,4.68,53.40,33.20
331.06,0,,70.56,33.22,4,-2,70.75,6.99,4.63,53.48,33.38
331.12,0,,70.64,33.26,4,-2,70.49,6.95,4.61,53.42,33.36
331.24,0,,70.68,33.32,2,-1,70.99,6.90,4.61,53.37,33.31
331.33,0,,70.75,33.34,1,0,70.72,6.94,4.63,53.43,33.33
331.42,0,,70.76,33.32,1,0,70.52,6.87,4.67,53.40,33.22
331.57,0,,70.72,33.27,1,0,70.91,6.90,4.69,53.45,33.23
331.63,0,,70.71,33.25,1,0,70.59,7.02,4.67,53.55,33.37
331.72,0,,70.75,33.29,1,0,71.01,6.99,4.66,53.51,33.35
331.84,0,,70.79,33.33,1,0,70.63,6.98,4.67,53.51,33.33
331.93,0,,70.80,33.34,0,1,70.87,6.95,4.69,53.50,33.28
332.05,0,,70.83,33.32,0,1,71.03,6.94,4.66,53.46,33.30
332.14,0,,70.87,33.30,0,1,70.64,6.99,4.68,53.53,33.33
332.23,0,,70.84,33.29,0,1,70.85,6.92,4.70,53.48,33.24
332.32,0,,70.73,33.28,0,1,70.22,6.93,4.66,53.45,33.29
332.50,0,,70.57,33.27,0,1,70.61,6.94,4.67,53.47,33.29
332.56,0,,70.46,33.26,1,0,70.30,6.87,4.68,53.41,33.21
332.65,0,,70.51,33.25,4,-2,71.23,6.93,4.71,53.50,33.24
332.80,0,,70.70,33.24,2,-1,70.64,7.05,4.73,53.64,33.34
332.86,0,,70.83,33.28,2,-1,70.87,7.06,4.70,53.62,33.38
332.92,0,,70.81,33.33,1,0,70.54,7.00,4.71,53.57,33.31
333.07,0,,70.73,33.34,1,0,70.74,7.01,4.69,53.56,33.34
333.13,0,,70.63,33.33,1,0,70.30,6.95,4.70,53.51,33.27
333.22,0,,70.55,33.29,1,0,70.80,6.93,4.75,53.54,33.20
333.34,0,,70.58,33.26,1,0,70.65,7.05,4.76,53.67,33.31
333.43,0,,70.66,33.25,1,0,70.77,6.99,4.78,53.63,33.23
333.55,0,,70.75,33.25,1,0,70.92,6.93,4.71,53.50,33.24
333.64,0,,70.84,33.25,1,0,70.90,6.95,4.67,53.48,33.30
333.73,0,,70.92,33.25,1,0,71.04,6.88,4.74,53.48,33.16
333.82,0,,70.92,33.23,0,1,70.55,6.94,4.73,53.53,33.23
333.94,0,,70.77,33.22,0,1,70.43,7.00,4.72,53.58,33.30
334.06,0,,70.69,33.25,1,0,71.36,6.98,4.74,53.58,33.26
334.12,0,,70.86,33.28,1,0,71.10,7.07,4.71,53.64,33.38
334.24,0,,70.97,33.31,1,0,70.34,7.03,4.75,53.64,33.30
334.33,0,,70.83,33.31,1,0,70.82,6.95,4.78,53.59,33.19
334.42,0,,70.68,33.27,1,0,70.49,7.02,4.76,53.64,33.28
334.57,0,,70.59,33.25,1,0,70.58,7.03,4.76,53.65,33.29
334.63,0,,70.57,33.25,1,0,70.71,6.91,4.76,53.53,33.17
334.72,0,,70.57,33.21,2,-1,70.33,6.87,4.78,53.51,33.11
334.87,0,,70.58,33.16,2,-1,70.98,6.90,4.78,53.54,33.14
334.93,0,,70.58,33.12,4,-2,70.00,6.88,4.79,53.53,33.11
335.05,0,,70.49,33.11,4,-2,70.64,6.95,4.79,53.60,33.18
335.14,0,,70.48,33.16,4,-2,70.81,7.07,4.76,53.69,33.33
335.23,0,,70.62,33.22,2,-1,70.78,6.99,4.81,53.66,33.20
335.32,0,,70.73,33.24,1,0,70.65,6.91,4.79,53.56,33.14
335.44,0,,70.70,33.20,1,0,70.39,6.94,4.75,53.55,33.21
335.56,0,,70.55,33.18,0,1,70.29,6.92,4.81,53.59,33.13
335.62,0,,70.39,33.15,1,0,70.31,6.94,4.82,53.62,33.14
335.74,0,,70.37,33.14,1,0,70.87,6.91,4.78,53.55,33.15
335.83,0,,70.59,33.13,1,0,71.13,6.82,4.77,53.45,33.07
335.92,0,,70.81,33.10,0,1,70.45,6.81,4.80,53.47,33.03
336.10,0,,70.85,33.06,0,1,71.04,6.81,4.79,53.46,33.04
336.13,0,,70.79,33.04,0,1,70.36,6.88,4.80,53.54,33.10
336.22,0,,70.74,33.07,0,1,71.15,7.00,4.82,53.68,33.20
336.34,0,,70.77,33.13,1,0,70.62,6.97,4.81,53.64,33.18
336.43,0,,70.71,33.15,0,1,70.17,6.86,4.89,53.61,32.99
336.55,0,,70.60,33.09,0,1,71.18,6.83,4.89,53.58,32.96
336.64,0,,70.68,33.03,0,1,70.73,6.92,4.80,53.58,33.14
336.73,0,,70.78,33.05,1,0,70.64,6.98,4.86,53.70,33.14
336.85,0,,70.71,33.10,1,0,70.41,7.02,4.91,53.79,33.13
336.94,0,,70.52,33.12,1,0,70.07,6.96,4.89,53.71,33.09
337.06,0,,70.35,33.09,2,-1,70.62,6.85,4.94,53.65,32.93
337.12,0,,70.36,33.02,4,-2,70.51,6.87,4.94,53.67,32.95
337.24,0,,70.44,32.97,4,-2,70.40,6.90,4.90,53.66,33.02
337.33,0,,70.50,32.98,2,-1,70.76,7.00,4.90,53.76,33.12
337.42,0,,70.64,33.06,2,-1,70.96,7.12,4.86,53.84,33.28
337.57,0,,70.74,33.16,2,-1,70.42,7.04,4.86,53.76,33.20
337.63,0,,70.73,33.20,1,0,70.84,6.96,4.88,53.70,33.10
337.72,0,,70.74,33.18,0,1,70.91,6.97,4.85,53.68,33.14
337.84,0,,70.83,33.14,0,2,70.96,6.98,4.89,53.73,33.11
337.93,0,,70.92,33.12,0,2,71.01,7.08,4.95,53.89,33.15
338.05,0,,70.92,33.13,0,2,70.46,7.12,4.91,53.89,33.23
338.14,0,,70.76,33.16,0,2,70.54,6.98,4.88,53.72,33.12
338.23,0,,70.64,33.14,0,1,70.89,6.92,4.93,53.71,33.01
338.32,0,,70.62,33.09,1,0,70.36,6.95,4.88,53.69,33.09
338.44,0,,70.54,33.07,1,0,70.31,6.90,4.81,53.57,33.11
338.56,0,,70.43,33.07,1,0,70.46,6.88,4.83,53.57,33.07
338.62,0,,70.44,33.07,4,-2,70.85,6.80,4.83,53.49,32.99
338.74,0,,70.62,33.03,4,-2,70.88,6.68,4.74,53.28,32.96
338.83,0,,70.80,32.97,2,-1,70.87,6.56,4.71,53.13,32.87
338.92,0,,70.81,32.90,1,0,70.32,6.47,4.73,53.06,32.76
339.07,0,,70.68,32.83,0,1,70.67,6.52,4.71,53.09,32.83
339.13,0,,70.59,32.80,1,0,70.66,6.58,4.72,53.16,32.88
339.22,0,,70.60,32.82,1,0,70.61,6.50,4.73,53.09,32.79
339.34,0,,70.59,32.81,1,0,70.43,6.49,4.72,53.07,32.79
339.43,0,,70.61,32.81,2,-1,71.03,6.57,4.71,53.14,32.88
339.55,0,,70.62,32.82,1,0,70.04,6.54,4.71,53.11,32.85
339.64,0,,70.58,32.82,1,0,71.01,6.44,4.75,53.05,32.71
339.76,0,,70.62,32.79,2,-1,70.65,6.51,4.73,53.10,32.80
339.88,0,,70.74,32.77,2,-1,70.98,6.49,4.72,53.07,32.79
339.94,0,,70.78,32.75,1,0,70.37,6.35,4.72,52.93,32.65
340.06,0,,70.64,32.70,1,0,70.28,6.27,4.71,52.84,32.58
340.12,0,,70.44,32.61,0,1,70.37,6.19,4.77,52.82,32.44
340.24,0,,70.30,32.52,1,0,70.09,6.28,4.76,52.90,32.54
340.33,0,,70.29,32.51,4,-2,70.88,6.42,4.73,53.01,32.71
340.42,0,,70.46,32.58,4,-2,70.63,6.43,4.78,53.07,32.67
340.57,0,,70.65,32.65,2,-1,70.77,6.41,4.77,53.04,32.66
340.63,0,,70.75,32.67,2,-1,70.82,6.37,4.73,52.96,32.66
340.72,0,,70.85,32.67,1,0,71.19,6.42,4.75,53.03,32.69
340.84,0,,71.01,32.70,0,2,71.19,6.61,4.77,53.24,32.86
340.96,0,,71.07,32.77,0,2,70.61,6.71,4.82,53.39,32.91
341.05,0,,70.90,32.84,0,2,70.47,6.66,4.91,53.43,32.77
341.14,0,,70.65,32.83,0,2,70.47,6.67,4.91,53.44,32.78
341.23,0,,70.51,32.80,0,1,70.61,6.69,4.91,53.46,32.80
341.35,0,,70.49,32.78,0,1,70.51,6.70,4.95,53.51,32.77
341.44,0,,70.59,32.79,1,0,71.16,6.85,4.93,53.64,32.94
341.56,0,,70.73,32.85,1,0,70.39,6.89,4.93,53.68,32.98
341.62,0,,70.75,32.93,1,0,70.83,6.86,4.91,53.63,32.97
341.74,0,,70.67,32.98,4,-2,70.33,6.89,4.87,53.62,33.04
341.83,0,,70.54,33.01,2,-1,70.35,6.85,4.90,53.61,32.97
341.95,0,,70.44,32.99,2,-1,70.68,6.85,4.98,53.69,32.89
342.07,0,,70.47,32.95,2,-1,70.42,6.94,4.98,53.78,32.98
342.13,0,,70.54,32.95,1,0,70.83,6.94,4.98,53.78,32.98
342.22,0,,70.61,32.95,2,-1,70.45,6.87,4.96,53.69,32.93
342.34,0,,70.66,32.95,1,0,70.93,6.85,4.89,53.60,32.98
342.43,0,,70.78,32.94,1,0,71.14,6.82,4.96,53.64,32.88
342.55,0,,70.93,32.92,0,1,70.79,6.86,5.00,53.72,32.88
342.64,0,,70.86,32.91,0,2,70.21,6.99,5.00,53.85,33.01
342.73,0,,70.62,32.93,0,2,70.50,7.01,5.09,53.96,32.94
342.82,0,,70.51,32.95,0,1,70.93,7.01,5.07,53.94,32.96
342.94,0,,70.59,32.96,1,0,70.53,7.03,5.06,53.95,32.99
343.06,0,,70.64,32.96,1,0,70.55,6.98,5.13,53.97,32.87
343.12,0,,70.61,32.94,1,0,70.63,7.06,5.10,54.02,32.98
343.24,0,,70.59,32.96,1,0,70.50,7.18,5.07,54.11,33.13
343.33,0,,70.51,33.02,2,-1,70.18,7.10,5.07,54.03,33.05
343.42,0,,70.41,33.05,4,-2,70.55,6.98,5.07,53.91,32.93
343.57,0,,70.38,33.00,2,-1,70.34,6.92,5.06,53.84,32.88
343.63,0,,70.44,32.92,2,-1,70.86,6.90,5.08,53.84,32.84
343.72,0,,70.59,32.87,2,-1,70.69,7.01,5.11,53.98,32.92
343.84,0,,70.71,32.89,2,-1,70.75,7.15,5.11,54.12,33.06
343.93,0,,70.78,32.95,1,0,70.89,7.11,5.14,54.11,32.99
344.05,0,,70.76,32.98,1,0,70.31,7.06,5.17,54.09,32.91
344.14,0,,70.64,32.97,0,1,70.67,7.08,5.16,54.10,32.94
344.23,0,,70.56,32.94,0,1,70.57,7.07,5.16,54.09,32.93
344.32,0,,70.57,32.93,0,1,70.67,7.15,5.21,54.22,32.96
344.44,0,,70.60,32.95,0,1,70.60,7.24,5.21,54.31,33.05
344.56,0,,70.54,32.99,1,0,69.98,7.17,5.18,54.21,33.01
344.65,0,,70.38,32.99,1,0,70.52,7.08,5.23,54.17,32.87
344.74,0,,70.32,32.95,2,-1,70.40,7.09,5.17,54.12,32.94
344.83,0,,70.31,32.93,4,-2,69.97,7.12,5.16,54.14,32.98
344.92,0,,70.29,32.95,4,-2,70.83,7.24,5.21,54.31,33.05
345.07,0,,70.39,33.01,4,-2,70.34,7.30,5.16,54.32,33.16
345.13,0,,70.44,33.07,2,-1,70.19,7.16,5.20,54.22,32.98
345.22,0,,70.36,33.06,2,-1,70.37,7.17,5.21,54.24,32.98
345.34,0,,70.31,33.02,2,-1,70.28,7.21,5.21,54.28,33.02
345.43,0,,70.34,32.99,2,-1,70.60,7.18,5.27,54.31,32.93
345.58,0,,70.45,32.98,2,-1,70.67,7.30,5.24,54.40,33.08
345.64,0,,70.54,33.02,0,1,70.31,7.39,5.24,54.49,33.17
345.73,0,,70.49,33.09,0,1,70.29,7.33,5.26,54.45,33.09
345.82,0,,70.39,33.12,0,1,70.46,7.32,5.23,54.41,33.11
345.94,0,,70.33,33.12,1,0,70.11,7.33,5.20,54.39,33.15
346.06,0,,70.31,33.12,1,0,70.58,7.28,5.20,54.34,33.10
346.12,0,,70.34,33.13,2,-1,70.28,7.37,5.19,54.42,33.20
346.24,0,,70.41,33.15,2,-1,70.64,7.35,5.19,54.40,33.18
346.33,0,,70.44,33.14,2,-1,70.18,7.16,5.24,54.26,32.94
346.42,0,,70.38,33.05,2,-1,70.25,7.11,5.23,54.20,32.90
346.57,0,,70.23,32.95,2,-1,69.84,7.11,5.23,54.20,32.90
346.63,0,,70.09,32.90,2,-1,70.24,7.19,5.27,54.32,32.94
346.72,0,,70.06,32.93,2,-1,70.09,7.38,5.26,54.50,33.14
346.84,0,,70.15,33.01,2,-1,70.59,7.35,5.26,54.47,33.11
346.93,0,,70.26,33.07,2,-1,69.95,7.22,5.26,54.34,32.98
347.05,0,,70.22,33.05,2,-1,70.06,7.21,5.29,54.36,32.94
347.14,0,,70.07,33.00,2,-1,69.77,7.28,5.30,54.44,33.00
347.23,0,,70.00,32.98,2,-1,70.46,7.34,5.31,54.51,33.05
347.32,0,,70.11,32.99,2,-1,70.31,7.30,5.34,54.50,32.98
347.44,0,,70.29,32.99,2,-1,70.55,7.20,5.26,54.32,32.96
347.56,0,,70.42,32.99,0,1,70.33,7.20,5.19,54.25,33.03
347.62,0,,70.44,32.99,0,1,70.39,7.18,5.25,54.29,32.95
347.83,0,,70.42,32.97,0,1,70.43,7.20,5.31,54.37,32.91
347.83,0,,70.40,32.95,0,1,70.32,7.30,5.32,54.48,33.00
347.92,0,,70.35,32.96,0,2,70.22,7.30,5.31,54.47,33.01
348.07,0,,70.32,32.99,0,2,70.51,7.30,5.24,54.40,33.08
348.13,0,,70.34,33.04,0,1,70.30,7.37,5.25,54.48,33.14
348.22,0,,70.35,33.08,0,1,70.24,7.33,5.34,54.53,33.01
348.34,0,,70.28,33.06,1,0,70.07,7.27,5.33,54.46,32.96
348.43,0,,70.18,33.02,1,0,70.16,7.37,5.35,54.58,33.04
348.55,0,,70.20,33.02,2,-1,70.69,7.45,5.33,54.64,33.14
348.64,0,,70.37,33.06,2,-1,70.52,7.35,5.25,54.46,33.12
348.73,0,,70.53,33.09,1,0,70.65,7.24,5.27,54.37,32.99
348.88,0,,70.58,33.04,0,1,70.32,7.11,5.26,54.23,32.87
348.94,0,,70.52,32.96,0,1,70.52,7.13,5.25,54.24,32.90
349.06,0,,70.45,32.92,0,1,70.29,7.28,5.27,54.41,33.03
349.12,0,,70.38,32.94,0,1,70.32,7.22,5.28,54.36,32.96
349.24,0,,70.36,32.96,0,1,70.62,7.20,5.24,54.30,32.98
349.33,0,,70.47,32.99,1,0,70.69,7.27,5.21,54.34,33.08
349.42,0,,70.59,33.01,0,1,70.56,7.20,5.28,54.34,32.94
349.57,0,,70.65,33.00,0,1,70.75,7.25,5.31,54.42,32.96
349.63,0,,70.62,32.98,0,1,70.18,7.37,5.30,54.53,33.09
349.72,0,,70.46,33.00,0,1,70.21,7.28,5.34,54.48,32.96
349.84,0,,70.24,32.99,0,1,69.89,7.22,5.30,54.38,32.94
349.96,0,,70.10,32.97,2,-1,70.38,7.25,5.29,54.40,32.98
350.08,0,,70.13,32.96,2,-1,70.24,7.27,5.30,54.43,32.99
350.14,0,,70.23,32.98,4,-2,70.37,7.39,5.31,54.56,33.10
350.23,0,,70.29,33.03,4,-2,70.23,7.50,5.42,54.78,33.10
350.35,0,,70.30,33.07,4,-2,70.27,7.52,5.47,54.85,33.07
350.44,0,,70.34,33.09,4,-2,70.74,7.60,5.45,54.91,33.17
350.56,0,,70.44,33.12,1,0,70.26,7.71,5.56,55.13,33.17
350.68,0,,70.43,33.14,2,-1,70.23,7.81,5.74,55.41,33.09
350.74,0,,70.32,33.11,1,0,70.15,7.71,5.81,55.38,32.92
350.83,0,,70.21,32.99,1,0,70.15,7.39,5.72,54.97,32.69
350.92,0,,70.09,32.81,1,0,69.65,7.24,5.74,54.84,32.52
351.07,0,,69.91,32.62,2,-1,69.82,7.28,5.87,55.01,32.43
351.13,0,,69.86,32.50,2,-1,70.37,7.31,5.76,54.93,32.57
351.25,0,,70.02,32.50,4,-2,70.17,7.30,5.62,54.78,32.70
351.34,0,,70.21,32.57,2,-1,70.49,7.28,5.76,54.90,32.54
351.43,0,,70.30,32.59,2,-1,69.99,7.41,5.88,55.15,32.55
351.55,0,,70.25,32.58,2,-1,70.13,7.59,5.99,55.44,32.62
351.64,0,,70.13,32.58,2,-1,69.98,7.67,6.12,55.65,32.57
351.73,0,,70.05,32.57,2,-1,70.07,7.60,6.15,55.61,32.47
351.82,0,,69.95,32.47,2,-1,69.46,7.24,6.23,55.33,32.03
351.97,0,,69.76,32.20,2,-1,69.56,6.82,6.29,54.97,31.55
352.06,0,,69.64,31.84,2,-1,69.93,6.56,6.12,54.54,31.46
352.12,0,,69.70,31.52,2,-1,69.90,6.21,5.94,54.01,31.29
352.24,0,,69.71,31.28,2,-1,68.97,5.77,5.91,53.54,30.88
352.33,0,,69.52,31.02,2,-1,69.54,5.41,5.85,53.12,30.58
352.42,0,,69.44,30.74,4,-2,69.76,5.16,5.68,52.70,30.50
352.57,0,,69.50,30.54,4,-2,69.38,5.00,5.57,52.43,30.45
352.63,0,,69.55,30.41,4,-2,69.69,4.74,5.52,52.12,30.24
352.72,0,,69.59,30.28,2,-1,69.66,4.38,5.43,51.67,29.97
352.84,0,,69.68,30.10,2,-1,69.95,4.07,5.28,51.21,29.81
352.93,0,,69.79,29.91,2,-1,69.79,3.92,5.18,50.96,29.76
353.05,0,,69.74,29.78,0,1,69.04,3.94,5.24,51.04,29.72
353.14,0,,69.50,29.71,0,1,69.34,3.97,5.33,51.16,29.66
353.23,0,,69.31,29.67,1,0,69.31,3.93,5.24,51.03,29.71
353.32,0,,69.25,29.65,2,-1,69.25,3.84,5.28,50.98,29.58
353.44,0,,69.21,29.60,4,-2,68.95,3.62,5.22,50.70,29.42
353.56,0,,69.19,29.50,4,-2,69.62,3.28,4.95,50.09,29.35
353.62,0,,69.24,29.37,4,-2,69.04,3.06,4.90,49.82,29.18
353.74,0,,69.24,29.25,4,-2,69.11,2.97,4.86,49.69,29.13
353.83,0,,69.18,29.15,4,-2,69.28,2.75,4.71,49.32,29.06
353.95,0,,69.12,29.05,4,-2,68.73,2.49,4.68,49.03,28.83
354.07,0,,68.99,28.93,4,-2,68.87,2.36,4.59,48.81,28.79
354.13,0,,68.89,28.82,4,-2,68.98,2.21,4.51,48.58,28.72
354.22,0,,68.97,28.72,4,-2,69.56,2.10,4.53,48.49,28.59
354.34,0,,69.16,28.66,4,-2,69.02,2.15,4.44,48.45,28.73
354.43,0,,69.25,28.64,4,-2,69.32,2.04,4.42,48.32,28.64
354.58,0,,69.28,28.61,1,0,69.37,1.84,4.45,48.15,28.41
354.64,0,,69.34,28.53,0,1,69.47,1.82,4.36,48.04,28.48
354.73,0,,69.37,28.47,0,1,69.13,1.86,4.37,48.09,28.51
354.82,0,,69.27,28.47,0,2,68.95,1.94,4.41,48.21,28.55
354.94,0,,69.18,28.51,0,2,69.59,1.97,4.36,48.19,28.63
355.06,0,,69.27,28.57,0,1,69.50,1.85,4.30,48.01,28.57
355.12,0,,69.35,28.57,0,1,68.88,1.69,4.31,47.86,28.40
355.24,0,,69.23,28.49,0,1,69.13,1.58,4.28,47.72,28.32
355.33,0,,69.13,28.39,2,-1,69.21,1.56,4.20,47.62,28.38
355.42,0,,69.11,28.35,2,-1,69.09,1.59,4.23,47.68,28.38
355.57,0,,69.12,28.36,2,-1,69.17,1.59,4.17,47.62,28.44
355.63,0,,69.15,28.39,2,-1,69.26,1.49,4.11,47.46,28.40
355.75,0,,69.17,28.38,2,-1,69.01,1.36,4.16,47.38,28.22
355.84,0,,69.19,28.33,2,-1,69.52,1.38,4.06,47.30,28.34
355.93,0,,69.25,28.32,2,-1,69.09,1.47,4.04,47.37,28.45
356.05,0,,69.27,28.36,0,1,69.35,1.52,4.16,47.54,28.38
356.14,0,,69.31,28.39,1,0,69.58,1.51,4.12,47.49,28.41
356.23,0,,69.50,28.41,1,0,70.07,1.53,4.07,47.46,28.48
356.32,0,,69.69,28.43,0,2,69.34,1.51,4.11,47.48,28.42
356.44,0,,69.66,28.43,0,2,69.40,1.44,4.08,47.38,28.38
356.56,0,,69.47,28.42,0,2,69.12,1.53,4.06,47.45,28.49
356.62,0,,69.34,28.44,0,2,69.63,1.62,4.10,47.58,28.54
356.74,0,,69.38,28.48,0,1,69.59,1.55,4.09,47.50,28.48
356.83,0,,69.48,28.49,0,1,69.33,1.52,4.08,47.46,28.46
356.92,0,,69.45,28.47,0,1,69.26,1.48,4.09,47.43,28.41
357.07,0,,69.40,28.45,0,1,69.65,1.54,4.09,47.49,28.47
357.13,0,,69.41,28.46,2,-1,69.18,1.74,4.11,47.71,28.65
357.22,0,,69.39,28.55,2,-1,69.49,1.78,4.08,47.72,28.72
357.34,0,,69.35,28.65,2,-1,69.14,1.74,4.04,47.64,28.72
357.43,0,,69.28,28.71,2,-1,69.15,1.72,4.06,47.64,28.68
357.55,0,,69.24,28.70,2,-1,69.55,1.68,4.08,47.62,28.62
357.64,0,,69.36,28.68,2,-1,69.65,1.79,4.04,47.69,28.77
357.85,0,,69.48,28.71,0,1,69.26,1.85,4.05,47.76,28.82
357.85,0,,69.46,28.74,0,1,69.36,1.71,4.06,47.63,28.67
357.94,0,,69.41,28.72,0,1,69.48,1.59,4.05,47.50,28.56
358.06,0,,69.45,28.64,0,1,69.76,1.57,4.03,47.46,28.56
358.12,0,,69.52,28.59,0,1,69.26,1.65,3.97,47.48,28.70
358.24,0,,69.50,28.62,0,1,69.50,1.70,3.98,47.54,28.74
358.33,0,,69.50,28.68,0,1,69.78,1.66,4.01,47.53,28.67
358.42,0,,69.64,28.71,1,0,69.97,1.69,3.94,47.49,28.77
358.57,0,,69.74,28.73,0,1,69.34,1.68,3.92,47.46,28.78
358.63,0,,69.69,28.74,0,1,69.71,1.57,3.93,47.36,28.66
358.72,0,,69.58,28.71,0,1,69.25,1.59,3.95,47.40,28.66
358.84,0,,69.47,28.69,1,0,69.48,1.68,3.96,47.50,28.74
358.93,0,,69.42,28.69,1,0,69.51,1.63,3.93,47.42,28.72
359.05,0,,69.42,28.70,1,0,69.31,1.54,3.93,47.33,28.63
359.14,0,,69.38,28.66,2,-1,69.24,1.49,3.96,47.31,28.55
359.23,0,,69.35,28.60,2,-1,69.62,1.50,3.95,47.31,28.57
359.32,0,,69.36,28.58,4,-2,69.08,1.54,3.91,47.31,28.65
359.44,0,,69.27,28.59,4,-2,68.95,1.60,3.97,47.43,28.65
359.56,0,,69.11,28.63,4,-2,69.04,1.64,3.96,47.46,28.70
359.62,0,,69.05,28.67,4,-2,69.30,1.61,3.89,47.36,28.74
359.74,0,,69.14,28.70,4,-2,69.39,1.57,3.93,47.36,28.66
359.83,0,,69.27,28.70,4,-2,69.27,1.56,3.90,47.32,28.68
359.92,0,,69.32,28.69,1,0,69.28,1.65,3.91,47.42,28.76
360.07,0,,69.34,28.72,1,0,69.51,1.75,3.97,47.58,28.80
360.13,0,,69.43,28.77,1,0,69.71,1.68,3.86,47.40,28.84
360.22,0,,69.52,28.81,0,1,69.27,1.57,3.81,47.24,28.78
360.34,0,,69.52,28.79,0,2,69.63,1.52,3.89,47.27,28.65
360.46,0,,69.49,28.73,0,2,69.32,1.51,3.86,47.23,28.67
360.55,0,,69.49,28.69,0,2,69.76,1.56,3.83,47.25,28.75
360.64,0,,69.52,28.70,0,2,69.36,1.63,3.83,47.32,28.82
360.73,0,,69.46,28.75,0,1,69.07,1.57,3.84,47.27,28.75
360.85,0,,69.31,28.75,0,1,69.30,1.46,3.88,47.20,28.60
360.94,0,,69.25,28.69,1,0,69.47,1.48,3.84,47.18,28.66
361.06,0,,69.41,28.66,1,0,70.05,1.55,3.81,47.22,28.76
361.15,0,,69.66,28.69,1,0,69.68,1.64,3.84,47.34,28.82
361.24,0,,69.76,28.76,0,1,69.43,1.65,3.86,47.37,28.81
361.33,0,,69.64,28.78,0,1,69.42,1.53,3.92,47.31,28.63
361.42,0,,69.51,28.73,0,1,69.51,1.54,3.88,47.28,28.68
361.60,0,,69.47,28.70,0,1,69.61,1.61,3.83,47.30,28.80
361.63,0,,69.48,28.71,0,1,69.31,1.57,3.88,47.31,28.71
361.72,0,,69.44,28.73,0,1,69.34,1.64,3.90,47.40,28.76
361.84,0,,69.40,28.75,1,0,69.58,1.70,3.87,47.43,28.85
361.96,0,,69.42,28.78,0,1,69.30,1.60,3.88,47.34,28.74
362.05,0,,69.39,28.77,0,1,69.24,1.57,3.89,47.32,28.70
362.14,0,,69.30,28.74,2,-1,69.18,1.59,3.84,47.29,28.77
362.38,0,,69.21,28.74,2,-1,69.05,1.62,3.87,47.35,28.77
362.38,0,,69.11,28.75,4,-2,69.01,1.68,3.93,47.47,28.77
362.44,0,,69.06,28.76,4,-2,69.22,1.62,3.89,47.37,28.75
362.56,0,,69.12,28.75,4,-2,69.34,1.52,3.87,47.25,28.67
362.62,0,,69.25,28.71,4,-2,69.47,1.48,3.85,47.19,28.65
362.74,0,,69.36,28.67,2,-1,69.24,1.44,3.80,47.10,28.66
362.86,0,,69.39,28.65,2,-1,69.49,1.45,3.80,47.11,28.67
362.92,0,,69.45,28.67,0,1,69.72,1.52,3.78,47.16,28.76
363.07,0,,69.54,28.70,0,1,69.41,1.46,3.74,47.06,28.74
363.13,0,,69.53,28.71,0,2,69.37,1.31,3.78,46.95,28.55
363.22,0,,69.44,28.64,0,2,69.29,1.27,3.78,46.91,28.51
363.34,0,,69.42,28.58,0,2,69.82,1.34,3.68,46.88,28.68
363.43,0,,69.49,28.60,0,1,69.30,1.37,3.67,46.90,28.72
363.55,0,,69.50,28.64,0,1,69.48,1.28,3.72,46.86,28.58
363.64,0,,69.48,28.63,0,1,69.55,1.15,3.65,46.66,28.52
363.73,0,,69.47,28.57,1,0,69.34,1.06,3.60,46.52,28.48
363.82,0,,69.39,28.50,1,0,69.05,0.98,3.61,46.45,28.39
363.94,0,,69.26,28.43,1,0,69.35,1.00,3.61,46.47,28.41
364.06,0,,69.26,28.41,2,-1,69.57,1.10,3.60,46.56,28.52
364.12,0,,69.39,28.44,2,-1,69.55,1.06,3.57,46.49,28.51
364.24,0,,69.50,28.48,2,-1,69.50,0.98,3.54,46.38,28.46
364.33,0,,69.49,28.48,1,0,69.13,0.94,3.53,46.33,28.43
364.42,0,,69.39,28.44,1,0,69.48,0.91,3.56,46.33,28.37
364.57,0,,69.36,28.42,1,0,69.43,1.02,3.51,46.39,28.53
364.63,0,,69.42,28.46,1,0,69.62,1.10,3.48,46.44,28.64
364.72,0,,69.52,28.53,1,0,69.67,0.94,3.49,46.29,28.47
364.84,0,,69.58,28.53,0,1,69.36,0.82,3.44,46.12,28.40
364.93,0,,69.53,28.47,0,1,69.43,0.81,3.43,46.10,28.40
365.05,0,,69.45,28.41,0,1,69.41,0.78,3.43,46.07,28.37
365.14,0,,69.43,28.38,1,0,69.57,0.82,3.39,46.07,28.45
365.23,0,,69.46,28.40,1,0,69.46,0.84,3.36,46.06,28.50
365.32,0,,69.47,28.44,1,0,69.36,0.74,3.34,45.94,28.42
365.44,0,,69.41,28.44,1,0,69.28,0.68,3.34,45.88,28.36
365.56,0,,69.37,28.41,1,0,69.50,0.69,3.33,45.88,28.38
365.62,0,,69.33,28.37,1,0,69.00,0.72,3.39,45.97,28.35
365.74,0,,69.34,28.36,2,-1,69.95,0.80,3.44,46.10,28.38
365.83,0,,69.53,28.38,2,-1,69.87,0.84,3.34,46.04,28.52
365.92,0,,69.75,28.43,1,0,69.77,0.77,3.30,45.93,28.49
366.10,0,,69.77,28.46,0,1,69.28,0.69,3.36,45.91,28.35
366.13,0,,69.56,28.42,0,1,69.14,0.63,3.36,45.85,28.29
366.22,0,,69.35,28.35,1,0,69.48,0.62,3.35,45.83,28.29
366.34,0,,69.31,28.32,1,0,69.46,0.78,3.34,45.98,28.46
366.43,0,,69.38,28.35,1,0,69.48,0.72,3.36,45.94,28.38
366.55,0,,69.48,28.37,1,0,69.69,0.59,3.32,45.77,28.29
366.64,0,,69.59,28.37,1,0,69.73,0.68,3.26,45.80,28.44
366.73,0,,69.62,28.37,1,0,69.19,0.64,3.32,45.82,28.34
366.82,0,,69.50,28.36,1,0,69.37,0.66,3.37,45.89,28.31
366.94,0,,69.40,28.35,1,0,69.56,0.74,3.34,45.94,28.42
367.06,0,,69.45,28.35,1,0,69.66,0.64,3.37,45.87,28.29
367.12,0,,69.56,28.32,1,0,69.65,0.57,3.42,45.85,28.17
367.24,0,,69.67,28.26,1,0,69.88,0.61,3.34,45.81,28.29
367.33,0,,69.77,28.26,1,0,69.80,0.68,3.28,45.82,28.42
367.42,0,,69.80,28.33,1,0,69.63,0.77,3.33,45.96,28.46
367.57,0,,69.66,28.40,0,1,68.99,0.79,3.39,46.04,28.42
367.63,0,,69.41,28.42,1,0,69.42,0.66,3.36,45.88,28.32
367.72,0,,69.34,28.39,1,0,69.78,0.62,3.27,45.75,28.37
367.84,0,,69.44,28.37,1,0,69.31,0.64,3.26,45.76,28.40
367.93,0,,69.44,28.35,0,1,69.15,0.56,3.32,45.74,28.26
368.05,0,,69.37,28.32,2,-1,69.66,0.60,3.33,45.79,28.29
368.14,0,,69.40,28.30,4,-2,69.36,0.67,3.31,45.84,28.38
368.23,0,,69.42,28.32,4,-2,69.35,0.62,3.27,45.75,28.37
368.32,0,,69.38,28.34,2,-1,69.24,0.59,3.32,45.77,28.29
368.44,0,,69.36,28.32,2,-1,69.65,0.56,3.32,45.74,28.26
368.56,0,,69.48,28.29,1,0,69.84,0.57,3.29,45.72,28.30
368.62,0,,69.59,28.28,1,0,69.23,0.66,3.37,45.89,28.31
368.74,0,,69.60,28.30,1,0,69.89,0.71,3.34,45.91,28.39
368.83,0,,69.66,28.35,0,1,69.85,0.69,3.25,45.80,28.46
368.92,0,,69.73,28.39,0,2,69.42,0.59,3.31,45.76,28.30
369.07,0,,69.66,28.35,0,2,69.54,0.50,3.35,45.71,28.17
369.13,0,,69.54,28.28,0,2,69.40,0.55,3.29,45.70,28.28
369.22,0,,69.52,28.26,0,1,69.94,0.64,3.26,45.76,28.40
369.34,0,,69.58,28.30,0,1,69.31,0.60,3.26,45.72,28.36
369.43,0,,69.58,28.34,1,0,69.65,0.51,3.28,45.65,28.25
369.55,0,,69.52,28.31,1,0,69.24,0.50,3.27,45.63,28.25
369.64,0,,69.47,28.28,0,1,69.72,0.49,3.24,45.59,28.27
369.73,0,,69.54,28.26,2,-1,69.83,0.55,3.26,45.67,28.31
369.82,0,,69.64,28.29,2,-1,69.41,0.67,3.25,45.78,28.44
369.94,0,,69.61,28.35,1,0,69.48,0.63,3.27,45.76,28.38
370.06,0,,69.55,28.37,0,1,69.63,0.53,3.29,45.68,28.26
370.12,0,,69.48,28.34,1,0,69.06,0.49,3.24,45.59,28.27
370.24,0,,69.35,28.28,2,-1,69.32,0.41,3.25,45.52,28.18
370.33,0,,69.32,28.23,1,0,69.76,0.49,3.29,45.64,28.22
370.42,0,,69.44,28.23,1,0,69.41,0.65,3.25,45.76,28.42
370.57,0,,69.49,28.29,1,0,69.32,0.59,3.24,45.69,28.37
370.63,0,,69.42,28.34,1,0,69.25,0.51,3.28,45.65,28.25
370.72,0,,69.39,28.32,2,-1,69.82,0.58,3.27,45.71,28.33
370.84,0,,69.52,28.32,2,-1,69.73,0.65,3.23,45.74,28.44
370.96,0,,69.64,28.37,1,0,69.42,0.69,3.28,45.83,28.43
371.05,0,,69.60,28.41,1,0,69.49,0.75,3.35,45.96,28.42
371.17,0,,69.49,28.42,1,0,69.25,0.72,3.33,45.91,28.41
371.23,0,,69.41,28.42,1,0,69.60,0.73,3.31,45.90,28.44
371.32,0,,69.37,28.42,1,0,69.07,0.72,3.31,45.89,28.43
371.44,0,,69.29,28.42,1,0,69.20,0.65,3.30,45.81,28.37
371.56,0,,69.22,28.42,2,-1,69.30,0.78,3.29,45.93,28.51
371.62,0,,69.29,28.46,2,-1,69.73,0.92,3.30,46.08,28.64
371.74,0,,69.47,28.54,2,-1,69.62,0.86,3.29,46.01,28.59
371.83,0,,69.62,28.59,2,-1,69.70,0.84,3.28,45.98,28.58
371.92,0,,69.68,28.59,1,0,69.61,0.82,3.30,45.98,28.54
372.07,0,,69.65,28.56,1,0,69.42,0.81,3.37,46.04,28.46
372.13,0,,69.57,28.52,0,1,69.63,0.95,3.40,46.21,28.57
372.22,0,,69.57,28.54,0,1,69.77,1.07,3.35,46.28,28.74
372.34,0,,69.61,28.62,0,2,69.42,1.01,3.35,46.22,28.68
372.43,0,,69.60,28.67,0,2,69.70,0.96,3.37,46.19,28.61
372.55,0,,69.57,28.66,0,1,69.33,0.95,3.36,46.17,28.61
372.64,0,,69.51,28.63,1,0,69.59,1.00,3.39,46.25,28.63
372.82,0,,69.47,28.63,1,0,69.32,1.11,3.42,46.39,28.71
372.82,0,,69.43,28.66,1,0,69.47,1.10,3.41,46.37,28.71
372.94,0,,69.46,28.68,1,0,69.73,1.00,3.41,46.27,28.61
373.12,0,,69.54,28.65,2,-1,69.51,0.98,3.43,46.27,28.57
373.12,0,,69.53,28.61,2,-1,69.16,0.99,3.41,46.26,28.60
373.24,0,,69.42,28.59,2,-1,69.44,1.01,3.40,46.27,28.63
373.33,0,,69.37,28.61,2,-1,69.52,1.11,3.43,46.40,28.70
373.42,0,,69.42,28.67,2,-1,69.49,1.19,3.37,46.42,28.84
373.57,0,,69.49,28.75,1,0,69.58,1.13,3.37,46.36,28.78
373.63,0,,69.57,28.78,2,-1,69.78,1.10,3.41,46.37,28.71
373.75,0,,69.64,28.76,2,-1,69.54,1.12,3.40,46.38,28.74
373.84,0,,69.64,28.73,0,1,69.49,1.12,3.45,46.43,28.69
373.93,0,,69.56,28.70,0,1,69.45,1.12,3.48,46.46,28.66
374.05,0,,69.45,28.69,1,0,69.19,1.18,3.41,46.45,28.79
374.14,0,,69.36,28.72,1,0,69.48,1.14,3.38,46.38,28.78
374.23,0,,69.36,28.73,1,0,69.54,0.99,3.40,46.25,28.61
374.35,0,,69.51,28.71,1,0,70.03,1.05,3.35,46.26,28.72
374.44,0,,69.68,28.70,1,0,69.43,1.16,3.37,46.39,28.81
374.56,0,,69.65,28.71,1,0,69.21,1.06,3.47,46.39,28.61
374.65,0,,69.42,28.69,1,0,69.12,1.06,3.45,46.37,28.63
374.74,0,,69.26,28.66,1,0,69.46,1.10,3.36,46.32,28.76
374.86,0,,69.30,28.68,2,-1,69.66,1.02,3.32,46.20,28.72
374.92,0,,69.41,28.71,1,0,69.18,1.04,3.36,46.26,28.70
375.07,0,,69.41,28.70,1,0,69.40,1.05,3.43,46.34,28.64
375.13,0,,69.39,28.68,1,0,69.51,1.04,3.39,46.29,28.67
375.22,0,,69.42,28.67,1,0,69.43,1.05,3.37,46.28,28.70
375.34,0,,69.41,28.66,1,0,69.13,0.95,3.40,46.21,28.57
375.43,0,,69.33,28.61,1,0,69.38,0.83,3.39,46.08,28.46
375.55,0,,69.29,28.55,1,0,69.32,0.91,3.36,46.13,28.57
375.64,0,,69.33,28.55,1,0,69.49,1.07,3.31,46.24,28.78
375.82,0,,69.35,28.65,1,0,69.10,1.07,3.29,46.22,28.80
375.82,0,,69.37,28.73,1,0,69.80,0.99,3.33,46.18,28.68
375.94,0,,69.46,28.73,1,0,69.42,0.94,3.33,46.13,28.63
376.06,0,,69.52,28.67,1,0,69.46,0.91,3.35,46.12,28.58
376.12,0,,69.50,28.63,1,0,69.49,1.03,3.35,46.24,28.70
376.24,0,,69.45,28.65,0,1,69.19,1.14,3.34,46.34,28.82
376.33,0,,69.35,28.71,0,1,69.32,1.03,3.39,46.28,28.66
376.42,0,,69.27,28.72,1,0,69.15,1.03,3.37,46.26,28.68
376.57,0,,69.21,28.70,1,0,69.16,1.02,3.34,46.22,28.70
376.63,0,,69.17,28.67,2,-1,69.20,0.94,3.36,46.16,28.60
376.72,0,,69.22,28.67,2,-1,69.57,1.13,3.32,46.31,28.83
376.84,0,,69.37,28.73,2,-1,69.62,1.21,3.34,46.41,28.89
376.93,0,,69.55,28.80,1,0,69.67,1.07,3.35,46.28,28.74
377.05,0,,69.69,28.81,1,0,69.96,1.10,3.33,46.29,28.79
377.14,0,,69.78,28.79,0,1,69.54,1.08,3.34,46.28,28.76
377.23,0,,69.73,28.77,0,2,69.52,1.08,3.35,46.29,28.75
377.32,0,,69.65,28.77,0,2,69.85,1.21,3.36,46.43,28.87
377.44,0,,69.65,28.79,0,2,69.49,1.20,3.42,46.48,28.80
377.56,0,,69.60,28.80,0,2,69.38,1.10,3.41,46.37,28.71
377.62,0,,69.50,28.76,0,1,69.49,1.07,3.34,46.27,28.75
377.74,0,,69.34,28.73,0,1,68.61,1.02,3.34,46.22,28.70
377.83,0,,69.12,28.70,1,0,69.32,0.98,3.37,46.21,28.63
377.92,0,,69.10,28.68,4,-2,69.53,1.13,3.34,46.33,28.81
378.07,0,,69.28,28.73,4,-2,69.43,1.17,3.34,46.37,28.85
378.13,0,,69.41,28.77,4,-2,69.32,1.02,3.37,46.25,28.67
378.22,0,,69.41,28.76,4,-2,69.32,1.03,3.35,46.24,28.70
378.34,0,,69.36,28.71,2,-1,69.25,1.03,3.37,46.26,28.68
378.46,0,,69.28,28.67,2,-1,69.12,1.02,3.45,46.33,28.59
378.55,0,,69.25,28.64,1,0,69.58,1.13,3.42,46.41,28.73
378.64,0,,69.29,28.67,2,-1,69.09,1.13,3.36,46.35,28.79
378.73,0,,69.31,28.72,2,-1,69.44,1.02,3.35,46.23,28.69
378.82,0,,69.34,28.73,0,1,69.51,0.98,3.34,46.18,28.66
378.94,0,,69.45,28.69,1,0,69.68,0.97,3.33,46.16,28.66
379.06,0,,69.54,28.67,0,1,69.37,0.99,3.33,46.18,28.68
379.12,0,,69.53,28.67,0,1,69.50,1.05,3.34,46.25,28.73
379.24,0,,69.51,28.68,0,1,69.60,1.02,3.36,46.24,28.68
379.33,0,,69.52,28.68,0,1,69.46,0.93,3.32,46.11,28.63
379.42,0,,69.51,28.67,0,1,69.49,0.92,3.25,46.03,28.69
379.57,0,,69.46,28.67,1,0,69.19,0.92,3.23,46.01,28.71
379.63,0,,69.38,28.69,1,0,69.51,0.96,3.28,46.10,28.70
379.72,0,,69.36,28.70,2,-1,69.33,1.02,3.31,46.19,28.73
379.84,0,,69.36,28.71,2,-1,69.29,0.93,3.27,46.06,28.68
379.96,0,,69.37,28.69,1,0,69.62,0.88,3.26,46.00,28.64
380.05,0,,69.41,28.66,1,0,69.20,0.86,3.24,45.96,28.64
380.14,0,,69.36,28.63,2,-1,69.14,0.80,3.23,45.89,28.59
380.23,0,,69.27,28.61,2,-1,69.36,0.89,3.26,46.01,28.65
380.32,0,,69.25,28.62,2,-1,69.24,0.90,3.24,46.00,28.68
380.44,0,,69.23,28.64,2,-1,69.07,0.79,3.22,45.87,28.59
380.56,0,,69.17,28.62,2,-1,69.12,0.79,3.21,45.86,28.60
380.62,0,,69.15,28.60,2,-1,69.36,0.80,3.21,45.87,28.61
380.74,0,,69.23,28.60,2,-1,69.37,0.83,3.22,45.91,28.63
380.83,0,,69.30,28.62,1,0,69.16,0.91,3.23,46.00,28.70
380.92,0,,69.29,28.65,1,0,69.31,0.90,3.25,46.01,28.67
381.07,0,,69.25,28.66,1,0,69.08,0.86,3.27,45.99,28.61
381.13,0,,69.21,28.65,1,0,69.35,0.89,3.28,46.03,28.63
381.22,0,,69.23,28.63,1,0,69.25,0.89,3.27,46.02,28.64
381.34,0,,69.28,28.63,1,0,69.40,0.91,3.27,46.04,28.66
381.46,0,,69.36,28.65,0,1,69.62,1.01,3.28,46.15,28.75
381.55,0,,69.44,28.70,0,1,69.20,0.99,3.25,46.10,28.76
381.64,0,,69.38,28.73,0,1,69.15,0.92,3.23,46.01,28.71
381.82,0,,69.30,28.74,0,1,69.51,0.94,3.22,46.02,28.74
381.82,0,,69.34,28.73,2,-1,69.55,0.95,3.23,46.04,28.74
381.94,0,,69.43,28.73,1,0,69.35,1.00,3.27,46.13,28.75
382.06,0,,69.45,28.73,0,1,69.43,1.04,3.30,46.20,28.76
382.12,0,,69.42,28.74,0,1,69.34,1.03,3.32,46.21,28.73
382.24,0,,69.35,28.74,1,0,69.10,0.99,3.30,46.15,28.71
382.36,0,,69.28,28.72,1,0,69.48,0.96,3.26,46.08,28.72
382.42,0,,69.32,28.71,1,0,69.48,0.94,3.26,46.06,28.70
382.57,0,,69.40,28.71,1,0,69.35,1.00,3.25,46.11,28.77
382.63,0,,69.42,28.74,1,0,69.41,1.05,3.23,46.14,28.84
382.72,0,,69.42,28.77,1,0,69.45,0.96,3.22,46.04,28.76
382.84,0,,69.40,28.78,1,0,69.25,0.92,3.21,45.99,28.73
382.93,0,,69.30,28.76,1,0,68.89,0.92,3.20,45.98,28.74
383.05,0,,69.11,28.74,2,-1,68.98,0.92,3.21,45.99,28.73
383.14,0,,69.05,28.74,2,-1,69.46,1.06,3.21,46.13,28.87
383.23,0,,69.11,28.79,2,-1,68.93,1.09,3.24,46.19,28.87
383.32,0,,69.16,28.82,2,-1,69.36,0.97,3.29,46.12,28.70
383.44,0,,69.22,28.79,2,-1,69.36,0.99,3.26,46.11,28.75
383.56,0,,69.32,28.76,2,-1,69.46,1.01,3.24,46.11,28.79
383.62,0,,69.42,28.76,1,0,69.53,1.02,3.22,46.10,28.82
383.74,0,,69.42,28.79,1,0,68.96,1.10,3.25,46.21,28.87
383.86,0,,69.29,28.82,1,0,69.25,1.05,3.30,46.21,28.77
383.92,0,,69.20,28.81,1,0,69.25,1.01,3.25,46.12,28.78
384.07,0,,69.21,28.79,1,0,69.32,1.00,3.24,46.10,28.78
384.16,0,,69.28,28.78,1,0,69.49,0.97,3.21,46.04,28.78
384.22,0,,69.35,28.78,1,0,69.23,1.01,3.21,46.08,28.82
384.34,0,,69.30,28.79,1,0,68.93,1.08,3.30,46.24,28.80
384.43,0,,69.15,28.79,1,0,69.05,1.02,3.32,46.20,28.72
384.55,0,,69.04,28.76,1,0,69.07,0.96,3.28,46.10,28.70
384.64,0,,69.06,28.73,2,-1,69.30,0.97,3.25,46.08,28.74
384.73,0,,69.16,28.71,2,-1,69.28,0.90,3.20,45.96,28.72
384.82,0,,69.22,28.72,2,-1,69.07,0.92,3.21,45.99,28.73
384.94,0,,69.19,28.74,2,-1,69.10,1.05,3.24,46.15,28.83
385.06,0,,69.12,28.77,2,-1,68.96,1.00,3.23,46.09,28.79
385.12,0,,69.07,28.78,2,-1,69.22,0.92,3.23,46.01,28.71
385.24,0,,69.10,28.75,2,-1,69.21,0.94,3.25,46.05,28.71
385.33,0,,69.20,28.72,2,-1,69.48,0.95,3.25,46.06,28.72
385.42,0,,69.31,28.72,2,-1,69.26,1.05,3.23,46.14,28.84
385.57,0,,69.35,28.78,0,1,69.30,1.15,3.26,46.27,28.91
385.63,0,,69.30,28.83,0,1,69.11,1.09,3.32,46.27,28.79
385.72,0,,69.25,28.84,0,1,69.38,1.05,3.32,46.23,28.75
385.84,0,,69.25,28.80,1,0,69.20,1.03,3.29,46.18,28.76
385.93,0,,69.21,28.76,1,0,68.95,1.00,3.27,46.13,28.75
386.05,0,,69.13,28.75,1,0,69.16,1.08,3.30,46.24,28.80
386.14,0,,69.10,28.77,1,0,69.19,1.15,3.33,46.34,28.84
386.23,0,,69.13,28.79,1,0,69.18,1.06,3.31,46.23,28.77
386.32,0,,69.16,28.79,1,0,69.17,1.02,3.30,46.18,28.74
386.44,0,,69.18,28.76,2,-1,69.17,1.00,3.29,46.15,28.73
386.57,0,,69.20,28.74,1,0,69.38,1.01,3.28,46.15,28.75
386.62,0,,69.30,28.77,1,0,69.55,1.20,3.26,46.32,28.96
386.74,0,,69.38,28.84,1,0,69.14,1.18,3.27,46.31,28.93
386.83,0,,69.33,28.88,0,1,69.11,1.01,3.29,46.16,28.74
386.92,0,,69.23,28.85,0,1,69.34,1.05,3.25,46.16,28.82
387.07,0,,69.19,28.81,1,0,69.00,1.01,3.25,46.12,28.78
387.13,0,,69.14,28.78,1,0,69.11,0.97,3.27,46.10,28.72
387.22,0,,69.13,28.77,1,0,69.40,1.16,3.25,46.27,28.93
387.34,0,,69.21,28.82,1,0,69.19,1.14,3.27,46.27,28.89
387.43,0,,69.23,28.85,1,0,69.05,1.00,3.27,46.13,28.75
387.55,0,,69.19,28.84,1,0,69.34,1.10,3.23,46.19,28.89
387.64,0,,69.21,28.84,1,0,69.25,1.13,3.29,46.28,28.86
387.73,0,,69.21,28.85,1,0,68.97,1.15,3.30,46.31,28.87
387.82,0,,69.09,28.88,1,0,68.74,1.29,3.29,46.44,29.02
387.94,0,,68.97,28.93,2,-1,69.23,1.24,3.35,46.45,28.91
388.06,0,,68.98,28.93,2,-1,68.98,1.18,3.36,46.40,28.84
388.12,0,,69.04,28.90,1,0,69.21,1.22,3.33,46.41,28.91
388.24,0,,69.11,28.89,1,0,69.16,1.22,3.35,46.43,28.89
388.33,0,,69.14,28.88,1,0,69.04,1.27,3.41,46.54,28.88
388.42,0,,69.14,28.90,1,0,69.26,1.38,3.39,46.63,29.01
388.60,0,,69.15,28.94,1,0,69.03,1.34,3.35,46.55,29.01
388.66,0,,69.12,28.97,1,0,69.08,1.24,3.40,46.50,28.86
388.72,0,,69.07,28.94,1,0,68.91,1.29,3.39,46.54,28.92
388.84,0,,69.02,28.92,1,0,69.13,1.31,3.36,46.53,28.97
388.93,0,,69.06,28.93,1,0,69.34,1.36,3.42,46.64,28.96
389.05,0,,69.17,28.96,1,0,69.16,1.45,3.42,46.73,29.05
389.14,0,,69.18,29.00,1,0,68.88,1.40,3.39,46.65,29.03
389.32,0,,69.09,29.02,1,0,69.09,1.34,3.37,46.57,28.99
389.32,0,,69.02,29.00,2,-1,69.00,1.28,3.37,46.51,28.93
389.44,0,,69.01,28.95,2,-1,69.05,1.22,3.42,46.50,28.82
389.56,0,,69.02,28.90,2,-1,69.09,1.36,3.43,46.65,28.95
389.62,0,,69.05,28.90,2,-1,69.01,1.40,3.40,46.66,29.02
389.74,0,,69.06,28.94,1,0,69.15,1.29,3.39,46.54,28.92
389.83,0,,69.12,28.95,1,0,69.33,1.25,3.38,46.49,28.89
389.92,0,,69.18,28.92,1,0,69.04,1.25,3.41,46.52,28.86
390.07,0,,69.18,28.88,1,0,69.16,1.28,3.43,46.57,28.87
390.16,0,,69.17,28.88,1,0,69.29,1.38,3.42,46.66,28.98
390.22,0,,69.11,28.91,1,0,68.52,1.38,3.42,46.66,28.98
390.34,0,,68.96,28.92,1,0,69.09,1.22,3.47,46.55,28.77
390.46,0,,68.97,28.88,1,0,69.48,1.19,3.40,46.45,28.81
390.55,0,,69.12,28.84,1,0,68.93,1.22,3.34,46.42,28.90
390.64,0,,69.16,28.84,1,0,69.14,1.21,3.39,46.46,28.84
390.82,0,,69.08,28.85,1,0,68.72,1.30,3.39,46.55,28.93
390.82,0,,69.01,28.87,1,0,69.35,1.23,3.41,46.50,28.84
390.94,0,,69.02,28.85,1,0,68.90,1.13,3.41,46.40,28.74
391.06,0,,68.99,28.80,1,0,68.68,1.08,3.38,46.32,28.72
391.12,0,,68.92,28.74,1,0,69.20,1.06,3.40,46.32,28.68
391.24,0,,68.93,28.71,1,0,68.82,1.17,3.39,46.42,28.80
391.33,0,,68.96,28.73,1,0,69.08,1.19,3.41,46.46,28.80
391.42,0,,68.99,28.77,1,0,69.04,1.18,3.41,46.45,28.79
391.57,0,,69.00,28.79,1,0,68.78,1.15,3.39,46.40,28.78
391.66,0,,68.95,28.77,1,0,69.00,1.03,3.43,46.32,28.62
391.72,0,,68.96,28.72,1,0,69.20,1.08,3.40,46.34,28.70
391.84,0,,69.09,28.70,1,0,69.40,1.15,3.36,46.37,28.81
391.93,0,,69.22,28.72,0,1,69.10,1.10,3.40,46.36,28.72
392.05,0,,69.24,28.73,0,1,69.15,1.08,3.41,46.35,28.69
392.14,0,,69.18,28.71,0,2,69.07,1.05,3.38,46.29,28.69
392.23,0,,69.07,28.69,1,0,68.70,0.98,3.34,46.18,28.66
392.32,0,,68.93,28.66,1,0,68.96,0.98,3.38,46.22,28.62
392.44,0,,68.91,28.63,1,0,69.27,1.07,3.47,46.40,28.62
392.56,0,,69.02,28.63,1,0,69.01,1.14,3.44,46.44,28.72
392.62,0,,69.10,28.66,1,0,69.15,1.14,3.40,46.40,28.76
392.74,0,,69.12,28.71,1,0,69.09,1.11,3.43,46.40,28.70
392.83,0,,69.17,28.72,1,0,69.46,1.09,3.42,46.37,28.69
392.92,0,,69.23,28.71,1,0,69.02,1.15,3.42,46.43,28.75
393.10,0,,69.20,28.73,1,0,69.04,1.26,3.46,46.58,28.82
393.13,0,,69.06,28.77,1,0,68.71,1.24,3.45,46.55,28.81
393.22,0,,68.90,28.79,1,0,68.82,1.19,3.47,46.52,28.74
393.34,0,,68.78,28.77,1,0,68.68,1.14,3.49,46.49,28.67
393.43,0,,68.74,28.72,4,-2,68.87,1.10,3.44,46.40,28.68
393.55,0,,68.80,28.69,4,-2,69.05,1.19,3.45,46.50,28.76
393.64,0,,68.90,28.72,4,-2,68.92,1.32,3.47,46.65,28.87
393.73,0,,69.01,28.79,2,-1,69.28,1.30,3.43,46.59,28.89
393.82,0,,69.05,28.85,1,0,68.69,1.25,3.43,46.54,28.84
393.94,0,,69.00,28.84,1,0,69.00,1.15,3.49,46.50,28.68
394.06,0,,68.94,28.76,1,0,68.96,1.02,3.47,46.35,28.57
394.12,0,,68.93,28.67,1,0,68.91,1.12,3.39,46.37,28.75
394.24,0,,68.96,28.67,1,0,69.17,1.26,3.46,46.58,28.82
394.33,0,,69.01,28.73,0,1,68.90,1.26,3.52,46.64,28.76
394.42,0,,68.99,28.77,0,1,68.81,1.32,3.52,46.70,28.82
394.57,0,,68.93,28.80,1,0,69.06,1.41,3.57,46.84,28.86
394.63,0,,68.93,28.84,2,-1,68.85,1.54,3.60,47.00,28.96
394.72,0,,68.92,28.91,1,0,68.88,1.71,3.67,47.24,29.06
394.84,0,,68.90,29.00,1,0,68.98,1.84,3.77,47.47,29.09
394.93,0,,68.89,29.07,1,0,68.70,1.98,3.81,47.65,29.19
395.05,0,,68.87,29.15,1,0,69.04,2.13,3.83,47.82,29.32
395.14,0,,68.92,29.26,1,0,69.10,2.25,3.85,47.96,29.42
395.23,0,,68.97,29.40,2,-1,68.77,2.79,4.03,48.68,29.78
395.32,0,,69.00,29.66,2,-1,69.32,3.62,4.35,49.83,30.29
395.44,0,,69.15,29.99,1,0,69.71,3.72,4.43,50.01,30.31
395.56,0,,69.36,30.22,0,2,69.13,3.59,4.47,49.92,30.14
395.62,0,,69.39,30.26,0,2,69.27,3.58,4.42,49.86,30.18
395.74,0,,69.28,30.19,0,2,68.97,3.03,4.12,49.01,29.93
395.83,0,,69.18,30.03,0,2,69.37,2.61,3.97,48.44,29.66
395.92,0,,69.12,29.84,0,2,68.77,2.58,3.83,48.27,29.77
396.07,0,,69.10,29.72,0,1,69.57,2.49,3.81,48.16,29.70
396.13,0,,69.10,29.66,0,1,68.53,2.38,3.89,48.13,29.51
396.22,0,,68.99,29.56,0,1,68.90,2.15,3.87,47.88,29.30
396.34,0,,68.92,29.41,4,-2,69.34,1.99,3.84,47.69,29.17
396.46,0,,68.99,29.27,4,-2,68.81,1.91,3.67,47.44,29.26
396.55,0,,69.00,29.19,4,-2,68.89,1.61,3.55,47.02,29.08
396.64,0,,68.99,29.12,2,-1,69.33,1.44,3.45,46.75,29.01
396.73,0,,69.09,29.08,2,-1,69.17,1.71,3.48,47.05,29.25
396.82,0,,69.20,29.13,1,0,69.37,1.79,3.55,47.20,29.26
396.94,0,,69.31,29.21,1,0,69.52,1.65,3.39,46.90,29.28
397.06,0,,69.42,29.28,0,1,69.40,1.57,3.19,46.62,29.40
397.12,0,,69.45,29.33,0,2,69.35,1.13,2.85,45.84,29.30
397.24,0,,69.44,29.35,0,2,69.60,1.40,2.99,46.25,29.43
397.33,0,,69.48,29.42,0,2,69.51,2.30,3.59,47.75,29.73
397.42,0,,69.46,29.54,0,2,69.08,2.00,3.44,47.30,29.58
397.57,0,,69.38,29.62,0,2,69.60,2.09,3.45,47.40,29.66
397.63,0,,69.34,29.68,0,1,69.15,2.74,3.84,48.44,29.92
397.72,0,,69.32,29.76,0,1,69.39,2.45,3.72,48.03,29.75
397.84,0,,69.32,29.80,0,1,69.37,2.47,3.72,48.05,29.77
397.93,0,,69.36,29.79,0,1,69.50,2.62,3.85,48.33,29.79
398.05,0,,69.40,29.78,2,-1,69.22,2.64,3.86,48.36,29.80
398.14,0,,69.40,29.81,2,-1,69.61,2.89,3.95,48.70,29.96
398.23,0,,69.45,29.87,1,0,69.52,2.91,3.96,48.73,29.97
398.32,0,,69.55,29.93,0,1,69.76,2.83,3.92,48.61,29.93
398.44,0,,69.67,29.94,0,1,69.87,2.75,3.92,48.53,29.85
398.56,0,,69.70,29.90,0,1,69.18,2.76,3.95,48.57,29.83
398.62,0,,69.56,29.86,0,1,69.45,2.79,3.94,48.59,29.87
398.74,0,,69.48,29.86,0,1,69.85,2.78,3.85,48.49,29.95
398.83,0,,69.54,29.89,0,1,69.40,2.70,3.79,48.35,29.93
398.92,0,,69.55,29.90,0,1,69.44,2.59,3.83,48.28,29.78
399.07,0,,69.50,29.87,0,1,69.52,2.70,3.87,48.43,29.85
399.16,0,,69.47,29.86,1,0,69.38,2.92,3.94,48.72,30.00
399.22,0,,69.43,29.91,1,0,69.33,2.96,3.99,48.81,29.99
399.34,0,,69.35,29.95,2,-1,69.19,2.77,3.87,48.50,29.92
399.49,0,,69.31,29.96,2,-1,69.49,2.88,3.91,48.65,29.99
399.55,0,,69.35,29.99,2,-1,69.49,3.13,4.04,49.03,30.11
399.64,0,,69.39,30.03,2,-1,69.18,3.04,4.00,48.90,30.06
399.73,0,,69.42,30.07,2,-1,69.87,3.04,4.00,48.90,30.06
399.82,0,,69.53,30.09,1,0,69.50,3.18,4.00,49.04,30.20
400.00,0,,69.61,30.12,1,0,69.64,3.11,3.97,48.94,30.16
400.06,0,,69.60,30.15,1,0,69.42,3.13,4.04,49.03,30.11
400.12,0,,69.51,30.15,0,1,69.24,3.23,4.05,49.14,30.20
400.24,0,,69.42,30.14,0,1,69.67,3.04,3.98,48.88,30.08
400.33,0,,69.44,30.12,0,1,69.41,3.03,3.94,48.83,30.11
400.42,0,,69.46,30.12,1,0,69.39,3.20,3.97,49.03,30.25
400.55,0,,69.44,30.16,1,0,69.45,3.15,3.97,48.98,30.20
400.63,0,,69.39,30.20,1,0,69.16,3.24,4.01,49.11,30.25
400.72,0,,69.36,30.24,1,0,69.64,3.31,4.04,49.21,30.29
400.84,0,,69.44,30.25,1,0,69.64,3.25,4.08,49.19,30.19
400.96,0,,69.62,30.26,1,0,70.08,3.44,4.13,49.43,30.33
401.05,0,,69.79,30.29,1,0,69.62,3.59,4.16,49.61,30.45
401.14,0,,69.83,30.36,0,1,69.78,3.56,4.18,49.60,30.40
401.23,0,,69.79,30.41,0,1,69.77,3.58,4.18,49.62,30.42
401.32,0,,69.73,30.42,0,2,69.49,3.58,4.20,49.64,30.40
401.44,0,,69.65,30.41,0,2,69.65,3.56,4.21,49.63,30.37
401.59,0,,69.58,30.40,0,2,69.48,3.64,4.19,49.69,30.47
401.62,0,,69.55,30.43,0,1,69.59,3.76,4.19,49.81,30.59
401.74,0,,69.54,30.50,0,1,69.53,3.68,4.15,49.69,30.55
401.83,0,,69.61,30.54,0,1,70.08,3.60,4.12,49.58,30.50
401.92,0,,69.72,30.54,0,1,69.45,3.67,4.15,49.68,30.54
402.04,0,,69.71,30.54,2,-1,69.57,3.72,4.18,49.76,30.56
402.13,0,,69.64,30.55,1,0,69.78,3.77,4.19,49.82,30.60
402.22,0,,69.63,30.58,1,0,69.51,3.83,4.16,49.85,30.69
402.34,0,,69.60,30.63,1,0,69.46,3.79,4.14,49.79,30.67
402.43,0,,69.57,30.65,1,0,69.88,3.70,4.16,49.72,30.56
402.55,0,,69.72,30.63,0,1,70.22,3.75,4.13,49.74,30.64
402.64,0,,69.90,30.64,0,1,69.59,3.91,4.16,49.93,30.77
402.73,0,,69.91,30.69,1,0,69.93,3.96,4.22,50.04,30.76
402.82,0,,69.84,30.74,0,1,69.63,3.90,4.18,49.94,30.74
402.94,0,,69.79,30.75,0,1,69.91,3.90,4.17,49.93,30.75
403.06,0,,69.80,30.75,0,1,69.91,3.90,4.18,49.94,30.74
403.12,0,,69.87,30.75,0,1,69.97,3.97,4.19,50.02,30.80
403.24,0,,69.92,30.77,0,1,69.84,4.07,4.24,50.17,30.85
403.33,0,,69.91,30.80,0,1,69.90,4.02,4.23,50.11,30.81
403.42,0,,69.92,30.82,0,1,70.10,4.05,4.21,50.12,30.86
403.54,0,,69.95,30.84,0,1,69.80,4.07,4.25,50.18,30.84
403.66,0,,69.98,30.83,0,1,70.28,4.00,4.25,50.11,30.77
403.73,0,,70.02,30.83,0,1,69.79,4.14,4.22,50.22,30.94
403.84,0,,70.03,30.86,0,1,70.21,4.21,4.28,50.35,30.95
403.93,0,,70.06,30.90,0,1,70.12,4.16,4.29,50.31,30.89
404.05,0,,70.12,30.92,0,1,70.20,4.22,4.25,50.33,30.99
404.14,0,,70.11,30.94,0,1,69.78,4.18,4.30,50.34,30.90
404.32,0,,69.98,30.93,0,1,69.70,4.18,4.31,50.35,30.89
404.32,0,,69.85,30.92,0,1,69.99,4.28,4.31,50.45,30.99
404.47,0,,69.84,30.94,0,1,69.92,4.34,4.34,50.54,31.02
404.56,0,,69.90,30.99,0,1,70.03,4.33,4.32,50.51,31.03
404.62,0,,69.95,31.02,0,1,69.85,4.29,4.31,50.46,31.00
404.74,0,,69.98,31.02,2,-1,70.20,4.31,4.31,50.48,31.02
404.83,0,,70.06,31.02,2,-1,70.19,4.33,4.30,50.49,31.05
404.92,0,,70.12,31.03,0,1,69.94,4.39,4.33,50.58,31.08
405.04,0,,70.05,31.06,0,1,69.81,4.45,4.40,50.71,31.07
405.13,0,,69.97,31.06,0,1,70.17,4.40,4.41,50.67,31.01
405.22,0,,70.07,31.05,0,1,70.66,4.40,4.35,50.61,31.07
405.31,0,,70.24,31.05,0,1,69.89,4.42,4.32,50.60,31.12
405.43,0,,70.20,31.06,0,1,69.89,4.37,4.39,50.62,31.00
405.55,0,,70.05,31.05,0,1,70.08,4.42,4.41,50.69,31.03
405.61,0,,70.04,31.05,0,1,70.38,4.48,4.36,50.70,31.14
405.79,0,,70.13,31.07,0,1,70.03,4.46,4.38,50.70,31.10
405.82,0,,70.11,31.08,0,1,69.75,4.41,4.42,50.69,31.01
405.91,0,,70.02,31.05,0,1,70.24,4.37,4.46,50.69,30.93
406.06,0,,69.98,30.99,1,0,69.71,4.43,4.47,50.76,30.98
406.12,0,,69.94,30.96,2,-1,70.07,4.50,4.51,50.87,31.01
406.21,0,,69.98,30.97,2,-1,70.27,4.47,4.51,50.84,30.98
406.33,0,,70.10,30.98,2,-1,70.14,4.46,4.51,50.83,30.97
406.42,0,,70.09,30.97,1,0,69.52,4.47,4.54,50.87,30.95
406.57,0,,69.89,30.96,1,0,69.65,4.41,4.51,50.78,30.92
406.63,0,,69.72,30.93,1,0,69.86,4.44,4.55,50.85,30.91
406.72,0,,69.74,30.93,4,-2,69.99,4.58,4.57,51.01,31.03
406.81,0,,69.86,30.97,2,-1,70.02,4.59,4.52,50.97,31.09
406.93,0,,69.98,31.03,1,0,70.06,4.55,4.50,50.91,31.07
407.05,0,,70.02,31.07,1,0,69.85,4.50,4.45,50.81,31.07
407.11,0,,69.97,31.06,1,0,69.84,4.45,4.50,50.81,30.97
407.23,0,,69.85,31.02,1,0,69.56,4.51,4.59,50.96,30.94
407.32,0,,69.74,30.98,1,0,69.82,4.59,4.55,51.00,31.06
407.41,0,,69.71,30.99,2,-1,69.79,4.53,4.55,50.94,31.00
407.56,0,,69.77,30.99,2,-1,69.95,4.47,4.57,50.90,30.92
407.62,0,,69.85,30.96,2,-1,69.89,4.49,4.56,50.91,30.95
407.71,0,,69.91,30.95,2,-1,69.96,4.55,4.55,50.96,31.02
407.83,0,,69.93,30.98,2,-1,69.86,4.64,4.56,51.06,31.10
407.92,0,,69.92,31.03,2,-1,69.89,4.61,4.57,51.04,31.06
408.04,0,,69.89,31.05,2,-1,69.83,4.56,4.59,51.01,30.99
408.13,0,,69.83,31.03,1,0,69.65,4.55,4.57,50.98,31.00
408.22,0,,69.81,31.01,1,0,70.17,4.55,4.55,50.96,31.02
408.34,0,,69.85,31.01,2,-1,69.60,4.63,4.58,51.07,31.07
408.43,0,,69.82,31.02,2,-1,69.69,4.64,4.63,51.13,31.03
408.55,0,,69.77,31.03,2,-1,70.01,4.64,4.64,51.14,31.02
408.61,0,,69.80,31.03,2,-1,69.66,4.67,4.63,51.16,31.06
408.73,0,,69.81,31.03,2,-1,69.92,4.61,4.64,51.11,30.99
408.85,0,,69.82,31.01,1,0,69.80,4.60,4.67,51.13,30.95
408.91,0,,69.84,30.99,1,0,69.87,4.76,4.75,51.37,31.03
409.06,0,,69.85,31.00,1,0,69.87,4.87,4.77,51.50,31.12
409.12,0,,69.87,31.05,1,0,69.94,4.81,4.76,51.43,31.07
409.21,0,,69.97,31.08,1,0,70.42,4.79,4.77,51.42,31.04
409.33,0,,70.05,31.07,1,0,69.53,4.80,4.74,51.40,31.08
409.45,0,,69.95,31.06,1,0,69.77,4.80,4.79,51.45,31.03
409.54,0,,69.80,31.05,1,0,69.84,4.89,4.86,51.61,31.05
409.63,0,,69.68,31.05,1,0,69.15,4.94,4.87,51.67,31.09
409.73,0,,69.52,31.06,1,0,69.59,4.92,4.87,51.65,31.07
409.81,0,,69.47,31.08,1,0,69.73,4.93,4.85,51.64,31.10
409.93,0,,69.56,31.09,4,-2,69.59,4.99,4.87,51.72,31.14
410.05,0,,69.72,31.12,4,-2,70.42,5.07,4.91,51.84,31.18
410.11,0,,69.91,31.16,4,-2,69.53,5.15,4.93,51.94,31.24
410.23,0,,69.85,31.19,1,0,69.34,5.10,4.94,51.90,31.18
410.32,0,,69.66,31.19,2,-1,69.83,5.00,4.92,51.78,31.10
410.41,0,,69.63,31.13,2,-1,69.85,4.75,4.80,51.41,30.97
410.56,0,,69.77,31.04,2,-1,70.09,4.61,4.71,51.18,30.92
410.62,0,,69.87,31.00,0,1,69.49,5.30,5.03,52.19,31.29
410.71,0,,69.77,31.08,0,1,69.50,5.42,5.19,52.47,31.25
410.86,0,,69.71,31.16,0,1,70.28,4.73,4.79,51.38,30.96
410.92,0,,69.81,31.13,2,-1,69.66,5.01,4.92,51.79,31.11
411.04,0,,69.84,31.07,1,0,69.69,5.19,5.18,52.23,31.03
411.13,0,,69.73,31.03,0,1,69.40,4.88,4.95,51.69,30.95
411.22,0,,69.61,31.01,1,0,69.74,5.10,5.00,51.96,31.12
411.31,0,,69.61,31.04,1,0,69.81,5.14,5.02,52.02,31.14
411.43,0,,69.72,31.09,1,0,69.91,5.07,4.95,51.88,31.14
411.55,0,,69.74,31.10,2,-1,69.16,4.99,5.06,51.91,30.95
411.61,0,,69.63,31.03,2,-1,69.87,4.89,5.07,51.82,30.84
411.73,0,,69.65,30.95,2,-1,69.98,5.05,5.05,51.96,31.02
411.83,0,,69.77,30.94,2,-1,69.65,5.07,5.06,51.99,31.03
411.91,0,,69.82,30.98,1,0,69.97,5.06,5.06,51.98,31.02
412.06,0,,69.85,31.02,1,0,69.77,5.13,5.06,52.05,31.09
412.12,0,,69.83,31.04,1,0,69.72,5.01,5.04,51.91,30.99
412.21,0,,69.75,31.02,1,0,69.48,4.96,5.05,51.87,30.93
412.33,0,,69.63,30.98,1,0,69.60,5.05,5.12,52.03,30.95
412.45,0,,69.58,30.95,1,0,69.66,5.06,5.12,52.04,30.96
412.54,0,,69.57,30.95,1,0,69.46,5.06,5.09,52.01,30.99
412.63,0,,69.46,30.95,2,-1,68.86,5.03,5.14,52.03,30.91
412.72,0,,69.27,30.93,4,-2,69.44,4.98,5.14,51.98,30.86
412.81,0,,69.18,30.90,4,-2,69.09,4.99,5.10,51.95,30.91
412.93,0,,69.23,30.89,4,-2,69.65,5.02,5.12,52.00,30.92
413.05,0,,69.41,30.92,4,-2,69.79,5.13,5.09,52.08,31.06
413.11,0,,69.55,30.97,4,-2,69.11,5.12,5.12,52.10,31.02
413.23,0,,69.42,30.99,2,-1,68.94,4.99,5.20,52.05,30.81
413.32,0,,69.22,30.93,2,-1,69.41,5.01,5.13,52.00,30.90
413.41,0,,69.23,30.89,2,-1,69.59,5.05,5.15,52.06,30.92
413.56,0,,69.39,30.88,2,-1,69.55,5.10,5.23,52.19,30.89
413.62,0,,69.56,30.91,0,1,69.81,5.22,5.18,52.26,31.06
413.71,0,,69.67,30.96,0,2,69.54,5.18,5.19,52.23,31.01
413.86,0,,69.61,30.99,0,1,69.12,5.10,5.21,52.17,30.91
413.92,0,,69.47,30.98,0,1,69.66,5.13,5.17,52.16,30.98
414.04,0,,69.45,30.96,0,1,69.62,5.17,5.19,52.22,31.00
414.13,0,,69.53,30.97,0,1,69.56,5.20,5.23,52.29,30.99
414.22,0,,69.57,30.98,0,1,69.49,5.21,5.22,52.29,31.01
414.31,0,,69.55,31.00,0,1,69.55,5.23,5.19,52.28,31.06
414.46,0,,69.56,31.04,2,-1,69.67,5.30,5.18,52.34,31.14
414.55,0,,69.50,31.08,2,-1,68.92,5.26,5.24,52.36,31.04
414.61,0,,69.34,31.07,2,-1,69.39,5.18,5.25,52.29,30.95
414.74,0,,69.33,31.04,2,-1,69.93,5.33,5.17,52.36,31.18
414.83,0,,69.56,31.09,2,-1,69.87,5.42,5.14,52.42,31.30
414.91,0,,69.76,31.17,0,1,69.62,5.17,5.05,52.08,31.14
415.06,0,,69.78,31.18,0,1,69.62,4.88,4.91,51.65,30.99
415.12,0,,69.68,31.10,0,1,69.44,5.00,5.00,51.86,31.02
415.21,0,,69.54,31.04,0,1,69.35,5.25,5.22,52.33,31.05
415.36,0,,69.38,31.01,1,0,69.12,5.11,5.15,52.12,30.98
415.42,0,,69.27,31.00,0,1,69.39,5.06,5.04,51.96,31.04
415.54,0,,69.28,31.02,0,1,69.50,5.18,5.10,52.14,31.10
415.66,0,,69.44,31.05,2,-1,69.92,5.10,5.08,52.04,31.04
415.75,0,,69.63,31.07,2,-1,69.55,5.16,5.10,52.12,31.08
415.81,0,,69.64,31.07,1,0,69.18,5.27,5.20,52.33,31.09
415.93,0,,69.48,31.08,1,0,69.41,5.27,5.19,52.32,31.10
416.05,0,,69.41,31.10,1,0,69.74,5.28,5.10,52.24,31.20
416.11,0,,69.44,31.14,1,0,69.07,5.21,5.08,52.15,31.15
416.23,0,,69.36,31.13,1,0,69.24,5.06,5.12,52.04,30.96
416.32,0,,69.28,31.05,1,0,69.41,4.88,5.06,51.80,30.84
416.41,0,,69.32,30.92,1,0,69.57,4.68,4.96,51.50,30.74
416.56,0,,69.45,30.79,1,0,69.62,4.54,4.90,51.30,30.66
416.62,0,,69.56,30.70,1,0,69.59,4.54,4.91,51.31,30.65
416.71,0,,69.55,30.65,1,0,69.16,4.50,4.84,51.20,30.68
416.83,0,,69.41,30.63,1,0,69.25,4.27,4.76,50.89,30.53
416.92,0,,69.30,30.58,1,0,69.44,4.40,4.92,51.18,30.50
417.04,0,,69.35,30.57,1,0,69.65,4.88,5.05,51.79,30.85
417.13,0,,69.50,30.68,1,0,69.70,4.93,5.01,51.80,30.94
417.25,0,,69.59,30.82,1,0,69.35,5.00,5.15,52.01,30.87
417.31,0,,69.58,30.91,1,0,69.69,5.21,5.23,52.30,31.00
417.43,0,,69.49,30.95,1,0,68.94,4.99,5.04,51.89,30.97
417.55,0,,69.39,30.98,1,0,69.82,5.20,5.22,52.28,31.00
417.64,0,,69.40,30.99,1,0,69.27,5.30,5.29,52.45,31.03
417.73,0,,69.38,31.00,1,0,69.04,5.01,5.09,51.96,30.94
417.82,0,,69.31,30.99,1,0,69.72,5.28,5.27,52.41,31.03
417.91,0,,69.39,30.98,1,0,69.53,5.15,5.22,52.23,30.95
418.06,0,,69.46,30.95,1,0,69.15,4.94,5.17,51.97,30.79
418.12,0,,69.39,30.88,1,0,69.32,5.14,5.34,52.34,30.82
418.21,0,,69.30,30.85,1,0,69.26,5.15,5.19,52.20,30.98
418.33,0,,69.31,30.90,1,0,69.59,5.21,5.15,52.22,31.08
418.42,0,,69.34,30.97,1,0,69.07,5.18,5.25,52.29,30.95
418.54,0,,69.32,30.99,1,0,69.38,5.10,5.23,52.19,30.89
418.63,0,,69.35,30.94,1,0,69.76,5.11,5.24,52.21,30.89
418.72,0,,69.51,30.90,1,0,69.63,5.14,5.27,52.27,30.89
418.81,0,,69.60,30.90,1,0,69.37,5.22,5.20,52.28,31.04
418.93,0,,69.56,30.96,0,1,69.51,5.20,5.16,52.22,31.06
419.05,0,,69.50,31.01,0,1,69.48,5.11,5.19,52.16,30.94
419.11,0,,69.48,31.00,0,1,69.51,5.11,5.17,52.14,30.96
419.23,0,,69.49,30.97,0,1,69.50,5.08,5.19,52.13,30.91
419.35,0,,69.41,30.93,1,0,68.82,5.05,5.25,52.16,30.82
419.41,0,,69.29,30.88,1,0,69.75,5.11,5.22,52.19,30.91
419.56,0,,69.32,30.87,1,0,69.32,5.09,5.19,52.14,30.92
419.62,0,,69.39,30.87,1,0,69.39,5.01,5.23,52.10,30.80
419.71,0,,69.45,30.84,1,0,69.73,4.97,5.24,52.07,30.75
419.83,0,,69.52,30.79,1,0,69.40,4.89,5.13,51.88,30.78
419.95,0,,69.54,30.78,1,0,69.59,4.92,5.08,51.86,30.86
420.04,0,,69.59,30.80,0,1,69.91,4.94,5.12,51.92,30.84
420.13,0,,69.63,30.81,0,1,69.18,4.74,5.05,51.65,30.71
420.22,0,,69.56,30.77,0,1,69.64,4.75,5.08,51.69,30.69
420.31,0,,69.51,30.74,0,1,69.56,5.12,5.26,52.24,30.88
420.43,0,,69.44,30.79,0,1,68.85,5.31,5.40,52.57,30.93
420.55,0,,69.22,30.86,1,0,68.96,5.40,5.55,52.81,30.87
420.61,0,,69.08,30.89,1,0,69.45,5.68,5.80,53.34,30.90
420.73,0,,69.13,30.89,2,-1,69.17,5.80,5.99,53.65,30.83
420.82,0,,69.23,30.85,4,-2,69.40,5.73,6.01,53.60,30.74
420.92,0,,69.31,30.77,4,-2,69.36,5.63,6.07,53.56,30.58
421.06,0,,69.32,30.62,4,-2,68.99,5.14,5.94,52.94,30.22
421.12,0,,69.21,30.41,2,-1,69.07,4.82,5.61,52.29,30.23
421.21,0,,69.12,30.30,2,-1,69.29,5.18,5.62,52.66,30.58
421.33,0,,69.11,30.35,2,-1,68.95,5.13,5.67,52.66,30.48
421.42,0,,69.10,30.39,2,-1,69.19,4.65,5.58,52.09,30.09
421.54,0,,69.10,30.25,2,-1,69.12,4.13,5.43,51.42,29.72
421.63,0,,69.12,29.95,2,-1,69.10,3.61,5.12,50.59,29.51
421.72,0,,69.19,29.65,2,-1,69.67,3.33,4.95,50.14,29.40
421.81,0,,69.36,29.43,2,-1,69.43,3.09,4.81,49.76,29.30
421.93,0,,69.45,29.31,0,1,69.24,2.93,4.71,49.50,29.24
422.05,0,,69.41,29.24,0,2,69.40,2.84,4.69,49.39,29.17
422.11,0,,69.32,29.16,0,2,68.98,2.56,4.61,49.03,28.97
422.23,0,,69.17,29.03,0,1,68.98,2.21,4.54,48.61,28.69
422.32,0,,69.03,28.83,2,-1,68.99,1.91,4.43,48.20,28.50
422.41,0,,69.01,28.60,2,-1,69.32,1.62,4.28,47.76,28.36
422.56,0,,69.06,28.40,2,-1,68.83,1.23,4.10,47.19,28.15
422.62,0,,69.03,28.22,2,-1,68.90,0.89,3.92,46.67,27.99
422.71,0,,68.97,28.04,2,-1,69.14,0.64,3.85,46.35,27.81
422.83,0,,68.97,27.88,4,-2,68.76,0.53,3.79,46.18,27.76
422.92,0,,68.93,27.79,4,-2,68.90,0.55,3.76,46.17,27.81
423.04,0,,68.91,27.76,2,-1,69.09,0.47,3.74,46.07,27.75
423.13,0,,68.94,27.74,2,-1,68.83,0.28,3.64,45.78,27.66
423.22,0,,68.99,27.68,2,-1,69.32,0.10,3.61,45.57,27.51
423.31,0,,69.02,27.58,2,-1,68.58,-0.06,3.56,45.36,27.40
423.43,0,,68.91,27.46,2,-1,68.76,-0.11,3.55,45.30,27.36
423.55,0,,68.81,27.37,2,-1,69.00,-0.07,3.63,45.42,27.32
423.67,0,,68.81,27.31,2,-1,68.64,-0.16,3.58,45.28,27.28
423.73,0,,68.77,27.27,2,-1,68.68,-0.32,3.52,45.06,27.18
423.85,0,,68.74,27.21,2,-1,68.90,-0.41,3.53,44.98,27.08
423.91,0,,68.74,27.14,2,-1,68.56,-0.42,3.52,44.96,27.08
424.06,0,,68.73,27.09,2,-1,68.88,-0.35,3.53,45.04,27.14
424.12,0,,68.76,27.10,2,-1,68.85,-0.29,3.55,45.12,27.18
424.21,0,,68.79,27.14,2,-1,68.61,-0.35,3.50,45.01,27.17
424.33,0,,68.75,27.15,2,-1,68.72,-0.45,3.48,44.89,27.09
424.42,0,,68.74,27.13,2,-1,68.99,-0.46,3.50,44.90,27.06
424.54,0,,68.84,27.10,2,-1,69.02,-0.38,3.48,44.96,27.16
424.63,0,,68.92,27.12,2,-1,68.77,-0.24,3.50,45.12,27.28
424.73,0,,68.87,27.20,0,1,68.54,-0.19,3.50,45.17,27.33
424.81,0,,68.73,27.27,0,1,68.66,-0.30,3.48,45.04,27.24
424.93,0,,68.68,27.28,2,-1,69.01,-0.35,3.50,45.01,27.17
425.05,0,,68.83,27.24,2,-1,69.29,-0.29,3.49,45.06,27.24
425.11,0,,69.06,27.23,0,1,69.19,-0.19,3.48,45.15,27.35
425.23,0,,69.24,27.29,0,2,69.44,-0.06,3.51,45.31,27.45
425.32,0,,69.34,27.37,0,2,69.28,-0.07,3.48,45.27,27.47
425.41,0,,69.33,27.43,0,2,69.09,-0.18,3.43,45.11,27.41
425.56,0,,69.19,27.43,0,2,68.79,-0.27,3.45,45.04,27.30
425.62,0,,69.08,27.37,0,2,69.54,-0.30,3.44,45.00,27.28
425.71,0,,69.12,27.33,0,1,68.99,-0.18,3.39,45.07,27.45
425.83,0,,69.17,27.36,0,1,69.26,-0.12,3.42,45.16,27.48
425.92,0,,69.22,27.41,0,1,69.42,-0.21,3.41,45.06,27.40
426.04,0,,69.25,27.43,0,1,68.93,-0.27,3.35,44.94,27.40
426.13,0,,69.19,27.40,0,1,69.19,-0.33,3.36,44.89,27.33
426.22,0,,69.13,27.37,2,-1,69.14,-0.30,3.34,44.90,27.38
426.31,0,,69.20,27.37,1,0,69.66,-0.22,3.30,44.94,27.50
426.43,0,,69.32,27.41,0,1,69.17,-0.23,3.32,44.95,27.47
426.55,0,,69.36,27.45,0,1,69.29,-0.29,3.29,44.86,27.44
426.61,0,,69.32,27.46,0,1,69.33,-0.36,3.23,44.73,27.43
426.73,0,,69.31,27.44,0,1,69.35,-0.40,3.23,44.69,27.39
426.82,0,,69.34,27.42,0,1,69.48,-0.34,3.24,44.76,27.44
426.91,0,,69.43,27.43,0,1,69.68,-0.25,3.21,44.82,27.56
427.06,0,,69.53,27.48,0,2,69.46,-0.27,3.21,44.80,27.54
427.12,0,,69.50,27.52,0,2,69.06,-0.35,3.22,44.73,27.45
427.21,0,,69.35,27.50,0,1,69.34,-0.38,3.20,44.68,27.44
427.33,0,,69.24,27.47,0,1,69.18,-0.36,3.18,44.68,27.48
427.42,0,,69.27,27.47,0,1,69.70,-0.32,3.20,44.74,27.50
427.54,0,,69.36,27.48,0,1,69.10,-0.26,3.23,44.83,27.53
427.63,0,,69.33,27.51,0,1,69.13,-0.25,3.19,44.80,27.58
427.72,0,,69.24,27.54,1,0,69.33,-0.33,3.18,44.71,27.51
427.85,0,,69.23,27.52,2,-1,69.28,-0.38,3.21,44.69,27.43
427.93,0,,69.25,27.49,2,-1,69.23,-0.35,3.16,44.67,27.51
428.05,0,,69.25,27.48,2,-1,69.20,-0.31,3.14,44.69,27.57
428.11,0,,69.26,27.52,1,0,69.42,-0.29,3.14,44.71,27.59
428.23,0,,69.26,27.57,1,0,69.00,-0.29,3.12,44.69,27.61
428.32,0,,69.23,27.58,1,0,69.36,-0.36,3.14,44.64,27.52
428.41,0,,69.22,27.56,1,0,69.23,-0.41,3.12,44.57,27.49
428.56,0,,69.26,27.52,1,0,69.32,-0.40,3.12,44.58,27.50
428.62,0,,69.32,27.50,1,0,69.55,-0.32,3.14,44.68,27.56
428.71,0,,69.41,27.52,1,0,69.41,-0.28,3.13,44.71,27.61
428.83,0,,69.41,27.55,0,1,69.05,-0.35,3.16,44.67,27.51
428.92,0,,69.30,27.54,0,1,69.34,-0.39,3.19,44.66,27.44
429.04,0,,69.24,27.50,1,0,69.22,-0.38,3.15,44.63,27.49
429.13,0,,69.21,27.48,1,0,69.12,-0.36,3.10,44.60,27.56
429.22,0,,69.17,27.50,1,0,69.09,-0.31,3.20,44.75,27.51
429.34,0,,69.15,27.50,1,0,69.35,-0.29,3.28,44.85,27.45
429.43,0,,69.18,27.49,1,0,69.11,-0.30,3.24,44.80,27.48
429.55,0,,69.22,27.47,1,0,69.39,-0.32,3.23,44.77,27.47
429.61,0,,69.22,27.46,2,-1,68.87,-0.34,3.25,44.77,27.43
429.73,0,,69.13,27.45,2,-1,69.05,-0.36,3.24,44.74,27.42
429.82,0,,69.05,27.44,2,-1,69.14,-0.31,3.22,44.77,27.49
429.91,0,,69.08,27.46,2,-1,69.25,-0.25,3.23,44.84,27.54
430.06,0,,69.17,27.49,2,-1,69.27,-0.32,3.22,44.76,27.48
430.12,0,,69.32,27.50,1,0,69.87,-0.33,3.17,44.70,27.52
430.21,0,,69.51,27.51,1,0,69.39,-0.32,3.16,44.70,27.54
430.33,0,,69.50,27.51,0,1,68.96,-0.40,3.18,44.64,27.44
430.42,0,,69.29,27.48,0,1,69.10,-0.39,3.21,44.68,27.42
430.55,0,,69.15,27.44,0,1,69.33,-0.35,3.21,44.72,27.46
430.63,0,,69.14,27.43,0,1,69.09,-0.41,3.16,44.61,27.45
430.72,0,,69.07,27.43,1,0,68.55,-0.45,3.19,44.60,27.38
430.81,0,,68.90,27.40,2,-1,68.96,-0.48,3.22,44.60,27.32
430.93,0,,68.89,27.36,4,-2,69.42,-0.53,3.18,44.51,27.31
431.05,0,,69.09,27.32,4,-2,69.30,-0.53,3.20,44.53,27.29
431.14,0,,69.24,27.30,4,-2,69.09,-0.43,3.21,44.64,27.38
431.23,0,,69.22,27.33,2,-1,69.00,-0.44,3.18,44.60,27.40
431.32,0,,69.11,27.36,2,-1,69.00,-0.51,3.17,44.52,27.34
431.41,0,,69.04,27.36,2,-1,69.17,-0.54,3.15,44.47,27.33
431.56,0,,69.05,27.35,2,-1,69.02,-0.54,3.14,44.46,27.34
431.62,0,,69.13,27.35,1,0,69.60,-0.41,3.15,44.60,27.46
431.71,0,,69.26,27.40,2,-1,69.14,-0.32,3.17,44.71,27.53
431.83,0,,69.30,27.46,0,1,69.20,-0.38,3.19,44.67,27.45
431.92,0,,69.22,27.48,0,1,68.99,-0.39,3.15,44.62,27.48
432.04,0,,69.14,27.48,1,0,69.23,-0.41,3.18,44.63,27.43
432.13,0,,69.09,27.44,1,0,68.95,-0.45,3.22,44.63,27.35
432.22,0,,69.06,27.41,1,0,69.10,-0.35,3.21,44.72,27.46
432.31,0,,69.05,27.42,1,0,69.12,-0.24,3.24,44.86,27.54
432.46,0,,69.08,27.46,1,0,69.12,-0.27,3.27,44.86,27.48
432.55,0,,69.09,27.48,1,0,68.99,-0.34,3.25,44.77,27.43
432.61,0,,69.09,27.46,2,-1,69.19,-0.38,3.24,44.72,27.40
432.73,0,,69.13,27.43,2,-1,69.31,-0.34,3.21,44.73,27.47
432.82,0,,69.21,27.45,2,-1,69.26,-0.23,3.19,44.82,27.60
432.91,0,,69.27,27.51,1,0,69.29,-0.23,3.23,44.86,27.56
433.06,0,,69.27,27.55,1,0,69.11,-0.25,3.25,44.86,27.52
433.12,0,,69.19,27.55,0,1,69.02,-0.27,3.24,44.83,27.51
433.21,0,,69.05,27.51,1,0,68.68,-0.36,3.28,44.78,27.38
433.33,0,,68.97,27.46,1,0,69.48,-0.30,3.22,44.78,27.50
433.42,0,,69.02,27.48,1,0,68.81,-0.15,3.19,44.90,27.68
433.54,0,,69.01,27.55,1,0,68.82,-0.14,3.28,45.00,27.60
433.63,0,,68.90,27.60,2,-1,68.75,-0.21,3.25,44.90,27.56
433.72,0,,68.83,27.60,2,-1,69.01,-0.24,3.21,44.83,27.57
433.81,0,,68.86,27.56,4,-2,68.88,-0.29,3.27,44.84,27.46
433.93,0,,68.87,27.52,4,-2,68.70,-0.27,3.25,44.84,27.50
434.08,0,,68.89,27.51,2,-1,69.35,-0.08,3.24,45.02,27.70
434.14,0,,68.98,27.59,2,-1,68.82,0.00,3.28,45.14,27.74
434.23,0,,69.02,27.66,2,-1,69.05,-0.14,3.31,45.03,27.57
434.32,0,,69.00,27.66,2,-1,68.95,-0.12,3.32,45.06,27.58
434.44,0,,68.98,27.61,2,-1,68.96,-0.10,3.34,45.10,27.58
434.56,0,,68.98,27.59,0,1,69.08,-0.09,3.30,45.07,27.63
434.74,0,,69.01,27.62,0,1,69.01,0.10,3.29,45.25,27.83
434.74,0,,68.97,27.70,0,1,68.60,0.10,3.39,45.35,27.73
434.83,0,,68.87,27.74,1,0,69.02,0.02,3.37,45.25,27.67
434.92,0,,68.92,27.73,1,0,69.39,0.03,3.31,45.20,27.74
435.05,0,,69.07,27.71,1,0,68.91,-0.04,3.35,45.17,27.63
435.13,0,,69.06,27.68,1,0,68.72,0.02,3.39,45.27,27.65
435.22,0,,68.87,27.67,2,-1,68.45,0.17,3.41,45.44,27.78
435.31,0,,68.70,27.70,2,-1,68.99,0.19,3.45,45.50,27.76
435.43,0,,68.70,27.74,2,-1,68.68,0.18,3.45,45.49,27.75
435.55,0,,68.78,27.75,2,-1,69.08,0.14,3.43,45.43,27.73
435.61,0,,68.91,27.73,2,-1,69.10,0.08,3.44,45.38,27.66
435.73,0,,69.03,27.71,1,0,68.97,0.16,3.44,45.46,27.74
435.82,0,,69.05,27.71,1,0,68.99,0.24,3.44,45.54,27.82
435.91,0,,69.02,27.75,1,0,69.02,0.21,3.49,45.56,27.74
436.06,0,,68.97,27.76,1,0,68.74,0.19,3.50,45.55,27.71
436.12,0,,68.86,27.74,1,0,68.66,0.18,3.47,45.51,27.73
436.21,0,,68.80,27.71,1,0,69.14,0.15,3.51,45.52,27.66
436.33,0,,68.83,27.69,1,0,68.64,0.20,3.52,45.58,27.70
436.42,0,,68.83,27.69,1,0,68.86,0.29,3.55,45.70,27.76
436.54,0,,68.86,27.71,2,-1,69.14,0.32,3.59,45.77,27.75
436.63,0,,68.98,27.75,2,-1,69.13,0.34,3.52,45.72,27.84
436.72,0,,69.04,27.78,1,0,68.73,0.29,3.54,45.69,27.77
436.81,0,,68.97,27.77,1,0,68.92,0.17,3.61,45.64,27.58
436.93,0,,68.90,27.70,1,0,68.93,0.27,3.62,45.75,27.67
437.05,0,,68.82,27.66,1,0,68.37,0.42,3.69,45.97,27.75
437.11,0,,68.64,27.67,1,0,68.42,0.39,3.74,45.99,27.67
437.29,0,,68.54,27.69,2,-1,68.93,0.37,3.69,45.92,27.70
437.33,0,,68.64,27.69,4,-2,68.86,0.39,3.70,45.95,27.71
437.41,0,,68.77,27.69,2,-1,68.69,0.36,3.75,45.97,27.63
437.59,0,,68.80,27.67,2,-1,68.81,0.43,3.76,46.05,27.69
437.62,0,,68.79,27.67,2,-1,68.74,0.52,3.80,46.18,27.74
437.71,0,,68.78,27.70,1,0,68.83,0.52,3.83,46.21,27.71
437.83,0,,68.85,27.72,1,0,69.30,0.50,3.77,46.13,27.75
437.95,0,,68.99,27.73,1,0,68.91,0.51,3.79,46.16,27.74
438.07,0,,68.99,27.72,0,2,68.55,0.48,3.85,46.19,27.65
438.13,0,,68.85,27.69,0,2,68.84,0.47,3.85,46.18,27.64
438.22,0,,68.73,27.66,0,1,68.55,0.55,3.90,46.31,27.67
438.31,0,,68.70,27.64,1,0,68.99,0.52,3.94,46.32,27.60
438.43,0,,68.81,27.62,1,0,69.18,0.47,3.85,46.18,27.64
438.55,0,,68.94,27.62,1,0,68.66,0.45,3.82,46.13,27.65
438.61,0,,68.86,27.62,1,0,68.41,0.39,3.90,46.15,27.51
438.73,0,,68.65,27.58,1,0,68.48,0.44,3.88,46.18,27.58
438.82,0,,68.57,27.58,4,-2,69.04,0.59,3.85,46.30,27.76
438.91,0,,68.70,27.64,2,-1,68.88,0.56,3.92,46.34,27.66
439.07,0,,68.87,27.67,1,0,69.01,0.52,3.93,46.31,27.61
439.15,0,,68.88,27.66,1,0,68.30,0.64,3.94,46.44,27.72
439.21,0,,68.70,27.67,1,0,68.54,0.71,4.03,46.60,27.70
439.33,0,,68.54,27.70,2,-1,68.55,0.85,4.10,46.81,27.77
439.42,0,,68.54,27.75,2,-1,68.84,1.08,4.20,47.14,27.90
439.54,0,,68.64,27.81,1,0,68.67,1.16,4.34,47.36,27.84
439.63,0,,68.74,27.86,1,0,68.94,1.29,4.38,47.53,27.93
439.72,0,,68.80,27.91,1,0,68.65,1.43,4.44,47.73,28.01
439.82,0,,68.83,27.95,1,0,69.07,1.47,4.55,47.88,27.94
439.93,0,,68.89,27.99,1,0,68.90,1.68,4.55,48.09,28.15
440.05,0,,69.00,28.08,1,0,69.43,1.89,4.59,48.34,28.32
440.14,0,,69.17,28.20,0,2,69.33,1.94,4.70,48.50,28.26
440.23,0,,69.25,28.27,0,2,68.82,1.96,4.72,48.54,28.26
440.32,0,,69.11,28.28,0,2,68.85,2.01,4.76,48.63,28.27
440.41,0,,68.91,28.27,0,2,68.66,2.08,4.89,48.83,28.21
440.56,0,,68.80,28.25,0,1,69.06,2.17,4.91,48.94,28.28
440.62,0,,68.83,28.26,0,1,68.87,2.18,4.83,48.87,28.37
440.71,0,,68.84,28.28,1,0,68.54,1.96,4.81,48.63,28.17
440.83,0,,68.82,28.24,1,0,69.24,1.82,4.75,48.43,28.09
440.92,0,,68.93,28.18,4,-2,69.18,1.92,4.69,48.47,28.25
441.04,0,,69.07,28.16,2,-1,68.89,1.92,4.79,48.57,28.15
441.13,0,,69.03,28.15,2,-1,68.75,1.90,4.85,48.61,28.07
441.22,0,,68.92,28.12,0,1,68.97,1.95,4.85,48.66,28.12
441.31,0,,68.90,28.10,0,1,69.08,1.98,4.87,48.71,28.13
441.43,0,,68.96,28.13,0,1,68.92,2.10,4.80,48.76,28.32
441.55,0,,68.99,28.22,0,1,69.05,2.15,4.80,48.81,28.37
441.64,0,,69.03,28.29,0,1,69.15,2.08,4.90,48.84,28.20
441.73,0,,69.08,28.29,0,1,69.10,2.15,4.90,48.91,28.27
441.82,0,,69.05,28.28,0,1,68.68,2.22,4.85,48.93,28.39
441.91,0,,68.95,28.30,1,0,69.03,2.11,4.90,48.87,28.23
442.06,0,,68.93,28.29,1,0,69.14,2.07,4.87,48.80,28.22
442.13,0,,68.97,28.26,1,0,68.72,2.13,4.80,48.79,28.35
442.21,0,,68.97,28.26,1,0,69.26,2.09,4.93,48.88,28.18
442.33,0,,69.01,28.24,0,1,68.93,2.13,4.93,48.92,28.22
442.42,0,,69.03,28.24,0,1,69.00,2.22,4.84,48.92,28.40
442.54,0,,68.96,28.28,1,0,68.57,2.20,4.96,49.02,28.26
442.63,0,,68.87,28.27,1,0,69.17,2.17,5.12,49.15,28.07
442.72,0,,68.81,28.17,1,0,68.29,2.12,5.19,49.17,27.95
442.81,0,,68.69,28.05,1,0,68.73,2.23,5.26,49.35,27.99
442.93,0,,68.61,28.01,4,-2,68.65,2.49,5.25,49.60,28.26
443.08,0,,68.66,28.10,4,-2,68.93,2.38,5.06,49.30,28.34
443.12,0,,68.76,28.23,4,-2,68.80,2.11,4.85,48.82,28.28
443.23,0,,68.87,28.30,2,-1,69.14,2.18,4.88,48.92,28.32
443.32,0,,68.97,28.31,1,0,68.91,2.19,4.98,49.03,28.23
443.41,0,,68.98,28.27,1,0,68.82,2.03,4.92,48.81,28.13
443.56,0,,68.94,28.22,1,0,69.01,2.24,4.92,49.02,28.34
443.62,0,,68.93,28.25,0,1,68.94,2.36,4.97,49.19,28.41
443.74,0,,68.90,28.33,0,2,68.61,2.29,4.95,49.10,28.36
443.83,0,,68.77,28.38,0,1,68.55,2.42,5.01,49.29,28.43
443.92,0,,68.71,28.42,1,0,69.17,2.54,5.02,49.42,28.54
444.04,0,,68.76,28.49,1,0,68.41,2.64,5.07,49.57,28.59
444.13,0,,68.66,28.54,2,-1,68.22,2.66,5.14,49.66,28.54
444.22,0,,68.55,28.55,2,-1,69.11,2.57,5.08,49.51,28.51
444.31,0,,68.68,28.54,2,-1,68.99,2.52,5.03,49.41,28.51
444.43,0,,68.86,28.52,2,-1,68.71,2.53,5.02,49.41,28.53
444.58,0,,68.83,28.52,2,-1,68.47,2.65,5.08,49.59,28.59
444.61,0,,68.74,28.53,2,-1,69.01,2.60,5.12,49.58,28.50
444.73,0,,68.76,28.53,2,-1,68.82,2.48,5.02,49.36,28.48
444.82,0,,68.76,28.51,2,-1,68.34,2.45,4.92,49.23,28.55
444.91,0,,68.62,28.50,2,-1,68.48,2.37,4.97,49.20,28.42
445.06,0,,68.57,28.48,2,-1,69.08,2.47,4.96,49.29,28.53
445.13,0,,68.75,28.51,2,-1,69.07,2.68,4.93,49.47,28.77
445.22,0,,69.04,28.61,1,0,69.62,2.62,5.00,49.48,28.64
445.33,0,,69.26,28.66,0,1,68.92,2.60,4.99,49.45,28.63
445.42,0,,69.22,28.66,0,2,68.83,2.62,4.99,49.47,28.65
445.54,0,,69.02,28.64,0,2,68.81,2.53,5.01,49.40,28.54
445.63,0,,68.87,28.61,0,2,68.91,2.64,5.01,49.51,28.65
445.72,0,,68.81,28.62,1,0,68.70,2.80,5.05,49.71,28.77
445.81,0,,68.75,28.67,1,0,68.60,2.74,5.10,49.70,28.66
445.93,0,,68.69,28.68,1,0,68.74,2.62,5.07,49.55,28.57
446.05,0,,68.70,28.63,4,-2,68.88,2.58,5.04,49.48,28.56
446.11,0,,68.74,28.59,4,-2,68.61,2.65,5.08,49.59,28.59
446.23,0,,68.77,28.58,4,-2,68.95,2.72,5.03,49.61,28.71
446.32,0,,68.85,28.64,2,-1,69.14,2.72,4.99,49.57,28.75
446.41,0,,68.99,28.69,1,0,69.07,2.68,5.05,49.59,28.65
446.56,0,,69.06,28.69,0,1,68.92,2.69,5.06,49.61,28.65
446.62,0,,68.99,28.66,0,1,68.62,2.69,5.09,49.64,28.62
446.71,0,,68.83,28.64,1,0,68.76,2.75,5.13,49.74,28.64
446.83,0,,68.73,28.64,1,0,68.70,2.88,5.15,49.89,28.75
446.92,0,,68.75,28.67,1,0,69.18,2.80,5.14,49.80,28.68
447.05,0,,68.87,28.69,1,0,68.77,2.77,5.14,49.77,28.65
447.14,0,,68.91,28.69,1,0,68.86,2.85,5.11,49.82,28.76
447.22,0,,68.84,28.71,2,-1,68.55,2.82,5.10,49.78,28.74
447.32,0,,68.76,28.72,2,-1,68.95,2.89,5.20,49.95,28.71
447.43,0,,68.74,28.74,1,0,68.60,2.95,5.15,49.96,28.82
447.55,0,,68.70,28.77,2,-1,68.53,2.89,5.09,49.84,28.82
447.61,0,,68.67,28.79,2,-1,69.03,2.88,5.13,49.87,28.77
447.73,0,,68.78,28.79,2,-1,68.95,2.88,5.15,49.89,28.75
447.82,0,,68.87,28.76,1,0,68.64,2.82,5.20,49.88,28.64
447.91,0,,68.85,28.70,2,-1,68.90,2.86,5.21,49.93,28.67
448.06,0,,68.83,28.68,1,0,68.83,2.93,5.20,49.99,28.75
448.12,0,,68.87,28.68,1,0,69.10,2.85,5.22,49.93,28.65
448.21,0,,68.98,28.68,0,1,69.22,2.86,5.20,49.92,28.68
448.33,0,,69.06,28.68,0,2,68.72,2.94,5.19,49.99,28.77
448.42,0,,68.99,28.71,0,2,68.91,2.94,5.22,50.02,28.74
448.57,0,,68.82,28.73,0,1,68.27,2.97,5.28,50.11,28.71
448.63,0,,68.66,28.72,1,0,68.96,2.91,5.29,50.06,28.64
448.72,0,,68.71,28.68,1,0,69.16,2.87,5.23,49.96,28.66
448.81,0,,68.92,28.65,1,0,69.07,2.90,5.27,50.03,28.65
448.93,0,,69.02,28.63,1,0,68.72,2.89,5.34,50.09,28.57
449.05,0,,68.95,28.62,1,0,68.83,2.98,5.32,50.16,28.68
449.11,0,,68.89,28.63,1,0,69.06,2.99,5.34,50.19,28.67
449.23,0,,68.94,28.65,1,0,69.13,2.95,5.32,50.13,28.65
449.32,0,,69.01,28.67,0,1,68.90,3.02,5.28,50.16,28.76
449.41,0,,69.06,28.69,0,1,69.31,2.96,5.35,50.17,28.63
449.56,0,,69.06,28.68,0,1,68.65,2.98,5.36,50.20,28.64
449.62,0,,68.96,28.66,0,1,68.88,3.07,5.37,50.30,28.72
449.72,0,,68.82,28.64,0,1,68.58,2.98,5.50,50.34,28.50
449.83,0,,68.74,28.59,0,1,68.93,2.97,5.46,50.29,28.53
449.92,0,,68.75,28.55,1,0,68.79,3.02,5.39,50.27,28.65
450.04,0,,68.77,28.55,1,0,68.56,2.95,5.51,50.32,28.46
450.13,0,,68.71,28.53,2,-1,68.70,2.98,5.50,50.34,28.50
450.22,0,,68.67,28.52,4,-2,68.68,3.09,5.44,50.39,28.67
450.31,0,,68.68,28.55,4,-2,68.82,3.02,5.52,50.40,28.52
450.43,0,,68.72,28.56,4,-2,68.66,2.96,5.50,50.32,28.48
450.55,0,,68.70,28.53,2,-1,68.53,2.98,5.45,50.29,28.55
450.61,0,,68.66,28.51,2,-1,68.82,2.98,5.50,50.34,28.50
450.73,0,,68.64,28.52,2,-1,68.41,3.09,5.50,50.45,28.61
450.82,0,,68.62,28.55,2,-1,68.84,3.13,5.52,50.51,28.63
450.92,0,,68.70,28.58,2,-1,69.05,3.10,5.57,50.53,28.55
451.07,0,,68.81,28.59,2,-1,68.49,3.11,5.53,50.50,28.60
451.12,0,,68.80,28.58,0,1,68.90,3.06,5.53,50.45,28.55
451.21,0,,68.72,28.56,0,1,68.33,3.05,5.56,50.47,28.51
451.33,0,,68.61,28.55,1,0,68.65,3.18,5.56,50.60,28.64
451.42,0,,68.52,28.58,2,-1,68.37,3.22,5.57,50.65,28.67
451.54,0,,68.47,28.62,2,-1,68.46,3.14,5.57,50.57,28.59
451.63,0,,68.45,28.62,2,-1,68.58,3.13,5.57,50.56,28.58
451.72,0,,68.46,28.59,2,-1,68.31,3.11,5.62,50.59,28.51
451.81,0,,68.45,28.54,2,-1,68.58,3.08,5.66,50.60,28.44
451.93,0,,68.53,28.51,2,-1,68.92,3.27,5.60,50.73,28.69
452.05,0,,68.71,28.58,2,-1,68.97,3.40,5.57,50.83,28.85
452.14,0,,68.86,28.70,1,0,68.76,3.33,5.64,50.83,28.71
452.23,0,,68.85,28.75,1,0,68.56,3.30,5.64,50.80,28.68
452.32,0,,68.71,28.73,0,2,68.44,3.32,5.61,50.79,28.73
452.41,0,,68.59,28.71,0,2,68.79,3.32,5.67,50.85,28.67
452.56,0,,68.56,28.70,0,1,68.37,3.41,5.68,50.95,28.75
452.62,0,,68.57,28.73,0,1,68.83,3.50,5.64,51.00,28.88
452.71,0,,68.67,28.79,1,0,68.99,3.50,5.65,51.01,28.87
452.83,0,,68.75,28.84,1,0,68.30,3.47,5.68,51.01,28.81
452.92,0,,68.60,28.84,1,0,68.06,3.42,5.67,50.95,28.77
453.04,0,,68.36,28.81,1,0,68.50,3.45,5.68,50.99,28.79
453.13,0,,68.33,28.81,4,-2,68.64,3.61,5.69,51.16,28.94
453.22,0,,68.53,28.86,2,-1,69.11,3.65,5.69,51.20,28.98
453.38,0,,68.74,28.92,1,0,68.46,3.61,5.71,51.18,28.92
453.43,0,,68.78,28.94,1,0,68.76,3.62,5.72,51.20,28.92
453.55,0,,68.67,28.94,1,0,68.23,3.62,5.71,51.19,28.93
453.64,0,,68.53,28.93,1,0,68.60,3.67,5.72,51.25,28.97
453.73,0,,68.50,28.96,1,0,68.72,3.78,5.73,51.37,29.07
453.82,0,,68.60,29.01,2,-1,68.77,3.81,5.73,51.40,29.10
453.91,0,,68.69,29.06,0,1,68.63,3.78,5.72,51.36,29.08
454.06,0,,68.69,29.10,0,1,68.53,3.83,5.68,51.37,29.17
454.12,0,,68.65,29.12,1,0,68.72,3.80,5.69,51.35,29.13
454.22,0,,68.63,29.13,1,0,68.58,3.81,5.74,51.41,29.09
454.33,0,,68.64,29.13,1,0,68.76,3.95,5.76,51.57,29.21
454.42,0,,68.74,29.15,1,0,69.21,3.98,5.76,51.60,29.24
454.54,0,,68.93,29.20,1,0,69.00,3.97,5.74,51.57,29.25
454.63,0,,68.98,29.23,0,2,68.54,3.99,5.76,51.61,29.25
454.73,0,,68.83,29.24,0,2,68.61,3.94,5.79,51.59,29.17
454.82,0,,68.63,29.22,1,0,68.36,4.00,5.79,51.65,29.23
454.93,0,,68.49,29.23,1,0,68.53,4.17,5.80,51.83,29.39
455.05,0,,68.47,29.30,1,0,68.65,4.21,5.75,51.82,29.48
455.14,0,,68.54,29.40,1,0,68.63,4.19,5.74,51.79,29.47
455.29,0,,68.69,29.46,1,0,69.23,4.21,5.75,51.82,29.48
455.33,0,,68.90,29.49,1,0,68.95,4.21,5.69,51.76,29.54
455.44,0,,68.94,29.52,1,0,68.36,4.26,5.71,51.83,29.57
455.56,0,,68.77,29.56,1,0,68.70,4.38,5.76,52.00,29.64
455.62,0,,68.65,29.60,1,0,68.78,4.37,5.76,51.99,29.63
455.72,0,,68.62,29.61,1,0,68.31,4.31,5.82,51.99,29.51
455.83,0,,68.52,29.57,1,0,68.39,4.31,5.84,52.01,29.49
455.92,0,,68.49,29.52,1,0,68.92,4.28,5.76,51.90,29.54
456.04,0,,68.58,29.53,2,-1,68.50,4.43,5.75,52.04,29.70
456.13,0,,68.72,29.61,1,0,69.26,4.60,5.79,52.25,29.83
456.23,0,,68.85,29.73,1,0,68.56,4.53,5.76,52.15,29.79
456.31,0,,68.83,29.79,1,0,68.61,4.47,5.75,52.08,29.74
456.43,0,,68.80,29.79,1,0,69.39,4.55,5.79,52.20,29.78
456.55,0,,68.93,29.78,1,0,68.87,4.61,5.79,52.26,29.84
456.64,0,,69.01,29.80,1,0,68.91,4.65,5.82,52.33,29.85
456.73,0,,68.97,29.84,0,2,68.85,4.75,5.81,52.42,29.96
456.82,0,,68.86,29.89,0,2,68.56,4.69,5.80,52.35,29.91
456.97,0,,68.70,29.90,1,0,68.43,4.61,5.86,52.33,29.77
457.06,0,,68.58,29.87,1,0,68.86,4.69,5.83,52.38,29.88
457.12,0,,68.63,29.85,1,0,68.80,4.69,5.81,52.36,29.90
457.21,0,,68.75,29.87,1,0,68.86,4.76,5.87,52.49,29.91
457.33,0,,68.80,29.90,1,0,68.62,4.87,5.90,52.63,29.99
457.42,0,,68.73,29.94,2,-1,68.46,4.81,5.89,52.56,29.94
457.54,0,,68.63,29.95,2,-1,68.78,4.79,5.87,52.52,29.94
457.63,0,,68.66,29.95,2,-1,68.89,4.82,5.88,52.56,29.96
457.72,0,,68.76,29.96,1,0,68.82,4.92,5.91,52.69,30.03
457.81,0,,68.83,30.00,1,0,68.83,5.09,5.97,52.92,30.14
457.93,0,,68.94,30.06,1,0,69.54,5.10,6.03,52.99,30.09
458.05,0,,69.12,30.09,0,1,68.97,4.97,5.93,52.76,30.06
458.11,0,,69.11,30.08,0,2,68.54,4.88,5.91,52.65,29.99
458.24,0,,68.87,30.02,0,2,68.58,4.94,6.08,52.88,29.88
458.32,0,,68.67,29.93,0,1,68.72,4.81,6.05,52.72,29.78
458.41,0,,68.65,29.82,1,0,68.96,4.59,5.93,52.38,29.68
458.56,0,,68.82,29.73,1,0,69.29,4.73,6.08,52.67,29.67
458.62,0,,69.03,29.65,1,0,68.99,4.71,6.17,52.74,29.56
458.74,0,,69.06,29.58,0,1,68.69,4.54,6.14,52.54,29.42
458.86,0,,68.89,29.50,0,1,68.48,4.75,6.24,52.85,29.53
458.92,0,,68.61,29.50,2,-1,68.19,4.94,6.32,53.12,29.64
459.04,0,,68.44,29.56,2,-1,68.83,5.02,6.36,53.24,29.68
459.13,0,,68.51,29.64,2,-1,68.80,5.18,6.45,53.49,29.75
459.22,0,,68.62,29.69,2,-1,68.28,5.02,6.43,53.31,29.61
459.31,0,,68.57,29.65,4,-2,68.52,4.69,6.32,52.87,29.39
459.46,0,,68.48,29.51,4,-2,68.39,4.45,6.18,52.49,29.29
459.55,0,,68.38,29.35,4,-2,68.02,4.12,6.03,52.01,29.11
459.70,0,,68.29,29.18,4,-2,68.64,3.88,5.88,51.62,29.02
459.73,0,,68.34,29.05,4,-2,68.41,3.69,5.76,51.31,28.95
459.83,0,,68.37,28.93,4,-2,68.06,3.34,5.69,50.89,28.67
459.91,0,,68.27,28.77,4,-2,68.10,3.05,5.61,50.52,28.46
460.06,0,,68.12,28.56,4,-2,67.89,2.78,5.52,50.16,28.28
460.13,0,,67.98,28.35,4,-2,67.85,2.48,5.43,49.77,28.07
460.21,0,,67.93,28.16,4,-2,68.27,2.28,5.30,49.44,28.00
460.33,0,,68.00,28.02,4,-2,67.95,2.03,5.17,49.06,27.88
460.42,0,,68.06,27.90,4,-2,68.14,1.75,5.03,48.64,27.74
460.54,0,,68.08,27.79,4,-2,68.01,1.51,4.89,48.26,27.64
460.63,0,,68.10,27.67,4,-2,68.26,1.23,4.81,47.90,27.44
460.72,0,,68.11,27.53,4,-2,67.91,1.06,4.75,47.67,27.33
460.81,0,,68.02,27.40,4,-2,67.64,1.01,4.66,47.53,27.37
460.93,0,,67.89,27.33,4,-2,68.10,0.88,4.62,47.36,27.28
461.05,0,,67.91,27.28,1,0,68.10,0.76,4.59,47.21,27.19
461.11,0,,67.99,27.22,2,-1,67.94,0.64,4.55,47.05,27.11
461.23,0,,68.06,27.14,2,-1,68.32,0.53,4.51,46.90,27.04
461.32,0,,68.15,27.07,1,0,68.22,0.46,4.45,46.77,27.03
461.41,0,,68.19,27.02,1,0,67.92,0.41,4.42,46.69,27.01
461.56,0,,68.13,26.99,0,1,68.13,0.31,4.40,46.57,26.93
461.62,0,,68.09,26.95,0,1,68.15,0.20,4.39,46.45,26.83
461.71,0,,68.17,26.89,0,1,68.63,0.17,4.36,46.39,26.83
461.83,0,,68.32,26.84,0,2,68.21,0.14,4.32,46.32,26.84
461.92,0,,68.34,26.81,0,2,68.05,0.12,4.35,46.33,26.79
462.04,0,,68.28,26.80,0,1,68.59,0.14,4.40,46.40,26.76
462.13,0,,68.27,26.77,0,1,67.93,0.11,4.37,46.34,26.76
462.22,0,,68.21,26.76,0,1,68.18,0.07,4.31,46.24,26.78
462.31,0,,68.12,26.76,0,1,67.99,0.04,4.28,46.18,26.78
462.43,0,,68.04,26.75,0,1,67.91,-0.07,4.29,46.08,26.66
462.55,0,,67.99,26.71,1,0,68.10,-0.09,4.31,46.08,26.62
462.61,0,,68.02,26.67,4,-2,68.17,-0.01,4.29,46.14,26.72
462.73,0,,68.06,26.66,4,-2,67.85,-0.08,4.25,46.03,26.69
462.82,0,,68.09,26.67,2,-1,68.54,-0.24,4.16,45.78,26.62
462.91,0,,68.20,26.65,2,-1,68.22,-0.28,4.12,45.70,26.62
463.06,0,,68.30,26.63,1,0,68.35,-0.28,4.11,45.69,26.63
463.12,0,,68.35,26.63,1,0,68.41,-0.25,4.05,45.66,26.72
463.21,0,,68.39,26.66,0,1,68.46,-0.22,4.10,45.74,26.70
463.33,0,,68.38,26.69,0,2,68.09,-0.23,4.10,45.73,26.69
463.42,0,,68.31,26.69,0,2,68.39,-0.31,4.04,45.59,26.67
463.54,0,,68.21,26.67,0,1,67.74,-0.39,4.04,45.51,26.59
463.63,0,,68.10,26.63,0,1,68.32,-0.41,4.04,45.49,26.57
463.73,0,,68.06,26.59,1,0,67.93,-0.38,4.04,45.52,26.60
463.81,0,,68.05,26.58,2,-1,68.05,-0.38,4.00,45.48,26.64
463.93,0,,68.04,26.60,1,0,68.17,-0.43,3.94,45.37,26.65
464.05,0,,68.10,26.63,4,-2,68.27,-0.47,3.92,45.31,26.63
464.11,0,,68.23,26.64,2,-1,68.55,-0.51,3.91,45.26,26.60
464.23,0,,68.37,26.62,2,-1,68.38,-0.58,3.87,45.15,26.57
464.33,0,,68.42,26.60,1,0,68.21,-0.51,3.88,45.23,26.63
464.41,0,,68.35,26.60,0,1,68.29,-0.42,3.94,45.38,26.66
464.56,0,,68.26,26.62,0,1,68.08,-0.45,3.94,45.35,26.63
464.62,0,,68.18,26.64,0,1,68.13,-0.48,3.90,45.28,26.64
464.72,0,,68.17,26.64,1,0,68.48,-0.50,3.87,45.23,26.65
464.83,0,,68.32,26.65,0,1,68.77,-0.48,3.84,45.22,26.70
464.92,0,,68.49,26.67,0,1,68.25,-0.45,3.86,45.27,26.71
465.04,0,,68.55,26.70,0,1,68.79,-0.38,3.86,45.34,26.78
465.13,0,,68.61,26.75,0,1,68.70,-0.33,3.81,45.34,26.88
465.23,0,,68.62,26.80,0,1,68.18,-0.46,3.81,45.21,26.75
465.31,0,,68.48,26.79,0,1,68.38,-0.54,3.80,45.12,26.68
465.43,0,,68.35,26.75,0,1,68.22,-0.53,3.75,45.08,26.74
465.55,0,,68.28,26.73,0,1,68.34,-0.50,3.72,45.08,26.80
465.61,0,,68.30,26.76,0,1,68.49,-0.44,3.71,45.13,26.87
465.73,0,,68.36,26.82,2,-1,68.31,-0.42,3.69,45.13,26.91
465.82,0,,68.42,26.87,2,-1,68.63,-0.47,3.69,45.08,26.86
465.91,0,,68.52,26.88,0,1,68.76,-0.53,3.66,44.99,26.83
466.06,0,,68.56,26.86,0,1,68.00,-0.57,3.61,44.90,26.84
466.12,0,,68.45,26.84,0,1,68.55,-0.56,3.63,44.93,26.83
466.21,0,,68.38,26.83,0,1,68.42,-0.51,3.64,44.99,26.87
466.34,0,,68.41,26.85,0,1,68.51,-0.51,3.60,44.95,26.91
466.42,0,,68.42,26.87,0,1,68.17,-0.58,3.55,44.83,26.89
466.54,0,,68.35,26.88,0,1,68.31,-0.62,3.55,44.79,26.85
466.63,0,,68.30,26.86,1,0,68.41,-0.66,3.56,44.76,26.80
466.72,0,,68.34,26.83,2,-1,68.41,-0.67,3.53,44.72,26.82
466.81,0,,68.39,26.83,2,-1,68.46,-0.53,3.53,44.86,26.96
466.93,0,,68.43,26.88,1,0,68.44,-0.44,3.56,44.98,27.02
467.05,0,,68.48,26.95,1,0,68.63,-0.51,3.54,44.89,26.97
467.11,0,,68.53,26.99,1,0,68.56,-0.52,3.52,44.86,26.98
467.23,0,,68.54,27.00,1,0,68.33,-0.50,3.48,44.84,27.04
467.33,0,,68.49,27.01,1,0,68.52,-0.51,3.43,44.78,27.08
467.41,0,,68.46,27.04,1,0,68.45,-0.46,3.50,44.90,27.06
467.56,0,,68.47,27.06,1,0,68.54,-0.45,3.51,44.92,27.06
467.62,0,,68.50,27.07,1,0,68.59,-0.49,3.42,44.79,27.11
467.71,0,,68.59,27.08,0,1,68.88,-0.49,3.43,44.80,27.10
467.83,0,,68.68,27.10,0,1,68.51,-0.52,3.40,44.74,27.10
467.92,0,,68.67,27.10,0,1,68.52,-0.59,3.36,44.63,27.07
468.04,0,,68.61,27.07,1,0,68.72,-0.57,3.46,44.75,26.99
468.13,0,,68.60,27.05,0,1,68.49,-0.47,3.45,44.84,27.10
468.22,0,,68.59,27.06,0,1,68.66,-0.46,3.40,44.80,27.16
468.31,0,,68.59,27.10,0,1,68.57,-0.53,3.37,44.70,27.12
468.46,0,,68.55,27.13,0,1,68.25,-0.55,3.30,44.61,27.17
468.55,0,,68.44,27.14,0,1,68.39,-0.57,3.33,44.62,27.12
468.64,0,,68.37,27.13,2,-1,68.43,-0.58,3.40,44.68,27.04
468.73,0,,68.42,27.10,2,-1,68.72,-0.49,3.36,44.73,27.17
468.82,0,,68.57,27.12,2,-1,68.86,-0.52,3.29,44.63,27.21
468.91,0,,68.71,27.15,1,0,68.59,-0.60,3.32,44.58,27.10
469.06,0,,68.71,27.15,0,1,68.56,-0.59,3.29,44.56,27.14
469.12,0,,68.66,27.14,0,1,68.70,-0.60,3.27,44.53,27.15
469.21,0,,68.65,27.13,0,1,68.75,-0.55,3.36,44.67,27.11
469.33,0,,68.70,27.14,0,1,68.79,-0.39,3.35,44.82,27.28
469.42,0,,68.74,27.20,0,1,68.62,-0.38,3.30,44.78,27.34
469.54,0,,68.75,27.25,0,2,68.92,-0.49,3.35,44.72,27.18
469.63,0,,68.74,27.25,0,1,68.44,-0.49,3.36,44.73,27.17
469.73,0,,68.69,27.21,0,1,68.82,-0.46,3.35,44.75,27.21
469.82,0,,68.66,27.21,0,1,68.57,-0.34,3.36,44.88,27.32
469.93,0,,68.65,27.27,0,1,68.67,-0.22,3.36,45.00,27.44
470.05,0,,68.64,27.35,0,1,68.58,-0.28,3.34,44.92,27.40
470.11,0,,68.61,27.39,1,0,68.53,-0.34,3.35,44.87,27.33
470.23,0,,68.58,27.38,2,-1,68.68,-0.37,3.30,44.79,27.35
470.32,0,,68.59,27.36,2,-1,68.51,-0.37,3.25,44.74,27.40
470.41,0,,68.63,27.36,2,-1,68.96,-0.33,3.34,44.87,27.35
470.56,0,,68.72,27.37,2,-1,68.69,-0.26,3.35,44.95,27.41
470.62,0,,68.77,27.39,1,0,68.75,-0.24,3.32,44.94,27.46
470.71,0,,68.76,27.41,1,0,68.74,-0.28,3.37,44.95,27.37
470.83,0,,68.70,27.41,1,0,68.34,-0.30,3.27,44.83,27.45
470.95,0,,68.57,27.42,1,0,68.53,-0.34,3.22,44.74,27.46
471.04,0,,68.51,27.43,1,0,68.72,-0.32,3.30,44.84,27.40
471.13,0,,68.52,27.43,1,0,68.28,-0.23,3.37,45.00,27.42
471.22,0,,68.50,27.41,2,-1,68.62,-0.26,3.36,44.96,27.40
471.32,0,,68.52,27.40,2,-1,68.69,-0.34,3.30,44.82,27.38
471.43,0,,68.62,27.39,2,-1,68.77,-0.35,3.26,44.77,27.41
471.58,0,,68.70,27.39,2,-1,68.70,-0.36,3.28,44.78,27.38
471.61,0,,68.68,27.39,1,0,68.32,-0.30,3.34,44.90,27.38
471.73,0,,68.60,27.41,1,0,68.76,-0.16,3.29,44.99,27.57
471.82,0,,68.65,27.49,1,0,69.11,-0.10,3.21,44.97,27.71
471.91,0,,68.80,27.58,1,0,68.69,-0.19,3.31,44.98,27.52
472.07,0,,68.88,27.59,0,2,68.96,-0.22,3.28,44.92,27.52
472.12,0,,68.87,27.57,0,2,68.68,-0.18,3.23,44.91,27.61
472.21,0,,68.83,27.56,0,1,68.85,-0.11,3.37,45.12,27.54
472.33,0,,68.80,27.57,0,1,68.84,0.01,3.35,45.22,27.68
472.42,0,,68.78,27.62,0,1,68.53,-0.01,3.28,45.13,27.73
472.54,0,,68.66,27.65,1,0,68.37,-0.17,3.36,45.05,27.49
472.63,0,,68.55,27.60,1,0,68.81,-0.23,3.32,44.95,27.47
472.72,0,,68.58,27.53,0,1,68.66,-0.21,3.27,44.92,27.54
472.81,0,,68.64,27.50,4,-2,68.54,-0.18,3.32,45.00,27.52
472.93,0,,68.64,27.52,2,-1,68.69,-0.09,3.29,45.06,27.64
473.05,0,,68.62,27.58,2,-1,68.49,-0.10,3.23,44.99,27.69
473.11,0,,68.60,27.62,2,-1,68.64,-0.26,3.24,44.84,27.52
473.23,0,,68.57,27.59,2,-1,68.44,-0.31,3.25,44.80,27.46
473.33,0,,68.56,27.54,2,-1,68.74,-0.23,3.20,44.83,27.59
473.41,0,,68.63,27.53,1,0,68.90,-0.19,3.22,44.89,27.61
473.56,0,,68.78,27.57,1,0,69.00,-0.15,3.23,44.94,27.64
473.62,0,,68.89,27.62,1,0,68.72,-0.13,3.18,44.91,27.71
473.71,0,,68.81,27.64,0,1,68.29,-0.25,3.27,44.88,27.50
473.83,0,,68.60,27.60,0,1,68.54,-0.25,3.27,44.88,27.50
473.92,0,,68.45,27.55,1,0,68.27,-0.21,3.21,44.86,27.60
474.04,0,,68.40,27.54,2,-1,68.69,-0.24,3.26,44.88,27.52
474.13,0,,68.43,27.54,2,-1,68.31,-0.18,3.25,44.93,27.59
474.31,0,,68.49,27.56,2,-1,68.80,-0.22,3.20,44.84,27.60
474.32,0,,68.55,27.57,2,-1,68.43,-0.29,3.20,44.77,27.53
474.43,0,,68.57,27.57,4,-2,68.57,-0.24,3.21,44.83,27.57
474.55,0,,68.58,27.56,2,-1,68.77,-0.24,3.22,44.84,27.56
474.61,0,,68.69,27.57,2,-1,69.04,-0.14,3.22,44.94,27.66
474.73,0,,68.82,27.61,1,0,68.67,-0.07,3.25,45.04,27.70
474.82,0,,68.80,27.66,1,0,68.45,-0.11,3.24,44.99,27.67
474.91,0,,68.65,27.68,0,2,68.58,-0.14,3.20,44.92,27.68
475.06,0,,68.55,27.67,0,1,68.54,-0.21,3.24,44.89,27.57
475.12,0,,68.56,27.63,1,0,68.79,-0.20,3.25,44.91,27.57
475.21,0,,68.64,27.59,1,0,68.72,-0.13,3.28,45.01,27.61
475.33,0,,68.67,27.58,1,0,68.43,-0.11,3.32,45.07,27.59
475.42,0,,68.64,27.58,1,0,68.78,-0.15,3.25,44.96,27.62
475.54,0,,68.65,27.58,1,0,68.72,-0.27,3.24,44.83,27.51
475.63,0,,68.64,27.55,0,1,68.26,-0.31,3.29,44.84,27.42
475.72,0,,68.52,27.49,2,-1,68.45,-0.29,3.23,44.80,27.50
475.81,0,,68.51,27.48,1,0,69.12,-0.24,3.18,44.80,27.60
475.93,0,,68.68,27.53,1,0,68.66,-0.20,3.21,44.87,27.61
476.05,0,,68.72,27.57,1,0,68.21,-0.27,3.22,44.81,27.53
476.11,0,,68.57,27.57,1,0,68.61,-0.31,3.19,44.74,27.52
476.23,0,,68.53,27.53,1,0,68.87,-0.38,3.23,44.71,27.41
476.33,0,,68.62,27.47,1,0,68.50,-0.39,3.19,44.66,27.44
476.42,0,,68.66,27.46,1,0,68.74,-0.26,3.16,44.76,27.60
476.53,0,,68.65,27.50,1,0,68.53,-0.22,3.24,44.88,27.56
476.63,0,,68.61,27.53,1,0,68.46,-0.35,3.22,44.73,27.45
476.71,0,,68.51,27.50,1,0,68.33,-0.43,3.18,44.61,27.41
476.83,0,,68.42,27.45,1,0,68.44,-0.40,3.21,44.67,27.41
476.92,0,,68.46,27.42,1,0,68.95,-0.35,3.19,44.70,27.48
477.04,0,,68.66,27.44,1,0,68.95,-0.25,3.21,44.82,27.56
477.13,0,,68.83,27.50,1,0,68.68,-0.21,3.25,44.90,27.56
477.22,0,,68.89,27.53,1,0,69.10,-0.31,3.23,44.78,27.48
477.31,0,,68.89,27.51,0,1,68.60,-0.36,3.26,44.76,27.40
477.43,0,,68.83,27.45,0,2,68.79,-0.38,3.26,44.74,27.38
477.55,0,,68.74,27.40,0,1,68.58,-0.36,3.24,44.74,27.42
477.61,0,,68.64,27.39,0,1,68.38,-0.30,3.29,44.85,27.43
477.73,0,,68.50,27.41,1,0,68.38,-0.33,3.24,44.77,27.45
477.86,0,,68.39,27.42,1,0,68.31,-0.46,3.20,44.60,27.36
477.91,0,,68.34,27.39,1,0,68.36,-0.48,3.22,44.60,27.32
478.03,0,,68.37,27.35,4,-2,68.70,-0.48,3.18,44.56,27.36
478.12,0,,68.50,27.34,4,-2,68.63,-0.47,3.19,44.58,27.36
478.24,0,,68.63,27.36,4,-2,68.74,-0.34,3.22,44.74,27.46
478.33,0,,68.67,27.39,2,-1,68.49,-0.37,3.22,44.71,27.43
478.43,0,,68.66,27.41,1,0,68.75,-0.48,3.23,44.61,27.31
478.55,0,,68.61,27.38,1,0,68.29,-0.43,3.20,44.63,27.39
478.63,0,,68.55,27.36,1,0,68.76,-0.47,3.19,44.58,27.36
478.72,0,,68.57,27.35,1,0,68.66,-0.42,3.27,44.71,27.33
478.84,0,,68.66,27.37,0,1,68.84,-0.18,3.32,45.00,27.52
478.93,0,,68.68,27.43,0,1,68.24,-0.14,3.30,45.02,27.58
479.05,0,,68.52,27.50,1,0,68.15,-0.20,3.35,45.01,27.47
479.14,0,,68.36,27.52,2,-1,68.65,-0.09,3.41,45.18,27.52
479.23,0,,68.42,27.53,2,-1,68.78,0.00,3.41,45.27,27.61
479.32,0,,68.62,27.56,2,-1,68.84,0.10,3.50,45.46,27.62
479.44,0,,68.72,27.61,1,0,68.43,0.29,3.62,45.77,27.69
479.53,0,,68.69,27.67,1,0,68.67,0.38,3.62,45.86,27.78
479.62,0,,68.62,27.73,1,0,68.58,0.40,3.65,45.91,27.77
479.74,0,,68.64,27.76,1,0,68.91,0.45,3.69,46.00,27.78
479.83,0,,68.69,27.79,0,1,68.51,0.49,3.66,46.01,27.85
479.95,0,,68.69,27.82,0,1,68.76,0.56,3.66,46.08,27.92
480.04,0,,68.64,27.86,1,0,68.33,0.58,3.74,46.18,27.86
480.13,0,,68.56,27.87,1,0,68.65,0.55,3.78,46.19,27.79
480.22,0,,68.50,27.85,1,0,68.28,0.62,3.77,46.25,27.87
480.34,0,,68.45,27.84,1,0,68.57,0.64,3.78,46.28,27.88
480.44,0,,68.48,27.86,1,0,68.71,0.70,3.82,46.38,27.90
480.58,0,,68.62,27.90,1,0,68.92,0.89,3.85,46.60,28.06
480.64,0,,68.76,27.98,1,0,68.70,0.98,3.86,46.70,28.14
480.73,0,,68.80,28.07,1,0,68.76,0.95,3.88,46.69,28.09
480.82,0,,68.72,28.10,1,0,68.29,0.87,3.83,46.56,28.06
480.94,0,,68.60,28.08,1,0,68.76,0.73,3.82,46.41,27.93
481.03,0,,68.59,28.00,1,0,68.79,0.69,3.85,46.40,27.86
481.12,0,,68.69,27.92,1,0,68.86,0.70,3.80,46.36,27.92
481.24,0,,68.80,27.89,0,1,68.83,0.62,3.74,46.22,27.90
481.34,0,,68.83,27.87,0,1,68.74,0.46,3.70,46.02,27.78
481.43,0,,68.82,27.83,0,1,68.83,0.33,3.64,45.83,27.71
481.54,0,,68.76,27.76,0,1,68.43,0.22,3.57,45.65,27.67
481.63,0,,68.67,27.69,0,1,68.83,0.15,3.56,45.57,27.61
481.72,0,,68.71,27.64,0,1,69.08,0.20,3.58,45.64,27.64
481.84,0,,68.91,27.62,0,1,69.25,0.16,3.52,45.54,27.66
481.93,0,,69.04,27.61,0,1,68.65,-0.04,3.48,45.30,27.50
482.05,0,,68.95,27.55,0,1,68.66,-0.20,3.46,45.12,27.36
482.14,0,,68.73,27.44,0,1,68.36,-0.33,3.43,44.96,27.26
482.23,0,,68.51,27.32,1,0,68.29,-0.40,3.41,44.87,27.21
482.32,0,,68.37,27.24,2,-1,68.49,-0.42,3.34,44.78,27.26
482.45,0,,68.38,27.21,4,-2,68.55,-0.52,3.31,44.65,27.19
482.53,0,,68.43,27.19,4,-2,68.31,-0.58,3.33,44.61,27.11
482.62,0,,68.41,27.16,4,-2,68.29,-0.53,3.33,44.66,27.16
482.74,0,,68.33,27.13,4,-2,68.18,-0.57,3.38,44.67,27.07
482.83,0,,68.22,27.10,4,-2,68.01,-0.55,3.39,44.70,27.08
482.92,0,,68.16,27.09,4,-2,68.47,-0.43,3.39,44.82,27.20
483.04,0,,68.25,27.12,4,-2,68.48,-0.50,3.40,44.76,27.12
483.14,0,,68.38,27.13,4,-2,68.38,-0.57,3.38,44.67,27.07
483.22,0,,68.46,27.10,2,-1,68.60,-0.56,3.38,44.68,27.08
483.34,0,,68.51,27.08,1,0,68.49,-0.59,3.36,44.63,27.07
483.44,0,,68.53,27.06,0,1,68.54,-0.58,3.37,44.65,27.07
483.55,0,,68.53,27.06,0,1,68.45,-0.51,3.42,44.77,27.09
483.64,0,,68.48,27.07,0,2,68.31,-0.53,3.42,44.75,27.07
483.73,0,,68.39,27.06,0,2,68.23,-0.63,3.39,44.62,27.00
483.82,0,,68.31,27.04,0,1,68.38,-0.62,3.38,44.62,27.02
483.94,0,,68.30,27.03,1,0,68.37,-0.52,3.40,44.74,27.10
484.03,0,,68.36,27.06,2,-1,68.53,-0.42,3.46,44.90,27.14
484.12,0,,68.47,27.11,2,-1,68.78,-0.32,3.49,45.03,27.21
484.24,0,,68.58,27.16,2,-1,68.39,-0.32,3.49,45.03,27.21
484.33,0,,68.61,27.20,0,1,68.76,-0.36,3.45,44.95,27.21
484.42,0,,68.62,27.21,0,1,68.59,-0.36,3.43,44.93,27.23
484.54,0,,68.62,27.22,0,1,68.48,-0.35,3.46,44.97,27.21
484.63,0,,68.55,27.22,0,1,68.39,-0.29,3.49,45.06,27.24
484.73,0,,68.47,27.22,0,1,68.51,-0.24,3.54,45.16,27.24
484.84,0,,68.48,27.22,0,1,68.69,-0.32,3.51,45.05,27.19
484.93,0,,68.60,27.21,0,1,68.91,-0.35,3.44,44.95,27.23
485.05,0,,68.70,27.21,1,0,68.47,-0.35,3.46,44.97,27.21
485.14,0,,68.69,27.20,0,1,68.64,-0.40,3.46,44.92,27.16
485.23,0,,68.60,27.19,0,1,68.36,-0.31,3.45,45.00,27.26
485.32,0,,68.56,27.22,0,1,68.89,-0.21,3.48,45.13,27.33
485.44,0,,68.61,27.26,0,1,68.56,-0.29,3.46,45.03,27.27
485.53,0,,68.66,27.27,0,1,68.75,-0.38,3.45,44.93,27.19
485.63,0,,68.73,27.24,0,1,69.00,-0.38,3.44,44.92,27.20
485.74,0,,68.85,27.21,0,1,68.95,-0.33,3.40,44.93,27.29
485.83,0,,68.88,27.23,0,1,68.48,-0.29,3.42,44.99,27.31
485.92,0,,68.77,27.26,0,1,68.69,-0.29,3.47,45.04,27.26
486.04,0,,68.73,27.28,0,1,69.15,-0.32,3.40,44.94,27.30
486.13,0,,68.78,27.29,0,1,68.41,-0.38,3.33,44.81,27.31
486.22,0,,68.67,27.28,0,1,68.18,-0.44,3.39,44.81,27.19
486.35,0,,68.46,27.25,0,1,68.55,-0.41,3.44,44.89,27.17
486.43,0,,68.44,27.22,2,-1,68.85,-0.25,3.43,45.04,27.34
486.55,0,,68.56,27.26,4,-2,68.47,-0.21,3.42,45.07,27.39
486.64,0,,68.58,27.31,4,-2,68.34,-0.34,3.41,44.93,27.27
486.73,0,,68.52,27.32,2,-1,68.70,-0.33,3.40,44.93,27.29
486.82,0,,68.57,27.32,2,-1,68.82,-0.23,3.38,45.01,27.41
486.94,0,,68.72,27.35,2,-1,69.00,-0.17,3.38,45.07,27.47
487.03,0,,68.82,27.41,1,0,68.48,-0.13,3.39,45.12,27.50
487.13,0,,68.77,27.46,1,0,68.75,-0.21,3.37,45.02,27.44
487.24,0,,68.66,27.45,1,0,68.37,-0.32,3.38,44.92,27.32
487.33,0,,68.53,27.39,1,0,68.41,-0.36,3.36,44.86,27.30
487.42,0,,68.48,27.33,1,0,68.82,-0.37,3.32,44.81,27.33
487.54,0,,68.56,27.32,1,0,68.59,-0.29,3.30,44.87,27.43
487.64,0,,68.67,27.37,1,0,68.90,-0.24,3.33,44.95,27.45
487.72,0,,68.70,27.41,1,0,68.30,-0.32,3.34,44.88,27.36
487.84,0,,68.59,27.39,1,0,68.38,-0.40,3.34,44.80,27.28
487.93,0,,68.47,27.34,1,0,68.61,-0.41,3.34,44.79,27.27
488.05,0,,68.44,27.29,1,0,68.31,-0.39,3.31,44.78,27.32
488.14,0,,68.45,27.29,2,-1,68.63,-0.35,3.32,44.83,27.35
488.23,0,,68.54,27.32,2,-1,68.92,-0.29,3.33,44.90,27.40
488.32,0,,68.74,27.36,2,-1,69.02,-0.32,3.31,44.85,27.39
488.44,0,,68.89,27.38,1,0,68.66,-0.39,3.29,44.76,27.34
488.53,0,,68.81,27.36,1,0,68.35,-0.44,3.31,44.73,27.27
488.62,0,,68.65,27.32,1,0,68.81,-0.44,3.30,44.72,27.28
488.74,0,,68.61,27.30,1,0,68.61,-0.34,3.28,44.80,27.40
488.83,0,,68.61,27.32,0,1,68.55,-0.36,3.31,44.81,27.35
488.92,0,,68.62,27.33,0,1,68.77,-0.45,3.31,44.72,27.26
489.08,0,,68.66,27.32,1,0,68.71,-0.41,3.26,44.71,27.35
489.13,0,,68.67,27.32,1,0,68.45,-0.42,3.26,44.70,27.34
489.22,0,,68.62,27.33,1,0,68.71,-0.38,3.27,44.75,27.37
489.34,0,,68.63,27.37,1,0,68.81,-0.24,3.29,44.91,27.49
489.43,0,,68.68,27.42,1,0,68.57,-0.27,3.32,44.91,27.43
489.55,0,,68.70,27.44,1,0,68.82,-0.36,3.27,44.77,27.39
489.64,0,,68.71,27.42,1,0,68.67,-0.40,3.24,44.70,27.38
489.73,0,,68.74,27.38,1,0,68.85,-0.47,3.26,44.65,27.29
489.82,0,,68.74,27.33,1,0,68.52,-0.46,3.28,44.68,27.28
489.94,0,,68.67,27.30,1,0,68.57,-0.37,3.29,44.78,27.36
490.04,0,,68.55,27.30,1,0,68.24,-0.39,3.28,44.75,27.35
490.13,0,,68.47,27.33,1,0,68.82,-0.44,3.24,44.66,27.34
490.24,0,,68.51,27.34,1,0,68.45,-0.48,3.18,44.56,27.36
490.36,0,,68.57,27.34,1,0,68.66,-0.56,3.20,44.50,27.26
490.42,0,,68.60,27.31,1,0,68.65,-0.51,3.25,44.60,27.26
490.55,0,,68.58,27.28,1,0,68.18,-0.43,3.25,44.68,27.34
490.63,0,,68.48,27.29,2,-1,68.61,-0.48,3.22,44.60,27.32
490.72,0,,68.50,27.31,1,0,68.86,-0.49,3.21,44.58,27.32
490.88,0,,68.63,27.32,1,0,68.65,-0.47,3.19,44.58,27.36
490.93,0,,68.72,27.33,1,0,68.72,-0.55,3.18,44.49,27.29
491.05,0,,68.67,27.32,1,0,68.24,-0.53,3.20,44.53,27.29
491.14,0,,68.56,27.31,1,0,68.74,-0.41,3.22,44.67,27.39
491.23,0,,68.54,27.33,1,0,68.58,-0.44,3.19,44.61,27.39
491.32,0,,68.58,27.36,1,0,68.59,-0.53,3.19,44.52,27.30
491.44,0,,68.56,27.34,1,0,68.35,-0.55,3.22,44.53,27.25
491.54,0,,68.45,27.29,1,0,68.09,-0.55,3.22,44.53,27.25
491.62,0,,68.35,27.26,1,0,68.75,-0.48,3.22,44.60,27.32
491.74,0,,68.47,27.30,2,-1,68.92,-0.33,3.18,44.71,27.51
491.84,0,,68.68,27.38,1,0,68.60,-0.40,3.19,44.65,27.43
491.93,0,,68.72,27.41,1,0,68.49,-0.57,3.26,44.55,27.19
492.04,0,,68.64,27.34,1,0,68.59,-0.55,3.24,44.55,27.23
492.14,0,,68.55,27.26,1,0,68.42,-0.51,3.22,44.57,27.29
492.22,0,,68.56,27.25,1,0,68.98,-0.48,3.22,44.60,27.32
492.38,0,,68.65,27.28,1,0,68.58,-0.46,3.21,44.61,27.35
492.43,0,,68.71,27.31,1,0,68.75,-0.54,3.23,44.55,27.25
492.55,0,,68.67,27.30,1,0,68.32,-0.57,3.17,44.46,27.28
492.68,0,,68.58,27.28,1,0,68.68,-0.59,3.14,44.41,27.29
492.73,0,,68.57,27.26,1,0,68.74,-0.66,3.20,44.40,27.16
492.82,0,,68.55,27.22,1,0,68.00,-0.62,3.22,44.46,27.18
493.06,0,,68.43,27.19,1,0,68.59,-0.56,3.21,44.51,27.25
493.07,0,,68.44,27.20,1,0,68.91,-0.61,3.19,44.44,27.22
493.12,0,,68.60,27.21,1,0,68.55,-0.64,3.17,44.39,27.21
493.30,0,,68.65,27.21,1,0,68.41,-0.65,3.18,44.39,27.19
493.36,0,,68.55,27.20,1,0,68.38,-0.63,3.19,44.42,27.20
493.42,0,,68.44,27.21,2,-1,68.38,-0.53,3.20,44.53,27.29
493.54,0,,68.43,27.23,2,-1,68.80,-0.54,3.23,44.55,27.25
493.63,0,,68.55,27.24,1,0,68.67,-0.60,3.21,44.47,27.21
493.73,0,,68.66,27.24,2,-1,68.61,-0.59,3.19,44.46,27.24
493.84,0,,68.69,27.23,1,0,68.79,-0.62,3.18,44.42,27.22
493.94,0,,68.68,27.22,1,0,68.39,-0.60,3.20,44.46,27.22
494.05,0,,68.58,27.23,1,0,68.44,-0.51,3.23,44.58,27.28
494.14,0,,68.50,27.25,1,0,68.64,-0.51,3.18,44.53,27.33
494.23,0,,68.51,27.29,1,0,68.51,-0.56,3.15,44.45,27.31
494.32,0,,68.50,27.30,1,0,68.33,-0.58,3.22,44.50,27.22
494.44,0,,68.46,27.27,1,0,68.50,-0.60,3.23,44.49,27.19
494.54,0,,68.46,27.22,1,0,68.64,-0.57,3.23,44.52,27.22
494.62,0,,68.54,27.20,1,0,68.62,-0.52,3.26,44.60,27.24
494.74,0,,68.63,27.22,1,0,68.79,-0.53,3.21,44.54,27.28
494.83,0,,68.69,27.24,1,0,68.59,-0.58,3.20,44.48,27.24
494.92,0,,68.66,27.24,1,0,68.42,-0.62,3.22,44.46,27.18
495.05,0,,68.59,27.22,1,0,68.74,-0.60,3.22,44.48,27.20
495.14,0,,68.56,27.20,1,0,68.39,-0.56,3.22,44.52,27.24
495.23,0,,68.52,27.21,1,0,68.46,-0.50,3.24,44.60,27.28
495.35,0,,68.47,27.24,1,0,68.47,-0.52,3.24,44.58,27.26
495.43,0,,68.45,27.25,1,0,68.42,-0.57,3.25,44.54,27.20
495.55,0,,68.45,27.23,1,0,68.57,-0.55,3.26,44.57,27.21
495.64,0,,68.51,27.22,1,0,68.65,-0.54,3.23,44.55,27.25
495.73,0,,68.54,27.22,1,0,68.31,-0.50,3.24,44.60,27.28
495.82,0,,68.51,27.26,1,0,68.56,-0.41,3.23,44.68,27.38
495.95,0,,68.49,27.32,1,0,68.53,-0.40,3.20,44.66,27.42
496.03,0,,68.45,27.37,1,0,68.04,-0.48,3.25,44.63,27.29
496.12,0,,68.34,27.35,1,0,68.45,-0.50,3.25,44.61,27.27
496.24,0,,68.31,27.31,1,0,68.39,-0.47,3.20,44.59,27.35
496.33,0,,68.36,27.31,1,0,68.43,-0.46,3.26,44.66,27.30
496.42,0,,68.39,27.32,2,-1,68.32,-0.36,3.27,44.77,27.39
496.55,0,,68.38,27.35,2,-1,68.40,-0.33,3.27,44.80,27.42
496.64,0,,68.36,27.38,2,-1,68.23,-0.40,3.29,44.75,27.33
496.73,0,,68.33,27.38,2,-1,68.45,-0.37,3.27,44.76,27.38
496.84,0,,68.33,27.36,2,-1,68.26,-0.44,3.27,44.69,27.31
496.93,0,,68.37,27.34,2,-1,68.66,-0.46,3.27,44.67,27.29
497.05,0,,68.47,27.32,2,-1,68.54,-0.32,3.28,44.82,27.42
497.14,0,,68.60,27.34,2,-1,68.95,-0.37,3.28,44.77,27.37
497.29,0,,68.68,27.35,0,1,68.32,-0.47,3.26,44.65,27.29
497.32,0,,68.57,27.32,0,1,68.11,-0.54,3.29,44.61,27.19
497.45,0,,68.37,27.25,0,1,68.44,-0.62,3.28,44.52,27.12
497.53,0,,68.28,27.17,1,0,68.23,-0.62,3.25,44.49,27.15
497.63,0,,68.27,27.14,1,0,68.34,-0.55,3.29,44.60,27.18
497.74,0,,68.32,27.14,1,0,68.55,-0.56,3.29,44.59,27.17
497.83,0,,68.46,27.16,1,0,68.80,-0.60,3.26,44.52,27.16
497.92,0,,68.60,27.16,1,0,68.49,-0.57,3.25,44.54,27.20
498.04,0,,68.65,27.17,1,0,68.70,-0.61,3.26,44.51,27.15
498.13,0,,68.62,27.16,1,0,68.35,-0.60,3.27,44.53,27.15
498.23,0,,68.51,27.16,0,1,68.31,-0.50,3.29,44.65,27.23
498.38,0,,68.36,27.17,0,1,68.16,-0.58,3.29,44.57,27.15
498.44,0,,68.25,27.16,1,0,68.25,-0.66,3.24,44.44,27.12
498.56,0,,68.21,27.14,1,0,68.31,-0.62,3.25,44.49,27.15
498.64,0,,68.27,27.13,1,0,68.48,-0.60,3.28,44.54,27.14
498.74,0,,68.37,27.14,1,0,68.44,-0.51,3.29,44.64,27.22
498.82,0,,68.48,27.18,1,0,68.74,-0.44,3.29,44.71,27.29
498.94,0,,68.56,27.22,1,0,68.39,-0.53,3.29,44.62,27.20
499.04,0,,68.53,27.22,1,0,68.30,-0.61,3.29,44.54,27.12
499.12,0,,68.40,27.18,1,0,68.21,-0.63,3.25,44.48,27.14
499.24,0,,68.32,27.14,1,0,68.53,-0.66,3.25,44.45,27.11
499.33,0,,68.32,27.12,1,0,68.20,-0.62,3.28,44.52,27.12
499.42,0,,68.33,27.12,1,0,68.41,-0.57,3.25,44.54,27.20
499.55,0,,68.32,27.14,1,0,68.18,-0.69,3.23,44.40,27.10
499.63,0,,68.29,27.12,1,0,68.31,-0.79,3.24,44.31,26.99
499.73,0,,68.28,27.06,1,0,68.36,-0.76,3.26,44.36,27.00
499.84,0,,68.35,27.01,1,0,68.61,-0.76,3.27,44.37,26.99
499.94,0,,68.43,26.99,1,0,68.31,-0.70,3.28,44.44,27.04
500.05,0,,68.41,27.00,1,0,68.15,-0.67,3.29,44.48,27.06
500.14,0,,68.30,27.02,1,0,68.26,-0.74,3.28,44.40,27.00
500.23,0,,68.24,27.01,1,0,68.30,-0.77,3.29,44.38,26.96
500.33,0,,68.20,26.99,1,0,67.87,-0.77,3.29,44.38,26.96
500.45,0,,68.11,26.96,2,-1,68.17,-0.81,3.28,44.33,26.93
500.54,0,,68.13,26.94,2,-1,68.57,-0.75,3.29,44.40,26.98
500.63,0,,68.34,26.96,2,-1,68.76,-0.71,3.25,44.40,27.06
500.74,0,,68.57,26.99,2,-1,68.58,-0.80,3.27,44.33,26.95
500.84,0,,68.65,26.97,0,1,68.53,-0.87,3.28,44.27,26.87
500.92,0,,68.58,26.93,0,2,68.24,-0.82,3.25,44.29,26.95
501.04,0,,68.45,26.91,0,2,68.46,-0.76,3.35,44.45,26.91
501.14,0,,68.39,26.92,1,0,68.49,-0.68,3.38,44.56,26.96
501.22,0,,68.46,26.95,0,2,68.77,-0.63,3.30,44.53,27.09
501.37,0,,68.56,27.00,0,2,68.39,-0.71,3.32,44.47,26.99
501.43,0,,68.48,27.00,0,1,67.91,-0.81,3.33,44.38,26.88
501.55,0,,68.26,26.95,1,0,68.19,-0.79,3.32,44.39,26.91
501.64,0,,68.15,26.92,1,0,68.31,-0.71,3.33,44.48,26.98
501.73,0,,68.20,26.93,4,-2,68.40,-0.73,3.30,44.43,26.99
501.82,0,,68.28,26.95,4,-2,68.23,-0.83,3.30,44.33,26.89
501.94,0,,68.27,26.93,2,-1,67.96,-0.87,3.31,44.30,26.84
502.06,0,,68.19,26.88,2,-1,68.39,-0.83,3.31,44.34,26.88
502.12,0,,68.26,26.87,4,-2,68.65,-0.75,3.34,44.45,26.93
502.24,0,,68.42,26.89,2,-1,68.48,-0.69,3.35,44.52,26.98
502.33,0,,68.51,26.92,1,0,68.43,-0.75,3.38,44.49,26.89
502.42,0,,68.50,26.92,1,0,68.45,-0.77,3.37,44.46,26.88
502.54,0,,68.48,26.91,0,2,68.55,-0.78,3.30,44.38,26.94
502.63,0,,68.44,26.89,0,1,68.07,-0.85,3.36,44.37,26.81
502.72,0,,68.32,26.86,0,1,68.25,-0.82,3.39,44.43,26.81
502.87,0,,68.22,26.83,0,1,68.17,-0.77,3.33,44.42,26.92
502.93,0,,68.18,26.85,2,-1,68.19,-0.81,3.34,44.39,26.87
503.05,0,,68.14,26.86,2,-1,67.95,-0.83,3.34,44.37,26.85
503.14,0,,68.09,26.86,2,-1,68.18,-0.88,3.32,44.30,26.82
503.23,0,,68.05,26.83,4,-2,67.82,-0.97,3.33,44.22,26.72
503.33,0,,68.01,26.78,4,-2,68.20,-0.90,3.32,44.28,26.80
503.45,0,,68.09,26.77,4,-2,68.48,-0.82,3.34,44.38,26.86
503.54,0,,68.26,26.79,2,-1,68.31,-0.89,3.36,44.33,26.77
503.63,0,,68.35,26.79,1,0,68.31,-0.96,3.35,44.25,26.71
503.74,0,,68.38,26.76,1,0,68.50,-0.96,3.31,44.21,26.75
503.84,0,,68.37,26.74,1,0,68.05,-0.95,3.30,44.21,26.77
503.92,0,,68.30,26.74,0,2,68.39,-0.92,3.33,44.27,26.77
504.05,0,,68.32,26.77,0,2,68.64,-0.88,3.30,44.28,26.84
504.14,0,,68.39,26.79,0,2,68.12,-1.00,3.26,44.12,26.76
504.23,0,,68.40,26.77,0,2,68.60,-1.11,3.28,44.03,26.63
504.35,0,,68.39,26.70,0,1,68.20,-1.14,3.28,44.00,26.60
504.46,0,,68.38,26.62,0,1,68.46,-1.20,3.28,43.94,26.54
504.55,0,,68.34,26.57,0,1,68.14,-1.13,3.28,44.01,26.61
504.64,0,,68.25,26.57,0,1,67.99,-1.08,3.28,44.06,26.66
504.80,0,,68.10,26.60,2,-1,67.94,-1.17,3.30,43.99,26.55
504.82,0,,68.04,26.59,2,-1,68.34,-1.19,3.29,43.96,26.54
504.94,0,,68.09,26.56,4,-2,68.04,-1.21,3.25,43.90,26.56
505.04,0,,68.13,26.55,4,-2,68.19,-1.24,3.25,43.87,26.53
505.13,0,,68.19,26.54,4,-2,68.47,-1.17,3.27,43.96,26.58
505.24,0,,68.30,26.55,2,-1,68.33,-1.19,3.26,43.93,26.57
505.33,0,,68.34,26.55,1,0,68.16,-1.29,3.23,43.80,26.50
505.42,0,,68.26,26.54,1,0,68.04,-1.28,3.23,43.81,26.51
505.55,0,,68.20,26.51,1,0,68.53,-1.31,3.25,43.80,26.46
505.64,0,,68.26,26.49,1,0,68.24,-1.28,3.23,43.81,26.51
505.73,0,,68.29,26.50,0,1,68.13,-1.15,3.27,43.98,26.60
505.85,0,,68.27,26.53,0,1,68.46,-1.19,3.30,43.97,26.53
505.94,0,,68.29,26.55,0,1,68.26,-1.22,3.25,43.89,26.55
506.05,0,,68.34,26.54,1,0,68.51,-1.22,3.27,43.91,26.53
506.14,0,,68.35,26.53,1,0,68.03,-1.27,3.29,43.88,26.46
506.23,0,,68.26,26.51,1,0,68.13,-1.21,3.27,43.92,26.54
506.33,0,,68.15,26.51,1,0,68.11,-1.15,3.26,43.97,26.61
506.45,0,,68.15,26.54,1,0,68.49,-1.26,3.25,43.85,26.51
506.57,0,,68.27,26.54,1,0,68.45,-1.31,3.24,43.79,26.47
506.63,0,,68.44,26.51,1,0,68.69,-1.28,3.20,43.78,26.54
506.74,0,,68.52,26.51,1,0,68.24,-1.32,3.17,43.71,26.53
506.86,0,,68.45,26.52,0,1,68.20,-1.29,3.19,43.76,26.54
506.92,0,,68.36,26.54,0,1,68.59,-1.17,3.18,43.87,26.67
507.05,0,,68.42,26.59,0,1,68.78,-1.19,3.17,43.84,26.66
507.14,0,,68.54,26.62,0,1,68.29,-1.29,3.20,43.77,26.53
507.23,0,,68.51,26.60,0,2,68.32,-1.29,3.19,43.76,26.54
507.35,0,,68.36,26.56,0,1,68.04,-1.26,3.18,43.78,26.58
507.43,0,,68.21,26.56,0,1,68.23,-1.20,3.21,43.87,26.61
507.55,0,,68.15,26.58,1,0,68.19,-1.12,3.22,43.96,26.68
507.64,0,,68.19,26.62,4,-2,68.43,-1.19,3.21,43.88,26.62
507.74,0,,68.33,26.63,2,-1,68.66,-1.26,3.14,43.74,26.62
507.83,0,,68.50,26.62,1,0,68.56,-1.28,3.14,43.72,26.60
507.95,0,,68.55,26.61,1,0,68.24,-1.26,3.15,43.75,26.61
508.04,0,,68.41,26.62,1,0,68.01,-1.12,3.17,43.91,26.73
508.13,0,,68.21,26.66,1,0,68.14,-1.09,3.20,43.97,26.73
508.24,0,,68.13,26.70,1,0,68.40,-1.17,3.15,43.84,26.70
508.33,0,,68.16,26.70,1,0,67.98,-1.22,3.19,43.83,26.61
508.42,0,,68.17,26.66,1,0,68.30,-1.23,3.20,43.83,26.59
508.55,0,,68.23,26.63,1,0,68.53,-1.13,3.14,43.87,26.75
508.64,0,,68.35,26.66,1,0,68.37,-1.06,3.20,44.00,26.76
508.72,0,,68.34,26.71,2,-1,67.85,-1.16,3.21,43.91,26.65
508.85,0,,68.20,26.70,1,0,68.22,-1.22,3.16,43.80,26.64
508.93,0,,68.14,26.67,1,0,68.36,-1.23,3.11,43.74,26.68
509.05,0,,68.23,26.66,1,0,68.43,-1.31,3.05,43.60,26.66
509.14,0,,68.31,26.66,1,0,68.15,-1.27,3.09,43.68,26.66
509.24,0,,68.36,26.66,1,0,68.68,-1.15,3.17,43.88,26.70
509.33,0,,68.44,26.68,1,0,68.45,-1.16,3.14,43.84,26.72
509.45,0,,68.46,26.69,1,0,68.19,-1.24,3.10,43.72,26.68
509.56,0,,68.37,26.69,0,1,68.26,-1.28,3.12,43.70,26.62
509.63,0,,68.29,26.67,0,1,68.32,-1.25,3.07,43.68,26.70
509.75,0,,68.30,26.68,0,1,68.53,-1.17,3.02,43.71,26.83
509.84,0,,68.36,26.74,1,0,68.29,-1.12,3.11,43.85,26.79
509.92,0,,68.39,26.77,1,0,68.46,-1.19,3.13,43.80,26.70
510.05,0,,68.37,26.75,1,0,68.11,-1.28,3.08,43.66,26.66
510.14,0,,68.33,26.70,1,0,68.58,-1.29,3.06,43.63,26.67
510.23,0,,68.35,26.68,1,0,68.28,-1.24,3.02,43.64,26.76
510.35,0,,68.40,26.71,1,0,68.62,-1.13,3.06,43.79,26.83
510.46,0,,68.44,26.77,1,0,68.28,-1.09,3.10,43.87,26.83
510.55,0,,68.44,26.81,0,1,68.46,-1.20,3.07,43.73,26.75
510.65,0,,68.41,26.80,0,1,68.36,-1.22,3.04,43.68,26.76
510.73,0,,68.41,26.77,1,0,68.49,-1.21,3.06,43.71,26.75
510.83,0,,68.42,26.75,1,0,68.40,-1.18,3.09,43.77,26.75
510.95,0,,68.44,26.75,0,1,68.56,-1.09,3.10,43.87,26.83
511.04,0,,68.47,26.77,0,1,68.39,-1.15,3.09,43.80,26.78
511.13,0,,68.45,26.78,0,1,68.36,-1.26,3.08,43.68,26.68
511.24,0,,68.38,26.73,0,1,68.16,-1.31,3.06,43.61,26.65
511.34,0,,68.25,26.68,0,1,67.98,-1.36,3.05,43.55,26.61
511.42,0,,68.11,26.63,2,-1,68.12,-1.33,3.06,43.59,26.63
511.55,0,,68.07,26.63,4,-2,68.19,-1.22,3.06,43.70,26.74
511.64,0,,68.11,26.67,4,-2,68.15,-1.27,3.04,43.63,26.71
511.73,0,,68.13,26.69,4,-2,68.00,-1.37,3.03,43.52,26.62
511.85,0,,68.19,26.68,4,-2,68.78,-1.29,3.03,43.60,26.70
511.93,0,,68.40,26.68,2,-1,68.66,-1.24,3.01,43.63,26.77
512.05,0,,68.56,26.72,1,0,68.34,-1.24,3.02,43.64,26.76
512.15,0,,68.48,26.75,1,0,67.93,-1.20,3.04,43.70,26.78
512.29,0,,68.29,26.76,0,2,68.48,-1.25,3.06,43.67,26.71
512.32,0,,68.24,26.75,0,1,68.29,-1.26,3.03,43.63,26.73
512.45,0,,68.23,26.73,0,1,67.92,-1.27,3.01,43.60,26.74
512.53,0,,68.14,26.72,0,1,68.12,-1.30,3.02,43.58,26.70
512.62,0,,68.13,26.72,2,-1,68.52,-1.24,3.01,43.63,26.77
512.74,0,,68.27,26.73,1,0,68.44,-1.25,3.05,43.66,26.72
512.84,0,,68.35,26.72,2,-1,68.04,-1.32,3.04,43.58,26.66
512.92,0,,68.35,26.70,1,0,68.72,-1.34,3.00,43.52,26.68
513.04,0,,68.37,26.67,1,0,68.05,-1.36,3.02,43.52,26.64
513.14,0,,68.35,26.65,1,0,68.45,-1.34,3.06,43.58,26.62
513.22,0,,68.35,26.63,1,0,68.48,-1.25,3.07,43.68,26.70
513.34,0,,68.42,26.67,0,1,68.52,-1.20,3.01,43.67,26.81
513.43,0,,68.42,26.72,0,1,68.01,-1.28,3.01,43.59,26.73
513.55,0,,68.36,26.74,0,1,68.68,-1.35,3.03,43.54,26.64
513.65,0,,68.40,26.70,1,0,68.46,-1.35,3.01,43.52,26.66
513.73,0,,68.44,26.66,1,0,68.22,-1.32,3.04,43.58,26.66
513.83,0,,68.40,26.66,0,1,68.46,-1.26,3.04,43.64,26.72
513.95,0,,68.36,26.67,1,0,68.24,-1.33,3.03,43.56,26.66
514.03,0,,68.35,26.67,0,1,68.47,-1.43,3.01,43.44,26.58
514.13,0,,68.36,26.64,0,1,68.32,-1.43,2.97,43.40,26.62
514.24,0,,68.39,26.60,0,1,68.50,-1.47,3.01,43.40,26.54
514.34,0,,68.37,26.57,0,1,68.04,-1.43,3.04,43.47,26.55
514.42,0,,68.32,26.56,1,0,68.59,-1.38,3.03,43.51,26.61
514.54,0,,68.35,26.58,1,0,68.34,-1.41,2.99,43.44,26.62
514.64,0,,68.35,26.60,1,0,68.10,-1.45,2.97,43.38,26.60
514.72,0,,68.30,26.60,1,0,68.50,-1.48,2.98,43.36,26.56
514.84,0,,68.31,26.59,1,0,68.23,-1.41,2.96,43.41,26.65
514.93,0,,68.29,26.61,1,0,68.09,-1.34,2.98,43.50,26.70
515.05,0,,68.22,26.64,1,0,68.28,-1.40,2.98,43.44,26.64
515.15,0,,68.26,26.65,1,0,68.68,-1.44,2.93,43.35,26.65
515.23,0,,68.36,26.64,1,0,68.12,-1.47,2.96,43.35,26.59
515.33,0,,68.38,26.61,1,0,68.44,-1.50,2.99,43.35,26.53
515.45,0,,68.33,26.57,1,0,68.12,-1.47,2.99,43.38,26.56
515.53,0,,68.29,26.55,1,0,68.43,-1.37,3.03,43.52,26.62
515.63,0,,68.27,26.58,1,0,68.09,-1.32,3.01,43.55,26.69
515.74,0,,68.19,26.63,1,0,67.93,-1.41,2.95,43.40,26.66
515.84,0,,68.12,26.66,1,0,68.43,-1.40,2.98,43.44,26.64
515.92,0,,68.23,26.66,1,0,68.65,-1.36,3.01,43.51,26.65
516.04,0,,68.41,26.65,1,0,68.35,-1.37,3.03,43.52,26.62
516.14,0,,68.47,26.64,1,0,68.34,-1.34,3.03,43.55,26.65
516.22,0,,68.39,26.63,1,0,68.12,-1.41,2.96,43.41,26.65
516.34,0,,68.24,26.63,1,0,68.02,-1.47,2.93,43.32,26.62
516.47,0,,68.14,26.62,1,0,68.32,-1.50,2.98,43.34,26.54
516.55,0,,68.15,26.59,1,0,68.23,-1.48,2.95,43.33,26.59
516.65,0,,68.17,26.58,1,0,67.95,-1.40,2.96,43.42,26.66
516.79,0,,68.16,26.59,1,0,68.42,-1.46,3.04,43.44,26.52
516.82,0,,68.17,26.58,1,0,67.99,-1.49,2.94,43.31,26.59
516.95,0,,68.18,26.58,1,0,68.31,-1.46,2.91,43.31,26.65
517.04,0,,68.16,26.60,2,-1,67.96,-1.44,2.96,43.38,26.62
517.13,0,,68.12,26.63,2,-1,68.12,-1.40,2.93,43.39,26.69
517.24,0,,68.12,26.66,2,-1,68.35,-1.37,2.97,43.46,26.68
517.33,0,,68.25,26.69,1,0,68.64,-1.27,2.95,43.54,26.80
517.42,0,,68.39,26.73,1,0,68.22,-1.35,2.94,43.45,26.73
517.54,0,,68.42,26.73,1,0,68.36,-1.49,2.92,43.29,26.61
517.64,0,,68.34,26.70,1,0,68.11,-1.44,2.86,43.28,26.72
517.73,0,,68.30,26.67,0,1,68.57,-1.42,2.95,43.39,26.65
517.84,0,,68.32,26.67,0,1,68.25,-1.32,2.94,43.48,26.76
517.93,0,,68.39,26.71,0,1,68.67,-1.26,2.91,43.51,26.85
518.05,0,,68.44,26.77,0,1,68.21,-1.35,2.94,43.45,26.73
518.15,0,,68.38,26.77,0,1,68.12,-1.40,2.93,43.39,26.69
518.24,0,,68.24,26.72,1,0,68.13,-1.42,2.97,43.41,26.63
518.33,0,,68.20,26.70,1,0,68.57,-1.20,2.94,43.60,26.88
518.45,0,,68.28,26.78,1,0,68.25,-0.99,2.99,43.86,27.04
518.53,0,,68.34,26.89,1,0,68.32,-0.99,3.14,44.01,26.89
518.63,0,,68.31,26.95,1,0,68.15,-0.94,3.14,44.06,26.94
518.75,0,,68.27,26.96,2,-1,68.38,-0.79,3.16,44.23,27.07
518.84,0,,68.28,27.02,2,-1,68.33,-0.59,3.22,44.49,27.21
518.92,0,,68.30,27.13,2,-1,68.21,-0.44,3.27,44.69,27.31
519.07,0,,68.33,27.24,1,0,68.64,-0.31,3.33,44.88,27.38
519.14,0,,68.47,27.35,1,0,68.79,-0.17,3.37,45.06,27.48
519.22,0,,68.60,27.43,0,1,68.37,-0.12,3.45,45.19,27.45
519.34,0,,68.63,27.47,0,2,68.83,-0.02,3.52,45.36,27.48
519.44,0,,68.62,27.50,0,2,68.36,0.14,3.54,45.54,27.62
519.55,0,,68.58,27.56,0,2,68.65,0.26,3.60,45.72,27.68
519.65,0,,68.55,27.63,0,2,68.46,0.32,3.63,45.81,27.71
519.74,0,,68.54,27.69,0,2,68.61,0.36,3.61,45.83,27.77
519.83,0,,68.59,27.74,0,1,68.87,0.41,3.67,45.94,27.76
519.95,0,,68.67,27.75,0,1,68.51,0.37,3.72,45.95,27.67
520.07,0,,68.69,27.73,0,1,68.77,0.44,3.73,46.03,27.73
520.13,0,,68.72,27.73,0,1,68.92,0.56,3.71,46.13,27.87
520.24,0,,68.78,27.79,0,1,68.62,0.53,3.66,46.05,27.89
520.36,0,,68.76,27.86,0,1,68.70,0.57,3.63,46.06,27.96
520.42,0,,68.72,27.92,0,1,68.75,0.62,3.67,46.15,27.97
520.54,0,,68.69,27.95,0,1,68.52,0.70,3.80,46.36,27.92
520.64,0,,68.70,27.97,0,1,69.14,0.90,3.86,46.62,28.06
520.72,0,,68.84,28.01,0,1,69.02,1.08,3.91,46.85,28.19
520.84,0,,68.97,28.10,0,1,68.85,1.20,4.03,47.09,28.19
520.93,0,,68.94,28.15,0,1,68.68,1.08,4.06,47.00,28.04
521.05,0,,68.81,28.08,0,1,68.59,0.73,4.04,46.63,27.71
521.15,0,,68.66,27.87,0,1,68.52,0.53,4.11,46.50,27.44
521.23,0,,68.56,27.62,0,1,68.54,0.64,4.20,46.70,27.46
521.33,0,,68.50,27.48,2,-1,68.42,0.87,4.28,47.01,27.61
521.47,0,,68.52,27.50,2,-1,68.89,0.93,4.23,47.02,27.72
521.53,0,,68.60,27.61,4,-2,68.46,0.71,3.98,46.55,27.75
521.63,0,,68.66,27.71,4,-2,68.90,0.76,4.02,46.64,27.76
521.80,0,,68.75,27.79,2,-1,68.96,1.18,4.21,47.25,27.99
521.83,0,,68.91,27.91,1,0,69.23,1.22,4.08,47.16,28.16
521.92,0,,69.05,28.04,0,1,68.95,1.08,3.97,46.91,28.13
522.04,0,,69.04,28.12,0,2,68.69,1.08,4.03,46.97,28.07
522.14,0,,68.91,28.11,0,2,68.88,1.00,4.02,46.88,28.00
522.22,0,,68.82,28.07,0,2,68.76,1.11,4.04,47.01,28.09
522.35,0,,68.80,28.08,0,1,68.93,1.45,4.17,47.48,28.30
522.43,0,,68.84,28.17,0,1,68.89,1.50,4.20,47.56,28.32
522.55,0,,68.93,28.26,0,1,69.26,1.40,4.19,47.45,28.23
522.65,0,,69.00,28.28,1,0,68.63,1.41,4.23,47.50,28.20
522.73,0,,68.99,28.23,0,1,69.28,1.33,4.25,47.44,28.10
522.83,0,,68.99,28.17,0,1,68.78,1.40,4.28,47.54,28.14
522.95,0,,68.96,28.14,0,1,68.89,1.54,4.31,47.71,28.25
523.03,0,,68.85,28.17,0,1,68.52,1.49,4.30,47.65,28.21
523.13,0,,68.74,28.20,1,0,68.85,1.43,4.28,47.57,28.17
523.25,0,,68.72,28.19,2,-1,68.81,1.37,4.26,47.49,28.13
523.34,0,,68.79,28.17,2,-1,68.99,1.45,4.26,47.57,28.21
523.42,0,,68.80,28.19,2,-1,68.33,1.60,4.27,47.73,28.35
523.55,0,,68.72,28.24,2,-1,68.93,1.53,4.32,47.71,28.23
523.64,0,,68.72,28.25,1,0,68.88,1.47,4.33,47.66,28.16
523.72,0,,68.81,28.21,1,0,68.87,1.43,4.32,47.61,28.13
523.84,0,,68.87,28.16,1,0,68.94,1.40,4.32,47.58,28.10
523.93,0,,68.89,28.13,0,1,68.73,1.53,4.31,47.70,28.24
524.05,0,,68.91,28.17,1,0,69.24,1.62,4.36,47.84,28.28
524.15,0,,68.96,28.22,1,0,68.81,1.56,4.39,47.81,28.19
524.23,0,,68.99,28.23,0,1,69.04,1.54,4.35,47.75,28.21
524.33,0,,68.95,28.21,0,1,68.74,1.56,4.39,47.81,28.19
524.45,0,,68.84,28.19,0,1,68.49,1.55,4.41,47.82,28.16
524.54,0,,68.69,28.18,1,0,68.74,1.62,4.41,47.89,28.23
524.63,0,,68.65,28.20,1,0,68.77,1.67,4.44,47.97,28.25
524.81,0,,68.67,28.22,1,0,68.60,1.63,4.41,47.90,28.24
524.84,0,,68.70,28.25,1,0,68.87,1.66,4.37,47.89,28.31
524.92,0,,68.77,28.28,2,-1,68.92,1.67,4.38,47.91,28.31
525.04,0,,68.83,28.30,2,-1,68.74,1.69,4.41,47.96,28.30
525.14,0,,68.80,28.30,2,-1,68.58,1.69,4.44,47.99,28.27
525.22,0,,68.73,28.27,2,-1,68.78,1.64,4.50,48.00,28.16
525.34,0,,68.71,28.22,2,-1,68.79,1.68,4.50,48.04,28.20
525.43,0,,68.76,28.21,1,0,68.90,1.74,4.43,48.03,28.33
525.55,0,,68.86,28.25,1,0,69.09,1.76,4.43,48.05,28.35
525.65,0,,68.95,28.30,0,1,68.85,1.74,4.51,48.11,28.25
525.73,0,,68.96,28.30,0,1,68.87,1.74,4.49,48.09,28.27
525.83,0,,68.94,28.29,0,1,69.06,1.77,4.43,48.06,28.36
525.94,0,,68.93,28.30,0,1,68.77,1.71,4.47,48.04,28.26
526.03,0,,68.86,28.28,0,1,68.59,1.66,4.52,48.04,28.16
526.13,0,,68.77,28.23,1,0,68.97,1.69,4.50,48.05,28.21
526.24,0,,68.79,28.21,1,0,68.84,1.77,4.51,48.14,28.28
526.34,0,,68.77,28.23,0,1,68.30,1.78,4.55,48.19,28.25
526.42,0,,68.65,28.24,2,-1,68.78,1.71,4.52,48.09,28.21
526.55,0,,68.62,28.24,4,-2,68.75,1.72,4.50,48.08,28.24
526.64,0,,68.60,28.22,4,-2,68.10,1.75,4.58,48.19,28.19
526.72,0,,68.51,28.21,4,-2,68.80,1.81,4.64,48.31,28.19
526.84,0,,68.52,28.20,4,-2,68.57,1.87,4.62,48.35,28.27
526.93,0,,68.62,28.22,4,-2,68.88,1.83,4.63,48.32,28.22
527.05,0,,68.74,28.23,2,-1,68.84,1.83,4.60,48.29,28.25
527.15,0,,68.79,28.24,2,-1,68.53,1.80,4.57,48.23,28.25
527.23,0,,68.76,28.24,1,0,68.90,1.78,4.59,48.23,28.21
527.33,0,,68.82,28.24,1,0,69.20,1.89,4.55,48.30,28.36
527.45,0,,68.95,28.28,0,2,68.85,1.86,4.56,48.28,28.32
527.53,0,,68.94,28.29,0,2,68.60,1.76,4.61,48.23,28.17
527.63,0,,68.81,28.25,0,2,68.70,1.76,4.59,48.21,28.19
527.74,0,,68.70,28.22,0,1,68.72,1.84,4.55,48.25,28.31
527.84,0,,68.61,28.23,1,0,68.18,1.90,4.65,48.41,28.27
527.92,0,,68.49,28.26,1,0,68.68,1.91,4.69,48.46,28.24
528.04,0,,68.50,28.27,1,0,68.74,1.92,4.59,48.37,28.35
528.14,0,,68.57,28.28,4,-2,68.31,1.87,4.65,48.38,28.24
528.22,0,,68.57,28.26,4,-2,68.77,1.86,4.72,48.44,28.16
528.34,0,,68.58,28.24,4,-2,68.56,1.98,4.65,48.49,28.35
528.43,0,,68.56,28.27,2,-1,68.27,2.03,4.65,48.54,28.40
528.55,0,,68.49,28.34,2,-1,68.63,2.02,4.67,48.55,28.37
528.65,0,,68.44,28.37,2,-1,68.20,2.01,4.65,48.52,28.38
528.73,0,,68.42,28.38,2,-1,68.72,1.96,4.62,48.44,28.36
528.83,0,,68.55,28.38,2,-1,69.07,2.05,4.66,48.57,28.41
528.95,0,,68.76,28.39,2,-1,68.62,2.18,4.75,48.79,28.45
529.03,0,,68.82,28.42,0,1,68.78,2.17,4.74,48.77,28.45
529.13,0,,68.86,28.46,0,1,69.27,2.18,4.63,48.67,28.57
529.25,0,,69.01,28.50,0,2,69.16,2.15,4.67,48.68,28.50
529.34,0,,69.07,28.51,0,2,68.63,2.10,4.70,48.66,28.42
529.42,0,,68.95,28.49,0,2,68.78,2.19,4.67,48.72,28.54
529.55,0,,68.82,28.49,0,2,68.92,2.23,4.71,48.80,28.54
529.64,0,,68.82,28.52,0,2,68.90,2.24,4.72,48.82,28.54
529.73,0,,68.82,28.54,1,0,68.55,2.28,4.70,48.84,28.60
529.84,0,,68.67,28.56,1,0,68.17,2.19,4.72,48.77,28.49
529.94,0,,68.52,28.54,2,-1,68.91,2.20,4.73,48.79,28.49
530.06,0,,68.57,28.53,4,-2,68.85,2.41,4.74,49.01,28.69
530.15,0,,68.76,28.59,4,-2,69.01,2.46,4.77,49.09,28.71
530.24,0,,68.85,28.64,2,-1,68.49,2.34,4.80,49.00,28.56
530.33,0,,68.85,28.63,1,0,69.19,2.33,4.79,48.98,28.56
530.45,0,,68.89,28.60,1,0,68.84,2.39,4.76,49.01,28.65
530.54,0,,68.95,28.59,0,1,69.04,2.35,4.81,49.02,28.56
530.63,0,,69.00,28.59,0,1,69.15,2.43,4.82,49.11,28.63
530.75,0,,69.03,28.61,0,2,68.77,2.49,4.80,49.15,28.71
530.84,0,,68.99,28.64,0,2,69.09,2.42,4.81,49.09,28.63
530.92,0,,68.97,28.66,0,2,68.94,2.43,4.79,49.08,28.66
531.04,0,,68.90,28.65,0,1,68.40,2.41,4.79,49.06,28.64
531.14,0,,68.75,28.63,1,0,68.85,2.42,4.87,49.15,28.57
531.22,0,,68.66,28.61,1,0,68.55,2.52,4.87,49.25,28.67
531.34,0,,68.64,28.63,1,0,68.71,2.53,4.82,49.21,28.73
531.43,0,,68.64,28.67,4,-2,68.63,2.49,4.84,49.19,28.67
531.56,0,,68.65,28.69,4,-2,68.70,2.52,4.87,49.25,28.67
531.65,0,,68.64,28.69,4,-2,68.44,2.61,4.88,49.35,28.75
531.73,0,,68.57,28.71,4,-2,68.48,2.63,4.87,49.36,28.78
531.83,0,,68.52,28.75,4,-2,68.64,2.62,4.86,49.34,28.78
531.95,0,,68.51,28.77,2,-1,68.37,2.64,4.88,49.38,28.78
532.03,0,,68.53,28.78,2,-1,68.80,2.62,4.87,49.35,28.77
532.16,0,,68.66,28.77,2,-1,69.09,2.60,4.85,49.31,28.77
532.30,0,,68.83,28.77,2,-1,68.70,2.66,4.90,49.42,28.78
532.33,0,,68.85,28.77,0,1,68.62,2.71,4.93,49.50,28.80
532.42,0,,68.71,28.78,0,1,68.33,2.64,4.90,49.40,28.76
532.55,0,,68.59,28.76,0,1,68.98,2.58,4.93,49.37,28.67
532.64,0,,68.68,28.72,0,1,68.95,2.56,4.91,49.33,28.67
532.72,0,,68.79,28.69,0,1,68.53,2.62,4.87,49.35,28.77
532.88,0,,68.70,28.70,0,1,68.26,2.71,4.99,49.56,28.74
532.94,0,,68.55,28.73,1,0,68.80,2.74,5.01,49.61,28.75
533.06,0,,68.55,28.76,1,0,68.64,2.74,4.90,49.50,28.86
533.15,0,,68.63,28.79,2,-1,68.72,2.70,4.93,49.49,28.79
533.23,0,,68.69,28.80,2,-1,68.77,2.67,5.00,49.53,28.69
533.33,0,,68.70,28.78,1,0,68.46,2.80,4.97,49.63,28.85
533.45,0,,68.59,28.79,1,0,68.22,2.82,4.96,49.64,28.88
533.54,0,,68.46,28.82,2,-1,68.68,2.71,4.99,49.56,28.74
533.63,0,,68.49,28.81,2,-1,68.78,2.77,4.97,49.60,28.82
533.80,0,,68.62,28.79,1,0,68.61,2.75,4.98,49.59,28.79
533.84,0,,68.66,28.78,2,-1,68.55,2.75,5.04,49.65,28.73
533.92,0,,68.71,28.79,2,-1,69.24,2.93,5.00,49.79,28.95
534.04,0,,68.84,28.84,1,0,68.69,2.92,5.03,49.81,28.91
534.16,0,,68.89,28.87,0,1,68.89,2.81,5.08,49.75,28.75
534.22,0,,68.86,28.85,0,2,68.72,2.88,5.03,49.77,28.87
534.34,0,,68.77,28.83,0,2,68.49,2.87,5.08,49.81,28.81
534.43,0,,68.60,28.81,1,0,68.29,2.85,5.15,49.86,28.72
534.55,0,,68.42,28.78,1,0,68.30,2.96,5.13,49.95,28.85
534.65,0,,68.33,28.80,1,0,68.49,2.96,5.08,49.90,28.90
534.74,0,,68.41,28.84,4,-2,68.87,2.91,5.07,49.84,28.86
534.83,0,,68.54,28.87,4,-2,68.18,2.96,5.07,49.89,28.91
534.95,0,,68.56,28.89,4,-2,68.81,2.98,5.07,49.91,28.93
535.03,0,,68.56,28.91,4,-2,68.44,2.99,5.10,49.95,28.91
535.13,0,,68.55,28.92,2,-1,68.46,3.02,5.11,49.99,28.93
535.30,0,,68.52,28.92,2,-1,68.62,3.02,5.11,49.99,28.93
535.34,0,,68.54,28.92,1,0,68.64,3.01,5.11,49.98,28.92
535.46,0,,68.58,28.92,1,0,68.54,2.99,5.11,49.96,28.90
535.54,0,,68.55,28.90,2,-1,68.27,3.01,5.15,50.02,28.88
535.64,0,,68.53,28.90,0,1,69.05,3.11,5.18,50.15,28.95
535.82,0,,68.66,28.93,1,0,68.76,3.17,5.15,50.18,29.04
535.82,0,,68.79,28.99,0,1,68.75,3.20,5.14,50.20,29.08
535.93,0,,68.81,29.04,0,1,68.85,3.23,5.18,50.27,29.07
536.05,0,,68.77,29.07,0,2,68.42,3.26,5.23,50.35,29.05
536.11,0,,68.64,29.07,0,1,68.51,3.42,5.31,50.59,29.13
536.23,0,,68.55,29.09,1,0,68.70,3.50,5.40,50.76,29.12
536.33,0,,68.51,29.11,0,1,68.18,3.52,5.41,50.79,29.13
536.42,0,,68.43,29.13,0,1,68.45,3.57,5.40,50.83,29.19
536.53,0,,68.43,29.14,2,-1,68.81,3.52,5.43,50.81,29.11
536.63,0,,68.54,29.14,4,-2,68.51,3.49,5.42,50.77,29.09
536.72,0,,68.60,29.12,4,-2,68.53,3.53,5.39,50.78,29.16
536.84,0,,68.55,29.13,2,-1,68.32,3.52,5.36,50.74,29.18
536.92,0,,68.45,29.15,2,-1,68.36,3.50,5.31,50.67,29.21
537.05,0,,68.37,29.18,2,-1,68.36,3.46,5.28,50.60,29.20
537.14,0,,68.37,29.18,2,-1,68.59,3.38,5.29,50.53,29.11
537.22,0,,68.44,29.15,1,0,68.46,3.40,5.33,50.59,29.09
537.32,0,,68.52,29.12,1,0,68.76,3.54,5.36,50.76,29.20
537.43,0,,68.68,29.14,1,0,69.11,3.56,5.36,50.78,29.22
537.56,0,,68.83,29.18,0,1,68.57,3.52,5.33,50.71,29.21
537.61,0,,68.77,29.20,0,1,68.34,3.45,5.33,50.64,29.14
537.74,0,,68.52,29.17,0,2,68.01,3.30,5.27,50.43,29.05
537.83,0,,68.21,29.11,0,1,67.92,3.26,5.17,50.29,29.11
537.95,0,,68.09,29.08,1,0,68.67,3.18,5.11,50.15,29.09
538.04,0,,68.25,29.07,2,-1,68.57,2.98,4.98,49.82,29.02
538.13,0,,68.48,29.04,2,-1,68.62,2.82,4.86,49.54,28.98
538.22,0,,68.63,28.98,2,-1,68.78,2.53,4.75,49.14,28.80
538.34,0,,68.70,28.90,2,-1,68.58,2.67,4.84,49.37,28.85
538.42,0,,68.73,28.87,2,-1,68.92,3.24,5.19,50.29,29.07
538.55,0,,68.67,28.91,0,1,68.03,3.01,5.15,50.02,28.88
538.64,0,,68.49,28.92,0,1,68.45,2.87,5.05,49.78,28.84
538.72,0,,68.35,28.89,0,1,68.34,3.18,5.28,50.32,28.92
538.88,0,,68.33,28.87,1,0,68.43,3.08,5.34,50.28,28.76
538.93,0,,68.36,28.84,1,0,68.37,3.34,5.46,50.66,28.90
539.05,0,,68.36,28.86,1,0,68.20,3.81,5.78,51.45,29.05
539.12,0,,68.29,28.94,1,0,68.14,3.98,6.02,51.86,28.98
539.24,0,,68.15,28.99,2,-1,67.75,4.03,6.07,51.96,28.98
539.33,0,,68.00,28.99,4,-2,68.12,3.85,5.95,51.66,28.92
539.41,0,,67.99,28.93,4,-2,68.26,3.65,5.90,51.41,28.77
539.53,0,,68.09,28.84,4,-2,68.08,3.43,5.81,51.10,28.64
539.63,0,,68.14,28.71,4,-2,68.16,3.18,5.69,50.73,28.51
539.72,0,,68.11,28.56,2,-1,67.86,2.89,5.57,50.32,28.34
539.84,0,,68.08,28.40,2,-1,68.35,2.57,5.40,49.83,28.19
539.92,0,,68.05,28.25,2,-1,67.63,2.29,5.25,49.40,28.06
540.04,0,,67.95,28.09,2,-1,67.87,1.92,5.12,48.90,27.82
540.14,0,,67.88,27.93,2,-1,68.12,1.72,5.00,48.58,27.74
540.22,0,,67.92,27.77,2,-1,67.87,1.52,4.93,48.31,27.61
540.34,0,,68.01,27.63,2,-1,68.41,1.17,4.83,47.86,27.36
540.44,0,,68.08,27.46,2,-1,67.73,0.88,4.66,47.40,27.24
540.56,0,,68.03,27.28,2,-1,67.88,0.48,4.51,46.85,26.99
540.62,0,,67.88,27.09,2,-1,67.59,0.22,4.39,46.47,26.85
540.74,0,,67.76,26.94,2,-1,67.86,0.18,4.27,46.31,26.93
540.83,0,,67.75,26.85,2,-1,67.86,-0.13,4.20,45.93,26.69
540.95,0,,67.79,26.74,2,-1,67.76,-0.43,4.15,45.58,26.44
541.03,0,,67.87,26.58,2,-1,68.29,-0.50,4.05,45.41,26.47
541.13,0,,67.96,26.47,2,-1,67.67,-0.61,3.99,45.24,26.42
541.22,0,,67.92,26.40,2,-1,67.72,-0.70,4.00,45.16,26.32
541.34,0,,67.80,26.35,2,-1,67.71,-0.76,3.96,45.06,26.30
541.42,0,,67.74,26.31,2,-1,67.88,-0.87,3.86,44.85,26.29
541.55,0,,67.76,26.28,2,-1,67.77,-0.98,3.81,44.69,26.23
541.64,0,,67.79,26.24,2,-1,67.75,-1.10,3.80,44.56,26.12
541.73,0,,67.79,26.16,2,-1,67.83,-1.18,3.84,44.52,26.00
541.82,0,,67.82,26.08,2,-1,68.02,-1.10,3.86,44.62,26.06
541.93,0,,67.88,26.05,2,-1,67.82,-1.08,3.78,44.56,26.16
542.06,0,,67.88,26.07,2,-1,67.73,-1.23,3.76,44.39,26.03
542.15,0,,67.83,26.06,2,-1,67.88,-1.32,3.75,44.29,25.95
542.23,0,,67.79,26.01,2,-1,67.67,-1.37,3.67,44.16,25.98
542.33,0,,67.78,25.98,2,-1,67.92,-1.40,3.62,44.08,26.00
542.42,0,,67.81,25.97,2,-1,67.89,-1.40,3.61,44.07,26.01
542.54,0,,67.86,25.97,2,-1,67.83,-1.53,3.58,43.91,25.91
542.63,0,,67.86,25.95,2,-1,67.79,-1.64,3.49,43.71,25.89
542.72,0,,67.83,25.91,2,-1,67.81,-1.72,3.45,43.59,25.85
542.84,0,,67.79,25.86,2,-1,67.65,-1.81,3.44,43.49,25.77
542.93,0,,67.78,25.81,1,0,68.08,-1.81,3.39,43.44,25.82
543.04,0,,67.87,25.78,1,0,68.02,-1.90,3.39,43.35,25.73
543.14,0,,67.94,25.75,1,0,67.73,-2.03,3.35,43.18,25.64
543.22,0,,67.95,25.69,1,0,68.21,-2.11,3.27,43.02,25.64
543.32,0,,68.02,25.64,1,0,68.14,-2.17,3.26,42.95,25.59
543.44,0,,68.08,25.62,1,0,67.89,-2.13,3.20,42.93,25.69
543.56,0,,68.02,25.64,1,0,67.82,-2.09,3.17,42.94,25.76
543.62,0,,67.91,25.69,1,0,67.88,-2.16,3.18,42.88,25.68
543.74,0,,67.86,25.71,1,0,67.86,-2.19,3.13,42.80,25.70
543.83,0,,67.86,25.71,1,0,67.97,-2.21,3.08,42.73,25.73
543.92,0,,67.93,25.70,1,0,68.15,-2.29,3.10,42.67,25.63
544.04,0,,68.01,25.67,1,0,67.90,-2.24,3.11,42.73,25.67
544.13,0,,68.00,25.67,1,0,67.86,-2.14,3.08,42.80,25.80
544.22,0,,67.91,25.71,1,0,67.73,-2.20,3.10,42.76,25.72
544.34,0,,67.83,25.73,1,0,67.86,-2.25,3.09,42.70,25.68
544.42,0,,67.84,25.72,1,0,68.09,-2.23,3.03,42.66,25.76
544.54,0,,67.88,25.72,1,0,67.67,-2.21,3.12,42.77,25.69
544.64,0,,67.95,25.73,1,0,68.48,-2.07,3.14,42.93,25.81
544.73,0,,68.09,25.77,1,0,68.12,-1.98,3.09,42.97,25.95
544.82,0,,68.16,25.84,1,0,67.91,-2.07,3.13,42.92,25.82
544.94,0,,68.06,25.87,1,0,67.79,-2.08,3.06,42.84,25.88
545.05,0,,67.95,25.88,0,1,68.15,-2.05,3.02,42.83,25.95
545.12,0,,68.03,25.90,0,1,68.52,-2.06,3.09,42.89,25.87
545.24,0,,68.19,25.91,0,1,68.01,-1.93,3.06,42.99,26.03
545.33,0,,68.22,25.97,0,2,68.11,-1.90,3.01,42.97,26.11
545.42,0,,68.15,26.02,0,1,68.05,-2.07,3.03,42.82,25.92
545.54,0,,68.11,26.00,0,1,68.23,-2.13,3.00,42.73,25.89
545.63,0,,68.11,25.95,0,1,67.99,-2.11,2.93,42.68,25.98
545.80,0,,68.09,25.93,0,1,68.07,-2.14,2.98,42.70,25.90
545.84,0,,68.02,25.92,0,1,67.78,-2.07,3.00,42.79,25.95
545.96,0,,68.00,25.93,0,1,68.43,-2.06,2.92,42.72,26.04
546.05,0,,68.08,25.97,2,-1,67.97,-2.13,2.92,42.65,25.97
546.14,0,,68.11,25.99,2,-1,68.02,-2.14,2.90,42.62,25.98
546.23,0,,68.11,25.98,2,-1,68.37,-2.20,2.87,42.53,25.95
546.32,0,,68.19,25.97,1,0,68.30,-2.19,2.88,42.55,25.95
546.44,0,,68.29,25.97,0,1,68.36,-2.10,2.84,42.60,26.08
546.56,0,,68.34,26.00,0,1,68.35,-2.14,2.84,42.56,26.04
546.62,0,,68.35,26.02,0,2,68.27,-2.23,2.87,42.50,25.92
546.74,0,,68.32,25.99,0,2,68.20,-2.21,2.82,42.47,25.99
546.83,0,,68.24,25.98,0,1,68.08,-2.17,2.81,42.50,26.04
546.92,0,,68.16,26.01,0,1,68.17,-2.09,2.85,42.62,26.08
547.04,0,,68.15,26.05,0,1,68.27,-2.00,2.87,42.73,26.15
547.13,0,,68.18,26.10,0,1,68.13,-2.05,2.87,42.68,26.10
547.22,0,,68.21,26.11,1,0,68.39,-2.12,2.83,42.57,26.07
547.34,0,,68.27,26.09,1,0,68.33,-2.19,2.81,42.48,26.02
547.42,0,,68.37,26.05,0,1,68.70,-2.25,2.78,42.39,25.99
547.54,0,,68.47,26.01,0,1,68.33,-2.25,2.76,42.37,26.01
547.64,0,,68.39,25.99,0,1,67.68,-2.34,2.73,42.25,25.95
547.72,0,,68.14,25.96,0,1,68.16,-2.47,2.68,42.07,25.87
547.84,0,,68.05,25.91,0,1,68.41,-2.52,2.65,41.99,25.85
547.94,0,,68.20,25.87,0,1,68.49,-2.54,2.60,41.92,25.88
548.05,0,,68.34,25.87,0,1,68.17,-2.49,2.58,41.95,25.95
548.12,0,,68.34,25.90,0,1,68.21,-2.38,2.61,42.09,26.03
548.24,0,,68.24,25.97,0,1,68.02,-2.33,2.60,42.13,26.09
548.33,0,,68.14,26.04,1,0,68.12,-2.31,2.63,42.18,26.08
548.42,0,,68.11,26.07,1,0,68.31,-2.31,2.70,42.25,26.01
548.54,0,,68.16,26.05,1,0,68.13,-2.32,2.70,42.24,26.00
548.63,0,,68.17,26.03,1,0,68.05,-2.27,2.69,42.28,26.06
548.81,0,,68.18,26.03,1,0,68.51,-2.24,2.70,42.32,26.08
548.84,0,,68.28,26.05,1,0,68.38,-2.30,2.65,42.21,26.07
548.93,0,,68.40,26.06,1,0,68.54,-2.36,2.63,42.13,26.03
549.05,0,,68.50,26.05,1,0,68.68,-2.38,2.61,42.09,26.03
549.14,0,,68.57,26.04,0,2,68.42,-2.41,2.53,41.98,26.08
549.23,0,,68.55,26.05,0,2,68.42,-2.40,2.55,42.01,26.07
549.35,0,,68.47,26.06,0,2,68.42,-2.35,2.58,42.09,26.09
549.44,0,,68.39,26.08,0,2,68.17,-2.36,2.54,42.04,26.12
549.56,0,,68.34,26.09,0,1,68.57,-2.45,2.52,41.93,26.05
549.65,0,,68.39,26.08,0,1,68.56,-2.48,2.50,41.88,26.04
549.80,0,,68.44,26.06,0,1,68.19,-2.40,2.50,41.96,26.12
549.83,0,,68.42,26.08,0,1,68.53,-2.30,2.54,42.10,26.18
549.92,0,,68.39,26.13,0,1,68.29,-2.29,2.58,42.15,26.15
550.04,0,,68.39,26.15,2,-1,68.51,-2.33,2.56,42.09,26.13
550.13,0,,68.48,26.15,1,0,68.89,-2.35,2.51,42.02,26.16
550.22,0,,68.58,26.14,0,1,68.24,-2.40,2.53,41.99,26.09
550.34,0,,68.54,26.11,0,1,68.43,-2.37,2.59,42.08,26.06
550.43,0,,68.43,26.10,0,1,68.30,-2.19,2.57,42.24,26.26
550.55,0,,68.34,26.16,0,1,68.27,-2.20,2.56,42.22,26.26
550.67,0,,68.30,26.21,0,1,68.38,-2.34,2.54,42.06,26.14
550.73,0,,68.32,26.21,0,1,68.42,-2.32,2.49,42.03,26.21
550.82,0,,68.36,26.19,0,1,68.28,-2.32,2.55,42.09,26.15
550.94,0,,68.42,26.17,0,1,68.82,-2.25,2.62,42.23,26.15
551.06,0,,68.56,26.18,0,1,68.76,-2.05,2.62,42.43,26.35
551.12,0,,68.66,26.26,1,0,68.32,-1.94,2.62,42.54,26.46
551.23,0,,68.61,26.37,0,1,68.69,-1.89,2.68,42.65,26.45
551.33,0,,68.55,26.43,0,1,68.35,-1.89,2.75,42.72,26.38
551.42,0,,68.47,26.43,1,0,68.36,-1.85,2.75,42.76,26.42
551.53,0,,68.42,26.44,1,0,68.58,-1.68,2.75,42.93,26.59
551.63,0,,68.45,26.50,1,0,68.49,-1.62,2.78,43.02,26.62
551.72,0,,68.47,26.57,1,0,68.33,-1.66,2.76,42.96,26.60
551.84,0,,68.44,26.60,1,0,68.43,-1.69,2.75,42.92,26.58
551.93,0,,68.34,26.59,1,0,67.92,-1.75,2.77,42.88,26.50
552.05,0,,68.25,26.55,1,0,68.61,-1.74,2.77,42.89,26.51
552.14,0,,68.24,26.53,4,-2,67.94,-1.63,2.77,43.00,26.62
552.23,0,,68.19,26.56,4,-2,68.16,-1.61,2.78,43.03,26.63
552.35,0,,68.16,26.59,4,-2,68.29,-1.66,2.79,42.99,26.57
552.44,0,,68.21,26.59,4,-2,68.33,-1.74,2.77,42.89,26.51
552.56,0,,68.27,26.54,2,-1,68.28,-1.85,2.73,42.74,26.44
552.62,0,,68.29,26.49,2,-1,68.19,-1.84,2.71,42.73,26.47
552.74,0,,68.22,26.47,2,-1,67.91,-1.76,2.71,42.81,26.55
552.83,0,,68.10,26.49,2,-1,68.13,-1.76,2.72,42.82,26.54
552.95,0,,68.06,26.52,2,-1,68.15,-1.82,2.73,42.77,26.47
553.04,0,,68.06,26.50,2,-1,67.94,-1.88,2.72,42.70,26.42
553.13,0,,68.08,26.45,2,-1,68.38,-1.92,2.73,42.67,26.37
553.30,0,,68.16,26.41,2,-1,68.15,-1.84,2.72,42.74,26.46
553.34,0,,68.20,26.42,2,-1,68.18,-1.78,2.73,42.81,26.51
553.43,0,,68.20,26.44,2,-1,68.19,-1.83,2.79,42.82,26.40
553.58,0,,68.19,26.44,2,-1,68.19,-1.81,2.78,42.83,26.43
553.64,0,,68.21,26.43,2,-1,68.37,-1.81,2.75,42.80,26.46
553.73,0,,68.22,26.44,2,-1,67.95,-1.82,2.77,42.81,26.43
553.85,0,,68.16,26.44,2,-1,68.11,-1.74,2.83,42.95,26.45
553.94,0,,68.08,26.45,2,-1,68.03,-1.66,2.84,43.04,26.52
554.06,0,,68.12,26.48,2,-1,68.56,-1.64,2.82,43.04,26.56
554.12,0,,68.16,26.51,2,-1,67.62,-1.68,2.85,43.03,26.49
554.24,0,,68.10,26.51,2,-1,68.27,-1.70,2.86,43.02,26.46
554.33,0,,68.08,26.50,2,-1,68.20,-1.64,2.84,43.06,26.54
554.42,0,,68.13,26.52,2,-1,68.07,-1.51,2.84,43.19,26.67
554.54,0,,68.11,26.58,2,-1,67.96,-1.51,2.90,43.25,26.61
554.63,0,,68.04,26.60,2,-1,67.97,-1.55,2.94,43.25,26.53
554.72,0,,68.03,26.58,2,-1,68.32,-1.58,2.87,43.15,26.57
554.84,0,,68.12,26.55,1,0,68.19,-1.68,2.84,43.02,26.50
554.93,0,,68.19,26.52,1,0,68.15,-1.71,2.84,42.99,26.47
555.05,0,,68.20,26.49,1,0,68.16,-1.62,2.86,43.10,26.54
555.14,0,,68.22,26.50,1,0,68.45,-1.58,2.88,43.16,26.56
555.23,0,,68.26,26.52,1,0,68.14,-1.69,2.86,43.03,26.47
555.32,0,,68.29,26.50,1,0,68.41,-1.77,2.84,42.93,26.41
555.43,0,,68.27,26.44,0,1,67.97,-1.81,2.84,42.89,26.37
555.56,0,,68.17,26.39,0,1,68.04,-1.84,2.83,42.85,26.35
555.62,0,,68.13,26.37,1,0,68.47,-1.75,2.81,42.92,26.46
555.73,0,,68.20,26.39,1,0,68.20,-1.74,2.83,42.95,26.45
555.83,0,,68.26,26.41,1,0,68.21,-1.85,2.87,42.88,26.30
555.92,0,,68.20,26.37,1,0,67.86,-1.91,2.86,42.81,26.25
556.04,0,,68.08,26.30,1,0,68.06,-1.93,2.85,42.78,26.24
556.13,0,,67.98,26.25,2,-1,67.81,-1.88,2.85,42.83,26.29
556.22,0,,67.92,26.26,4,-2,68.02,-1.84,2.85,42.87,26.33
556.34,0,,67.94,26.28,2,-1,68.08,-1.87,2.87,42.86,26.28
556.43,0,,68.03,26.28,2,-1,68.28,-1.94,2.88,42.80,26.20
556.55,0,,68.15,26.25,2,-1,68.17,-1.95,2.83,42.74,26.24
556.64,0,,68.21,26.23,1,0,68.18,-1.91,2.82,42.77,26.29
556.73,0,,68.22,26.25,1,0,68.30,-1.83,2.88,42.91,26.31
556.82,0,,68.24,26.30,1,0,68.19,-1.73,2.89,43.02,26.40
556.94,0,,68.29,26.36,0,2,68.66,-1.72,2.85,42.99,26.45
557.06,0,,68.38,26.40,0,2,68.21,-1.80,2.85,42.91,26.37
557.12,0,,68.37,26.38,0,2,68.13,-1.87,2.92,42.91,26.23
557.24,0,,68.26,26.32,0,2,68.20,-1.83,2.95,42.98,26.24
557.33,0,,68.17,26.28,0,1,68.03,-1.71,2.91,43.06,26.40
557.45,0,,68.15,26.30,1,0,68.42,-1.74,2.91,43.03,26.37
557.54,0,,68.21,26.34,1,0,68.28,-1.85,2.91,42.92,26.26
557.63,0,,68.28,26.32,1,0,68.26,-1.88,2.87,42.85,26.27
557.80,0,,68.28,26.28,1,0,68.15,-1.94,2.86,42.78,26.22
557.84,0,,68.16,26.24,1,0,67.71,-1.92,2.86,42.80,26.24
557.93,0,,68.02,26.23,2,-1,68.22,-1.79,2.90,42.97,26.33
558.05,0,,68.01,26.26,2,-1,68.16,-1.78,2.93,43.01,26.31
558.14,0,,68.13,26.29,2,-1,68.40,-1.83,2.91,42.94,26.28
558.23,0,,68.28,26.29,1,0,68.50,-1.83,2.94,42.97,26.25
558.32,0,,68.38,26.26,1,0,68.18,-1.87,2.95,42.94,26.20
558.44,0,,68.31,26.23,1,0,67.89,-1.89,2.95,42.92,26.18
558.56,0,,68.12,26.20,1,0,67.98,-1.82,2.99,43.03,26.21
558.62,0,,67.99,26.20,1,0,67.99,-1.77,3.00,43.09,26.25
558.74,0,,67.97,26.21,1,0,68.17,-1.84,3.01,43.03,26.17
558.83,0,,68.05,26.19,1,0,68.13,-1.85,3.03,43.04,26.14
558.95,0,,68.10,26.17,2,-1,68.00,-1.80,3.01,43.07,26.21
559.04,0,,68.13,26.19,2,-1,68.38,-1.71,3.04,43.19,26.27
559.13,0,,68.16,26.24,2,-1,67.90,-1.51,3.10,43.45,26.41
559.22,0,,68.10,26.33,2,-1,67.98,-1.43,3.13,43.56,26.46
559.34,0,,68.01,26.41,2,-1,67.92,-1.41,3.19,43.64,26.42
559.43,0,,67.95,26.45,2,-1,67.99,-1.28,3.22,43.80,26.52
559.55,0,,67.95,26.49,2,-1,68.00,-1.18,3.26,43.94,26.58
559.64,0,,67.97,26.54,2,-1,67.98,-1.05,3.37,44.18,26.60
559.73,0,,67.98,26.60,2,-1,67.95,-0.82,3.43,44.47,26.77
559.82,0,,68.00,26.69,2,-1,68.19,-0.74,3.45,44.57,26.83
559.93,0,,68.04,26.77,2,-1,67.97,-0.75,3.48,44.59,26.79
560.06,0,,68.07,26.81,2,-1,68.17,-0.69,3.50,44.67,26.83
560.12,0,,68.12,26.83,0,1,68.27,-0.69,3.51,44.68,26.82
560.24,0,,68.15,26.83,0,1,67.88,-0.67,3.53,44.72,26.82
560.33,0,,68.11,26.83,1,0,68.25,-0.54,3.59,44.91,26.89
560.42,0,,68.16,26.87,1,0,68.51,-0.41,3.63,45.08,26.98
560.54,0,,68.24,26.93,1,0,67.90,-0.34,3.64,45.16,27.04
560.63,0,,68.14,27.00,0,1,67.69,-0.30,3.70,45.26,27.02
560.72,0,,67.95,27.02,1,0,68.08,-0.27,3.77,45.36,26.98
560.84,0,,67.84,27.02,1,0,67.47,-0.18,3.80,45.48,27.04
560.93,0,,67.76,27.03,1,0,67.95,-0.05,3.85,45.66,27.12
561.05,0,,67.80,27.07,4,-2,68.10,0.03,3.89,45.78,27.16
561.14,0,,68.01,27.13,4,-2,68.61,0.00,3.81,45.67,27.21
561.23,0,,68.29,27.18,2,-1,68.42,-0.17,3.64,45.33,27.21
561.32,0,,68.46,27.20,1,0,68.42,-0.23,3.58,45.21,27.21
561.44,0,,68.46,27.22,0,1,68.22,-0.11,3.65,45.40,27.26
561.56,0,,68.31,27.19,0,1,67.82,-0.24,3.83,45.45,26.95
561.62,0,,68.11,27.07,0,2,68.21,-0.33,3.97,45.50,26.72
561.74,0,,68.05,26.92,0,2,68.09,-0.09,3.90,45.67,27.03
561.83,0,,68.14,26.92,0,1,68.65,0.09,3.89,45.84,27.22
561.92,0,,68.31,27.06,0,1,68.26,0.15,3.87,45.88,27.30
562.04,0,,68.39,27.23,1,0,68.35,0.02,3.64,45.52,27.40
562.13,0,,68.34,27.33,0,1,68.03,-0.10,3.63,45.39,27.29
562.22,0,,68.27,27.37,0,1,68.50,0.20,3.82,45.88,27.40
562.34,0,,68.31,27.40,0,1,68.54,0.31,3.77,45.94,27.56
562.43,0,,68.40,27.44,0,1,68.20,-0.10,3.57,45.33,27.35
562.55,0,,68.40,27.42,0,1,68.49,-0.19,3.52,45.19,27.31
562.64,0,,68.36,27.37,0,1,68.12,-0.21,3.46,45.11,27.35
562.73,0,,68.35,27.31,0,1,68.68,-0.60,3.26,44.52,27.16
562.82,0,,68.36,27.25,0,1,68.05,-0.49,3.31,44.68,27.22
562.94,0,,68.34,27.22,0,1,68.45,-0.22,3.46,45.10,27.34
563.06,0,,68.32,27.24,1,0,68.29,-0.36,3.43,44.93,27.23
563.12,0,,68.36,27.25,1,0,68.63,-0.31,3.48,45.03,27.23
563.24,0,,68.46,27.26,0,1,68.53,-0.01,3.60,45.45,27.41
563.33,0,,68.54,27.34,0,1,68.56,0.21,3.67,45.74,27.56
563.41,0,,68.54,27.44,0,1,68.32,0.09,3.66,45.61,27.45
563.54,0,,68.46,27.48,0,1,68.33,0.06,3.65,45.57,27.43
563.63,0,,68.40,27.48,0,1,68.55,0.20,3.69,45.75,27.53
563.72,0,,68.40,27.48,0,1,68.32,0.04,3.62,45.52,27.44
563.84,0,,68.43,27.47,0,1,68.63,0.09,3.67,45.62,27.44
563.92,0,,68.48,27.47,0,1,68.46,0.30,3.75,45.91,27.57
564.05,0,,68.51,27.51,0,1,68.49,0.35,3.76,45.97,27.61
564.14,0,,68.49,27.56,0,1,68.37,0.35,3.80,46.01,27.57
564.29,0,,68.46,27.58,0,1,68.53,0.31,3.77,45.94,27.56
564.32,0,,68.48,27.58,0,1,68.61,0.37,3.81,46.04,27.58
564.44,0,,68.54,27.59,0,1,68.59,0.50,3.81,46.17,27.71
564.56,0,,68.56,27.65,0,1,68.41,0.58,3.83,46.27,27.77
564.62,0,,68.52,27.71,0,1,68.44,0.57,3.90,46.33,27.69
564.74,0,,68.44,27.73,0,1,68.27,0.58,3.87,46.31,27.73
564.86,0,,68.38,27.74,1,0,68.46,0.65,3.89,46.40,27.78
564.92,0,,68.32,27.74,1,0,68.02,0.62,3.92,46.40,27.72
565.04,0,,68.28,27.74,1,0,68.61,0.66,3.93,46.45,27.75
565.13,0,,68.32,27.76,1,0,68.24,0.82,3.96,46.64,27.88
565.22,0,,68.35,27.81,1,0,68.39,0.87,3.99,46.72,27.90
565.34,0,,68.35,27.86,2,-1,68.30,0.86,3.99,46.71,27.89
565.46,0,,68.22,27.89,2,-1,67.44,0.88,3.99,46.73,27.91
565.55,0,,67.91,27.89,4,-2,67.60,0.85,4.06,46.77,27.81
565.64,0,,67.73,27.87,4,-2,68.25,0.93,4.08,46.87,27.87
565.73,0,,67.86,27.88,4,-2,68.22,1.07,4.01,46.94,28.08
565.82,0,,68.12,27.96,4,-2,68.43,1.09,4.00,46.95,28.11
565.94,0,,68.33,28.04,4,-2,68.48,1.05,4.05,46.96,28.02
566.06,0,,68.45,28.06,2,-1,68.41,1.07,4.10,47.03,27.99
566.12,0,,68.47,28.03,0,1,68.38,1.12,4.12,47.10,28.02
566.24,0,,68.38,28.01,0,2,67.99,1.15,4.15,47.16,28.02
566.33,0,,68.23,28.01,0,2,68.18,1.23,4.21,47.30,28.04
566.41,0,,68.14,28.03,0,2,68.16,1.28,4.21,47.35,28.09
566.54,0,,68.14,28.06,0,2,68.23,1.25,4.15,47.26,28.12
566.66,0,,68.15,28.09,1,0,68.05,1.26,4.18,47.30,28.10
566.72,0,,68.16,28.10,2,-1,68.27,1.27,4.24,47.37,28.05
566.84,0,,68.24,28.09,2,-1,68.68,1.35,4.24,47.45,28.13
566.93,0,,68.36,28.10,2,-1,68.04,1.43,4.25,47.54,28.20
567.05,0,,68.33,28.13,2,-1,68.22,1.35,4.29,47.50,28.08
567.14,0,,68.22,28.12,2,-1,68.10,1.33,4.26,47.45,28.09
567.23,0,,68.18,28.11,0,1,68.37,1.37,4.26,47.49,28.13
567.32,0,,68.26,28.10,0,1,68.58,1.36,4.31,47.53,28.07
567.44,0,,68.41,28.10,0,1,68.45,1.48,4.29,47.63,28.21
567.56,0,,68.38,28.15,0,1,67.63,1.55,4.29,47.70,28.28
567.61,0,,68.15,28.19,1,0,68.13,1.45,4.34,47.65,28.13
567.74,0,,68.01,28.20,2,-1,68.10,1.51,4.33,47.70,28.20
567.83,0,,68.02,28.20,1,0,68.06,1.57,4.29,47.72,28.30
567.92,0,,68.08,28.23,1,0,68.33,1.51,4.32,47.69,28.21
568.04,0,,68.23,28.25,1,0,68.61,1.58,4.33,47.77,28.27
568.13,0,,68.44,28.27,1,0,68.63,1.65,4.31,47.82,28.36
568.22,0,,68.58,28.30,1,0,68.48,1.59,4.35,47.80,28.26
568.34,0,,68.50,28.30,1,0,67.87,1.61,4.33,47.80,28.30
568.43,0,,68.35,28.30,1,0,68.79,1.67,4.33,47.86,28.36
568.55,0,,68.36,28.31,1,0,68.31,1.67,4.38,47.91,28.31
568.64,0,,68.38,28.33,0,2,68.15,1.73,4.38,47.97,28.37
568.73,0,,68.28,28.35,0,1,68.16,1.75,4.40,48.01,28.37
568.82,0,,68.19,28.35,1,0,68.15,1.69,4.42,47.97,28.29
568.94,0,,68.13,28.33,1,0,68.03,1.72,4.43,48.01,28.31
569.06,0,,68.13,28.31,1,0,68.40,1.75,4.44,48.05,28.33
569.12,0,,68.25,28.32,4,-2,68.60,1.80,4.44,48.10,28.38
569.24,0,,68.43,28.36,1,0,68.51,1.93,4.46,48.25,28.49
569.35,0,,68.44,28.41,1,0,67.80,1.92,4.53,48.31,28.41
569.42,0,,68.30,28.43,1,0,68.54,1.89,4.54,48.29,28.37
569.54,0,,68.24,28.42,1,0,68.17,1.92,4.49,48.27,28.45
569.63,0,,68.21,28.42,1,0,67.95,1.91,4.49,48.26,28.44
569.72,0,,68.16,28.43,1,0,68.48,1.96,4.54,48.36,28.44
569.84,0,,68.18,28.44,2,-1,67.97,2.05,4.56,48.47,28.51
569.93,0,,68.21,28.47,1,0,68.50,2.08,4.55,48.49,28.55
570.05,0,,68.31,28.51,1,0,68.59,2.08,4.55,48.49,28.55
570.14,0,,68.41,28.54,1,0,68.08,2.11,4.58,48.55,28.55
570.23,0,,68.32,28.55,1,0,67.98,2.13,4.59,48.58,28.56
570.32,0,,68.17,28.56,1,0,68.29,2.17,4.59,48.62,28.60
570.44,0,,68.21,28.59,1,0,68.70,2.28,4.60,48.74,28.70
570.56,0,,68.37,28.64,1,0,68.28,2.30,4.63,48.79,28.69
570.62,0,,68.37,28.66,1,0,67.91,2.24,4.70,48.80,28.56
570.74,0,,68.19,28.62,1,0,67.95,2.21,4.72,48.79,28.51
570.89,0,,68.05,28.56,1,0,68.25,2.24,4.71,48.81,28.55
570.92,0,,68.11,28.54,2,-1,68.51,2.35,4.76,48.97,28.61
571.03,0,,68.26,28.57,2,-1,68.17,2.43,4.75,49.04,28.70
571.16,0,,68.28,28.63,2,-1,68.05,2.37,4.75,48.98,28.64
571.22,0,,68.22,28.65,1,0,68.33,2.39,4.77,49.02,28.64
571.34,0,,68.17,28.67,1,0,67.95,2.50,4.74,49.10,28.78
571.43,0,,68.13,28.71,1,0,68.20,2.50,4.75,49.11,28.77
571.55,0,,68.11,28.75,1,0,68.09,2.52,4.83,49.21,28.71
571.64,0,,68.04,28.73,1,0,67.56,2.56,4.92,49.34,28.66
571.73,0,,67.90,28.69,1,0,68.03,2.56,4.93,49.35,28.65
571.82,0,,67.93,28.67,2,-1,68.50,2.57,4.86,49.29,28.73
571.94,0,,68.15,28.69,2,-1,68.30,2.62,4.87,49.35,28.77
572.06,0,,68.29,28.72,2,-1,68.10,2.64,4.93,49.43,28.73
572.15,0,,68.32,28.75,2,-1,68.57,2.72,4.91,49.49,28.83
572.24,0,,68.38,28.79,1,0,68.43,2.79,4.90,49.55,28.91
572.33,0,,68.45,28.84,0,2,68.52,2.74,4.92,49.52,28.84
572.42,0,,68.49,28.85,0,2,68.47,2.71,4.96,49.53,28.77
572.54,0,,68.45,28.82,0,2,68.11,2.73,4.96,49.55,28.79
572.63,0,,68.35,28.80,0,2,68.40,2.79,4.91,49.56,28.90
572.72,0,,68.27,28.83,0,1,68.08,2.88,4.99,49.73,28.91
572.84,0,,68.15,28.87,1,0,67.82,2.87,5.06,49.79,28.83
572.99,0,,67.99,28.87,1,0,67.86,2.84,5.02,49.72,28.84
573.05,0,,67.97,28.85,1,0,68.60,2.85,5.04,49.75,28.83
573.14,0,,68.09,28.82,4,-2,67.80,2.80,5.12,49.78,28.70
573.23,0,,68.24,28.76,4,-2,69.01,2.80,5.11,49.77,28.71
573.32,0,,68.44,28.75,2,-1,68.38,2.97,5.07,49.90,28.92
573.44,0,,68.50,28.81,1,0,68.02,3.01,5.09,49.96,28.94
573.56,0,,68.38,28.87,0,1,68.53,2.93,5.13,49.92,28.82
573.62,0,,68.36,28.89,0,1,68.58,2.98,5.07,49.91,28.93
573.74,0,,68.38,28.89,0,1,67.89,2.95,5.10,49.91,28.87
573.86,0,,68.29,28.88,0,2,68.50,2.98,5.19,50.03,28.81
573.92,0,,68.26,28.86,0,1,68.17,3.14,5.20,50.20,28.96
574.04,0,,68.25,28.88,1,0,68.21,3.13,5.21,50.20,28.94
574.13,0,,68.22,28.91,2,-1,68.22,3.07,5.24,50.17,28.85
574.22,0,,68.20,28.88,2,-1,68.12,3.06,5.27,50.19,28.81
574.34,0,,68.18,28.85,2,-1,68.20,3.11,5.23,50.20,28.90
574.46,0,,68.17,28.87,1,0,68.21,3.20,5.19,50.25,29.03
574.55,0,,68.21,28.93,2,-1,68.37,3.23,5.29,50.38,28.96
574.64,0,,68.26,28.97,2,-1,68.19,3.27,5.28,50.41,29.01
574.73,0,,68.28,29.01,1,0,68.33,3.30,5.23,50.39,29.09
574.82,0,,68.23,29.03,1,0,67.87,3.24,5.33,50.43,28.93
574.94,0,,68.11,28.99,2,-1,68.02,3.20,5.32,50.38,28.90
575.05,0,,68.05,28.95,2,-1,68.35,3.29,5.30,50.45,29.01
575.12,0,,68.12,28.95,2,-1,68.11,3.35,5.36,50.57,29.01
575.24,0,,68.18,28.97,2,-1,68.22,3.30,5.34,50.50,28.98
575.36,0,,68.19,28.99,1,0,68.13,3.31,5.31,50.48,29.02
575.42,0,,68.20,29.01,1,0,68.32,3.35,5.33,50.54,29.04
575.54,0,,68.21,29.02,1,0,68.11,3.32,5.32,50.50,29.02
575.63,0,,68.19,29.03,1,0,68.14,3.35,5.31,50.52,29.06
575.72,0,,68.19,29.05,1,0,68.37,3.44,5.35,50.65,29.11
575.84,0,,68.18,29.07,1,0,67.85,3.40,5.38,50.64,29.04
575.93,0,,68.11,29.06,1,0,68.11,3.31,5.35,50.52,28.98
576.05,0,,68.02,29.03,2,-1,67.82,3.35,5.37,50.58,29.00
576.14,0,,67.97,29.01,2,-1,68.14,3.39,5.37,50.62,29.04
576.23,0,,67.98,29.01,2,-1,67.99,3.43,5.38,50.67,29.07
576.32,0,,68.05,29.05,2,-1,68.27,3.53,5.44,50.83,29.11
576.44,0,,68.11,29.08,2,-1,67.96,3.52,5.41,50.79,29.13
576.56,0,,68.09,29.10,2,-1,68.01,3.43,5.42,50.71,29.03
576.62,0,,68.08,29.08,2,-1,68.33,3.43,5.45,50.74,29.00
576.74,0,,68.18,29.05,2,-1,68.45,3.49,5.40,50.75,29.11
576.86,0,,68.35,29.07,1,0,68.61,3.57,5.36,50.79,29.23
576.92,0,,68.44,29.14,0,2,68.07,3.62,5.40,50.88,29.24
577.04,0,,68.34,29.20,0,2,68.10,3.56,5.44,50.86,29.14
577.13,0,,68.12,29.19,0,2,67.64,3.53,5.43,50.82,29.12
577.22,0,,67.91,29.14,1,0,67.95,3.51,5.47,50.84,29.06
577.34,0,,67.87,29.10,1,0,68.20,3.53,5.45,50.84,29.10
577.43,0,,68.00,29.11,1,0,68.23,3.64,5.36,50.86,29.30
577.55,0,,68.14,29.17,1,0,68.14,3.68,5.47,51.01,29.23
577.64,0,,68.11,29.22,1,0,67.53,3.65,5.50,51.01,29.17
577.73,0,,67.96,29.21,4,-2,68.13,3.59,5.45,50.90,29.16
577.82,0,,67.88,29.18,4,-2,67.75,3.58,5.46,50.90,29.14
577.94,0,,67.82,29.15,2,-1,67.58,3.58,5.46,50.90,29.14
578.06,0,,67.70,29.13,2,-1,67.56,3.60,5.54,51.00,29.08
578.12,0,,67.67,29.13,2,-1,68.14,3.76,5.51,51.13,29.27
578.24,0,,67.81,29.19,4,-2,67.96,3.80,5.43,51.09,29.39
578.36,0,,67.92,29.27,2,-1,67.76,3.69,5.50,51.05,29.21
578.42,0,,67.94,29.28,2,-1,68.11,3.68,5.49,51.03,29.21
578.54,0,,68.00,29.25,2,-1,68.23,3.71,5.47,51.04,29.26
578.63,0,,68.12,29.23,0,1,68.21,3.75,5.55,51.16,29.22
578.72,0,,68.23,29.23,0,2,68.46,3.84,5.57,51.27,29.29
578.84,0,,68.29,29.26,0,2,68.03,3.87,5.53,51.26,29.36
578.93,0,,68.22,29.30,0,2,67.98,3.81,5.55,51.22,29.28
579.05,0,,68.07,29.31,0,2,67.87,3.82,5.53,51.21,29.31
579.14,0,,67.95,29.31,0,1,68.01,3.83,5.56,51.25,29.29
579.23,0,,67.93,29.30,1,0,67.98,3.88,5.61,51.35,29.29
579.32,0,,67.96,29.31,1,0,68.04,3.94,5.56,51.36,29.40
579.44,0,,67.95,29.34,1,0,67.65,3.93,5.58,51.37,29.37
579.56,0,,67.96,29.37,1,0,68.54,3.94,5.57,51.37,29.39
579.62,0,,68.08,29.39,4,-2,68.02,3.91,5.51,51.28,29.42
579.74,0,,68.20,29.40,2,-1,68.43,3.89,5.56,51.31,29.35
579.83,0,,68.25,29.39,0,1,68.01,4.00,5.60,51.46,29.42
579.92,0,,68.21,29.40,0,1,68.17,4.05,5.60,51.51,29.47
580.04,0,,68.17,29.42,0,1,68.31,3.99,5.60,51.45,29.41
580.13,0,,68.21,29.43,0,1,68.26,4.01,5.60,51.47,29.43
580.22,0,,68.24,29.42,0,1,68.19,4.02,5.63,51.51,29.41
580.34,0,,68.19,29.41,0,1,67.87,3.97,5.65,51.48,29.34
580.43,0,,68.03,29.38,1,0,67.69,4.01,5.67,51.54,29.36
580.54,0,,67.89,29.37,0,1,68.16,4.09,5.66,51.61,29.45
580.64,0,,67.89,29.40,2,-1,67.80,4.11,5.62,51.59,29.51
580.73,0,,67.94,29.45,2,-1,68.21,4.08,5.61,51.55,29.49
580.82,0,,67.97,29.47,4,-2,67.68,4.01,5.63,51.50,29.40
580.97,0,,67.94,29.44,4,-2,67.98,3.97,5.65,51.48,29.34
581.06,0,,67.98,29.40,4,-2,68.46,4.09,5.66,51.61,29.45
581.12,0,,68.14,29.41,2,-1,68.14,4.22,5.65,51.73,29.59
581.24,0,,68.26,29.48,1,0,68.38,4.17,5.64,51.67,29.55
581.36,0,,68.22,29.52,1,0,67.64,4.07,5.66,51.59,29.43
581.42,0,,68.08,29.49,1,0,68.16,4.05,5.72,51.63,29.35
581.54,0,,68.03,29.43,0,1,68.29,4.11,5.70,51.67,29.43
581.63,0,,68.09,29.41,0,1,67.94,4.19,5.71,51.76,29.50
581.72,0,,68.08,29.44,0,1,67.95,4.22,5.72,51.80,29.52
581.84,0,,68.04,29.49,0,1,68.23,4.16,5.65,51.67,29.53
581.93,0,,68.08,29.51,2,-1,68.16,4.10,5.64,51.60,29.48
582.05,0,,68.12,29.50,1,0,67.96,4.07,5.66,51.59,29.43
582.14,0,,68.12,29.46,1,0,68.34,4.09,5.68,51.63,29.43
582.23,0,,68.11,29.45,1,0,67.77,4.19,5.67,51.72,29.54
582.32,0,,68.04,29.47,1,0,68.05,4.17,5.70,51.73,29.49
582.44,0,,67.97,29.48,1,0,67.89,4.12,5.71,51.69,29.43
582.56,0,,67.92,29.47,2,-1,67.87,4.11,5.70,51.67,29.43
582.62,0,,67.91,29.44,2,-1,68.09,4.08,5.72,51.66,29.38
582.74,0,,67.97,29.42,1,0,68.05,4.12,5.65,51.63,29.49
582.89,0,,68.03,29.42,1,0,68.00,4.13,5.71,51.70,29.44
582.92,0,,68.05,29.43,1,0,68.12,4.13,5.76,51.75,29.39
583.07,0,,68.06,29.43,1,0,67.96,4.14,5.65,51.65,29.51
583.13,0,,68.07,29.44,1,0,68.26,4.08,5.68,51.62,29.42
583.22,0,,68.14,29.44,1,0,68.37,4.11,5.73,51.70,29.40
583.34,0,,68.28,29.43,1,0,68.43,4.15,5.68,51.69,29.49
583.46,0,,68.34,29.45,0,2,68.13,4.18,5.71,51.75,29.49
583.55,0,,68.27,29.47,0,2,67.98,4.20,5.76,51.82,29.46
583.64,0,,68.12,29.46,0,1,67.99,4.11,5.73,51.70,29.40
583.73,0,,67.98,29.43,1,0,67.75,4.08,5.72,51.66,29.38
583.82,0,,67.83,29.39,1,0,67.58,4.10,5.74,51.70,29.38
583.94,0,,67.73,29.37,1,0,67.97,4.10,5.77,51.73,29.35
584.06,0,,67.82,29.37,4,-2,68.30,4.19,5.76,51.81,29.45
584.12,0,,68.07,29.40,4,-2,68.39,4.22,5.75,51.83,29.49
584.24,0,,68.24,29.44,4,-2,67.95,4.15,5.77,51.78,29.40
584.33,0,,68.20,29.43,2,-1,68.05,4.11,5.79,51.76,29.34
584.42,0,,68.11,29.38,0,1,68.10,4.06,5.80,51.72,29.28
584.54,0,,68.13,29.33,0,1,68.56,4.13,5.77,51.76,29.38
584.63,0,,68.27,29.34,0,1,68.29,4.20,5.74,51.80,29.48
584.72,0,,68.33,29.38,0,2,68.18,4.14,5.81,51.81,29.35
584.84,0,,68.24,29.40,0,2,67.79,4.19,5.80,51.85,29.41
584.96,0,,68.08,29.40,0,1,68.17,4.19,5.78,51.83,29.43
585.05,0,,68.00,29.40,2,-1,67.92,4.15,5.80,51.81,29.37
585.14,0,,67.99,29.40,1,0,68.11,4.17,5.77,51.80,29.42
585.23,0,,68.04,29.39,1,0,68.15,4.13,5.82,51.81,29.33
585.32,0,,68.11,29.37,1,0,68.20,4.18,5.84,51.88,29.36
585.44,0,,68.19,29.37,1,0,68.36,4.24,5.79,51.89,29.47
585.56,0,,68.19,29.40,2,-1,67.67,4.18,5.79,51.83,29.41
585.62,0,,68.08,29.41,2,-1,68.18,4.13,5.80,51.79,29.35
585.74,0,,68.07,29.39,1,0,68.44,4.13,5.80,51.79,29.35
585.83,0,,68.17,29.37,0,1,68.05,4.23,5.83,51.92,29.42
585.92,0,,68.14,29.37,1,0,67.65,4.18,5.87,51.91,29.33
586.04,0,,68.02,29.35,1,0,68.41,4.14,5.88,51.88,29.28
586.13,0,,68.05,29.32,1,0,68.09,4.21,5.90,51.97,29.33
586.22,0,,68.11,29.30,1,0,68.01,4.15,5.92,51.93,29.25
586.34,0,,68.07,29.29,1,0,67.90,4.19,5.89,51.94,29.32
586.43,0,,68.03,29.31,1,0,68.26,4.31,5.92,52.09,29.41
586.55,0,,68.05,29.35,1,0,67.92,4.31,5.94,52.11,29.39
586.64,0,,68.02,29.38,1,0,67.86,4.25,5.91,52.02,29.36
586.73,0,,67.98,29.37,1,0,68.16,4.21,5.91,51.98,29.32
586.82,0,,68.01,29.35,1,0,68.04,4.26,5.90,52.02,29.38
586.94,0,,68.08,29.36,1,0,68.31,4.29,5.90,52.05,29.41
587.06,0,,68.15,29.37,1,0,68.02,4.29,5.93,52.08,29.38
587.12,0,,68.19,29.38,1,0,68.38,4.28,5.94,52.08,29.36
587.24,0,,68.18,29.36,1,0,67.82,4.20,5.93,51.99,29.29
587.33,0,,68.06,29.33,1,0,67.81,4.22,5.91,51.99,29.33
587.42,0,,67.95,29.32,1,0,68.21,4.25,5.90,52.01,29.37
587.54,0,,67.97,29.33,1,0,67.99,4.24,5.90,52.00,29.36
587.63,0,,68.06,29.35,1,0,68.32,4.28,5.92,52.06,29.38
587.72,0,,68.10,29.35,1,0,67.71,4.26,5.97,52.09,29.31
587.84,0,,68.00,29.34,1,0,67.85,4.26,5.97,52.09,29.31
587.96,0,,67.86,29.31,1,0,67.67,4.24,5.96,52.06,29.30
588.05,0,,67.84,29.29,1,0,68.41,4.20,5.98,52.04,29.24
588.14,0,,67.96,29.26,2,-1,67.81,4.18,5.98,52.02,29.22
588.23,0,,68.02,29.23,1,0,68.02,4.19,6.01,52.06,29.20
588.32,0,,68.01,29.22,1,0,68.03,4.28,5.99,52.13,29.31
588.44,0,,68.02,29.24,1,0,68.03,4.25,6.00,52.11,29.27
588.56,0,,68.01,29.26,1,0,67.94,4.24,6.02,52.12,29.24
588.62,0,,67.91,29.27,1,0,67.37,4.37,6.06,52.29,29.33
588.74,0,,67.76,29.28,1,0,68.03,4.38,6.14,52.38,29.26
588.86,0,,67.81,29.30,1,0,68.28,4.45,6.07,52.38,29.40
588.92,0,,68.00,29.35,1,0,68.01,4.55,6.08,52.49,29.49
589.04,0,,68.09,29.40,1,0,67.97,4.49,6.18,52.53,29.33
589.13,0,,68.06,29.40,1,0,68.00,4.43,6.12,52.41,29.33
589.22,0,,67.98,29.36,1,0,67.73,4.41,6.08,52.35,29.35
589.34,0,,67.92,29.33,1,0,68.17,4.39,6.09,52.34,29.32
589.43,0,,67.89,29.32,1,0,67.53,4.34,6.05,52.25,29.31
589.55,0,,67.86,29.31,1,0,68.17,4.29,6.01,52.16,29.30
589.64,0,,67.91,29.29,1,0,67.99,4.30,6.06,52.22,29.26
589.73,0,,68.00,29.27,1,0,68.08,4.25,6.09,52.20,29.18
589.82,0,,68.01,29.22,1,0,67.77,4.20,6.10,52.16,29.12
589.94,0,,67.95,29.16,1,0,67.94,4.22,6.07,52.15,29.17
590.06,0,,67.94,29.15,1,0,68.19,4.24,6.04,52.14,29.22
590.12,0,,67.94,29.17,1,0,67.47,4.26,6.09,52.21,29.19
590.24,0,,67.85,29.19,1,0,67.98,4.26,6.11,52.23,29.17
590.33,0,,67.79,29.18,1,0,67.71,4.24,6.07,52.17,29.19
590.42,0,,67.83,29.17,1,0,68.21,4.16,6.05,52.07,29.13
590.54,0,,67.91,29.15,1,0,67.69,4.16,6.05,52.07,29.13
590.63,0,,67.92,29.14,1,0,67.94,4.27,6.07,52.20,29.22
590.72,0,,67.84,29.16,1,0,67.46,4.25,6.10,52.21,29.17
590.84,0,,67.78,29.18,1,0,68.22,4.29,6.09,52.24,29.22
590.93,0,,67.91,29.21,1,0,68.36,4.31,6.05,52.22,29.28
591.05,0,,68.16,29.24,1,0,68.28,4.30,6.06,52.22,29.26
591.14,0,,68.23,29.26,0,2,67.77,4.35,6.12,52.33,29.25
591.23,0,,68.06,29.26,0,2,67.67,4.35,6.10,52.31,29.27
591.32,0,,67.89,29.27,1,0,68.22,4.42,6.09,52.37,29.35
591.44,0,,67.86,29.29,1,0,67.58,4.45,6.17,52.48,29.30
591.53,0,,67.86,29.30,1,0,68.09,4.39,6.19,52.44,29.22
591.62,0,,67.84,29.28,1,0,67.59,4.40,6.10,52.36,29.32
591.74,0,,67.80,29.27,1,0,67.78,4.37,6.12,52.35,29.27
591.83,0,,67.80,29.27,1,0,68.11,4.39,6.15,52.40,29.26
591.92,0,,67.89,29.28,4,-2,67.90,4.49,6.10,52.45,29.41
592.04,0,,67.97,29.33,2,-1,68.02,4.47,6.09,52.42,29.40
592.13,0,,68.00,29.36,1,0,67.99,4.37,6.14,52.37,29.25
592.22,0,,68.04,29.32,1,0,68.26,4.34,6.16,52.36,29.20
592.34,0,,68.06,29.25,1,0,67.68,4.36,6.16,52.38,29.22
592.43,0,,67.96,29.22,0,1,67.83,4.42,6.17,52.45,29.27
592.55,0,,67.96,29.24,1,0,68.68,4.48,6.18,52.52,29.32
592.64,0,,68.13,29.27,1,0,67.95,4.44,6.19,52.49,29.27
592.73,0,,68.16,29.27,0,1,67.79,4.37,6.21,52.44,29.18
592.82,0,,68.01,29.25,0,1,67.88,4.41,6.15,52.42,29.28
592.94,0,,67.90,29.24,1,0,67.98,4.41,6.18,52.45,29.25
593.03,0,,67.90,29.24,1,0,67.93,4.42,6.21,52.49,29.23
593.12,0,,67.91,29.25,1,0,67.84,4.51,6.17,52.54,29.36
593.24,0,,67.88,29.28,1,0,67.78,4.45,6.21,52.52,29.26
593.33,0,,67.86,29.27,2,-1,68.00,4.36,6.20,52.42,29.18
593.42,0,,67.90,29.24,2,-1,68.03,4.39,6.16,52.41,29.25
593.54,0,,67.97,29.22,2,-1,67.98,4.38,6.21,52.45,29.19
593.63,0,,68.04,29.21,1,0,68.28,4.43,6.23,52.52,29.22
593.72,0,,68.14,29.22,1,0,68.25,4.54,6.23,52.63,29.33
593.84,0,,68.21,29.26,1,0,68.12,4.52,6.27,52.65,29.27
593.93,0,,68.19,29.27,0,2,68.07,4.45,6.27,52.58,29.20
594.05,0,,68.09,29.24,0,2,67.75,4.45,6.28,52.59,29.19
594.14,0,,67.98,29.20,0,1,68.13,4.48,6.33,52.67,29.17
594.23,0,,67.94,29.19,0,1,67.82,4.54,6.30,52.70,29.26
594.32,0,,67.89,29.22,0,1,67.70,4.62,6.29,52.77,29.35
594.44,0,,67.81,29.28,1,0,67.85,4.57,6.28,52.71,29.31
594.53,0,,67.87,29.31,2,-1,68.49,4.48,6.22,52.56,29.28
594.62,0,,68.05,29.30,1,0,67.91,4.46,6.25,52.57,29.23
594.74,0,,68.12,29.25,2,-1,68.05,4.40,6.31,52.57,29.11
594.83,0,,68.04,29.18,1,0,67.67,4.44,6.32,52.62,29.14
594.92,0,,67.88,29.14,1,0,67.78,4.52,6.30,52.68,29.24
595.04,0,,67.79,29.17,1,0,67.85,4.52,6.29,52.67,29.25
595.13,0,,67.74,29.20,2,-1,67.49,4.42,6.33,52.61,29.11
595.22,0,,67.65,29.17,1,0,67.57,4.37,6.34,52.57,29.05
595.37,0,,67.64,29.12,1,0,68.11,4.49,6.31,52.66,29.20
595.43,0,,67.80,29.14,1,0,67.97,4.57,6.36,52.79,29.23
595.55,0,,67.93,29.17,2,-1,67.83,4.52,6.39,52.77,29.15
595.64,0,,67.93,29.18,1,0,67.84,4.47,6.36,52.69,29.13
595.73,0,,67.89,29.15,1,0,67.93,4.42,6.34,52.62,29.10
595.82,0,,67.95,29.12,1,0,68.39,4.47,6.34,52.67,29.15
595.94,0,,68.10,29.13,1,0,68.08,4.60,6.36,52.82,29.26
596.03,0,,68.20,29.20,0,2,68.29,4.79,6.40,53.05,29.41
596.12,0,,68.30,29.32,0,2,68.73,4.97,6.52,53.35,29.47
596.24,0,,68.39,29.40,0,2,67.94,5.01,6.67,53.54,29.36
596.33,0,,68.37,29.42,0,2,68.58,5.06,6.69,53.61,29.39
596.42,0,,68.27,29.39,0,2,67.70,4.85,6.57,53.28,29.30
596.54,0,,68.09,29.32,0,2,67.90,4.73,6.59,53.18,29.16
596.63,0,,67.92,29.26,0,1,67.96,5.14,6.81,53.81,29.35
596.72,0,,67.89,29.27,0,1,67.93,5.10,6.73,53.69,29.39
596.84,0,,67.91,29.32,4,-2,67.97,4.88,6.60,53.34,29.30
596.93,0,,67.93,29.33,4,-2,67.92,4.96,6.70,53.52,29.28
597.05,0,,67.93,29.29,4,-2,67.86,4.77,6.67,53.30,29.12
597.14,0,,67.90,29.20,4,-2,67.83,4.75,6.70,53.31,29.07
597.23,0,,67.85,29.11,4,-2,67.79,4.86,6.82,53.54,29.06
597.32,0,,67.86,29.06,2,-1,68.11,4.95,6.92,53.73,29.05
597.44,0,,67.88,29.04,2,-1,67.58,5.11,7.09,54.06,29.04
597.53,0,,67.82,29.02,2,-1,67.77,5.12,7.19,54.17,28.95
597.62,0,,67.77,28.98,1,0,67.84,5.09,7.23,54.18,28.88
597.74,0,,67.69,28.91,1,0,67.16,4.98,7.25,54.09,28.75
597.83,0,,67.51,28.81,4,-2,67.38,4.90,7.26,54.02,28.66
597.92,0,,67.36,28.71,4,-2,67.40,4.85,7.24,53.95,28.63
598.04,0,,67.43,28.62,4,-2,68.04,4.62,7.18,53.66,28.46
598.13,0,,67.64,28.52,4,-2,67.76,4.43,7.07,53.36,28.38
598.22,0,,67.83,28.41,4,-2,68.00,4.18,6.98,53.02,28.22
598.34,0,,67.89,28.26,2,-1,67.65,3.83,6.90,52.59,27.95
598.43,0,,67.80,28.07,2,-1,67.40,3.46,6.70,52.02,27.78
598.55,0,,67.56,27.85,2,-1,67.16,3.03,6.54,51.43,27.51
598.64,0,,67.38,27.62,2,-1,67.64,2.64,6.38,50.88,27.28
598.73,0,,67.38,27.38,2,-1,67.44,2.31,6.21,50.38,27.12
598.82,0,,67.47,27.18,2,-1,67.67,1.98,6.03,49.87,26.97
598.94,0,,67.54,27.01,2,-1,67.49,1.69,5.86,49.41,26.85
599.03,0,,67.58,26.89,2,-1,67.61,1.55,5.77,49.18,26.80
599.12,0,,67.53,26.80,2,-1,67.17,1.41,5.72,48.99,26.71
599.24,0,,67.45,26.73,2,-1,67.65,1.27,5.65,48.78,26.64
599.33,0,,67.40,26.69,2,-1,67.12,1.33,5.59,48.78,26.76
599.42,0,,67.33,26.68,2,-1,67.29,1.28,5.62,48.76,26.68
599.54,0,,67.33,26.69,2,-1,67.72,1.24,5.58,48.68,26.68
599.66,0,,67.39,26.70,2,-1,67.10,1.34,5.52,48.72,26.84
599.72,0,,67.41,26.74,2,-1,67.65,1.30,5.57,48.73,26.75
599.84,0,,67.42,26.78,2,-1,67.27,1.38,5.51,48.75,26.89
599.93,0,,67.41,26.84,2,-1,67.39,1.40,5.48,48.74,26.94
600.05,0,,67.37,26.87,2,-1,67.31,1.25,5.49,48.60,26.78
600.14,0,,67.34,26.87,1,0,67.31,1.30,5.45,48.61,26.87
600.29,0,,67.34,26.85,2,-1,67.51,1.38,5.53,48.77,26.87
600.32,0,,67.48,26.86,2,-1,68.08,1.40,5.51,48.77,26.91
600.44,0,,67.71,26.90,2,-1,67.72,1.39,5.36,48.61,27.05
600.53,0,,67.76,26.97,0,1,67.26,1.37,5.36,48.59,27.03
600.62,0,,67.59,27.00,0,2,67.37,1.33,5.43,48.62,26.92
600.74,0,,67.45,26.98,0,1,67.69,1.35,5.43,48.64,26.94
600.83,0,,67.52,26.97,0,1,67.86,1.48,5.39,48.73,27.11
600.92,0,,67.68,27.01,0,1,67.77,1.42,5.39,48.67,27.05
601.04,0,,67.81,27.04,0,2,67.98,1.37,5.35,48.58,27.04
601.13,0,,67.86,27.06,0,2,67.61,1.38,5.27,48.51,27.13
601.22,0,,67.87,27.08,0,1,68.26,1.30,5.26,48.42,27.06
601.34,0,,67.93,27.10,0,1,67.71,1.37,5.19,48.42,27.20
601.43,0,,67.93,27.15,0,1,67.98,1.36,5.11,48.33,27.27
601.55,0,,67.87,27.20,0,1,67.55,1.20,5.06,48.12,27.16
601.64,0,,67.78,27.20,0,1,67.83,1.17,5.05,48.08,27.14
601.73,0,,67.78,27.17,0,1,68.13,1.17,5.09,48.12,27.10
601.82,0,,67.90,27.14,0,1,67.97,1.29,5.07,48.22,27.24
601.94,0,,67.96,27.19,0,1,67.70,1.46,5.05,48.37,27.43
602.06,0,,67.91,27.30,0,1,67.98,1.49,5.05,48.40,27.46
602.12,0,,67.85,27.40,1,0,67.64,1.48,5.08,48.42,27.42
602.24,0,,67.82,27.45,0,1,68.00,1.51,5.07,48.44,27.46
602.33,0,,67.87,27.48,0,1,68.14,1.61,5.03,48.50,27.60
602.42,0,,68.06,27.54,0,1,68.53,1.73,5.06,48.65,27.69
602.54,0,,68.23,27.64,0,1,67.93,1.89,5.05,48.80,27.86
602.63,0,,68.20,27.76,0,1,67.96,1.89,5.04,48.79,27.87
602.72,0,,68.06,27.84,0,1,67.96,1.83,5.08,48.77,27.77
602.84,0,,67.95,27.86,0,1,67.79,2.01,5.07,48.94,27.96
602.93,0,,67.99,27.91,0,1,68.84,2.16,5.07,49.09,28.11
603.05,0,,68.29,28.03,0,1,68.64,2.38,5.12,49.36,28.28
603.14,0,,68.58,28.20,0,2,68.67,2.64,5.17,49.67,28.49
603.23,0,,68.65,28.36,0,2,68.31,2.62,5.24,49.72,28.40
603.32,0,,68.51,28.42,0,2,68.07,2.51,5.20,49.57,28.33
603.47,0,,68.31,28.40,0,1,68.42,2.40,5.10,49.36,28.32
603.53,0,,68.25,28.35,0,1,68.25,2.27,5.02,49.15,28.27
603.62,0,,68.29,28.29,0,1,68.54,2.20,5.01,49.07,28.21
603.74,0,,68.41,28.24,0,1,68.67,2.27,5.00,49.13,28.29
603.83,0,,68.55,28.28,0,1,68.56,2.39,4.86,49.11,28.55
603.92,0,,68.63,28.39,0,1,68.74,2.33,4.84,49.03,28.51
604.07,0,,68.69,28.48,0,1,68.81,2.29,4.88,49.03,28.43
604.13,0,,68.74,28.50,0,1,68.63,2.32,4.79,48.97,28.55
604.22,0,,68.78,28.50,0,2,69.10,2.27,4.82,48.95,28.47
604.34,0,,68.85,28.51,0,2,68.77,2.29,4.75,48.90,28.56
604.43,0,,68.82,28.52,0,2,68.35,2.21,4.67,48.74,28.56
604.55,0,,68.69,28.52,0,2,68.90,2.10,4.74,48.70,28.38
604.64,0,,68.66,28.48,0,2,68.62,2.16,4.69,48.71,28.49
604.73,0,,68.67,28.47,0,2,68.63,2.24,4.68,48.78,28.58
604.82,0,,68.66,28.52,0,1,68.76,2.41,4.80,49.07,28.63
604.94,0,,68.72,28.59,0,1,68.98,2.47,4.81,49.14,28.68
605.03,0,,68.81,28.65,0,1,68.74,2.43,4.73,49.02,28.72
605.12,0,,68.85,28.71,0,1,68.92,2.48,4.70,49.04,28.80
605.30,0,,68.84,28.74,1,0,68.64,2.42,4.74,49.02,28.70
605.33,0,,68.81,28.75,0,1,68.98,2.39,4.65,48.90,28.76
605.45,0,,68.77,28.76,0,1,68.43,2.37,4.53,48.76,28.86
605.54,0,,68.66,28.77,0,1,68.48,2.20,4.53,48.59,28.69
605.63,0,,68.60,28.75,0,1,69.03,2.05,4.44,48.35,28.63
605.72,0,,68.79,28.70,1,0,69.43,2.04,4.32,48.22,28.74
605.84,0,,69.08,28.71,0,1,69.08,2.19,4.29,48.34,28.92
605.93,0,,69.20,28.82,0,1,69.04,2.35,4.33,48.54,29.04
606.05,0,,69.22,28.95,0,2,69.56,2.43,4.38,48.67,29.07
606.14,0,,69.34,29.06,0,2,69.60,2.51,4.36,48.73,29.17
606.23,0,,69.44,29.12,0,2,69.14,2.48,4.38,48.72,29.12
606.32,0,,69.30,29.14,0,2,68.57,2.49,4.42,48.77,29.09
606.44,0,,68.96,29.09,0,2,68.65,2.03,4.16,48.05,28.89
606.53,0,,68.70,28.92,0,1,68.67,0.89,3.60,46.35,28.31
606.62,0,,68.65,28.65,0,1,68.97,0.98,3.54,46.38,28.46
606.74,0,,68.72,28.54,4,-2,68.62,2.20,4.07,48.13,29.15
606.83,0,,68.83,28.72,4,-2,69.40,1.96,4.03,47.85,28.95
606.92,0,,69.05,28.91,4,-2,69.30,1.88,3.95,47.69,28.95
607.04,0,,69.24,29.06,4,-2,69.22,2.98,4.47,49.31,29.53
607.13,0,,69.32,29.24,1,0,69.42,2.73,4.45,49.04,29.30
607.22,0,,69.30,29.31,0,2,68.89,2.17,4.17,48.20,29.02
607.37,0,,69.18,29.20,0,1,69.16,1.96,4.08,47.90,28.90
607.43,0,,69.05,28.99,0,1,68.73,1.30,3.67,46.83,28.65
607.55,0,,69.01,28.83,0,1,69.53,1.91,3.93,47.70,29.00
607.64,0,,69.08,28.86,0,1,68.88,2.79,4.54,49.19,29.27
607.73,0,,69.09,29.02,1,0,68.97,2.34,4.26,48.46,29.10
607.82,0,,69.05,29.16,2,-1,69.15,2.62,4.28,48.76,29.36
607.94,0,,69.06,29.27,2,-1,69.15,2.85,4.46,49.17,29.41
608.03,0,,69.16,29.34,1,0,69.48,2.47,4.28,48.61,29.21
608.12,0,,69.30,29.33,0,1,69.43,2.71,4.37,48.94,29.36
608.24,0,,69.36,29.32,0,1,69.05,2.69,4.37,48.92,29.34
608.33,0,,69.25,29.33,0,1,68.95,2.63,4.31,48.80,29.34
608.42,0,,69.09,29.33,0,1,69.05,2.64,4.37,48.87,29.29
608.54,0,,69.03,29.30,0,1,69.18,2.53,4.32,48.71,29.23
608.63,0,,68.98,29.27,1,0,68.50,2.53,4.29,48.68,29.26
608.72,0,,68.88,29.23,1,0,69.08,2.41,4.31,48.58,29.12
608.84,0,,68.85,29.21,1,0,68.87,2.70,4.36,48.92,29.36
608.93,0,,68.92,29.28,1,0,69.17,2.96,4.38,49.20,29.60
609.05,0,,69.00,29.41,1,0,68.97,2.82,4.41,49.09,29.43
609.14,0,,69.01,29.48,4,-2,68.77,2.87,4.46,49.19,29.43
609.29,0,,68.91,29.48,2,-1,68.78,2.93,4.46,49.25,29.49
609.32,0,,68.83,29.49,2,-1,68.94,3.09,4.51,49.46,29.60
609.47,0,,68.85,29.56,2,-1,68.96,3.38,4.59,49.83,29.81
609.53,0,,68.91,29.68,2,-1,68.92,3.41,4.61,49.88,29.82
609.62,0,,68.87,29.76,2,-1,68.46,3.31,4.67,49.84,29.66
609.80,0,,68.77,29.75,2,-1,68.94,3.33,4.71,49.90,29.64
609.83,0,,68.82,29.72,2,-1,69.29,3.51,4.69,50.06,29.84
609.92,0,,69.00,29.76,2,-1,69.04,3.64,4.74,50.24,29.92
610.07,0,,69.05,29.85,1,0,68.62,3.72,4.77,50.35,29.97
610.13,0,,68.92,29.92,0,1,68.84,3.70,4.81,50.37,29.91
610.22,0,,68.81,29.93,2,-1,68.76,3.59,4.82,50.27,29.79
610.34,0,,68.77,29.90,1,0,68.84,3.68,4.72,50.26,29.98
610.43,0,,68.75,29.91,1,0,68.50,3.72,4.73,50.31,30.01
610.55,0,,68.67,29.94,2,-1,68.61,3.70,4.83,50.39,29.89
610.64,0,,68.64,29.94,2,-1,68.87,3.71,4.83,50.40,29.90
610.73,0,,68.68,29.92,2,-1,68.56,3.72,4.78,50.36,29.96
610.82,0,,68.68,29.93,2,-1,68.68,3.73,4.79,50.38,29.96
610.94,0,,68.67,29.94,2,-1,68.71,3.72,4.80,50.38,29.94
611.03,0,,68.72,29.95,2,-1,68.99,3.80,4.79,50.45,30.03
611.12,0,,68.82,29.99,2,-1,68.83,3.85,4.82,50.53,30.05
611.24,0,,68.89,30.01,2,-1,68.95,3.77,4.85,50.48,29.94
611.33,0,,68.91,30.00,1,0,68.81,3.77,4.83,50.46,29.96
611.42,0,,68.87,29.97,0,1,68.75,3.79,4.85,50.50,29.96
611.54,0,,68.78,29.96,0,1,68.52,3.81,4.86,50.53,29.97
611.63,0,,68.65,29.98,0,1,68.59,3.92,4.83,50.61,30.11
611.72,0,,68.56,30.02,1,0,68.48,3.87,4.86,50.59,30.03
611.87,0,,68.54,30.04,2,-1,68.73,3.82,4.85,50.53,29.99
611.93,0,,68.59,30.03,2,-1,68.66,3.86,4.83,50.55,30.05
612.05,0,,68.65,30.02,2,-1,68.67,3.84,4.88,50.58,29.98
612.14,0,,68.70,30.00,2,-1,68.88,3.90,4.92,50.68,30.00
612.23,0,,68.77,30.00,2,-1,68.83,3.99,4.93,50.78,30.08
612.32,0,,68.85,30.02,2,-1,68.97,3.94,4.95,50.75,30.01
612.47,0,,68.88,30.01,2,-1,68.69,3.87,4.95,50.68,29.94
612.53,0,,68.81,29.99,0,1,68.58,3.87,4.91,50.64,29.98
612.62,0,,68.60,29.96,1,0,67.88,3.84,4.97,50.67,29.89
612.74,0,,68.34,29.92,1,0,68.54,3.88,5.01,50.75,29.89
612.83,0,,68.32,29.91,2,-1,68.76,3.96,4.93,50.75,30.05
612.92,0,,68.48,29.94,2,-1,68.46,3.87,4.98,50.71,29.91
613.04,0,,68.50,29.94,1,0,68.07,3.79,4.99,50.64,29.82
613.13,0,,68.45,29.88,2,-1,68.97,3.79,4.99,50.64,29.82
613.22,0,,68.57,29.83,2,-1,68.79,3.83,5.06,50.75,29.79
613.37,0,,68.67,29.81,2,-1,68.23,3.89,5.01,50.76,29.90
613.43,0,,68.58,29.84,2,-1,68.53,3.91,5.05,50.82,29.88
613.55,0,,68.49,29.86,2,-1,68.51,3.90,5.09,50.85,29.83
613.64,0,,68.47,29.86,2,-1,68.44,3.88,5.02,50.76,29.88
613.73,0,,68.47,29.85,2,-1,68.55,3.83,5.05,50.74,29.80
613.82,0,,68.48,29.83,2,-1,68.38,3.86,5.08,50.80,29.80
613.94,0,,68.45,29.82,1,0,68.37,3.95,5.06,50.87,29.91
614.03,0,,68.37,29.85,2,-1,68.14,3.97,5.06,50.89,29.93
614.12,0,,68.24,29.88,2,-1,68.04,3.87,5.10,50.83,29.79
614.24,0,,68.19,29.85,2,-1,68.59,3.86,5.11,50.83,29.77
614.33,0,,68.29,29.82,2,-1,68.40,3.95,5.06,50.87,29.91
614.42,0,,68.44,29.83,2,-1,68.74,3.96,5.15,50.97,29.83
614.54,0,,68.55,29.84,2,-1,68.40,4.01,5.18,51.05,29.85
614.63,0,,68.52,29.85,2,-1,68.20,4.05,5.13,51.04,29.94
614.72,0,,68.40,29.87,2,-1,68.40,3.96,5.20,51.02,29.78
614.84,0,,68.32,29.86,1,0,68.26,3.99,5.14,50.99,29.87
614.93,0,,68.27,29.85,2,-1,68.14,4.03,5.13,51.02,29.92
615.05,0,,68.21,29.86,2,-1,68.16,4.03,5.28,51.17,29.77
615.14,0,,68.22,29.84,2,-1,68.62,4.07,5.27,51.20,29.82
615.23,0,,68.33,29.82,2,-1,68.25,4.01,5.19,51.06,29.84
615.32,0,,68.42,29.82,2,-1,68.68,3.99,5.18,51.03,29.83
615.44,0,,68.50,29.83,2,-1,68.49,4.02,5.18,51.06,29.86
615.53,0,,68.47,29.84,1,0,67.96,4.01,5.16,51.03,29.87
615.62,0,,68.31,29.85,1,0,68.33,4.01,5.22,51.09,29.81
615.74,0,,68.24,29.84,2,-1,68.36,4.07,5.27,51.20,29.82
615.83,0,,68.28,29.84,2,-1,68.41,4.16,5.23,51.25,29.95
615.92,0,,68.37,29.87,2,-1,68.49,4.11,5.26,51.23,29.87
616.04,0,,68.44,29.88,1,0,68.48,4.01,5.22,51.09,29.81
616.13,0,,68.45,29.85,1,0,68.21,3.97,5.18,51.01,29.81
616.22,0,,68.43,29.82,1,0,68.73,3.98,5.23,51.07,29.77
616.34,0,,68.45,29.79,1,0,68.22,4.06,5.25,51.17,29.83
616.43,0,,68.38,29.79,1,0,68.09,4.05,5.27,51.18,29.80
616.55,0,,68.26,29.79,1,0,68.32,4.03,5.29,51.18,29.76
616.64,0,,68.24,29.79,1,0,68.39,4.08,5.29,51.23,29.81
616.73,0,,68.31,29.79,1,0,68.44,4.15,5.32,51.33,29.85
616.82,0,,68.42,29.82,1,0,68.66,4.24,5.34,51.44,29.92
616.97,0,,68.48,29.87,1,0,68.19,4.20,5.31,51.37,29.91
617.03,0,,68.42,29.90,1,0,68.25,4.18,5.32,51.36,29.88
617.12,0,,68.35,29.90,1,0,68.61,4.33,5.43,51.62,29.92
617.24,0,,68.34,29.91,1,0,68.03,4.33,5.45,51.64,29.90
617.33,0,,68.31,29.90,1,0,68.45,4.31,5.44,51.61,29.89
617.45,0,,68.25,29.89,1,0,67.93,4.35,5.52,51.73,29.85
617.54,0,,68.21,29.87,1,0,68.50,4.38,5.49,51.73,29.91
617.63,0,,68.28,29.88,1,0,68.57,4.35,5.44,51.65,29.93
617.72,0,,68.40,29.88,1,0,68.22,4.25,5.48,51.59,29.79
617.87,0,,68.36,29.86,1,0,68.07,4.23,5.44,51.53,29.81
617.93,0,,68.24,29.82,1,0,68.23,4.21,5.40,51.47,29.83
618.05,0,,68.19,29.81,1,0,68.34,4.24,5.46,51.56,29.80
618.14,0,,68.19,29.80,1,0,67.91,4.24,5.51,51.61,29.75
618.23,0,,68.20,29.77,1,0,68.70,4.17,5.50,51.53,29.69
618.32,0,,68.30,29.74,1,0,68.22,4.24,5.41,51.51,29.85
618.47,0,,68.37,29.76,1,0,68.40,4.19,5.41,51.46,29.80
618.53,0,,68.40,29.78,1,0,68.56,4.19,5.48,51.53,29.73
618.62,0,,68.45,29.78,1,0,68.42,4.30,5.51,51.67,29.81
618.74,0,,68.39,29.77,0,1,67.81,4.28,5.55,51.69,29.75
618.83,0,,68.14,29.77,1,0,67.79,4.31,5.52,51.69,29.81
618.92,0,,67.94,29.78,1,0,68.13,4.30,5.52,51.68,29.80
619.04,0,,67.87,29.78,1,0,67.62,4.33,5.62,51.81,29.73
619.13,0,,67.80,29.78,4,-2,67.70,4.53,5.70,52.09,29.85
619.22,0,,67.75,29.80,4,-2,68.00,4.60,5.73,52.19,29.89
619.34,0,,67.81,29.85,4,-2,67.87,4.56,5.73,52.15,29.85
619.43,0,,67.86,29.87,4,-2,67.73,4.58,5.72,52.16,29.88
619.55,0,,67.83,29.86,4,-2,67.81,4.52,5.72,52.10,29.82
619.64,0,,67.88,29.85,4,-2,68.42,4.56,5.72,52.14,29.86
619.73,0,,68.04,29.87,2,-1,67.97,4.70,5.72,52.28,30.00
619.82,0,,68.12,29.91,2,-1,68.08,4.67,5.75,52.28,29.94
619.94,0,,68.12,29.94,0,2,68.18,4.65,5.74,52.25,29.93
620.03,0,,68.09,29.95,0,2,67.85,4.63,5.69,52.18,29.96
620.12,0,,68.00,29.93,0,2,67.84,4.54,5.73,52.13,29.83
620.24,0,,67.94,29.90,0,1,68.20,4.61,5.70,52.17,29.93
620.33,0,,68.01,29.91,0,1,68.19,4.67,5.66,52.19,30.03
620.42,0,,68.09,29.95,0,1,67.91,4.64,5.69,52.19,29.97
620.54,0,,68.05,29.98,1,0,67.87,4.62,5.66,52.14,29.98
620.63,0,,67.97,29.98,2,-1,68.05,4.59,5.66,52.11,29.95
620.72,0,,67.94,29.96,0,1,67.86,4.60,5.72,52.18,29.90
620.84,0,,67.96,29.93,2,-1,68.22,4.63,5.71,52.20,29.94
620.93,0,,68.06,29.93,1,0,68.26,4.68,5.66,52.20,30.04
621.05,0,,68.13,29.98,0,1,67.84,4.68,5.65,52.19,30.05
621.14,0,,68.09,30.01,0,1,68.14,4.63,5.67,52.16,29.98
621.23,0,,68.02,30.01,0,1,67.77,4.64,5.71,52.21,29.95
621.32,0,,67.96,29.97,0,1,68.09,4.62,5.72,52.20,29.92
621.44,0,,67.96,29.94,1,0,68.01,4.66,5.73,52.25,29.95
621.53,0,,67.97,29.94,1,0,67.81,4.74,5.75,52.35,30.01
621.62,0,,67.95,29.96,2,-1,68.11,4.71,5.76,52.33,29.97
621.80,0,,67.98,29.98,1,0,67.99,4.71,5.72,52.29,30.01
621.83,0,,68.01,29.99,1,0,68.05,4.71,5.70,52.27,30.03
621.92,0,,68.02,30.00,1,0,67.92,4.68,5.71,52.25,29.99
622.07,0,,68.04,30.01,1,0,68.39,4.77,5.73,52.36,30.06
622.13,0,,68.10,30.03,1,0,67.88,4.86,5.78,52.50,30.10
622.22,0,,68.08,30.06,1,0,67.96,4.83,5.81,52.50,30.04
622.37,0,,67.97,30.07,1,0,67.74,4.82,5.78,52.46,30.06
622.43,0,,67.89,30.07,1,0,68.02,4.84,5.76,52.46,30.10
622.55,0,,67.86,30.07,1,0,67.74,4.77,5.77,52.40,30.02
622.67,0,,67.85,30.06,1,0,67.89,4.81,5.77,52.44,30.06
622.73,0,,67.88,30.06,1,0,68.10,4.93,5.80,52.59,30.15
622.82,0,,68.01,30.08,1,0,68.38,4.86,5.83,52.55,30.05
622.94,0,,68.14,30.08,1,0,67.93,4.85,5.82,52.53,30.05
623.03,0,,68.18,30.08,1,0,68.31,4.95,5.82,52.63,30.15
623.12,0,,68.17,30.10,1,0,68.05,4.94,5.79,52.59,30.17
623.24,0,,68.17,30.13,1,0,68.30,4.89,5.81,52.56,30.10
623.33,0,,68.18,30.14,0,1,68.12,4.97,5.84,52.67,30.15
623.42,0,,68.17,30.14,0,2,68.06,5.02,5.83,52.71,30.21
623.54,0,,68.12,30.15,0,1,68.05,4.94,5.85,52.65,30.11
623.63,0,,68.08,30.14,1,0,68.12,4.90,5.85,52.61,30.07
623.72,0,,68.05,30.10,1,0,67.90,4.94,5.87,52.67,30.09
623.87,0,,67.95,30.09,1,0,67.57,5.01,5.89,52.76,30.14
623.93,0,,67.83,30.10,1,0,68.03,5.04,5.89,52.79,30.17
624.05,0,,67.84,30.13,4,-2,68.04,5.02,5.93,52.81,30.11
624.14,0,,67.90,30.13,4,-2,67.67,5.03,5.97,52.86,30.08
624.23,0,,67.83,30.10,4,-2,67.53,5.02,5.96,52.84,30.08
624.32,0,,67.72,30.08,4,-2,67.89,5.04,5.94,52.84,30.12
624.44,0,,67.76,30.10,4,-2,68.16,5.19,6.00,53.05,30.21
624.53,0,,67.86,30.16,2,-1,67.51,5.40,6.14,53.40,30.28
624.62,0,,67.83,30.21,2,-1,67.81,5.42,6.24,53.52,30.20
624.74,0,,67.79,30.23,2,-1,67.95,5.44,6.28,53.58,30.18
624.83,0,,67.91,30.23,2,-1,68.45,5.68,6.31,53.85,30.39
624.92,0,,68.15,30.28,0,1,68.36,5.60,6.29,53.75,30.33
625.04,0,,68.30,30.29,0,2,68.08,5.37,6.30,53.53,30.09
625.13,0,,68.31,30.19,0,2,68.41,5.24,6.36,53.46,29.90
625.22,0,,68.29,30.02,0,2,68.20,5.07,6.27,53.20,29.82
625.34,0,,68.27,29.88,0,2,68.25,4.91,6.07,52.84,29.86
625.43,0,,68.26,29.79,0,2,68.33,4.64,6.05,52.55,29.61
625.55,0,,68.21,29.69,0,2,67.79,4.70,6.24,52.80,29.48
625.64,0,,68.04,29.57,0,1,67.70,4.90,6.36,53.12,29.56
625.73,0,,67.83,29.52,1,0,67.76,4.96,6.45,53.27,29.53
625.82,0,,67.72,29.51,4,-2,67.66,5.06,6.55,53.47,29.53
625.94,0,,67.69,29.51,4,-2,67.83,5.02,6.55,53.43,29.49
626.03,0,,67.67,29.49,4,-2,67.37,4.95,6.54,53.35,29.43
626.12,0,,67.60,29.45,4,-2,67.63,4.88,6.53,53.27,29.37
626.24,0,,67.57,29.40,4,-2,67.68,4.75,6.46,53.07,29.31
626.33,0,,67.62,29.32,4,-2,67.74,4.51,6.33,52.70,29.20
626.42,0,,67.66,29.23,4,-2,67.56,4.22,6.22,52.30,29.02
626.54,0,,67.65,29.09,2,-1,67.59,3.97,6.14,51.97,28.85
626.63,0,,67.60,28.93,2,-1,67.53,3.77,6.06,51.69,28.73
626.72,0,,67.62,28.79,2,-1,67.96,3.70,6.05,51.61,28.67
626.84,0,,67.71,28.70,1,0,67.69,3.67,5.97,51.50,28.72
626.93,0,,67.70,28.66,0,1,67.23,3.48,5.93,51.27,28.57
627.05,0,,67.60,28.60,0,1,67.89,3.31,5.91,51.08,28.42
627.14,0,,67.60,28.51,1,0,67.63,3.16,5.70,50.72,28.48
627.23,0,,67.62,28.43,1,0,67.36,2.79,5.55,50.20,28.26
627.32,0,,67.51,28.32,2,-1,67.31,2.47,5.42,49.75,28.07
627.44,0,,67.42,28.17,2,-1,67.59,2.15,5.19,49.20,27.98
627.53,0,,67.38,27.99,2,-1,67.10,1.64,5.09,48.59,27.57
627.62,0,,67.31,27.73,2,-1,67.27,1.18,4.96,48.00,27.24
627.74,0,,67.27,27.43,4,-2,67.45,0.82,4.72,47.40,27.12
627.83,0,,67.35,27.18,4,-2,67.60,0.58,4.57,47.01,27.03
627.92,0,,67.49,27.03,2,-1,67.62,0.33,4.46,46.65,26.89
628.04,0,,67.54,26.90,2,-1,67.26,-0.07,4.30,46.09,26.65
628.13,0,,67.41,26.73,2,-1,66.91,-0.41,4.18,45.63,26.43
628.22,0,,67.23,26.53,2,-1,67.46,-0.66,4.07,45.27,26.29
628.34,0,,67.24,26.36,2,-1,67.55,-0.85,3.93,44.94,26.24
628.43,0,,67.40,26.24,2,-1,67.56,-1.00,3.85,44.71,26.17
628.55,0,,67.50,26.17,0,1,67.37,-1.14,3.78,44.50,26.10
628.64,0,,67.50,26.10,0,1,67.53,-1.38,3.71,44.19,25.93
628.73,0,,67.56,25.99,0,1,67.96,-1.58,3.63,43.91,25.81
628.82,0,,67.69,25.90,0,1,67.64,-1.58,3.51,43.79,25.93
628.94,0,,67.73,25.87,0,2,67.58,-1.59,3.52,43.79,25.91
629.03,0,,67.65,25.87,0,2,67.45,-1.68,3.54,43.72,25.80
629.12,0,,67.58,25.84,0,2,67.73,-1.75,3.48,43.59,25.79
629.24,0,,67.55,25.79,0,1,67.33,-1.94,3.46,43.38,25.62
629.33,0,,67.47,25.70,1,0,67.27,-2.06,3.40,43.20,25.56
629.42,0,,67.41,25.61,1,0,67.75,-2.09,3.32,43.09,25.61
629.54,0,,67.53,25.58,1,0,67.86,-2.12,3.28,43.02,25.62
629.63,0,,67.69,25.59,1,0,67.64,-2.13,3.26,42.99,25.63
629.72,0,,67.71,25.59,0,1,67.47,-2.28,3.22,42.80,25.52
629.84,0,,67.59,25.54,0,1,67.25,-2.47,3.21,42.60,25.34
629.93,0,,67.44,25.43,1,0,67.50,-2.54,3.21,42.53,25.27
630.05,0,,67.37,25.33,2,-1,67.27,-2.56,3.14,42.44,25.32
630.14,0,,67.39,25.30,2,-1,67.76,-2.53,3.11,42.44,25.38
630.23,0,,67.56,25.32,1,0,68.00,-2.53,3.13,42.46,25.36
630.32,0,,67.80,25.35,0,1,67.97,-2.63,3.04,42.27,25.35
630.44,0,,67.91,25.35,0,1,67.62,-2.74,2.99,42.11,25.29
630.53,0,,67.84,25.31,0,1,67.68,-2.86,2.99,41.99,25.17
630.62,0,,67.70,25.24,0,1,67.41,-2.90,2.91,41.87,25.21
630.74,0,,67.55,25.20,0,1,67.48,-2.91,2.93,41.88,25.18
630.83,0,,67.47,25.17,0,1,67.50,-2.92,2.93,41.87,25.17
630.92,0,,67.44,25.17,0,1,67.38,-2.97,2.82,41.71,25.23
631.04,0,,67.47,25.18,1,0,67.80,-3.06,2.78,41.58,25.18
631.13,0,,67.62,25.19,1,0,68.02,-3.14,2.74,41.46,25.14
631.22,0,,67.82,25.17,1,0,67.82,-3.20,2.68,41.34,25.14
631.37,0,,67.86,25.16,1,0,67.50,-3.11,2.69,41.44,25.22
631.43,0,,67.82,25.19,1,0,68.20,-3.04,2.68,41.50,25.30
631.55,0,,67.83,25.24,0,1,67.55,-3.17,2.60,41.29,25.25
631.64,0,,67.73,25.24,0,1,67.20,-3.35,2.56,41.07,25.11
631.73,0,,67.52,25.19,0,1,67.62,-3.39,2.52,40.99,25.11
631.82,0,,67.47,25.14,1,0,67.67,-3.36,2.45,40.95,25.21
631.94,0,,67.55,25.15,1,0,67.64,-3.35,2.45,40.96,25.22
632.03,0,,67.64,25.19,1,0,67.75,-3.27,2.50,41.09,25.25
632.12,0,,67.65,25.22,1,0,67.36,-3.33,2.45,40.98,25.24
632.24,0,,67.62,25.23,1,0,67.81,-3.46,2.37,40.77,25.19
632.33,0,,67.63,25.23,1,0,67.67,-3.41,2.35,40.80,25.26
632.42,0,,67.69,25.23,1,0,67.81,-3.46,2.34,40.74,25.22
632.54,0,,67.70,25.23,1,0,67.40,-3.45,2.33,40.74,25.24
632.63,0,,67.62,25.24,1,0,67.54,-3.34,2.35,40.87,25.33
632.72,0,,67.51,25.26,1,0,67.33,-3.41,2.37,40.82,25.24
632.84,0,,67.44,25.27,1,0,67.52,-3.43,2.31,40.74,25.28
632.93,0,,67.45,25.27,1,0,67.58,-3.42,2.29,40.73,25.31
633.05,0,,67.58,25.27,1,0,68.10,-3.51,2.31,40.66,25.20
633.17,0,,67.78,25.26,1,0,67.76,-3.50,2.27,40.63,25.25
633.23,0,,67.90,25.25,0,1,68.07,-3.44,2.27,40.69,25.31
633.32,0,,67.95,25.27,0,1,67.82,-3.43,2.28,40.71,25.31
633.44,0,,67.87,25.30,0,2,67.35,-3.50,2.20,40.56,25.32
633.53,0,,67.65,25.30,1,0,67.50,-3.61,2.16,40.41,25.25
633.62,0,,67.49,25.27,1,0,67.43,-3.69,2.17,40.34,25.16
633.80,0,,67.46,25.22,1,0,67.72,-3.73,2.12,40.25,25.17
633.83,0,,67.52,25.19,1,0,67.50,-3.63,2.06,40.29,25.33
633.92,0,,67.58,25.24,1,0,67.72,-3.58,2.10,40.38,25.34
634.04,0,,67.65,25.28,1,0,67.77,-3.68,2.11,40.29,25.23
634.13,0,,67.73,25.27,1,0,67.79,-3.77,2.05,40.14,25.20
634.22,0,,67.76,25.23,1,0,67.66,-3.83,2.05,40.08,25.14
634.34,0,,67.76,25.18,1,0,67.88,-3.81,2.05,40.10,25.16
634.43,0,,67.80,25.16,0,1,67.94,-3.75,2.03,40.14,25.24
634.55,0,,67.88,25.18,1,0,67.93,-3.73,2.05,40.18,25.24
634.64,0,,67.90,25.21,0,1,67.76,-3.79,2.01,40.08,25.22
634.73,0,,67.85,25.22,0,1,67.67,-3.87,1.98,39.97,25.17
634.82,0,,67.78,25.21,0,1,67.92,-3.85,1.96,39.97,25.21
634.94,0,,67.77,25.20,0,1,67.64,-3.86,1.94,39.94,25.22
635.03,0,,67.76,25.21,1,0,67.83,-3.86,1.96,39.96,25.20
635.12,0,,67.78,25.21,0,1,67.91,-3.75,2.02,40.13,25.25
635.30,0,,67.82,25.23,0,1,67.74,-3.69,2.01,40.18,25.32
635.33,0,,67.80,25.28,0,1,67.66,-3.70,1.93,40.09,25.39
635.42,0,,67.71,25.33,2,-1,67.50,-3.74,1.97,40.09,25.31
635.54,0,,67.64,25.33,2,-1,67.82,-3.77,2.03,40.12,25.22
635.63,0,,67.70,25.29,2,-1,68.01,-3.72,1.97,40.11,25.33
635.72,0,,67.82,25.30,2,-1,67.71,-3.65,1.97,40.18,25.40
635.84,0,,67.86,25.34,1,0,67.90,-3.61,1.99,40.24,25.42
635.93,0,,67.85,25.38,1,0,67.81,-3.69,1.96,40.13,25.37
636.05,0,,67.88,25.38,1,0,68.08,-3.75,1.96,40.07,25.31
636.17,0,,67.96,25.36,1,0,68.14,-3.74,1.91,40.03,25.37
636.23,0,,68.09,25.35,0,2,68.25,-3.75,1.90,40.01,25.37
636.32,0,,68.12,25.36,0,2,67.69,-3.67,1.96,40.15,25.39
636.44,0,,68.01,25.38,0,2,67.94,-3.62,1.96,40.20,25.44
636.53,0,,67.90,25.40,0,1,67.89,-3.68,1.94,40.12,25.40
636.62,0,,67.87,25.40,0,1,67.84,-3.73,1.94,40.07,25.35
636.80,0,,67.84,25.37,0,1,67.76,-3.79,1.92,39.99,25.31
636.83,0,,67.86,25.35,0,1,68.24,-3.75,1.87,39.98,25.40
636.92,0,,67.92,25.37,0,1,67.59,-3.65,1.88,40.09,25.49
637.04,0,,67.87,25.41,1,0,67.75,-3.68,1.92,40.10,25.42
637.13,0,,67.80,25.42,2,-1,67.99,-3.76,1.92,40.02,25.34
637.22,0,,67.85,25.39,2,-1,67.97,-3.80,1.92,39.98,25.30
637.34,0,,67.95,25.35,2,-1,68.17,-3.74,1.85,39.97,25.43
637.43,0,,68.05,25.38,0,1,68.03,-3.68,1.83,40.01,25.51
637.55,0,,68.06,25.43,0,1,67.84,-3.64,1.91,40.13,25.47
637.64,0,,67.98,25.48,0,1,67.87,-3.55,1.92,40.23,25.55
637.73,0,,67.91,25.52,0,1,67.97,-3.54,1.90,40.22,25.58
637.82,0,,67.89,25.55,0,1,67.80,-3.59,1.92,40.19,25.51
637.94,0,,67.89,25.55,0,1,68.01,-3.61,1.89,40.14,25.52
638.03,0,,67.92,25.53,0,1,67.95,-3.56,1.88,40.18,25.58
638.12,0,,67.97,25.56,0,1,68.09,-3.43,1.90,40.33,25.69
638.30,0,,68.03,25.62,1,0,68.09,-3.38,1.90,40.38,25.74
638.33,0,,68.13,25.69,1,0,68.53,-3.47,1.86,40.25,25.69
638.42,0,,68.25,25.71,1,0,68.06,-3.55,1.82,40.13,25.65
638.54,0,,68.29,25.68,1,0,68.44,-3.57,1.85,40.14,25.60
638.63,0,,68.24,25.64,0,1,67.77,-3.58,1.84,40.12,25.60
638.72,0,,68.12,25.62,0,1,68.13,-3.50,1.79,40.15,25.73
638.87,0,,68.01,25.65,0,1,67.88,-3.44,1.83,40.25,25.75
638.93,0,,67.91,25.69,0,1,67.60,-3.53,1.84,40.17,25.65
639.05,0,,67.77,25.68,1,0,67.70,-3.62,1.81,40.05,25.59
639.14,0,,67.69,25.63,4,-2,67.80,-3.68,1.80,39.98,25.54
639.23,0,,67.73,25.57,4,-2,67.94,-3.67,1.80,39.99,25.55
639.32,0,,67.86,25.55,4,-2,68.18,-3.58,1.80,40.08,25.64
639.44,0,,68.02,25.59,4,-2,68.06,-3.52,1.75,40.09,25.75
639.53,0,,68.09,25.66,2,-1,68.00,-3.56,1.74,40.04,25.72
639.62,0,,68.06,25.70,1,0,67.94,-3.67,1.74,39.93,25.61
639.80,0,,68.00,25.66,1,0,67.94,-3.77,1.70,39.79,25.55
639.83,0,,67.96,25.59,1,0,67.97,-3.83,1.69,39.72,25.50
639.92,0,,68.00,25.55,1,0,68.39,-3.72,1.69,39.83,25.61
640.04,0,,68.11,25.57,0,2,68.01,-3.58,1.66,39.94,25.78
640.13,0,,68.14,25.65,0,1,68.03,-3.58,1.73,40.01,25.71
640.22,0,,68.11,25.71,0,1,68.17,-3.56,1.77,40.07,25.69
640.34,0,,68.13,25.73,0,1,68.31,-3.50,1.71,40.07,25.81
640.43,0,,68.18,25.75,0,1,68.04,-3.46,1.77,40.17,25.79
640.55,0,,68.22,25.79,0,1,68.57,-3.31,1.85,40.40,25.86
640.64,0,,68.28,25.84,0,1,68.07,-3.13,1.85,40.58,26.04
640.73,0,,68.25,25.93,1,0,68.05,-3.16,1.87,40.57,25.99
640.82,0,,68.14,25.98,1,0,68.00,-3.23,1.92,40.55,25.87
640.94,0,,68.01,25.94,1,0,67.79,-3.21,1.96,40.61,25.85
641.03,0,,67.94,25.90,2,-1,68.20,-3.04,2.02,40.84,25.96
641.12,0,,67.91,25.94,2,-1,67.46,-2.72,2.09,41.23,26.21
641.30,0,,67.82,26.06,4,-2,67.88,-2.60,2.17,41.43,26.25
641.33,0,,67.77,26.17,4,-2,67.89,-2.62,2.23,41.47,26.17
641.42,0,,67.89,26.22,4,-2,68.43,-2.50,2.31,41.67,26.21
641.54,0,,68.11,26.22,4,-2,68.21,-2.40,2.35,41.81,26.27
641.63,0,,68.28,26.25,1,0,68.47,-2.29,2.36,41.93,26.37
641.72,0,,68.32,26.33,1,0,67.89,-2.00,2.48,42.34,26.54
641.84,0,,68.22,26.45,1,0,68.16,-1.79,2.60,42.67,26.63
641.93,0,,68.15,26.57,0,2,68.35,-1.67,2.67,42.86,26.68
642.05,0,,68.18,26.67,0,2,68.14,-1.49,2.75,43.12,26.78
642.14,0,,68.22,26.74,0,2,68.29,-1.37,2.81,43.30,26.84
642.23,0,,68.27,26.84,0,2,68.48,-1.09,2.87,43.64,27.06
642.32,0,,68.30,26.97,0,1,67.94,-0.76,3.05,44.15,27.21
642.44,0,,68.20,27.12,1,0,68.02,-0.54,3.20,44.52,27.28
642.53,0,,68.06,27.26,1,0,67.99,-0.28,3.25,44.83,27.49
642.62,0,,68.04,27.40,0,1,68.31,-0.06,3.37,45.17,27.59
642.80,0,,68.10,27.54,2,-1,68.05,0.09,3.42,45.37,27.69
642.83,0,,68.18,27.64,2,-1,68.46,0.21,3.49,45.56,27.74
642.92,0,,68.24,27.74,2,-1,68.08,0.47,3.59,45.92,27.90
643.04,0,,68.25,27.85,1,0,68.28,0.69,3.59,46.14,28.12
643.13,0,,68.23,27.99,1,0,68.23,0.70,3.62,46.18,28.10
643.22,0,,68.24,28.09,0,1,68.31,0.78,3.69,46.33,28.11
643.34,0,,68.30,28.13,1,0,68.51,0.87,3.71,46.44,28.18
643.43,0,,68.43,28.17,1,0,68.74,1.03,3.74,46.63,28.31
643.55,0,,68.54,28.25,0,2,68.32,1.27,3.88,47.01,28.41
643.64,0,,68.53,28.34,0,2,68.45,1.37,3.94,47.17,28.45
643.73,0,,68.44,28.43,0,2,68.24,1.41,3.91,47.18,28.52
643.82,0,,68.33,28.48,0,1,68.20,1.45,4.00,47.31,28.47
643.94,0,,68.25,28.49,0,1,68.28,1.49,4.04,47.39,28.47
644.03,0,,68.24,28.50,0,1,68.35,1.65,4.02,47.53,28.65
644.12,0,,68.32,28.59,0,1,68.60,1.87,4.04,47.77,28.85
644.30,0,,68.38,28.75,0,1,68.05,2.10,4.04,48.00,29.08
644.33,0,,68.35,28.94,2,-1,68.45,2.25,4.11,48.22,29.16
644.42,0,,68.30,29.07,2,-1,68.10,2.06,4.13,48.05,28.95
644.54,0,,68.25,29.05,2,-1,68.30,1.93,4.11,47.90,28.84
644.63,0,,68.25,28.95,2,-1,68.42,2.12,4.25,48.23,28.89
644.72,0,,68.32,28.91,1,0,68.39,2.44,4.37,48.67,29.09
644.84,0,,68.38,29.00,1,0,68.36,2.65,4.33,48.84,29.34
644.93,0,,68.38,29.19,0,1,68.34,2.60,4.13,48.59,29.49
645.08,0,,68.36,29.37,0,1,68.27,2.46,3.99,48.31,29.49
645.14,0,,68.36,29.48,0,1,68.63,2.53,4.08,48.47,29.47
645.23,0,,68.47,29.52,0,1,68.76,2.80,4.24,48.90,29.58
645.32,0,,68.55,29.56,0,1,68.13,2.85,4.19,48.90,29.68
645.44,0,,68.45,29.62,0,1,68.23,2.87,4.13,48.86,29.76
645.53,0,,68.32,29.72,0,1,68.48,3.15,4.24,49.25,29.93
645.62,0,,68.35,29.84,0,1,68.59,3.13,4.18,49.17,29.97
645.80,0,,68.48,29.95,0,1,68.69,3.23,4.16,49.25,30.09
645.83,0,,68.57,30.05,1,0,68.38,3.50,4.27,49.63,30.25
645.92,0,,68.58,30.15,1,0,68.73,3.48,4.32,49.66,30.18
646.04,0,,68.60,30.20,1,0,68.60,3.49,4.31,49.66,30.20
646.13,0,,68.62,30.22,1,0,68.62,3.52,4.24,49.62,30.30
646.22,0,,68.60,30.25,0,1,68.40,3.65,4.40,49.91,30.27
646.37,0,,68.48,30.27,0,1,68.14,3.75,4.49,50.10,30.28
646.43,0,,68.28,30.30,1,0,67.95,3.88,4.41,50.15,30.49
646.55,0,,68.13,30.39,2,-1,68.33,4.04,4.55,50.45,30.51
646.64,0,,68.15,30.47,4,-2,68.42,3.96,4.45,50.27,30.53
646.73,0,,68.19,30.52,4,-2,67.67,3.97,4.41,50.24,30.58
646.82,0,,68.10,30.54,4,-2,68.20,4.01,4.61,50.48,30.42
646.94,0,,68.07,30.52,4,-2,68.34,4.14,4.55,50.55,30.61
647.03,0,,68.21,30.57,4,-2,68.53,4.37,4.53,50.76,30.86
647.12,0,,68.40,30.69,2,-1,68.58,4.38,4.61,50.85,30.79
647.30,0,,68.48,30.79,1,0,68.11,4.47,4.65,50.98,30.84
647.33,0,,68.37,30.84,1,0,68.12,4.57,4.74,51.17,30.85
647.42,0,,68.25,30.85,1,0,68.46,4.57,4.80,51.23,30.79
647.54,0,,68.32,30.85,0,1,68.71,4.81,4.80,51.47,31.03
647.63,0,,68.43,30.92,0,1,68.10,4.87,4.81,51.54,31.08
647.72,0,,68.33,30.99,0,1,67.84,4.72,4.86,51.44,30.88
647.84,0,,68.13,30.98,0,1,68.21,4.79,4.83,51.48,30.98
647.93,0,,68.14,30.98,2,-1,68.78,4.85,4.76,51.47,31.11
648.05,0,,68.42,31.03,2,-1,68.89,4.91,4.84,51.61,31.09
648.14,0,,68.70,31.08,0,1,68.64,5.08,4.94,51.88,31.16
648.23,0,,68.75,31.14,1,0,68.49,5.14,4.94,51.94,31.22
648.32,0,,68.62,31.18,1,0,68.26,5.08,4.92,51.86,31.18
648.44,0,,68.46,31.19,1,0,68.49,5.07,4.97,51.90,31.12
648.53,0,,68.40,31.17,0,1,68.51,5.12,4.97,51.95,31.17
648.65,0,,68.42,31.17,0,1,68.32,5.22,4.95,52.03,31.29
648.80,0,,68.41,31.23,0,1,68.45,5.38,5.04,52.28,31.36
648.83,0,,68.42,31.29,0,1,68.53,5.36,5.08,52.30,31.30
648.98,0,,68.47,31.31,1,0,68.47,5.18,4.95,51.99,31.25
649.04,0,,68.50,31.29,1,0,68.56,5.13,4.91,51.90,31.24
649.13,0,,68.53,31.24,0,1,68.59,5.11,4.99,51.96,31.14
649.22,0,,68.57,31.20,1,0,68.58,5.26,5.02,52.14,31.26
649.34,0,,68.63,31.25,0,1,68.94,5.57,5.02,52.45,31.57
649.43,0,,68.78,31.39,0,1,69.08,5.66,5.09,52.61,31.59
649.55,0,,68.89,31.52,0,1,68.60,5.57,5.10,52.53,31.49
649.64,0,,68.82,31.55,0,1,68.50,5.53,5.08,52.47,31.47
649.73,0,,68.58,31.51,0,1,68.03,5.52,5.14,52.52,31.40
649.82,0,,68.30,31.44,0,1,68.12,5.58,5.22,52.66,31.38
649.94,0,,68.18,31.40,0,1,68.60,5.68,5.27,52.81,31.43
650.03,0,,68.27,31.39,0,1,68.38,5.60,5.25,52.71,31.37
650.12,0,,68.36,31.37,4,-2,68.21,5.51,5.24,52.61,31.29
650.30,0,,68.33,31.33,4,-2,68.19,5.48,5.24,52.58,31.26
650.33,0,,68.25,31.28,4,-2,68.16,5.44,5.22,52.52,31.24
650.42,0,,68.23,31.26,4,-2,68.52,5.59,5.25,52.70,31.36
650.54,0,,68.32,31.29,4,-2,68.41,5.66,5.27,52.79,31.41
650.63,0,,68.42,31.34,1,0,68.54,5.52,5.27,52.65,31.27
650.72,0,,68.47,31.33,1,0,68.40,5.45,5.22,52.53,31.25
650.84,0,,68.44,31.28,1,0,68.14,5.23,5.05,52.14,31.20
650.93,0,,68.32,31.19,0,1,68.27,4.64,4.77,51.27,30.89
651.05,0,,68.27,31.05,1,0,68.47,4.63,4.75,51.24,30.90
651.14,0,,68.25,30.93,1,0,67.80,5.00,5.08,51.94,30.94
651.23,0,,68.18,30.86,1,0,68.42,4.66,4.99,51.51,30.69
651.32,0,,68.15,30.80,2,-1,68.01,4.77,4.97,51.60,30.82
651.44,0,,68.16,30.78,2,-1,68.26,5.28,5.45,52.59,30.85
651.53,0,,68.17,30.80,2,-1,68.16,5.36,5.55,52.77,30.83
651.62,0,,68.13,30.85,2,-1,67.78,5.53,5.54,52.93,31.01
651.80,0,,67.97,30.89,4,-2,67.66,5.33,5.58,52.77,30.77
651.83,0,,67.83,30.85,4,-2,68.08,5.12,5.43,52.41,30.71
651.92,0,,67.85,30.77,4,-2,67.90,5.05,5.40,52.31,30.67
652.04,0,,67.90,30.66,4,-2,67.89,4.77,5.38,52.01,30.41
652.13,0,,67.95,30.53,4,-2,68.19,4.70,5.32,51.88,30.40
652.28,0,,68.04,30.43,2,-1,68.11,4.73,5.28,51.87,30.47
652.34,0,,68.13,30.41,2,-1,68.26,4.65,5.27,51.78,30.40
652.43,0,,68.18,30.39,1,0,68.05,4.52,5.26,51.64,30.28
652.55,0,,68.13,30.34,0,1,67.86,4.46,5.23,51.55,30.25
652.64,0,,67.98,30.29,0,1,67.71,4.45,5.19,51.50,30.28
652.73,0,,67.86,30.26,0,1,68.02,4.41,5.16,51.43,30.27
652.82,0,,67.88,30.27,1,0,68.13,4.43,5.10,51.39,30.35
652.94,0,,68.01,30.30,1,0,68.15,4.31,4.95,51.12,30.38
653.03,0,,68.13,30.33,1,0,68.26,4.12,4.88,50.86,30.26
653.12,0,,68.15,30.27,2,-1,67.79,3.93,4.98,50.77,29.97
653.30,0,,68.07,30.12,2,-1,68.05,3.85,5.03,50.74,29.84
653.33,0,,68.06,29.98,2,-1,68.49,4.07,4.98,50.91,30.11
653.45,0,,68.23,30.00,0,1,68.53,4.14,4.87,50.87,30.29
653.54,0,,68.48,30.14,0,1,68.91,4.13,4.79,50.78,30.36
653.63,0,,68.62,30.27,0,2,68.16,4.04,4.78,50.68,30.28
653.78,0,,68.54,30.30,0,2,68.32,3.78,4.63,50.27,30.17
653.84,0,,68.35,30.29,0,2,68.10,4.03,4.56,50.45,30.49
653.93,0,,68.24,30.34,0,2,68.46,4.19,4.75,50.80,30.46
654.08,0,,68.23,30.37,0,1,68.05,3.70,4.58,50.14,30.14
654.14,0,,68.20,30.30,0,1,68.18,3.61,4.44,49.91,30.19
654.23,0,,68.11,30.21,0,1,67.77,3.79,4.64,50.29,30.17
654.32,0,,68.00,30.16,4,-2,68.07,3.63,4.52,50.01,30.13
654.44,0,,68.02,30.14,4,-2,68.48,3.60,4.43,49.89,30.19
654.53,0,,68.19,30.16,4,-2,68.28,3.76,4.54,50.16,30.24
654.62,0,,68.31,30.19,2,-1,68.31,3.61,4.44,49.91,30.19
654.80,0,,68.29,30.19,1,0,67.95,3.48,4.46,49.80,30.04
654.84,0,,68.19,30.12,1,0,68.24,3.60,4.59,50.05,30.03
654.92,0,,68.10,30.05,1,0,67.82,3.44,4.50,49.80,29.96
655.04,0,,67.99,29.97,1,0,67.86,3.26,4.46,49.58,29.82
655.13,0,,67.97,29.91,1,0,68.50,3.49,4.52,49.87,29.99
655.22,0,,68.12,29.93,1,0,68.19,3.60,4.52,49.98,30.10
655.34,0,,68.24,29.99,2,-1,68.21,3.54,4.58,49.98,29.98
655.43,0,,68.24,30.01,2,-1,68.08,3.57,4.58,50.01,30.01
655.55,0,,68.18,30.01,1,0,68.17,3.56,4.58,50.00,30.00
655.64,0,,68.23,29.99,2,-1,68.80,3.56,4.63,50.05,29.95
655.73,0,,68.40,29.98,1,0,68.32,3.62,4.61,50.09,30.03
655.82,0,,68.42,29.99,0,2,67.96,3.68,4.66,50.20,30.04
655.94,0,,68.27,30.01,0,2,68.24,3.60,4.67,50.13,29.95
656.03,0,,68.11,29.99,1,0,67.71,3.56,4.61,50.03,29.97
656.12,0,,68.05,29.97,1,0,68.67,3.59,4.63,50.08,29.98
656.30,0,,68.13,29.97,1,0,67.88,3.56,4.63,50.05,29.95
656.33,0,,68.11,29.98,1,0,67.76,3.75,4.63,50.24,30.14
656.42,0,,67.95,30.05,2,-1,67.85,3.81,4.62,50.29,30.21
656.54,0,,67.85,30.12,4,-2,67.93,3.48,4.48,49.82,30.02
656.63,0,,67.83,30.11,4,-2,67.75,3.44,4.47,49.77,29.99
656.78,0,,67.77,30.06,4,-2,67.49,3.87,4.76,50.49,30.13
656.84,0,,67.70,30.06,4,-2,67.92,3.83,4.76,50.45,30.09
656.93,0,,67.71,30.06,4,-2,67.71,3.39,4.43,49.68,29.98
657.05,0,,67.74,30.03,4,-2,67.72,3.55,4.57,49.98,30.00
657.14,0,,67.74,29.99,4,-2,67.72,3.63,4.70,50.19,29.95
657.23,0,,67.76,29.97,2,-1,67.98,3.49,4.49,49.84,30.02
657.35,0,,67.85,30.01,2,-1,67.99,3.86,4.65,50.37,30.23
657.44,0,,67.98,30.08,1,0,68.22,3.72,4.67,50.25,30.07
657.53,0,,68.07,30.12,0,1,67.94,3.63,4.49,49.98,30.16
657.65,0,,68.08,30.17,0,2,68.07,4.03,4.66,50.55,30.39
657.80,0,,68.06,30.24,0,2,68.08,3.81,4.62,50.29,30.21
657.83,0,,68.06,30.27,0,2,68.06,3.79,4.51,50.16,30.30
657.92,0,,68.01,30.28,0,2,67.67,3.87,4.58,50.31,30.31
658.04,0,,67.91,30.28,0,1,68.00,3.74,4.59,50.19,30.17
658.13,0,,67.86,30.25,0,1,67.75,3.93,4.63,50.42,30.32
658.28,0,,67.82,30.26,2,-1,67.73,3.96,4.68,50.50,30.30
658.34,0,,67.83,30.28,2,-1,68.24,3.98,4.65,50.49,30.35
658.43,0,,67.96,30.32,2,-1,68.11,4.03,4.62,50.51,30.43
658.55,0,,68.09,30.36,2,-1,68.09,3.93,4.65,50.44,30.30
658.64,0,,68.12,30.36,1,0,68.05,4.02,4.69,50.57,30.35
658.73,0,,68.09,30.36,0,1,68.02,4.23,4.76,50.85,30.49
658.82,0,,68.06,30.42,0,1,68.06,4.39,4.82,51.07,30.59
658.94,0,,68.01,30.51,0,1,67.76,4.41,4.86,51.13,30.57
659.03,0,,67.93,30.55,0,1,67.99,4.34,4.85,51.05,30.51
659.12,0,,67.96,30.56,1,0,68.32,4.35,4.80,51.01,30.57
659.30,0,,68.04,30.56,0,1,67.81,4.41,4.81,51.08,30.62
659.33,0,,68.04,30.59,0,1,68.02,4.53,4.86,51.25,30.69
659.42,0,,68.01,30.64,0,1,68.11,4.60,4.89,51.35,30.73
659.54,0,,68.06,30.70,1,0,68.25,4.61,4.87,51.34,30.76
659.63,0,,68.11,30.75,1,0,67.88,4.67,4.84,51.37,30.85
659.72,0,,68.07,30.80,0,1,68.06,4.68,4.89,51.43,30.81
659.84,0,,67.97,30.82,0,1,67.56,4.67,4.91,51.44,30.78
659.93,0,,67.86,30.81,0,1,68.11,4.74,4.91,51.51,30.85
660.05,0,,67.87,30.82,2,-1,67.94,4.79,4.97,51.62,30.84
660.14,0,,68.02,30.83,1,0,68.63,4.82,4.98,51.66,30.86
660.23,0,,68.15,30.83,1,0,67.50,4.78,5.02,51.66,30.78
660.32,0,,68.07,30.79,1,0,68.14,4.70,5.07,51.63,30.65
660.44,0,,68.07,30.74,1,0,68.62,4.79,5.00,51.65,30.81
660.53,0,,68.20,30.76,1,0,67.93,4.89,4.99,51.74,30.92
660.62,0,,68.21,30.82,1,0,68.11,4.92,5.07,51.85,30.87
660.80,0,,68.12,30.87,1,0,68.00,4.96,5.07,51.89,30.91
660.83,0,,68.04,30.90,0,1,67.98,4.93,5.07,51.86,30.88
660.92,0,,67.96,30.88,1,0,67.73,4.90,5.13,51.89,30.79
661.04,0,,67.90,30.84,1,0,68.16,4.93,5.16,51.95,30.79
661.13,0,,68.01,30.82,1,0,68.48,5.04,5.13,52.03,30.93
661.22,0,,68.14,30.87,1,0,67.67,5.17,5.11,52.14,31.08
661.34,0,,68.03,30.97,1,0,67.63,5.19,5.15,52.20,31.06
661.43,0,,67.82,31.04,1,0,67.83,5.14,5.15,52.15,31.01
661.55,0,,67.76,31.04,4,-2,67.95,5.10,5.16,52.12,30.96
661.64,0,,67.82,31.00,2,-1,67.93,5.12,5.18,52.16,30.96
661.73,0,,67.93,30.98,2,-1,68.14,5.16,5.16,52.18,31.02
661.82,0,,68.04,30.99,1,0,68.12,5.23,5.17,52.26,31.08
661.94,0,,68.19,31.02,1,0,68.73,5.22,5.19,52.27,31.05
662.03,0,,68.40,31.05,0,1,68.45,5.19,5.18,52.23,31.03
662.12,0,,68.51,31.05,0,2,68.39,5.25,5.17,52.28,31.10
662.24,0,,68.39,31.06,0,2,67.65,5.19,5.20,52.25,31.01
662.33,0,,68.09,31.04,0,2,67.82,5.18,5.21,52.25,30.99
662.42,0,,67.88,31.02,0,2,68.12,5.32,5.20,52.38,31.14
662.54,0,,67.97,31.05,0,1,68.59,5.32,5.26,52.44,31.08
662.63,0,,68.21,31.07,0,1,68.22,5.30,5.28,52.44,31.04
662.72,0,,68.30,31.07,1,0,67.97,5.33,5.25,52.44,31.10
662.84,0,,68.17,31.07,1,0,67.89,5.29,5.28,52.43,31.03
662.93,0,,68.05,31.04,4,-2,68.28,5.22,5.27,52.35,30.97
663.05,0,,68.10,31.01,2,-1,68.37,5.31,5.29,52.46,31.04
663.14,0,,68.25,31.02,1,0,68.41,5.46,5.32,52.64,31.16
663.23,0,,68.37,31.08,0,2,68.40,5.44,5.29,52.59,31.17
663.32,0,,68.38,31.12,0,1,68.07,5.37,5.33,52.56,31.06
663.44,0,,68.31,31.11,0,1,68.47,5.37,5.37,52.60,31.02
663.53,0,,68.32,31.06,0,1,68.45,5.38,5.36,52.60,31.04
663.62,0,,68.30,31.04,0,1,67.71,5.47,5.37,52.70,31.12
663.74,0,,68.16,31.08,1,0,68.33,5.60,5.39,52.85,31.23
663.83,0,,68.04,31.14,0,1,67.61,5.58,5.42,52.86,31.18
663.92,0,,67.91,31.17,0,1,67.85,5.46,5.43,52.75,31.05
664.04,0,,67.85,31.12,2,-1,68.20,5.47,5.48,52.81,31.01
664.13,0,,68.01,31.06,4,-2,68.45,5.52,5.45,52.83,31.09
664.22,0,,68.19,31.06,4,-2,68.01,5.54,5.39,52.79,31.17
664.34,0,,68.17,31.09,2,-1,67.74,5.58,5.51,52.95,31.09
664.43,0,,67.94,31.11,2,-1,67.50,5.60,5.52,52.98,31.10
664.55,0,,67.74,31.11,2,-1,67.99,5.58,5.44,52.88,31.16
664.64,0,,67.78,31.12,2,-1,68.15,5.57,5.46,52.89,31.13
664.73,0,,67.95,31.13,2,-1,68.04,5.53,5.48,52.87,31.07
664.82,0,,68.11,31.10,2,-1,68.44,5.54,5.50,52.90,31.06
664.94,0,,68.21,31.09,0,1,67.97,5.68,5.50,53.04,31.20
665.03,0,,68.23,31.12,0,1,68.41,5.69,5.52,53.07,31.19
665.12,0,,68.30,31.16,0,1,68.65,5.62,5.52,53.00,31.12
665.24,0,,68.36,31.15,0,2,67.76,5.60,5.53,52.99,31.09
665.33,0,,68.17,31.11,0,2,67.71,5.60,5.57,53.03,31.05
665.42,0,,67.96,31.07,0,2,68.30,5.56,5.57,52.99,31.01
665.54,0,,67.98,31.03,0,1,68.14,5.59,5.57,53.02,31.04
665.63,0,,68.10,31.03,1,0,68.16,5.68,5.60,53.14,31.10
665.72,0,,68.12,31.04,1,0,67.84,5.64,5.65,53.15,31.01
665.84,0,,68.07,31.04,1,0,68.25,5.62,5.64,53.12,31.00
665.93,0,,68.03,31.03,2,-1,67.72,5.70,5.60,53.16,31.12
666.05,0,,67.94,31.05,4,-2,67.81,5.66,5.66,53.18,31.02
666.14,0,,67.87,31.05,2,-1,68.06,5.69,5.67,53.22,31.04
666.23,0,,67.90,31.07,2,-1,67.95,5.84,5.62,53.32,31.24
666.32,0,,67.98,31.13,2,-1,68.21,5.82,5.67,53.35,31.17
666.44,0,,68.12,31.18,2,-1,68.46,5.82,5.68,53.36,31.16
666.53,0,,68.23,31.19,1,0,67.89,5.89,5.67,53.42,31.24
666.62,0,,68.18,31.18,1,0,68.08,5.86,5.81,53.53,31.07
666.74,0,,68.06,31.14,0,1,67.88,5.91,5.86,53.63,31.07
666.83,0,,67.94,31.10,0,1,67.69,6.01,5.88,53.75,31.15
666.92,0,,67.90,31.10,0,1,68.49,6.07,5.99,53.92,31.10
667.04,0,,68.05,31.12,1,0,68.14,6.14,5.92,53.92,31.24
667.16,0,,68.13,31.17,1,0,67.76,6.06,5.87,53.79,31.21
667.22,0,,68.00,31.17,1,0,67.67,5.87,5.96,53.69,30.93
667.37,0,,67.88,31.08,1,0,68.25,5.84,5.88,53.58,30.98
667.43,0,,67.90,31.02,1,0,67.82,5.99,5.83,53.68,31.18
667.55,0,,67.93,31.04,1,0,67.85,5.98,5.96,53.80,31.04
667.64,0,,67.86,31.05,2,-1,67.64,5.92,6.00,53.78,30.94
667.73,0,,67.75,31.02,2,-1,67.60,5.99,5.98,53.83,31.03
667.82,0,,67.63,30.99,4,-2,67.52,5.95,6.01,53.82,30.96
667.94,0,,67.59,30.98,4,-2,67.76,6.01,6.02,53.89,31.01
668.03,0,,67.66,31.01,4,-2,67.99,6.21,6.01,54.08,31.22
668.12,0,,67.76,31.08,4,-2,67.49,6.14,6.08,54.08,31.08
668.24,0,,67.81,31.10,2,-1,68.24,6.06,6.13,54.05,30.95
668.33,0,,67.89,31.06,2,-1,67.81,6.20,6.09,54.15,31.13
668.42,0,,67.87,31.06,2,-1,67.36,6.26,6.14,54.26,31.14
668.54,0,,67.71,31.08,2,-1,67.78,6.18,6.19,54.23,31.01
668.63,0,,67.60,31.07,2,-1,67.43,6.27,6.20,54.33,31.09
668.72,0,,67.55,31.07,2,-1,67.61,6.31,6.21,54.38,31.12
668.84,0,,67.54,31.09,2,-1,67.56,6.27,6.13,54.26,31.16
668.93,0,,67.56,31.13,2,-1,67.60,6.24,6.13,54.23,31.13
669.05,0,,67.56,31.12,2,-1,67.45,6.12,6.19,54.17,30.95
669.14,0,,67.52,31.06,2,-1,67.42,6.15,6.18,54.19,30.99
669.23,0,,67.52,31.01,2,-1,67.90,6.23,6.18,54.27,31.07
669.32,0,,67.61,31.02,2,-1,67.52,6.24,6.17,54.27,31.09
669.44,0,,67.68,31.05,2,-1,67.88,6.21,6.16,54.23,31.07
669.53,0,,67.76,31.06,1,0,67.92,6.14,6.16,54.16,31.00
669.62,0,,67.85,31.03,1,0,67.84,6.08,6.14,54.08,30.96
669.74,0,,67.90,30.98,0,2,67.95,6.00,6.13,53.99,30.89
669.83,0,,67.86,30.93,0,2,67.44,6.05,6.11,54.02,30.96
669.92,0,,67.75,30.93,0,2,67.89,6.10,6.12,54.08,31.00
670.04,0,,67.73,30.95,0,1,67.81,6.06,6.14,54.06,30.94
670.13,0,,67.74,30.95,0,1,67.56,5.99,6.12,53.97,30.89
670.22,0,,67.69,30.91,1,0,67.64,5.90,6.14,53.90,30.78
670.34,0,,67.61,30.86,1,0,67.43,5.97,6.13,53.96,30.86
670.43,0,,67.54,30.84,1,0,67.54,6.01,6.13,54.00,30.90
670.55,0,,67.46,30.85,4,-2,67.20,5.97,6.15,53.98,30.84
670.64,0,,67.41,30.86,4,-2,67.71,6.01,6.14,54.01,30.89
670.73,0,,67.50,30.86,4,-2,67.77,6.00,6.20,54.06,30.82
670.82,0,,67.68,30.85,2,-1,67.98,5.99,6.18,54.03,30.83
670.94,0,,67.78,30.85,2,-1,67.37,6.02,6.08,53.96,30.96
671.03,0,,67.67,30.87,1,0,67.36,5.96,6.17,53.99,30.81
671.12,0,,67.54,30.85,1,0,67.79,5.93,6.24,54.03,30.71
671.24,0,,67.54,30.79,2,-1,67.49,5.95,6.18,53.99,30.79
671.33,0,,67.56,30.75,2,-1,67.52,5.96,6.22,54.04,30.76
671.45,0,,67.53,30.74,0,1,67.43,5.94,6.23,54.03,30.73
671.54,0,,67.50,30.73,1,0,67.60,5.93,6.23,54.02,30.72
671.63,0,,67.52,30.72,2,-1,67.59,5.96,6.25,54.07,30.73
671.72,0,,67.59,30.72,2,-1,67.76,5.99,6.23,54.08,30.78
671.87,0,,67.69,30.76,2,-1,67.89,6.12,6.26,54.24,30.88
671.93,0,,67.70,30.82,1,0,67.09,6.18,6.30,54.34,30.90
672.05,0,,67.66,30.87,1,0,68.39,6.10,6.27,54.23,30.85
672.14,0,,67.74,30.88,1,0,67.44,6.11,6.22,54.19,30.91
672.23,0,,67.71,30.87,1,0,67.31,6.02,6.25,54.13,30.79
672.32,0,,67.62,30.84,0,1,68.11,6.04,6.28,54.18,30.78
672.44,0,,67.68,30.83,0,1,67.61,6.28,6.29,54.43,31.01
672.53,0,,67.74,30.89,1,0,67.73,6.27,6.28,54.41,31.01
672.62,0,,67.77,30.96,1,0,68.00,6.18,6.26,54.30,30.94
672.74,0,,67.84,30.97,0,1,67.79,6.16,6.28,54.30,30.90
672.83,0,,67.84,30.94,0,1,67.64,6.12,6.26,54.24,30.88
672.92,0,,67.77,30.90,0,1,67.78,6.15,6.26,54.27,30.91
673.04,0,,67.74,30.89,0,1,67.82,6.23,6.30,54.39,30.95
673.13,0,,67.74,30.92,0,1,67.61,6.29,6.29,54.44,31.02
673.22,0,,67.64,30.96,0,1,67.18,6.20,6.28,54.34,30.94
673.34,0,,67.52,30.95,2,-1,67.86,6.12,6.34,54.32,30.80
673.43,0,,67.60,30.89,2,-1,68.09,6.22,6.34,54.42,30.90
673.55,0,,67.79,30.88,2,-1,67.65,6.22,6.28,54.36,30.96
673.64,0,,67.79,30.89,1,0,67.39,6.15,6.32,54.33,30.85
673.79,0,,67.67,30.89,1,0,67.83,6.25,6.38,54.49,30.89
673.82,0,,67.74,30.89,1,0,68.37,6.27,6.34,54.47,30.95
673.94,0,,68.03,30.92,0,1,68.49,6.26,6.29,54.41,30.99
674.03,0,,68.22,30.95,0,2,67.63,6.25,6.30,54.41,30.97
674.12,0,,68.07,30.95,0,2,67.58,6.13,6.38,54.37,30.77
674.24,0,,67.82,30.89,0,2,67.91,6.23,6.39,54.48,30.86
674.33,0,,67.75,30.87,0,1,67.85,6.39,6.35,54.60,31.06
674.42,0,,67.71,30.92,0,1,67.25,6.31,6.37,54.54,30.96
674.54,0,,67.60,30.96,0,1,67.71,6.28,6.35,54.49,30.95
674.63,0,,67.57,30.97,1,0,67.77,6.32,6.32,54.50,31.02
674.72,0,,67.62,30.98,4,-2,67.46,6.27,6.39,54.52,30.90
674.84,0,,67.65,30.95,4,-2,67.96,6.29,6.42,54.57,30.89
674.93,0,,67.78,30.93,4,-2,68.15,6.41,6.39,54.66,31.04
675.08,0,,67.98,30.96,2,-1,68.12,6.40,6.38,54.64,31.04
675.14,0,,68.02,30.99,0,1,67.44,6.30,6.40,54.56,30.92
675.23,0,,67.90,30.97,0,1,68.09,6.28,6.41,54.55,30.89
675.32,0,,67.82,30.93,0,1,67.58,6.31,6.37,54.54,30.96
675.44,0,,67.73,30.92,1,0,67.54,6.32,6.40,54.58,30.94
675.53,0,,67.64,30.93,1,0,67.77,6.39,6.46,54.71,30.95
675.62,0,,67.65,30.95,1,0,67.72,6.43,6.40,54.69,31.05
675.74,0,,67.72,30.98,2,-1,67.90,6.33,6.41,54.60,30.94
675.86,0,,67.82,30.97,2,-1,67.98,6.29,6.44,54.59,30.87
675.92,0,,67.92,30.94,2,-1,67.94,6.35,6.41,54.62,30.96
676.04,0,,67.92,30.91,1,0,67.58,6.28,6.45,54.59,30.85
676.19,0,,67.75,30.88,0,1,67.31,6.25,6.50,54.61,30.77
676.28,0,,67.59,30.84,1,0,67.93,6.34,6.46,54.66,30.90
676.34,0,,67.59,30.84,1,0,67.55,6.30,6.44,54.60,30.88
676.43,0,,67.62,30.84,2,-1,67.54,6.22,6.48,54.56,30.76
676.55,0,,67.58,30.83,2,-1,67.55,6.29,6.44,54.59,30.87
676.64,0,,67.55,30.83,2,-1,67.49,6.29,6.42,54.57,30.89
676.73,0,,67.57,30.85,2,-1,67.92,6.28,6.47,54.61,30.83
676.82,0,,67.71,30.87,2,-1,67.94,6.44,6.44,54.74,31.02
676.94,0,,67.84,30.92,2,-1,67.79,6.35,6.46,54.67,30.91
677.03,0,,67.93,30.91,2,-1,68.21,6.23,6.52,54.61,30.73
677.12,0,,67.96,30.86,0,2,67.55,6.39,6.48,54.73,30.93
677.24,0,,67.86,30.84,0,2,67.74,6.28,6.47,54.61,30.83
677.33,0,,67.75,30.82,0,2,67.74,6.11,6.49,54.46,30.64
677.42,0,,67.71,30.77,0,1,67.76,6.24,6.37,54.47,30.89
677.54,0,,67.69,30.77,1,0,67.49,6.07,6.31,54.24,30.78
677.63,0,,67.58,30.76,1,0,67.24,5.86,6.31,54.03,30.57
677.72,0,,67.47,30.70,1,0,67.73,5.92,6.27,54.05,30.67
677.84,0,,67.48,30.64,1,0,67.51,5.84,6.29,53.99,30.57
677.93,0,,67.59,30.59,4,-2,67.97,5.83,6.32,54.01,30.53
678.05,0,,67.72,30.58,4,-2,67.70,5.97,6.26,54.09,30.73
678.14,0,,67.76,30.61,2,-1,67.53,5.84,6.25,53.95,30.61
678.23,0,,67.68,30.61,1,0,67.56,5.68,6.26,53.80,30.44
678.32,0,,67.55,30.54,1,0,67.25,5.62,6.22,53.70,30.42
678.44,0,,67.47,30.45,2,-1,67.78,5.53,6.20,53.59,30.35
678.53,0,,67.55,30.38,1,0,67.84,5.54,6.19,53.59,30.37
678.62,0,,67.70,30.37,2,-1,67.75,5.65,6.16,53.67,30.51
678.74,0,,67.81,30.42,0,1,67.96,5.68,6.18,53.72,30.52
678.83,0,,67.86,30.47,0,1,67.73,5.63,6.21,53.70,30.44
678.92,0,,67.85,30.47,0,1,67.82,5.61,6.22,53.69,30.41
679.04,0,,67.89,30.45,0,1,68.35,5.59,6.18,53.63,30.43
679.16,0,,68.00,30.43,0,2,67.85,5.58,6.10,53.54,30.50
679.22,0,,67.97,30.45,0,2,67.47,5.55,6.09,53.50,30.48
679.34,0,,67.71,30.46,0,2,67.16,5.51,6.17,53.54,30.36
679.46,0,,67.44,30.43,1,0,67.52,5.56,6.20,53.62,30.38
679.55,0,,67.36,30.40,4,-2,67.48,5.63,6.16,53.65,30.49
679.64,0,,67.40,30.43,4,-2,67.48,5.65,6.16,53.67,30.51
679.73,0,,67.50,30.47,4,-2,67.82,5.67,6.20,53.73,30.49
679.82,0,,67.70,30.51,4,-2,68.17,5.79,6.19,53.84,30.62
679.94,0,,67.89,30.57,4,-2,67.67,5.86,6.20,53.92,30.68
680.03,0,,67.91,30.61,2,-1,67.79,5.75,6.25,53.86,30.52
680.12,0,,67.86,30.61,0,1,67.94,5.81,6.20,53.87,30.63
680.24,0,,67.81,30.60,0,1,67.53,5.80,6.21,53.87,30.61
680.33,0,,67.69,30.57,0,1,67.44,5.66,6.31,53.83,30.37
680.42,0,,67.58,30.51,0,2,67.73,5.83,6.28,53.97,30.57
680.54,0,,67.60,30.52,0,1,67.82,5.95,6.26,54.07,30.71
680.63,0,,67.65,30.58,2,-1,67.40,5.82,6.26,53.94,30.58
680.72,0,,67.59,30.62,2,-1,67.38,5.80,6.17,53.83,30.65
680.84,0,,67.50,30.63,2,-1,67.64,5.79,6.18,53.83,30.63
680.96,0,,67.52,30.62,2,-1,67.72,5.78,6.25,53.89,30.55
681.05,0,,67.65,30.60,2,-1,67.95,5.91,6.26,54.03,30.67
681.14,0,,67.79,30.63,1,0,67.80,6.00,6.26,54.12,30.76
681.29,0,,67.86,30.69,0,1,67.85,5.99,6.25,54.10,30.76
681.32,0,,67.88,30.75,1,0,67.96,6.00,6.21,54.07,30.81
681.44,0,,67.85,30.78,1,0,67.45,5.98,6.24,54.08,30.76
681.53,0,,67.78,30.78,0,1,68.11,5.94,6.25,54.05,30.71
681.62,0,,67.84,30.77,0,2,68.01,6.07,6.20,54.13,30.89
681.74,0,,67.93,30.81,0,2,67.81,6.12,6.24,54.22,30.90
681.83,0,,67.89,30.85,0,1,67.57,6.07,6.24,54.17,30.85
681.92,0,,67.85,30.88,0,1,68.44,6.07,6.18,54.11,30.91
682.04,0,,67.94,30.89,1,0,67.72,6.05,6.20,54.11,30.87
682.16,0,,67.94,30.88,0,1,67.69,6.03,6.24,54.13,30.81
682.22,0,,67.86,30.85,0,1,68.07,6.11,6.25,54.22,30.88
682.34,0,,67.86,30.85,0,1,67.77,6.16,6.28,54.30,30.90
682.43,0,,67.96,30.86,0,1,68.56,6.16,6.31,54.33,30.87
682.55,0,,68.12,30.89,0,1,68.02,6.23,6.25,54.34,31.00
682.64,0,,68.22,30.94,0,1,68.25,6.21,6.22,54.29,31.01
682.73,0,,68.22,30.97,0,1,68.14,6.15,6.26,54.27,30.91
682.82,0,,68.16,30.96,0,1,67.94,6.12,6.25,54.23,30.89
682.94,0,,68.09,30.92,0,1,68.20,6.12,6.26,54.24,30.88
683.03,0,,68.09,30.90,0,1,68.15,6.22,6.28,54.36,30.96
683.12,0,,68.08,30.91,0,1,67.80,6.19,6.24,54.29,30.97
683.24,0,,68.01,30.93,0,1,68.05,6.11,6.22,54.19,30.91
683.33,0,,67.97,30.92,0,1,67.98,6.09,6.23,54.18,30.88
683.42,0,,67.99,30.89,0,1,68.12,6.05,6.25,54.16,30.82
683.54,0,,68.02,30.87,2,-1,67.91,6.16,6.24,54.26,30.94
683.63,0,,68.04,30.91,2,-1,68.28,6.30,6.20,54.36,31.12
683.72,0,,68.07,30.99,2,-1,67.84,6.22,6.24,54.32,31.00
683.84,0,,68.13,31.02,1,0,68.70,6.13,6.26,54.25,30.89
683.93,0,,68.26,30.98,0,1,68.19,6.13,6.18,54.17,30.97
684.05,0,,68.24,30.94,0,1,67.51,6.10,6.19,54.15,30.93
684.14,0,,68.04,30.93,0,1,68.26,6.11,6.21,54.18,30.92
684.23,0,,68.03,30.94,0,1,68.48,6.23,6.18,54.27,31.07
684.32,0,,68.16,30.99,0,1,67.92,6.25,6.21,54.32,31.06
684.44,0,,68.15,31.02,0,1,67.97,6.11,6.24,54.21,30.89
684.53,0,,68.11,30.98,0,1,68.43,6.08,6.23,54.17,30.87
684.62,0,,68.18,30.92,0,1,68.20,6.15,6.22,54.23,30.95
684.80,0,,68.22,30.92,1,0,68.09,6.19,6.18,54.23,31.03
684.83,0,,68.23,30.96,0,1,68.47,6.21,6.24,54.31,30.99
684.92,0,,68.30,30.99,0,1,68.43,6.27,6.30,54.43,30.99
685.04,0,,68.41,31.00,0,1,68.54,6.27,6.27,54.40,31.02
685.16,0,,68.47,31.00,0,1,68.38,6.19,6.24,54.29,30.97
685.22,0,,68.48,30.99,0,1,68.51,6.17,6.22,54.25,30.97
685.34,0,,68.40,30.97,0,1,67.91,6.20,6.26,54.32,30.96
685.46,0,,68.25,30.96,0,1,68.29,6.26,6.33,54.45,30.95
685.55,0,,68.17,30.96,0,1,68.22,6.31,6.33,54.50,31.00
685.64,0,,68.21,30.96,0,1,68.40,6.22,6.29,54.37,30.95
685.73,0,,68.36,30.97,0,1,68.89,6.19,6.24,54.29,30.97
685.82,0,,68.48,30.97,0,1,67.89,6.24,6.27,54.37,30.99
685.94,0,,68.37,30.96,0,1,68.11,6.19,6.31,54.36,30.90
686.06,0,,68.19,30.94,2,-1,68.28,6.19,6.28,54.33,30.93
686.12,0,,68.19,30.94,2,-1,68.41,6.29,6.28,54.43,31.03
686.30,0,,68.24,30.96,2,-1,68.03,6.22,6.31,54.39,30.93
686.33,0,,68.18,30.95,1,0,67.99,6.11,6.30,54.27,30.83
686.42,0,,68.09,30.90,2,-1,68.11,6.13,6.26,54.25,30.89
686.54,0,,68.07,30.88,2,-1,68.19,6.17,6.24,54.27,30.95
686.66,0,,68.12,30.90,4,-2,68.20,6.20,6.27,54.33,30.95
686.72,0,,68.20,30.93,1,0,68.41,6.24,6.30,54.40,30.96
686.84,0,,68.29,30.96,1,0,68.30,6.26,6.28,54.40,31.00
686.93,0,,68.36,30.98,1,0,68.49,6.24,6.25,54.35,31.01
687.05,0,,68.43,31.00,0,1,68.61,6.22,6.23,54.31,31.01
687.14,0,,68.51,31.02,0,2,68.42,6.25,6.19,54.30,31.08
687.29,0,,68.46,31.03,0,2,68.08,6.19,6.23,54.28,30.98
687.32,0,,68.32,30.99,0,2,68.28,6.11,6.29,54.26,30.84
687.41,0,,68.21,30.94,0,1,68.09,6.23,6.25,54.34,31.00
687.53,0,,68.19,30.94,1,0,68.46,6.24,6.23,54.33,31.03
687.62,0,,68.23,30.96,1,0,68.14,6.13,6.25,54.24,30.90
687.71,0,,68.22,30.95,1,0,67.97,6.15,6.29,54.30,30.88
687.83,0,,68.10,30.90,1,0,67.92,6.10,6.32,54.28,30.80
687.92,0,,68.07,30.85,4,-2,68.58,6.16,6.30,54.32,30.88
688.04,0,,68.16,30.86,4,-2,67.99,6.33,6.32,54.51,31.03
688.13,0,,68.21,30.92,2,-1,68.22,6.29,6.34,54.49,30.97
688.22,0,,68.23,30.97,1,0,68.45,6.27,6.29,54.42,31.00
688.31,0,,68.28,31.00,1,0,68.14,6.27,6.26,54.39,31.03
688.43,0,,68.22,31.00,1,0,67.86,6.19,6.27,54.32,30.94
688.55,0,,68.19,30.99,1,0,68.87,6.25,6.28,54.39,30.99
688.61,0,,68.28,30.98,2,-1,67.91,6.36,6.32,54.54,31.06
688.73,0,,68.33,31.00,0,1,68.65,6.33,6.36,54.55,30.99
688.82,0,,68.42,31.00,0,1,68.66,6.26,6.32,54.44,30.96
688.91,0,,68.57,30.98,0,1,68.73,6.21,6.29,54.36,30.94
689.03,0,,68.65,30.94,0,2,68.40,6.16,6.32,54.34,30.86
689.12,0,,68.64,30.90,0,2,68.85,6.18,6.30,54.34,30.90
689.21,0,,68.66,30.89,0,2,68.63,6.24,6.28,54.38,30.98
689.33,0,,68.60,30.92,0,2,68.02,6.25,6.33,54.44,30.94
689.42,0,,68.44,30.94,0,2,68.64,6.25,6.33,54.44,30.94
689.54,0,,68.42,30.96,0,1,68.64,6.31,6.29,54.46,31.04
689.63,0,,68.50,30.99,0,1,68.38,6.30,6.30,54.46,31.02
689.72,0,,68.47,31.00,0,1,68.21,6.21,6.31,54.38,30.92
689.81,0,,68.40,30.97,2,-1,68.57,6.23,6.32,54.41,30.93
689.93,0,,68.42,30.96,2,-1,68.54,6.33,6.31,54.50,31.04
690.05,0,,68.45,30.98,2,-1,68.18,6.31,6.33,54.50,31.00
690.11,0,,68.40,30.99,2,-1,68.49,6.23,6.29,54.38,30.96
690.23,0,,68.40,30.99,2,-1,68.56,6.23,6.22,54.31,31.03
690.32,0,,68.40,30.98,2,-1,67.96,6.17,6.26,54.29,30.93
690.41,0,,68.28,30.97,2,-1,68.26,6.19,6.28,54.33,30.93
690.56,0,,68.25,30.95,2,-1,68.63,6.34,6.32,54.52,31.04
690.62,0,,68.36,30.98,0,1,68.43,6.36,6.34,54.56,31.04
690.71,0,,68.43,31.02,0,1,68.26,6.32,6.32,54.50,31.02
690.83,0,,68.37,31.03,0,1,68.19,6.31,6.33,54.50,31.00
690.92,0,,68.32,31.01,2,-1,68.53,6.27,6.33,54.46,30.96
691.04,0,,68.32,30.99,2,-1,68.17,6.32,6.35,54.53,30.99
691.16,0,,68.29,30.98,2,-1,68.20,6.34,6.36,54.56,31.00
691.22,0,,68.23,30.99,2,-1,68.20,6.35,6.34,54.55,31.03
691.31,0,,68.23,31.01,2,-1,68.42,6.42,6.36,54.64,31.08
691.43,0,,68.28,31.04,2,-1,68.24,6.36,6.35,54.57,31.03
691.55,0,,68.33,31.04,2,-1,68.48,6.29,6.32,54.47,30.99
691.61,0,,68.32,31.00,2,-1,67.98,6.25,6.37,54.48,30.90
691.73,0,,68.22,30.95,2,-1,68.07,6.23,6.35,54.44,30.90
691.82,0,,68.11,30.93,2,-1,68.15,6.33,6.30,54.49,31.05
691.91,0,,68.17,30.96,2,-1,68.70,6.34,6.34,54.54,31.02
692.03,0,,68.34,30.98,2,-1,68.33,6.24,6.38,54.48,30.88
692.12,0,,68.43,30.95,2,-1,68.36,6.21,6.33,54.40,30.90
692.21,0,,68.41,30.93,2,-1,68.30,6.28,6.30,54.44,31.00
692.36,0,,68.33,30.93,1,0,68.10,6.24,6.35,54.45,30.91
692.42,0,,68.21,30.93,2,-1,68.09,6.24,6.37,54.47,30.89
692.54,0,,68.11,30.92,2,-1,68.00,6.35,6.37,54.58,31.00
692.63,0,,68.14,30.93,1,0,68.83,6.27,6.39,54.52,30.90
692.72,0,,68.28,30.93,1,0,67.85,6.24,6.38,54.48,30.88
692.81,0,,68.29,30.91,1,0,68.38,6.25,6.35,54.46,30.92
692.93,0,,68.32,30.90,1,0,68.74,6.19,6.29,54.34,30.92
693.05,0,,68.41,30.91,1,0,68.08,6.22,6.28,54.36,30.96
693.11,0,,68.37,30.92,1,0,68.19,6.23,6.40,54.49,30.85
693.23,0,,68.22,30.89,1,0,68.01,6.27,6.44,54.57,30.85
693.32,0,,68.08,30.87,1,0,67.90,6.24,6.37,54.47,30.89
693.41,0,,67.95,30.86,1,0,67.79,6.23,6.38,54.47,30.87
693.53,0,,67.89,30.88,4,-2,68.16,6.33,6.38,54.57,30.97
693.62,0,,67.94,30.92,4,-2,67.98,6.34,6.39,54.59,30.97
693.71,0,,68.00,30.96,4,-2,68.01,6.40,6.42,54.68,31.00
693.83,0,,68.08,30.99,4,-2,68.45,6.44,6.43,54.73,31.03
693.92,0,,68.20,31.00,2,-1,68.18,6.37,6.46,54.69,30.93
694.04,0,,68.22,30.97,2,-1,67.89,6.36,6.44,54.66,30.94
694.16,0,,68.07,30.94,2,-1,67.73,6.33,6.46,54.65,30.89
694.22,0,,67.89,30.89,2,-1,67.87,6.25,6.50,54.61,30.77
694.31,0,,67.84,30.84,2,-1,68.07,6.28,6.43,54.57,30.87
694.43,0,,67.90,30.84,2,-1,67.91,6.34,6.40,54.60,30.96
694.55,0,,67.95,30.87,2,-1,68.00,6.27,6.45,54.58,30.84
694.61,0,,68.01,30.87,2,-1,68.25,6.23,6.45,54.54,30.80
694.73,0,,68.07,30.85,2,-1,67.84,6.31,6.43,54.60,30.90
694.82,0,,68.04,30.85,2,-1,68.02,6.29,6.42,54.57,30.89
694.91,0,,67.98,30.87,2,-1,67.85,6.28,6.44,54.58,30.86
695.03,0,,67.93,30.88,2,-1,67.93,6.38,6.48,54.72,30.92
695.12,0,,67.99,30.90,2,-1,68.59,6.40,6.48,54.74,30.94
695.21,0,,68.13,30.92,2,-1,67.75,6.34,6.44,54.64,30.92
695.33,0,,68.10,30.91,2,-1,67.94,6.23,6.47,54.56,30.78
695.42,0,,68.00,30.86,2,-1,68.06,6.22,6.45,54.53,30.79
695.54,0,,67.97,30.82,2,-1,67.94,6.29,6.40,54.55,30.91
695.63,0,,67.95,30.84,1,0,67.85,6.32,6.45,54.63,30.89
695.72,0,,67.95,30.87,1,0,68.21,6.36,6.48,54.70,30.90
695.81,0,,67.99,30.89,1,0,67.84,6.33,6.45,54.64,30.90
695.93,0,,67.97,30.90,1,0,67.84,6.30,6.44,54.60,30.88
696.05,0,,67.94,30.89,1,0,68.18,6.33,6.45,54.64,30.90
696.11,0,,67.96,30.89,1,0,67.80,6.37,6.50,54.73,30.89
696.29,0,,67.92,30.88,1,0,67.68,6.39,6.54,54.79,30.87
696.32,0,,67.84,30.87,1,0,68.03,6.34,6.51,54.71,30.85
696.41,0,,67.81,30.84,1,0,67.55,6.30,6.54,54.70,30.78
696.53,0,,67.80,30.82,1,0,68.10,6.35,6.52,54.73,30.85
696.62,0,,67.88,30.82,1,0,68.05,6.36,6.44,54.66,30.94
696.71,0,,68.05,30.87,1,0,68.48,6.40,6.46,54.72,30.96
696.83,0,,68.20,30.94,1,0,67.94,6.50,6.50,54.86,31.02
696.92,0,,68.19,30.97,1,0,68.05,6.46,6.56,54.88,30.92
697.04,0,,68.12,30.97,0,2,68.23,6.47,6.54,54.87,30.95
697.16,0,,68.07,30.96,0,2,67.73,6.47,6.50,54.83,30.99
697.22,0,,67.96,30.94,0,1,67.89,6.36,6.57,54.79,30.81
697.31,0,,67.83,30.89,1,0,67.56,6.40,6.61,54.87,30.81
697.43,0,,67.70,30.84,1,0,67.57,6.49,6.60,54.95,30.91
697.55,0,,67.73,30.86,2,-1,68.60,6.52,6.56,54.94,30.98
697.61,0,,68.04,30.91,2,-1,68.44,6.50,6.54,54.90,30.98
697.79,0,,68.30,30.96,1,0,67.99,6.47,6.54,54.87,30.95
697.82,0,,68.29,30.96,1,0,68.20,6.44,6.56,54.86,30.90
697.91,0,,68.17,30.93,1,0,67.88,6.39,6.54,54.79,30.87
698.03,0,,68.07,30.89,0,1,68.22,6.38,6.51,54.75,30.89
698.12,0,,68.06,30.88,0,1,68.11,6.40,6.52,54.78,30.90
698.21,0,,68.04,30.88,0,1,67.66,6.38,6.53,54.77,30.87
698.33,0,,68.00,30.87,0,1,68.45,6.33,6.55,54.74,30.80
698.42,0,,68.10,30.85,0,1,68.34,6.47,6.58,54.91,30.91
698.54,0,,68.29,30.87,0,1,68.46,6.57,6.63,55.06,30.96
698.63,0,,68.37,30.92,1,0,68.15,6.69,6.72,55.27,30.99
698.72,0,,68.27,30.99,0,1,67.80,7.02,6.88,55.76,31.16
698.81,0,,68.08,31.07,0,1,68.09,7.17,7.01,56.04,31.18
698.96,0,,67.95,31.14,0,1,67.79,7.15,7.02,56.03,31.15
699.05,0,,67.90,31.16,2,-1,67.98,7.10,7.00,55.96,31.12
699.11,0,,67.92,31.13,2,-1,68.07,7.03,7.06,55.95,30.99
699.23,0,,67.98,31.02,2,-1,67.99,7.03,7.36,56.25,30.69
699.32,0,,67.97,30.81,4,-2,67.67,6.88,7.54,56.28,30.36
699.41,0,,67.96,30.53,4,-2,68.51,6.71,7.56,56.13,30.17
699.53,0,,68.07,30.25,1,0,67.99,6.58,7.70,56.14,29.90
699.62,0,,68.10,30.02,2,-1,67.77,6.43,7.60,55.89,29.85
699.71,0,,67.95,29.89,1,0,67.72,6.43,7.43,55.72,30.02
699.83,0,,67.81,29.92,1,0,67.81,6.56,7.40,55.82,30.18
699.92,0,,67.73,30.04,2,-1,67.60,6.56,7.40,55.82,30.18
700.04,0,,67.68,30.10,2,-1,67.67,6.33,7.49,55.68,29.86
700.16,0,,67.67,30.01,2,-1,67.85,6.05,7.38,55.29,29.69
700.22,0,,67.73,29.83,2,-1,67.74,5.83,7.17,54.86,29.68
700.31,0,,67.74,29.67,4,-2,67.59,5.53,7.14,54.53,29.41
700.43,0,,67.63,29.49,4,-2,67.15,5.28,7.11,54.25,29.19
700.55,0,,67.43,29.31,2,-1,67.35,5.17,7.02,54.05,29.17
700.61,0,,67.33,29.17,4,-2,67.53,5.07,7.02,53.95,29.07
700.79,0,,67.40,29.08,4,-2,67.66,5.01,7.04,53.91,28.99
700.82,0,,67.51,29.02,4,-2,67.42,5.07,7.08,54.01,29.01
700.94,0,,67.53,28.98,4,-2,67.44,5.07,7.19,54.12,28.90
701.03,0,,67.41,28.92,2,-1,66.88,4.95,7.21,54.02,28.76
701.12,0,,67.22,28.83,2,-1,67.21,4.79,7.10,53.75,28.71
701.21,0,,67.16,28.73,2,-1,67.51,4.58,7.01,53.45,28.59
701.33,0,,67.22,28.62,4,-2,66.99,4.32,6.95,53.13,28.39
701.42,0,,67.21,28.48,4,-2,67.19,4.09,6.87,52.82,28.24
701.54,0,,67.23,28.33,2,-1,67.65,4.03,6.85,52.74,28.20
701.63,0,,67.41,28.25,2,-1,67.77,4.16,6.79,52.81,28.39
701.72,0,,67.58,28.28,2,-1,67.39,4.19,6.76,52.81,28.45
701.81,0,,67.56,28.34,0,1,67.25,4.07,6.84,52.77,28.25
701.96,0,,67.49,28.34,0,2,67.85,4.05,6.78,52.69,28.29
702.05,0,,67.45,28.31,0,2,66.87,4.02,6.71,52.59,28.33
702.11,0,,67.36,28.28,0,1,67.59,3.94,6.84,52.64,28.12
702.23,0,,67.30,28.23,0,1,67.14,4.00,6.76,52.62,28.26
702.32,0,,67.33,28.22,1,0,67.70,3.95,6.61,52.42,28.36
702.41,0,,67.43,28.26,1,0,67.48,3.84,6.66,52.36,28.20
702.53,0,,67.45,28.26,2,-1,66.97,3.90,6.67,52.43,28.25
702.62,0,,67.31,28.25,2,-1,67.34,3.92,6.66,52.44,28.28
702.71,0,,67.30,28.26,2,-1,67.76,3.92,6.67,52.45,28.27
702.86,0,,67.49,28.28,2,-1,67.85,4.05,6.64,52.55,28.43
702.92,0,,67.71,28.35,0,1,67.80,4.13,6.69,52.68,28.46
703.04,0,,67.72,28.38,0,1,66.96,3.92,6.72,52.50,28.22
703.13,0,,67.51,28.34,0,1,67.56,3.68,6.44,51.98,28.26
703.22,0,,67.38,28.29,0,1,67.40,3.66,6.30,51.82,28.38
703.31,0,,67.38,28.29,0,1,67.42,3.83,6.61,52.30,28.24
703.46,0,,67.33,28.30,1,0,66.92,3.60,6.19,51.65,28.43
703.55,0,,67.22,28.38,1,0,67.32,3.56,5.90,51.32,28.68
703.64,0,,67.17,28.40,1,0,67.15,2.58,5.86,50.30,27.74
703.73,0,,67.15,27.90,4,-2,67.07,-1.58,3.87,44.15,25.57
703.82,0,,67.14,26.67,4,-2,67.28,-4.12,2.48,40.22,24.42
703.91,0,,67.20,25.31,4,-2,67.41,-4.09,2.49,40.26,24.44
704.03,0,,67.28,24.42,2,-1,67.19,-5.05,1.96,38.77,24.01
704.12,0,,67.26,24.00,2,-1,67.05,-5.63,1.48,37.71,23.91
704.21,0,,67.16,23.92,2,-1,66.99,-5.30,1.29,37.85,24.43
704.33,0,,67.10,24.11,2,-1,67.42,-5.07,1.35,38.14,24.60
704.42,0,,67.22,24.42,2,-1,67.57,-4.67,1.57,38.76,24.78
704.54,0,,67.41,24.67,2,-1,67.59,-4.67,1.53,38.72,24.82
704.63,0,,67.56,24.79,0,1,67.57,-4.80,1.56,38.62,24.66
704.72,0,,67.61,24.78,0,2,67.59,-4.76,1.56,38.66,24.70
704.81,0,,67.54,24.72,0,2,67.08,-4.82,1.54,38.58,24.66
704.96,0,,67.38,24.67,0,2,67.34,-4.85,1.59,38.60,24.58
705.05,0,,67.30,24.65,0,1,67.47,-4.42,1.74,39.18,24.86
705.11,0,,67.31,24.77,0,1,67.15,-3.78,1.99,40.07,25.25
705.23,0,,67.34,25.07,1,0,67.72,-2.99,2.26,41.13,25.77
705.32,0,,67.51,25.54,1,0,68.01,-1.86,2.70,42.70,26.46
705.41,0,,67.69,26.06,1,0,67.35,-1.52,3.00,43.34,26.50
705.53,0,,67.75,26.47,1,0,68.08,-0.95,3.28,44.19,26.79
705.62,0,,67.72,26.69,0,1,67.18,-0.68,3.67,44.85,26.67
705.80,0,,67.47,26.55,0,1,66.55,-2.40,3.48,42.94,25.14
705.83,0,,67.04,25.94,0,1,66.83,-3.52,2.57,40.91,24.93
705.92,0,,66.75,25.22,2,-1,66.66,-5.15,1.37,38.08,24.50
706.04,0,,66.71,24.57,4,-2,67.14,-6.49,1.01,36.38,23.52
706.13,0,,66.83,24.06,4,-2,66.95,-5.33,1.48,38.01,24.21
706.28,0,,67.02,23.94,4,-2,67.44,-4.96,1.56,38.46,24.50
706.37,0,,67.23,24.11,4,-2,67.49,-5.51,1.44,37.79,24.07
706.43,0,,67.40,24.20,4,-2,67.35,-5.65,1.22,37.43,24.15
706.55,0,,67.37,24.15,1,0,66.87,-6.03,1.09,36.92,23.90
706.61,0,,67.21,24.03,1,0,67.21,-6.06,1.15,36.95,23.81
706.73,0,,67.16,23.94,1,0,67.49,-5.40,1.45,37.91,24.17
706.82,0,,67.30,23.99,0,2,67.60,-4.43,2.39,39.82,24.20
706.91,0,,67.51,24.10,0,2,67.81,-4.53,2.38,39.71,24.11
707.03,0,,67.65,24.20,0,2,67.49,-4.45,2.05,39.46,24.52
707.12,0,,67.71,24.35,0,2,67.96,-3.69,2.75,40.92,24.58
707.21,0,,67.81,24.48,0,2,68.04,-3.95,2.65,40.56,24.42
707.33,0,,67.96,24.53,0,2,68.18,-3.88,2.47,40.45,24.67
707.42,0,,68.05,24.59,0,2,67.80,-3.59,2.71,40.98,24.72
707.54,0,,68.00,24.70,0,2,67.89,-3.57,2.50,40.79,24.95
707.63,0,,67.91,24.85,0,2,67.79,-3.27,2.61,41.20,25.14
707.72,0,,67.87,25.00,0,1,68.10,-3.13,2.86,41.59,25.03
707.81,0,,67.86,25.06,0,1,67.50,-3.56,2.51,40.81,24.95
707.93,0,,67.80,24.94,0,1,67.93,-5.30,1.43,37.99,24.29
708.05,0,,67.79,24.58,1,0,67.89,-6.38,0.88,36.36,23.76
708.11,0,,67.84,24.10,2,-1,67.83,-6.48,0.93,36.31,23.61
708.23,0,,67.87,23.68,2,-1,67.96,-7.14,0.62,35.34,23.26
708.32,0,,67.85,23.37,2,-1,67.49,-7.64,0.31,34.53,23.07
708.44,0,,67.76,23.16,2,-1,67.83,-7.58,0.25,34.53,23.19
708.53,0,,67.66,23.17,2,-1,67.33,-6.81,0.54,35.59,23.67
708.62,0,,67.62,23.40,2,-1,68.01,-6.56,0.50,35.80,23.96
708.71,0,,67.66,23.72,2,-1,67.54,-6.76,0.31,35.41,23.95
708.83,0,,67.60,23.96,2,-1,67.00,-5.99,0.82,36.69,24.21
708.92,0,,67.39,24.13,4,-2,67.35,-5.62,1.10,37.34,24.30
709.04,0,,67.31,24.25,4,-2,67.73,-5.78,0.99,37.07,24.25
709.16,0,,67.47,24.30,4,-2,67.76,-5.65,1.01,37.22,24.36
709.22,0,,67.65,24.33,2,-1,67.71,-5.67,0.97,37.16,24.38
709.34,0,,67.74,24.35,2,-1,67.69,-5.85,0.86,36.87,24.31
709.43,0,,67.76,24.33,2,-1,67.87,-6.12,0.67,36.41,24.23
709.55,0,,67.75,24.27,2,-1,67.47,-6.23,0.63,36.26,24.16
709.64,0,,67.66,24.19,0,1,67.53,-6.26,0.69,36.29,24.07
709.73,0,,67.57,24.12,0,1,67.59,-6.22,0.70,36.34,24.10
709.82,0,,67.57,24.12,0,1,67.76,-5.79,0.85,36.92,24.38
709.91,0,,67.66,24.26,0,1,67.85,-5.32,0.98,37.52,24.72
710.03,0,,67.74,24.51,1,0,67.63,-5.18,0.97,37.65,24.87
710.12,0,,67.79,24.74,1,0,68.04,-5.13,1.06,37.79,24.83
710.21,0,,67.83,24.86,1,0,67.64,-5.07,1.08,37.87,24.87
710.33,0,,67.82,24.90,2,-1,67.86,-5.06,1.03,37.83,24.93
710.42,0,,67.79,24.91,0,1,67.73,-5.03,1.12,37.95,24.87
710.54,0,,67.84,24.91,0,1,68.27,-4.96,1.12,38.02,24.94
710.66,0,,67.95,24.92,0,1,67.86,-4.98,1.04,37.92,25.00
710.72,0,,68.00,24.95,0,1,67.97,-4.99,1.07,37.94,24.96
710.81,0,,68.01,25.00,0,1,68.17,-4.76,1.08,38.18,25.18
710.93,0,,68.12,25.11,0,1,68.50,-4.52,1.03,38.37,25.47
711.05,0,,68.27,25.29,0,2,68.29,-4.53,1.06,38.39,25.43
711.11,0,,68.30,25.40,0,2,67.86,-4.60,1.07,38.33,25.35
711.23,0,,68.16,25.42,0,2,68.08,-4.63,1.03,38.26,25.36
711.32,0,,68.07,25.39,0,2,68.17,-4.87,0.77,37.76,25.38
711.41,0,,68.04,25.39,0,1,67.80,-4.77,0.72,37.81,25.53
711.53,0,,67.97,25.45,0,1,67.90,-4.29,1.15,38.72,25.58
711.62,0,,67.94,25.54,2,-1,68.19,-4.43,0.85,38.28,25.74
711.71,0,,67.99,25.70,2,-1,67.92,-4.14,0.73,38.45,26.15
711.83,0,,68.00,25.91,4,-2,67.93,-3.67,1.27,39.46,26.08
711.92,0,,68.00,26.03,2,-1,68.15,-4.18,1.06,38.74,25.78
712.04,0,,68.08,25.97,2,-1,68.40,-4.36,0.87,38.37,25.79
712.13,0,,68.21,25.85,1,0,68.20,-4.30,0.96,38.52,25.76
712.22,0,,68.26,25.76,0,1,68.17,-4.26,1.06,38.66,25.70
712.31,0,,68.27,25.73,0,1,68.48,-3.94,1.24,39.16,25.84
712.43,0,,68.30,25.76,0,1,68.16,-3.87,1.27,39.26,25.88
712.55,0,,68.24,25.82,0,2,67.88,-3.52,1.67,40.01,25.83
712.61,0,,68.07,25.90,0,1,67.86,-2.75,2.07,41.18,26.20
712.73,0,,67.93,26.03,0,1,67.92,-3.29,1.47,40.04,26.26
712.82,0,,67.89,26.13,1,0,68.05,-4.45,0.67,38.08,25.90
712.91,0,,67.96,26.08,2,-1,68.10,-4.67,0.46,37.65,25.89
713.03,0,,68.01,25.92,2,-1,67.81,-5.18,0.30,36.98,25.54
713.12,0,,67.98,25.65,4,-2,68.04,-5.92,0.11,36.05,24.99
713.21,0,,67.96,25.26,4,-2,67.88,-6.44,-0.07,35.35,24.65
713.33,0,,67.93,24.81,2,-1,67.90,-7.17,-0.31,34.38,24.16
713.42,0,,67.91,24.37,2,-1,67.94,-7.66,-0.49,33.71,23.85
713.54,0,,67.92,24.02,1,0,67.95,-7.71,-0.59,33.56,23.90
713.63,0,,67.93,23.88,2,-1,67.90,-7.48,-0.54,33.84,24.08
713.72,0,,67.97,23.96,2,-1,68.27,-7.11,-0.49,34.26,24.40
713.81,0,,68.08,24.19,2,-1,68.14,-6.81,-0.38,34.67,24.59
713.93,0,,68.21,24.46,0,1,68.53,-6.46,-0.25,35.15,24.81
714.05,0,,68.31,24.72,0,1,68.16,-6.31,-0.33,35.22,25.04
714.11,0,,68.31,24.91,0,2,68.13,-6.41,-0.37,35.08,24.98
714.23,0,,68.19,24.99,0,2,67.92,-6.48,-0.35,35.03,24.89
714.32,0,,68.09,24.99,0,2,68.24,-6.30,-0.31,35.25,25.03
714.41,0,,68.07,25.02,0,1,68.05,-5.78,-0.07,36.01,25.31
714.53,0,,68.11,25.16,1,0,68.25,-5.52,0.12,36.46,25.38
714.62,0,,68.15,25.29,1,0,68.08,-5.51,0.20,36.55,25.31
714.71,0,,68.17,25.36,1,0,68.25,-5.44,0.18,36.60,25.40
714.83,0,,68.18,25.38,1,0,68.19,-5.64,0.00,36.22,25.38
714.92,0,,68.17,25.40,1,0,67.97,-5.64,-0.08,36.14,25.46
715.04,0,,68.14,25.44,1,0,68.32,-5.43,-0.04,36.39,25.63
715.13,0,,68.14,25.54,1,0,68.01,-5.38,-0.09,36.39,25.73
715.22,0,,68.08,25.64,1,0,67.73,-5.46,-0.09,36.31,25.65
715.31,0,,67.90,25.67,2,-1,67.62,-5.53,-0.06,36.27,25.55
715.43,0,,67.81,25.64,2,-1,68.29,-5.40,-0.06,36.40,25.68
715.55,0,,67.85,25.66,4,-2,67.55,-5.15,0.00,36.71,25.87
715.61,0,,67.85,25.76,4,-2,67.92,-4.98,0.08,36.96,25.96
715.73,0,,67.85,25.88,4,-2,68.00,-4.95,0.10,37.01,25.97
715.82,0,,67.94,25.95,2,-1,68.15,-4.89,0.16,37.13,25.97
715.91,0,,68.00,25.98,2,-1,67.78,-4.82,0.22,37.26,25.98
716.03,0,,68.00,26.00,2,-1,68.17,-4.67,0.22,37.41,26.13
716.12,0,,68.05,26.09,1,0,68.26,-4.35,0.26,37.77,26.41
716.21,0,,68.11,26.25,1,0,67.88,-4.24,0.31,37.93,26.47
716.33,0,,68.07,26.39,0,1,67.98,-4.32,0.31,37.85,26.39
716.42,0,,68.02,26.43,0,1,68.15,-4.32,0.32,37.86,26.38
716.54,0,,68.03,26.41,0,1,67.99,-4.29,0.36,37.93,26.37
716.63,0,,68.03,26.39,0,1,67.96,-4.19,0.40,38.07,26.43
716.72,0,,68.03,26.42,1,0,68.23,-3.98,0.44,38.32,26.60
716.84,0,,68.04,26.50,1,0,67.80,-3.93,0.49,38.42,26.60
716.93,0,,68.02,26.56,1,0,68.17,-4.00,0.50,38.36,26.52
717.05,0,,68.03,26.57,1,0,68.06,-3.96,0.51,38.41,26.55
717.11,0,,68.05,26.56,1,0,67.95,-3.88,0.54,38.52,26.60
717.23,0,,68.00,26.58,1,0,67.84,-3.74,0.57,38.69,26.71
717.32,0,,67.97,26.66,1,0,68.25,-3.52,0.62,38.96,26.88
717.41,0,,67.99,26.78,1,0,67.76,-3.44,0.67,39.09,26.91
717.53,0,,67.96,26.86,1,0,67.90,-3.43,0.72,39.15,26.87
717.62,0,,68.00,26.90,1,0,68.65,-3.33,0.75,39.28,26.94
717.71,0,,68.19,26.95,1,0,68.15,-3.10,0.78,39.54,27.14
717.83,0,,68.28,27.05,1,0,68.10,-2.85,0.89,39.90,27.28
717.92,0,,68.20,27.18,1,0,68.00,-2.80,0.97,40.03,27.25
718.04,0,,68.08,27.24,0,1,67.94,-2.86,0.98,39.98,27.18
718.13,0,,68.03,27.24,0,1,68.32,-2.83,0.96,39.99,27.23
718.22,0,,68.08,27.22,0,1,68.05,-2.80,0.99,40.05,27.23
718.31,0,,68.18,27.23,0,1,68.56,-2.65,1.08,40.29,27.29
718.43,0,,68.32,27.28,0,1,68.36,-2.37,1.15,40.64,27.50
718.55,0,,68.36,27.38,0,1,68.05,-2.31,1.22,40.77,27.49
718.61,0,,68.27,27.45,0,1,68.22,-2.35,1.26,40.77,27.41
718.73,0,,68.25,27.49,0,1,68.60,-2.24,1.15,40.77,27.63
718.82,0,,68.34,27.56,0,1,68.32,-2.02,1.19,41.03,27.81
718.97,0,,68.38,27.67,0,1,68.22,-1.86,1.44,41.44,27.72
719.03,0,,68.33,27.72,0,1,68.27,-2.07,1.40,41.19,27.55
719.12,0,,68.25,27.67,0,1,68.11,-2.04,1.35,41.17,27.63
719.21,0,,68.20,27.66,0,1,68.23,-1.73,1.38,41.51,27.91
719.33,0,,68.15,27.76,0,1,67.96,-1.96,1.06,40.96,28.00
719.42,0,,68.05,27.93,2,-1,67.80,-1.69,1.14,41.31,28.19
719.57,0,,67.97,28.13,2,-1,68.24,-0.97,1.49,42.38,28.56
719.63,0,,67.99,28.35,4,-2,67.94,-1.38,1.18,41.66,28.46
719.72,0,,68.09,28.49,4,-2,68.55,-1.31,1.15,41.70,28.56
719.84,0,,68.23,28.56,2,-1,68.20,-0.94,1.41,42.33,28.67
719.93,0,,68.29,28.57,2,-1,68.17,-1.55,1.14,41.45,28.33
720.05,0,,68.26,28.53,1,0,68.27,-1.24,1.18,41.80,28.60
720.11,0,,68.30,28.55,1,0,68.72,-0.74,1.40,42.52,28.88
720.23,0,,68.44,28.67,0,2,68.51,-0.91,1.38,42.33,28.73
720.32,0,,68.60,28.78,0,2,68.94,-0.62,1.49,42.73,28.91
720.41,0,,68.69,28.85,0,2,68.33,-0.59,1.53,42.80,28.90
720.53,0,,68.60,28.88,0,2,68.29,-0.70,1.52,42.68,28.80
720.62,0,,68.45,28.90,0,2,68.56,-0.43,1.50,42.93,29.09
720.71,0,,68.37,28.97,0,1,68.06,-0.37,1.48,42.97,29.17
720.83,0,,68.25,29.06,0,1,68.04,-0.45,1.54,42.95,29.03
720.92,0,,68.08,29.09,0,1,67.83,-0.42,1.57,43.01,29.03
721.04,0,,68.01,29.07,4,-2,68.39,-0.31,1.60,43.15,29.11
721.13,0,,68.12,29.09,4,-2,68.43,-0.14,1.64,43.36,29.24
721.22,0,,68.27,29.17,4,-2,68.10,0.00,1.67,43.53,29.35
721.34,0,,68.31,29.27,4,-2,68.43,0.14,1.76,43.76,29.40
721.43,0,,68.32,29.36,2,-1,68.28,0.26,1.85,43.97,29.43
721.55,0,,68.20,29.32,2,-1,67.33,-0.74,1.54,42.66,28.74
721.61,0,,67.94,29.03,2,-1,68.17,-1.76,1.02,41.12,28.24
721.73,0,,67.87,28.75,2,-1,68.05,0.01,1.65,43.52,29.38
721.82,0,,68.00,28.96,1,0,68.37,1.91,2.73,46.50,30.20
721.91,0,,68.05,29.48,1,0,67.27,1.14,2.54,45.54,29.62
722.03,0,,67.89,29.74,4,-2,67.98,0.54,2.15,44.55,29.41
722.12,0,,67.75,29.66,4,-2,67.60,0.33,2.00,44.19,29.35
722.21,0,,67.67,29.47,4,-2,67.47,0.20,1.90,43.96,29.32
722.33,0,,67.60,29.36,4,-2,67.80,0.39,1.98,44.23,29.43
722.42,0,,67.62,29.36,4,-2,67.56,0.47,2.01,44.34,29.48
722.57,0,,67.71,29.40,4,-2,68.21,0.46,2.07,44.39,29.41
722.63,0,,67.89,29.41,2,-1,68.05,0.33,2.03,44.22,29.32
722.72,0,,68.03,29.43,2,-1,67.93,0.87,2.19,44.92,29.70
722.81,0,,68.02,29.57,2,-1,67.86,1.79,2.72,46.37,30.09
722.93,0,,67.93,29.82,0,1,67.80,1.91,2.93,46.70,30.00
723.05,0,,67.88,29.97,0,2,68.07,1.69,2.84,46.39,29.87
723.11,0,,67.89,29.98,0,2,67.75,1.63,2.73,46.22,29.92
723.23,0,,67.89,29.93,0,1,67.97,1.45,2.62,45.93,29.85
723.32,0,,67.85,29.87,0,1,67.61,1.50,2.73,46.09,29.79
723.44,0,,67.80,29.83,1,0,67.87,1.67,2.81,46.34,29.88
723.53,0,,67.81,29.81,2,-1,68.03,1.42,2.69,45.97,29.75
723.62,0,,67.92,29.77,2,-1,68.12,1.21,2.62,45.69,29.61
723.71,0,,67.97,29.68,2,-1,67.58,1.08,2.54,45.48,29.56
723.83,0,,67.86,29.59,2,-1,67.62,0.98,2.53,45.37,29.47
723.92,0,,67.75,29.55,1,0,68.07,1.42,2.67,45.95,29.77
724.04,0,,67.84,29.65,2,-1,68.15,1.88,2.84,46.58,30.06
724.13,0,,68.01,29.84,1,0,68.10,1.81,2.85,46.52,29.98
724.22,0,,68.09,29.94,0,1,67.96,1.47,2.79,46.12,29.70
724.31,0,,68.06,29.82,0,1,67.95,1.11,2.83,45.80,29.30
724.43,0,,68.05,29.58,1,0,68.34,1.28,2.92,46.06,29.38
724.55,0,,68.07,29.45,0,1,67.78,1.72,2.97,46.55,29.77
724.61,0,,68.10,29.53,0,1,68.58,1.56,2.79,46.21,29.79
724.73,0,,68.27,29.69,0,2,68.68,1.29,2.49,45.64,29.82
724.82,0,,68.49,29.82,0,2,68.50,1.54,2.54,45.94,30.02
724.94,0,,68.53,29.92,0,2,68.12,1.64,2.71,46.21,29.95
725.03,0,,68.46,29.97,0,2,68.73,1.62,2.76,46.24,29.88
725.12,0,,68.46,29.95,0,2,68.46,1.81,2.89,46.56,29.94
725.21,0,,68.53,29.91,0,2,68.70,1.56,2.79,46.21,29.79
725.33,0,,68.58,29.86,0,2,68.50,1.49,2.68,46.03,29.83
725.42,0,,68.62,29.84,0,2,68.83,1.91,2.99,46.76,29.94
725.55,0,,68.66,29.87,0,2,68.57,2.02,3.06,46.94,29.98
725.63,0,,68.67,29.95,0,2,68.67,2.06,2.97,46.89,30.11
725.72,0,,68.63,30.03,0,1,68.47,2.20,3.13,47.19,30.09
725.81,0,,68.52,30.08,0,1,68.17,2.17,3.16,47.19,30.03
725.93,0,,68.34,30.07,1,0,68.12,2.13,3.14,47.13,30.01
726.02,0,,68.21,30.05,2,-1,68.30,2.26,3.12,47.24,30.16
726.11,0,,68.23,30.11,4,-2,68.55,2.43,3.08,47.37,30.37
726.23,0,,68.41,30.22,4,-2,68.87,2.51,3.23,47.60,30.30
726.32,0,,68.55,30.25,4,-2,68.05,2.17,3.21,47.24,29.98
726.41,0,,68.49,30.13,2,-1,68.47,1.47,2.77,46.10,29.72
726.53,0,,68.39,29.93,2,-1,68.36,1.55,2.73,46.14,29.84
726.62,0,,68.43,29.82,2,-1,68.87,2.00,3.06,46.92,29.96
726.71,0,,68.57,29.85,0,1,68.58,1.95,3.02,46.83,29.95
726.83,0,,68.68,29.91,0,1,68.80,2.08,3.10,47.04,30.00
726.92,0,,68.66,29.94,0,2,68.15,2.01,3.24,47.11,29.79
727.04,0,,68.48,29.87,0,1,68.24,1.67,3.08,46.61,29.61
727.13,0,,68.25,29.75,1,0,67.90,1.85,3.13,46.84,29.74
727.22,0,,68.11,29.69,2,-1,68.39,2.06,3.34,47.26,29.74
727.31,0,,68.08,29.68,2,-1,67.85,1.90,3.33,47.09,29.59
727.43,0,,68.02,29.63,2,-1,67.83,1.74,3.26,46.86,29.50
727.52,0,,67.92,29.57,4,-2,67.94,1.77,3.23,46.86,29.56
727.61,0,,67.86,29.54,4,-2,67.70,1.71,3.16,46.73,29.57
727.73,0,,67.84,29.52,4,-2,68.09,1.46,3.05,46.37,29.43
727.82,0,,67.89,29.49,4,-2,67.94,1.52,3.07,46.45,29.47
727.91,0,,67.99,29.48,4,-2,68.23,1.93,3.35,47.14,29.60
728.03,0,,68.08,29.51,2,-1,68.06,1.93,3.45,47.24,29.50
728.12,0,,68.15,29.52,2,-1,68.35,1.85,3.38,47.09,29.49
728.21,0,,68.19,29.53,0,1,67.99,2.36,3.66,47.88,29.72
728.33,0,,68.14,29.65,0,1,67.97,3.17,4.12,49.15,30.07
728.63,0,,69.05,28.69,0,2,75.69,-19.69,-9.89,12.28,21.22
728.72,0,,71.29,27.56,0,2,72.03,15.54,10.93,68.33,35.63
728.81,0,,72.82,26.61,0,2,72.41,23.24,41.34,106.44,12.92
728.93,0,,73.03,24.09,0,2,72.88,-0.92,2.38,43.32,27.72
729.02,0,,72.80,23.87,0,2,71.78,16.75,16.16,74.77,31.61
729.11,0,,72.37,27.01,0,2,71.96,9.03,11.08,61.97,28.97
729.23,0,,71.99,29.43,0,2,71.79,7.21,7.77,56.84,30.46
729.32,0,,71.73,30.37,0,2,71.22,13.68,14.67,70.21,30.03
729.41,0,,71.77,30.17,0,2,73.53,3.65,7.22,52.73,27.45
729.53,0,,72.15,28.51,0,2,71.63,0.32,7.82,50.00,23.52
729.92,0,,72.99,24.92,2,-1,77.44,-54.69,-39.36,-52.19,15.69
730.04,0,,74.87,18.55,0,2,78.06,-59.92,-32.53,-50.59,3.63
730.13,0,,76.58,10.01,0,2,75.06,-61.51,-29.84,-49.49,-0.65
730.22,0,,76.54,3.16,0,2,74.27,-63.75,-35.96,-57.85,3.23
730.31,0,,75.51,0.06,0,2,74.78,-69.01,-35.42,-62.57,-2.57
730.43,0,,76.95,-2.00,0,2,91.34,-77.58,-39.36,-75.08,-7.20
730.52,0,,78.95,-4.48,0,2,62.55,-77.52,-40.86,-76.52,-5.64
730.61,0,,74.66,-4.57,0,2,62.55,-66.38,-40.36,-64.88,5.00
730.73,0,,67.14,-2.57,0,1,62.55,-82.82,-44.58,-85.54,-7.22
730.82,0,,62.69,-4.44,4,-2,62.55,-96.25,-45.89,-100.28,-19.34
730.91,0,,61.40,-11.09,4,-2,62.55,-94.22,-44.48,-96.84,-18.72
731.03,0,,61.65,-16.46,4,-2,62.55,-91.10,-45.32,-94.56,-14.76
731.12,0,,58.35,-16.77,4,-2,33.29,-84.87,-44.99,-88.00,-8.86
731.21,0,,51.85,-10.93,4,-2,61.54,-60.00,-39.61,-57.75,10.63
731.33,0,,51.02,-0.47,4,-2,58.15,-41.21,-21.70,-21.05,11.51
731.42,0,,55.35,6.96,4,-2,60.99,-56.22,-24.68,-39.04,-0.52
731.54,0,,60.01,7.93,4,-2,67.83,-51.25,-29.57,-38.96,9.34
731.66,0,,64.77,8.17,4,-2,70.04,-31.70,-14.02,-3.86,13.34
731.72,0,,68.73,11.72,0,2,71.49,-24.78,-17.01,0.07,23.25
731.81,0,,70.97,16.64,0,2,70.78,-32.90,-19.05,-10.09,17.17
731.93,0,,71.54,19.40,0,2,70.55,-23.86,-12.60,5.40,19.76
732.02,0,,71.17,20.74,0,2,70.24,-22.13,-16.50,3.23,25.39
732.14,0,,70.68,22.28,0,2,70.69,-16.83,-7.16,17.87,21.35
732.23,0,,70.61,23.57,0,2,71.55,-9.53,-6.20,26.13,27.69
732.32,0,,71.19,24.79,0,2,73.21,-16.16,-9.29,16.41,24.15
732.41,0,,72.19,23.63,0,2,73.21,-38.85,-19.60,-16.59,11.77
732.53,0,,73.00,16.10,0,2,73.21,-77.43,-38.21,-73.78,-8.20
732.62,0,,73.33,2.75,0,2,73.21,-93.82,-45.69,-97.65,-17.11
732.71,0,,73.36,-10.17,0,2,73.21,-93.31,-44.79,-96.24,-17.50
732.83,0,,76.80,-17.09,0,2,100.00,-88.83,-43.24,-90.21,-14.57
732.95,0,,86.39,-18.32,0,2,100.00,-91.58,-43.80,-93.52,-16.76
733.04,0,,96.14,-17.96,0,2,100.00,-94.66,-43.73,-96.53,-19.91
733.13,0,,100.81,-18.67,0,2,100.00,-96.62,-44.15,-98.91,-21.45
733.22,0,,101.66,-20.04,0,2,100.00,-95.77,-43.87,-97.78,-20.88
733.31,0,,101.02,-20.55,0,2,100.00,-93.06,-44.02,-95.22,-18.02
733.43,0,,100.31,-19.41,0,2,100.00,-89.91,-43.36,-91.41,-15.53
733.52,0,,97.14,-17.11,0,2,78.54,-86.41,-42.01,-86.56,-13.38
733.61,0,,92.15,-14.68,0,2,100.00,-86.28,-42.84,-87.26,-12.42
733.79,0,,92.09,-13.16,0,2,100.00,-88.22,-43.20,-89.56,-14.00
733.82,0,,96.22,-13.19,4,-2,100.00,-89.49,-42.90,-90.53,-15.57
733.91,0,,99.32,-14.37,4,-2,100.00,-90.71,-43.09,-91.94,-16.60
734.03,0,,100.52,-15.86,4,-2,100.00,-92.16,-43.49,-93.79,-17.65
734.12,0,,93.18,-16.74,4,-2,43.63,-85.76,-39.51,-83.41,-15.23
734.21,0,,79.45,-14.69,4,-2,96.01,-51.91,-19.50,-29.55,-1.39
734.33,0,,74.69,3.11,4,-2,74.34,207.89,148.12,397.87,90.79
734.42,0,,76.12,31.33,4,-2,74.89,-19.57,0.90,23.19,10.55
734.54,0,,75.93,40.97,4,-2,75.93,7.65,10.34,59.85,28.33
734.63,0,,75.64,42.82,4,-2,75.16,207.89,148.12,397.87,90.79
734.78,0,,75.36,50.75,4,-2,74.78,-5.52,7.53,43.87,17.97
734.81,0,,74.74,96.84,4,-2,72.57,291.23,-42.36,290.73,364.61
734.93,0,,73.67,172.56,4,-2,72.16,15.34,17.88,75.08,28.48
735.02,0,,72.45,168.42,4,-2,70.75,18.19,16.11,76.16,33.10
735.14,0,,71.85,97.10,4,-2,74.07,34.83,22.16,98.85,43.69
735.23,0,,72.37,46.43,4,-2,73.74,14.48,15.97,72.31,29.53
735.32,0,,73.30,26.97,4,-2,73.93,29.36,20.56,91.78,39.82
735.41,0,,73.81,26.08,4,-2,73.57,19.15,17.84,78.85,32.33
735.53,0,,74.10,30.32,4,-2,75.29,21.54,18.50,81.90,34.06
735.62,0,,74.37,33.19,4,-2,73.77,21.47,18.56,81.89,33.93
735.71,0,,74.38,34.19,0,2,74.11,19.57,18.08,79.51,32.51
735.83,0,,74.29,33.95,0,2,74.83,21.87,18.97,82.70,33.92
735.92,0,,74.58,33.55,0,2,75.78,20.24,18.35,80.45,32.91
736.04,0,,75.05,33.32,0,2,74.90,21.46,18.92,82.24,33.56
736.13,0,,75.13,33.25,0,2,74.25,20.97,18.80,81.63,33.19
736.22,0,,74.95,33.24,0,2,75.60,20.91,18.74,81.51,33.19
736.31,0,,75.15,33.29,0,2,76.21,21.50,18.75,82.11,33.77
736.43,0,,75.43,33.46,0,2,74.29,21.22,18.59,81.67,33.65
736.52,0,,75.25,33.58,0,2,74.97,20.98,18.66,81.50,33.34
736.61,0,,75.01,33.51,0,2,75.35,20.88,18.66,81.40,33.24
736.73,0,,75.09,33.36,0,2,75.43,20.89,18.70,81.45,33.21
736.82,0,,75.28,33.22,0,1,75.44,20.53,18.49,80.88,33.06
736.91,0,,75.41,33.05,0,1,75.39,19.79,18.27,79.92,32.54
737.03,0,,75.36,32.77,0,2,74.75,19.62,18.34,79.82,32.30
737.12,0,,75.23,32.53,0,1,75.70,19.92,18.26,80.04,32.68
737.21,0,,75.08,32.47,2,-1,73.83,19.71,18.17,79.74,32.56
737.33,0,,74.87,32.51,2,-1,75.69,19.85,18.34,80.05,32.53
737.42,0,,74.85,32.59,2,-1,74.59,20.35,18.41,80.62,32.96
737.54,0,,74.82,32.73,4,-2,74.33,20.23,18.40,80.49,32.85
737.63,0,,74.70,32.84,4,-2,75.20,20.16,18.40,80.42,32.78
737.72,0,,74.74,32.87,4,-2,74.66,20.31,18.33,80.50,33.00
737.81,0,,74.73,32.88,4,-2,74.29,20.02,18.32,80.20,32.72
737.93,0,,74.56,32.83,4,-2,74.40,19.91,18.26,80.03,32.67
738.02,0,,74.44,32.76,4,-2,74.59,20.13,18.26,80.25,32.89
738.11,0,,74.44,32.76,4,-2,74.46,20.16,18.46,80.48,32.72
738.23,0,,74.47,32.77,4,-2,74.45,20.31,18.51,80.68,32.82
738.32,0,,74.55,32.83,4,-2,75.06,20.55,18.35,80.76,33.22
738.41,0,,74.68,32.98,4,-2,74.46,20.36,18.31,80.53,33.07
738.53,0,,74.68,33.05,4,-2,74.46,20.17,18.40,80.43,32.79
738.62,0,,74.59,32.99,1,0,74.65,20.44,18.49,80.79,32.97
738.71,0,,74.60,32.94,1,0,74.91,20.51,18.51,80.88,33.02
738.83,0,,74.64,32.96,0,1,74.17,20.31,18.35,80.52,32.98
738.92,0,,74.58,32.95,0,1,74.75,20.23,18.47,80.56,32.78
739.04,0,,74.70,32.88,0,1,75.75,20.37,18.59,80.82,32.80
739.13,0,,75.03,32.86,0,1,74.83,20.51,18.42,80.79,33.11
739.22,0,,75.19,32.91,0,2,75.22,20.41,18.55,80.82,32.88
739.34,0,,75.02,32.94,0,2,73.89,20.40,18.51,80.77,32.91
739.43,0,,74.63,32.94,0,2,74.44,20.38,18.40,80.64,33.00
739.52,0,,74.57,32.93,0,1,76.13,20.41,18.60,80.87,32.83
739.61,0,,75.03,32.91,0,1,75.18,20.47,18.59,80.92,32.90
739.73,0,,75.23,32.86,0,2,74.22,20.20,18.52,80.58,32.70
739.82,0,,74.99,32.78,0,1,75.06,19.92,18.29,80.07,32.65
739.91,0,,74.78,32.69,0,1,74.48,19.58,17.98,79.42,32.62
740.03,0,,74.58,32.58,4,-2,74.02,19.22,18.00,79.08,32.24
740.12,0,,74.25,32.38,4,-2,73.71,18.79,17.88,78.53,31.93
740.21,0,,73.92,32.10,4,-2,73.72,18.04,17.36,77.26,31.70
740.33,0,,73.69,31.86,4,-2,73.50,17.73,16.91,76.50,31.84
740.42,0,,73.57,31.82,4,-2,73.62,18.20,16.98,77.04,32.24
740.54,0,,73.59,31.99,4,-2,73.94,18.76,17.40,78.02,32.38
740.63,0,,73.62,32.23,4,-2,73.03,19.09,17.63,78.58,32.48
740.72,0,,73.51,32.41,4,-2,73.61,19.18,17.73,78.77,32.47
740.81,0,,73.46,32.51,4,-2,73.58,19.36,17.72,78.94,32.66
740.93,0,,73.56,32.65,4,-2,73.98,19.70,17.63,79.19,33.09
741.02,0,,73.83,32.83,4,-2,74.56,19.59,17.73,79.18,32.88
741.11,0,,74.12,32.91,0,1,73.84,19.50,17.79,79.15,32.73
741.23,0,,74.09,32.89,0,2,73.44,19.75,17.80,79.41,32.97
741.32,0,,73.91,32.88,0,2,74.35,19.78,17.88,79.52,32.92
741.41,0,,73.88,32.90,0,2,73.59,19.81,17.95,79.62,32.88
741.53,0,,73.86,32.90,0,2,73.94,19.92,18.03,79.81,32.91
741.62,0,,73.76,32.89,0,2,73.17,19.85,18.07,79.78,32.80
741.71,0,,73.46,32.85,0,1,72.73,19.85,18.07,79.78,32.80
741.83,0,,73.13,32.81,4,-2,73.32,19.89,18.09,79.84,32.82
741.92,0,,73.04,32.78,4,-2,73.12,19.79,18.10,79.75,32.71
742.04,0,,73.15,32.75,4,-2,73.63,19.80,18.07,79.73,32.75
742.13,0,,73.34,32.75,4,-2,73.46,19.90,18.04,79.80,32.88
742.22,0,,73.47,32.78,4,-2,73.39,19.84,18.07,79.77,32.79
742.31,0,,73.50,32.78,4,-2,73.61,19.74,18.16,79.76,32.60
742.43,0,,73.51,32.70,2,-1,73.44,19.77,18.25,79.88,32.54
742.52,0,,73.61,32.61,0,1,74.32,19.83,18.26,79.95,32.59
742.64,0,,73.73,32.58,2,-1,73.04,19.93,18.28,80.07,32.67
742.73,0,,73.61,32.59,0,2,73.39,19.96,18.41,80.23,32.57
742.82,0,,73.42,32.59,0,2,73.43,19.94,18.38,80.18,32.58
742.91,0,,73.43,32.62,0,1,73.87,20.15,18.28,80.29,32.89
743.03,0,,73.51,32.72,1,0,73.18,20.27,18.45,80.58,32.84
743.12,0,,73.41,32.79,1,0,72.86,20.29,18.68,80.83,32.63
743.21,0,,73.13,32.73,2,-1,72.84,20.19,18.72,80.77,32.49
743.33,0,,72.95,32.54,2,-1,73.18,19.58,18.59,80.03,32.01
743.42,0,,72.93,32.23,4,-2,72.84,19.11,18.45,79.42,31.68
743.54,0,,72.84,31.92,4,-2,72.20,19.50,18.72,80.08,31.80
743.69,0,,72.64,31.76,4,-2,72.75,19.84,18.97,80.67,31.89
743.78,0,,72.52,31.76,4,-2,72.38,19.39,18.61,79.86,31.80
743.81,0,,72.49,31.79,4,-2,72.56,19.19,18.37,79.42,31.84
743.93,0,,72.51,31.81,4,-2,72.67,19.27,18.48,79.61,31.81
744.05,0,,72.55,31.80,4,-2,72.39,19.01,18.33,79.20,31.70
744.11,0,,72.54,31.75,4,-2,72.56,18.85,18.20,78.91,31.67
744.29,0,,72.61,31.71,4,-2,73.26,19.08,18.34,79.28,31.76
744.35,0,,72.80,31.74,2,-1,72.60,19.36,18.37,79.59,32.01
744.41,0,,72.85,31.85,0,1,72.76,19.23,18.29,79.38,31.96
744.53,0,,72.82,31.92,0,2,72.89,18.98,18.19,79.03,31.81
744.62,0,,72.81,31.94,0,2,72.76,19.23,18.13,79.22,32.12
744.71,0,,72.78,32.01,0,2,72.61,19.61,18.41,79.88,32.22
744.83,0,,72.73,32.11,0,1,72.83,19.74,18.65,80.25,32.11
744.92,0,,72.71,32.16,0,1,72.56,19.78,18.62,80.26,32.18
745.04,0,,72.65,32.16,1,0,72.46,19.60,18.53,79.99,32.09
745.13,0,,72.60,32.11,2,-1,72.89,19.34,18.41,79.61,31.95
745.22,0,,72.66,32.05,4,-2,72.73,19.34,18.29,79.49,32.07
745.31,0,,72.72,32.03,1,0,72.60,19.32,18.24,79.42,32.10
745.43,0,,72.71,32.04,1,0,72.74,19.31,18.35,79.52,31.98
745.54,0,,72.70,32.05,2,-1,72.73,19.55,18.44,79.85,32.13
745.61,0,,72.68,32.07,1,0,72.46,19.66,18.52,80.04,32.16
745.73,0,,72.60,32.08,1,0,72.51,19.46,18.63,79.95,31.85
745.82,0,,72.52,31.99,2,-1,72.47,19.36,18.56,79.78,31.82
745.91,0,,72.47,31.87,2,-1,72.42,19.45,18.69,80.00,31.78
746.03,0,,72.49,31.78,2,-1,72.77,19.44,18.73,80.03,31.73
746.12,0,,72.57,31.77,2,-1,72.56,19.43,18.49,79.78,31.96
746.21,0,,72.49,31.79,1,0,71.59,19.28,18.64,79.78,31.66
746.33,0,,72.16,31.71,1,0,71.87,19.05,18.81,79.72,31.26
746.42,0,,71.79,31.50,4,-2,71.20,19.15,18.90,79.91,31.27
746.54,0,,71.49,31.31,4,-2,71.39,19.05,18.87,79.78,31.20
746.63,0,,71.31,31.22,4,-2,71.22,19.15,18.84,79.85,31.33
746.72,0,,71.26,31.24,4,-2,71.40,19.67,19.33,80.86,31.36
746.81,0,,71.25,31.28,4,-2,71.09,19.77,19.61,81.24,31.18
746.93,0,,71.31,31.28,4,-2,71.89,19.75,19.45,81.06,31.32
747.02,0,,71.46,31.28,4,-2,71.41,19.79,19.44,81.09,31.37
747.11,0,,71.58,31.27,4,-2,71.70,19.44,19.44,80.74,31.02
747.23,0,,71.68,31.16,4,-2,72.04,19.11,19.27,80.24,30.86
747.32,0,,71.71,31.01,0,1,70.98,19.14,19.16,80.16,31.00
747.41,0,,71.47,30.92,0,2,70.93,19.00,19.16,80.02,30.86
747.53,0,,71.21,30.86,0,1,71.57,18.65,18.97,79.48,30.70
747.62,0,,71.19,30.78,1,0,71.16,18.53,18.85,79.24,30.70
747.71,0,,71.21,30.69,2,-1,71.08,18.45,18.93,79.24,30.54
747.83,0,,71.25,30.63,2,-1,71.77,18.59,18.87,79.32,30.74
747.92,0,,71.44,30.67,4,-2,71.77,18.79,18.84,79.49,30.97
748.04,0,,71.65,30.79,2,-1,71.65,18.73,18.90,79.49,30.85
748.13,0,,71.68,30.86,1,0,71.33,18.67,18.88,79.41,30.81
748.22,0,,71.58,30.84,0,1,71.56,18.51,18.83,79.20,30.70
748.31,0,,71.55,30.77,0,1,71.83,18.37,18.72,78.95,30.67
748.43,0,,71.64,30.70,0,1,71.71,18.36,18.67,78.89,30.71
748.52,0,,71.71,30.67,0,1,71.69,18.28,18.67,78.81,30.63
748.61,0,,71.70,30.65,0,2,71.49,18.40,18.77,79.03,30.65
748.73,0,,71.64,30.65,0,1,71.67,18.70,19.01,79.57,30.71
748.82,0,,71.62,30.68,0,1,71.69,18.82,19.02,79.70,30.82
748.91,0,,71.64,30.75,1,0,71.62,18.86,19.06,79.78,30.82
749.03,0,,71.68,30.81,1,0,71.89,19.16,19.29,80.31,30.89
749.12,0,,71.79,30.86,0,1,72.05,19.16,19.25,80.27,30.93
749.21,0,,71.87,30.87,0,1,71.56,18.72,19.08,79.66,30.66
749.33,0,,71.87,30.79,0,1,72.11,18.53,18.91,79.30,30.64
749.42,0,,71.87,30.71,0,1,71.71,18.36,18.60,78.82,30.78
749.54,0,,71.84,30.72,0,1,71.72,18.45,18.58,78.89,30.89
749.63,0,,71.79,30.80,0,1,71.92,18.82,18.86,79.54,30.98
749.72,0,,71.74,30.87,0,1,71.30,18.67,18.94,79.47,30.75
749.81,0,,71.57,30.84,0,1,71.26,18.57,18.93,79.36,30.66
749.93,0,,71.38,30.76,0,1,71.36,18.68,18.94,79.48,30.76
750.02,0,,71.37,30.71,4,-2,71.85,18.54,18.86,79.26,30.70
750.11,0,,71.55,30.70,4,-2,71.84,18.62,18.88,79.36,30.76
750.29,0,,71.71,30.73,4,-2,71.52,18.78,18.98,79.62,30.82
750.32,0,,71.73,30.77,2,-1,71.74,18.74,18.93,79.53,30.83
750.41,0,,71.62,30.79,2,-1,71.06,18.54,18.90,79.30,30.66
750.53,0,,71.48,30.74,2,-1,71.76,18.40,18.82,79.08,30.60
750.62,0,,71.56,30.71,1,0,72.23,18.61,18.67,79.14,30.96
750.71,0,,71.99,30.85,1,0,73.15,19.04,18.61,79.51,31.45
750.83,0,,72.63,31.23,0,2,73.41,19.70,18.55,80.11,32.17
750.92,0,,73.17,31.80,0,2,73.32,21.33,19.61,82.80,32.74
751.04,0,,73.71,32.40,0,2,75.67,23.42,21.48,86.76,32.96
751.13,0,,74.72,32.87,0,2,76.70,23.32,21.03,86.21,33.31
751.22,0,,75.57,33.18,0,2,74.25,22.76,20.47,85.09,33.31
751.31,0,,75.46,33.29,0,2,74.46,23.17,21.24,86.27,32.95
751.43,0,,74.78,33.11,0,2,73.71,22.20,20.82,84.88,32.40
751.52,0,,74.15,32.67,0,2,73.89,21.31,20.64,83.81,31.69
751.61,0,,73.82,32.12,0,2,73.87,21.53,20.93,84.32,31.62
751.79,0,,73.84,31.74,0,2,74.52,21.57,20.72,84.15,31.87
751.82,0,,74.03,31.67,1,0,73.84,21.53,20.73,84.12,31.82
751.91,0,,74.02,31.73,4,-2,73.46,21.65,20.87,84.38,31.80
752.03,0,,73.75,31.74,4,-2,73.31,21.69,21.22,84.77,31.49
752.12,0,,73.52,31.61,4,-2,73.72,21.42,21.29,84.57,31.15
752.21,0,,73.47,31.34,4,-2,73.46,20.93,21.07,83.86,30.88
752.33,0,,73.46,31.02,4,-2,73.23,20.76,21.18,83.80,30.60
752.42,0,,73.26,30.74,4,-2,72.48,20.89,21.35,84.10,30.56
752.54,0,,73.08,30.61,4,-2,73.83,21.00,21.21,84.07,30.81
752.63,0,,73.13,30.68,4,-2,72.94,21.25,21.18,84.29,31.09
752.72,0,,73.05,30.83,4,-2,72.09,21.37,21.64,84.87,30.75
752.81,0,,72.69,30.81,4,-2,72.53,21.05,21.76,84.67,30.31
752.93,0,,72.57,30.61,4,-2,73.44,20.75,21.41,84.02,30.36
753.02,0,,72.85,30.40,4,-2,73.26,20.56,21.37,83.79,30.21
753.11,0,,73.16,30.25,4,-2,73.19,20.51,21.37,83.74,30.16
753.29,0,,73.17,30.22,2,-1,72.47,20.73,21.21,83.80,30.54
753.32,0,,72.97,30.33,2,-1,73.01,20.73,21.17,83.76,30.58
753.41,0,,72.82,30.45,2,-1,72.64,20.49,21.19,83.54,30.32
753.53,0,,72.76,30.43,2,-1,72.87,20.42,21.19,83.47,30.25
753.62,0,,72.81,30.33,1,0,73.18,20.40,21.23,83.49,30.19
753.71,0,,73.06,30.26,0,1,73.82,20.63,21.23,83.72,30.42
753.83,0,,73.38,30.33,0,1,73.34,20.95,21.28,84.09,30.69
753.92,0,,73.56,30.50,0,2,73.77,20.90,21.25,84.01,30.67
754.04,0,,73.64,30.66,0,2,73.55,20.81,20.98,83.65,30.85
754.13,0,,73.65,30.75,0,2,73.65,20.68,21.02,83.56,30.68
754.28,0,,73.57,30.73,0,2,73.13,20.59,21.13,83.58,30.48
754.31,0,,73.46,30.68,0,2,73.71,20.73,20.82,83.41,30.93
754.43,0,,73.47,30.75,0,2,73.56,20.42,20.40,82.68,31.04
754.52,0,,73.48,30.87,0,2,73.10,20.08,20.30,82.24,30.80
754.61,0,,73.30,30.89,0,2,72.79,20.22,20.48,82.56,30.76
754.79,0,,73.07,30.84,2,-1,73.13,20.10,20.26,82.22,30.86
754.82,0,,73.10,30.88,4,-2,73.97,20.17,19.92,81.95,31.27
754.94,0,,73.44,31.09,4,-2,73.81,20.69,20.00,82.55,31.71
755.03,0,,73.74,31.43,2,-1,73.78,20.88,20.11,82.85,31.79
755.12,0,,73.80,31.70,0,1,73.42,20.92,20.12,82.90,31.82
755.21,0,,73.67,31.84,0,2,73.49,21.11,20.19,83.16,31.94
755.33,0,,73.54,31.94,0,2,73.54,21.23,20.17,83.26,32.08
755.42,0,,73.45,32.02,0,2,73.18,21.22,20.16,83.24,32.08
755.54,0,,73.33,32.06,0,1,73.15,21.28,20.26,83.40,32.04
755.63,0,,73.22,32.08,0,1,73.22,21.39,20.26,83.51,32.15
755.72,0,,73.22,32.11,2,-1,73.50,21.40,20.19,83.45,32.23
755.81,0,,73.31,32.17,2,-1,73.36,21.38,20.21,83.45,32.19
755.93,0,,73.39,32.21,2,-1,73.47,21.48,20.22,83.56,32.28
756.02,0,,73.41,32.26,2,-1,73.24,21.59,20.20,83.65,32.41
756.11,0,,73.36,32.33,2,-1,73.27,21.65,20.26,83.77,32.41
756.29,0,,73.35,32.41,2,-1,73.66,21.78,20.25,83.89,32.55
756.32,0,,73.38,32.49,1,0,73.11,21.90,20.33,84.09,32.59
756.41,0,,73.39,32.55,0,1,73.65,21.96,20.51,84.33,32.47
756.53,0,,73.47,32.54,1,0,73.70,21.93,20.45,84.24,32.50
756.62,0,,73.58,32.52,1,0,73.54,21.93,20.36,84.15,32.59
756.71,0,,73.63,32.55,0,1,73.65,22.07,20.43,84.36,32.66
756.83,0,,73.65,32.62,0,1,73.76,22.23,20.41,84.50,32.84
756.92,0,,73.67,32.74,0,2,73.53,22.26,20.39,84.51,32.89
757.04,0,,73.60,32.82,0,2,73.28,22.15,20.42,84.43,32.75
757.13,0,,73.52,32.83,0,1,73.85,22.11,20.36,84.33,32.77
757.22,0,,73.60,32.81,0,1,73.86,22.21,20.35,84.42,32.88
757.31,0,,73.71,32.82,0,1,73.54,22.29,20.44,84.59,32.87
757.43,0,,73.65,32.85,0,1,73.19,22.26,20.45,84.57,32.83
757.52,0,,73.56,32.86,0,1,74.10,22.26,20.37,84.49,32.91
757.61,0,,73.57,32.87,1,0,73.15,22.21,20.41,84.48,32.82
757.79,0,,73.49,32.81,2,-1,73.26,21.99,20.51,84.36,32.50
757.82,0,,73.35,32.68,2,-1,73.36,22.06,20.50,84.42,32.58
757.91,0,,73.35,32.60,2,-1,73.70,22.27,20.55,84.68,32.74
758.03,0,,73.45,32.62,2,-1,73.43,22.24,20.57,84.67,32.69
758.12,0,,73.51,32.69,2,-1,73.46,22.25,20.43,84.54,32.84
758.21,0,,73.50,32.75,2,-1,73.53,22.14,20.46,84.46,32.70
758.33,0,,73.40,32.74,2,-1,72.70,22.10,20.53,84.49,32.59
758.42,0,,73.16,32.71,2,-1,73.04,22.30,20.45,84.61,32.87
758.54,0,,72.98,32.75,4,-2,73.05,22.38,20.49,84.73,32.91
758.63,0,,73.01,32.84,4,-2,73.36,22.40,20.51,84.77,32.91
758.72,0,,73.17,32.92,2,-1,73.44,22.41,20.40,84.67,33.03
758.81,0,,73.40,32.97,2,-1,73.84,22.35,20.45,84.66,32.92
758.93,0,,73.62,32.96,2,-1,73.67,22.39,20.52,84.77,32.89
759.02,0,,73.75,32.93,0,1,73.80,22.43,20.52,84.81,32.93
759.11,0,,73.79,32.92,0,2,73.78,22.51,20.57,84.94,32.96
759.29,0,,73.83,32.96,0,2,74.01,22.63,20.52,85.01,33.13
759.33,0,,73.90,33.03,0,2,73.96,22.54,20.50,84.90,33.06
759.41,0,,73.99,33.06,0,2,74.20,22.51,20.53,84.90,33.00
759.53,0,,74.00,33.06,0,2,73.52,22.58,20.49,84.93,33.11
759.62,0,,73.90,33.07,0,2,73.92,22.59,20.48,84.93,33.13
759.71,0,,73.77,33.11,0,2,73.46,22.70,20.54,85.10,33.18
759.83,0,,73.65,33.16,0,1,73.56,22.80,20.57,85.23,33.25
759.92,0,,73.58,33.21,0,1,73.77,22.79,20.57,85.22,33.24
760.04,0,,73.59,33.21,2,-1,73.43,22.72,20.65,85.23,33.09
760.13,0,,73.57,33.16,4,-2,73.53,22.67,20.63,85.16,33.06
760.22,0,,73.49,33.11,4,-2,73.20,22.75,20.58,85.19,33.19
760.31,0,,73.38,33.12,4,-2,73.36,22.86,20.66,85.38,33.22
760.43,0,,73.32,33.18,4,-2,73.39,22.87,20.57,85.30,33.32
760.52,0,,73.31,33.26,4,-2,73.15,22.80,20.46,85.12,33.36
760.61,0,,73.25,33.31,4,-2,73.12,22.77,20.55,85.18,33.24
760.79,0,,73.15,33.31,4,-2,72.98,22.79,20.54,85.19,33.27
760.82,0,,73.12,33.27,4,-2,73.44,22.70,20.52,85.08,33.20
760.91,0,,73.23,33.20,4,-2,73.53,22.56,20.56,84.98,33.02
761.03,0,,73.39,33.13,4,-2,73.38,22.67,20.55,85.08,33.14
761.12,0,,73.48,33.10,1,0,73.64,22.75,20.57,85.18,33.20
761.21,0,,73.50,33.09,0,1,73.20,22.52,20.65,85.03,32.89
761.33,0,,73.44,33.00,0,1,73.46,22.35,20.64,84.85,32.73
761.42,0,,73.40,32.85,0,1,73.45,22.23,20.55,84.64,32.70
761.54,0,,73.36,32.68,0,1,73.02,21.91,20.63,84.40,32.30
761.63,0,,73.20,32.44,0,1,72.84,21.79,20.80,84.45,32.01
761.72,0,,73.02,32.17,2,-1,73.06,21.87,21.00,84.73,31.89
761.81,0,,72.93,31.93,2,-1,72.81,22.07,21.42,85.35,31.67
761.93,0,,72.90,31.74,2,-1,72.97,22.32,21.75,85.93,31.59
762.02,0,,72.88,31.62,4,-2,72.82,22.32,21.74,85.92,31.60
762.11,0,,72.90,31.57,4,-2,73.09,22.29,21.73,85.88,31.58
762.29,0,,73.05,31.57,4,-2,73.69,22.29,21.68,85.83,31.63
762.32,0,,73.22,31.59,4,-2,72.76,22.16,21.54,85.56,31.64
762.41,0,,73.16,31.60,1,0,72.85,22.00,21.53,85.39,31.49
762.53,0,,72.99,31.57,2,-1,72.97,21.99,21.47,85.32,31.54
762.62,0,,72.90,31.55,2,-1,72.90,22.01,21.40,85.27,31.63
762.71,0,,72.89,31.55,2,-1,72.91,21.90,21.46,85.22,31.46
762.83,0,,72.89,31.53,1,0,72.85,21.88,21.40,85.14,31.50
762.92,0,,72.95,31.51,1,0,73.41,21.78,21.21,84.85,31.59
763.04,0,,73.14,31.51,2,-1,73.51,21.50,21.12,84.48,31.40
763.13,0,,73.29,31.47,1,0,72.87,21.38,21.02,84.26,31.38
763.22,0,,73.24,31.42,0,1,73.26,21.22,20.83,83.91,31.41
763.31,0,,73.19,31.38,0,1,73.29,21.03,20.75,83.64,31.30
763.43,0,,73.15,31.34,0,2,72.67,21.00,20.73,83.59,31.29
763.52,0,,73.05,31.30,2,-1,73.29,20.88,20.62,83.36,31.28
763.61,0,,73.06,31.30,2,-1,73.26,20.83,20.46,83.15,31.39
763.79,0,,73.17,31.34,2,-1,73.21,20.81,20.36,83.03,31.47
763.82,0,,73.23,31.38,0,1,73.25,20.63,20.35,82.84,31.30
763.91,0,,73.27,31.38,0,1,73.41,20.64,20.33,82.83,31.33
764.03,0,,73.36,31.37,0,1,73.62,20.83,20.29,82.98,31.56
764.12,0,,73.39,31.44,0,1,72.80,20.80,20.29,82.95,31.53
764.21,0,,73.24,31.49,0,1,73.14,20.70,20.28,82.84,31.44
764.33,0,,73.17,31.50,0,1,73.65,20.72,20.25,82.83,31.49
764.42,0,,73.32,31.50,0,1,73.55,20.80,20.26,82.92,31.56
764.54,0,,73.49,31.53,0,1,73.52,20.97,20.31,83.14,31.68
764.63,0,,73.59,31.62,0,1,73.77,21.21,20.39,83.46,31.84
764.72,0,,73.62,31.74,0,1,73.33,21.29,20.43,83.58,31.88
764.81,0,,73.65,31.84,0,2,74.22,21.28,20.43,83.57,31.87
764.93,0,,73.70,31.88,0,2,73.17,21.33,20.45,83.64,31.90
765.02,0,,73.68,31.89,0,2,73.94,21.31,20.53,83.70,31.80
765.11,0,,73.70,31.87,0,2,73.92,21.48,20.55,83.89,31.95
765.29,0,,73.81,31.93,0,2,73.80,21.78,20.51,84.15,32.29
765.32,0,,73.87,32.08,0,1,73.94,21.75,20.56,84.17,32.21
765.41,0,,73.86,32.19,0,1,73.63,21.69,20.60,84.15,32.11
765.53,0,,73.74,32.20,0,1,73.35,21.80,20.59,84.25,32.23
765.62,0,,73.61,32.21,0,1,73.89,21.84,20.56,84.26,32.30
765.72,0,,73.62,32.26,1,0,73.64,21.96,20.60,84.42,32.38
765.83,0,,73.71,32.34,1,0,73.94,22.18,20.68,84.72,32.52
765.92,0,,73.81,32.45,1,0,73.92,22.20,20.64,84.70,32.58
766.04,0,,73.83,32.53,1,0,73.42,22.19,20.65,84.70,32.56
766.13,0,,73.75,32.59,1,0,73.90,22.30,20.67,84.83,32.65
766.22,0,,73.75,32.63,1,0,73.94,22.35,20.64,84.85,32.73
766.31,0,,73.81,32.68,1,0,73.68,22.46,20.76,85.08,32.72
766.43,0,,73.78,32.73,0,1,73.58,22.65,20.84,85.35,32.83
766.52,0,,73.71,32.80,0,1,73.82,22.74,20.81,85.41,32.95
766.61,0,,73.75,32.89,0,1,74.05,22.75,20.76,85.37,33.01
766.79,0,,73.81,32.97,1,0,73.49,22.69,20.70,85.25,33.01
766.82,0,,73.85,33.00,1,0,74.36,22.42,20.52,84.80,32.92
766.91,0,,73.93,32.98,0,1,73.72,22.21,20.26,84.33,32.97
767.03,0,,74.00,32.98,1,0,74.26,22.24,20.17,84.27,33.09
767.12,0,,74.00,33.03,0,1,73.65,22.22,20.07,84.15,33.17
767.21,0,,73.93,33.11,0,1,73.87,22.15,19.94,83.95,33.23
767.33,0,,73.86,33.18,0,1,73.91,22.15,20.02,84.03,33.15
767.42,0,,73.93,33.20,0,1,74.45,22.22,20.01,84.09,33.23
767.54,0,,74.03,33.24,0,1,73.55,22.39,19.99,84.24,33.42
767.63,0,,74.01,33.33,0,1,74.17,22.55,20.06,84.47,33.51
767.72,0,,73.97,33.45,0,1,73.92,22.65,20.06,84.57,33.61
767.81,0,,73.97,33.55,0,1,73.95,22.66,20.04,84.56,33.64
767.93,0,,73.94,33.62,0,1,73.88,22.68,20.01,84.55,33.69
768.02,0,,73.92,33.69,0,1,73.91,22.84,20.01,84.71,33.85
768.11,0,,73.82,33.80,0,1,73.26,23.06,20.03,84.95,34.05
768.29,0,,73.62,33.95,2,-1,73.52,23.23,20.05,85.14,34.20
768.32,0,,73.54,34.10,4,-2,74.00,23.28,20.10,85.24,34.20
768.41,0,,73.62,34.18,4,-2,73.38,23.14,20.03,85.03,34.13
768.53,0,,73.58,34.15,4,-2,73.25,22.81,19.99,84.66,33.84
768.62,0,,73.42,33.99,4,-2,73.31,22.69,20.07,84.62,33.64
768.71,0,,73.39,33.81,4,-2,73.87,22.81,19.98,84.65,33.85
768.83,0,,73.48,33.77,4,-2,73.32,22.85,19.91,84.62,33.96
768.92,0,,73.51,33.82,4,-2,73.42,22.79,19.97,84.62,33.84
769.04,0,,73.52,33.86,2,-1,73.91,22.70,19.91,84.47,33.81
769.13,0,,73.66,33.86,2,-1,73.90,22.70,19.78,84.34,33.94
769.22,0,,73.83,33.88,2,-1,73.89,22.66,19.79,84.31,33.89
769.31,0,,73.94,33.88,0,2,74.13,22.64,19.89,84.39,33.77
769.43,0,,74.04,33.86,0,2,74.11,22.83,19.87,84.56,33.98
769.52,0,,74.04,33.90,0,2,73.64,22.80,19.75,84.41,34.07
769.61,0,,73.98,34.00,0,2,74.26,22.66,19.46,83.98,34.22
769.79,0,,74.00,34.20,0,2,74.04,22.75,18.98,83.59,34.79
769.82,0,,74.09,34.52,0,2,74.32,22.60,18.59,83.05,35.03
769.91,0,,74.18,34.85,0,2,74.18,22.43,18.31,82.60,35.14
770.06,0,,74.24,35.11,0,2,74.29,22.41,18.04,82.31,35.39
770.12,0,,74.34,35.29,0,2,74.84,22.21,17.86,81.93,35.37
770.21,0,,74.50,35.35,0,2,74.40,22.08,17.97,81.91,35.13
770.33,0,,74.61,35.22,0,2,74.90,22.04,18.33,82.23,34.73
770.42,0,,74.69,34.99,0,2,74.59,22.00,18.21,82.07,34.81
770.54,0,,74.64,34.87,0,2,74.14,21.94,17.73,81.53,35.23
770.66,0,,74.39,34.95,0,2,73.90,21.84,17.80,81.50,35.06
770.72,0,,74.06,34.96,0,1,73.62,21.67,18.29,81.82,34.40
770.81,0,,73.83,34.70,2,-1,74.05,21.43,18.46,81.75,33.99
770.93,0,,73.85,34.37,4,-2,74.20,21.71,18.26,81.83,34.47
771.02,0,,74.02,34.28,4,-2,74.22,21.94,18.36,82.16,34.60
771.11,0,,74.13,34.32,4,-2,73.95,21.73,18.78,82.37,33.97
771.29,0,,74.09,34.24,4,-2,73.86,21.93,18.86,82.65,34.09
771.32,0,,73.99,34.12,4,-2,73.97,21.79,18.76,82.41,34.05
771.41,0,,73.98,33.99,4,-2,74.27,21.30,18.75,81.91,33.57
771.53,0,,74.14,33.80,2,-1,74.65,21.20,18.57,81.63,33.65
771.62,0,,74.43,33.65,1,0,74.92,20.73,18.18,80.77,33.57
771.71,0,,74.77,33.62,0,2,75.20,20.46,17.58,79.90,33.90
771.83,0,,75.08,33.82,0,2,75.47,20.89,17.19,79.94,34.72
771.92,0,,75.39,34.26,0,2,75.85,21.36,17.48,80.70,34.90
772.04,0,,75.61,34.70,0,2,75.45,22.06,18.09,82.01,34.99
772.13,0,,75.60,34.94,0,2,75.20,22.40,18.57,82.83,34.85
772.22,0,,75.34,34.89,0,2,74.58,21.79,18.67,82.32,34.14
772.31,0,,74.98,34.54,0,2,74.78,21.66,18.73,82.25,33.95
772.43,0,,74.75,34.21,0,2,74.74,22.23,18.91,83.00,34.34
772.52,0,,74.64,34.14,0,2,74.43,22.31,18.94,83.11,34.39
772.61,0,,74.57,34.22,4,-2,74.65,22.14,18.99,82.99,34.17
772.79,0,,74.54,34.24,4,-2,74.45,22.16,19.02,83.04,34.16
772.82,0,,74.50,34.19,4,-2,74.36,21.99,18.98,82.83,34.03
772.91,0,,74.39,34.10,4,-2,74.09,21.97,19.00,82.83,33.99
773.03,0,,74.27,34.04,4,-2,74.35,22.25,19.11,83.22,34.16
773.12,0,,74.21,34.05,4,-2,74.06,22.28,19.20,83.34,34.10
773.21,0,,74.11,34.07,4,-2,73.73,22.20,19.23,83.29,33.99
773.33,0,,73.99,34.06,4,-2,74.25,22.31,19.24,83.41,34.09
773.42,0,,73.95,34.06,4,-2,73.68,22.39,19.24,83.49,34.17
773.54,0,,73.94,34.10,4,-2,74.18,22.44,19.34,83.64,34.12
773.63,0,,73.98,34.13,4,-2,74.06,22.47,19.31,83.64,34.18
773.72,0,,74.08,34.13,4,-2,74.32,22.13,19.15,83.14,34.00
773.81,0,,74.12,34.03,2,-1,73.70,21.90,19.30,83.06,33.62
773.93,0,,74.01,33.83,2,-1,73.83,21.96,19.37,83.19,33.61
774.02,0,,73.86,33.68,2,-1,73.76,21.67,18.95,82.48,33.74
774.11,0,,73.72,33.71,2,-1,73.34,21.75,18.57,82.18,34.20
774.29,0,,73.64,33.98,2,-1,74.14,21.89,18.18,81.93,34.73
774.32,0,,73.85,34.37,2,-1,74.67,21.51,17.82,81.19,34.71
774.41,0,,74.39,34.68,1,0,75.59,21.88,18.06,81.80,34.84
774.53,0,,74.97,34.85,0,2,75.03,22.20,18.16,82.22,35.06
774.62,0,,75.27,34.95,0,2,75.34,21.57,17.79,81.22,34.80
774.71,0,,75.35,34.85,0,2,75.36,21.05,17.88,80.79,34.19
774.83,0,,75.24,34.52,0,2,74.36,21.26,18.33,81.45,33.95
774.92,0,,74.92,34.21,0,2,74.64,21.42,18.13,81.41,34.31
775.04,0,,74.60,34.11,0,2,74.31,20.57,17.41,79.84,34.18
775.13,0,,74.27,34.07,0,2,73.29,19.53,16.79,78.18,33.76
775.22,0,,74.01,33.97,0,2,74.89,19.52,16.62,78.00,33.92
775.31,0,,74.09,33.99,4,-2,74.10,20.93,17.30,80.09,34.65
775.43,0,,74.02,34.31,4,-2,72.58,22.51,18.36,82.73,35.17
775.52,0,,73.45,34.71,4,-2,72.61,22.95,19.32,84.13,34.65
775.61,0,,72.82,34.82,4,-2,72.40,23.08,19.70,84.64,34.40
775.79,0,,72.53,34.72,4,-2,72.94,23.19,19.32,84.37,34.89
775.82,0,,72.65,34.71,4,-2,73.39,23.06,19.25,84.17,34.83
775.91,0,,72.89,34.77,4,-2,72.40,23.18,19.39,84.43,34.81
776.03,0,,72.84,34.84,4,-2,72.56,23.38,19.35,84.59,35.05
776.12,0,,72.64,34.96,4,-2,72.37,23.66,19.45,84.97,35.23
776.21,0,,72.55,35.12,4,-2,73.02,23.87,19.61,85.34,35.28
776.36,0,,72.74,35.23,4,-2,73.43,23.81,19.62,85.29,35.21
776.42,0,,73.03,35.27,2,-1,72.91,23.83,19.52,85.21,35.33
776.54,0,,73.10,35.28,0,2,72.82,23.76,19.52,85.14,35.26
776.63,0,,73.08,35.28,0,2,73.55,23.75,19.49,85.10,35.28
776.72,0,,73.27,35.32,0,2,73.92,23.97,19.35,85.18,35.64
776.81,0,,73.55,35.47,0,2,73.41,24.06,19.31,85.23,35.77
776.96,0,,73.64,35.65,0,2,73.58,24.02,19.27,85.15,35.77
777.02,0,,73.59,35.77,0,2,73.43,24.03,19.19,85.08,35.86
777.11,0,,73.51,35.84,0,2,73.44,24.00,19.12,84.98,35.90
777.29,0,,73.50,35.90,0,2,73.81,24.08,19.08,85.02,36.02
777.32,0,,73.57,36.00,0,2,73.52,24.39,19.12,85.37,36.29
777.41,0,,73.60,36.16,0,2,73.49,24.55,19.16,85.57,36.41
777.53,0,,73.63,36.34,0,2,74.05,24.67,19.11,85.64,36.58
777.62,0,,73.78,36.52,0,2,73.99,24.90,19.06,85.82,36.86
777.71,0,,73.91,36.71,0,2,73.79,24.93,19.07,85.86,36.88
777.86,0,,73.97,36.85,0,2,74.22,25.03,19.11,86.00,36.94
777.92,0,,74.08,36.98,0,2,74.38,25.34,19.04,86.24,37.32
778.04,0,,74.28,37.15,0,2,74.62,25.38,19.00,86.24,37.40
778.13,0,,74.41,37.31,0,2,74.07,25.34,19.02,86.22,37.34
778.22,0,,74.40,37.38,0,2,74.54,25.40,19.00,86.26,37.42
778.31,0,,74.44,37.42,0,2,74.78,25.43,18.95,86.24,37.50
778.43,0,,74.56,37.47,0,2,74.49,25.50,18.91,86.27,37.61
778.52,0,,74.62,37.57,0,2,74.72,25.71,18.91,86.48,37.82
778.61,0,,74.62,37.72,0,2,74.40,25.86,18.92,86.64,37.96
778.79,0,,74.56,37.87,0,2,74.55,25.86,18.84,86.56,38.04
778.82,0,,74.55,37.99,0,2,74.73,25.89,18.86,86.61,38.05
778.91,0,,74.55,38.02,0,1,74.22,25.76,18.99,86.61,37.79
779.03,0,,74.47,37.94,0,1,74.43,25.78,18.97,86.61,37.83
779.12,0,,74.38,37.89,1,0,74.29,26.06,18.95,86.87,38.13
779.21,0,,74.31,37.95,2,-1,74.14,26.01,18.98,86.85,38.05
779.33,0,,74.23,38.03,4,-2,74.22,25.92,18.89,86.67,38.05
779.42,0,,74.15,38.07,4,-2,73.88,25.98,18.80,86.64,38.20
779.54,0,,74.12,38.12,4,-2,74.55,25.89,18.77,86.52,38.14
779.63,0,,74.21,38.16,4,-2,74.26,25.91,18.72,86.49,38.21
779.72,0,,74.34,38.22,4,-2,74.52,26.15,18.71,86.72,38.46
779.81,0,,74.38,38.34,2,-1,74.13,26.19,18.65,86.70,38.56
779.93,0,,74.32,38.46,2,-1,74.20,26.05,18.58,86.49,38.49
780.02,0,,74.29,38.54,2,-1,74.66,26.14,18.49,86.49,38.67
780.11,0,,74.47,38.65,2,-1,75.08,26.36,18.40,86.62,38.98
780.29,0,,74.75,38.82,0,2,74.84,26.45,18.40,86.71,39.07
780.32,0,,74.86,38.99,0,2,74.47,26.54,18.43,86.83,39.13
780.41,0,,74.79,39.11,0,2,74.88,26.58,18.40,86.84,39.20
780.56,0,,74.74,39.18,0,2,74.74,26.55,18.35,86.76,39.22
780.62,0,,74.81,39.23,0,2,75.20,26.60,18.29,86.75,39.33
780.71,0,,74.89,39.28,0,2,74.56,26.60,18.29,86.75,39.33
780.83,0,,74.87,39.32,0,2,74.96,26.64,18.32,86.82,39.34
780.92,0,,74.83,39.37,0,2,74.69,26.89,18.35,87.10,39.56
781.04,0,,74.87,39.46,0,1,75.38,26.93,18.33,87.12,39.62
781.13,0,,74.97,39.55,0,1,74.75,26.84,18.31,87.01,39.55
781.22,0,,75.00,39.59,0,2,74.99,26.89,18.35,87.10,39.56
781.31,0,,74.91,39.56,0,1,74.51,26.77,18.40,87.03,39.39
781.43,0,,74.74,39.47,0,1,74.51,26.76,18.45,87.07,39.33
781.52,0,,74.53,39.41,2,-1,74.23,26.98,18.47,87.31,39.53
781.61,0,,74.44,39.43,4,-2,74.86,26.97,18.42,87.25,39.57
781.79,0,,74.54,39.50,4,-2,74.81,26.89,18.36,87.11,39.55
781.82,0,,74.72,39.57,4,-2,74.81,26.95,18.28,87.09,39.69
781.91,0,,74.81,39.63,4,-2,74.80,26.91,18.25,87.02,39.68
782.03,0,,74.82,39.68,2,-1,74.74,26.97,18.26,87.09,39.73
782.12,0,,74.76,39.73,0,1,74.48,27.11,18.26,87.23,39.87
782.21,0,,74.65,39.80,1,0,74.65,27.10,18.22,87.18,39.90
782.33,0,,74.59,39.87,1,0,74.56,27.10,18.20,87.16,39.92
782.42,0,,74.54,39.90,2,-1,74.32,27.07,18.22,87.15,39.87
782.54,0,,74.47,39.90,2,-1,74.56,27.06,18.22,87.14,39.86
782.63,0,,74.54,39.92,2,-1,75.06,27.31,18.16,87.33,40.17
782.72,0,,74.76,40.03,2,-1,75.06,27.48,18.15,87.49,40.35
782.81,0,,75.00,40.19,1,0,75.19,27.39,18.17,87.42,40.24
782.93,0,,75.09,40.27,0,1,74.77,27.39,18.17,87.42,40.24
783.02,0,,74.98,40.28,0,2,74.61,27.44,18.21,87.51,40.25
783.11,0,,74.84,40.26,0,2,75.12,27.44,18.22,87.52,40.24
783.29,0,,74.89,40.25,0,2,75.16,27.53,18.25,87.64,40.30
783.32,0,,74.95,40.28,0,2,74.48,27.65,18.26,87.77,40.41
783.41,0,,74.94,40.33,0,1,75.49,27.57,18.26,87.69,40.33
783.53,0,,75.05,40.34,0,1,75.16,27.54,18.32,87.72,40.24
783.62,0,,75.06,40.31,0,1,74.19,27.62,18.32,87.80,40.32
783.77,0,,74.84,40.28,0,1,75.07,27.61,18.38,87.85,40.25
783.83,0,,74.70,40.25,1,0,74.35,27.66,18.49,88.01,40.19
783.92,0,,74.61,40.20,2,-1,74.67,27.60,18.55,88.01,40.07
784.04,0,,74.59,40.12,4,-2,74.78,27.52,18.52,87.90,40.02
784.16,0,,74.61,40.07,4,-2,74.35,27.59,18.44,87.89,40.17
784.22,0,,74.58,40.08,4,-2,74.62,27.61,18.50,87.97,40.13
784.31,0,,74.52,40.10,4,-2,74.33,27.61,18.55,88.02,40.08
784.46,0,,74.50,40.11,4,-2,74.75,27.67,18.55,88.08,40.14
784.52,0,,74.55,40.13,4,-2,74.60,27.75,18.50,88.11,40.27
784.61,0,,74.63,40.17,1,0,74.75,27.62,18.52,88.00,40.12
784.79,0,,74.64,40.16,1,0,74.32,27.56,18.54,87.96,40.04
784.82,0,,74.57,40.12,1,0,74.62,27.64,18.51,88.01,40.15
784.91,0,,74.43,40.10,2,-1,73.81,27.62,18.56,88.04,40.08
785.03,0,,74.32,40.11,2,-1,74.91,27.77,18.53,88.16,40.26
785.12,0,,74.39,40.21,4,-2,74.43,28.01,18.42,88.29,40.61
785.21,0,,74.46,40.37,2,-1,74.16,27.86,18.49,88.21,40.39
785.33,0,,74.43,40.44,2,-1,74.72,27.78,18.53,88.17,40.27
785.42,0,,74.49,40.42,2,-1,74.65,27.97,18.44,88.27,40.55
785.54,0,,74.67,40.43,2,-1,75.16,27.89,18.49,88.24,40.42
785.66,0,,74.82,40.44,0,1,74.47,27.90,18.57,88.33,40.35
785.72,0,,74.83,40.42,0,2,74.93,28.04,18.54,88.44,40.52
785.81,0,,74.84,40.43,0,2,75.02,27.92,18.58,88.36,40.36
785.93,0,,74.85,40.40,0,2,74.50,27.86,18.58,88.30,40.30
786.02,0,,74.70,40.36,0,2,74.20,27.95,18.53,88.34,40.44
786.11,0,,74.50,40.38,0,1,74.65,28.02,18.56,88.44,40.48
786.29,0,,74.49,40.44,0,1,74.87,28.16,18.63,88.65,40.55
786.32,0,,74.60,40.49,1,0,74.46,28.12,18.68,88.66,40.46
786.41,0,,74.69,40.44,1,0,75.04,27.81,18.77,88.44,40.06
786.53,0,,74.71,40.27,1,0,74.20,27.76,18.80,88.42,39.98
786.62,0,,74.58,40.10,2,-1,74.38,27.87,18.77,88.50,40.12
786.77,0,,74.44,40.03,2,-1,74.59,27.82,18.83,88.51,40.01
786.83,0,,74.44,40.02,2,-1,74.47,27.88,18.86,88.60,40.04
786.92,0,,74.44,40.03,2,-1,74.27,27.95,18.85,88.66,40.12
787.04,0,,74.35,40.06,2,-1,74.06,27.87,18.84,88.57,40.05
787.13,0,,74.30,40.07,2,-1,74.84,27.86,18.83,88.55,40.05
787.22,0,,74.45,40.07,4,-2,74.69,27.92,18.80,88.58,40.14
787.31,0,,74.63,40.10,1,0,74.64,27.93,18.81,88.60,40.14
787.43,0,,74.67,40.13,1,0,74.44,28.01,18.85,88.72,40.18
787.52,0,,74.65,40.18,0,1,74.93,28.10,18.79,88.75,40.33
787.61,0,,74.65,40.25,0,1,74.31,28.10,18.74,88.70,40.38
787.79,0,,74.58,40.33,0,1,74.52,28.05,18.74,88.65,40.33
787.82,0,,74.48,40.35,0,1,74.32,28.05,18.74,88.65,40.33
787.91,0,,74.45,40.35,0,1,74.74,28.13,18.73,88.72,40.42
788.03,0,,74.62,40.37,1,0,75.37,28.15,18.75,88.76,40.42
788.12,0,,74.84,40.40,0,1,74.33,28.18,18.75,88.79,40.45
788.21,0,,74.79,40.42,0,1,74.47,28.15,18.77,88.78,40.40
788.33,0,,74.61,40.42,0,1,74.63,28.10,18.76,88.72,40.36
788.42,0,,74.51,40.38,1,0,74.32,28.11,18.78,88.75,40.35
788.54,0,,74.48,40.34,1,0,74.77,28.07,18.86,88.79,40.23
788.63,0,,74.50,40.29,1,0,74.29,28.11,18.85,88.82,40.28
788.72,0,,74.47,40.27,1,0,74.39,28.15,18.83,88.84,40.34
788.81,0,,74.34,40.27,2,-1,73.89,28.03,18.88,88.77,40.17
788.93,0,,74.17,40.21,4,-2,74.14,27.86,18.96,88.68,39.92
789.02,0,,74.10,40.08,4,-2,74.33,27.92,18.97,88.75,39.97
789.11,0,,74.14,39.99,4,-2,74.06,27.99,18.93,88.78,40.08
789.29,0,,74.17,39.99,4,-2,74.26,28.01,19.02,88.89,40.01
789.32,0,,74.19,40.01,4,-2,74.16,28.10,19.07,89.03,40.05
789.41,0,,74.21,40.01,4,-2,74.27,27.98,19.07,88.91,39.93
789.53,0,,74.30,39.99,2,-1,74.77,27.99,19.06,88.91,39.95
789.62,0,,74.42,39.98,2,-1,74.10,28.12,19.01,88.99,40.13
789.71,0,,74.38,40.01,2,-1,74.20,28.02,19.07,88.95,39.97
789.86,0,,74.33,40.03,0,1,74.68,28.11,19.07,89.04,40.06
789.92,0,,74.30,40.06,0,1,73.66,28.22,18.98,89.06,40.26
790.04,0,,74.25,40.12,0,1,74.90,28.08,19.02,88.96,40.08
790.16,0,,74.36,40.14,0,1,74.50,28.10,19.02,88.98,40.10
790.22,0,,74.53,40.13,0,1,74.61,28.19,19.00,89.05,40.21
790.31,0,,74.64,40.14,0,1,74.94,28.14,19.04,89.04,40.12
790.43,0,,74.77,40.15,0,2,74.82,28.22,19.03,89.11,40.21
790.52,0,,74.82,40.18,0,2,74.64,28.27,19.03,89.16,40.26
790.61,0,,74.71,40.20,0,2,74.21,28.17,19.07,89.10,40.12
790.79,0,,74.51,40.18,0,2,74.50,28.12,19.05,89.03,40.09
790.82,0,,74.42,40.14,0,1,74.53,28.17,19.02,89.05,40.17
790.91,0,,74.44,40.13,0,1,74.45,28.18,19.05,89.09,40.15
791.03,0,,74.45,40.13,0,1,74.40,28.18,19.07,89.11,40.13
791.12,0,,74.44,40.15,2,-1,74.42,28.27,19.06,89.19,40.23
791.21,0,,74.45,40.16,4,-2,74.59,28.19,19.11,89.16,40.10
791.33,0,,74.46,40.14,4,-2,74.26,28.07,19.07,89.00,40.02
791.42,0,,74.38,40.08,4,-2,74.11,28.05,19.00,88.91,40.07
791.54,0,,74.25,40.04,2,-1,74.22,28.00,19.04,88.90,39.98
791.63,0,,74.18,40.01,2,-1,74.24,28.06,19.05,88.97,40.03
791.72,0,,74.18,40.03,2,-1,74.13,28.22,19.02,89.10,40.22
791.81,0,,74.18,40.10,4,-2,74.22,28.20,19.02,89.08,40.20
791.93,0,,74.18,40.14,4,-2,74.20,28.06,19.08,89.00,40.00
792.02,0,,74.07,40.10,2,-1,73.23,28.04,19.13,89.03,39.93
792.11,0,,73.83,40.00,4,-2,73.99,28.07,19.16,89.09,39.93
792.29,0,,73.75,39.95,4,-2,73.99,28.14,19.16,89.16,40.00
792.32,0,,73.88,39.96,4,-2,74.20,28.28,19.17,89.31,40.13
792.41,0,,74.04,40.02,4,-2,74.09,28.23,19.20,89.29,40.05
792.53,0,,74.12,40.06,4,-2,74.01,28.18,19.16,89.20,40.04
792.62,0,,74.06,40.07,2,-1,73.75,28.23,19.15,89.24,40.10
792.71,0,,74.01,40.05,2,-1,74.46,28.14,19.26,89.26,39.90
792.83,0,,74.17,39.99,0,1,74.67,28.17,19.27,89.30,39.92
792.92,0,,74.32,39.96,0,2,73.74,28.31,19.22,89.39,40.11
793.01,0,,74.19,39.99,0,2,73.79,28.24,19.23,89.33,40.03
793.13,0,,73.96,40.02,0,2,73.93,28.11,19.19,89.16,39.94
793.22,0,,73.91,40.01,1,0,74.29,28.17,19.15,89.18,40.04
793.31,0,,74.00,40.00,2,-1,73.92,28.16,19.21,89.23,39.97
793.46,0,,74.05,39.99,2,-1,74.02,28.13,19.22,89.21,39.93
793.52,0,,74.01,39.98,2,-1,73.83,28.30,19.24,89.40,40.08
793.61,0,,73.98,39.99,2,-1,74.25,28.27,19.36,89.49,39.93
793.76,0,,74.08,39.97,2,-1,74.40,28.16,19.33,89.35,39.85
793.82,0,,74.23,39.93,2,-1,74.19,28.24,19.23,89.33,40.03
793.91,0,,74.29,39.93,0,1,74.32,28.17,19.30,89.33,39.89
794.06,0,,74.26,39.91,0,1,73.93,28.15,19.34,89.35,39.83
794.12,0,,74.21,39.89,0,1,74.52,28.30,19.30,89.46,40.02
794.21,0,,74.19,39.92,0,1,73.84,28.27,19.32,89.45,39.97
794.33,0,,74.10,39.95,0,1,73.87,28.19,19.31,89.36,39.90
794.42,0,,73.91,39.94,1,0,73.52,28.20,19.28,89.34,39.94
794.51,0,,73.74,39.91,1,0,73.87,28.15,19.35,89.36,39.82
794.63,0,,73.68,39.85,4,-2,73.53,28.13,19.45,89.44,39.70
794.72,0,,73.69,39.78,4,-2,74.06,28.26,19.47,89.59,39.81
794.81,0,,73.85,39.77,4,-2,74.26,28.33,19.45,89.64,39.90
794.93,0,,74.09,39.80,4,-2,74.35,28.18,19.47,89.51,39.73
795.02,0,,74.24,39.78,2,-1,74.07,28.11,19.48,89.45,39.65
795.11,0,,74.23,39.73,1,0,74.09,28.18,19.46,89.50,39.74
795.26,0,,74.13,39.71,1,0,73.90,28.19,19.45,89.50,39.76
795.32,0,,74.01,39.74,1,0,73.97,28.30,19.42,89.58,39.90
795.41,0,,73.94,39.82,0,2,73.92,28.37,19.45,89.68,39.94
795.53,0,,73.83,39.86,0,1,73.25,28.21,19.56,89.63,39.67
795.62,0,,73.63,39.82,2,-1,73.61,28.26,19.53,89.65,39.75
795.71,0,,73.53,39.77,1,0,73.71,28.33,19.51,89.70,39.84
795.83,0,,73.55,39.76,4,-2,73.43,28.21,19.54,89.61,39.69
795.95,0,,73.62,39.76,4,-2,74.10,28.25,19.46,89.57,39.81
796.01,0,,73.76,39.78,4,-2,73.79,28.37,19.45,89.68,39.94
796.16,0,,73.89,39.83,4,-2,74.06,28.29,19.49,89.64,39.82
796.22,0,,73.94,39.86,2,-1,73.80,28.26,19.38,89.50,39.90
796.31,0,,73.89,39.87,2,-1,73.64,28.22,19.37,89.45,39.87
796.43,0,,73.84,39.85,2,-1,74.20,28.10,19.43,89.39,39.69
796.52,0,,73.91,39.80,1,0,73.93,28.22,19.40,89.48,39.84
796.61,0,,73.92,39.78,0,2,73.54,28.23,19.45,89.54,39.80
796.76,0,,73.81,39.77,0,1,73.81,28.09,19.46,89.41,39.65
796.82,0,,73.73,39.74,0,1,73.65,28.14,19.35,89.35,39.81
796.91,0,,73.75,39.74,2,-1,74.13,28.09,19.37,89.32,39.74
797.03,0,,73.81,39.72,2,-1,73.47,27.94,19.41,89.21,39.55
797.12,0,,73.82,39.66,1,0,74.11,28.02,19.37,89.25,39.67
797.21,0,,73.87,39.64,1,0,73.97,28.10,19.37,89.33,39.75
797.33,0,,73.97,39.67,0,1,74.07,28.03,19.39,89.28,39.66
797.42,0,,74.02,39.69,1,0,73.97,28.06,19.35,89.27,39.73
797.51,0,,73.97,39.69,1,0,73.59,27.98,19.36,89.20,39.64
797.63,0,,73.84,39.65,0,1,73.80,27.89,19.43,89.18,39.48
797.72,0,,73.76,39.59,0,1,73.86,28.03,19.42,89.31,39.63
797.81,0,,73.73,39.57,1,0,73.41,28.09,19.48,89.43,39.63
797.93,0,,73.71,39.59,1,0,74.17,28.07,19.53,89.46,39.56
798.02,0,,73.77,39.60,2,-1,73.58,28.13,19.48,89.47,39.67
798.11,0,,73.79,39.61,1,0,73.78,28.04,19.49,89.39,39.57
798.26,0,,73.74,39.59,1,0,73.62,27.97,19.56,89.39,39.43
798.32,0,,73.67,39.53,2,-1,73.54,28.11,19.59,89.56,39.54
798.41,0,,73.62,39.51,2,-1,73.68,28.21,19.60,89.67,39.63
798.56,0,,73.62,39.55,2,-1,73.71,28.22,19.65,89.73,39.59
798.62,0,,73.63,39.58,2,-1,73.43,28.21,19.67,89.74,39.56
798.71,0,,73.60,39.58,2,-1,73.73,28.17,19.64,89.67,39.55
798.86,0,,73.58,39.55,2,-1,73.39,28.10,19.65,89.61,39.47
798.92,0,,73.58,39.51,2,-1,73.84,28.14,19.65,89.65,39.51
799.01,0,,73.62,39.48,2,-1,73.56,28.12,19.71,89.69,39.43
799.13,0,,73.60,39.42,2,-1,73.27,27.94,19.82,89.62,39.14
799.22,0,,73.52,39.29,2,-1,73.72,27.94,19.79,89.59,39.17
799.31,0,,73.54,39.18,2,-1,73.72,27.91,19.83,89.60,39.10
799.43,0,,73.56,39.10,2,-1,73.12,27.87,19.87,89.60,39.02
799.52,0,,73.45,39.07,2,-1,73.41,27.97,19.82,89.65,39.17
799.61,0,,73.31,39.09,2,-1,72.99,27.97,19.84,89.67,39.15
799.76,0,,73.20,39.13,2,-1,73.32,27.99,19.85,89.70,39.16
799.82,0,,73.29,39.17,2,-1,74.04,28.07,19.79,89.72,39.30
799.91,0,,73.50,39.22,2,-1,73.20,27.99,19.77,89.62,39.24
800.03,0,,73.52,39.23,2,-1,73.32,27.83,19.81,89.50,39.04
800.12,0,,73.41,39.15,2,-1,73.30,27.82,19.80,89.48,39.04
800.21,0,,73.30,39.05,2,-1,73.13,27.66,19.81,89.33,38.87
800.36,0,,73.29,38.92,2,-1,73.82,27.35,19.73,88.94,38.64
800.42,0,,73.39,38.78,2,-1,73.19,27.28,19.55,88.69,38.75
800.51,0,,73.38,38.71,2,-1,73.05,27.45,19.72,89.03,38.75
800.63,0,,73.19,38.68,2,-1,72.82,27.54,20.01,89.41,38.55
800.72,0,,73.01,38.61,2,-1,73.04,27.24,19.84,88.94,38.42
800.81,0,,72.99,38.50,2,-1,73.38,27.05,19.68,88.59,38.39
800.93,0,,73.10,38.45,2,-1,73.06,27.25,19.60,88.71,38.67
801.02,0,,73.23,38.55,2,-1,73.64,27.37,19.40,88.63,38.99
801.11,0,,73.36,38.75,2,-1,73.34,27.27,19.39,88.52,38.90
801.26,0,,73.41,38.87,2,-1,73.24,27.11,19.39,88.36,38.74
801.32,0,,73.37,38.88,2,-1,73.39,27.22,19.33,88.41,38.91
801.41,0,,73.37,38.88,1,0,73.57,27.42,19.43,88.71,39.01
801.53,0,,73.38,38.93,1,0,73.00,27.57,19.59,89.02,39.00
801.62,0,,73.28,39.02,0,2,73.17,27.98,19.66,89.50,39.34
801.71,0,,73.16,39.18,0,1,73.08,28.18,19.72,89.76,39.48
801.83,0,,73.12,39.36,1,0,73.26,28.18,19.73,89.77,39.47
801.92,0,,73.11,39.49,2,-1,72.88,28.34,19.73,89.93,39.63
802.01,0,,73.12,39.57,2,-1,73.49,28.40,19.77,90.03,39.65
802.13,0,,73.17,39.64,2,-1,72.98,28.53,19.82,90.21,39.73
802.22,0,,73.12,39.70,2,-1,72.73,28.60,19.83,90.29,39.79
802.31,0,,72.97,39.74,4,-2,73.00,28.48,19.83,90.17,39.67
802.43,0,,73.00,39.73,2,-1,73.73,28.50,19.81,90.17,39.71
802.52,0,,73.18,39.72,2,-1,72.84,28.55,19.78,90.19,39.79
802.61,0,,73.16,39.73,1,0,72.78,28.47,19.85,90.18,39.64
802.76,0,,72.94,39.69,2,-1,72.65,28.47,19.94,90.27,39.55
802.82,0,,72.80,39.64,2,-1,73.08,28.56,19.87,90.29,39.71
802.91,0,,72.93,39.64,2,-1,73.68,28.55,19.87,90.28,39.70
803.03,0,,73.22,39.66,2,-1,73.23,28.51,19.89,90.26,39.64
803.12,0,,73.33,39.67,0,1,73.03,28.52,19.86,90.24,39.68
803.27,0,,73.34,39.67,0,1,73.85,28.56,19.93,90.35,39.65
803.33,0,,73.48,39.66,0,2,73.66,28.63,19.99,90.48,39.66
803.42,0,,73.58,39.66,0,2,73.26,28.61,19.98,90.45,39.65
803.51,0,,73.56,39.64,0,2,73.77,28.54,19.96,90.36,39.60
803.63,0,,73.53,39.62,0,2,73.28,28.54,19.98,90.38,39.58
803.72,0,,73.47,39.59,0,2,73.38,28.57,19.99,90.42,39.60
803.81,0,,73.41,39.60,0,2,73.55,28.65,19.93,90.44,39.74
803.93,0,,73.44,39.68,0,1,73.48,28.78,19.86,90.50,39.94
804.02,0,,73.50,39.81,0,1,73.68,28.79,19.85,90.50,39.96
804.11,0,,73.52,39.89,0,1,73.17,28.62,19.89,90.37,39.75
804.26,0,,73.37,39.85,2,-1,72.90,28.57,19.90,90.33,39.69
804.35,0,,73.12,39.78,2,-1,72.91,28.68,19.89,90.43,39.81
804.41,0,,73.00,39.77,4,-2,73.35,28.79,19.92,90.57,39.89
804.53,0,,73.12,39.82,4,-2,73.56,28.84,19.97,90.67,39.89
804.62,0,,73.31,39.87,4,-2,73.21,28.81,19.91,90.58,39.92
804.71,0,,73.36,39.87,2,-1,73.24,28.64,20.00,90.50,39.66
804.83,0,,73.30,39.76,2,-1,73.20,28.51,20.14,90.51,39.39
804.92,0,,73.24,39.59,2,-1,73.21,28.61,20.05,90.52,39.58
805.01,0,,73.22,39.51,0,1,73.35,28.64,20.06,90.56,39.60
805.13,0,,73.22,39.51,0,1,72.95,28.58,20.16,90.60,39.44
805.22,0,,73.14,39.50,0,1,73.02,28.61,20.13,90.60,39.50
805.31,0,,73.06,39.48,2,-1,73.14,28.57,20.12,90.55,39.47
805.46,0,,72.99,39.47,2,-1,72.56,28.52,20.13,90.51,39.41
805.52,0,,72.93,39.45,2,-1,73.39,28.62,20.10,90.58,39.54
805.61,0,,73.07,39.49,2,-1,73.58,28.74,20.12,90.72,39.64
805.76,0,,73.23,39.56,2,-1,72.62,28.77,20.14,90.77,39.65
805.82,0,,73.05,39.62,2,-1,72.46,28.74,20.13,90.73,39.63
805.91,0,,72.77,39.62,2,-1,72.89,28.63,20.18,90.67,39.47
806.03,0,,72.72,39.56,2,-1,73.06,28.59,20.18,90.63,39.43
806.12,0,,72.88,39.50,4,-2,73.21,28.69,20.12,90.67,39.59
806.21,0,,73.11,39.51,2,-1,73.46,28.73,20.16,90.75,39.59
806.36,0,,73.20,39.54,2,-1,72.48,28.70,20.20,90.76,39.52
806.42,0,,73.04,39.55,2,-1,72.98,28.68,20.15,90.69,39.55
806.51,0,,72.90,39.55,2,-1,72.97,28.66,20.08,90.60,39.60
806.63,0,,72.91,39.57,2,-1,73.05,28.64,20.08,90.58,39.58
806.72,0,,72.94,39.58,2,-1,72.83,28.64,20.08,90.58,39.58
806.81,0,,72.94,39.58,2,-1,72.97,28.66,20.09,90.61,39.59
806.93,0,,72.98,39.59,2,-1,73.31,28.74,20.12,90.72,39.64
807.02,0,,73.04,39.62,2,-1,72.70,28.77,20.11,90.74,39.68
807.11,0,,72.96,39.63,2,-1,72.72,28.62,20.09,90.57,39.55
807.26,0,,72.84,39.60,2,-1,72.97,28.61,20.12,90.59,39.51
807.32,0,,72.79,39.56,2,-1,72.54,28.70,20.10,90.66,39.62
807.41,0,,72.76,39.56,2,-1,72.99,28.66,20.09,90.61,39.59
807.53,0,,72.82,39.58,2,-1,73.02,28.71,20.13,90.70,39.60
807.62,0,,72.95,39.59,2,-1,73.11,28.74,20.13,90.73,39.63
807.71,0,,72.97,39.60,2,-1,72.49,28.64,20.11,90.61,39.55
807.83,0,,72.90,39.58,2,-1,73.18,28.62,20.09,90.57,39.55
807.92,0,,72.86,39.57,2,-1,72.58,28.65,20.07,90.58,39.60
808.01,0,,72.75,39.56,2,-1,72.34,28.64,20.12,90.62,39.54
808.13,0,,72.65,39.57,2,-1,73.19,28.75,20.11,90.72,39.66
808.22,0,,72.79,39.62,1,0,73.21,28.83,20.05,90.74,39.80
808.31,0,,73.03,39.68,1,0,73.05,28.66,20.09,90.61,39.59
808.43,0,,73.08,39.66,1,0,72.67,28.54,20.09,90.49,39.47
808.52,0,,72.98,39.58,1,0,73.11,28.57,20.03,90.46,39.56
808.61,0,,72.93,39.53,1,0,72.80,28.56,20.03,90.45,39.55
808.76,0,,72.94,39.53,1,0,73.22,28.59,20.04,90.49,39.57
808.82,0,,72.98,39.56,0,1,72.84,28.62,19.98,90.46,39.66
808.94,0,,72.99,39.59,0,1,72.98,28.54,19.97,90.37,39.59
809.03,0,,72.96,39.60,1,0,72.96,28.50,20.00,90.36,39.52
809.12,0,,72.98,39.58,1,0,73.11,28.58,19.98,90.42,39.62
809.21,0,,73.06,39.59,1,0,73.35,28.60,19.93,90.39,39.69
809.33,0,,73.24,39.63,1,0,73.63,28.61,19.97,90.44,39.66
809.42,0,,73.36,39.66,0,1,72.93,28.69,20.05,90.60,39.66
809.51,0,,73.24,39.65,0,1,72.79,28.64,20.07,90.57,39.59
809.63,0,,73.07,39.63,0,1,73.41,28.61,20.04,90.51,39.59
809.72,0,,73.02,39.62,0,1,72.64,28.71,19.96,90.53,39.77
809.81,0,,72.97,39.67,0,1,73.12,28.68,19.96,90.50,39.74
809.93,0,,72.96,39.72,1,0,73.02,28.71,19.98,90.55,39.75
810.02,0,,72.99,39.76,2,-1,72.93,28.86,19.99,90.71,39.89
810.11,0,,72.98,39.80,2,-1,72.93,28.80,20.03,90.69,39.79
810.26,0,,73.00,39.81,4,-2,73.31,28.73,20.03,90.62,39.72
810.32,0,,73.06,39.79,2,-1,72.86,28.82,19.98,90.66,39.86
810.44,0,,73.09,39.80,2,-1,73.30,28.84,19.98,90.68,39.88
810.53,0,,73.11,39.84,0,1,72.98,28.85,20.01,90.72,39.86
810.62,0,,73.07,39.87,0,1,72.85,28.96,20.04,90.86,39.94
810.71,0,,73.03,39.88,0,1,73.37,28.85,20.08,90.79,39.79
810.83,0,,73.10,39.85,0,1,73.15,28.74,20.03,90.63,39.73
810.92,0,,73.18,39.79,0,1,73.20,28.78,19.98,90.62,39.82
811.01,0,,73.19,39.77,0,1,73.07,28.68,19.97,90.51,39.73
811.13,0,,73.10,39.71,0,1,72.73,28.36,19.93,90.15,39.45
811.22,0,,73.02,39.53,1,0,73.43,27.81,19.89,89.56,38.94
811.31,0,,72.98,39.16,1,0,72.33,27.36,19.97,89.19,38.41
811.43,0,,72.84,38.68,1,0,72.84,27.05,20.05,88.96,38.02
811.52,0,,72.72,38.22,2,-1,72.72,26.71,19.98,88.55,37.75
811.61,0,,72.64,37.88,4,-2,72.22,26.65,19.94,88.45,37.73
811.76,0,,72.46,37.70,4,-2,72.19,26.66,20.00,88.52,37.68
811.82,0,,72.29,37.64,4,-2,72.34,26.68,20.08,88.62,37.62
811.91,0,,72.27,37.63,4,-2,72.49,26.82,20.12,88.80,37.72
812.03,0,,72.31,37.66,4,-2,72.12,26.77,20.07,88.70,37.72
812.12,0,,72.26,37.68,4,-2,72.06,26.89,20.29,89.04,37.62
812.21,0,,72.24,37.65,4,-2,72.75,27.09,20.62,89.57,37.49
812.33,0,,72.32,37.56,4,-2,72.07,27.08,20.69,89.63,37.41
812.42,0,,72.34,37.48,2,-1,72.33,27.12,20.63,89.61,37.51
812.51,0,,72.38,37.46,2,-1,72.91,26.98,20.50,89.34,37.50
812.63,0,,72.54,37.45,0,1,72.50,26.73,20.43,89.02,37.32
812.72,0,,72.63,37.39,0,1,72.61,26.52,20.33,88.71,37.21
812.81,0,,72.69,37.29,0,2,73.08,26.40,20.19,88.45,37.23
812.93,0,,72.81,37.23,0,2,72.76,26.41,20.17,88.44,37.26
813.02,0,,72.87,37.24,0,2,72.88,26.43,20.09,88.38,37.36
813.14,0,,72.80,37.30,0,2,72.28,26.35,19.95,88.16,37.42
813.26,0,,72.63,37.36,0,2,72.60,26.19,19.86,87.91,37.35
813.32,0,,72.61,37.38,0,2,73.23,26.09,19.78,87.73,37.33
813.47,0,,72.84,37.36,0,1,73.17,25.99,19.67,87.52,37.34
813.53,0,,73.10,37.34,0,1,73.27,25.93,19.59,87.38,37.36
813.62,0,,73.25,37.37,0,2,73.32,26.04,19.49,87.39,37.57
813.77,0,,73.34,37.46,0,2,73.46,26.01,19.42,87.29,37.61
813.83,0,,73.37,37.53,0,2,73.16,25.81,19.37,87.04,37.46
813.92,0,,73.34,37.53,0,2,73.40,25.69,19.29,86.84,37.42
814.07,0,,73.34,37.46,0,2,73.49,25.58,19.24,86.68,37.36
814.13,0,,73.41,37.40,0,2,73.51,25.57,19.15,86.58,37.44
814.22,0,,73.44,37.41,0,2,73.19,25.58,19.03,86.47,37.57
814.34,0,,73.45,37.48,0,2,73.86,25.51,18.91,86.28,37.62
814.43,0,,73.49,37.56,0,2,73.16,25.41,18.81,86.08,37.62
814.52,0,,73.44,37.60,0,2,73.32,25.25,18.76,85.87,37.51
814.64,0,,73.39,37.57,0,1,73.66,25.13,18.68,85.67,37.47
814.76,0,,73.41,37.54,0,1,73.19,25.21,18.56,85.63,37.67
814.82,0,,73.43,37.59,1,0,73.67,25.26,18.50,85.62,37.78
814.97,0,,73.54,37.68,0,1,74.00,25.18,18.44,85.48,37.76
815.03,0,,73.74,37.75,0,1,73.78,25.09,18.35,85.30,37.76
815.12,0,,73.83,37.78,0,1,73.63,25.07,18.25,85.18,37.84
815.27,0,,73.75,37.82,0,2,73.49,25.09,18.18,85.13,37.93
815.36,0,,73.61,37.87,0,2,73.51,25.15,18.22,85.23,37.95
815.42,0,,73.54,37.93,0,2,73.64,25.27,18.26,85.39,38.03
815.54,0,,73.58,38.00,0,2,73.88,25.29,18.21,85.36,38.10
815.63,0,,73.74,38.06,0,2,74.00,25.24,18.12,85.22,38.14
815.72,0,,73.93,38.12,0,1,74.23,25.23,18.10,85.19,38.15
815.84,0,,74.10,38.15,0,1,74.09,25.25,18.09,85.20,38.18
815.93,0,,74.12,38.19,0,1,73.82,25.38,18.06,85.30,38.34
816.02,0,,74.07,38.27,0,2,74.31,25.50,18.07,85.43,38.45
816.14,0,,74.10,38.37,0,2,74.20,25.48,18.05,85.39,38.45
816.26,0,,74.17,38.44,0,2,74.14,25.43,17.97,85.26,38.48
816.32,0,,74.18,38.47,0,2,74.19,25.38,17.92,85.16,38.48
816.44,0,,74.18,38.49,0,2,74.18,25.42,17.89,85.17,38.55
816.53,0,,74.21,38.53,0,2,74.39,25.55,17.88,85.29,38.69
816.62,0,,74.28,38.62,0,2,74.34,25.63,17.87,85.36,38.78
816.71,0,,74.34,38.71,0,2,74.40,25.58,17.82,85.26,38.78
816.83,0,,74.35,38.77,0,2,74.13,25.52,17.75,85.13,38.79
816.92,0,,74.26,38.80,0,2,74.02,25.53,17.70,85.09,38.85
817.01,0,,74.22,38.84,0,2,74.79,25.59,17.67,85.12,38.94
817.13,0,,74.36,38.90,0,1,74.41,25.67,17.65,85.18,39.04
817.22,0,,74.45,38.99,0,1,74.26,25.75,17.63,85.24,39.14
817.31,0,,74.42,39.08,0,1,74.44,25.73,17.62,85.21,39.13
817.43,0,,74.45,39.13,0,1,74.87,25.67,17.55,85.08,39.14
817.52,0,,74.53,39.16,0,2,74.14,25.67,17.48,85.01,39.21
817.61,0,,74.49,39.17,0,2,74.53,25.65,17.50,85.01,39.17
817.76,0,,74.45,39.19,0,2,74.52,25.77,17.50,85.13,39.29
817.82,0,,74.54,39.26,0,2,74.99,25.97,17.51,85.34,39.48
817.91,0,,74.66,39.35,0,2,74.36,25.92,17.54,85.32,39.40
818.03,0,,74.64,39.40,0,2,74.50,25.80,17.49,85.15,39.33
818.12,0,,74.56,39.39,0,1,74.61,25.83,17.47,85.16,39.38
818.21,0,,74.59,39.37,0,1,74.94,25.85,17.51,85.22,39.36
818.33,0,,74.71,39.38,0,1,74.70,25.97,17.50,85.33,39.49
818.42,0,,74.77,39.44,0,1,74.73,26.14,17.48,85.48,39.68
818.51,0,,74.77,39.55,0,1,74.81,26.07,17.47,85.40,39.62
818.63,0,,74.78,39.61,0,1,74.74,25.97,17.49,85.32,39.50
818.72,0,,74.76,39.59,0,1,74.71,26.00,17.45,85.31,39.57
818.81,0,,74.75,39.56,0,1,74.83,25.95,17.41,85.22,39.56
818.93,0,,74.84,39.56,0,1,75.37,26.04,17.42,85.32,39.64
819.02,0,,75.02,39.62,0,1,74.99,26.24,17.40,85.50,39.86
819.11,0,,75.10,39.73,0,1,74.94,26.19,17.37,85.42,39.84
819.26,0,,75.03,39.81,0,1,74.81,26.09,17.36,85.31,39.75
819.32,0,,74.93,39.82,0,1,74.96,26.09,17.30,85.25,39.81
819.41,0,,74.92,39.80,0,1,75.12,26.02,17.26,85.14,39.78
819.53,0,,74.98,39.78,0,1,74.96,25.98,17.25,85.09,39.75
819.62,0,,75.06,39.78,0,1,75.37,26.11,17.25,85.22,39.88
819.71,0,,75.14,39.82,0,1,74.97,26.18,17.25,85.29,39.95
819.83,0,,75.15,39.87,0,1,75.17,26.07,17.24,85.17,39.85
819.92,0,,75.10,39.90,0,1,74.91,26.08,17.17,85.11,39.93
820.01,0,,75.04,39.91,0,1,75.03,26.09,17.16,85.11,39.95
820.13,0,,74.98,39.92,0,1,74.83,26.02,17.15,85.03,39.89
820.22,0,,74.97,39.95,0,1,75.31,26.18,17.05,85.09,40.15
820.31,0,,75.13,40.04,0,1,75.64,26.33,17.08,85.27,40.27
820.46,0,,75.39,40.16,0,1,75.55,26.25,17.08,85.19,40.19
820.52,0,,75.49,40.22,0,1,75.06,26.23,17.01,85.10,40.24
820.61,0,,75.30,40.22,0,1,74.65,26.16,17.10,85.12,40.08
820.76,0,,75.07,40.15,0,1,75.42,26.11,17.12,85.09,40.01
820.82,0,,75.06,40.12,0,1,75.18,26.38,17.02,85.26,40.38
820.91,0,,75.12,40.20,0,1,74.96,26.51,17.09,85.46,40.44
821.03,0,,75.13,40.33,0,1,75.33,26.48,17.10,85.44,40.40
821.12,0,,75.18,40.43,0,1,75.28,26.59,17.03,85.48,40.58
821.21,0,,75.27,40.50,0,1,75.38,26.56,17.09,85.51,40.49
821.33,0,,75.29,40.51,0,1,75.02,26.49,17.10,85.45,40.41
821.42,0,,75.29,40.51,0,1,75.71,26.69,17.04,85.59,40.67
821.51,0,,75.38,40.57,0,1,75.36,26.83,17.06,85.75,40.79
821.63,0,,75.50,40.69,0,1,75.85,26.85,17.08,85.79,40.79
821.72,0,,75.69,40.80,0,1,76.14,26.94,16.98,85.78,40.98
821.84,0,,75.86,40.89,0,2,75.52,26.85,16.94,85.65,40.93
821.93,0,,75.80,40.92,0,2,75.43,26.69,16.96,85.51,40.75
822.02,0,,75.67,40.88,0,2,75.93,26.74,16.81,85.41,40.95
822.11,0,,75.66,40.89,0,2,75.61,26.81,16.78,85.45,41.05
822.26,0,,75.74,40.97,0,2,76.11,26.91,16.84,85.61,41.09
822.32,0,,75.86,41.06,0,2,75.88,26.94,16.77,85.57,41.19
822.41,0,,75.88,41.11,0,2,75.48,26.76,16.76,85.38,41.02
822.53,0,,75.81,41.10,0,1,76.08,26.73,16.74,85.33,41.01
822.62,0,,75.83,41.08,0,1,75.90,26.86,16.61,85.33,41.27
822.71,0,,75.90,41.14,0,1,75.94,26.89,16.62,85.37,41.29
822.83,0,,75.94,41.24,0,1,76.01,26.98,16.62,85.46,41.38
822.92,0,,75.96,41.35,0,1,75.87,27.09,16.54,85.49,41.57
823.04,0,,76.00,41.45,0,1,76.37,26.99,16.56,85.41,41.45
823.13,0,,76.13,41.49,0,1,76.26,26.95,16.54,85.35,41.43
823.22,0,,76.18,41.48,0,2,75.75,27.02,16.49,85.37,41.55
823.31,0,,76.01,41.49,0,2,75.57,26.99,16.56,85.41,41.45
823.43,0,,75.80,41.49,0,2,75.93,27.11,16.62,85.59,41.51
823.52,0,,75.77,41.51,0,2,75.96,27.31,16.61,85.78,41.72
823.61,0,,75.89,41.60,0,1,76.21,27.30,16.57,85.73,41.75
823.76,0,,76.02,41.68,0,1,75.93,27.19,16.56,85.61,41.65
823.82,0,,76.07,41.70,0,1,76.08,27.23,16.60,85.69,41.65
823.94,0,,76.06,41.68,2,-1,76.03,27.36,16.63,85.85,41.75
824.03,0,,76.01,41.72,2,-1,75.72,27.48,16.59,85.93,41.91
824.12,0,,75.88,41.82,0,1,75.69,27.60,16.63,86.09,41.99
824.21,0,,75.82,41.92,0,1,76.24,27.60,16.65,86.11,41.97
824.33,0,,75.96,41.98,1,0,76.29,27.60,16.58,86.04,42.04
824.42,0,,76.14,42.01,0,1,76.11,27.63,16.63,86.12,42.02
824.51,0,,76.16,42.02,0,1,75.84,27.64,16.70,86.20,41.96
824.63,0,,76.11,42.02,0,1,76.39,27.77,16.66,86.29,42.13
824.72,0,,76.16,42.09,0,1,76.34,28.01,16.60,86.47,42.43
824.81,0,,76.27,42.24,0,1,76.29,27.97,16.60,86.43,42.39
824.93,0,,76.36,42.35,0,2,76.60,27.82,16.57,86.25,42.27
825.02,0,,76.43,42.36,0,2,76.33,27.84,16.47,86.17,42.39
825.11,0,,76.41,42.36,0,2,76.14,27.77,16.43,86.06,42.36
825.26,0,,76.33,42.35,0,2,76.51,27.74,16.42,86.02,42.34
825.32,0,,76.31,42.37,0,1,76.11,27.86,16.35,86.07,42.53
825.41,0,,76.28,42.43,0,1,76.29,27.81,16.31,85.98,42.52
825.53,0,,76.27,42.49,0,1,76.40,27.70,16.27,85.83,42.45
825.62,0,,76.38,42.49,0,1,76.83,27.67,16.22,85.75,42.47
825.71,0,,76.52,42.47,0,1,76.26,27.61,16.19,85.66,42.44
825.83,0,,76.55,42.45,0,1,76.67,27.58,16.18,85.62,42.42
825.92,0,,76.56,42.44,0,1,76.58,27.73,16.20,85.79,42.55
826.01,0,,76.57,42.49,0,1,76.47,27.85,16.19,85.90,42.68
826.13,0,,76.54,42.58,0,2,76.53,27.76,16.12,85.74,42.66
826.22,0,,76.52,42.65,0,1,76.55,27.71,16.06,85.63,42.67
826.31,0,,76.51,42.67,0,1,76.41,27.68,16.07,85.61,42.63
826.43,0,,76.44,42.66,0,1,76.20,27.75,16.10,85.71,42.67
826.52,0,,76.29,42.68,0,1,75.92,27.91,16.11,85.88,42.82
826.64,0,,76.20,42.73,2,-1,76.71,27.94,16.17,85.97,42.79
826.76,0,,76.28,42.77,4,-2,76.23,27.89,16.19,85.94,42.72
826.82,0,,76.38,42.77,4,-2,76.58,27.86,16.14,85.86,42.74
826.91,0,,76.40,42.75,2,-1,76.03,27.84,16.07,85.77,42.79
827.03,0,,76.29,42.76,2,-1,76.12,27.78,16.03,85.67,42.77
827.12,0,,76.18,42.77,2,-1,76.29,27.87,16.08,85.81,42.81
827.21,0,,76.23,42.81,2,-1,76.60,27.99,16.05,85.90,42.96
827.33,0,,76.34,42.88,2,-1,76.18,27.88,15.96,85.70,42.94
827.42,0,,76.40,42.91,1,0,76.58,27.74,15.95,85.55,42.81
827.51,0,,76.44,42.89,1,0,76.49,27.74,15.89,85.49,42.87
827.63,0,,76.53,42.87,0,1,76.74,27.73,15.85,85.44,42.90
827.72,0,,76.58,42.87,0,1,76.37,27.77,15.89,85.52,42.90
827.81,0,,76.56,42.90,0,2,76.58,27.88,15.86,85.60,43.04
827.93,0,,76.50,42.96,0,2,76.30,27.79,15.81,85.46,43.00
828.02,0,,76.46,42.98,0,2,76.60,27.64,15.77,85.27,42.89
828.17,0,,76.52,42.96,0,1,76.90,27.65,15.75,85.26,42.92
828.26,0,,76.69,42.93,0,1,76.84,27.65,15.74,85.25,42.93
828.32,0,,76.79,42.93,0,1,76.61,27.73,15.73,85.32,43.02
828.44,0,,76.70,42.97,1,0,76.18,27.81,15.74,85.41,43.09
828.53,0,,76.50,43.03,1,0,76.48,27.71,15.70,85.27,43.03
828.62,0,,76.40,43.05,1,0,76.52,27.66,15.65,85.17,43.03
828.71,0,,76.36,43.03,1,0,75.97,27.64,15.70,85.20,42.96
828.83,0,,76.29,42.99,2,-1,76.53,27.62,15.70,85.18,42.94
828.92,0,,76.28,42.98,2,-1,76.22,27.77,15.66,85.29,43.13
829.01,0,,76.34,43.04,4,-2,76.58,27.87,15.68,85.41,43.21
829.13,0,,76.37,43.13,4,-2,76.14,27.80,15.66,85.32,43.16
829.22,0,,76.34,43.16,4,-2,76.29,27.72,15.64,85.22,43.10
829.31,0,,76.29,43.14,2,-1,76.36,27.67,15.65,85.18,43.04
829.43,0,,76.29,43.09,2,-1,76.28,27.72,15.68,85.26,43.06
829.52,0,,76.29,43.07,1,0,76.24,27.84,15.70,85.40,43.16
829.61,0,,76.31,43.11,1,0,76.56,27.95,15.72,85.53,43.25
829.76,0,,76.43,43.18,1,0,76.74,27.91,15.70,85.47,43.23
829.82,0,,76.55,43.21,1,0,76.37,27.80,15.66,85.32,43.16
829.91,0,,76.50,43.19,0,1,76.09,27.76,15.68,85.30,43.10
830.03,0,,76.32,43.13,0,1,76.16,27.74,15.74,85.34,43.02
830.12,0,,76.16,43.08,1,0,76.07,27.84,15.74,85.44,43.12
830.21,0,,76.09,43.08,2,-1,76.10,27.91,15.70,85.47,43.23
830.33,0,,76.08,43.13,2,-1,76.21,27.80,15.73,85.39,43.09
830.42,0,,76.16,43.13,2,-1,76.39,27.75,15.71,85.32,43.06
830.51,0,,76.30,43.11,2,-1,76.55,27.77,15.63,85.26,43.16
830.63,0,,76.42,43.11,2,-1,76.30,27.69,15.60,85.15,43.11
830.72,0,,76.48,43.12,2,-1,76.76,27.73,15.59,85.18,43.16
830.81,0,,76.54,43.16,1,0,76.41,27.87,15.57,85.30,43.32
830.93,0,,76.51,43.21,0,1,76.22,27.77,15.60,85.23,43.19
831.02,0,,76.35,43.20,0,1,76.03,27.61,15.62,85.09,43.01
831.11,0,,76.18,43.12,0,1,76.15,27.57,15.57,85.00,43.02
831.26,0,,76.13,43.03,1,0,76.39,27.51,15.58,84.95,42.95
831.32,0,,76.15,42.96,1,0,75.80,27.48,15.61,84.95,42.89
831.41,0,,76.09,42.93,1,0,76.15,27.57,15.56,84.99,43.03
831.53,0,,76.08,42.95,2,-1,76.30,27.59,15.59,85.04,43.02
831.62,0,,76.21,42.98,2,-1,76.60,27.50,15.61,84.97,42.91
831.71,0,,76.39,42.96,2,-1,76.42,27.45,15.55,84.86,42.92
831.83,0,,76.45,42.93,1,0,76.20,27.44,15.55,84.85,42.91
831.92,0,,76.38,42.90,1,0,76.33,27.41,15.60,84.87,42.83
832.01,0,,76.30,42.87,1,0,76.21,27.48,15.60,84.94,42.90
832.13,0,,76.25,42.87,1,0,76.22,27.58,15.64,85.08,42.96
832.22,0,,76.14,42.90,1,0,75.62,27.55,15.66,85.07,42.91
832.31,0,,75.99,42.91,1,0,76.21,27.50,15.63,84.99,42.89
832.43,0,,75.97,42.91,1,0,76.11,27.53,15.61,85.00,42.94
832.52,0,,76.07,42.91,1,0,76.23,27.48,15.65,84.99,42.85
832.61,0,,76.21,42.88,1,0,76.55,27.54,15.71,85.11,42.85
832.76,0,,76.30,42.87,1,0,75.94,27.68,15.75,85.29,42.95
832.82,0,,76.27,42.88,1,0,76.36,27.66,15.78,85.30,42.90
832.91,0,,76.25,42.89,1,0,76.31,27.61,15.76,85.23,42.87
833.03,0,,76.24,42.88,1,0,75.97,27.54,15.75,85.15,42.81
833.12,0,,76.10,42.84,1,0,75.68,27.48,15.74,85.08,42.76
833.21,0,,75.92,42.79,2,-1,75.93,27.49,15.72,85.07,42.79
833.33,0,,75.84,42.77,2,-1,75.96,27.51,15.75,85.12,42.78
833.42,0,,75.89,42.78,2,-1,76.01,27.57,15.75,85.18,42.84
833.51,0,,76.00,42.81,2,-1,76.34,27.57,15.69,85.12,42.90
833.63,0,,76.16,42.85,2,-1,76.26,27.48,15.67,85.01,42.83
833.72,0,,76.29,42.84,2,-1,76.47,27.37,15.71,84.94,42.68
833.81,0,,76.36,42.76,1,0,76.20,27.25,15.71,84.82,42.56
833.93,0,,76.36,42.65,1,0,76.42,27.28,15.68,84.82,42.62
834.02,0,,76.28,42.62,1,0,75.77,27.43,15.69,84.98,42.76
834.14,0,,76.16,42.66,1,0,76.46,27.45,15.76,85.07,42.71
834.26,0,,76.21,42.69,1,0,76.57,27.41,15.75,85.02,42.68
834.32,0,,76.40,42.71,0,1,76.58,27.37,15.66,84.89,42.73
834.41,0,,76.47,42.70,0,1,76.00,27.32,15.70,84.88,42.64
834.53,0,,76.30,42.66,0,1,75.87,27.26,15.75,84.87,42.53
834.62,0,,76.08,42.60,1,0,76.14,27.35,15.77,84.98,42.60
834.71,0,,75.95,42.59,1,0,75.64,27.54,15.83,85.23,42.73
834.83,0,,75.93,42.65,4,-2,76.51,27.58,15.82,85.26,42.78
834.92,0,,76.12,42.72,2,-1,76.54,27.54,15.80,85.20,42.76
835.01,0,,76.34,42.75,2,-1,76.23,27.48,15.82,85.16,42.68
835.13,0,,76.34,42.72,2,-1,75.90,27.41,15.83,85.10,42.60
835.22,0,,76.22,42.67,2,-1,76.43,27.52,15.83,85.21,42.71
835.31,0,,76.20,42.68,1,0,76.17,27.66,15.85,85.37,42.83
835.43,0,,76.21,42.73,1,0,76.17,27.66,15.90,85.42,42.78
835.52,0,,76.21,42.77,1,0,76.27,27.59,15.89,85.34,42.72
835.64,0,,76.20,42.75,0,1,76.05,27.52,15.89,85.27,42.65
835.76,0,,76.18,42.69,0,1,76.28,27.48,15.90,85.24,42.60
835.82,0,,76.17,42.64,0,1,76.02,27.53,15.87,85.26,42.68
835.91,0,,76.11,42.65,2,-1,75.94,27.64,15.91,85.41,42.75
836.03,0,,76.07,42.70,2,-1,76.33,27.72,15.94,85.52,42.80
836.12,0,,76.18,42.75,2,-1,76.62,27.71,15.95,85.52,42.78
836.21,0,,76.32,42.77,1,0,75.96,27.64,15.94,85.44,42.72
836.33,0,,76.28,42.75,1,0,76.12,27.58,15.90,85.34,42.70
836.42,0,,76.11,42.71,1,0,75.69,27.51,15.89,85.26,42.64
836.51,0,,75.88,42.66,2,-1,75.58,27.47,15.91,85.24,42.58
836.63,0,,75.70,42.63,4,-2,75.72,27.60,15.92,85.38,42.70
836.72,0,,75.71,42.66,4,-2,76.26,27.68,15.87,85.41,42.83
836.81,0,,75.92,42.73,4,-2,76.17,27.55,15.79,85.20,42.78
836.93,0,,76.14,42.77,2,-1,76.34,27.45,15.78,85.09,42.69
837.02,0,,76.24,42.75,2,-1,76.00,27.49,15.75,85.10,42.76
837.11,0,,76.13,42.74,2,-1,75.55,27.51,15.78,85.15,42.75
837.26,0,,75.95,42.74,2,-1,76.27,27.60,15.84,85.30,42.78
837.32,0,,76.01,42.78,2,-1,76.51,27.73,15.81,85.40,42.94
837.41,0,,76.12,42.84,1,0,75.45,27.62,15.78,85.26,42.86
837.53,0,,75.99,42.86,0,2,75.89,27.46,15.77,85.09,42.71
837.62,0,,75.95,42.82,0,1,76.70,27.53,15.74,85.13,42.81
837.71,0,,76.15,42.80,2,-1,76.09,27.61,15.74,85.21,42.89
837.83,0,,76.28,42.82,1,0,76.30,27.62,15.81,85.29,42.83
837.92,0,,76.29,42.85,0,1,76.23,27.72,15.83,85.41,42.91
838.01,0,,76.26,42.88,0,1,76.18,27.69,15.77,85.32,42.94
838.13,0,,76.24,42.91,0,1,76.31,27.56,15.70,85.12,42.88
838.22,0,,76.20,42.90,1,0,75.93,27.54,15.70,85.10,42.86
838.34,0,,76.16,42.87,1,0,76.41,27.48,15.73,85.07,42.77
838.43,0,,76.24,42.82,1,0,76.57,27.50,15.72,85.08,42.80
838.52,0,,76.36,42.82,1,0,76.18,27.73,15.71,85.30,43.04
838.61,0,,76.42,42.90,0,1,76.69,27.70,15.70,85.26,43.02
838.76,0,,76.40,42.97,0,1,75.85,27.58,15.69,85.13,42.91
838.82,0,,76.25,42.97,0,1,76.08,27.58,15.72,85.16,42.88
838.91,0,,76.10,42.91,0,1,76.14,27.47,15.71,85.04,42.78
839.03,0,,76.06,42.84,2,-1,76.03,27.50,15.68,85.04,42.84
839.12,0,,76.08,42.84,2,-1,76.26,27.72,15.69,85.27,43.05
839.21,0,,76.22,42.92,2,-1,76.82,27.72,15.69,85.27,43.05
839.33,0,,76.41,42.99,2,-1,76.15,27.59,15.67,85.12,42.94
839.42,0,,76.45,43.00,0,1,76.38,27.57,15.63,85.06,42.96
839.51,0,,76.39,42.98,0,1,76.38,27.57,15.60,85.03,42.99
839.63,0,,76.30,42.97,0,1,75.86,27.59,15.65,85.10,42.96
839.72,0,,76.16,42.98,0,1,76.22,27.74,15.68,85.28,43.08
839.81,0,,76.13,43.02,0,1,76.41,27.83,15.71,85.40,43.14
839.93,0,,76.22,43.08,0,1,76.25,27.76,15.69,85.31,43.09
840.02,0,,76.25,43.10,1,0,75.99,27.71,15.67,85.24,43.06
840.11,0,,76.21,43.08,1,0,76.42,27.66,15.68,85.20,43.00
840.26,0,,76.23,43.03,2,-1,76.21,27.63,15.70,85.19,42.95
840.32,0,,76.23,43.00,2,-1,76.08,27.80,15.72,85.38,43.10
840.41,0,,76.19,43.03,1,0,76.17,27.88,15.76,85.50,43.14
840.53,0,,76.15,43.08,1,0,76.16,27.81,15.70,85.37,43.13
840.62,0,,76.16,43.13,1,0,76.30,27.78,15.63,85.27,43.17
840.71,0,,76.20,43.13,1,0,76.14,27.65,15.65,85.16,43.02
840.83,0,,76.23,43.09,1,0,76.37,27.61,15.68,85.15,42.95
840.92,0,,76.27,43.04,1,0,76.30,27.80,15.65,85.31,43.17
841.01,0,,76.28,43.07,1,0,76.11,27.86,15.68,85.40,43.20
841.13,0,,76.25,43.13,1,0,76.37,27.78,15.70,85.34,43.10
841.22,0,,76.31,43.15,0,1,76.63,27.76,15.59,85.21,43.19
841.31,0,,76.42,43.17,0,1,76.33,27.71,15.54,85.11,43.19
841.43,0,,76.40,43.16,0,1,76.03,27.63,15.61,85.10,43.04
841.52,0,,76.26,43.12,1,0,76.19,27.67,15.62,85.15,43.07
841.61,0,,76.16,43.09,1,0,76.17,27.78,15.62,85.26,43.18
841.76,0,,76.14,43.10,1,0,76.16,27.75,15.65,85.26,43.12
841.82,0,,76.13,43.12,1,0,76.02,27.74,15.59,85.19,43.17
841.94,0,,76.10,43.15,1,0,76.11,27.73,15.56,85.15,43.19
842.03,0,,76.09,43.15,2,-1,76.18,27.62,15.60,85.08,43.04
842.12,0,,76.12,43.12,4,-2,76.07,27.66,15.59,85.11,43.09
842.27,0,,76.10,43.09,4,-2,75.94,27.75,15.64,85.25,43.13
842.33,0,,76.12,43.10,2,-1,76.68,27.84,15.68,85.38,43.18
842.42,0,,76.26,43.15,1,0,76.18,27.89,15.60,85.35,43.31
842.51,0,,76.31,43.21,1,0,76.12,27.76,15.60,85.22,43.18
842.63,0,,76.23,43.21,1,0,76.08,27.70,15.62,85.18,43.10
842.72,0,,76.13,43.18,1,0,76.10,27.78,15.58,85.22,43.22
842.81,0,,76.11,43.17,1,0,76.29,27.84,15.64,85.34,43.22
842.93,0,,76.14,43.19,1,0,76.03,27.89,15.69,85.44,43.22
843.02,0,,76.14,43.22,1,0,76.11,27.91,15.64,85.41,43.29
843.11,0,,76.15,43.24,1,0,76.41,27.82,15.65,85.33,43.19
843.26,0,,76.20,43.21,1,0,76.02,27.71,15.66,85.23,43.07
843.32,0,,76.20,43.15,1,0,76.24,27.75,15.62,85.23,43.15
843.41,0,,76.20,43.13,1,0,76.28,27.81,15.59,85.26,43.24
843.53,0,,76.19,43.17,1,0,75.94,27.84,15.62,85.32,43.24
843.65,0,,76.08,43.22,1,0,75.81,27.90,15.62,85.38,43.30
843.71,0,,75.98,43.25,2,-1,76.21,27.79,15.62,85.27,43.19
843.83,0,,76.07,43.23,2,-1,76.60,27.70,15.59,85.15,43.13
843.92,0,,76.27,43.19,1,0,76.26,27.77,15.54,85.17,43.25
844.01,0,,76.35,43.18,1,0,76.16,27.74,15.57,85.17,43.19
844.13,0,,76.29,43.19,1,0,76.18,27.74,15.58,85.18,43.18
844.22,0,,76.26,43.20,1,0,76.51,27.83,15.55,85.24,43.30
844.32,0,,76.27,43.22,1,0,75.97,27.74,15.57,85.17,43.19
844.43,0,,76.19,43.20,1,0,76.04,27.62,15.60,85.08,43.04
844.52,0,,76.08,43.13,1,0,76.02,27.60,15.60,85.06,43.02
844.61,0,,76.03,43.05,1,0,76.08,27.57,15.58,85.01,43.01
844.76,0,,76.05,43.01,1,0,76.24,27.65,15.61,85.12,43.06
844.82,0,,76.12,43.05,1,0,76.13,27.85,15.60,85.31,43.27
844.91,0,,76.14,43.13,1,0,75.94,27.80,15.63,85.29,43.19
845.03,0,,76.09,43.18,1,0,76.18,27.69,15.68,85.23,43.03
845.12,0,,76.09,43.14,1,0,76.17,27.74,15.64,85.24,43.12
845.27,0,,76.14,43.10,1,0,76.24,27.67,15.65,85.18,43.04
845.33,0,,76.19,43.06,1,0,76.18,27.68,15.69,85.23,43.01
845.42,0,,76.22,43.05,1,0,76.25,27.87,15.69,85.42,43.20
845.51,0,,76.27,43.10,1,0,76.52,27.86,15.73,85.45,43.15
845.63,0,,76.33,43.13,1,0,76.17,27.74,15.70,85.30,43.06
845.78,0,,76.34,43.11,0,1,76.41,27.71,15.65,85.22,43.08
845.81,0,,76.25,43.07,0,1,75.67,27.62,15.67,85.15,42.97
845.93,0,,76.11,43.02,0,1,76.34,27.61,15.65,85.12,42.98
846.02,0,,76.08,43.01,1,0,76.19,27.77,15.62,85.25,43.17
846.11,0,,76.15,43.05,1,0,76.18,27.70,15.67,85.23,43.05
846.26,0,,76.14,43.05,1,0,75.83,27.48,15.64,84.98,42.86
846.32,0,,76.04,42.96,1,0,76.01,27.34,15.55,84.75,42.81
846.41,0,,75.98,42.85,4,-2,76.04,27.21,15.56,84.63,42.67
846.53,0,,75.91,42.73,4,-2,75.46,27.13,15.58,84.57,42.57
846.62,0,,75.81,42.62,4,-2,76.01,27.10,15.57,84.53,42.55
846.71,0,,75.76,42.55,4,-2,75.67,27.11,15.64,84.61,42.49
846.83,0,,75.77,42.50,4,-2,75.86,27.17,15.74,84.77,42.45
846.92,0,,75.83,42.46,4,-2,76.13,27.22,15.77,84.85,42.47
847.01,0,,75.92,42.45,4,-2,75.77,27.22,15.76,84.84,42.48
847.13,0,,75.93,42.43,2,-1,75.91,27.09,15.82,84.77,42.29
847.22,0,,75.95,42.37,2,-1,76.25,27.17,15.92,84.95,42.27
847.37,0,,75.99,42.31,2,-1,75.65,27.30,15.99,85.15,42.33
847.43,0,,75.89,42.27,0,1,75.55,27.20,16.08,85.14,42.14
847.52,0,,75.71,42.19,0,1,75.66,27.08,16.09,85.03,42.01
847.61,0,,75.65,42.07,1,0,75.91,26.92,16.10,84.88,41.84
847.76,0,,75.74,41.91,2,-1,75.92,26.80,16.21,84.87,41.61
847.82,0,,75.86,41.76,2,-1,75.94,26.99,16.18,85.03,41.83
847.94,0,,75.86,41.74,2,-1,75.39,27.11,16.21,85.18,41.92
848.03,0,,75.81,41.79,2,-1,76.34,27.03,16.33,85.22,41.72
848.12,0,,75.86,41.78,2,-1,75.68,26.99,16.37,85.22,41.64
848.21,0,,75.91,41.69,2,-1,75.95,26.89,16.42,85.17,41.49
848.33,0,,75.89,41.58,1,0,75.87,26.83,16.39,85.08,41.46
848.42,0,,75.89,41.50,1,0,75.88,26.95,16.43,85.24,41.54
848.51,0,,75.96,41.49,1,0,76.49,27.10,16.52,85.48,41.60
848.63,0,,76.10,41.56,0,1,75.88,27.26,16.53,85.65,41.75
848.72,0,,76.05,41.64,0,1,75.53,27.29,16.63,85.78,41.68
848.81,0,,75.85,41.68,0,1,75.78,27.25,16.64,85.75,41.63
848.93,0,,75.77,41.68,1,0,76.15,27.28,16.62,85.76,41.68
849.02,0,,75.90,41.66,1,0,76.13,27.30,16.69,85.85,41.63
849.11,0,,76.01,41.65,1,0,75.76,27.36,16.71,85.93,41.67
849.26,0,,75.92,41.65,1,0,75.50,27.44,16.81,86.11,41.65
849.32,0,,75.77,41.65,1,0,75.95,27.50,16.85,86.21,41.67
849.41,0,,75.71,41.66,2,-1,75.56,27.45,16.83,86.14,41.64
849.53,0,,75.65,41.62,4,-2,75.45,27.34,16.93,86.13,41.43
849.62,0,,75.59,41.55,2,-1,75.78,27.40,16.94,86.20,41.48
849.71,0,,75.61,41.48,2,-1,75.62,27.48,16.99,86.33,41.51
849.83,0,,75.66,41.49,4,-2,75.76,27.65,17.06,86.57,41.61
849.92,0,,75.75,41.58,4,-2,76.04,27.97,17.01,86.84,41.98
850.01,0,,75.84,41.77,1,0,75.68,28.02,17.06,86.94,41.98
850.13,0,,75.84,41.93,1,0,75.78,28.03,17.01,86.90,42.04
850.28,0,,75.81,42.06,1,0,75.91,28.12,16.83,86.81,42.31
850.31,0,,75.81,42.19,0,1,75.67,28.08,16.82,86.76,42.28
850.43,0,,75.77,42.28,0,1,75.66,28.08,16.78,86.72,42.32
850.52,0,,75.69,42.32,0,1,75.59,28.00,16.67,86.53,42.35
850.61,0,,75.61,42.33,1,0,75.49,27.83,16.60,86.29,42.25
850.76,0,,75.61,42.31,2,-1,76.02,27.81,16.52,86.19,42.31
850.82,0,,75.68,42.30,2,-1,75.49,27.80,16.48,86.14,42.34
850.91,0,,75.69,42.31,2,-1,75.62,27.80,16.52,86.18,42.30
851.03,0,,75.67,42.32,2,-1,75.86,27.92,16.59,86.37,42.35
851.18,0,,75.75,42.33,2,-1,75.95,27.97,16.61,86.44,42.38
851.21,0,,75.82,42.34,2,-1,75.64,27.83,16.57,86.26,42.28
851.33,0,,75.75,42.32,2,-1,75.36,27.73,16.49,86.08,42.26
851.42,0,,75.56,42.28,1,0,75.33,27.69,16.44,85.99,42.27
851.51,0,,75.37,42.25,2,-1,75.19,27.59,16.45,85.90,42.16
851.63,0,,75.27,42.21,4,-2,75.39,27.57,16.37,85.80,42.22
851.78,0,,75.33,42.22,2,-1,75.78,27.59,16.22,85.67,42.39
851.81,0,,75.49,42.28,2,-1,75.50,27.44,16.14,85.44,42.32
851.93,0,,75.57,42.30,2,-1,75.48,27.23,16.12,85.21,42.13
852.02,0,,75.53,42.23,2,-1,75.37,27.16,16.09,85.11,42.09
852.11,0,,75.50,42.15,2,-1,75.71,27.19,16.04,85.09,42.17
852.26,0,,75.54,42.14,2,-1,75.57,27.28,16.02,85.16,42.28
852.38,0,,75.57,42.21,2,-1,75.44,27.35,15.99,85.20,42.38
852.41,0,,75.58,42.29,2,-1,75.88,27.23,15.99,85.08,42.26
852.53,0,,75.68,42.30,0,1,75.82,27.16,15.97,84.99,42.21
852.68,0,,75.72,42.27,0,1,75.33,27.21,15.97,85.04,42.26
852.77,0,,75.66,42.25,0,1,75.84,27.29,16.03,85.18,42.28
852.83,0,,75.66,42.26,0,1,75.76,27.35,16.06,85.27,42.31
853.01,0,,75.76,42.30,0,1,76.05,27.40,15.98,85.24,42.44
853.01,0,,75.79,42.36,0,1,75.18,27.26,15.92,85.04,42.36
853.13,0,,75.61,42.36,0,1,75.32,27.09,15.92,84.87,42.19
853.28,0,,75.39,42.30,1,0,75.32,27.13,15.88,84.87,42.27
853.31,0,,75.29,42.27,2,-1,75.28,27.21,15.86,84.93,42.37
853.43,0,,75.31,42.31,4,-2,75.67,27.24,15.86,84.96,42.40
853.52,0,,75.41,42.36,4,-2,75.32,27.22,15.79,84.87,42.45
853.61,0,,75.48,42.40,4,-2,75.67,27.07,15.76,84.69,42.33
853.76,0,,75.58,42.39,2,-1,75.85,26.98,15.72,84.56,42.28
853.82,0,,75.72,42.35,2,-1,75.81,27.06,15.64,84.56,42.44
853.94,0,,75.79,42.37,1,0,75.64,27.09,15.67,84.62,42.44
854.03,0,,75.76,42.39,1,0,75.74,27.08,15.74,84.68,42.36
854.12,0,,75.74,42.40,0,2,75.81,27.12,15.68,84.66,42.46
854.21,0,,75.75,42.42,0,2,75.75,27.06,15.61,84.53,42.47
854.33,0,,75.79,42.43,0,2,75.94,26.98,15.67,84.51,42.33
854.42,0,,75.86,42.41,0,2,75.97,27.07,15.64,84.57,42.45
854.51,0,,75.98,42.41,0,2,76.35,27.11,15.62,84.59,42.51
854.63,0,,76.08,42.44,0,2,75.78,27.08,15.67,84.61,42.43
854.78,0,,75.96,42.45,0,2,75.28,27.10,15.66,84.62,42.46
854.81,0,,75.71,42.45,0,1,75.88,27.07,15.66,84.59,42.43
854.93,0,,75.62,42.45,0,1,75.61,27.09,15.59,84.54,42.52
855.08,0,,75.65,42.48,2,-1,75.78,27.14,15.59,84.59,42.57
855.11,0,,75.72,42.52,2,-1,75.90,27.19,15.65,84.70,42.56
855.26,0,,75.79,42.57,2,-1,75.69,27.28,15.64,84.78,42.66
855.38,0,,75.82,42.61,2,-1,75.92,27.27,15.64,84.77,42.65
855.41,0,,75.79,42.63,2,-1,75.47,27.21,15.64,84.71,42.59
855.53,0,,75.69,42.61,2,-1,75.61,27.15,15.70,84.71,42.47
855.62,0,,75.61,42.55,2,-1,75.68,27.22,15.72,84.80,42.52
855.77,0,,75.65,42.53,1,0,75.96,27.39,15.72,84.97,42.69
855.83,0,,75.75,42.58,0,1,75.66,27.41,15.80,85.07,42.63
855.92,0,,75.78,42.64,0,1,75.75,27.42,15.72,85.00,42.72
856.01,0,,75.79,42.69,2,-1,75.95,27.39,15.65,84.90,42.76
856.13,0,,75.88,42.72,2,-1,76.21,27.33,15.72,84.91,42.63
856.31,0,,76.00,42.71,0,1,75.86,27.41,15.70,84.97,42.73
856.31,0,,76.00,42.72,0,2,75.81,27.51,15.68,85.05,42.85
856.43,0,,75.89,42.77,0,2,75.70,27.57,15.70,85.13,42.89
856.52,0,,75.83,42.84,0,1,76.09,27.50,15.68,85.04,42.84
856.61,0,,75.89,42.85,1,0,76.02,27.41,15.66,84.93,42.77
856.76,0,,75.93,42.82,1,0,75.60,27.43,15.64,84.93,42.81
856.82,0,,75.89,42.80,1,0,76.14,27.48,15.66,85.00,42.84
856.91,0,,75.91,42.82,1,0,75.88,27.59,15.66,85.11,42.95
857.03,0,,75.93,42.89,1,0,75.86,27.65,15.67,85.18,43.00
857.18,0,,75.89,42.95,1,0,75.81,27.64,15.70,85.20,42.96
857.21,0,,75.81,42.97,1,0,75.51,27.60,15.68,85.14,42.94
857.33,0,,75.70,42.96,2,-1,75.74,27.53,15.68,85.07,42.87
857.42,0,,75.64,42.92,2,-1,75.61,27.62,15.69,85.17,42.95
857.51,0,,75.61,42.93,4,-2,75.47,27.72,15.67,85.25,43.07
857.63,0,,75.60,42.98,4,-2,75.89,27.72,15.70,85.28,43.04
857.78,0,,75.66,43.03,4,-2,75.63,27.76,15.70,85.32,43.08
857.81,0,,75.73,43.07,2,-1,75.87,27.77,15.68,85.31,43.11
857.93,0,,75.79,43.10,1,0,75.84,27.78,15.67,85.31,43.13
858.11,0,,75.87,43.13,1,0,76.11,27.86,15.64,85.36,43.24
858.11,0,,75.93,43.19,1,0,75.74,27.94,15.69,85.49,43.27
858.29,0,,75.91,43.24,0,2,75.80,28.04,15.75,85.65,43.31
858.38,0,,75.88,43.29,0,2,76.12,28.06,15.74,85.66,43.34
858.41,0,,75.92,43.31,0,2,75.88,27.97,15.71,85.54,43.28
858.53,0,,75.95,43.31,0,2,75.91,27.95,15.70,85.51,43.27
858.68,0,,75.92,43.30,0,1,75.83,28.03,15.69,85.58,43.36
858.71,0,,75.94,43.33,0,1,76.36,28.16,15.71,85.73,43.47
858.83,0,,76.03,43.40,0,1,75.82,28.23,15.75,85.84,43.50
859.01,0,,75.95,43.46,1,0,75.37,28.16,15.74,85.76,43.44
859.01,0,,75.76,43.46,1,0,75.93,28.06,15.70,85.62,43.38
859.13,0,,75.69,43.42,2,-1,75.65,28.03,15.69,85.58,43.36
859.28,0,,75.71,43.38,2,-1,75.83,28.05,15.69,85.60,43.38
859.31,0,,75.75,43.38,2,-1,75.78,28.16,15.69,85.71,43.49
859.43,0,,75.77,43.44,2,-1,75.67,28.30,15.66,85.82,43.66
859.52,0,,75.76,43.54,2,-1,75.87,28.24,15.65,85.75,43.61
859.61,0,,75.75,43.60,2,-1,75.59,28.15,15.64,85.65,43.53
859.76,0,,75.71,43.58,2,-1,75.70,28.11,15.65,85.62,43.48
859.82,0,,75.67,43.53,1,0,75.58,28.13,15.64,85.63,43.51
859.91,0,,75.68,43.51,1,0,76.00,28.23,15.64,85.73,43.61
860.03,0,,75.76,43.55,1,0,75.73,28.31,15.67,85.84,43.66
860.12,0,,75.80,43.61,1,0,75.73,28.30,15.62,85.78,43.70
860.21,0,,75.77,43.67,1,0,75.68,28.25,15.58,85.69,43.69
860.33,0,,75.69,43.67,2,-1,75.47,28.14,15.64,85.64,43.52
860.42,0,,75.61,43.61,2,-1,75.66,28.11,15.62,85.59,43.51
860.51,0,,75.58,43.56,2,-1,75.59,28.22,15.56,85.64,43.68
860.63,0,,75.63,43.60,2,-1,75.94,28.37,15.63,85.86,43.76
860.78,0,,75.69,43.67,2,-1,75.36,28.35,15.70,85.91,43.67
860.81,0,,75.67,43.69,2,-1,75.82,28.22,15.67,85.75,43.57
860.93,0,,75.65,43.64,2,-1,75.59,28.18,15.66,85.70,43.54
861.02,0,,75.64,43.58,2,-1,75.53,28.22,15.64,85.72,43.60
861.11,0,,75.59,43.58,2,-1,75.60,28.33,15.65,85.84,43.70
861.26,0,,75.57,43.65,2,-1,75.52,28.51,15.68,86.05,43.85
861.32,0,,75.58,43.75,2,-1,75.76,28.44,15.64,85.94,43.82
861.41,0,,75.62,43.80,2,-1,75.61,28.31,15.64,85.81,43.69
861.53,0,,75.65,43.76,2,-1,75.62,28.30,15.67,85.83,43.65
861.62,0,,75.65,43.69,2,-1,75.70,28.27,15.65,85.78,43.64
861.71,0,,75.67,43.65,2,-1,75.73,28.31,15.66,85.83,43.67
861.83,0,,75.68,43.65,1,0,75.59,28.39,15.70,85.95,43.71
861.92,0,,75.61,43.67,1,0,75.24,28.38,15.72,85.96,43.68
862.01,0,,75.52,43.68,1,0,75.80,28.32,15.70,85.88,43.64
862.13,0,,75.51,43.67,1,0,75.40,28.30,15.66,85.82,43.66
862.28,0,,75.56,43.66,1,0,75.82,28.28,15.61,85.75,43.69
862.31,0,,75.66,43.67,1,0,75.86,28.31,15.61,85.78,43.72
862.43,0,,75.73,43.69,1,0,75.40,28.39,15.66,85.91,43.75
862.52,0,,75.68,43.71,1,0,75.79,28.36,15.72,85.94,43.66
862.61,0,,75.63,43.69,1,0,75.45,28.26,15.70,85.82,43.58
862.76,0,,75.59,43.63,1,0,75.60,28.20,15.68,85.74,43.54
862.82,0,,75.51,43.57,1,0,75.20,28.19,15.67,85.72,43.54
862.91,0,,75.42,43.54,1,0,75.52,28.24,15.65,85.75,43.61
863.03,0,,75.43,43.57,1,0,75.74,28.32,15.69,85.87,43.65
863.12,0,,75.59,43.61,1,0,75.94,28.33,15.71,85.90,43.64
863.21,0,,75.77,43.63,1,0,75.79,28.26,15.66,85.78,43.62
863.33,0,,75.80,43.63,1,0,75.44,28.24,15.65,85.75,43.61
863.42,0,,75.72,43.62,1,0,75.86,28.27,15.67,85.80,43.62
863.51,0,,75.68,43.61,1,0,75.57,28.30,15.71,85.87,43.61
863.63,0,,75.63,43.61,1,0,75.40,28.40,15.74,86.00,43.68
863.78,0,,75.53,43.65,1,0,75.54,28.47,15.72,86.05,43.77
863.81,0,,75.46,43.70,1,0,75.27,28.38,15.70,85.94,43.70
863.93,0,,75.44,43.73,1,0,75.81,28.35,15.65,85.86,43.72
864.02,0,,75.50,43.73,2,-1,75.35,28.34,15.64,85.84,43.72
864.11,0,,75.53,43.70,1,0,75.63,28.29,15.73,85.88,43.58
864.26,0,,75.54,43.66,1,0,75.52,28.43,15.74,86.03,43.71
864.32,0,,75.56,43.67,1,0,75.64,28.51,15.69,86.06,43.84
864.41,0,,75.61,43.72,1,0,75.80,28.35,15.71,85.92,43.66
864.53,0,,75.67,43.71,1,0,75.50,28.23,15.71,85.80,43.54
864.68,0,,75.66,43.63,1,0,75.69,28.24,15.71,85.81,43.55
864.71,0,,75.59,43.57,1,0,75.30,28.28,15.72,85.86,43.58
864.83,0,,75.54,43.56,1,0,75.79,28.37,15.72,85.95,43.67
864.92,0,,75.54,43.61,1,0,75.43,28.47,15.72,86.05,43.77
865.01,0,,75.61,43.68,1,0,76.03,28.36,15.72,85.94,43.66
865.13,0,,75.71,43.68,1,0,75.55,28.23,15.73,85.82,43.52
865.28,0,,75.74,43.62,0,1,75.72,28.27,15.70,85.83,43.59
865.31,0,,75.71,43.58,1,0,75.72,28.29,15.68,85.83,43.63
865.43,0,,75.75,43.60,1,0,76.01,28.39,15.70,85.95,43.71
865.52,0,,75.81,43.66,1,0,75.64,28.47,15.73,86.06,43.76
865.61,0,,75.82,43.70,1,0,75.86,28.33,15.74,85.93,43.61
865.76,0,,75.77,43.66,1,0,75.57,28.21,15.74,85.81,43.49
865.82,0,,75.70,43.59,1,0,75.66,28.25,15.69,85.80,43.58
865.91,0,,75.65,43.56,1,0,75.68,28.27,15.68,85.81,43.61
866.03,0,,75.64,43.56,1,0,75.64,28.30,15.77,85.93,43.55
866.12,0,,75.65,43.57,1,0,75.70,28.39,15.81,86.06,43.60
866.21,0,,75.67,43.57,1,0,75.68,28.35,15.79,86.00,43.58
866.33,0,,75.66,43.56,1,0,75.55,28.22,15.78,85.86,43.46
866.42,0,,75.64,43.52,1,0,75.69,28.26,15.78,85.90,43.50
866.51,0,,75.61,43.50,2,-1,75.46,28.28,15.76,85.90,43.54
866.66,0,,75.52,43.50,2,-1,75.17,28.28,15.81,85.95,43.49
866.78,0,,75.35,43.51,2,-1,75.18,28.37,15.85,86.08,43.54
866.81,0,,75.23,43.52,4,-2,75.32,28.37,15.81,86.04,43.58
866.96,0,,75.31,43.54,4,-2,75.93,28.30,15.78,85.94,43.54
867.02,0,,75.52,43.54,4,-2,75.48,28.27,15.81,85.94,43.48
867.11,0,,75.62,43.49,1,0,75.55,28.17,15.86,85.89,43.33
867.26,0,,75.62,43.42,1,0,75.65,28.21,15.87,85.94,43.36
867.32,0,,75.68,43.39,1,0,76.06,28.40,15.84,86.10,43.58
867.41,0,,75.76,43.45,0,1,75.42,28.39,15.85,86.10,43.56
867.53,0,,75.70,43.50,0,2,75.56,28.24,15.88,85.98,43.38
867.62,0,,75.62,43.47,0,2,75.72,28.21,15.85,85.92,43.38
867.71,0,,75.60,43.41,0,2,75.48,28.14,15.82,85.82,43.34
867.83,0,,75.59,43.36,0,1,75.69,28.15,15.84,85.85,43.33
867.92,0,,75.55,43.35,1,0,75.20,28.32,15.89,86.07,43.45
868.01,0,,75.46,43.37,1,0,75.52,28.30,15.94,86.10,43.38
868.16,0,,75.44,43.39,2,-1,75.60,28.26,15.87,85.99,43.41
868.28,0,,75.58,43.42,2,-1,76.19,28.34,15.81,86.01,43.55
868.31,0,,75.82,43.46,1,0,75.88,28.28,15.86,86.00,43.44
868.43,0,,75.95,43.47,0,1,75.79,28.25,15.87,85.98,43.40
868.52,0,,75.90,43.45,0,1,75.71,28.36,15.89,86.11,43.49
868.61,0,,75.80,43.45,0,1,75.70,28.40,15.94,86.20,43.48
868.76,0,,75.76,43.45,0,1,76.00,28.30,15.95,86.11,43.37
868.83,0,,75.80,43.43,0,1,75.77,28.33,15.91,86.10,43.44
868.94,0,,75.78,43.42,0,2,75.35,28.33,15.91,86.10,43.44
869.06,0,,75.62,43.41,1,0,75.54,28.25,15.93,86.04,43.34
869.15,0,,75.53,43.42,0,1,75.68,28.49,15.91,86.26,43.60
869.21,0,,75.55,43.48,1,0,75.57,28.58,15.97,86.41,43.63
869.33,0,,75.67,43.55,1,0,76.24,28.43,15.99,86.28,43.46
869.45,0,,75.85,43.56,2,-1,75.80,28.49,15.90,86.25,43.61
869.54,0,,75.96,43.56,0,1,76.03,28.41,15.88,86.15,43.55
869.63,0,,75.93,43.54,0,1,75.53,28.32,15.91,86.09,43.43
869.78,0,,75.77,43.50,0,1,75.50,28.44,15.93,86.23,43.53
869.81,0,,75.61,43.49,1,0,75.60,28.53,15.96,86.35,43.59
869.93,0,,75.55,43.53,1,0,75.62,28.51,15.95,86.32,43.58
870.02,0,,75.61,43.56,1,0,75.92,28.44,15.92,86.22,43.54
870.11,0,,75.73,43.55,1,0,75.77,28.37,15.89,86.12,43.50
870.26,0,,75.78,43.52,1,0,75.62,28.33,15.89,86.08,43.46
870.32,0,,75.70,43.49,1,0,75.35,28.41,15.92,86.19,43.51
870.44,0,,75.62,43.49,2,-1,76.09,28.53,15.94,86.33,43.61
870.53,0,,75.66,43.54,1,0,75.40,28.52,15.96,86.34,43.58
870.62,0,,75.66,43.56,1,0,75.70,28.46,15.95,86.27,43.53
870.71,0,,75.66,43.55,1,0,75.79,28.37,15.92,86.15,43.47
870.83,0,,75.75,43.52,1,0,76.08,28.37,15.86,86.09,43.53
870.92,0,,75.88,43.52,1,0,75.80,28.47,15.85,86.18,43.64
871.01,0,,75.93,43.56,1,0,75.94,28.48,15.93,86.27,43.57
871.13,0,,75.88,43.58,0,1,75.52,28.48,15.92,86.26,43.58
871.28,0,,75.76,43.59,0,1,75.72,28.47,15.88,86.21,43.61
871.31,0,,75.71,43.59,0,1,75.98,28.42,15.89,86.17,43.55
871.43,0,,75.75,43.57,0,1,75.52,28.38,15.92,86.16,43.48
871.52,0,,75.75,43.53,1,0,75.90,28.47,15.94,86.27,43.55
871.61,0,,75.77,43.54,1,0,75.85,28.63,15.95,86.44,43.70
871.76,0,,75.80,43.59,1,0,75.68,28.60,16.02,86.48,43.60
871.85,0,,75.76,43.61,1,0,75.64,28.49,15.99,86.34,43.52
871.91,0,,75.69,43.58,1,0,75.60,28.45,15.93,86.24,43.54
872.03,0,,75.65,43.55,1,0,75.78,28.48,15.93,86.27,43.57
872.12,0,,75.70,43.57,2,-1,75.92,28.63,15.92,86.41,43.73
872.21,0,,75.84,43.64,1,0,76.14,28.69,15.97,86.52,43.74
872.33,0,,75.98,43.69,0,1,75.93,28.58,15.96,86.40,43.64
872.42,0,,75.96,43.69,0,1,75.46,28.53,15.91,86.30,43.64
872.51,0,,75.82,43.64,1,0,76.02,28.44,15.95,86.25,43.51
872.63,0,,75.76,43.56,1,0,75.56,28.35,15.95,86.16,43.42
872.78,0,,75.69,43.49,1,0,75.55,28.44,15.95,86.25,43.51
872.81,0,,75.59,43.48,1,0,75.48,28.59,15.97,86.42,43.64
872.93,0,,75.58,43.55,1,0,75.95,28.64,15.97,86.47,43.69
873.02,0,,75.69,43.62,2,-1,75.86,28.52,15.96,86.34,43.58
873.11,0,,75.79,43.61,1,0,75.59,28.40,15.96,86.22,43.46
873.26,0,,75.71,43.54,1,0,75.33,28.37,15.95,86.18,43.44
873.35,0,,75.62,43.48,1,0,76.04,28.44,15.93,86.23,43.53
873.41,0,,75.69,43.50,1,0,75.79,28.57,15.94,86.37,43.65
873.53,0,,75.82,43.56,1,0,75.99,28.58,15.96,86.40,43.64
873.62,0,,75.87,43.61,1,0,75.61,28.52,15.95,86.33,43.59
873.77,0,,75.82,43.60,1,0,75.81,28.41,15.96,86.23,43.47
873.83,0,,75.82,43.54,1,0,76.12,28.35,15.95,86.16,43.42
873.92,0,,75.92,43.48,1,0,76.03,28.48,15.93,86.27,43.57
874.01,0,,75.98,43.50,0,1,75.76,28.60,15.97,86.43,43.65
874.13,0,,75.91,43.56,0,2,75.71,28.62,16.03,86.51,43.61
874.28,0,,75.79,43.61,0,1,75.66,28.61,16.02,86.49,43.61
874.31,0,,75.68,43.62,1,0,75.55,28.57,15.97,86.40,43.62
874.43,0,,75.59,43.61,0,1,75.53,28.52,15.99,86.37,43.55
874.52,0,,75.61,43.57,1,0,76.05,28.54,16.04,86.44,43.52
874.61,0,,75.73,43.57,2,-1,75.68,28.71,16.00,86.57,43.73
874.76,0,,75.80,43.63,2,-1,75.84,28.75,15.97,86.58,43.80
874.82,0,,75.85,43.71,2,-1,76.05,28.65,16.00,86.51,43.67
874.91,0,,75.93,43.72,1,0,75.98,28.62,15.97,86.45,43.67
875.03,0,,76.00,43.69,0,1,76.02,28.53,15.95,86.34,43.60
875.15,0,,76.03,43.64,0,1,76.06,28.54,15.96,86.36,43.60
875.21,0,,76.07,43.62,0,1,76.26,28.65,15.96,86.47,43.71
875.33,0,,76.11,43.63,0,2,75.93,28.65,16.03,86.54,43.64
875.45,0,,76.03,43.65,0,2,75.58,28.64,16.02,86.52,43.64
875.51,0,,75.84,43.64,0,1,75.81,28.57,15.97,86.40,43.62
875.63,0,,75.73,43.62,0,1,75.67,28.54,15.97,86.37,43.59
875.81,0,,75.71,43.61,1,0,75.84,28.57,15.96,86.39,43.63
875.81,0,,75.70,43.61,1,0,75.47,28.62,15.96,86.44,43.68
875.93,0,,75.67,43.65,4,-2,75.81,28.72,16.01,86.59,43.73
876.02,0,,75.64,43.70,4,-2,75.43,28.76,16.00,86.62,43.78
876.11,0,,75.56,43.72,4,-2,75.33,28.60,16.00,86.46,43.62
876.26,0,,75.50,43.67,4,-2,75.89,28.49,16.04,86.39,43.47
876.32,0,,75.64,43.58,4,-2,76.05,28.53,16.01,86.40,43.54
876.41,0,,75.87,43.53,2,-1,76.04,28.58,16.00,86.44,43.60
876.53,0,,76.00,43.54,2,-1,75.86,28.63,16.03,86.52,43.62
876.62,0,,75.90,43.58,2,-1,75.23,28.66,16.05,86.57,43.63
876.71,0,,75.69,43.61,0,1,75.84,28.60,16.02,86.48,43.60
876.83,0,,75.61,43.60,0,1,75.67,28.51,16.00,86.37,43.53
876.92,0,,75.62,43.56,0,1,75.53,28.50,16.02,86.38,43.50
877.01,0,,75.60,43.53,1,0,75.52,28.61,16.08,86.55,43.55
877.13,0,,75.62,43.53,2,-1,76.02,28.72,16.10,86.68,43.64
877.28,0,,75.75,43.58,2,-1,75.85,28.74,16.08,86.68,43.68
877.31,0,,75.84,43.63,2,-1,75.70,28.64,16.08,86.58,43.58
877.43,0,,75.86,43.62,1,0,76.04,28.60,16.08,86.54,43.54
877.52,0,,75.89,43.59,2,-1,75.83,28.63,16.03,86.52,43.62
877.61,0,,75.88,43.57,2,-1,75.73,28.57,16.09,86.52,43.50
877.76,0,,75.90,43.55,0,1,76.41,28.69,16.14,86.69,43.57
877.82,0,,76.02,43.58,0,1,75.90,28.85,16.03,86.74,43.84
877.91,0,,76.00,43.65,0,1,75.47,28.64,16.07,86.57,43.59
878.03,0,,75.84,43.65,0,1,76.00,28.55,16.13,86.54,43.44
878.12,0,,75.77,43.59,0,1,75.63,28.68,16.03,86.57,43.67
878.21,0,,75.69,43.57,1,0,75.41,28.62,16.04,86.52,43.60
878.33,0,,75.58,43.57,1,0,75.62,28.61,16.15,86.62,43.48
878.42,0,,75.52,43.55,1,0,75.44,28.72,16.14,86.72,43.60
878.51,0,,75.48,43.54,4,-2,75.39,28.61,16.13,86.60,43.50
878.63,0,,75.49,43.52,4,-2,75.87,28.57,16.15,86.58,43.44
878.78,0,,75.58,43.50,4,-2,75.51,28.66,16.07,86.59,43.61
878.81,0,,75.67,43.52,4,-2,75.90,28.61,16.07,86.54,43.56
878.93,0,,75.71,43.55,2,-1,75.51,28.67,16.13,86.66,43.56
879.02,0,,75.67,43.57,1,0,75.52,28.75,16.13,86.74,43.64
879.11,0,,75.60,43.59,1,0,75.69,28.63,16.13,86.62,43.52
879.26,0,,75.63,43.55,2,-1,75.87,28.54,16.16,86.56,43.40
879.38,0,,75.71,43.48,0,1,75.66,28.54,16.13,86.53,43.43
879.41,0,,75.77,43.43,0,1,75.93,28.56,16.10,86.52,43.48
879.53,0,,75.77,43.44,0,1,75.42,28.62,16.16,86.64,43.48
879.62,0,,75.67,43.47,0,1,75.57,28.76,16.20,86.82,43.58
879.71,0,,75.57,43.52,1,0,75.59,28.71,16.18,86.75,43.55
879.83,0,,75.56,43.53,2,-1,75.68,28.58,16.16,86.60,43.44
879.95,0,,75.61,43.50,1,0,75.66,28.61,16.16,86.63,43.47
880.01,0,,75.57,43.45,1,0,75.09,28.53,16.21,86.60,43.34
880.13,0,,75.42,43.40,2,-1,75.40,28.53,16.20,86.59,43.35
880.28,0,,75.37,43.39,4,-2,75.70,28.78,16.17,86.81,43.63
880.31,0,,75.52,43.47,4,-2,75.96,28.75,16.18,86.79,43.59
880.43,0,,75.66,43.53,2,-1,75.18,28.54,16.16,86.56,43.40
880.52,0,,75.61,43.49,2,-1,75.67,28.47,16.16,86.49,43.33
880.61,0,,75.55,43.40,2,-1,75.51,28.45,16.19,86.50,43.28
880.76,0,,75.50,43.32,1,0,75.26,28.50,16.22,86.58,43.30
880.82,0,,75.40,43.28,2,-1,75.33,28.57,16.27,86.70,43.32
880.91,0,,75.32,43.29,1,0,75.23,28.57,16.26,86.69,43.33
881.03,0,,75.31,43.30,1,0,75.62,28.51,16.21,86.58,43.32
881.12,0,,75.41,43.32,1,0,75.53,28.54,16.22,86.62,43.34
881.21,0,,75.46,43.32,2,-1,75.19,28.54,16.27,86.67,43.29
881.33,0,,75.45,43.31,2,-1,75.71,28.54,16.27,86.67,43.29
881.45,0,,75.53,43.32,2,-1,75.84,28.71,16.26,86.83,43.47
881.51,0,,75.71,43.37,2,-1,75.89,28.75,16.31,86.92,43.46
881.63,0,,75.81,43.42,0,2,75.62,28.63,16.29,86.78,43.36
881.78,0,,75.73,43.41,0,2,75.33,28.59,16.27,86.72,43.34
881.81,0,,75.54,43.36,0,2,75.30,28.56,16.35,86.77,43.23
881.93,0,,75.39,43.30,1,0,75.53,28.64,16.32,86.82,43.34
882.05,0,,75.38,43.31,1,0,75.42,28.81,16.30,86.97,43.53
882.11,0,,75.42,43.39,1,0,75.47,28.85,16.42,87.13,43.45
882.26,0,,75.44,43.44,1,0,75.40,28.80,16.43,87.09,43.39
882.32,0,,75.45,43.44,1,0,75.51,28.79,16.38,87.03,43.43
882.41,0,,75.48,43.43,1,0,75.59,28.79,16.38,87.03,43.43
882.53,0,,75.51,43.42,2,-1,75.41,28.73,16.38,86.97,43.37
882.62,0,,75.48,43.40,2,-1,75.37,28.75,16.38,86.99,43.39
882.71,0,,75.46,43.40,1,0,75.68,28.89,16.41,87.16,43.50
882.83,0,,75.55,43.43,1,0,75.80,28.87,16.45,87.18,43.44
882.92,0,,75.61,43.43,1,0,75.24,28.72,16.41,86.99,43.33
883.01,0,,75.49,43.39,1,0,75.12,28.66,16.39,86.91,43.29
883.13,0,,75.28,43.32,1,0,75.07,28.64,16.41,86.91,43.25
883.28,0,,75.16,43.28,1,0,75.39,28.69,16.39,86.94,43.32
883.31,0,,75.25,43.29,1,0,75.71,28.81,16.38,87.05,43.45
883.43,0,,75.43,43.37,1,0,75.41,28.85,16.36,87.07,43.51
883.52,0,,75.53,43.43,1,0,75.56,28.71,16.38,86.95,43.35
883.61,0,,75.51,43.41,2,-1,75.19,28.60,16.35,86.81,43.27
883.76,0,,75.38,43.34,1,0,75.17,28.54,16.26,86.66,43.30
883.83,0,,75.26,43.30,1,0,75.31,28.53,16.25,86.64,43.30
883.91,0,,75.19,43.28,2,-1,75.02,28.57,16.28,86.71,43.31
884.03,0,,75.15,43.28,2,-1,75.22,28.51,16.29,86.66,43.24
884.12,0,,75.19,43.26,2,-1,75.56,28.45,16.24,86.55,43.23
884.21,0,,75.36,43.24,2,-1,75.62,28.46,16.21,86.53,43.27
884.33,0,,75.56,43.24,2,-1,75.84,28.45,16.24,86.55,43.23
884.42,0,,75.68,43.24,0,1,75.43,28.49,16.26,86.61,43.25
884.51,0,,75.67,43.24,0,2,75.68,28.57,16.34,86.77,43.25
884.63,0,,75.58,43.23,0,2,75.22,28.54,16.36,86.76,43.20
884.78,0,,75.47,43.20,0,2,75.53,28.40,16.33,86.59,43.09
884.81,0,,75.48,43.15,0,2,75.90,28.39,16.33,86.58,43.08
884.93,0,,75.61,43.11,0,2,75.56,28.44,16.25,86.55,43.21
885.02,0,,75.66,43.13,1,0,75.53,28.45,16.27,86.58,43.20
885.11,0,,75.64,43.18,1,0,75.80,28.63,16.38,86.87,43.27
885.26,0,,75.59,43.23,1,0,75.05,28.66,16.39,86.91,43.29
885.33,0,,75.44,43.25,1,0,75.44,28.47,16.37,86.70,43.12
885.41,0,,75.35,43.20,1,0,75.48,28.43,16.37,86.66,43.08
885.53,0,,75.38,43.14,2,-1,75.37,28.49,16.32,86.67,43.19
885.63,0,,75.48,43.14,2,-1,75.98,28.55,16.30,86.71,43.27
885.71,0,,75.66,43.21,2,-1,75.76,28.67,16.35,86.88,43.34
885.83,0,,75.76,43.29,1,0,75.50,28.67,16.35,86.88,43.34
885.92,0,,75.69,43.33,0,1,75.59,28.59,16.30,86.75,43.31
886.01,0,,75.65,43.32,0,1,75.92,28.54,16.34,86.74,43.22
886.13,0,,75.64,43.28,0,1,75.16,28.52,16.28,86.66,43.26
886.28,0,,75.52,43.26,1,0,75.48,28.57,16.24,86.67,43.35
886.31,0,,75.45,43.29,1,0,75.65,28.67,16.34,86.87,43.35
886.43,0,,75.55,43.33,0,1,75.91,28.66,16.30,86.82,43.38
886.55,0,,75.67,43.37,1,0,75.42,28.60,16.22,86.68,43.40
886.61,0,,75.64,43.36,1,0,75.48,28.49,16.32,86.67,43.19
886.76,0,,75.58,43.29,1,0,75.80,28.43,16.33,86.62,43.12
886.82,0,,75.63,43.22,1,0,75.71,28.59,16.26,86.71,43.35
886.91,0,,75.68,43.24,0,1,75.64,28.72,16.37,86.95,43.37
887.03,0,,75.72,43.30,1,0,75.91,28.71,16.38,86.95,43.35
887.12,0,,75.78,43.35,1,0,75.79,28.65,16.27,86.78,43.40
887.21,0,,75.82,43.37,1,0,75.81,28.55,16.28,86.69,43.29
887.33,0,,75.83,43.34,0,1,75.85,28.52,16.28,86.66,43.26
887.42,0,,75.81,43.31,0,1,75.65,28.62,16.27,86.75,43.37
887.51,0,,75.77,43.31,0,1,75.81,28.69,16.33,86.88,43.38
887.63,0,,75.74,43.34,0,1,75.70,28.64,16.33,86.83,43.33
887.78,0,,75.71,43.35,0,1,75.53,28.59,16.27,86.72,43.34
887.81,0,,75.65,43.34,0,1,75.73,28.57,16.25,86.68,43.34
887.93,0,,75.70,43.33,0,1,76.13,28.50,16.24,86.60,43.28
888.02,0,,75.82,43.31,0,1,75.57,28.57,16.23,86.66,43.36
888.11,0,,75.85,43.33,1,0,76.01,28.67,16.25,86.78,43.44
888.26,0,,75.87,43.37,0,1,75.89,28.63,16.26,86.75,43.39
888.32,0,,75.87,43.38,0,1,75.66,28.53,16.27,86.66,43.28
888.41,0,,75.83,43.33,0,1,75.91,28.47,16.27,86.60,43.22
888.53,0,,75.79,43.27,0,1,75.61,28.46,16.24,86.56,43.24
888.62,0,,75.70,43.24,0,1,75.45,28.57,16.23,86.66,43.36
888.71,0,,75.65,43.30,0,1,76.09,28.69,16.24,86.79,43.47
888.83,0,,75.76,43.37,0,1,75.89,28.58,16.23,86.67,43.37
888.92,0,,75.81,43.38,0,1,75.31,28.45,16.27,86.58,43.20
889.01,0,,75.68,43.32,1,0,75.66,28.49,16.27,86.62,43.24
889.13,0,,75.58,43.26,1,0,75.59,28.53,16.20,86.59,43.35
889.28,0,,75.63,43.29,1,0,76.08,28.63,16.22,86.71,43.43
889.31,0,,75.83,43.37,1,0,76.18,28.74,16.25,86.85,43.51
889.43,0,,75.98,43.44,1,0,75.57,28.66,16.27,86.79,43.41
889.52,0,,75.90,43.44,1,0,75.67,28.57,16.30,86.73,43.29
889.61,0,,75.75,43.37,1,0,75.71,28.55,16.28,86.69,43.29
889.76,0,,75.73,43.31,1,0,76.06,28.59,16.27,86.72,43.34
889.82,0,,75.81,43.31,1,0,75.78,28.67,16.28,86.81,43.41
889.91,0,,75.90,43.36,0,1,76.16,28.76,16.29,86.91,43.49
890.03,0,,75.98,43.42,0,1,75.94,28.70,16.28,86.84,43.44
890.12,0,,76.02,43.44,0,1,75.97,28.59,16.26,86.71,43.35
890.21,0,,76.00,43.41,0,1,75.96,28.59,16.24,86.69,43.37
890.30,0,,75.94,43.37,1,0,75.74,28.55,16.25,86.66,43.32
890.42,0,,75.88,43.34,1,0,75.99,28.57,16.26,86.69,43.33
890.51,0,,75.85,43.33,1,0,75.69,28.64,16.27,86.77,43.39
890.60,0,,75.83,43.34,1,0,75.92,28.55,16.31,86.72,43.26
890.78,0,,75.84,43.31,1,0,75.93,28.54,16.29,86.69,43.27
890.84,0,,75.85,43.28,1,0,75.59,28.54,16.25,86.65,43.31
890.90,0,,75.76,43.26,2,-1,75.63,28.45,16.28,86.59,43.19
891.02,0,,75.68,43.24,2,-1,75.75,28.50,16.30,86.66,43.22
891.14,0,,75.67,43.23,2,-1,75.66,28.64,16.29,86.79,43.37
891.20,0,,75.69,43.27,2,-1,75.81,28.57,16.33,86.76,43.26
891.32,0,,75.77,43.27,2,-1,76.05,28.45,16.29,86.60,43.18
891.41,0,,75.88,43.25,1,0,75.82,28.49,16.20,86.55,43.31
891.53,0,,75.87,43.24,1,0,75.56,28.44,16.25,86.55,43.21
891.62,0,,75.78,43.22,1,0,75.89,28.46,16.33,86.65,43.15
891.71,0,,75.76,43.21,1,0,75.81,28.66,16.29,86.81,43.39
891.80,0,,75.80,43.26,1,0,75.86,28.64,16.33,86.83,43.33
891.92,0,,75.78,43.29,0,1,75.42,28.48,16.38,86.72,43.12
892.01,0,,75.70,43.25,1,0,75.88,28.55,16.30,86.71,43.27
892.10,0,,75.63,43.22,1,0,75.19,28.50,16.30,86.66,43.22
892.28,0,,75.51,43.21,2,-1,75.49,28.52,16.37,86.75,43.17
892.31,0,,75.45,43.22,2,-1,75.71,28.75,16.34,86.95,43.43
892.43,0,,75.57,43.29,2,-1,75.89,28.68,16.35,86.89,43.35
892.52,0,,75.69,43.33,2,-1,75.47,28.55,16.35,86.76,43.22
892.61,0,,75.70,43.30,2,-1,75.74,28.58,16.33,86.77,43.27
892.76,0,,75.68,43.26,2,-1,75.73,28.54,16.32,86.72,43.24
892.82,0,,75.67,43.23,2,-1,75.47,28.51,16.34,86.71,43.19
892.91,0,,75.66,43.22,2,-1,75.97,28.65,16.39,86.90,43.28
893.03,0,,75.74,43.25,1,0,75.85,28.74,16.36,86.96,43.40
893.12,0,,75.87,43.32,0,1,76.12,28.69,16.28,86.83,43.43
893.21,0,,75.94,43.39,0,2,75.64,28.64,16.29,86.79,43.37
893.34,0,,75.92,43.39,0,2,76.06,28.58,16.33,86.77,43.27
893.42,0,,75.92,43.34,0,1,76.02,28.59,16.32,86.77,43.29
893.51,0,,75.97,43.33,0,2,75.91,28.80,16.30,86.96,43.52
893.63,0,,76.01,43.39,0,2,76.26,28.84,16.34,87.04,43.52
893.78,0,,76.06,43.45,0,2,75.87,28.72,16.38,86.96,43.36
893.81,0,,76.01,43.44,0,2,75.78,28.66,16.35,86.87,43.33
893.93,0,,75.89,43.37,0,1,75.81,28.61,16.33,86.80,43.30
894.02,0,,75.83,43.32,0,1,75.91,28.62,16.32,86.80,43.32
894.11,0,,75.79,43.31,2,-1,75.53,28.72,16.34,86.92,43.40
894.26,0,,75.76,43.35,2,-1,76.03,28.87,16.39,87.12,43.50
894.32,0,,75.77,43.44,2,-1,75.62,28.88,16.33,87.07,43.57
894.41,0,,75.79,43.50,2,-1,75.91,28.72,16.32,86.90,43.42
894.56,0,,75.81,43.48,2,-1,75.84,28.68,16.34,86.88,43.36
894.62,0,,75.81,43.43,2,-1,75.63,28.72,16.31,86.89,43.43
894.72,0,,75.72,43.41,2,-1,75.43,28.82,16.36,87.04,43.48
894.83,0,,75.66,43.46,2,-1,76.12,29.03,16.35,87.24,43.70
894.92,0,,75.78,43.57,1,0,76.00,29.03,16.31,87.20,43.74
895.01,0,,75.96,43.65,0,1,76.13,28.83,16.38,87.07,43.47
895.13,0,,76.03,43.60,0,1,75.76,28.79,16.37,87.02,43.44
895.28,0,,76.03,43.51,0,1,76.26,28.79,16.33,86.98,43.48
895.31,0,,75.99,43.47,0,1,75.59,28.87,16.35,87.08,43.54
895.43,0,,75.85,43.50,0,1,75.52,29.01,16.40,87.27,43.63
895.52,0,,75.67,43.56,0,1,75.67,28.97,16.40,87.23,43.59
895.61,0,,75.60,43.59,1,0,75.63,28.88,16.33,87.07,43.57
895.76,0,,75.64,43.60,2,-1,75.93,28.91,16.33,87.10,43.60
895.82,0,,75.70,43.59,2,-1,75.47,28.87,16.35,87.08,43.54
895.91,0,,75.71,43.57,2,-1,75.89,28.88,16.32,87.06,43.58
896.03,0,,75.75,43.59,4,-2,75.88,29.07,16.32,87.25,43.77
896.12,0,,75.87,43.67,2,-1,76.20,29.11,16.35,87.32,43.78
896.21,0,,76.03,43.73,2,-1,76.15,28.99,16.33,87.18,43.68
896.33,0,,76.09,43.72,0,1,75.76,28.92,16.33,87.11,43.61
896.42,0,,75.97,43.66,0,1,75.65,28.86,16.35,87.07,43.53
896.51,0,,75.76,43.59,0,1,75.48,28.93,16.35,87.14,43.60
896.63,0,,75.66,43.59,1,0,76.13,29.09,16.34,87.29,43.77
896.78,0,,75.77,43.67,1,0,75.93,29.13,16.32,87.31,43.83
896.81,0,,75.90,43.75,1,0,75.82,29.05,16.30,87.21,43.77
896.93,0,,75.89,43.78,1,0,75.75,28.98,16.29,87.13,43.71
897.02,0,,75.88,43.76,1,0,76.13,28.96,16.29,87.11,43.69
897.11,0,,75.91,43.73,1,0,75.77,29.06,16.29,87.21,43.79
897.26,0,,75.98,43.76,1,0,76.47,29.23,16.32,87.41,43.93
897.32,0,,76.11,43.83,1,0,76.06,29.20,16.32,87.38,43.90
897.41,0,,76.21,43.88,1,0,76.31,29.05,16.25,87.16,43.82
897.53,0,,76.19,43.87,0,1,75.85,29.00,16.21,87.07,43.81
897.62,0,,76.06,43.82,0,1,75.82,28.95,16.22,87.03,43.75
897.71,0,,75.94,43.78,0,1,76.09,29.04,16.28,87.18,43.78
897.83,0,,75.95,43.77,0,1,76.08,29.18,16.33,87.37,43.87
897.92,0,,76.00,43.81,1,0,75.92,29.12,16.30,87.28,43.84
898.01,0,,76.02,43.83,1,0,76.10,29.06,16.28,87.20,43.80
898.14,0,,76.05,43.82,0,1,76.15,29.02,16.25,87.13,43.79
898.28,0,,76.10,43.80,0,1,76.16,28.99,16.22,87.07,43.79
898.31,0,,76.14,43.79,2,-1,76.08,29.06,16.22,87.14,43.86
898.43,0,,76.06,43.82,1,0,75.55,29.11,16.26,87.23,43.87
898.52,0,,75.81,43.84,1,0,75.34,29.10,16.31,87.27,43.81
898.61,0,,75.60,43.84,2,-1,75.93,29.09,16.25,87.20,43.86
898.76,0,,75.65,43.85,4,-2,76.01,29.06,16.18,87.10,43.90
898.82,0,,75.77,43.86,4,-2,75.46,29.02,16.20,87.08,43.84
898.91,0,,75.79,43.86,4,-2,76.01,29.09,16.23,87.18,43.88
899.03,0,,75.82,43.88,4,-2,75.93,29.22,16.23,87.31,44.01
899.12,0,,75.88,43.93,1,0,75.83,29.21,16.24,87.31,43.99
899.21,0,,75.95,43.97,1,0,76.35,29.15,16.22,87.23,43.95
899.33,0,,76.05,43.96,1,0,75.88,29.09,16.22,87.17,43.89
899.42,0,,76.00,43.91,0,2,75.48,29.01,16.27,87.14,43.76
899.51,0,,75.86,43.85,0,2,76.19,29.13,16.27,87.26,43.88
899.63,0,,75.85,43.85,0,1,75.77,29.32,16.27,87.45,44.07
899.78,0,,75.94,43.94,0,1,76.43,29.31,16.28,87.45,44.05
899.81,0,,76.10,44.01,0,1,76.17,29.25,16.27,87.38,44.00
899.93,0,,76.12,44.03,0,1,75.42,29.24,16.29,87.39,43.97
900.02,0,,75.91,43.99,0,1,75.84,29.17,16.34,87.37,43.85
900.11,0,,75.72,43.93,1,0,75.56,29.24,16.35,87.45,43.91
900.26,0,,75.58,43.91,2,-1,75.24,29.37,16.35,87.58,44.04
900.32,0,,75.58,43.96,4,-2,76.57,29.36,16.32,87.54,44.06
900.41,0,,75.81,44.02,2,-1,75.65,29.33,16.28,87.47,44.07
900.53,0,,75.97,44.04,2,-1,76.12,29.23,16.28,87.37,43.97
900.62,0,,75.99,44.01,2,-1,75.85,29.14,16.25,87.25,43.91
900.71,0,,75.94,43.96,2,-1,75.71,29.23,16.26,87.35,43.99
900.83,0,,75.82,43.96,1,0,75.68,29.31,16.30,87.47,44.03
900.92,0,,75.75,43.99,1,0,75.96,29.31,16.30,87.47,44.03
901.01,0,,75.75,44.00,1,0,75.54,29.20,16.30,87.36,43.92
901.13,0,,75.77,43.98,2,-1,76.10,29.14,16.22,87.22,43.94
901.28,0,,75.78,43.95,1,0,75.39,29.12,16.17,87.15,43.97
901.31,0,,75.68,43.93,2,-1,75.47,29.08,16.24,87.18,43.86
901.46,0,,75.60,43.91,2,-1,75.97,29.15,16.24,87.25,43.93
901.52,0,,75.64,43.91,2,-1,75.46,29.17,16.19,87.22,44.00
901.61,0,,75.62,43.93,2,-1,75.46,29.06,16.21,87.13,43.87
901.76,0,,75.60,43.92,2,-1,75.97,29.02,16.17,87.05,43.87
901.82,0,,75.67,43.88,2,-1,75.56,28.98,16.15,86.99,43.85
901.91,0,,75.67,43.84,1,0,75.45,28.91,16.22,86.99,43.71
902.03,0,,75.60,43.80,2,-1,75.67,29.03,16.17,87.06,43.88
902.12,0,,75.52,43.82,2,-1,75.14,29.15,16.17,87.18,44.00
902.21,0,,75.50,43.88,2,-1,76.13,29.03,16.23,87.12,43.82
902.33,0,,75.57,43.88,2,-1,75.20,28.96,16.17,86.99,43.81
902.42,0,,75.56,43.85,2,-1,75.54,28.99,16.16,87.01,43.85
902.51,0,,75.56,43.82,2,-1,75.93,28.96,16.21,87.03,43.77
902.63,0,,75.74,43.82,2,-1,76.20,29.11,16.16,87.13,43.97
902.78,0,,75.93,43.88,0,1,75.70,29.20,16.18,87.24,44.04
902.81,0,,75.90,43.93,0,2,75.51,29.01,16.29,87.16,43.74
902.93,0,,75.76,43.89,0,2,75.88,28.98,16.24,87.08,43.76
903.02,0,,75.67,43.81,0,1,75.35,29.01,16.21,87.08,43.82
903.11,0,,75.59,43.77,1,0,75.70,28.98,16.28,87.12,43.72
903.26,0,,75.57,43.77,1,0,75.59,29.15,16.26,87.27,43.91
903.32,0,,75.61,43.82,1,0,75.75,29.23,16.28,87.37,43.97
903.41,0,,75.68,43.88,1,0,75.78,29.10,16.32,87.28,43.80
903.53,0,,75.72,43.87,1,0,75.55,29.05,16.30,87.21,43.77
903.62,0,,75.68,43.82,1,0,75.61,29.04,16.26,87.16,43.80
903.71,0,,75.61,43.78,1,0,75.50,29.01,16.27,87.14,43.76
903.83,0,,75.59,43.77,1,0,75.83,29.11,16.30,87.27,43.83
903.92,0,,75.70,43.82,1,0,76.04,29.28,16.28,87.42,44.02
904.01,0,,75.83,43.90,1,0,75.67,29.22,16.31,87.39,43.93
904.14,0,,75.88,43.93,0,1,76.01,29.10,16.29,87.25,43.83
904.25,0,,75.88,43.92,0,1,75.74,29.14,16.23,87.23,43.93
904.31,0,,75.76,43.89,1,0,75.12,29.09,16.29,87.24,43.82
904.43,0,,75.48,43.86,1,0,75.18,29.12,16.31,87.29,43.83
904.52,0,,75.30,43.85,1,0,75.59,29.26,16.31,87.43,43.97
904.61,0,,75.39,43.88,1,0,75.89,29.23,16.36,87.45,43.89
904.76,0,,75.63,43.90,2,-1,75.86,29.20,16.31,87.37,43.91
904.82,0,,75.82,43.92,2,-1,75.82,29.23,16.27,87.36,43.98
904.91,0,,75.87,43.93,1,0,75.81,29.17,16.32,87.35,43.87
905.03,0,,75.78,43.92,1,0,75.24,29.23,16.31,87.40,43.94
905.12,0,,75.56,43.92,1,0,75.31,29.29,16.33,87.48,43.98
905.21,0,,75.44,43.93,1,0,75.94,29.23,16.38,87.47,43.87
905.33,0,,75.56,43.92,1,0,75.71,29.21,16.33,87.40,43.90
905.42,0,,75.70,43.91,1,0,75.72,29.22,16.28,87.36,43.96
905.51,0,,75.78,43.91,1,0,75.94,29.16,16.30,87.32,43.88
905.63,0,,75.80,43.91,1,0,75.50,29.24,16.35,87.45,43.91
905.75,0,,75.73,43.92,1,0,75.70,29.40,16.38,87.64,44.04
905.82,0,,75.72,43.97,1,0,76.09,29.38,16.36,87.60,44.04
905.93,0,,75.77,44.01,1,0,75.39,29.26,16.33,87.45,43.95
906.02,0,,75.71,44.00,1,0,75.66,29.24,16.30,87.40,43.96
906.11,0,,75.66,43.97,1,0,75.91,29.23,16.30,87.39,43.95
906.26,0,,75.75,43.96,1,0,75.94,29.31,16.29,87.46,44.04
906.32,0,,75.88,44.00,1,0,76.02,29.47,16.29,87.62,44.20
906.41,0,,75.95,44.08,1,0,75.84,29.42,16.32,87.60,44.12
906.53,0,,75.97,44.12,0,1,76.04,29.30,16.31,87.47,44.01
906.62,0,,75.88,44.08,0,1,75.26,29.32,16.29,87.47,44.05
906.71,0,,75.62,44.02,0,1,75.17,29.21,16.35,87.42,43.88
906.83,0,,75.32,43.96,1,0,75.10,29.28,16.35,87.49,43.95
906.92,0,,75.13,43.96,4,-2,75.13,29.49,16.33,87.68,44.18
907.01,0,,75.19,44.02,4,-2,75.96,29.43,16.41,87.70,44.04
907.13,0,,75.41,44.07,4,-2,75.32,29.38,16.33,87.57,44.07
907.25,0,,75.59,44.07,4,-2,75.90,29.31,16.26,87.43,44.07
907.31,0,,75.67,44.04,4,-2,75.50,29.22,16.36,87.44,43.88
907.43,0,,75.69,43.99,2,-1,75.75,29.35,16.32,87.53,44.05
907.52,0,,75.70,44.01,2,-1,75.82,29.54,16.29,87.69,44.27
907.61,0,,75.69,44.09,1,0,75.27,29.47,16.40,87.73,44.09
907.76,0,,75.62,44.12,0,2,75.97,29.36,16.38,87.60,44.00
907.83,0,,75.63,44.09,0,2,75.50,29.43,16.30,87.59,44.15
907.91,0,,75.63,44.07,0,1,75.55,29.34,16.36,87.56,44.00
908.03,0,,75.60,44.05,0,1,75.69,29.38,16.37,87.61,44.03
908.12,0,,75.71,44.06,1,0,76.38,29.62,16.31,87.79,44.33
908.21,0,,75.92,44.14,0,1,75.75,29.53,16.40,87.79,44.15
908.33,0,,75.91,44.18,0,1,75.31,29.40,16.37,87.63,44.05
908.42,0,,75.70,44.14,0,1,75.67,29.41,16.28,87.55,44.15
908.51,0,,75.55,44.10,1,0,75.41,29.34,16.40,87.60,43.96
908.64,0,,75.43,44.03,2,-1,75.10,29.37,16.46,87.69,43.93
908.75,0,,75.34,43.98,2,-1,75.69,29.46,16.37,87.69,44.11
908.81,0,,75.38,44.00,4,-2,75.37,29.40,16.40,87.66,44.02
908.93,0,,75.46,44.02,4,-2,75.58,29.36,16.39,87.61,43.99
909.02,0,,75.52,44.02,4,-2,75.60,29.34,16.30,87.50,44.06
909.11,0,,75.59,44.02,4,-2,75.73,29.26,16.31,87.43,43.97
909.26,0,,75.69,44.00,2,-1,75.89,29.27,16.30,87.43,43.99
909.32,0,,75.78,44.01,1,0,75.70,29.41,16.28,87.55,44.15
909.41,0,,75.79,44.05,1,0,75.73,29.42,16.38,87.66,44.06
909.53,0,,75.70,44.07,0,2,75.30,29.33,16.38,87.57,43.97
909.62,0,,75.60,44.03,0,2,75.91,29.27,16.31,87.44,43.98
909.72,0,,75.60,43.97,0,1,75.51,29.23,16.39,87.48,43.86
909.83,0,,75.65,43.93,0,1,75.85,29.31,16.33,87.50,44.00
909.95,0,,75.64,43.96,1,0,75.25,29.44,16.25,87.55,44.21
910.01,0,,75.58,44.05,2,-1,75.79,29.43,16.43,87.72,44.02
910.13,0,,75.57,44.08,1,0,75.57,29.40,16.40,87.66,44.02
910.25,0,,75.61,44.08,1,0,75.64,29.42,16.26,87.54,44.18
910.31,0,,75.58,44.08,0,1,75.29,29.38,16.39,87.63,44.01
910.43,0,,75.50,44.06,2,-1,75.59,29.37,16.44,87.67,43.95
910.53,0,,75.47,44.02,2,-1,75.43,29.52,16.40,87.78,44.14
910.61,0,,75.43,44.04,2,-1,75.22,29.56,16.51,87.93,44.07
910.76,0,,75.35,44.07,2,-1,75.32,29.55,16.52,87.93,44.05
910.83,0,,75.32,44.08,2,-1,75.45,29.62,16.43,87.91,44.21
910.91,0,,75.36,44.11,2,-1,75.45,29.51,16.50,87.87,44.03
911.03,0,,75.42,44.09,2,-1,75.42,29.50,16.49,87.85,44.03
911.12,0,,75.39,44.07,2,-1,75.08,29.60,16.44,87.90,44.18
911.21,0,,75.29,44.08,2,-1,75.22,29.58,16.56,88.00,44.04
911.33,0,,75.19,44.09,2,-1,75.11,29.63,16.54,88.03,44.11
911.42,0,,75.21,44.10,2,-1,75.65,29.61,16.45,87.92,44.18
911.51,0,,75.30,44.12,2,-1,75.12,29.55,16.50,87.91,44.07
911.66,0,,75.34,44.13,2,-1,75.40,29.61,16.44,87.91,44.19
911.75,0,,75.37,44.15,2,-1,75.61,29.66,16.44,87.96,44.24
911.81,0,,75.45,44.19,2,-1,75.42,29.75,16.53,88.14,44.24
911.93,0,,75.44,44.23,0,1,75.07,29.80,16.52,88.18,44.30
912.02,0,,75.28,44.26,0,1,75.05,29.72,16.54,88.12,44.20
912.11,0,,75.11,44.23,2,-1,75.00,29.71,16.59,88.16,44.14
912.26,0,,75.02,44.19,2,-1,75.04,29.72,16.56,88.14,44.18
912.32,0,,75.00,44.15,2,-1,75.08,29.67,16.57,88.10,44.12
912.41,0,,74.99,44.13,2,-1,74.71,29.78,16.68,88.32,44.12
912.56,0,,74.94,44.13,4,-2,75.11,29.90,16.69,88.45,44.23
912.62,0,,74.92,44.17,4,-2,74.77,29.88,16.64,88.38,44.26
912.77,0,,74.93,44.20,4,-2,75.14,29.80,16.71,88.37,44.11
912.84,0,,74.98,44.17,4,-2,75.06,29.74,16.70,88.30,44.06
912.92,0,,75.09,44.12,2,-1,75.41,29.76,16.63,88.25,44.15
913.01,0,,75.15,44.10,2,-1,74.70,29.76,16.71,88.33,44.07
913.16,0,,75.08,44.10,2,-1,75.14,29.83,16.70,88.39,44.15
913.25,0,,74.96,44.12,2,-1,74.54,29.84,16.63,88.33,44.23
913.31,0,,74.85,44.15,1,0,75.02,29.68,16.66,88.20,44.04
913.43,0,,74.88,44.13,1,0,75.25,29.65,16.58,88.09,44.09
913.52,0,,75.04,44.09,1,0,75.17,29.59,16.50,87.95,44.11
913.61,0,,75.10,44.06,1,0,74.68,29.47,16.55,87.88,43.94
913.76,0,,74.95,44.01,1,0,74.57,29.50,16.56,87.92,43.96
913.82,0,,74.79,43.97,2,-1,75.09,29.49,16.51,87.86,44.00
913.91,0,,74.74,43.95,2,-1,74.35,29.38,16.52,87.76,43.88
914.03,0,,74.71,43.92,2,-1,75.05,29.31,16.50,87.67,43.83
914.12,0,,74.78,43.87,2,-1,74.98,29.28,16.42,87.56,43.88
914.21,0,,74.87,43.84,2,-1,74.68,29.25,16.49,87.60,43.78
914.33,0,,74.87,43.82,2,-1,74.97,29.33,16.52,87.71,43.83
914.42,0,,74.86,43.83,2,-1,74.78,29.38,16.43,87.67,43.97
914.54,0,,74.91,43.87,2,-1,75.32,29.27,16.43,87.56,43.86
914.63,0,,74.96,43.88,2,-1,74.47,29.21,16.45,87.52,43.78
914.78,0,,74.90,43.84,2,-1,75.04,29.20,16.45,87.51,43.77
914.82,0,,74.89,43.79,0,1,75.08,29.22,16.43,87.51,43.81
914.93,0,,74.95,43.79,0,1,74.85,29.29,16.46,87.61,43.85
915.02,0,,74.92,43.80,0,1,74.67,29.25,16.52,87.63,43.75
915.11,0,,74.84,43.78,1,0,74.95,29.16,16.48,87.50,43.70
915.26,0,,74.77,43.74,1,0,74.44,29.12,16.47,87.45,43.67
915.32,0,,74.72,43.69,1,0,74.98,29.10,16.46,87.42,43.66
915.41,0,,74.74,43.68,2,-1,74.76,29.16,16.44,87.46,43.74
915.53,0,,74.85,43.72,2,-1,75.27,29.36,16.46,87.68,43.92
915.62,0,,74.98,43.81,1,0,74.88,29.40,16.49,87.75,43.93
915.71,0,,75.01,43.88,2,-1,74.83,29.29,16.52,87.67,43.79
915.83,0,,74.92,43.86,2,-1,74.79,29.23,16.51,87.60,43.74
915.92,0,,74.73,43.78,1,0,73.98,29.14,16.53,87.53,43.63
916.01,0,,74.52,43.69,1,0,74.98,29.16,16.57,87.59,43.61
916.13,0,,74.58,43.66,1,0,74.98,29.40,16.50,87.76,43.92
916.25,0,,74.80,43.75,1,0,75.00,29.41,16.49,87.76,43.94
916.31,0,,74.97,43.84,1,0,75.04,29.21,16.54,87.61,43.69
916.43,0,,75.00,43.81,1,0,74.64,29.16,16.50,87.52,43.68
916.52,0,,74.93,43.73,1,0,75.07,29.11,16.50,87.47,43.63
916.61,0,,74.94,43.66,1,0,75.19,29.14,16.53,87.53,43.63
916.76,0,,75.04,43.64,1,0,75.00,29.28,16.51,87.65,43.79
916.82,0,,75.04,43.68,0,2,74.79,29.22,16.53,87.61,43.71
916.91,0,,74.98,43.70,0,2,75.12,29.14,16.54,87.54,43.62
917.03,0,,74.97,43.67,0,1,74.91,29.12,16.53,87.51,43.61
917.12,0,,74.98,43.63,1,0,75.08,29.07,16.52,87.45,43.57
917.21,0,,75.02,43.59,1,0,75.11,29.11,16.51,87.48,43.62
917.33,0,,75.05,43.59,1,0,74.96,29.22,16.57,87.65,43.67
917.42,0,,74.98,43.61,1,0,74.56,29.20,16.64,87.70,43.58
917.51,0,,74.80,43.60,1,0,74.58,29.09,16.62,87.57,43.49
917.63,0,,74.68,43.55,2,-1,74.98,29.09,16.61,87.56,43.50
917.75,0,,74.69,43.51,4,-2,74.45,29.08,16.63,87.57,43.47
917.81,0,,74.68,43.47,4,-2,74.79,29.06,16.63,87.55,43.45
917.93,0,,74.72,43.47,4,-2,75.00,29.21,16.63,87.70,43.60
918.02,0,,74.81,43.51,4,-2,74.70,29.19,16.63,87.68,43.58
918.11,0,,74.85,43.54,2,-1,74.93,29.05,16.63,87.54,43.44
918.26,0,,74.76,43.51,1,0,74.11,29.03,16.65,87.54,43.40
918.32,0,,74.59,43.43,1,0,74.78,28.96,16.68,87.50,43.30
918.41,0,,74.59,43.36,1,0,75.06,29.07,16.71,87.64,43.38
918.53,0,,74.74,43.36,1,0,74.55,29.19,16.71,87.76,43.50
918.62,0,,74.78,43.39,1,0,74.83,29.06,16.73,87.65,43.35
918.71,0,,74.77,43.41,1,0,74.70,29.06,16.67,87.59,43.41
918.83,0,,74.76,43.40,1,0,74.79,29.02,16.68,87.56,43.36
918.92,0,,74.78,43.36,1,0,74.89,28.94,16.73,87.53,43.23
919.01,0,,74.79,43.32,1,0,74.62,29.05,16.71,87.62,43.36
919.13,0,,74.73,43.31,0,1,74.51,29.12,16.76,87.74,43.38
919.25,0,,74.63,43.32,2,-1,74.67,29.00,16.79,87.65,43.23
919.34,0,,74.61,43.29,2,-1,74.66,28.96,16.74,87.56,43.24
919.43,0,,74.63,43.26,2,-1,74.69,28.98,16.74,87.58,43.26
919.52,0,,74.59,43.22,2,-1,74.14,28.86,16.78,87.50,43.10
919.61,0,,74.48,43.17,2,-1,74.61,28.88,16.79,87.53,43.11
919.76,0,,74.52,43.14,2,-1,75.16,29.00,16.79,87.65,43.23
919.82,0,,74.69,43.16,2,-1,74.29,29.02,16.81,87.69,43.23
919.91,0,,74.67,43.19,2,-1,74.56,28.97,16.81,87.64,43.18
920.03,0,,74.61,43.20,2,-1,74.84,28.97,16.80,87.63,43.19
920.12,0,,74.69,43.20,1,0,74.94,28.97,16.77,87.60,43.22
920.21,0,,74.83,43.19,2,-1,74.92,28.94,16.80,87.60,43.16
920.33,0,,74.92,43.19,0,1,74.96,29.07,16.87,87.80,43.22
920.42,0,,74.91,43.19,0,2,74.54,29.11,16.89,87.86,43.24
920.52,0,,74.80,43.20,0,2,74.82,28.98,16.89,87.73,43.11
920.63,0,,74.70,43.16,0,1,74.49,28.91,16.87,87.64,43.06
920.75,0,,74.60,43.09,1,0,74.46,28.83,16.86,87.55,42.99
920.81,0,,74.53,43.02,1,0,74.67,28.81,16.88,87.55,42.95
920.93,0,,74.54,42.98,1,0,74.50,28.90,16.91,87.67,43.01
921.02,0,,74.53,42.98,4,-2,74.42,29.02,16.95,87.83,43.09
921.11,0,,74.49,43.03,4,-2,74.49,29.05,16.95,87.86,43.12
921.26,0,,74.48,43.08,4,-2,74.59,28.98,16.91,87.75,43.09
921.32,0,,74.44,43.09,4,-2,73.92,28.90,16.89,87.65,43.03
921.41,0,,74.31,43.05,4,-2,74.48,28.85,16.96,87.67,42.91
921.53,0,,74.33,42.99,4,-2,74.73,28.90,16.94,87.70,42.98
921.62,0,,74.47,42.97,2,-1,74.46,29.02,16.93,87.81,43.11
921.71,0,,74.51,43.01,2,-1,74.26,29.02,17.02,87.90,43.02
921.83,0,,74.47,43.03,2,-1,74.64,29.00,16.99,87.85,43.03
921.92,0,,74.49,43.04,2,-1,74.61,29.00,16.95,87.81,43.07
922.04,0,,74.50,43.04,1,0,74.14,28.94,16.95,87.75,43.01
922.13,0,,74.38,43.01,1,0,74.19,28.83,16.97,87.66,42.88
922.25,0,,74.25,42.95,1,0,74.23,28.87,16.97,87.70,42.92
922.31,0,,74.22,42.92,2,-1,74.38,28.98,16.98,87.82,43.02
922.43,0,,74.26,42.94,2,-1,74.28,28.95,17.00,87.81,42.97
922.52,0,,74.30,42.97,2,-1,74.31,28.92,16.95,87.73,42.99
922.61,0,,74.33,42.98,2,-1,74.45,28.89,16.92,87.67,42.99
922.76,0,,74.33,42.97,2,-1,74.02,28.85,16.98,87.69,42.89
922.82,0,,74.28,42.94,2,-1,74.50,28.86,17.02,87.74,42.86
922.91,0,,74.30,42.90,2,-1,74.32,28.94,16.99,87.79,42.97
923.03,0,,74.32,42.92,1,0,74.19,29.04,17.01,87.91,43.05
923.12,0,,74.23,42.96,2,-1,73.86,28.98,17.07,87.91,42.93
923.21,0,,74.11,42.95,2,-1,74.28,28.81,17.05,87.72,42.78
923.33,0,,74.12,42.88,2,-1,74.36,28.79,17.03,87.68,42.78
923.42,0,,74.27,42.82,2,-1,74.59,28.88,17.03,87.77,42.87
923.51,0,,74.38,42.84,2,-1,74.04,29.02,17.01,87.89,43.03
923.63,0,,74.31,42.93,2,-1,74.13,29.17,17.06,88.09,43.13
923.75,0,,74.25,43.04,2,-1,74.62,29.20,17.10,88.16,43.12
923.82,0,,74.31,43.10,2,-1,74.21,29.16,17.15,88.17,43.03
923.93,0,,74.35,43.08,2,-1,74.34,29.21,17.21,88.28,43.02
924.02,0,,74.28,43.05,2,-1,73.91,29.19,17.18,88.23,43.03
924.17,0,,74.21,43.02,1,0,74.58,29.10,17.12,88.08,43.00
924.26,0,,74.27,43.00,1,0,74.41,29.07,17.09,88.02,43.00
924.32,0,,74.38,42.99,1,0,74.38,29.02,17.10,87.98,42.94
924.41,0,,74.45,42.94,1,0,74.67,28.89,17.10,87.85,42.81
924.53,0,,74.47,42.86,1,0,74.08,28.81,17.11,87.78,42.72
924.62,0,,74.39,42.76,1,0,74.42,28.76,17.15,87.77,42.63
924.72,0,,74.26,42.67,1,0,73.79,28.72,17.16,87.74,42.58
924.83,0,,74.16,42.61,1,0,74.56,28.73,17.11,87.70,42.64
924.92,0,,74.21,42.60,1,0,74.31,28.79,17.13,87.78,42.68
925.01,0,,74.28,42.58,1,0,74.12,28.53,17.29,87.68,42.26
925.13,0,,74.24,42.40,1,0,74.07,28.26,17.50,87.62,41.78
925.25,0,,74.14,42.10,1,0,74.05,28.51,17.63,88.00,41.90
925.31,0,,74.09,41.89,4,-2,74.19,28.51,17.66,88.03,41.87
925.43,0,,74.08,41.77,4,-2,73.94,28.12,17.71,87.69,41.43
925.52,0,,74.02,41.60,2,-1,73.80,28.02,17.69,87.57,41.35
925.61,0,,73.90,41.44,2,-1,73.75,28.01,17.64,87.51,41.39
925.76,0,,73.73,41.36,4,-2,73.27,28.13,17.75,87.74,41.40
925.82,0,,73.50,41.39,4,-2,73.18,28.40,17.77,88.03,41.65
925.91,0,,73.32,41.51,4,-2,73.53,28.45,17.77,88.08,41.70
926.03,0,,73.39,41.64,4,-2,73.91,28.45,17.73,88.04,41.74
926.12,0,,73.64,41.76,4,-2,73.98,28.65,17.63,88.14,42.04
926.21,0,,73.88,41.90,4,-2,73.96,28.73,17.64,88.23,42.11
926.33,0,,73.96,42.03,2,-1,73.75,28.65,17.58,88.09,42.09
926.42,0,,73.91,42.11,1,0,73.82,28.66,17.53,88.05,42.15
926.51,0,,73.86,42.13,0,1,73.96,28.65,17.58,88.09,42.09
926.63,0,,73.82,42.13,0,2,73.49,28.72,17.61,88.19,42.13
926.75,0,,73.73,42.12,0,2,73.72,28.82,17.70,88.38,42.14
926.81,0,,73.71,42.13,0,2,74.05,28.90,17.74,88.50,42.18
926.93,0,,73.85,42.17,0,1,74.14,28.98,17.68,88.52,42.32
927.02,0,,73.99,42.23,1,0,73.87,28.97,17.73,88.56,42.26
927.14,0,,74.00,42.25,1,0,73.84,28.91,17.81,88.58,42.12
927.26,0,,73.90,42.22,0,1,73.69,29.02,17.79,88.67,42.25
927.32,0,,73.83,42.24,1,0,74.02,29.26,17.79,88.91,42.49
927.41,0,,73.88,42.35,0,1,74.09,29.34,17.81,89.01,42.55
927.53,0,,73.94,42.47,0,1,73.66,29.34,17.87,89.07,42.49
927.62,0,,73.83,42.50,0,1,73.36,29.35,17.98,89.19,42.39
927.71,0,,73.65,42.45,2,-1,73.78,29.32,18.03,89.21,42.31
927.83,0,,73.59,42.37,4,-2,73.61,29.34,18.06,89.26,42.30
927.92,0,,73.61,42.31,4,-2,73.62,29.35,18.12,89.33,42.25
928.01,0,,73.60,42.25,4,-2,73.51,29.24,18.16,89.26,42.10
928.13,0,,73.58,42.16,4,-2,73.61,29.12,18.16,89.14,41.98
928.25,0,,73.57,42.05,4,-2,73.54,29.09,18.16,89.11,41.95
928.31,0,,73.56,41.97,4,-2,73.57,29.10,18.19,89.15,41.93
928.43,0,,73.55,41.93,2,-1,73.49,29.11,18.21,89.18,41.92
928.52,0,,73.49,41.92,2,-1,73.19,29.22,18.24,89.32,42.00
928.61,0,,73.37,41.95,2,-1,73.28,29.28,18.31,89.45,41.99
928.77,0,,73.29,41.97,2,-1,73.41,29.28,18.33,89.47,41.97
928.82,0,,73.27,41.98,4,-2,73.06,29.30,18.34,89.50,41.98
928.91,0,,73.22,41.97,4,-2,73.23,29.29,18.37,89.52,41.94
929.03,0,,73.19,41.97,4,-2,73.20,29.40,18.38,89.64,42.04
929.13,0,,73.17,42.01,4,-2,73.08,29.55,18.41,89.82,42.16
929.22,0,,73.11,42.09,4,-2,72.86,29.60,18.42,89.88,42.20
929.34,0,,73.04,42.16,4,-2,73.25,29.60,18.43,89.89,42.19
929.42,0,,73.02,42.18,4,-2,72.74,29.54,18.46,89.86,42.10
929.53,0,,72.97,42.16,4,-2,72.98,29.56,18.46,89.88,42.12
929.63,0,,72.96,42.14,4,-2,73.22,29.68,18.49,90.03,42.21
929.76,0,,73.02,42.17,4,-2,72.84,29.80,18.53,90.19,42.29
929.81,0,,73.06,42.24,4,-2,73.36,29.86,18.52,90.24,42.36
929.93,0,,73.13,42.31,4,-2,73.13,29.86,18.52,90.24,42.36
930.02,0,,73.20,42.35,1,0,73.26,29.90,18.55,90.31,42.37
930.11,0,,73.19,42.37,0,1,72.95,29.98,18.58,90.42,42.42
930.32,0,,73.10,42.40,0,1,72.96,30.11,18.67,90.64,42.46
930.32,0,,73.12,42.44,0,1,73.89,30.28,18.76,90.90,42.54
930.41,0,,73.44,42.51,0,1,74.11,30.37,18.73,90.96,42.66
930.53,0,,73.74,42.59,0,2,73.30,30.38,18.73,90.97,42.67
930.62,0,,73.76,42.66,0,2,73.77,30.48,18.81,91.15,42.69
930.71,0,,73.78,42.69,0,2,74.35,30.51,18.83,91.20,42.70
930.83,0,,73.90,42.71,0,2,73.47,30.54,18.81,91.21,42.75
930.95,0,,73.82,42.73,0,2,73.44,30.66,18.85,91.37,42.83
931.01,0,,73.65,42.78,0,2,73.80,30.67,18.84,91.37,42.85
931.13,0,,73.68,42.83,0,2,74.13,30.69,18.80,91.35,42.91
931.25,0,,73.79,42.87,0,2,73.43,30.70,18.86,91.42,42.86
931.31,0,,73.75,42.87,0,2,73.67,30.68,18.87,91.41,42.83
931.43,0,,73.65,42.86,1,0,73.51,30.75,18.87,91.48,42.90
931.52,0,,73.58,42.87,2,-1,73.57,30.78,18.88,91.52,42.92
931.61,0,,73.49,42.90,4,-2,73.13,30.80,18.81,91.47,43.01
931.76,0,,73.33,42.95,4,-2,73.13,30.79,18.83,91.48,42.98
931.82,0,,73.19,42.96,4,-2,73.17,30.70,18.88,91.44,42.84
931.91,0,,73.13,42.93,4,-2,73.13,30.74,18.87,91.47,42.89
932.03,0,,73.14,42.91,4,-2,73.33,30.83,18.82,91.51,43.03
932.12,0,,73.23,42.96,4,-2,73.41,30.90,18.81,91.57,43.11
932.21,0,,73.31,43.04,4,-2,73.20,31.01,18.87,91.74,43.16
932.33,0,,73.32,43.12,4,-2,73.36,31.01,18.90,91.77,43.13
932.42,0,,73.37,43.15,4,-2,73.70,31.01,18.86,91.73,43.17
932.51,0,,73.43,43.17,2,-1,73.11,31.06,18.82,91.74,43.26
932.63,0,,73.39,43.19,0,1,73.36,31.02,18.89,91.77,43.15
932.75,0,,73.36,43.19,0,1,73.61,31.13,18.95,91.94,43.20
932.81,0,,73.46,43.21,0,1,73.70,31.33,18.99,92.18,43.36
932.93,0,,73.62,43.28,0,2,73.86,31.36,18.96,92.18,43.42
933.02,0,,73.72,43.36,0,2,73.48,31.29,18.93,92.08,43.38
933.11,0,,73.73,43.40,0,2,73.94,31.32,18.94,92.12,43.40
933.26,0,,73.78,43.41,0,2,73.89,31.34,18.91,92.11,43.45
933.32,0,,73.84,43.43,0,2,73.73,31.37,18.93,92.16,43.46
933.41,0,,73.86,43.47,0,2,74.05,31.52,18.91,92.29,43.63
933.53,0,,73.86,43.54,0,2,73.56,31.50,18.88,92.24,43.64
933.62,0,,73.85,43.59,0,2,74.23,31.41,18.93,92.20,43.50
933.71,0,,73.91,43.58,0,2,73.81,31.47,18.90,92.23,43.59
933.83,0,,73.93,43.57,0,2,73.85,31.44,18.89,92.19,43.57
933.92,0,,73.93,43.56,0,2,74.14,31.40,18.91,92.17,43.51
934.02,0,,73.96,43.55,0,2,73.85,31.47,18.83,92.16,43.66
934.13,0,,73.93,43.58,0,2,73.71,31.40,18.80,92.06,43.62
934.25,0,,73.84,43.60,0,1,73.85,31.36,18.80,92.02,43.58
934.31,0,,73.83,43.61,1,0,74.09,31.39,18.76,92.01,43.65
934.43,0,,73.92,43.62,1,0,73.96,31.38,18.74,91.98,43.66
934.52,0,,73.95,43.65,1,0,73.72,31.43,18.75,92.04,43.70
934.61,0,,73.79,43.67,1,0,73.11,31.48,18.82,92.16,43.68
934.76,0,,73.55,43.68,2,-1,73.73,31.48,18.86,92.20,43.64
934.82,0,,73.50,43.67,4,-2,73.70,31.48,18.81,92.15,43.69
934.91,0,,73.61,43.68,4,-2,73.84,31.48,18.74,92.08,43.76
935.03,0,,73.68,43.70,4,-2,73.34,31.42,18.81,92.09,43.63
935.12,0,,73.59,43.67,2,-1,73.34,31.44,18.90,92.20,43.56
935.22,0,,73.52,43.64,4,-2,74.02,31.66,18.91,92.43,43.77
935.33,0,,73.68,43.67,4,-2,74.03,31.71,18.94,92.51,43.79
935.42,0,,73.94,43.72,2,-1,74.26,31.60,18.95,92.41,43.67
935.51,0,,74.12,43.72,0,2,74.09,31.61,18.91,92.38,43.72
935.63,0,,74.12,43.71,0,2,73.65,31.60,18.91,92.37,43.71
935.75,0,,73.98,43.70,0,2,74.02,31.60,18.93,92.39,43.69
935.81,0,,73.97,43.72,0,2,74.46,31.75,18.88,92.49,43.89
935.93,0,,74.11,43.79,0,2,73.99,31.74,18.88,92.48,43.88
936.03,0,,74.17,43.84,0,2,74.18,31.64,18.90,92.40,43.76
936.11,0,,74.16,43.84,0,2,74.11,31.71,18.85,92.42,43.88
936.26,0,,74.12,43.83,0,1,74.00,31.69,18.90,92.45,43.81
936.32,0,,74.06,43.81,0,1,73.95,31.69,18.99,92.54,43.72
936.41,0,,73.98,43.78,0,1,73.88,31.79,18.97,92.62,43.84
936.53,0,,73.83,43.79,2,-1,73.27,31.77,18.95,92.58,43.84
936.62,0,,73.67,43.81,2,-1,74.00,31.68,18.90,92.44,43.80
936.71,0,,73.68,43.82,4,-2,73.79,31.71,18.87,92.44,43.86
936.83,0,,73.81,43.83,4,-2,74.18,31.74,18.92,92.52,43.84
936.92,0,,74.00,43.84,4,-2,74.26,31.72,18.94,92.52,43.80
937.01,0,,74.10,43.84,2,-1,73.67,31.82,18.94,92.62,43.90
937.13,0,,74.02,43.86,1,0,73.99,31.84,18.93,92.63,43.93
937.25,0,,73.92,43.88,1,0,73.82,31.72,18.93,92.51,43.81
937.31,0,,73.82,43.86,1,0,73.50,31.74,18.96,92.56,43.80
937.43,0,,73.72,43.84,0,1,73.88,31.89,19.00,92.75,43.91
937.52,0,,73.69,43.88,2,-1,73.58,32.17,19.10,93.13,44.09
937.61,0,,73.75,43.98,2,-1,74.27,32.43,19.28,93.57,44.17
937.76,0,,73.98,44.12,2,-1,74.54,32.65,19.30,93.81,44.37
937.82,0,,74.24,44.27,2,-1,74.09,32.69,19.27,93.82,44.44
937.91,0,,74.34,44.38,0,1,74.45,32.56,19.24,93.66,44.34
938.03,0,,74.38,44.40,0,2,74.48,32.54,19.14,93.54,44.42
938.12,0,,74.47,44.42,0,2,74.69,32.64,19.14,93.64,44.52
938.21,0,,74.55,44.46,0,2,74.48,32.72,19.23,93.81,44.51
938.33,0,,74.54,44.50,0,2,74.31,32.63,19.14,93.63,44.51
938.42,0,,74.53,44.51,0,2,74.95,32.51,19.05,93.42,44.48
938.51,0,,74.63,44.50,0,2,74.72,32.51,19.07,93.44,44.46
938.63,0,,74.71,44.46,0,2,74.51,32.44,19.08,93.38,44.38
938.75,0,,74.62,44.40,0,2,74.26,32.37,19.15,93.38,44.24
938.81,0,,74.51,44.32,0,1,74.79,32.41,19.18,93.45,44.25
938.93,0,,74.53,44.28,0,2,74.59,32.46,19.02,93.34,44.46
939.02,0,,74.55,44.32,1,0,74.30,32.32,19.01,93.19,44.33
939.11,0,,74.51,44.31,1,0,74.62,32.16,19.16,93.18,44.02
939.26,0,,74.52,44.20,1,0,74.65,32.21,19.15,93.22,44.08
939.32,0,,74.52,44.11,2,-1,74.18,32.25,19.10,93.21,44.17
939.41,0,,74.37,44.08,2,-1,73.92,32.13,19.15,93.14,44.00
939.53,0,,74.21,44.04,2,-1,74.55,32.00,19.11,92.97,43.91
939.62,0,,74.25,43.96,4,-2,74.49,31.90,19.06,92.82,43.86
939.72,0,,74.37,43.89,4,-2,74.26,31.87,19.07,92.80,43.82
939.83,0,,74.36,43.83,2,-1,74.16,31.82,19.04,92.72,43.80
939.92,0,,74.31,43.79,2,-1,74.51,31.80,19.06,92.72,43.76
940.01,0,,74.38,43.78,2,-1,74.67,31.90,19.08,92.84,43.84
940.13,0,,74.46,43.78,2,-1,74.12,31.76,19.06,92.68,43.72
940.25,0,,74.35,43.74,2,-1,73.93,31.59,19.07,92.52,43.54
940.31,0,,74.14,43.66,2,-1,74.02,31.61,19.01,92.48,43.62
940.43,0,,74.05,43.60,2,-1,74.35,31.57,18.98,92.41,43.61
940.53,0,,74.00,43.59,2,-1,73.27,31.55,18.97,92.38,43.60
940.61,0,,73.81,43.58,2,-1,73.80,31.50,18.98,92.34,43.54
940.79,0,,73.71,43.56,4,-2,73.96,31.51,19.01,92.38,43.52
940.82,0,,73.74,43.55,4,-2,73.58,31.60,18.96,92.42,43.66
940.91,0,,73.73,43.58,4,-2,73.69,31.61,18.97,92.44,43.66
941.03,0,,73.65,43.64,4,-2,73.42,31.72,19.00,92.58,43.74
941.12,0,,73.55,43.70,4,-2,73.49,31.81,19.03,92.70,43.80
941.21,0,,73.56,43.76,4,-2,74.04,31.85,19.06,92.77,43.81
941.33,0,,73.70,43.81,4,-2,73.77,31.92,19.05,92.83,43.89
941.42,0,,73.77,43.85,4,-2,73.41,31.93,19.07,92.86,43.88
941.51,0,,73.66,43.88,4,-2,73.50,31.96,19.04,92.86,43.94
941.63,0,,73.65,43.94,1,0,74.42,32.14,19.04,93.04,44.12
941.75,0,,73.89,44.07,1,0,74.11,32.45,19.02,93.33,44.45
941.81,0,,74.10,44.27,0,1,73.99,32.49,18.99,93.34,44.52
941.93,0,,74.20,44.42,0,2,74.61,32.40,19.05,93.31,44.37
942.02,0,,74.32,44.47,0,2,74.30,32.48,19.03,93.37,44.47
942.11,0,,74.41,44.46,0,2,74.55,32.44,19.04,93.34,44.42
942.26,0,,74.41,44.44,0,2,74.03,32.48,19.08,93.42,44.42
942.32,0,,74.25,44.45,0,2,73.87,32.62,19.06,93.54,44.58
942.41,0,,74.07,44.50,0,2,74.16,32.63,19.05,93.54,44.60
942.53,0,,74.01,44.56,0,1,74.03,32.62,19.02,93.50,44.62
942.62,0,,74.06,44.60,0,1,74.36,32.55,19.04,93.45,44.53
942.71,0,,74.19,44.58,0,1,74.37,32.50,19.03,93.39,44.49
942.83,0,,74.28,44.55,2,-1,74.08,32.58,18.97,93.41,44.63
942.92,0,,74.21,44.54,2,-1,73.83,32.55,19.07,93.48,44.50
943.01,0,,73.98,44.50,2,-1,73.53,32.33,19.12,93.31,44.23
943.13,0,,73.74,44.37,4,-2,73.68,32.22,19.12,93.20,44.12
943.25,0,,73.65,44.22,4,-2,73.84,32.28,19.11,93.25,44.19
943.31,0,,73.67,44.15,4,-2,73.64,32.23,19.07,93.16,44.18
943.43,0,,73.69,44.13,4,-2,73.60,32.17,19.13,93.16,44.06
943.52,0,,73.67,44.11,4,-2,73.78,32.27,19.14,93.27,44.15
943.61,0,,73.74,44.12,4,-2,74.06,32.35,19.13,93.34,44.24
943.76,0,,73.89,44.17,4,-2,74.05,32.35,19.15,93.36,44.22
943.83,0,,73.99,44.20,4,-2,73.87,32.27,19.13,93.26,44.16
943.91,0,,73.91,44.19,0,1,73.33,32.21,19.14,93.21,44.09
944.03,0,,73.71,44.14,0,1,73.80,32.26,19.17,93.29,44.11
944.13,0,,73.64,44.12,0,1,73.79,32.38,19.18,93.42,44.22
944.21,0,,73.70,44.17,1,0,73.81,32.51,19.19,93.56,44.34
944.33,0,,73.82,44.25,1,0,74.16,32.48,19.20,93.54,44.30
944.42,0,,73.91,44.29,1,0,73.62,32.40,19.18,93.44,44.24
944.51,0,,73.85,44.27,1,0,73.60,32.38,19.23,93.47,44.17
944.63,0,,73.67,44.21,2,-1,73.30,32.39,19.26,93.51,44.15
944.75,0,,73.53,44.18,2,-1,73.82,32.50,19.20,93.56,44.32
944.81,0,,73.58,44.23,2,-1,73.87,32.58,19.20,93.64,44.40
944.93,0,,73.71,44.30,2,-1,73.67,32.49,19.24,93.59,44.27
945.02,0,,73.79,44.32,2,-1,73.94,32.44,19.23,93.53,44.23
945.11,0,,73.80,44.28,2,-1,73.54,32.46,19.22,93.54,44.26
945.26,0,,73.69,44.24,2,-1,73.30,32.37,19.24,93.47,44.15
945.32,0,,73.59,44.22,2,-1,74.08,32.53,19.19,93.58,44.36
945.41,0,,73.65,44.30,2,-1,73.54,32.84,19.15,93.85,44.71
945.53,0,,73.69,44.47,2,-1,73.65,32.72,19.19,93.77,44.55
945.62,0,,73.67,44.56,2,-1,73.66,32.57,19.18,93.61,44.41
945.71,0,,73.70,44.53,2,-1,74.03,32.68,19.18,93.72,44.52
945.83,0,,73.86,44.51,1,0,74.19,32.71,19.19,93.76,44.54
945.92,0,,73.97,44.52,1,0,73.57,32.77,19.20,93.83,44.59
946.01,0,,73.90,44.53,1,0,73.77,32.78,19.31,93.95,44.49
946.14,0,,73.76,44.52,0,1,73.56,32.71,19.28,93.85,44.45
946.25,0,,73.67,44.48,1,0,73.73,32.64,19.19,93.69,44.47
946.31,0,,73.63,44.46,1,0,73.59,32.62,19.20,93.68,44.44
946.43,0,,73.64,44.45,1,0,73.71,32.68,19.22,93.76,44.48
946.52,0,,73.78,44.45,1,0,74.60,32.69,19.27,93.82,44.44
946.61,0,,74.05,44.46,1,0,74.00,32.80,19.29,93.95,44.53
946.76,0,,74.11,44.48,0,1,73.44,32.78,19.31,93.95,44.49
946.82,0,,73.86,44.47,0,1,73.52,32.61,19.34,93.81,44.29
946.91,0,,73.59,44.38,1,0,73.44,32.53,19.33,93.72,44.22
947.03,0,,73.47,44.26,1,0,73.63,32.43,19.41,93.70,44.04
947.13,0,,73.42,44.12,2,-1,73.03,32.42,19.48,93.76,43.96
947.21,0,,73.31,44.02,4,-2,73.22,32.52,19.43,93.81,44.11
947.33,0,,73.20,44.01,4,-2,73.19,32.44,19.40,93.70,44.06
947.42,0,,73.20,44.03,4,-2,73.44,32.35,19.42,93.63,43.95
947.51,0,,73.24,44.01,4,-2,73.01,32.39,19.40,93.65,44.01
947.63,0,,73.19,43.99,4,-2,73.10,32.38,19.41,93.65,43.99
947.75,0,,73.23,43.98,4,-2,73.91,32.38,19.47,93.71,43.93
947.81,0,,73.38,43.98,2,-1,73.09,32.51,19.42,93.79,44.11
947.93,0,,73.35,44.01,2,-1,72.88,32.48,19.45,93.79,44.05
948.02,0,,73.18,44.04,2,-1,73.27,32.39,19.45,93.70,43.96
948.11,0,,73.11,44.02,4,-2,73.12,32.41,19.45,93.72,43.98
948.27,0,,73.17,43.98,2,-1,73.48,32.42,19.53,93.81,43.91
948.32,0,,73.24,43.95,1,0,73.00,32.47,19.46,93.79,44.03
948.41,0,,73.23,43.98,1,0,73.27,32.53,19.46,93.85,44.09
948.53,0,,73.19,44.02,1,0,73.05,32.49,19.52,93.87,43.99
948.62,0,,73.10,44.02,2,-1,72.79,32.39,19.49,93.74,43.92
948.71,0,,73.04,43.96,2,-1,73.54,32.35,19.51,93.72,43.86
948.83,0,,73.15,43.91,2,-1,73.21,32.37,19.49,93.72,43.90
948.92,0,,73.25,43.89,2,-1,73.17,32.41,19.49,93.76,43.94
949.01,0,,73.16,43.91,2,-1,72.56,32.48,19.50,93.84,44.00
949.14,0,,72.96,43.94,2,-1,73.00,32.37,19.49,93.72,43.90
949.26,0,,72.82,43.91,2,-1,72.60,32.22,19.54,93.62,43.70
949.31,0,,72.74,43.82,4,-2,72.75,32.25,19.52,93.63,43.75
949.43,0,,72.70,43.75,4,-2,72.73,32.20,19.49,93.55,43.73
949.52,0,,72.74,43.72,4,-2,73.00,32.25,19.53,93.64,43.74
949.61,0,,72.83,43.72,2,-1,72.79,32.34,19.56,93.76,43.80
949.77,0,,72.91,43.75,2,-1,73.19,32.30,19.53,93.69,43.79
949.82,0,,73.01,43.78,2,-1,73.08,32.29,19.49,93.64,43.82
949.91,0,,73.06,43.78,2,-1,72.86,32.21,19.55,93.62,43.68
950.03,0,,73.06,43.73,2,-1,73.34,32.13,19.62,93.61,43.53
950.12,0,,73.08,43.64,0,2,72.81,32.25,19.60,93.71,43.67
950.21,0,,73.02,43.63,0,2,72.85,32.33,19.57,93.76,43.78
950.33,0,,72.89,43.66,0,1,72.74,32.17,19.60,93.63,43.59
950.42,0,,72.84,43.64,0,1,73.13,32.05,19.63,93.54,43.44
950.52,0,,72.95,43.56,1,0,73.29,32.12,19.59,93.57,43.55
950.63,0,,73.15,43.53,1,0,73.42,32.23,19.56,93.65,43.69
950.76,0,,73.30,43.59,0,1,73.16,32.28,19.63,93.77,43.67
950.81,0,,73.29,43.63,0,1,73.08,32.26,19.74,93.86,43.54
950.93,0,,73.13,43.60,1,0,72.67,32.21,19.73,93.80,43.50
951.08,0,,72.94,43.56,1,0,72.95,32.26,19.68,93.80,43.60
951.11,0,,72.82,43.54,1,0,72.70,32.24,19.74,93.84,43.52
951.26,0,,72.83,43.53,1,0,73.23,32.16,19.71,93.73,43.47
951.33,0,,72.99,43.51,2,-1,73.36,32.22,19.66,93.74,43.58
951.41,0,,73.18,43.50,1,0,73.15,32.14,19.78,93.78,43.38
951.53,0,,73.17,43.43,1,0,72.58,31.96,19.80,93.62,43.18
951.63,0,,72.93,43.30,1,0,72.58,31.94,19.77,93.57,43.19
951.71,0,,72.69,43.19,2,-1,72.60,31.97,19.87,93.70,43.12
951.83,0,,72.57,43.14,2,-1,72.63,32.08,19.93,93.87,43.17
951.92,0,,72.60,43.13,2,-1,72.89,32.11,19.93,93.90,43.20
952.01,0,,72.69,43.16,4,-2,72.66,32.13,19.95,93.94,43.20
952.13,0,,72.73,43.19,4,-2,72.61,32.15,19.94,93.95,43.23
952.25,0,,72.80,43.21,4,-2,73.53,32.12,19.94,93.92,43.20
952.31,0,,72.99,43.21,2,-1,72.81,32.18,19.94,93.98,43.26
952.43,0,,73.02,43.22,2,-1,72.67,32.12,19.97,93.95,43.17
952.52,0,,72.92,43.19,0,1,73.07,32.08,20.00,93.94,43.10
952.61,0,,72.89,43.16,0,2,72.85,32.21,20.02,94.09,43.21
952.76,0,,72.84,43.15,0,2,72.49,32.15,19.99,94.00,43.18
952.82,0,,72.77,43.17,0,1,73.08,32.14,19.93,93.93,43.23
952.91,0,,72.80,43.19,0,1,72.79,32.10,20.00,93.96,43.12
953.03,0,,72.82,43.12,2,-1,72.64,31.91,20.13,93.90,42.80
953.12,0,,72.70,42.96,2,-1,72.26,31.94,20.25,94.05,42.71
953.21,0,,72.55,42.79,2,-1,72.72,32.01,20.37,94.24,42.66
953.33,0,,72.55,42.68,2,-1,72.81,32.00,20.37,94.23,42.65
953.42,0,,72.59,42.63,4,-2,72.20,31.98,20.38,94.22,42.62
953.51,0,,72.56,42.59,4,-2,72.83,31.91,20.43,94.20,42.50
953.63,0,,72.48,42.55,4,-2,71.85,31.93,20.46,94.25,42.49
953.78,0,,72.35,42.49,4,-2,72.57,31.99,20.63,94.48,42.38
953.81,0,,72.38,42.43,4,-2,72.89,32.06,20.69,94.61,42.39
953.93,0,,72.49,42.41,4,-2,71.98,32.07,20.56,94.49,42.53
954.03,0,,72.40,42.43,2,-1,72.21,31.96,20.60,94.42,42.38
954.11,0,,72.27,42.41,2,-1,72.39,31.93,20.65,94.44,42.30
954.26,0,,72.21,42.37,2,-1,71.93,31.94,20.56,94.36,42.40
954.32,0,,72.15,42.36,2,-1,72.27,31.94,20.51,94.31,42.45
954.41,0,,72.13,42.40,4,-2,72.14,32.01,20.56,94.43,42.47
954.53,0,,72.20,42.44,4,-2,72.52,32.05,20.60,94.51,42.47
954.62,0,,72.37,42.47,4,-2,72.78,32.02,20.59,94.47,42.45
954.72,0,,72.55,42.45,2,-1,72.46,31.90,20.60,94.36,42.32
954.83,0,,72.59,42.39,0,1,72.41,31.80,20.55,94.21,42.27
954.92,0,,72.53,42.32,0,2,72.54,31.79,20.47,94.12,42.34
955.01,0,,72.45,42.30,0,2,72.17,31.79,20.51,94.16,42.30
955.13,0,,72.39,42.29,0,2,72.65,31.77,20.50,94.13,42.29
955.28,0,,72.38,42.29,0,1,72.10,31.72,20.43,94.01,42.31
955.31,0,,72.33,42.27,0,1,72.32,31.56,20.48,93.90,42.10
955.43,0,,72.25,42.19,1,0,72.07,31.48,20.46,93.80,42.04
955.52,0,,72.12,42.11,2,-1,71.72,31.48,20.37,93.71,42.13
955.61,0,,71.95,42.08,4,-2,71.94,31.50,20.38,93.74,42.14
955.76,0,,71.83,42.09,4,-2,71.65,31.47,20.40,93.73,42.09
955.82,0,,71.76,42.08,4,-2,71.81,31.34,20.41,93.61,41.95
955.91,0,,71.80,42.02,4,-2,72.23,31.32,20.41,93.59,41.93
956.03,0,,71.93,41.96,4,-2,71.79,31.31,20.39,93.56,41.94
956.15,0,,71.99,41.92,4,-2,72.13,31.23,20.39,93.48,41.86
956.22,0,,71.94,41.89,4,-2,71.40,31.28,20.39,93.53,41.91
956.33,0,,71.80,41.88,2,-1,71.87,31.31,20.42,93.59,41.91
956.46,0,,71.67,41.88,2,-1,71.36,31.19,20.37,93.42,41.84
956.51,0,,71.60,41.86,2,-1,71.79,31.08,20.33,93.27,41.77
956.63,0,,71.60,41.81,2,-1,71.65,31.06,20.33,93.25,41.75
956.78,0,,71.61,41.76,2,-1,71.33,31.01,20.31,93.18,41.72
956.81,0,,71.51,41.74,4,-2,71.36,31.06,20.29,93.21,41.79
956.93,0,,71.45,41.78,4,-2,71.75,31.22,20.17,93.25,42.07
957.02,0,,71.58,41.91,4,-2,72.03,31.17,20.06,93.09,42.13
957.11,0,,71.78,42.04,4,-2,71.82,31.07,20.07,93.00,42.02
957.26,0,,71.94,42.08,0,1,72.23,31.15,20.05,93.06,42.12
957.33,0,,72.07,42.14,0,2,72.17,31.36,19.96,93.18,42.42
957.44,0,,72.22,42.29,0,2,72.54,31.59,19.98,93.43,42.63
957.53,0,,72.39,42.49,0,2,72.67,31.57,19.88,93.31,42.71
957.65,0,,72.60,42.63,0,2,72.89,31.35,19.75,92.96,42.62
957.71,0,,72.75,42.66,0,2,72.69,31.31,19.86,93.03,42.47
957.83,0,,72.76,42.55,0,2,72.47,31.06,19.88,92.80,42.20
957.92,0,,72.54,42.32,0,2,71.73,30.71,19.90,92.47,41.83
958.01,0,,72.11,42.01,0,2,71.39,30.77,20.23,92.86,41.56
958.13,0,,71.46,41.67,0,2,69.90,30.49,20.36,92.71,41.15
958.28,0,,70.83,41.32,4,-2,71.16,29.95,20.04,91.85,40.93
958.32,0,,70.68,41.07,4,-2,71.30,29.96,19.88,91.70,41.10
958.43,0,,70.94,40.98,4,-2,71.22,29.87,19.91,91.64,40.98
958.53,0,,71.26,40.95,4,-2,71.96,29.55,19.74,91.15,40.83
958.61,0,,71.60,40.92,4,-2,71.80,29.60,19.57,91.03,41.05
958.76,0,,71.73,40.95,4,-2,71.18,29.50,19.47,90.83,41.05
958.82,0,,71.59,40.98,4,-2,71.37,29.11,19.33,90.30,40.80
958.91,0,,71.34,40.89,0,1,70.84,28.77,19.25,89.88,40.54
959.03,0,,71.09,40.67,4,-2,70.91,28.46,19.25,89.57,40.23
959.12,0,,70.99,40.41,0,2,71.49,28.07,18.97,88.90,40.12
959.22,0,,71.18,40.25,0,1,71.73,27.99,18.51,88.36,40.50
959.33,0,,71.55,40.36,1,0,72.18,28.41,18.41,88.68,41.02
959.42,0,,72.00,40.68,1,0,72.76,28.48,18.37,88.71,41.13
959.51,0,,72.41,40.95,0,2,72.53,28.02,18.18,88.06,40.86
959.63,0,,72.58,40.92,0,2,72.26,27.55,18.39,87.80,40.18
959.78,0,,72.42,40.53,0,2,71.71,27.25,18.71,87.82,39.56
959.81,0,,72.04,39.97,0,2,71.41,27.05,18.70,87.61,39.37
959.93,0,,71.77,39.52,0,2,72.40,26.78,18.50,87.14,39.30
960.02,0,,71.88,39.30,0,2,72.26,26.60,18.26,86.72,39.36
960.11,0,,72.08,39.26,0,2,71.89,26.61,18.29,86.76,39.34
960.26,0,,72.14,39.28,0,2,72.37,26.54,18.33,86.73,39.23
960.33,0,,72.20,39.29,0,2,72.27,26.62,18.27,86.75,39.37
960.41,0,,72.28,39.33,4,-2,72.38,26.90,18.42,87.18,39.50
960.54,0,,72.33,39.44,2,-1,72.27,27.14,18.46,87.46,39.70
960.63,0,,72.34,39.59,0,1,72.41,27.20,18.40,87.46,39.82
960.71,0,,72.36,39.73,0,2,72.42,27.12,18.36,87.34,39.78
960.83,0,,72.44,39.81,0,2,72.74,27.11,18.27,87.24,39.86
960.92,0,,72.58,39.84,0,2,72.80,27.09,18.25,87.20,39.86
961.01,0,,72.73,39.88,0,2,72.83,27.21,18.23,87.30,40.00
961.13,0,,72.81,39.97,0,2,72.76,27.45,18.21,87.52,40.26
961.28,0,,72.83,40.12,0,2,72.91,27.55,18.22,87.63,40.35
961.31,0,,72.82,40.27,0,2,72.64,27.56,18.24,87.66,40.34
961.43,0,,72.82,40.35,0,2,73.10,27.61,18.23,87.70,40.40
961.53,0,,72.91,40.41,0,2,73.11,27.72,18.19,87.77,40.55
961.61,0,,73.02,40.49,0,2,72.98,27.87,18.21,87.94,40.68
961.76,0,,73.10,40.61,0,2,73.39,28.04,18.23,88.13,40.83
961.85,0,,73.20,40.75,0,2,73.23,28.14,18.23,88.23,40.93
961.91,0,,73.27,40.87,0,2,73.25,28.17,18.21,88.24,40.98
962.03,0,,73.28,40.96,0,2,73.31,28.23,18.20,88.29,41.05
962.15,0,,73.25,41.03,0,2,72.97,28.27,18.18,88.31,41.11
962.21,0,,73.18,41.10,0,2,73.33,28.43,18.16,88.45,41.29
962.33,0,,73.18,41.22,0,2,73.24,28.69,18.21,88.76,41.50
962.42,0,,73.25,41.38,0,1,73.45,28.74,18.20,88.80,41.56
962.51,0,,73.36,41.51,0,1,73.54,28.76,18.15,88.77,41.63
962.63,0,,73.50,41.61,0,1,73.73,28.82,18.18,88.86,41.66
962.81,0,,73.61,41.66,0,2,73.60,28.87,18.15,88.88,41.74
962.82,0,,73.68,41.72,0,2,73.78,29.05,18.19,89.10,41.88
962.93,0,,73.77,41.82,0,2,74.10,29.26,18.26,89.38,42.02
963.02,0,,73.90,41.95,0,2,73.96,29.36,18.20,89.42,42.18
963.11,0,,73.97,42.09,0,2,73.81,29.43,18.20,89.49,42.25
963.26,0,,73.92,42.20,0,2,73.81,29.47,18.23,89.56,42.26
963.32,0,,73.88,42.27,0,2,74.04,29.50,18.22,89.58,42.30
963.41,0,,73.93,42.31,0,2,74.12,29.69,18.27,89.82,42.44
963.53,0,,73.98,42.38,0,2,73.72,29.84,18.34,90.04,42.52
963.62,0,,73.90,42.46,0,2,73.65,29.83,18.34,90.03,42.51
963.71,0,,73.82,42.52,0,2,74.12,29.94,18.30,90.10,42.66
963.83,0,,73.92,42.60,1,0,74.29,30.03,18.31,90.20,42.74
963.95,0,,74.07,42.68,1,0,73.98,30.01,18.30,90.17,42.73
964.01,0,,74.13,42.75,0,1,74.14,30.20,18.29,90.35,42.93
964.13,0,,74.13,42.87,0,1,74.14,30.41,18.27,90.54,43.16
964.28,0,,74.12,43.02,0,1,74.03,30.35,18.22,90.43,43.15
964.31,0,,74.10,43.13,0,1,74.16,30.31,18.18,90.35,43.15
964.43,0,,74.10,43.17,0,2,74.07,30.37,18.19,90.42,43.20
964.52,0,,74.12,43.19,0,2,74.29,30.35,18.18,90.39,43.19
964.61,0,,74.22,43.21,0,2,74.51,30.48,18.16,90.50,43.34
964.77,0,,74.30,43.28,0,2,73.99,30.63,18.16,90.65,43.49
964.82,0,,74.30,43.39,0,2,74.49,30.63,18.14,90.63,43.51
964.91,0,,74.38,43.49,0,2,74.87,30.65,18.08,90.59,43.59
965.03,0,,74.55,43.56,0,1,74.45,30.64,18.03,90.53,43.63
965.12,0,,74.60,43.61,0,2,74.45,30.63,18.04,90.53,43.61
965.21,0,,74.58,43.64,0,2,74.74,30.78,18.07,90.71,43.73
965.33,0,,74.61,43.69,0,2,74.67,30.92,18.06,90.84,43.88
965.43,0,,74.60,43.78,0,2,74.20,30.86,18.04,90.76,43.84
965.54,0,,74.47,43.83,0,1,74.36,30.79,18.05,90.70,43.76
965.66,0,,74.40,43.83,0,1,74.73,30.86,18.03,90.75,43.85
965.78,0,,74.45,43.83,0,1,74.30,30.92,18.00,90.78,43.94
965.81,0,,74.49,43.88,0,1,74.64,30.96,18.05,90.87,43.93
965.93,0,,74.53,43.93,2,-1,74.59,31.03,18.04,90.93,44.01
966.02,0,,74.58,43.98,2,-1,74.62,31.03,17.97,90.86,44.08
966.11,0,,74.68,44.03,1,0,75.11,30.97,17.95,90.78,44.04
966.26,0,,74.83,44.05,0,1,74.79,30.97,17.93,90.76,44.06
966.32,0,,74.96,44.06,0,1,75.37,31.00,17.92,90.78,44.10
966.41,0,,75.03,44.08,0,2,74.58,31.07,17.91,90.84,44.18
966.53,0,,74.97,44.14,0,2,74.99,31.12,17.88,90.86,44.26
966.63,0,,74.92,44.20,0,2,75.04,31.06,17.85,90.77,44.23
966.71,0,,74.87,44.24,0,2,74.38,31.09,17.80,90.75,44.31
966.83,0,,74.77,44.28,0,2,74.96,31.12,17.80,90.78,44.34
966.92,0,,74.77,44.31,0,1,75.00,31.09,17.82,90.77,44.29
967.01,0,,74.83,44.33,0,1,74.64,31.16,17.81,90.83,44.37
967.13,0,,74.83,44.34,0,1,74.88,31.21,17.83,90.90,44.40
967.28,0,,74.80,44.37,2,-1,74.68,31.17,17.80,90.83,44.39
967.31,0,,74.80,44.39,2,-1,75.05,31.18,17.75,90.79,44.45
967.43,0,,74.79,44.41,2,-1,74.31,31.15,17.76,90.77,44.41
967.53,0,,74.72,44.41,2,-1,74.99,31.12,17.76,90.74,44.38
967.61,0,,74.80,44.42,1,0,75.33,31.27,17.72,90.85,44.57
967.76,0,,74.96,44.48,1,0,74.62,31.36,17.73,90.95,44.65
967.82,0,,74.91,44.56,0,1,74.56,31.25,17.73,90.84,44.54
967.91,0,,74.73,44.57,0,1,74.65,31.19,17.74,90.79,44.47
968.06,0,,74.65,44.53,0,1,74.81,31.22,17.77,90.85,44.47
968.18,0,,74.72,44.49,0,1,75.07,31.28,17.71,90.85,44.59
968.21,0,,74.88,44.53,0,1,74.99,31.38,17.68,90.92,44.72
968.33,0,,75.02,44.61,0,1,75.21,31.38,17.71,90.95,44.69
968.42,0,,75.05,44.68,0,1,74.60,31.33,17.66,90.85,44.69
968.54,0,,74.92,44.70,1,0,74.69,31.32,17.63,90.81,44.71
968.63,0,,74.75,44.70,0,1,74.70,31.26,17.67,90.79,44.61
968.78,0,,74.74,44.66,1,0,75.18,31.29,17.69,90.84,44.62
968.81,0,,74.87,44.65,1,0,74.89,31.44,17.64,90.94,44.82
968.96,0,,75.00,44.72,1,0,75.22,31.49,17.65,91.00,44.86
969.02,0,,75.12,44.78,1,0,75.32,31.41,17.68,90.95,44.75
969.11,0,,75.17,44.79,1,0,74.78,31.35,17.66,90.87,44.71
969.26,0,,75.12,44.76,0,1,75.32,31.37,17.66,90.89,44.73
969.32,0,,75.12,44.74,0,1,75.15,31.43,17.62,90.91,44.83
969.41,0,,75.15,44.77,0,1,75.12,31.47,17.64,90.97,44.85
969.53,0,,75.14,44.81,0,1,75.08,31.48,17.70,91.04,44.80
969.63,0,,75.08,44.82,0,1,74.85,31.50,17.67,91.03,44.85
969.72,0,,75.04,44.83,0,1,75.35,31.52,17.68,91.06,44.86
969.83,0,,75.01,44.85,0,1,74.46,31.51,17.66,91.03,44.87
969.92,0,,74.92,44.86,2,-1,75.13,31.49,17.67,91.02,44.84
970.01,0,,74.96,44.86,2,-1,75.45,31.63,17.73,91.22,44.92
970.14,0,,75.07,44.89,2,-1,74.57,31.68,17.69,91.23,45.01
970.28,0,,75.05,44.94,2,-1,75.30,31.60,17.67,91.13,44.95
970.32,0,,75.02,44.97,2,-1,74.86,31.64,17.67,91.17,44.99
970.43,0,,75.00,44.97,2,-1,74.98,31.58,17.69,91.13,44.91
970.53,0,,74.93,44.94,2,-1,74.70,31.54,17.71,91.11,44.85
970.61,0,,74.83,44.91,2,-1,74.74,31.69,17.70,91.25,45.01
970.76,0,,74.79,44.94,1,0,75.08,31.74,17.70,91.30,45.06
970.82,0,,74.90,45.00,1,0,75.20,31.66,17.65,91.17,45.03
970.91,0,,75.05,45.02,1,0,75.03,31.60,17.65,91.11,44.97
971.03,0,,75.08,45.01,1,0,74.86,31.64,17.65,91.15,45.01
971.12,0,,74.99,45.02,1,0,74.80,31.74,17.60,91.20,45.16
971.21,0,,74.87,45.06,1,0,74.77,31.72,17.68,91.26,45.06
971.34,0,,74.83,45.08,2,-1,75.12,31.75,17.71,91.32,45.06
971.42,0,,74.93,45.09,1,0,75.14,31.81,17.65,91.32,45.18
971.51,0,,75.01,45.11,1,0,74.72,31.76,17.69,91.31,45.09
971.64,0,,74.98,45.10,1,0,75.11,31.74,17.73,91.33,45.03
971.78,0,,74.98,45.08,1,0,75.01,31.80,17.68,91.34,45.14
971.81,0,,75.00,45.09,2,-1,74.95,31.83,17.73,91.42,45.12
971.93,0,,74.98,45.10,2,-1,74.86,31.84,17.77,91.47,45.09
972.02,0,,74.95,45.10,1,0,75.09,31.81,17.70,91.37,45.13
972.11,0,,74.94,45.11,1,0,74.72,31.81,17.72,91.39,45.11
972.26,0,,74.86,45.10,1,0,74.65,31.81,17.77,91.44,45.06
972.33,0,,74.70,45.09,1,0,74.38,31.86,17.79,91.51,45.09
972.41,0,,74.58,45.09,4,-2,74.81,31.96,17.82,91.64,45.16
972.53,0,,74.61,45.12,4,-2,74.82,32.00,17.83,91.69,45.19
972.62,0,,74.73,45.15,4,-2,74.83,31.96,17.84,91.66,45.14
972.71,0,,74.84,45.15,2,-1,75.07,31.92,17.84,91.62,45.10
972.84,0,,74.96,45.13,2,-1,75.03,31.93,17.84,91.63,45.11
972.92,0,,74.94,45.11,2,-1,74.30,31.95,17.88,91.69,45.09
973.01,0,,74.75,45.09,2,-1,74.70,32.00,17.89,91.75,45.13
973.13,0,,74.64,45.10,2,-1,74.87,31.99,17.91,91.76,45.10
973.28,0,,74.66,45.10,2,-1,74.47,31.93,17.90,91.69,45.05
973.32,0,,74.60,45.08,2,-1,74.35,31.93,17.86,91.65,45.09
973.44,0,,74.43,45.07,2,-1,74.04,31.94,17.89,91.69,45.07
973.52,0,,74.28,45.07,2,-1,74.47,31.96,17.88,91.70,45.10
973.61,0,,74.27,45.09,4,-2,74.43,32.00,17.88,91.74,45.14
973.76,0,,74.36,45.11,4,-2,74.44,32.04,17.96,91.86,45.10
973.82,0,,74.39,45.11,4,-2,74.15,31.99,17.95,91.80,45.06
973.91,0,,74.33,45.08,4,-2,74.36,31.93,17.94,91.73,45.01
974.03,0,,74.30,45.04,4,-2,74.28,31.96,17.95,91.77,45.03
974.12,0,,74.35,45.03,2,-1,74.72,31.98,17.90,91.74,45.10
974.21,0,,74.49,45.05,2,-1,74.66,32.00,17.91,91.77,45.11
974.33,0,,74.52,45.08,2,-1,73.84,32.05,17.96,91.87,45.11
974.42,0,,74.36,45.11,0,1,74.46,32.08,17.97,91.91,45.13
974.51,0,,74.32,45.11,0,1,74.72,32.01,17.99,91.86,45.04
974.64,0,,74.44,45.08,1,0,74.38,31.99,17.98,91.83,45.03
974.79,0,,74.46,45.04,0,1,74.15,32.02,18.01,91.89,45.03
974.81,0,,74.40,45.02,0,1,74.65,32.05,18.05,91.96,45.02
974.96,0,,74.33,45.02,1,0,73.78,32.12,18.06,92.04,45.08
975.02,0,,74.23,45.04,2,-1,74.43,32.09,18.05,92.00,45.06
975.11,0,,74.23,45.05,2,-1,74.51,32.04,18.00,91.90,45.06
975.26,0,,74.40,45.06,2,-1,74.79,32.06,18.01,91.93,45.07
975.35,0,,74.53,45.03,2,-1,74.12,31.93,18.07,91.86,44.88
975.41,0,,74.52,44.97,2,-1,74.71,31.91,18.07,91.84,44.86
975.53,0,,74.51,44.91,0,1,74.49,32.07,18.06,91.99,45.03
975.62,0,,74.51,44.94,0,1,74.38,32.06,18.06,91.98,45.02
975.71,0,,74.46,44.97,0,1,74.43,31.94,18.04,91.84,44.92
975.83,0,,74.42,44.97,1,0,74.41,31.93,18.04,91.83,44.91
975.92,0,,74.43,44.94,1,0,74.54,31.96,18.03,91.85,44.95
976.01,0,,74.48,44.93,1,0,74.60,31.97,18.05,91.88,44.94
976.13,0,,74.48,44.94,1,0,74.07,32.05,18.09,92.00,44.98
976.28,0,,74.37,44.95,1,0,74.36,32.06,18.09,92.01,44.99
976.31,0,,74.33,44.97,1,0,74.57,32.00,18.09,91.95,44.93
976.43,0,,74.43,44.95,1,0,74.73,31.98,18.14,91.98,44.86
976.52,0,,74.53,44.90,1,0,74.24,31.94,18.16,91.96,44.80
976.61,0,,74.46,44.83,1,0,74.20,31.89,18.15,91.90,44.76
976.76,0,,74.34,44.78,1,0,74.43,31.92,18.15,91.93,44.79
976.82,0,,74.33,44.78,2,-1,74.43,32.02,18.15,92.03,44.89
976.91,0,,74.39,44.81,1,0,74.53,31.98,18.15,91.99,44.85
977.03,0,,74.42,44.83,1,0,74.15,31.89,18.21,91.96,44.70
977.12,0,,74.33,44.77,1,0,74.13,31.86,18.24,91.96,44.64
977.27,0,,74.21,44.70,1,0,74.15,31.92,18.22,92.00,44.72
977.33,0,,74.09,44.69,2,-1,73.74,32.03,18.27,92.16,44.78
977.42,0,,73.97,44.72,2,-1,74.12,32.05,18.26,92.17,44.81
977.51,0,,74.00,44.78,4,-2,74.37,32.00,18.18,92.04,44.84
977.63,0,,74.20,44.80,4,-2,74.58,31.94,18.26,92.06,44.70
977.78,0,,74.32,44.76,2,-1,73.80,31.91,18.31,92.08,44.62
977.81,0,,74.24,44.69,2,-1,74.24,31.93,18.27,92.06,44.68
977.93,0,,74.15,44.66,2,-1,74.18,31.98,18.30,92.14,44.70
978.05,0,,74.19,44.67,2,-1,74.47,32.04,18.31,92.21,44.75
978.14,0,,74.24,44.70,2,-1,73.95,31.94,18.29,92.09,44.67
978.26,0,,74.20,44.69,0,1,74.20,31.85,18.27,91.98,44.60
978.32,0,,74.14,44.65,0,1,74.05,31.88,18.30,92.04,44.60
978.41,0,,74.10,44.60,1,0,74.12,31.84,18.35,92.05,44.51
978.53,0,,74.09,44.55,2,-1,74.07,31.87,18.37,92.10,44.52
978.62,0,,74.04,44.52,2,-1,73.77,31.96,18.42,92.24,44.56
978.71,0,,74.04,44.53,2,-1,74.68,31.94,18.39,92.19,44.57
978.83,0,,74.18,44.54,2,-1,74.04,31.89,18.38,92.13,44.53
978.92,0,,74.21,44.53,2,-1,73.95,31.86,18.46,92.18,44.42
979.01,0,,74.12,44.49,2,-1,74.13,31.87,18.42,92.15,44.47
979.10,0,,74.11,44.46,2,-1,74.38,31.87,18.42,92.15,44.47
979.28,0,,74.17,44.45,2,-1,74.00,31.88,18.45,92.19,44.45
979.32,0,,74.11,44.45,1,0,73.72,31.87,18.41,92.14,44.48
979.41,0,,73.91,44.45,1,0,73.59,31.82,18.43,92.11,44.41
979.52,0,,73.80,44.42,2,-1,74.31,31.78,18.47,92.11,44.33
979.61,0,,73.91,44.37,2,-1,74.09,31.78,18.51,92.15,44.29
979.71,0,,74.02,44.32,2,-1,73.75,31.86,18.58,92.30,44.30
979.82,0,,73.97,44.29,2,-1,73.88,31.90,18.61,92.37,44.31
979.91,0,,73.85,44.30,2,-1,73.55,31.87,18.58,92.31,44.31
980.03,0,,73.72,44.30,4,-2,73.69,31.82,18.58,92.26,44.26
980.12,0,,73.62,44.27,4,-2,73.43,31.74,18.60,92.20,44.16
980.21,0,,73.57,44.21,4,-2,73.80,31.70,18.59,92.15,44.13
980.30,0,,73.67,44.17,4,-2,74.08,31.81,18.55,92.22,44.28
980.42,0,,73.84,44.20,2,-1,73.80,31.87,18.58,92.31,44.31
980.52,0,,73.92,44.24,2,-1,73.96,31.79,18.64,92.29,44.17
980.63,0,,73.93,44.22,2,-1,73.83,31.75,18.64,92.25,44.13
980.78,0,,73.92,44.17,0,1,74.00,31.73,18.63,92.22,44.12
980.81,0,,73.88,44.12,0,1,73.54,31.66,18.63,92.15,44.05
980.91,0,,73.79,44.07,0,1,73.85,31.69,18.65,92.20,44.06
981.02,0,,73.74,44.05,0,1,73.76,31.75,18.74,92.35,44.03
981.11,0,,73.77,44.03,0,1,73.86,31.74,18.74,92.34,44.02
981.20,0,,73.83,44.02,1,0,74.03,31.67,18.70,92.23,43.99
981.32,0,,73.82,43.99,2,-1,73.19,31.65,18.76,92.27,43.91
981.41,0,,73.60,43.95,2,-1,73.18,31.64,18.77,92.27,43.89
981.53,0,,73.39,43.90,2,-1,73.70,31.62,18.74,92.22,43.90
981.62,0,,73.38,43.89,4,-2,73.32,31.68,18.81,92.35,43.89
981.71,0,,73.34,43.88,4,-2,72.94,31.72,18.88,92.46,43.86
981.80,0,,73.22,43.87,4,-2,73.32,31.66,18.85,92.37,43.83
981.92,0,,73.13,43.84,4,-2,72.89,31.62,18.86,92.34,43.78
982.01,0,,73.13,43.80,4,-2,73.58,31.63,18.88,92.37,43.77
982.11,0,,73.28,43.78,4,-2,73.63,31.67,18.86,92.39,43.83
982.28,0,,73.48,43.80,4,-2,73.50,31.73,18.90,92.49,43.85
982.31,0,,73.56,43.82,2,-1,73.47,31.76,18.93,92.55,43.85
982.41,0,,73.52,43.84,0,1,73.31,31.70,18.91,92.47,43.81
982.52,0,,73.41,43.82,0,1,73.23,31.64,18.91,92.41,43.75
982.61,0,,73.27,43.78,0,1,73.05,31.64,18.92,92.42,43.74
982.70,0,,73.17,43.75,0,1,73.23,31.63,18.92,92.41,43.73
982.82,0,,73.18,43.72,1,0,73.47,31.60,18.98,92.44,43.64
982.91,0,,73.25,43.68,2,-1,73.08,31.66,19.03,92.55,43.65
983.03,0,,73.24,43.65,2,-1,73.14,31.61,19.00,92.47,43.63
983.12,0,,73.19,43.62,4,-2,73.23,31.52,19.01,92.39,43.53
983.21,0,,73.15,43.58,2,-1,72.95,31.57,19.03,92.46,43.56
983.30,0,,73.09,43.54,2,-1,73.13,31.48,19.03,92.37,43.47
983.42,0,,73.08,43.49,2,-1,73.18,31.43,19.06,92.35,43.39
983.51,0,,73.17,43.47,2,-1,73.56,31.63,19.00,92.49,43.65
983.61,0,,73.31,43.51,1,0,73.27,31.60,19.03,92.49,43.59
983.78,0,,73.31,43.55,1,0,72.84,31.46,19.10,92.42,43.38
983.81,0,,73.13,43.50,2,-1,72.91,31.49,19.10,92.45,43.41
983.90,0,,72.97,43.41,2,-1,73.02,31.40,19.14,92.40,43.28
984.02,0,,72.93,43.34,2,-1,72.98,31.44,19.13,92.43,43.33
984.11,0,,73.00,43.33,2,-1,73.37,31.60,19.13,92.59,43.49
984.20,0,,73.10,43.36,2,-1,72.92,31.51,19.21,92.58,43.32
984.32,0,,73.18,43.36,2,-1,73.60,31.40,19.21,92.47,43.21
984.42,0,,73.29,43.30,2,-1,73.25,31.44,19.17,92.47,43.29
984.53,0,,73.28,43.25,2,-1,72.80,31.39,19.25,92.50,43.16
984.62,0,,73.16,43.19,2,-1,73.34,31.34,19.27,92.47,43.09
984.72,0,,73.07,43.16,2,-1,72.79,31.48,19.21,92.55,43.29
984.80,0,,72.96,43.19,2,-1,72.66,31.50,19.24,92.60,43.28
984.92,0,,72.76,43.20,2,-1,72.44,31.29,19.32,92.47,42.99
985.01,0,,72.62,43.13,2,-1,72.85,31.29,19.31,92.46,43.00
985.10,0,,72.65,43.04,4,-2,72.89,31.29,19.29,92.44,43.02
985.28,0,,72.75,42.99,4,-2,72.66,31.23,19.32,92.41,42.93
985.31,0,,72.76,42.97,4,-2,72.68,31.38,19.32,92.56,43.08
985.41,0,,72.71,43.00,4,-2,72.54,31.34,19.34,92.54,43.02
985.53,0,,72.64,43.00,4,-2,72.65,31.19,19.38,92.43,42.83
985.61,0,,72.67,42.95,4,-2,73.10,31.30,19.32,92.48,43.00
985.76,0,,72.84,42.93,2,-1,73.03,31.25,19.35,92.46,42.92
985.82,0,,73.00,42.90,2,-1,73.09,31.12,19.43,92.41,42.71
985.91,0,,73.02,42.83,0,2,72.63,31.21,19.39,92.46,42.84
986.03,0,,72.92,42.80,0,2,72.92,31.20,19.40,92.46,42.82
986.12,0,,72.82,42.79,0,1,72.60,31.16,19.43,92.45,42.75
986.21,0,,72.76,42.78,0,1,72.92,31.21,19.41,92.48,42.82
986.30,0,,72.85,42.77,0,1,73.37,31.15,19.48,92.49,42.69
986.43,0,,73.03,42.73,0,1,72.92,31.11,19.52,92.49,42.61
986.51,0,,73.06,42.69,0,1,72.79,31.22,19.45,92.53,42.79
986.60,0,,72.91,42.70,1,0,72.55,31.20,19.46,92.52,42.76
986.78,0,,72.73,42.72,2,-1,72.65,31.15,19.55,92.56,42.62
986.81,0,,72.59,42.69,2,-1,72.40,31.17,19.54,92.57,42.65
986.91,0,,72.53,42.65,2,-1,72.75,31.13,19.50,92.49,42.65
987.02,0,,72.58,42.63,2,-1,72.68,31.14,19.54,92.54,42.62
987.11,0,,72.62,42.61,4,-2,72.46,31.17,19.60,92.63,42.59
987.21,0,,72.59,42.59,4,-2,72.58,31.14,19.64,92.64,42.52
987.32,0,,72.52,42.54,4,-2,72.28,31.11,19.65,92.62,42.48
987.41,0,,72.43,42.51,4,-2,72.35,31.15,19.64,92.65,42.53
987.56,0,,72.41,42.49,4,-2,72.80,31.09,19.68,92.63,42.43
987.62,0,,72.51,42.45,2,-1,72.51,31.01,19.71,92.58,42.32
987.71,0,,72.60,42.39,2,-1,72.66,31.04,19.72,92.62,42.34
987.83,0,,72.62,42.35,2,-1,72.53,31.09,19.71,92.66,42.40
987.92,0,,72.60,42.36,2,-1,72.55,31.10,19.71,92.67,42.41
988.01,0,,72.58,42.38,1,0,72.70,31.07,19.71,92.64,42.38
988.10,0,,72.63,42.38,0,1,72.76,30.99,19.68,92.53,42.33
988.28,0,,72.71,42.35,0,1,72.80,30.95,19.72,92.53,42.25
988.31,0,,72.71,42.29,0,1,72.34,30.96,19.77,92.59,42.21
988.40,0,,72.62,42.23,0,1,72.69,30.94,19.76,92.56,42.20
988.52,0,,72.54,42.19,0,1,72.36,30.96,19.83,92.65,42.15
988.61,0,,72.49,42.17,2,-1,72.48,31.00,19.83,92.69,42.19
988.71,0,,72.44,42.16,2,-1,72.36,30.92,19.79,92.57,42.15
988.82,0,,72.41,42.13,2,-1,72.41,30.82,19.88,92.56,41.96
988.91,0,,72.45,42.06,2,-1,72.79,30.85,19.88,92.59,41.99
989.03,0,,72.57,42.01,2,-1,72.67,30.91,19.83,92.60,42.10
989.13,0,,72.57,42.02,2,-1,71.92,30.93,19.91,92.70,42.04
989.21,0,,72.32,42.02,2,-1,71.83,30.85,19.96,92.67,41.91
989.30,0,,72.04,41.97,2,-1,72.09,30.77,19.95,92.58,41.84
989.42,0,,72.03,41.91,4,-2,72.67,30.82,19.94,92.62,41.90
989.51,0,,72.27,41.87,4,-2,72.53,30.84,19.96,92.66,41.90
989.63,0,,72.45,41.87,2,-1,72.18,30.84,20.01,92.71,41.85
989.79,0,,72.50,41.88,2,-1,72.97,30.97,19.99,92.82,42.00
989.82,0,,72.52,41.92,2,-1,71.88,30.96,20.01,92.83,41.97
989.93,0,,72.39,41.93,2,-1,72.34,30.77,20.06,92.69,41.73
990.02,0,,72.26,41.86,0,1,72.26,30.77,20.04,92.67,41.75
990.11,0,,72.24,41.79,0,1,72.30,30.84,20.03,92.73,41.83
990.21,0,,72.27,41.77,0,1,72.34,30.76,20.05,92.67,41.73
990.32,0,,72.26,41.75,2,-1,72.03,30.78,20.12,92.76,41.68
990.41,0,,72.25,41.72,2,-1,72.57,30.87,20.13,92.86,41.76
990.57,0,,72.31,41.71,2,-1,72.34,30.79,20.11,92.76,41.70
990.63,0,,72.34,41.70,2,-1,72.09,30.69,20.11,92.66,41.60
990.71,0,,72.25,41.66,2,-1,72.13,30.71,20.07,92.64,41.66
990.80,0,,72.08,41.63,2,-1,71.52,30.67,20.12,92.65,41.57
990.92,0,,71.83,41.59,2,-1,71.60,30.66,20.19,92.71,41.49
991.01,0,,71.68,41.54,4,-2,72.02,30.75,20.20,92.81,41.57
991.10,0,,71.73,41.52,4,-2,71.77,30.73,20.24,92.83,41.51
991.28,0,,71.85,41.51,4,-2,72.16,30.68,20.24,92.78,41.46
991.31,0,,71.99,41.48,4,-2,72.15,30.66,20.25,92.77,41.43
991.40,0,,72.12,41.43,2,-1,72.22,30.61,20.29,92.76,41.34
991.52,0,,72.19,41.38,2,-1,72.14,30.59,20.30,92.75,41.31
991.62,0,,72.16,41.35,0,1,71.90,30.67,20.29,92.82,41.40
991.70,0,,72.03,41.36,0,2,71.77,30.73,20.32,92.91,41.43
991.82,0,,71.90,41.38,0,2,71.98,30.65,20.35,92.86,41.32
991.91,0,,71.88,41.35,0,1,71.97,30.55,20.38,92.79,41.19
992.03,0,,71.88,41.25,1,0,71.67,30.51,20.44,92.81,41.09
992.12,0,,71.85,41.16,2,-1,71.95,30.55,20.40,92.81,41.17
992.22,0,,71.89,41.15,2,-1,72.18,30.70,20.36,92.92,41.36
992.30,0,,71.99,41.22,2,-1,71.93,30.74,20.44,93.04,41.32
992.42,0,,72.01,41.27,2,-1,71.92,30.58,20.51,92.95,41.09
992.52,0,,71.96,41.21,2,-1,71.82,30.54,20.49,92.89,41.07
992.60,0,,71.88,41.13,2,-1,71.74,30.57,20.49,92.92,41.10
992.78,0,,71.82,41.08,1,0,71.92,30.52,20.48,92.86,41.06
992.81,0,,71.82,41.06,1,0,71.81,30.56,20.49,92.91,41.09
992.90,0,,71.84,41.07,2,-1,71.86,30.63,20.54,93.03,41.11
993.02,0,,71.82,41.08,2,-1,71.66,30.59,20.57,93.02,41.04
993.11,0,,71.75,41.05,2,-1,71.61,30.49,20.57,92.92,40.94
993.20,0,,71.73,41.00,2,-1,72.05,30.45,20.55,92.86,40.92
993.32,0,,71.80,40.94,2,-1,71.79,30.45,20.56,92.87,40.91
993.41,0,,71.81,40.91,2,-1,71.49,30.46,20.56,92.88,40.92
993.53,0,,71.73,40.89,2,-1,71.82,30.42,20.61,92.89,40.83
993.62,0,,71.68,40.85,2,-1,71.58,30.41,20.68,92.95,40.75
993.71,0,,71.71,40.81,2,-1,72.07,30.46,20.64,92.96,40.84
993.80,0,,71.82,40.78,2,-1,71.91,30.40,20.69,92.95,40.73
993.92,0,,71.95,40.75,2,-1,72.17,30.37,20.74,92.97,40.65
994.01,0,,71.99,40.70,2,-1,71.59,30.36,20.71,92.93,40.67
994.10,0,,71.93,40.66,0,1,72.06,30.34,20.71,92.91,40.65
994.28,0,,71.78,40.64,0,1,70.98,30.40,20.74,93.00,40.68
994.31,0,,71.56,40.63,1,0,71.71,30.31,20.80,92.97,40.53
994.40,0,,71.50,40.58,2,-1,71.87,30.26,20.81,92.93,40.47
994.53,0,,71.63,40.53,2,-1,71.62,30.31,20.77,92.94,40.56
994.61,0,,71.68,40.51,2,-1,71.53,30.30,20.81,92.97,40.51
994.71,0,,71.62,40.51,2,-1,71.51,30.33,20.84,93.03,40.51
994.82,0,,71.57,40.50,4,-2,71.69,30.36,20.91,93.13,40.47
994.91,0,,71.52,40.48,4,-2,71.12,30.34,20.94,93.14,40.42
995.03,0,,71.43,40.43,2,-1,71.62,30.23,20.91,93.00,40.34
995.12,0,,71.42,40.37,2,-1,71.44,30.16,20.91,92.93,40.27
995.22,0,,71.47,40.32,2,-1,71.61,30.20,20.88,92.94,40.34
995.30,0,,71.53,40.29,2,-1,71.55,30.15,20.92,92.93,40.25
995.42,0,,71.58,40.26,2,-1,71.65,30.14,20.97,92.97,40.19
995.52,0,,71.60,40.23,2,-1,71.52,30.18,20.94,92.98,40.26
995.60,0,,71.53,40.22,2,-1,71.15,30.12,20.93,92.91,40.21
995.78,0,,71.41,40.21,1,0,71.49,30.06,20.91,92.83,40.17
995.84,0,,71.34,40.17,1,0,71.24,29.95,20.95,92.76,40.02
995.90,0,,71.34,40.09,2,-1,71.51,29.87,20.97,92.70,39.92
996.02,0,,71.38,40.00,2,-1,71.45,29.93,20.89,92.68,40.06
996.11,0,,71.44,39.99,2,-1,71.49,29.95,20.94,92.75,40.03
996.20,0,,71.43,40.00,2,-1,71.11,29.88,20.97,92.71,39.93
996.32,0,,71.32,39.97,2,-1,71.23,29.83,20.99,92.68,39.86
996.41,0,,71.22,39.90,2,-1,71.17,29.82,21.01,92.69,39.83
996.54,0,,71.19,39.85,2,-1,71.30,29.75,20.94,92.55,39.83
996.62,0,,71.22,39.82,2,-1,71.27,29.75,20.96,92.57,39.81
996.72,0,,71.27,39.81,2,-1,71.37,29.81,20.98,92.65,39.85
996.80,0,,71.30,39.80,2,-1,71.17,29.71,21.04,92.61,39.69
996.92,0,,71.19,39.73,2,-1,70.63,29.58,21.11,92.55,39.49
997.01,0,,70.96,39.60,2,-1,70.80,29.50,21.10,92.46,39.42
997.10,0,,70.79,39.48,2,-1,70.76,29.51,21.06,92.43,39.47
997.32,0,,70.80,39.45,4,-2,71.31,29.59,21.02,92.47,39.59
997.32,0,,70.92,39.49,2,-1,70.68,29.63,21.10,92.59,39.55
997.41,0,,70.91,39.54,2,-1,70.74,29.66,21.12,92.64,39.56
997.53,0,,70.82,39.56,4,-2,70.79,29.62,21.10,92.58,39.54
997.62,0,,70.71,39.54,4,-2,70.31,29.56,21.13,92.55,39.45
997.71,0,,70.57,39.49,4,-2,70.64,29.53,21.14,92.53,39.41
997.82,0,,70.51,39.42,4,-2,70.50,29.51,21.22,92.59,39.31
997.91,0,,70.54,39.35,4,-2,70.80,29.54,21.29,92.69,39.27
998.03,0,,70.63,39.27,4,-2,70.68,29.56,21.43,92.85,39.15
998.12,0,,70.72,39.18,4,-2,70.87,29.59,21.62,93.07,38.99
998.21,0,,70.85,39.08,4,-2,71.26,29.49,21.48,92.83,39.03
998.30,0,,70.99,38.99,1,0,70.83,29.25,21.44,92.55,38.83
998.42,0,,71.01,38.87,0,2,70.92,29.08,21.57,92.51,38.53
998.52,0,,70.88,38.72,0,2,70.35,28.88,21.20,91.94,38.70
998.60,0,,70.63,38.67,0,2,70.24,28.62,20.75,91.23,38.89
998.79,0,,70.39,38.71,0,1,70.41,28.30,20.72,90.88,38.60
998.82,0,,70.37,38.67,2,-1,70.80,28.09,20.71,90.66,38.40
998.90,0,,70.53,38.58,2,-1,70.76,28.23,20.50,90.59,38.75
999.02,0,,70.70,38.62,2,-1,70.73,28.30,20.38,90.54,38.94
999.11,0,,70.80,38.74,2,-1,70.98,28.33,20.64,90.83,38.71
999.20,0,,70.84,38.74,2,-1,70.60,28.42,21.09,91.37,38.35
999.32,0,,70.77,38.53,1,0,70.54,28.30,21.33,91.49,37.99
999.41,0,,70.61,38.23,0,1,70.36,28.20,21.27,91.33,37.95
999.53,0,,70.48,37.99,0,1,70.52,28.12,21.25,91.23,37.89
999.63,0,,70.47,37.86,1,0,70.69,27.99,21.29,91.14,37.72
999.72,0,,70.51,37.79,1,0,70.36,28.01,21.14,91.01,37.89
999.80,0,,70.53,37.79,2,-1,70.64,28.06,21.20,91.12,37.88
999.92,0,,70.56,37.83,2,-1,70.71,28.05,21.28,91.19,37.79
1000.01,0,,70.62,37.83,2,-1,70.57,28.00,21.18,91.04,37.84
1000.10,0,,70.68,37.82,2,-1,70.96,27.93,21.16,90.95,37.79
1000.28,0,,70.77,37.81,0,1,70.81,27.93,21.11,90.90,37.84
1000.31,0,,70.85,37.81,0,2,70.96,27.96,21.15,90.97,37.83
1000.41,0,,70.83,37.83,1,0,70.38,28.01,21.15,91.02,37.88
1000.53,0,,70.70,37.86,1,0,70.63,28.01,21.05,90.92,37.98
1000.61,0,,70.56,37.91,1,0,70.38,27.96,21.03,90.85,37.95
1000.70,0,,70.49,37.94,1,0,70.60,27.91,21.03,90.80,37.90
1000.83,0,,70.51,37.92,1,0,70.72,27.85,21.05,90.76,37.82
1000.91,0,,70.60,37.88,1,0,70.61,27.92,21.06,90.84,37.88
1001.03,0,,70.67,37.86,1,0,70.88,28.01,21.13,91.00,37.90
1001.13,0,,70.77,37.86,1,0,70.90,28.06,21.27,91.19,37.81
1001.21,0,,70.78,37.84,1,0,70.23,28.11,21.36,91.33,37.77
1001.30,0,,70.53,37.77,1,0,69.88,27.98,21.45,91.29,37.55
1001.42,0,,70.20,37.65,2,-1,70.09,27.84,21.43,91.13,37.43
1001.51,0,,70.07,37.54,4,-2,70.47,27.82,21.22,90.90,37.62
1001.60,0,,70.22,37.57,4,-2,70.63,27.94,20.98,90.78,37.98
1001.82,0,,70.44,37.78,4,-2,70.54,28.15,20.92,90.93,38.25
1001.82,0,,70.55,38.03,2,-1,70.43,28.17,21.05,91.08,38.14
1001.90,0,,70.53,38.19,2,-1,70.44,28.24,20.98,91.08,38.28
1002.02,0,,70.43,38.28,2,-1,70.09,28.29,20.88,91.03,38.43
1002.11,0,,70.35,38.33,2,-1,70.72,28.11,20.96,90.93,38.17
1002.26,0,,70.45,38.31,2,-1,70.79,28.18,20.86,90.90,38.34
1002.32,0,,70.63,38.32,0,2,70.66,28.30,20.84,91.00,38.48
1002.41,0,,70.66,38.37,0,2,70.26,28.22,20.91,90.99,38.33
1002.53,0,,70.50,38.37,0,1,70.16,28.12,20.87,90.85,38.27
1002.62,0,,70.30,38.31,1,0,70.28,28.07,20.90,90.83,38.19
1002.71,0,,70.26,38.25,2,-1,70.57,28.11,20.91,90.88,38.22
1002.80,0,,70.27,38.20,2,-1,69.80,28.06,20.95,90.87,38.13
1002.92,0,,70.25,38.15,2,-1,70.74,28.03,20.96,90.85,38.09
1003.01,0,,70.24,38.11,2,-1,69.72,28.08,20.97,90.91,38.13
1003.10,0,,70.22,38.10,4,-2,70.61,28.09,21.02,90.97,38.09
1003.28,0,,70.24,38.11,4,-2,70.15,28.10,20.94,90.90,38.18
1003.32,0,,70.30,38.13,2,-1,70.44,28.09,20.96,90.91,38.15
1003.41,0,,70.33,38.14,2,-1,70.26,28.10,21.05,91.01,38.07
1003.53,0,,70.35,38.12,2,-1,70.47,28.14,21.08,91.08,38.08
1003.61,0,,70.45,38.10,2,-1,70.89,28.21,21.04,91.11,38.19
1003.70,0,,70.59,38.14,0,1,70.45,28.31,21.01,91.18,38.32
1003.83,0,,70.66,38.21,0,2,70.78,28.28,21.13,91.27,38.17
1003.91,0,,70.67,38.23,0,2,70.62,28.43,21.19,91.48,38.26
1004.03,0,,70.66,38.28,0,2,70.57,28.75,21.19,91.80,38.58
1004.13,0,,70.61,38.41,0,2,70.48,28.81,21.19,91.86,38.64
1004.21,0,,70.60,38.56,0,2,70.99,28.70,21.04,91.60,38.68
1004.30,0,,70.72,38.65,0,2,70.85,28.59,20.94,91.39,38.67
1004.42,0,,70.82,38.69,0,2,70.72,28.55,20.83,91.24,38.74
1004.52,0,,70.82,38.70,0,1,70.81,28.34,20.80,91.00,38.56
1004.60,0,,70.87,38.59,0,1,71.35,28.11,21.00,90.97,38.13
1004.79,0,,71.00,38.41,0,2,70.87,28.38,20.95,91.19,38.45
1004.82,0,,70.97,38.42,0,2,70.42,28.82,20.75,91.43,39.09
1004.91,0,,70.76,38.67,0,2,70.60,28.43,20.49,90.78,38.96
1005.03,0,,70.69,38.75,0,1,71.39,26.65,19.88,88.39,37.79
1005.11,0,,71.06,38.21,0,2,72.34,24.37,19.23,85.46,36.16
1005.20,0,,71.71,37.04,0,2,72.31,22.44,18.51,82.81,34.95
1005.32,0,,72.13,35.68,0,2,71.77,21.21,18.05,81.12,34.18
1005.41,0,,72.10,34.59,0,2,71.54,21.06,18.15,81.07,33.93
1005.53,0,,71.83,34.01,0,2,71.57,21.44,18.31,81.61,34.15
1005.62,0,,71.57,33.94,0,2,71.20,21.97,18.46,82.29,34.53
1005.72,0,,71.37,34.24,0,2,71.36,22.73,18.73,83.32,35.02
1005.80,0,,71.30,34.67,0,2,71.46,22.96,18.93,83.75,35.05
1005.92,0,,71.39,34.95,0,2,71.71,22.72,18.90,83.48,34.84
1006.02,0,,71.50,34.97,2,-1,71.33,22.37,18.74,82.97,34.65
1006.10,0,,71.53,34.74,4,-2,71.62,21.38,18.45,81.69,33.95
1006.28,0,,71.59,34.26,4,-2,71.95,20.24,17.98,80.08,33.28
1006.31,0,,71.68,33.70,2,-1,71.39,20.05,17.82,79.73,33.25
1006.40,0,,71.62,33.44,1,0,71.36,21.22,18.02,81.10,34.22
1006.52,0,,71.35,33.84,0,1,70.40,23.07,18.41,83.34,35.68
1006.62,0,,70.93,34.78,2,-1,70.57,23.80,18.73,84.39,36.09
1006.71,0,,70.67,35.61,4,-2,71.09,23.04,18.37,83.27,35.69
1006.82,0,,70.73,35.87,4,-2,70.92,22.13,17.86,81.85,35.29
1006.91,0,,70.90,35.61,4,-2,71.14,21.37,17.67,80.90,34.72
1007.03,0,,70.99,35.04,4,-2,70.76,20.66,17.74,80.26,33.94
1007.12,0,,70.97,34.35,4,-2,70.94,20.48,18.02,80.36,33.48
1007.22,0,,70.93,33.80,4,-2,71.01,20.69,17.94,80.49,33.77
1007.30,0,,71.00,33.60,4,-2,71.40,20.63,17.85,80.34,33.80
1007.42,0,,71.17,33.62,2,-1,71.35,20.58,17.98,80.42,33.62
1007.52,0,,71.28,33.67,2,-1,71.03,20.69,17.87,80.42,33.84
1007.60,0,,71.28,33.76,0,2,71.52,20.82,17.86,80.54,33.98
1007.78,0,,71.39,33.93,0,2,71.87,21.24,17.93,81.03,34.33
1007.81,0,,71.59,34.17,0,2,71.62,21.50,17.90,81.26,34.62
1007.91,0,,71.75,34.44,0,2,71.99,21.50,17.87,81.23,34.65
1008.02,0,,71.90,34.64,0,2,72.21,21.64,17.80,81.30,34.86
1008.11,0,,72.09,34.80,0,2,72.30,21.75,17.74,81.35,35.03
1008.21,0,,72.22,34.97,0,2,72.14,21.93,17.70,81.49,35.25
1008.32,0,,72.26,35.16,0,2,72.34,22.28,17.79,81.93,35.51
1008.41,0,,72.36,35.40,0,2,72.87,22.56,17.79,82.21,35.79
1008.53,0,,72.55,35.66,0,2,72.62,22.72,17.68,82.26,36.06
1008.63,0,,72.70,35.91,0,2,72.83,22.77,17.69,82.32,36.10
1008.72,0,,72.78,36.09,0,2,72.81,22.87,17.66,82.39,36.23
1008.80,0,,72.83,36.22,0,2,72.91,23.09,17.66,82.61,36.45
1008.92,0,,72.93,36.40,0,2,73.33,23.50,17.68,83.04,36.84
1009.02,0,,73.09,36.68,0,2,73.14,23.92,17.71,83.49,37.23
1009.10,0,,73.14,37.02,0,2,72.82,24.18,17.70,83.74,37.50
1009.28,0,,73.14,37.37,0,2,73.62,24.45,17.64,83.95,37.83
1009.31,0,,73.28,37.70,0,2,73.55,24.79,17.67,84.32,38.14
1009.41,0,,73.40,38.02,0,2,73.00,25.11,17.67,84.64,38.46
1009.53,0,,73.32,38.33,0,2,73.22,25.44,17.73,85.03,38.73
1009.61,0,,73.26,38.64,0,2,73.52,25.87,17.75,85.48,39.14
1009.71,0,,73.33,38.97,0,2,73.43,26.12,17.69,85.67,39.45
1009.83,0,,73.36,39.26,0,2,73.08,26.08,17.75,85.69,39.35
1009.91,0,,73.32,39.40,0,1,73.43,26.17,17.79,85.82,39.40
1010.03,0,,73.33,39.45,0,1,73.55,26.26,17.76,85.88,39.52
1010.12,0,,73.44,39.50,0,1,73.60,26.42,17.80,86.08,39.64
1010.21,0,,73.58,39.61,0,1,73.82,26.80,17.87,86.53,39.95
1010.30,0,,73.64,39.78,0,1,73.26,26.93,17.96,86.75,39.99
1010.42,0,,73.60,39.94,0,2,73.79,26.95,17.96,86.77,40.01
1010.54,0,,73.60,40.03,0,2,73.66,27.08,17.94,86.88,40.16
1010.60,0,,73.71,40.11,0,2,74.10,27.13,17.95,86.94,40.20
1010.79,0,,73.85,40.19,0,2,73.82,27.30,17.99,87.15,40.33
1010.82,0,,73.97,40.27,0,2,74.28,27.49,18.13,87.48,40.38
1010.91,0,,74.09,40.34,0,2,74.13,27.54,18.16,87.56,40.40
1011.03,0,,74.16,40.40,0,2,74.13,27.59,18.14,87.59,40.47
1011.11,0,,74.16,40.44,0,2,74.12,27.64,18.20,87.70,40.46
1011.21,0,,74.11,40.46,0,2,73.87,27.72,18.28,87.86,40.46
1011.33,0,,73.98,40.45,0,2,73.71,27.71,18.35,87.92,40.38
1011.41,0,,73.82,40.45,0,2,73.65,27.88,18.29,88.03,40.61
1011.53,0,,73.69,40.53,1,0,73.60,28.17,18.35,88.38,40.84
1011.63,0,,73.59,40.69,4,-2,73.47,28.29,18.42,88.57,40.89
1011.71,0,,73.56,40.86,4,-2,73.79,28.39,18.30,88.55,41.11
1011.80,0,,73.62,41.01,4,-2,73.75,28.46,18.35,88.67,41.13
1011.92,0,,73.73,41.12,4,-2,73.89,28.54,18.38,88.78,41.18
1012.02,0,,73.75,41.19,4,-2,73.31,28.68,18.36,88.90,41.34
1012.10,0,,73.62,41.29,4,-2,73.47,28.88,18.37,89.11,41.53
1012.28,0,,73.53,41.45,2,-1,73.80,28.98,18.28,89.12,41.72
1012.31,0,,73.62,41.59,2,-1,73.94,28.82,18.25,88.93,41.59
1012.41,0,,73.78,41.65,2,-1,73.85,28.77,18.17,88.80,41.62
1012.53,0,,73.88,41.64,0,1,73.87,28.74,18.13,88.73,41.63
1012.61,0,,73.88,41.63,0,1,73.75,28.72,18.16,88.74,41.58
1012.71,0,,73.83,41.65,0,1,73.72,28.92,18.04,88.82,41.90
1012.83,0,,73.81,41.75,0,1,74.14,28.99,18.04,88.89,41.97
1012.91,0,,73.90,41.87,0,1,73.92,28.95,18.09,88.90,41.88
1013.03,0,,73.96,41.93,0,2,73.89,28.96,18.01,88.83,41.97
1013.13,0,,74.03,41.96,0,2,74.54,29.00,17.96,88.82,42.06
1013.22,0,,74.07,42.01,0,2,73.33,29.03,17.97,88.86,42.08
1013.30,0,,73.90,42.04,0,1,73.70,28.99,18.06,88.91,41.95
1013.42,0,,73.73,42.04,1,0,73.88,29.17,18.06,89.09,42.13
1013.52,0,,73.71,42.08,1,0,73.72,29.23,18.00,89.09,42.25
1013.60,0,,73.76,42.16,2,-1,73.89,29.20,17.95,89.01,42.27
1013.78,0,,73.83,42.28,2,-1,74.02,29.49,17.88,89.23,42.63
1013.81,0,,74.00,42.45,0,1,74.51,29.39,17.76,89.01,42.65
1013.91,0,,74.15,42.59,0,1,73.76,29.19,17.57,88.62,42.64
1014.03,0,,74.16,42.71,0,1,74.31,29.59,17.59,89.04,43.02
1014.11,0,,74.16,42.87,0,1,74.26,29.76,17.63,89.25,43.15
1014.21,0,,74.24,43.02,0,1,74.43,29.70,17.72,89.28,43.00
1014.33,0,,74.27,43.07,0,2,73.85,30.00,18.05,89.91,42.97
1014.41,0,,74.21,43.04,0,2,74.43,30.13,18.12,90.11,43.03
1014.53,0,,74.26,43.03,0,2,74.61,30.00,17.93,89.79,43.09
1014.62,0,,74.41,43.07,0,2,74.44,30.05,17.80,89.71,43.27
1014.72,0,,74.52,43.20,0,2,74.68,30.18,17.67,89.71,43.53
1014.80,0,,74.59,43.36,0,2,74.54,30.12,17.68,89.66,43.46
1014.92,0,,74.64,43.44,0,2,74.87,29.96,17.73,89.55,43.25
1015.02,0,,74.66,43.39,0,2,74.29,29.92,17.66,89.44,43.28
1015.10,0,,74.65,43.33,0,1,75.07,29.91,17.58,89.35,43.35
1015.28,0,,74.79,43.33,0,1,75.29,30.00,17.50,89.36,43.52
1015.32,0,,74.94,43.43,0,2,74.34,30.14,17.50,89.50,43.66
1015.41,0,,74.90,43.54,0,2,75.18,30.10,17.55,89.51,43.57
1015.53,0,,74.93,43.61,0,2,75.20,30.13,17.46,89.45,43.69
1015.61,0,,75.00,43.66,0,2,74.61,30.10,17.43,89.39,43.69
1015.71,0,,74.95,43.67,0,2,75.09,30.02,17.45,89.33,43.59
1015.82,0,,74.95,43.66,0,2,75.07,30.14,17.44,89.44,43.72
1015.91,0,,75.04,43.68,0,2,75.31,30.23,17.49,89.58,43.76
1016.03,0,,75.09,43.69,0,2,74.67,30.09,17.52,89.47,43.59
1016.13,0,,75.04,43.62,0,2,75.21,29.52,17.26,88.64,43.28
1016.22,0,,75.00,43.48,0,1,74.85,29.48,17.11,88.45,43.39
1016.30,0,,74.93,43.42,1,0,74.65,30.23,17.57,89.66,43.68
1016.42,0,,74.83,43.40,1,0,74.93,28.90,17.02,87.78,42.90
1016.52,0,,74.83,43.09,2,-1,75.00,26.42,15.61,83.89,41.83
1016.60,0,,74.92,42.44,2,-1,75.06,25.59,15.14,82.59,41.47
1016.78,0,,75.02,41.78,2,-1,75.14,25.13,14.85,81.84,41.30
1016.81,0,,75.04,41.34,2,-1,74.72,24.72,14.61,81.19,41.13
1016.91,0,,75.00,41.14,1,0,75.17,24.96,14.77,81.59,41.21
1017.03,0,,74.97,41.13,0,1,74.84,25.06,14.73,81.65,41.35
1017.11,0,,74.97,41.22,1,0,75.10,25.02,14.67,81.55,41.37
1017.21,0,,75.03,41.29,1,0,75.27,24.66,14.57,81.09,41.11
1017.33,0,,75.10,41.20,1,0,74.88,24.19,14.44,80.49,40.77
1017.41,0,,75.08,40.96,1,0,75.07,23.90,14.38,80.14,40.54
1017.53,0,,75.05,40.67,1,0,75.13,23.60,14.29,79.75,40.33
1017.63,0,,75.07,40.44,1,0,75.12,23.61,14.29,79.76,40.34
1017.72,0,,75.11,40.33,1,0,75.14,23.56,14.22,79.64,40.36
1017.80,0,,75.13,40.27,0,1,75.16,23.12,14.09,79.07,40.05
1017.92,0,,75.18,40.14,0,1,75.36,22.83,14.06,78.75,39.79
1018.02,0,,75.23,39.94,0,1,75.15,22.55,13.92,78.33,39.65
1018.10,0,,75.23,39.72,0,1,75.19,22.24,13.82,77.92,39.44
1018.28,0,,75.22,39.53,0,1,75.27,22.19,13.82,77.87,39.39
1018.31,0,,75.22,39.39,0,1,75.20,21.95,13.74,77.55,39.23
1018.41,0,,75.24,39.23,0,1,75.36,21.47,13.66,76.99,38.83
1018.53,0,,75.30,39.02,0,1,75.46,21.33,13.60,76.79,38.75
1018.61,0,,75.35,38.83,0,1,75.18,21.36,13.57,76.79,38.81
1018.71,0,,75.35,38.76,0,1,75.47,21.47,13.65,76.98,38.84
1018.83,0,,75.35,38.79,0,1,75.26,21.76,13.84,77.46,38.94
1018.91,0,,75.31,38.86,0,1,75.08,21.82,13.90,77.58,38.94
1019.03,0,,75.22,38.91,0,1,75.25,21.62,13.83,77.31,38.81
1019.13,0,,75.18,38.88,0,1,75.16,21.52,13.76,77.14,38.78
1019.22,0,,75.17,38.81,0,1,75.20,21.42,13.71,76.99,38.73
1019.30,0,,75.23,38.74,2,-1,75.62,21.35,13.78,76.99,38.59
1019.42,0,,75.31,38.65,0,1,74.98,21.28,13.76,76.90,38.54
1019.52,0,,75.33,38.54,0,1,75.62,20.92,13.63,76.41,38.31
1019.60,0,,75.34,38.39,0,1,75.18,20.68,13.59,76.13,38.11
1019.81,0,,75.31,38.23,0,1,75.12,20.72,13.59,76.17,38.15
1019.82,0,,75.26,38.14,0,1,75.47,20.82,13.70,76.38,38.14
1019.91,0,,75.27,38.14,0,1,75.19,21.14,13.83,76.83,38.33
1020.03,0,,75.25,38.24,0,1,75.04,21.39,13.85,77.10,38.56
1020.11,0,,75.15,38.40,0,1,75.03,21.33,13.87,77.06,38.48
1020.21,0,,75.09,38.49,1,0,75.25,21.31,13.85,77.02,38.48
1020.33,0,,75.06,38.52,2,-1,74.75,21.51,13.94,77.31,38.59
1020.41,0,,74.97,38.59,2,-1,74.84,22.10,14.23,78.19,38.89
1020.53,0,,74.86,38.77,4,-2,74.86,22.75,14.55,79.16,39.22
1020.63,0,,74.86,38.96,4,-2,75.10,22.37,14.53,78.76,38.86
1020.72,0,,74.96,38.88,4,-2,75.13,20.83,13.98,76.67,37.87
1020.80,0,,75.03,38.36,4,-2,74.78,19.60,13.44,74.90,37.18
1020.92,0,,74.99,37.72,2,-1,75.00,19.79,13.40,75.05,37.41
1021.02,0,,74.91,37.43,2,-1,74.68,20.67,13.66,76.19,38.03
1021.10,0,,74.80,37.59,2,-1,74.61,21.03,13.93,76.82,38.12
1021.28,0,,74.69,37.88,2,-1,74.67,20.94,13.93,76.73,38.03
1021.31,0,,74.66,38.03,2,-1,74.81,20.53,13.69,76.08,37.86
1021.43,0,,74.67,37.96,2,-1,74.53,20.37,13.78,76.01,37.61
1021.52,0,,74.68,37.82,2,-1,74.81,20.65,13.84,76.35,37.83
1021.61,0,,74.74,37.80,4,-2,75.07,20.75,13.57,76.18,38.20
1021.71,0,,74.91,37.98,2,-1,75.14,21.02,13.61,76.49,38.43
1021.82,0,,75.02,38.25,1,0,74.76,21.18,13.67,76.71,38.53
1021.91,0,,74.95,38.45,0,1,74.69,21.20,13.67,76.73,38.55
1022.03,0,,74.83,38.58,0,1,74.89,21.66,13.94,77.46,38.74
1022.13,0,,74.84,38.70,0,1,75.14,22.11,14.14,78.11,38.99
1022.21,0,,74.99,38.86,0,1,75.36,22.24,14.18,78.28,39.08
1022.31,0,,75.25,39.02,0,2,75.71,22.24,14.11,78.21,39.15
1022.42,0,,75.48,39.11,0,2,75.46,22.20,14.10,78.16,39.12
1022.52,0,,75.54,39.14,0,2,75.27,22.28,14.21,78.35,39.09
1022.60,0,,75.46,39.15,0,2,75.41,22.51,14.23,78.60,39.30
1022.78,0,,75.40,39.22,0,2,75.45,22.66,14.25,78.77,39.43
1022.82,0,,75.46,39.33,0,2,75.87,22.69,14.29,78.84,39.42
1022.91,0,,75.57,39.41,0,2,75.40,22.71,14.27,78.84,39.46
1023.03,0,,75.54,39.44,0,2,75.19,22.68,14.34,78.88,39.36
1023.11,0,,75.42,39.41,0,2,75.48,22.71,14.39,78.96,39.34
1023.21,0,,75.40,39.40,0,1,75.67,22.93,14.39,79.18,39.56
1023.33,0,,75.48,39.46,2,-1,75.40,23.17,14.53,79.56,39.66
1023.41,0,,75.55,39.57,1,0,75.81,23.27,14.59,79.72,39.70
1023.53,0,,75.56,39.66,0,1,75.13,23.25,14.56,79.67,39.71
1023.63,0,,75.47,39.70,0,1,75.44,23.24,14.58,79.68,39.68
1023.72,0,,75.40,39.71,1,0,75.54,23.24,14.55,79.65,39.71
1023.80,0,,75.48,39.71,2,-1,75.81,23.30,14.59,79.75,39.73
1023.92,0,,75.64,39.73,0,1,75.81,23.54,14.69,80.09,39.87
1024.01,0,,75.74,39.81,0,1,75.55,23.73,14.73,80.32,40.02
1024.11,0,,75.69,39.91,0,2,75.51,23.71,14.75,80.32,39.98
1024.29,0,,75.59,39.98,0,2,75.47,23.68,14.75,80.29,39.95
1024.32,0,,75.55,39.97,0,1,75.81,23.65,14.79,80.30,39.88
1024.40,0,,75.64,39.93,0,1,75.86,23.63,14.76,80.25,39.89
