Train.Red Export for,Antoine wingate 3/18/2026
-------------------------------------------------------------
Measurement Date,2026-03-18T11:45:10.740281
Type,free
Sport,strength
Focus,perform
Number of Sensors,1
Samples,9509
Measurement Duration,17:37
Distance,0 m
MSS Avg,2.00
TSI Min,-2.07
TSI Max,102.97
TSI Avg,78.62

Muscle states
Rest,06:25
Easy,02:02
Medi,03:12
Hard,00:27
Load,05:29



Sensor 1,Train.Red FYER
-------------------------------------------------------------
Sensor DataType,expertV13
Sensor ID,Train.Red FYER 1200
Mac Address,401CBAC2-3687-9693-28FD-4757A30B0EA3
Firmware Version,
Sensor Position,quadVLRight
Initial TSI,80.71
Initial HBDiff,18.25
Initial o2Hb,18.82
Initial HHb,0.15
Tsi Var,35.0
Filter Id,1
MSS Avg,2
TSI Min,-2.07
TSI Max,102.97
TSI Avg,78.62
,,,Train.Red FYER 1200,,,,,,,,,
Timestamp (seconds passed),Lap/Event,,SmO2,HBDiff,Muscle state,Muscle trend,SmO2 unfiltered,O2HB unfiltered,HHb unfiltered,THb unfiltered,HBDiff unfiltered
0.00,0,,80.79,18.29,0,2,81.35,-0.42,-0.38,18.17,18.63
0.09,0,,81.08,18.43,0,2,81.79,-0.42,-0.38,18.17,18.63
0.21,0,,81.39,18.57,0,2,81.18,-0.49,-0.40,18.08,18.58
0.30,0,,81.48,18.63,0,2,81.43,-0.47,-0.45,18.05,18.65
0.39,0,,81.39,18.64,0,2,80.99,-0.48,-0.39,18.10,18.58
0.51,0,,81.26,18.62,0,2,81.34,-0.45,-0.36,18.16,18.58
0.60,0,,81.33,18.62,0,2,82.17,-0.38,-0.42,18.17,18.71
0.69,0,,81.67,18.66,0,2,82.11,-0.36,-0.46,18.15,18.77
0.81,0,,81.93,18.71,0,2,81.56,-0.44,-0.44,18.09,18.67
0.93,0,,81.88,18.71,0,2,81.61,-0.48,-0.43,18.06,18.62
0.99,0,,81.71,18.68,0,2,81.54,-0.46,-0.44,18.07,18.65
1.11,0,,81.52,18.63,0,2,81.00,-0.64,-0.44,17.89,18.47
1.20,0,,81.24,18.53,0,1,80.82,-0.84,-0.44,17.69,18.27
1.29,0,,81.00,18.39,2,-1,81.06,-0.86,-0.42,17.69,18.23
1.44,0,,80.88,18.30,4,-2,80.66,-0.72,-0.42,17.83,18.37
1.50,0,,80.76,18.32,4,-2,80.47,-0.57,-0.50,17.90,18.60
1.59,0,,80.81,18.48,4,-2,82.07,-0.48,-0.63,17.86,18.82
1.71,0,,81.26,18.73,4,-2,81.95,-0.15,-0.68,18.14,19.20
1.80,0,,81.62,19.03,4,-2,80.86,0.27,-0.53,18.71,19.47
1.89,0,,81.56,19.32,1,0,81.62,0.55,-0.29,19.23,19.51
2.01,0,,81.50,19.51,1,0,81.79,0.74,-0.18,19.53,19.59
2.10,0,,81.61,19.59,0,1,81.79,0.74,-0.13,19.58,19.54
2.19,0,,81.71,19.56,0,2,81.59,0.69,0.01,19.67,19.35
2.31,0,,81.52,19.45,0,2,80.20,0.68,0.14,19.79,19.21
2.43,0,,80.93,19.29,0,2,79.98,0.71,0.31,19.99,19.07
2.49,0,,80.37,19.14,4,-2,80.50,0.81,0.45,20.23,19.03
2.61,0,,80.22,19.05,4,-2,80.53,0.77,0.40,20.14,19.04
2.70,0,,80.29,19.01,4,-2,80.18,0.66,0.30,19.93,19.03
2.79,0,,80.27,19.02,4,-2,79.93,0.68,0.29,19.94,19.06
2.88,0,,80.16,19.04,4,-2,80.30,0.79,0.33,20.09,19.13
3.00,0,,80.14,19.11,4,-2,80.16,1.02,0.33,20.32,19.36
3.09,0,,80.25,19.24,4,-2,80.82,1.15,0.36,20.48,19.46
3.18,0,,80.58,19.36,4,-2,81.50,1.05,0.32,20.34,19.40
3.30,0,,81.05,19.43,0,1,81.38,0.98,0.23,20.18,19.42
3.39,0,,81.35,19.42,0,2,81.27,0.70,0.10,19.77,19.27
3.48,0,,81.35,19.36,0,2,80.83,0.54,-0.09,19.42,19.30
3.60,0,,81.17,19.34,0,2,81.13,0.90,0.03,19.90,19.54
3.69,0,,80.86,19.37,0,2,79.54,1.07,0.46,20.50,19.28
3.78,0,,80.47,19.32,0,2,80.90,1.00,0.69,20.66,18.98
3.93,0,,80.25,19.18,0,1,79.70,1.08,0.68,20.73,19.07
3.99,0,,80.06,19.08,4,-2,79.68,1.10,0.62,20.69,19.15
4.08,0,,79.91,19.10,4,-2,80.43,1.21,0.58,20.76,19.30
4.20,0,,80.01,19.20,4,-2,80.21,1.34,0.58,20.89,19.43
4.29,0,,80.38,19.32,4,-2,81.80,1.24,0.56,20.77,19.35
4.38,0,,80.93,19.36,4,-2,81.13,0.93,0.35,20.25,19.25
4.50,0,,81.27,19.31,1,0,81.13,0.51,0.06,19.54,19.12
4.59,0,,81.25,19.22,0,2,80.85,0.63,0.13,19.73,19.17
4.68,0,,80.86,19.17,0,2,79.24,1.15,0.60,20.72,19.22
4.80,0,,80.20,19.13,0,1,79.84,1.03,0.80,20.80,18.90
4.89,0,,79.73,19.04,1,0,79.71,0.96,0.72,20.65,18.91
4.98,0,,79.63,18.98,4,-2,79.83,1.28,0.79,21.04,19.16
5.10,0,,79.63,19.02,4,-2,79.42,1.23,0.72,20.92,19.18
5.19,0,,79.67,19.11,4,-2,80.08,1.08,0.62,20.67,19.13
5.28,0,,79.90,19.12,4,-2,80.83,0.75,0.53,20.25,18.89
5.43,0,,80.23,19.00,4,-2,79.86,0.24,0.28,19.49,18.63
5.49,0,,80.21,18.81,4,-2,79.54,0.55,0.52,20.04,18.70
5.58,0,,79.91,18.70,2,-1,79.70,1.01,0.92,20.90,18.76
5.70,0,,79.67,18.68,0,1,79.46,0.96,0.94,20.87,18.69
5.79,0,,79.60,18.72,0,1,80.02,1.16,0.94,21.07,18.89
5.94,0,,79.66,18.79,1,0,79.51,1.10,0.87,20.94,18.90
6.00,0,,79.67,18.83,4,-2,79.51,0.84,0.88,20.69,18.63
6.09,0,,79.60,18.74,4,-2,79.59,0.60,0.81,20.38,18.46
6.18,0,,79.61,18.56,4,-2,79.92,0.07,0.53,19.57,18.21
6.30,0,,79.65,18.36,4,-2,79.25,0.30,0.71,19.98,18.26
6.39,0,,79.53,18.26,4,-2,79.20,0.79,1.10,20.86,18.36
6.48,0,,79.27,18.26,2,-1,78.70,0.76,1.10,20.83,18.33
6.60,0,,79.06,18.33,4,-2,79.45,1.01,1.09,21.07,18.59
6.69,0,,79.07,18.45,4,-2,79.14,1.01,1.06,21.04,18.62
6.78,0,,79.14,18.53,4,-2,79.02,0.68,1.05,20.70,18.30
6.96,0,,78.99,18.43,4,-2,78.08,0.34,0.99,20.30,18.02
6.99,0,,78.71,18.18,4,-2,78.97,-0.21,0.77,19.53,17.69
7.08,0,,78.52,17.89,4,-2,77.92,-0.07,0.96,19.86,17.64
7.20,0,,78.28,17.71,4,-2,77.83,0.47,1.25,20.69,17.89
7.29,0,,78.08,17.72,4,-2,78.52,0.43,1.22,20.62,17.88
7.38,0,,78.21,17.80,4,-2,78.85,0.46,1.23,20.66,17.90
7.50,0,,78.45,17.88,4,-2,78.18,0.51,1.19,20.67,17.99
7.59,0,,78.46,17.92,4,-2,78.15,0.31,1.19,20.47,17.79
7.68,0,,78.17,17.84,4,-2,77.15,-0.03,1.21,20.15,17.43
7.80,0,,77.84,17.59,4,-2,78.24,-0.66,0.99,19.30,17.02
7.89,0,,77.72,17.29,4,-2,77.52,-0.57,1.01,19.41,17.09
7.98,0,,77.62,17.13,4,-2,77.08,0.09,1.40,20.46,17.36
8.10,0,,77.45,17.15,4,-2,77.71,0.09,1.56,20.62,17.20
8.19,0,,77.51,17.21,4,-2,78.14,0.06,1.41,20.44,17.32
8.28,0,,77.63,17.29,4,-2,76.82,0.29,1.44,20.70,17.52
8.43,0,,77.48,17.40,4,-2,77.36,0.26,1.46,20.69,17.47
8.49,0,,77.36,17.45,4,-2,77.74,-0.04,1.31,20.24,17.32
8.58,0,,77.47,17.35,4,-2,77.74,-0.68,1.15,19.44,16.84
8.70,0,,77.51,17.10,4,-2,76.72,-0.83,1.14,19.28,16.70
8.79,0,,77.32,16.88,2,-1,77.37,-0.15,1.49,20.31,17.03
8.88,0,,77.20,16.85,2,-1,77.31,0.06,1.71,20.74,17.02
9.00,0,,77.27,16.92,4,-2,77.57,-0.14,1.57,20.40,16.96
9.09,0,,77.27,16.96,4,-2,76.47,-0.11,1.62,20.48,16.94
9.18,0,,77.14,16.96,4,-2,77.60,-0.13,1.64,20.48,16.90
9.33,0,,77.14,16.92,4,-2,77.18,-0.42,1.43,19.98,16.82
9.39,0,,77.20,16.82,4,-2,77.04,-0.88,1.32,19.41,16.47
9.48,0,,77.17,16.66,4,-2,77.19,-0.70,1.47,19.74,16.50
9.60,0,,77.07,16.55,2,-1,76.60,-0.23,1.73,20.47,16.71
9.69,0,,76.85,16.56,4,-2,76.39,-0.34,1.77,20.40,16.56
9.78,0,,76.61,16.59,4,-2,76.62,-0.38,1.62,20.21,16.67
9.93,0,,76.43,16.62,4,-2,76.00,-0.44,1.62,20.15,16.61
9.99,0,,76.27,16.59,4,-2,76.23,-0.63,1.70,20.04,16.34
10.08,0,,76.15,16.45,4,-2,76.05,-1.07,1.52,19.42,16.08
10.20,0,,76.10,16.20,4,-2,76.10,-1.51,1.43,18.89,15.73
10.29,0,,76.11,15.96,4,-2,76.35,-0.89,1.82,19.90,15.96
10.38,0,,76.16,15.88,4,-2,76.00,-0.51,2.02,20.48,16.14
10.50,0,,76.12,15.95,4,-2,75.90,-0.78,1.87,20.06,16.02
10.59,0,,76.08,16.04,4,-2,76.49,-0.58,1.89,20.28,16.20
10.68,0,,76.11,16.11,4,-2,75.74,-0.67,1.92,20.22,16.08
10.80,0,,76.07,16.08,4,-2,76.08,-1.22,1.75,19.50,15.70
10.89,0,,75.99,15.88,2,-1,75.89,-1.65,1.65,18.97,15.37
10.98,0,,75.69,15.59,2,-1,73.94,-1.48,1.85,19.34,15.34
11.10,0,,75.10,15.41,4,-2,75.13,-0.95,2.16,20.18,15.56
11.19,0,,74.73,15.40,4,-2,74.58,-0.97,2.22,20.22,15.48
11.28,0,,74.72,15.46,4,-2,75.30,-0.96,2.10,20.11,15.61
11.43,0,,74.93,15.55,4,-2,75.37,-0.97,2.04,20.04,15.66
11.49,0,,75.15,15.56,4,-2,74.85,-1.50,2.01,19.48,15.16
11.58,0,,75.15,15.36,4,-2,75.11,-2.00,1.89,18.86,14.78
11.70,0,,74.94,15.04,4,-2,73.92,-2.02,1.99,18.94,14.66
11.79,0,,74.49,14.77,4,-2,73.82,-1.58,2.41,19.80,14.68
11.88,0,,74.02,14.65,4,-2,73.72,-1.42,2.46,20.01,14.79
12.00,0,,73.83,14.69,4,-2,74.33,-1.52,2.28,19.73,14.87
12.09,0,,73.99,14.76,4,-2,74.61,-1.59,2.32,19.70,14.76
12.18,0,,74.16,14.76,4,-2,73.37,-1.86,2.33,19.44,14.48
12.30,0,,74.02,14.60,4,-2,73.86,-2.35,2.19,18.81,14.13
12.39,0,,73.80,14.32,4,-2,73.59,-2.66,2.15,18.46,13.86
12.51,0,,73.50,14.05,4,-2,72.34,-2.07,2.58,19.48,14.02
12.60,0,,73.05,13.96,4,-2,72.91,-1.69,2.84,20.12,14.14
12.69,0,,72.85,14.00,4,-2,73.42,-1.99,2.63,19.61,14.05
12.81,0,,73.08,14.04,4,-2,73.84,-2.02,2.63,19.58,14.02
12.93,0,,73.47,14.04,4,-2,73.71,-2.06,2.65,19.56,13.96
12.99,0,,73.58,13.97,4,-2,72.65,-2.44,2.48,19.01,13.75
13.14,0,,73.18,13.82,4,-2,71.99,-2.81,2.47,18.63,13.39
13.20,0,,72.32,13.60,4,-2,70.37,-2.44,2.80,19.33,13.43
13.29,0,,71.52,13.45,4,-2,72.26,-2.21,3.04,19.80,13.42
13.44,0,,71.43,13.38,4,-2,72.14,-2.34,2.94,19.57,13.39
13.50,0,,71.81,13.41,4,-2,72.24,-2.12,2.86,19.71,13.69
13.59,0,,72.21,13.51,4,-2,72.90,-2.27,2.86,19.56,13.54
13.71,0,,72.47,13.55,4,-2,71.89,-2.57,2.72,19.12,13.38
13.80,0,,72.31,13.46,4,-2,71.44,-2.89,2.64,18.72,13.14
13.89,0,,71.96,13.26,4,-2,72.16,-2.89,2.90,18.98,12.88
14.01,0,,71.81,13.07,4,-2,71.63,-2.41,3.18,19.74,13.08
14.10,0,,71.82,12.99,0,1,72.23,-2.39,3.22,19.80,13.06
14.19,0,,71.92,13.03,0,2,71.94,-2.34,3.11,19.74,13.22
14.31,0,,71.99,13.08,0,1,71.87,-2.54,3.14,19.57,12.99
14.43,0,,71.86,12.94,2,-1,71.19,-3.27,3.45,19.15,11.95
14.49,0,,71.68,12.48,4,-2,72.04,-3.64,3.35,18.68,11.68
14.61,0,,71.57,11.98,4,-2,71.05,-3.58,3.29,18.68,11.80
14.70,0,,71.39,11.72,4,-2,70.95,-3.13,3.87,19.71,11.67
14.79,0,,71.12,11.64,4,-2,70.91,-2.97,3.97,19.97,11.73
14.94,0,,71.04,11.68,4,-2,71.72,-3.08,3.69,19.58,11.90
15.00,0,,71.22,11.78,4,-2,71.36,-3.09,3.66,19.54,11.92
15.09,0,,71.40,11.85,4,-2,71.43,-3.38,3.59,19.18,11.70
15.21,0,,71.50,11.78,4,-2,71.77,-3.81,3.40,18.56,11.46
15.30,0,,71.57,11.60,2,-1,71.31,-4.04,3.38,18.31,11.25
15.39,0,,71.47,11.41,4,-2,70.98,-3.46,3.82,19.33,11.39
15.51,0,,71.16,11.34,1,0,70.50,-3.09,4.12,20.00,11.46
15.60,0,,70.79,11.37,1,0,70.44,-3.33,3.89,19.53,11.45
15.69,0,,70.55,11.46,4,-2,70.76,-3.18,3.71,19.50,11.78
15.81,0,,70.58,11.59,4,-2,70.92,-3.30,3.70,19.37,11.67
15.93,0,,70.72,11.63,4,-2,70.75,-3.81,3.57,18.73,11.29
15.99,0,,70.83,11.48,4,-2,71.01,-4.17,3.43,18.23,11.07
16.11,0,,70.77,11.26,4,-2,69.84,-3.76,3.76,18.97,11.15
16.20,0,,70.36,11.14,4,-2,69.44,-3.26,4.16,19.87,11.25
16.29,0,,69.75,11.13,4,-2,68.90,-3.56,4.05,19.46,11.06
16.44,0,,69.36,11.12,4,-2,70.10,-3.60,3.91,19.28,11.16
16.50,0,,69.60,11.16,4,-2,70.94,-3.46,3.83,19.34,11.38
16.59,0,,70.36,11.24,4,-2,71.74,-3.83,3.59,18.73,11.25
16.71,0,,71.00,11.22,4,-2,70.30,-4.31,3.55,18.21,10.81
16.80,0,,70.97,11.04,1,0,70.10,-4.15,3.83,18.65,10.69
16.89,0,,70.42,10.85,0,1,69.29,-3.58,4.20,19.59,10.89
17.01,0,,69.98,10.79,0,1,70.76,-3.66,4.12,19.43,10.89
17.10,0,,69.99,10.83,0,2,70.09,-3.85,3.89,19.01,10.93
17.19,0,,70.10,10.88,0,2,69.88,-3.87,3.91,19.01,10.89
17.31,0,,70.03,10.85,0,2,69.72,-4.48,3.74,18.23,10.45
17.43,0,,69.73,10.64,4,-2,68.69,-4.84,3.75,17.88,10.08
17.49,0,,69.22,10.36,4,-2,68.58,-4.17,4.19,18.99,10.31
17.61,0,,68.87,10.23,4,-2,69.40,-3.98,4.37,19.36,10.32
17.70,0,,68.88,10.22,4,-2,68.94,-4.30,4.20,18.87,10.17
17.82,0,,69.07,10.28,4,-2,69.63,-3.99,3.98,18.96,10.70
17.94,0,,69.32,10.40,4,-2,69.60,-4.46,3.87,18.38,10.34
18.00,0,,69.53,10.36,4,-2,69.51,-5.00,3.93,17.90,9.74
18.09,0,,69.58,10.18,4,-2,69.43,-4.23,4.11,18.85,10.33
18.21,0,,69.44,10.11,2,-1,68.81,-4.16,4.37,19.18,10.14
18.30,0,,69.30,10.07,4,-2,69.92,-4.59,4.34,18.72,9.74
18.45,0,,69.43,10.03,0,2,69.81,-4.17,4.03,18.83,10.47
18.51,0,,69.51,10.09,0,2,68.58,-4.72,3.98,18.23,9.97
18.60,0,,69.26,10.01,0,2,69.01,-5.24,4.17,17.90,9.26
18.69,0,,68.96,9.80,2,-1,68.66,-4.21,4.36,19.12,10.10
18.81,0,,68.81,9.79,4,-2,68.97,-4.09,4.46,19.34,10.12
18.93,0,,68.76,9.91,4,-2,68.56,-4.64,4.29,18.62,9.74
18.99,0,,68.72,9.96,4,-2,68.78,-4.44,4.01,18.54,10.22
19.11,0,,68.74,9.98,4,-2,68.93,-4.89,4.04,18.12,9.74
19.20,0,,68.75,9.86,4,-2,68.41,-5.06,4.34,18.25,9.27
19.29,0,,68.50,9.68,4,-2,67.34,-4.14,4.50,19.33,10.03
19.44,0,,68.19,9.71,4,-2,69.07,-4.16,4.46,19.27,10.05
19.50,0,,68.41,9.86,4,-2,69.58,-4.59,4.30,18.68,9.78
19.59,0,,68.93,9.93,4,-2,68.95,-4.47,4.09,18.59,10.11
19.71,0,,69.06,9.93,4,-2,68.15,-4.94,4.17,18.20,9.56
19.80,0,,68.81,9.76,1,1,68.77,-4.93,4.49,18.53,9.25
19.89,0,,68.56,9.58,1,1,68.20,-4.12,4.57,19.42,9.98
20.01,0,,68.51,9.62,2,0,69.20,-4.42,4.46,19.01,9.79
20.10,0,,68.71,9.70,1,1,69.08,-4.88,4.29,18.38,9.50
20.19,0,,69.00,9.70,0,2,69.31,-4.68,4.13,18.42,9.86
20.33,0,,69.04,9.68,0,2,67.97,-4.81,4.38,18.54,9.48
20.43,0,,68.72,9.60,1,1,68.43,-4.63,4.74,19.08,9.30
20.49,0,,68.61,9.54,2,-1,69.86,-4.07,4.53,19.43,10.07
20.72,0,,69.26,9.90,0,2,68.83,-4.68,4.29,18.58,9.70
20.72,0,,69.26,9.90,0,2,68.83,-4.68,4.29,18.58,9.70
20.79,0,,69.11,9.92,0,2,68.30,-4.74,4.08,18.31,9.85
20.95,0,,68.65,9.83,1,1,67.86,-4.84,4.31,18.44,9.52
21.00,0,,68.19,9.66,1,1,67.98,-4.51,4.79,19.25,9.37
21.11,0,,68.17,9.59,4,-2,69.75,-3.93,4.55,19.59,10.19
21.21,0,,68.56,9.75,4,-2,68.24,-4.32,4.33,18.98,10.02
21.30,0,,68.77,9.91,4,-2,68.79,-4.67,4.32,18.62,9.68
21.39,0,,68.68,9.93,4,-2,68.14,-4.45,4.07,18.59,10.15
21.51,0,,68.43,9.93,4,-2,67.95,-4.69,4.29,18.57,9.69
21.60,0,,68.08,9.81,4,-2,67.53,-4.58,4.76,19.15,9.33
21.69,0,,67.85,9.67,4,-2,68.27,-3.95,4.58,19.60,10.14
21.81,0,,68.01,9.77,4,-2,69.05,-4.21,4.30,19.06,10.16
21.93,0,,68.47,9.94,2,-1,68.79,-4.69,4.26,18.54,9.72
21.99,0,,68.74,9.96,2,-1,68.40,-4.50,4.21,18.68,9.96
22.11,0,,68.76,9.92,2,0,68.94,-4.35,4.49,19.11,9.83
22.20,0,,68.79,9.86,1,1,68.98,-4.30,4.63,19.30,9.74
22.29,0,,68.92,9.86,0,2,69.18,-4.12,4.34,19.19,10.21
22.44,0,,68.97,9.94,0,2,68.46,-4.37,4.37,18.97,9.93
22.50,0,,68.85,9.96,0,2,68.73,-4.64,4.31,18.64,9.72
22.59,0,,68.68,9.97,0,2,68.48,-3.90,4.25,19.32,10.52
22.71,0,,68.70,10.15,0,2,69.56,-3.38,4.81,20.40,10.48
22.80,0,,68.90,10.29,1,1,68.64,-4.12,4.69,19.54,9.86
22.89,0,,68.90,10.24,1,1,68.41,-4.05,4.29,19.21,10.33
23.04,0,,68.87,10.23,1,1,69.90,-3.69,4.48,19.76,10.50
23.10,0,,68.94,10.32,1,1,67.87,-3.82,4.55,19.70,10.30
23.19,0,,68.88,10.41,0,2,69.57,-3.26,4.70,20.41,10.71
23.35,0,,68.84,10.46,1,1,68.32,-3.93,4.56,19.60,10.18
23.43,0,,68.62,10.32,2,0,67.54,-4.83,4.26,18.40,9.58
23.50,0,,68.31,10.08,2,-1,69.20,-4.00,4.22,19.19,10.45
23.62,0,,68.31,10.09,4,-2,67.93,-3.54,4.68,20.11,10.45
23.70,0,,68.34,10.18,4,-2,68.39,-3.74,5.23,20.46,9.70
23.79,0,,68.32,10.12,4,-2,68.44,-3.74,4.64,19.87,10.29
23.94,0,,68.48,10.11,4,-2,69.28,-4.14,4.27,19.10,10.26
24.00,0,,68.65,10.14,4,-2,67.92,-4.14,4.61,19.44,9.92
24.09,0,,68.40,10.14,4,-2,67.20,-3.40,4.86,20.43,10.41
24.21,0,,67.94,10.16,2,-1,68.28,-3.64,5.00,20.33,10.03
24.30,0,,67.98,10.12,4,-2,69.30,-4.30,4.56,19.23,9.81
24.39,0,,68.21,10.03,4,-2,66.68,-3.93,4.47,19.51,10.27
24.51,0,,67.89,10.00,4,-2,67.24,-3.49,5.38,20.86,9.80
24.63,0,,67.35,9.91,4,-2,67.01,-3.77,5.38,20.58,9.52
24.69,0,,67.17,9.77,4,-2,67.90,-4.22,4.48,19.23,9.97
24.81,0,,67.14,9.72,4,-2,66.03,-4.53,4.59,19.03,9.55
24.93,0,,66.85,9.63,4,-2,66.45,-4.00,5.41,20.38,9.26
24.99,0,,66.60,9.52,4,-2,67.17,-3.52,5.31,20.76,9.84
25.11,0,,66.68,9.53,4,-2,66.75,-4.67,4.52,18.82,9.48
25.20,0,,66.73,9.50,4,-2,66.21,-4.76,4.80,19.01,9.11
25.29,0,,66.52,9.39,4,-2,66.08,-3.44,5.70,21.23,9.53
25.45,0,,66.34,9.33,4,-2,66.77,-3.89,5.59,20.67,9.19
25.50,0,,66.53,9.26,4,-2,67.55,-4.75,4.89,19.11,9.03
25.59,0,,66.54,9.20,4,-2,63.91,-4.24,4.91,19.64,9.52
25.71,0,,65.73,9.22,4,-2,64.59,-3.93,5.74,20.78,9.00
25.80,0,,64.81,9.12,4,-2,64.52,-4.24,5.79,20.52,8.64
25.89,0,,64.57,8.95,4,-2,65.69,-4.45,5.12,19.64,9.10
26.01,0,,64.97,8.91,4,-2,65.89,-4.39,5.23,19.81,9.05
26.10,0,,65.26,8.96,4,-2,63.82,-3.99,5.76,20.74,8.92
26.19,0,,64.86,8.92,4,-2,63.85,-4.35,5.76,20.38,8.56
26.31,0,,64.54,8.73,4,-2,66.26,-4.85,5.56,19.68,8.26
26.43,0,,64.96,8.56,4,-2,65.70,-4.39,5.30,19.88,8.98
26.49,0,,65.40,8.68,4,-2,64.65,-3.95,5.41,20.43,9.31
26.61,0,,65.20,8.93,1,1,64.18,-3.89,5.96,21.04,8.82
26.70,0,,64.76,9.07,0,2,64.82,-3.86,5.52,20.63,9.29
26.79,0,,64.81,9.27,2,0,66.55,-3.72,4.77,20.02,10.18
26.94,0,,65.18,9.67,2,-1,64.00,-3.76,4.91,20.12,10.00
27.01,0,,65.01,9.90,1,1,64.14,-3.66,5.53,20.84,9.48
27.09,0,,64.62,9.86,1,1,65.10,-3.24,5.58,21.31,9.85
27.22,0,,64.76,9.81,2,-1,66.08,-3.78,4.89,20.08,10.00
27.31,0,,65.09,9.83,4,-2,63.99,-4.07,4.94,19.84,9.66
27.39,0,,64.90,9.83,2,-1,64.14,-3.10,5.59,21.46,9.98
27.51,0,,64.41,9.83,2,-1,64.02,-3.35,5.60,21.22,9.72
27.60,0,,64.31,9.76,4,-2,65.69,-4.18,5.09,19.88,9.40
27.69,0,,64.61,9.70,4,-2,64.32,-3.55,4.90,20.32,10.22
27.81,0,,64.77,9.84,4,-2,64.69,-3.08,5.45,21.34,10.14
27.93,0,,64.76,9.94,2,-1,65.01,-3.59,5.70,21.08,9.38
27.99,0,,64.94,9.81,2,-1,65.68,-3.85,5.16,20.28,9.66
28.11,0,,65.03,9.68,2,-1,63.70,-3.78,5.06,20.25,9.83
28.20,0,,64.47,9.66,2,-1,62.63,-3.63,5.44,20.78,9.60
28.29,0,,63.55,9.64,2,-1,63.08,-3.70,5.50,20.77,9.47
28.44,0,,63.18,9.50,4,-2,64.51,-4.29,5.34,20.02,9.04
28.50,0,,63.45,9.31,4,-2,63.44,-4.18,5.21,20.00,9.28
28.59,0,,63.53,9.28,4,-2,62.50,-3.46,5.35,20.86,9.86
28.71,0,,62.96,9.37,4,-2,61.16,-4.04,5.73,20.66,8.90
28.80,0,,62.40,9.22,4,-2,63.95,-4.57,5.56,19.96,8.54
28.95,0,,62.68,9.05,4,-2,63.83,-3.66,5.10,20.41,9.91
29.01,0,,63.17,9.26,4,-2,62.28,-3.53,5.32,20.76,9.82
29.10,0,,63.05,9.48,4,-2,62.39,-4.09,5.82,20.70,8.76
29.19,0,,63.05,9.35,4,-2,65.37,-3.87,5.67,20.77,9.13
29.31,0,,63.70,9.20,4,-2,64.06,-3.78,5.32,20.51,9.57
29.43,0,,63.97,9.25,0,2,61.99,-3.92,5.57,20.62,9.18
29.49,0,,63.38,9.23,0,2,62.82,-3.76,6.02,21.23,8.89
29.61,0,,62.98,9.11,0,2,64.07,-3.76,5.84,21.05,9.07
29.70,0,,63.29,9.08,0,2,64.16,-3.87,5.37,20.47,9.43
29.79,0,,63.44,9.22,0,2,61.27,-3.66,5.46,20.77,9.55
29.94,0,,62.80,9.33,1,1,61.87,-3.69,6.06,21.34,8.92
30.00,0,,62.22,9.20,4,-2,63.11,-3.89,6.05,21.13,8.73
30.09,0,,62.48,9.06,4,-2,63.98,-3.78,5.28,20.47,9.61
30.21,0,,62.92,9.16,4,-2,61.66,-3.87,5.43,20.53,9.37
30.30,0,,62.77,9.23,4,-2,62.33,-3.75,6.28,21.50,8.64
30.45,0,,62.39,9.11,4,-2,62.16,-3.35,6.13,21.75,9.19
30.51,0,,62.41,9.08,4,-2,63.84,-3.63,5.52,20.86,9.52
30.62,0,,62.98,9.29,4,-2,64.10,-3.67,5.23,20.53,9.77
30.69,0,,63.54,9.58,1,1,62.96,-3.07,5.66,21.56,9.94
30.81,0,,63.46,9.69,0,2,62.39,-3.46,6.27,21.78,8.94
30.93,0,,63.07,9.44,0,2,63.26,-3.89,5.97,21.05,8.81
30.99,0,,63.03,9.15,0,2,63.90,-3.51,5.61,21.07,9.55
31.11,0,,63.41,9.19,0,2,64.06,-3.63,5.46,20.80,9.58
31.20,0,,63.76,9.36,0,2,63.44,-3.55,5.79,21.21,9.33
31.29,0,,63.70,9.42,0,2,62.95,-3.14,6.17,22.00,9.36
31.44,0,,63.35,9.38,0,2,62.91,-3.53,5.90,21.34,9.24
31.50,0,,63.22,9.27,1,1,64.39,-3.94,5.78,20.81,8.95
31.59,0,,63.63,9.20,2,0,64.58,-3.64,5.38,20.71,9.65
31.71,0,,63.93,9.33,0,2,62.44,-3.34,5.65,21.28,9.68
31.80,0,,63.57,9.41,0,2,62.91,-3.64,6.38,21.71,8.65
31.95,0,,63.07,9.23,1,1,62.90,-3.53,5.98,21.42,9.16
32.01,0,,63.05,9.13,4,-2,64.50,-3.52,5.59,21.04,9.56
32.10,0,,63.44,9.27,4,-2,63.29,-3.71,5.46,20.72,9.50
32.19,0,,63.60,9.45,2,-1,63.09,-3.14,5.89,21.72,9.64
32.31,0,,63.35,9.46,1,1,62.64,-3.46,6.43,21.94,8.78
32.43,0,,62.99,9.21,4,-2,62.85,-3.79,6.20,21.38,8.68
32.49,0,,62.94,8.98,4,-2,63.93,-3.46,5.70,21.21,9.51
32.61,0,,63.02,9.08,4,-2,61.83,-3.73,5.50,20.74,9.44
32.73,0,,62.71,9.22,4,-2,61.96,-3.66,6.21,21.52,8.80
32.85,0,,62.37,9.14,4,-2,63.13,-3.44,6.28,21.81,8.95
32.95,0,,62.63,9.03,4,-2,63.96,-3.78,5.69,20.88,9.20
33.01,0,,63.15,9.05,4,-2,62.86,-3.98,5.52,20.51,9.17
33.09,0,,63.13,9.15,4,-2,61.73,-3.69,5.62,20.90,9.36
33.22,0,,62.44,9.20,4,-2,60.95,-3.57,6.22,21.62,8.88
33.31,0,,61.89,9.11,4,-2,63.42,-3.52,6.22,21.67,8.93
33.45,0,,62.26,9.05,4,-2,63.72,-3.59,5.63,21.01,9.45
33.51,0,,62.96,9.16,4,-2,62.80,-3.82,5.52,20.67,9.33
33.61,0,,63.03,9.28,1,1,61.59,-3.44,5.97,21.50,9.26
33.69,0,,62.68,9.25,1,1,63.35,-3.56,6.30,21.71,8.81
33.81,0,,62.80,9.08,2,-1,64.08,-3.74,6.04,21.27,8.89
33.93,0,,63.54,8.99,1,1,65.08,-3.68,5.59,20.88,9.40
33.99,0,,64.03,9.09,0,2,62.11,-3.90,5.53,20.60,9.24
34.11,0,,63.50,9.15,0,2,61.78,-3.60,6.29,21.66,8.78
34.20,0,,62.61,9.04,0,2,62.60,-3.53,6.32,21.76,8.82
34.29,0,,62.43,8.95,1,1,63.97,-3.74,5.65,20.88,9.28
34.44,0,,62.89,9.05,2,-1,63.04,-3.74,5.53,20.76,9.40
34.50,0,,63.27,9.23,2,0,63.43,-3.64,5.72,21.05,9.31
34.59,0,,63.29,9.27,2,0,62.54,-3.64,6.20,21.53,8.83
34.71,0,,63.08,9.11,2,-1,63.00,-3.57,6.26,21.66,8.84
34.80,0,,63.12,8.99,4,-2,64.49,-3.68,5.66,20.95,9.33
34.95,0,,63.27,9.06,2,-1,61.60,-3.94,5.46,20.49,9.27
35.01,0,,62.74,9.17,1,1,61.02,-3.54,6.04,21.47,9.09
35.10,0,,62.04,9.16,2,0,63.08,-3.59,6.14,21.52,8.94
35.19,0,,62.08,9.09,4,-2,62.71,-3.78,5.76,20.95,9.13
35.31,0,,62.64,9.10,4,-2,64.04,-3.73,5.56,20.80,9.38
35.43,0,,63.10,9.18,4,-2,62.15,-4.08,5.48,20.37,9.11
35.49,0,,63.03,9.15,2,-1,62.56,-3.95,5.98,21.00,8.74
35.61,0,,62.79,9.00,2,-1,63.18,-3.57,6.16,21.56,8.94
35.70,0,,63.04,8.94,2,-1,64.67,-3.79,5.60,20.78,9.28
35.79,0,,63.56,9.07,0,2,63.05,-3.99,5.34,20.32,9.34
35.94,0,,63.50,9.24,0,2,61.99,-3.55,5.77,21.19,9.35
36.00,0,,63.09,9.26,0,2,63.90,-3.62,6.30,21.65,8.75
36.09,0,,63.03,9.08,0,2,63.00,-3.61,6.23,21.59,8.83
36.21,0,,63.34,8.96,1,1,64.72,-3.60,5.70,21.07,9.37
36.30,0,,63.64,9.06,0,2,62.57,-4.00,5.37,20.34,9.30
36.45,0,,63.37,9.18,0,2,62.05,-3.63,6.05,21.39,8.99
36.49,0,,62.63,9.13,1,1,61.68,-3.66,6.24,21.55,8.77
36.60,0,,62.28,9.01,4,-2,64.00,-3.74,5.74,20.97,9.19
36.69,0,,62.81,9.05,4,-2,64.23,-3.63,5.60,20.94,9.44
36.78,0,,63.31,9.20,4,-2,61.46,-3.98,5.50,20.49,9.19
36.93,0,,62.92,9.22,2,-1,62.11,-3.90,5.92,20.99,8.85
36.99,0,,62.46,9.10,4,-2,63.27,-3.55,6.07,21.49,9.05
37.08,0,,62.58,9.07,4,-2,63.12,-3.59,5.58,20.96,9.50
37.20,0,,62.89,9.22,4,-2,62.94,-3.87,5.38,20.48,9.42
37.29,0,,62.93,9.37,2,0,62.22,-3.51,5.79,21.25,9.37
37.38,0,,62.66,9.36,2,-1,62.24,-3.41,6.28,21.84,8.98
37.50,0,,62.60,9.22,2,0,64.03,-3.49,6.13,21.61,9.05
37.59,0,,63.02,9.15,4,-2,63.45,-3.48,5.63,21.12,9.56
37.68,0,,63.43,9.26,1,1,63.44,-3.83,5.43,20.57,9.41
37.80,0,,63.47,9.34,0,2,62.79,-3.52,6.05,21.50,9.10
37.95,0,,63.11,9.25,0,2,62.04,-3.55,6.20,21.62,8.92
37.98,0,,62.70,9.11,0,2,63.19,-3.64,5.80,21.13,9.23
38.10,0,,62.79,9.12,2,0,63.94,-3.60,5.61,20.98,9.46
38.19,0,,63.07,9.22,1,1,62.01,-4.06,5.49,20.40,9.12
38.28,0,,62.87,9.18,2,0,62.21,-3.94,6.06,21.09,8.67
38.43,0,,62.53,8.98,2,-1,62.92,-3.63,6.20,21.54,8.84
38.49,0,,62.78,8.88,4,-2,64.68,-3.69,5.72,21.00,9.26
38.58,0,,63.45,9.00,2,-1,63.41,-3.84,5.49,20.62,9.34
38.70,0,,63.59,9.20,1,1,62.03,-3.73,5.61,20.85,9.33
38.79,0,,63.08,9.25,1,1,62.67,-3.70,6.15,21.42,8.82
38.88,0,,62.78,9.13,0,2,63.75,-3.57,6.12,21.52,8.98
39.00,0,,63.17,9.06,1,1,64.55,-3.66,5.53,20.84,9.48
39.09,0,,63.70,9.18,0,2,63.03,-4.03,5.28,20.22,9.36
39.18,0,,63.74,9.30,0,2,63.43,-3.60,5.82,21.19,9.25
39.30,0,,63.49,9.27,0,2,63.03,-3.59,6.22,21.60,8.86
39.45,0,,63.28,9.11,1,1,63.42,-3.60,6.05,21.42,9.02
39.48,0,,63.25,9.03,2,0,63.47,-3.71,5.69,20.95,9.27
39.60,0,,63.22,9.08,1,1,62.50,-4.18,5.40,20.19,9.09
39.69,0,,62.80,9.10,1,1,61.25,-3.74,6.00,21.23,8.93
39.78,0,,62.46,8.99,4,-2,64.51,-3.87,6.22,21.32,8.58
39.93,0,,62.79,8.82,4,-2,62.76,-3.82,5.99,21.14,8.86
39.99,0,,63.24,8.79,4,-2,63.89,-3.72,5.80,21.05,9.15
40.08,0,,63.38,8.90,4,-2,62.55,-4.29,5.44,20.12,8.94
40.20,0,,63.02,8.92,2,-1,61.48,-4.08,6.04,20.93,8.55
40.29,0,,62.42,8.78,4,-2,62.75,-4.02,6.15,21.10,8.50
40.38,0,,62.32,8.66,4,-2,63.21,-3.91,5.74,20.80,9.02
40.50,0,,62.85,8.75,4,-2,64.33,-3.91,5.71,20.77,9.05
40.59,0,,63.20,8.88,4,-2,61.12,-4.38,5.55,20.14,8.74
40.68,0,,62.76,8.82,2,0,62.11,-4.37,6.05,20.65,8.25
40.80,0,,62.33,8.59,4,-2,63.33,-4.02,6.18,21.13,8.47
40.95,0,,62.58,8.52,4,-2,63.35,-3.80,5.74,20.91,9.13
40.98,0,,62.99,8.71,4,-2,62.91,-4.16,5.53,20.34,8.98
41.10,0,,63.02,8.91,0,2,62.20,-4.18,5.60,20.39,8.89
41.19,0,,62.78,8.92,0,2,62.83,-4.06,6.05,20.96,8.56
41.31,0,,62.53,8.80,2,0,61.90,-3.89,6.05,21.13,8.73
41.43,0,,62.54,8.77,2,-1,64.04,-3.82,5.64,20.79,9.21
41.49,0,,63.04,8.91,2,-1,64.01,-4.26,5.34,20.05,9.07
41.58,0,,63.37,9.03,0,2,61.58,-4.00,5.71,20.68,8.96
41.70,0,,62.94,8.98,0,2,62.36,-3.84,6.30,21.43,8.53
41.79,0,,62.63,8.81,1,1,63.98,-3.82,6.11,21.26,8.74
41.88,0,,63.06,8.76,2,-1,64.11,-3.84,5.61,20.74,9.22
42.00,0,,63.74,8.91,0,2,64.37,-4.25,5.27,19.99,9.15
42.09,0,,63.86,9.07,0,2,61.58,-3.92,5.75,20.80,9.00
42.18,0,,63.24,9.02,0,2,62.97,-3.88,6.32,21.41,8.47
42.30,0,,62.91,8.84,0,2,64.25,-3.83,5.99,21.13,8.85
42.45,0,,63.47,8.81,1,1,65.14,-3.84,5.47,20.60,9.36
42.48,0,,64.22,8.99,0,2,63.88,-4.38,5.18,19.77,9.11
42.60,0,,64.00,9.10,0,2,60.79,-4.03,5.72,20.66,8.92
42.69,0,,62.91,8.99,0,2,62.64,-4.05,6.26,21.18,8.36
42.78,0,,62.21,8.73,4,-2,62.49,-4.05,6.02,20.94,8.60
42.93,0,,62.47,8.62,4,-2,64.71,-3.97,5.61,20.61,9.09
43.02,0,,63.14,8.73,4,-2,62.49,-4.50,5.36,19.83,8.81
43.11,0,,63.18,8.82,4,-2,61.84,-4.13,5.85,20.69,8.69
43.20,0,,62.74,8.75,4,-2,63.08,-4.07,6.23,21.13,8.37
43.29,0,,62.66,8.61,4,-2,63.31,-4.03,5.99,20.93,8.65
43.38,0,,63.16,8.61,4,-2,64.91,-3.94,5.64,20.67,9.09
43.50,0,,63.90,8.78,1,1,64.11,-4.45,5.28,19.80,8.94
43.59,0,,64.16,8.91,2,0,62.91,-4.15,5.73,20.55,8.79
43.71,0,,63.74,8.83,0,2,62.98,-4.13,6.21,21.05,8.33
43.80,0,,63.20,8.64,0,2,62.86,-4.05,6.03,20.95,8.59
43.95,0,,63.05,8.57,0,2,64.04,-4.00,5.74,20.71,8.93
44.01,0,,63.18,8.67,0,2,62.57,-4.48,5.44,19.93,8.75
44.10,0,,62.94,8.74,1,1,61.47,-4.16,5.86,20.67,8.65
44.19,0,,62.50,8.67,4,-2,63.35,-4.17,6.25,21.05,8.25
44.31,0,,62.53,8.53,4,-2,63.03,-4.10,5.99,20.86,8.58
44.43,0,,63.02,8.51,4,-2,64.36,-4.03,5.73,20.67,8.91
44.49,0,,63.50,8.64,4,-2,63.01,-4.58,5.39,19.78,8.70
44.61,0,,63.49,8.73,2,0,62.54,-4.34,5.62,20.25,8.71
44.70,0,,62.96,8.68,1,1,61.84,-4.37,6.10,20.70,8.20
44.79,0,,62.64,8.49,2,0,64.31,-4.34,6.03,20.66,8.30
44.94,0,,63.06,8.40,2,0,63.95,-3.99,5.76,20.74,8.92
45.00,0,,63.67,8.55,2,0,63.83,-4.45,5.45,19.97,8.77
45.09,0,,63.71,8.67,0,2,62.11,-4.65,5.60,19.92,8.42
45.21,0,,63.08,8.57,0,2,61.93,-4.60,6.03,20.40,8.04
45.30,0,,62.55,8.36,2,-1,63.61,-4.29,5.98,20.66,8.40
45.45,0,,62.59,8.33,4,-2,62.42,-4.02,5.85,20.80,8.80
45.51,0,,62.87,8.48,4,-2,63.96,-4.53,5.55,19.99,8.59
45.60,0,,63.13,8.60,2,-1,62.52,-4.67,5.46,19.76,8.54
45.69,0,,63.11,8.53,2,-1,62.82,-4.67,6.02,20.32,7.98
45.81,0,,62.92,8.30,4,-2,62.85,-4.60,6.07,20.44,8.00
45.93,0,,62.91,8.15,4,-2,63.51,-4.16,5.90,20.71,8.61
45.99,0,,63.30,8.26,2,-1,64.75,-4.42,5.71,20.26,8.54
46.11,0,,63.62,8.45,0,2,61.86,-4.71,5.38,19.64,8.58
46.20,0,,63.07,8.51,2,0,61.10,-4.55,5.94,20.36,8.18
46.29,0,,62.31,8.38,1,1,63.64,-4.57,6.12,20.52,7.98
46.44,0,,62.55,8.26,2,-1,64.26,-4.13,5.79,20.63,8.75
46.50,0,,63.36,8.37,2,-1,63.75,-4.36,5.61,20.22,8.70
46.59,0,,63.80,8.56,0,2,63.33,-4.91,5.26,19.32,8.50
46.71,0,,63.58,8.59,0,2,62.18,-4.42,5.84,20.39,8.41
46.80,0,,62.99,8.45,1,1,62.58,-4.55,6.24,20.66,7.88
46.95,0,,62.60,8.23,1,1,62.87,-4.46,5.93,20.44,8.28
47.01,0,,62.70,8.19,1,1,63.65,-4.23,5.77,20.51,8.67
47.10,0,,63.14,8.35,1,1,63.76,-4.83,5.40,19.54,8.44
47.19,0,,63.45,8.44,0,2,62.85,-4.70,5.70,19.97,8.27
47.31,0,,63.15,8.34,2,0,61.42,-4.68,6.14,20.43,7.85
47.43,0,,62.69,8.13,2,-1,64.04,-4.67,5.99,20.29,8.01
47.49,0,,62.79,8.02,4,-2,62.97,-4.36,5.97,20.58,8.34
47.61,0,,63.31,8.11,2,-1,64.92,-4.76,5.60,19.81,8.31
47.70,0,,63.71,8.23,2,0,62.43,-4.95,5.51,19.53,8.21
47.79,0,,63.38,8.19,0,2,61.70,-4.95,6.07,20.09,7.65
47.94,0,,62.74,7.98,1,1,63.44,-4.91,6.00,20.06,7.76
48.00,0,,62.73,7.88,2,0,63.62,-4.44,5.83,20.36,8.40
48.09,0,,63.24,8.03,2,-1,64.18,-4.71,5.60,19.86,8.36
48.21,0,,63.68,8.23,2,0,63.24,-5.16,5.27,19.08,8.24
48.30,0,,63.50,8.27,0,2,61.83,-4.84,5.87,20.00,7.96
48.45,0,,62.74,8.11,2,0,61.64,-4.89,6.09,20.17,7.69
48.51,0,,62.24,7.94,2,0,63.62,-4.75,5.76,19.98,8.16
48.60,0,,62.69,7.99,4,-2,64.60,-4.51,5.68,20.14,8.48
48.69,0,,63.54,8.20,2,-1,63.51,-5.06,5.28,19.19,8.33
48.81,0,,63.70,8.29,2,0,61.98,-5.24,5.52,19.25,7.91
48.93,0,,63.06,8.10,2,0,62.11,-5.33,5.95,19.59,7.39
48.99,0,,62.45,7.79,2,-1,62.75,-5.32,5.62,19.27,7.73
49.11,0,,62.51,7.66,4,-2,63.89,-5.13,5.53,19.37,8.01
49.20,0,,63.17,7.77,2,-1,64.41,-5.12,5.58,19.43,7.97
49.29,0,,63.85,7.97,2,-1,63.83,-4.85,5.38,19.50,8.44
49.44,0,,64.13,8.18,0,2,64.07,-5.06,5.35,19.26,8.26
49.50,0,,64.17,8.26,0,2,64.25,-5.30,5.43,19.10,7.94
49.59,0,,64.11,8.19,0,2,63.59,-5.17,5.27,19.07,8.23
49.71,0,,63.85,8.10,0,2,63.14,-5.54,5.32,18.75,7.81
49.80,0,,63.42,7.92,0,2,62.77,-5.65,5.64,18.96,7.38
49.95,0,,63.05,7.70,0,2,63.08,-5.27,5.59,19.29,7.81
50.01,0,,62.91,7.63,2,-1,62.98,-5.42,5.45,19.00,7.80
50.10,0,,63.04,7.66,1,1,63.88,-5.68,5.50,18.79,7.49
50.19,0,,63.40,7.63,4,-2,63.95,-5.66,5.43,18.74,7.58
50.34,0,,63.36,7.54,4,-2,60.76,-5.88,5.49,18.58,7.30
50.43,0,,62.60,7.37,4,-2,62.26,-6.09,5.68,18.56,6.90
50.49,0,,62.15,7.18,4,-2,63.24,-5.82,5.58,18.73,7.27
50.61,0,,62.37,7.12,4,-2,62.53,-5.89,5.56,18.64,7.22
50.70,0,,62.63,7.10,4,-2,62.66,-6.24,5.71,18.44,6.72
50.79,0,,62.75,7.01,4,-2,63.06,-5.85,5.65,18.77,7.17
50.94,0,,62.71,7.00,4,-2,61.68,-5.83,5.74,18.88,7.10
51.00,0,,62.30,6.99,4,-2,61.32,-6.21,5.88,18.64,6.58
51.09,0,,61.91,6.90,2,-1,62.80,-5.88,5.71,18.80,7.08
51.21,0,,62.08,6.89,4,-2,62.82,-5.95,5.71,18.73,7.01
51.30,0,,62.43,6.90,2,-1,62.17,-6.27,5.84,18.54,6.56
51.45,0,,62.54,6.83,2,0,62.69,-5.94,5.77,18.80,6.96
51.51,0,,62.54,6.84,2,-1,62.41,-5.91,5.73,18.79,7.03
51.60,0,,62.42,6.89,2,-1,61.72,-6.12,5.78,18.63,6.77
51.69,0,,62.15,6.89,2,-1,61.99,-6.06,5.77,18.68,6.84
51.81,0,,62.03,6.83,2,-1,62.60,-6.17,5.81,18.61,6.69
51.93,0,,62.22,6.74,2,0,62.62,-6.22,5.86,18.61,6.59
51.99,0,,62.51,6.69,1,1,62.83,-6.00,5.77,18.74,6.90
52.11,0,,62.66,6.72,1,1,62.34,-6.12,5.79,18.64,6.76
52.20,0,,62.54,6.72,1,1,61.89,-6.36,5.92,18.53,6.39
52.29,0,,62.21,6.64,2,0,61.73,-6.07,5.80,18.70,6.80
52.44,0,,61.93,6.62,2,-1,62.07,-6.23,5.80,18.54,6.64
52.50,0,,61.86,6.59,2,-1,61.91,-6.52,5.94,18.39,6.21
52.59,0,,61.96,6.50,2,-1,62.40,-6.12,5.79,18.64,6.76
52.71,0,,62.10,6.52,2,-1,62.04,-6.27,5.79,18.49,6.61
52.80,0,,62.20,6.55,4,-2,62.35,-6.48,5.89,18.38,6.30
52.95,0,,62.22,6.55,4,-2,62.03,-5.99,5.72,18.70,6.96
53.01,0,,62.20,6.67,4,-2,62.28,-6.01,5.77,18.73,6.89
53.10,0,,62.15,6.79,2,-1,61.85,-6.16,5.84,18.65,6.67
53.19,0,,62.07,6.82,2,-1,62.15,-6.02,5.73,18.68,6.92
53.31,0,,62.05,6.79,2,-1,62.13,-6.32,5.86,18.51,6.49
53.43,0,,62.10,6.66,2,-1,62.21,-6.44,5.89,18.42,6.34
53.49,0,,62.20,6.54,2,-1,62.54,-6.08,5.74,18.63,6.85
53.61,0,,62.28,6.57,2,-1,61.89,-6.25,5.84,18.56,6.58
53.70,0,,62.37,6.58,1,1,63.33,-6.48,5.90,18.39,6.29
53.79,0,,62.62,6.55,1,1,62.70,-6.02,5.72,18.67,6.93
53.94,0,,62.81,6.62,0,2,62.63,-6.14,5.81,18.64,6.72
54.00,0,,62.67,6.65,0,2,61.85,-6.51,5.96,18.42,6.20
54.09,0,,62.21,6.56,0,2,61.15,-6.10,5.82,18.69,6.75
54.21,0,,61.86,6.55,2,0,62.96,-6.15,5.85,18.67,6.67
54.30,0,,62.00,6.57,2,-1,62.21,-6.44,5.92,18.45,6.31
54.45,0,,62.32,6.55,2,-1,62.78,-6.08,5.76,18.65,6.83
54.51,0,,62.49,6.63,2,0,62.12,-6.02,5.77,18.72,6.88
54.60,0,,62.43,6.74,2,0,62.19,-6.17,5.83,18.63,6.67
54.69,0,,62.27,6.78,4,-2,62.09,-6.05,5.78,18.70,6.84
54.81,0,,62.15,6.77,4,-2,62.16,-6.23,5.86,18.60,6.58
54.93,0,,62.11,6.68,2,-1,62.13,-6.33,5.88,18.52,6.46
54.99,0,,62.10,6.61,1,1,62.03,-6.01,5.76,18.72,6.90
55.11,0,,62.10,6.67,2,0,62.18,-6.12,5.81,18.66,6.74
55.20,0,,62.17,6.70,2,-1,62.60,-6.35,5.89,18.51,6.43
55.29,0,,62.22,6.65,2,-1,61.48,-6.07,5.84,18.74,6.76
55.44,0,,62.09,6.62,2,-1,62.28,-6.19,5.90,18.68,6.58
55.50,0,,61.94,6.58,2,0,61.43,-6.36,5.97,18.58,6.34
55.59,0,,61.88,6.53,2,0,62.52,-6.00,5.86,18.83,6.81
55.71,0,,61.81,6.57,2,-1,60.60,-6.16,5.93,18.74,6.58
55.80,0,,61.61,6.58,2,-1,62.16,-6.32,6.00,18.65,6.35
55.95,0,,61.65,6.55,4,-2,62.24,-5.96,5.87,18.88,6.84
56.01,0,,61.93,6.62,4,-2,61.98,-5.99,5.86,18.84,6.82
56.10,0,,62.06,6.73,4,-2,61.92,-6.06,5.90,18.81,6.71
56.19,0,,62.09,6.78,2,-1,62.39,-5.97,5.87,18.87,6.83
56.31,0,,62.15,6.77,1,1,62.04,-6.14,5.94,18.77,6.59
56.43,0,,62.12,6.70,1,1,61.81,-6.13,5.96,18.80,6.58
56.49,0,,61.89,6.65,0,2,61.12,-5.96,5.90,18.91,6.81
56.61,0,,61.64,6.68,1,1,62.07,-6.01,5.92,18.88,6.74
56.70,0,,61.69,6.73,2,0,62.20,-5.97,5.92,18.92,6.78
56.79,0,,61.84,6.79,2,-1,61.33,-5.85,5.84,18.96,6.98
56.94,0,,61.74,6.86,2,-1,61.45,-5.92,5.86,18.91,6.89
57.00,0,,61.75,6.90,2,-1,62.99,-5.91,5.92,18.98,6.84
57.09,0,,62.11,6.90,2,-1,62.31,-5.81,5.88,19.04,6.98
57.21,0,,62.27,6.93,2,-1,61.27,-5.79,5.87,19.05,7.01
57.30,0,,62.07,6.96,1,1,62.40,-5.78,5.94,19.13,6.95
57.45,0,,62.14,6.97,1,1,63.15,-5.81,5.96,19.12,6.90
57.51,0,,62.47,6.94,1,1,62.24,-5.81,5.92,19.08,6.94
57.63,0,,62.52,6.92,0,2,61.92,-5.84,5.93,19.06,6.90
57.69,0,,62.32,6.91,0,2,62.41,-5.86,5.95,19.06,6.86
57.81,0,,62.21,6.89,0,2,62.12,-5.84,5.92,19.05,6.91
57.93,0,,62.20,6.88,1,1,62.32,-5.89,5.91,18.99,6.87
57.99,0,,62.26,6.89,1,1,62.54,-5.84,5.88,19.01,6.95
58.11,0,,62.47,6.92,1,1,63.08,-5.76,5.88,19.09,7.03
58.20,0,,62.58,6.97,1,1,61.63,-5.82,5.89,19.04,6.96
58.29,0,,62.40,6.98,1,1,62.35,-5.84,5.91,19.04,6.92
58.44,0,,62.22,6.96,2,0,62.32,-5.75,5.97,19.19,6.95
58.50,0,,62.22,6.94,2,-1,62.25,-5.76,5.94,19.15,6.97
58.59,0,,62.20,6.95,2,0,61.90,-5.78,5.90,19.09,6.99
58.71,0,,62.11,6.97,2,0,62.12,-5.71,5.95,19.21,7.01
58.80,0,,62.12,7.00,2,-1,62.53,-5.63,5.94,19.28,7.10
58.95,0,,62.36,7.05,2,-1,63.10,-5.65,5.93,19.25,7.09
59.01,0,,62.59,7.06,1,1,61.99,-5.73,5.98,19.22,6.96
59.10,0,,62.67,7.04,2,0,63.39,-5.66,5.95,19.26,7.06
59.19,0,,62.77,7.04,1,1,62.51,-5.63,5.91,19.25,7.13
59.31,0,,62.75,7.05,0,2,62.33,-5.74,5.99,19.22,6.94
59.43,0,,62.55,7.03,0,2,62.35,-5.64,5.99,19.32,7.04
59.49,0,,62.42,7.03,0,2,62.58,-5.63,5.92,19.26,7.12
59.61,0,,62.24,7.04,1,1,61.07,-5.75,5.97,19.19,6.95
59.70,0,,61.95,7.02,2,0,62.43,-5.67,6.00,19.30,7.00
59.79,0,,61.91,7.02,4,-2,62.13,-5.59,5.92,19.30,7.16
59.94,0,,62.08,7.07,4,-2,62.33,-5.61,5.91,19.27,7.15
60.00,0,,62.07,7.12,4,-2,61.15,-5.58,5.99,19.38,7.10
60.09,0,,61.75,7.12,4,-2,61.21,-5.56,6.03,19.44,7.08
60.21,0,,61.46,7.10,4,-2,61.93,-5.62,5.98,19.33,7.07
60.30,0,,61.57,7.08,4,-2,62.17,-5.57,5.96,19.36,7.14
60.45,0,,61.91,7.10,4,-2,62.35,-5.51,5.97,19.43,7.19
60.51,0,,62.25,7.13,2,-1,62.67,-5.61,5.97,19.33,7.09
60.60,0,,62.52,7.13,2,-1,62.63,-5.59,5.96,19.34,7.12
60.69,0,,62.79,7.14,0,2,63.65,-5.50,5.95,19.42,7.22
60.81,0,,63.06,7.16,0,2,62.71,-5.50,5.95,19.42,7.22
60.93,0,,62.92,7.19,0,2,61.54,-5.56,5.97,19.38,7.14
60.99,0,,62.41,7.16,0,2,62.33,-5.65,6.02,19.34,7.00
61.11,0,,62.01,7.08,0,2,61.39,-5.62,6.06,19.41,6.99
61.20,0,,61.86,7.01,1,1,62.68,-5.59,6.09,19.47,6.99
61.29,0,,62.06,6.98,2,-1,62.53,-5.55,6.11,19.53,7.01
61.44,0,,62.36,6.99,2,0,62.39,-5.45,6.11,19.63,7.11
61.50,0,,62.54,7.04,4,-2,62.86,-5.48,6.10,19.59,7.09
61.59,0,,62.67,7.11,4,-2,62.73,-5.34,6.03,19.66,7.30
61.71,0,,62.65,7.19,2,-1,61.88,-5.35,6.06,19.68,7.26
61.80,0,,62.41,7.22,1,1,62.37,-5.52,6.11,19.56,7.04
61.92,0,,62.23,7.19,0,2,62.09,-5.37,6.07,19.67,7.23
62.01,0,,62.22,7.19,0,2,62.69,-5.28,6.06,19.75,7.33
62.10,0,,62.31,7.25,1,1,62.11,-5.27,6.02,19.72,7.38
62.19,0,,62.30,7.34,2,0,62.08,-5.23,6.00,19.74,7.44
62.31,0,,62.21,7.36,2,-1,62.24,-5.41,6.13,19.69,7.13
62.43,0,,62.29,7.28,1,1,63.09,-5.45,6.13,19.65,7.09
62.49,0,,62.67,7.21,2,-1,63.45,-5.24,6.01,19.74,7.42
62.61,0,,63.10,7.23,0,2,63.19,-5.38,6.07,19.66,7.22
62.70,0,,63.24,7.23,0,2,62.74,-5.55,6.10,19.52,7.02
62.79,0,,62.95,7.20,0,2,61.76,-5.24,6.00,19.73,7.43
62.94,0,,62.44,7.23,0,2,62.30,-5.37,6.08,19.68,7.22
63.00,0,,62.21,7.22,0,2,62.69,-5.58,6.13,19.52,6.96
63.09,0,,62.24,7.19,1,1,61.85,-5.16,5.99,19.80,7.52
63.21,0,,62.19,7.24,2,0,62.15,-5.33,6.09,19.73,7.25
63.30,0,,62.14,7.27,2,0,62.33,-5.51,6.13,19.59,7.03
63.42,0,,62.25,7.26,4,-2,62.66,-5.03,5.97,19.91,7.67
63.51,0,,62.39,7.37,4,-2,62.24,-5.08,6.02,19.91,7.57
63.60,0,,62.57,7.49,4,-2,63.51,-5.26,6.03,19.74,7.38
63.69,0,,62.87,7.52,1,1,62.95,-5.11,5.98,19.84,7.58
63.81,0,,62.99,7.48,0,2,62.36,-5.33,6.10,19.74,7.24
63.93,0,,62.69,7.37,1,1,61.73,-5.49,6.12,19.60,7.06
63.99,0,,62.27,7.25,1,1,62.33,-5.15,6.04,19.86,7.48
64.11,0,,62.02,7.28,1,1,61.66,-5.17,6.07,19.87,7.43
64.20,0,,62.04,7.34,2,0,63.10,-5.38,6.10,19.69,7.19
64.29,0,,62.44,7.37,2,-1,63.34,-5.02,5.99,19.94,7.66
64.44,0,,63.08,7.46,2,-1,64.03,-5.03,6.00,19.94,7.64
64.50,0,,63.38,7.54,1,1,61.84,-5.26,6.07,19.78,7.34
64.59,0,,63.05,7.55,0,2,62.73,-4.92,6.02,20.07,7.73
64.71,0,,62.63,7.57,0,2,62.37,-5.05,6.08,20.00,7.54
64.80,0,,62.47,7.55,0,2,62.72,-5.28,6.13,19.82,7.26
64.92,0,,62.62,7.49,1,1,63.53,-4.90,6.00,20.07,7.77
65.01,0,,62.88,7.56,1,1,62.35,-4.86,5.97,20.08,7.84
65.10,0,,62.76,7.68,1,1,61.90,-5.03,6.06,20.00,7.58
65.19,0,,62.52,7.70,1,1,63.28,-4.98,6.09,20.08,7.60
65.31,0,,62.62,7.63,4,-2,62.93,-5.09,6.10,19.98,7.48
65.43,0,,62.78,7.54,4,-2,62.33,-5.15,6.12,19.94,7.40
65.49,0,,62.75,7.49,2,0,62.97,-4.90,6.01,20.08,7.76
65.61,0,,62.73,7.56,1,1,62.63,-4.98,6.03,20.02,7.66
65.70,0,,62.71,7.61,1,1,62.59,-5.18,6.11,19.90,7.38
65.79,0,,62.63,7.59,2,-1,62.46,-4.82,5.99,20.14,7.86
65.94,0,,62.51,7.63,2,-1,62.23,-4.99,6.08,20.06,7.60
66.00,0,,62.44,7.61,2,-1,62.85,-5.28,6.18,19.87,7.21
66.09,0,,62.69,7.54,2,-1,63.88,-4.74,5.98,20.21,7.95
66.21,0,,63.16,7.61,2,0,63.18,-4.91,6.03,20.09,7.73
66.30,0,,63.34,7.66,0,2,62.87,-5.23,6.13,19.87,7.31
66.42,0,,63.20,7.63,0,2,62.97,-4.73,6.00,20.24,7.94
66.51,0,,63.07,7.70,0,2,63.31,-4.69,6.00,20.28,7.98
66.60,0,,63.13,7.84,0,2,63.37,-4.84,6.01,20.14,7.82
66.69,0,,63.21,7.92,0,2,62.96,-4.66,5.97,20.28,8.04
66.81,0,,63.10,7.93,0,2,62.55,-4.84,6.07,20.20,7.76
66.93,0,,62.94,7.86,0,2,63.32,-4.97,6.09,20.09,7.61
66.99,0,,63.05,7.80,1,1,63.75,-4.61,5.95,20.31,8.11
67.11,0,,63.26,7.87,1,1,62.76,-4.61,5.99,20.35,8.07
67.20,0,,63.13,7.94,1,1,62.37,-4.90,6.12,20.19,7.65
67.29,0,,62.85,7.92,2,-1,63.13,-4.56,5.97,20.38,8.14
67.44,0,,62.98,7.97,2,-1,64.36,-4.52,5.94,20.39,8.21
67.50,0,,63.43,8.05,2,-1,63.18,-4.80,6.04,20.21,7.83
67.59,0,,63.74,8.07,1,1,64.48,-4.46,5.88,20.39,8.33
67.71,0,,63.88,8.12,0,2,63.25,-4.60,5.87,20.24,8.20
67.80,0,,63.85,8.14,0,2,64.02,-4.87,6.01,20.11,7.79
67.92,0,,63.77,8.08,0,2,63.57,-4.49,5.90,20.38,8.28
68.01,0,,63.60,8.11,0,2,62.78,-4.51,5.84,20.30,8.32
68.10,0,,63.39,8.20,0,2,64.05,-4.60,5.87,20.24,8.20
68.19,0,,63.39,8.26,0,2,63.07,-4.45,5.83,20.35,8.39
68.31,0,,63.45,8.28,1,1,63.85,-4.69,5.87,20.15,8.11
68.43,0,,63.49,8.21,1,1,63.22,-4.79,5.94,20.12,7.94
68.49,0,,63.44,8.12,4,-2,63.23,-4.47,5.86,20.36,8.34
68.61,0,,63.27,8.13,4,-2,62.85,-4.64,5.87,20.20,8.16
68.70,0,,63.00,8.13,4,-2,62.45,-4.89,5.97,20.05,7.81
68.79,0,,62.79,8.09,4,-2,63.25,-4.41,5.82,20.38,8.44
68.94,0,,62.96,8.15,4,-2,63.94,-4.55,5.85,20.27,8.27
69.00,0,,63.36,8.19,4,-2,63.38,-4.90,5.92,19.99,7.85
69.12,0,,63.59,8.17,2,-1,63.65,-4.41,5.72,20.28,8.54
69.21,0,,63.67,8.23,1,1,63.88,-4.57,5.80,20.20,8.30
69.30,0,,63.74,8.26,2,-1,63.57,-4.90,5.89,19.96,7.88
69.42,0,,63.79,8.20,0,2,64.21,-4.46,5.71,20.22,8.50
69.51,0,,63.98,8.27,0,2,64.52,-4.39,5.70,20.28,8.58
69.60,0,,64.19,8.41,0,2,63.88,-4.52,5.75,20.20,8.40
69.69,0,,64.26,8.50,0,2,64.53,-4.37,5.66,20.26,8.64
69.81,0,,64.25,8.54,0,2,63.90,-4.49,5.74,20.22,8.44
69.93,0,,64.27,8.51,0,2,64.82,-4.57,5.79,20.19,8.31
69.99,0,,64.50,8.47,0,2,65.29,-4.26,5.65,20.36,8.76
70.11,0,,64.77,8.53,0,2,64.15,-4.32,5.70,20.35,8.65
70.20,0,,64.76,8.59,0,2,64.86,-4.51,5.78,20.24,8.38
70.29,0,,64.79,8.59,0,2,65.43,-4.18,5.63,20.42,8.86
70.47,0,,64.88,8.65,0,2,64.06,-4.29,5.66,20.34,8.72
70.50,0,,64.80,8.68,0,2,65.19,-4.50,5.73,20.20,8.44
70.59,0,,64.79,8.67,0,2,64.83,-4.12,5.59,20.44,8.96
70.71,0,,64.92,8.72,0,2,65.31,-4.31,5.61,20.27,8.75
70.80,0,,65.09,8.73,0,2,65.29,-4.54,5.70,20.13,8.43
70.92,0,,65.36,8.69,0,2,66.17,-4.11,5.55,20.41,9.01
71.01,0,,65.70,8.78,0,2,65.85,-4.12,5.44,20.29,9.11
71.10,0,,65.76,8.94,0,2,64.65,-4.26,5.45,20.16,8.96
71.19,0,,65.41,9.03,0,2,65.14,-4.12,5.42,20.27,9.13
71.31,0,,65.06,9.07,0,2,64.78,-4.25,5.38,20.10,9.04
71.43,0,,64.91,9.07,0,2,65.13,-4.31,5.36,20.02,9.00
71.49,0,,64.97,9.06,1,1,65.40,-4.21,5.30,20.06,9.16
71.61,0,,65.15,9.08,2,-1,65.19,-4.24,5.29,20.02,9.14
71.70,0,,65.14,9.11,4,-2,64.36,-4.23,5.35,20.09,9.09
71.79,0,,64.92,9.12,4,-2,64.98,-4.15,5.38,20.20,9.14
71.94,0,,64.87,9.14,4,-2,65.46,-4.03,5.38,20.32,9.26
72.00,0,,65.00,9.20,4,-2,64.66,-3.97,5.38,20.38,9.32
72.09,0,,65.09,9.27,2,-1,65.67,-4.00,5.36,20.33,9.31
72.21,0,,65.33,9.32,1,1,65.97,-3.96,5.34,20.35,9.37
72.30,0,,65.66,9.35,1,1,65.72,-3.90,5.38,20.45,9.39
72.42,0,,65.74,9.37,0,2,65.19,-3.95,5.38,20.40,9.34
72.51,0,,65.53,9.37,0,2,65.04,-3.96,5.35,20.36,9.36
72.60,0,,65.32,9.37,0,2,65.70,-3.84,5.35,20.48,9.48
72.69,0,,65.30,9.41,0,2,65.08,-3.85,5.31,20.43,9.51
72.81,0,,65.27,9.46,0,2,65.15,-3.95,5.28,20.30,9.44
72.93,0,,65.15,9.47,1,1,64.85,-3.93,5.31,20.35,9.43
72.99,0,,65.08,9.46,2,-1,65.42,-3.88,5.29,20.38,9.50
73.11,0,,65.16,9.46,4,-2,65.43,-3.97,5.28,20.28,9.42
73.20,0,,65.44,9.44,4,-2,66.34,-4.00,5.32,20.29,9.35
73.29,0,,65.62,9.41,2,-1,64.42,-3.92,5.32,20.37,9.43
73.44,0,,65.39,9.38,1,1,65.20,-4.00,5.36,20.33,9.31
73.50,0,,65.12,9.34,1,1,65.11,-4.07,5.43,20.33,9.17
73.59,0,,64.95,9.24,2,-1,64.36,-4.06,5.53,20.44,9.08
73.71,0,,64.64,9.11,4,-2,63.90,-4.05,5.74,20.66,8.88
73.80,0,,64.32,8.98,4,-2,64.59,-3.82,5.93,21.08,8.92
73.92,0,,64.09,8.91,4,-2,63.13,-3.60,6.08,21.45,8.99
74.01,0,,64.05,8.93,4,-2,65.65,-3.53,6.11,21.55,9.03
74.10,0,,64.28,9.01,4,-2,63.62,-3.45,5.95,21.47,9.27
74.19,0,,64.35,9.15,4,-2,64.23,-3.43,5.83,21.37,9.41
74.31,0,,64.34,9.33,4,-2,65.16,-3.34,5.72,21.35,9.61
74.43,0,,64.71,9.52,4,-2,65.64,-3.26,5.62,21.33,9.79
74.49,0,,65.28,9.70,4,-2,66.02,-3.27,5.49,21.19,9.91
74.61,0,,65.72,9.87,0,2,65.59,-3.20,5.39,21.16,10.08
74.70,0,,66.00,10.00,0,2,66.93,-3.16,5.41,21.22,10.10
74.79,0,,66.18,10.08,0,2,65.37,-3.23,5.34,21.08,10.10
74.94,0,,66.04,10.12,0,2,65.56,-3.27,5.25,20.95,10.15
75.00,0,,65.73,10.13,0,2,65.62,-3.25,5.26,20.98,10.16
75.09,0,,65.68,10.16,0,2,66.41,-3.20,5.22,20.99,10.25
75.21,0,,65.82,10.21,0,2,65.46,-3.15,5.21,21.03,10.31
75.30,0,,65.84,10.26,0,2,65.79,-3.13,5.24,21.08,10.30
75.42,0,,65.90,10.30,1,1,66.72,-3.13,5.19,21.03,10.35
75.51,0,,66.20,10.35,1,1,66.54,-3.08,5.07,20.96,10.52
75.60,0,,66.52,10.45,1,1,66.84,-2.96,5.02,21.03,10.69
75.69,0,,66.68,10.60,0,2,66.42,-2.84,5.01,21.14,10.82
75.81,0,,66.64,10.73,0,2,66.38,-2.90,4.98,21.05,10.79
75.93,0,,66.53,10.80,0,2,66.60,-2.95,4.97,20.99,10.75
75.99,0,,66.57,10.81,0,2,67.12,-2.81,4.93,21.09,10.93
76.11,0,,66.86,10.87,0,2,67.52,-2.78,4.87,21.06,11.02
76.20,0,,67.08,10.94,0,2,66.39,-2.83,4.84,20.98,11.00
76.29,0,,67.02,11.00,0,2,67.11,-2.79,4.81,20.99,11.07
76.44,0,,67.06,11.05,0,2,67.87,-2.73,4.80,21.04,11.14
76.50,0,,67.24,11.10,0,2,66.70,-2.74,4.74,20.97,11.19
76.59,0,,67.25,11.15,0,2,67.40,-2.78,4.68,20.87,11.21
76.71,0,,67.08,11.20,0,2,66.21,-2.75,4.67,20.89,11.25
76.80,0,,66.99,11.23,0,2,68.13,-2.75,4.70,20.92,11.22
76.95,0,,67.20,11.24,0,2,67.27,-2.73,4.65,20.89,11.29
77.01,0,,67.47,11.27,1,1,67.76,-2.71,4.59,20.85,11.37
77.10,0,,67.74,11.31,0,2,68.60,-2.73,4.62,20.86,11.32
77.19,0,,68.02,11.33,0,2,67.58,-2.79,4.59,20.77,11.29
77.31,0,,68.08,11.31,0,2,68.19,-2.81,4.57,20.73,11.29
77.43,0,,68.07,11.31,0,2,68.14,-2.74,4.57,20.80,11.36
77.49,0,,68.00,11.32,0,2,67.27,-2.76,4.55,20.76,11.36
77.61,0,,67.63,11.34,0,2,66.69,-2.84,4.54,20.67,11.29
77.73,0,,67.17,11.32,0,2,67.14,-2.85,4.55,20.67,11.27
77.79,0,,67.16,11.28,2,-1,68.56,-2.84,4.57,20.70,11.26
77.88,0,,67.56,11.25,4,-2,67.47,-2.91,4.57,20.63,11.19
78.00,0,,67.82,11.21,4,-2,67.90,-2.97,4.57,20.57,11.13
78.09,0,,67.80,11.17,4,-2,67.30,-2.89,4.56,20.64,11.22
78.18,0,,67.50,11.17,4,-2,66.45,-2.90,4.60,20.67,11.17
78.30,0,,67.10,11.16,4,-2,67.41,-2.98,4.66,20.65,11.03
78.42,0,,66.82,11.11,4,-2,65.78,-2.89,4.66,20.74,11.12
78.51,0,,66.53,11.10,4,-2,66.71,-2.86,4.63,20.74,11.18
78.60,0,,66.53,11.13,4,-2,67.51,-2.91,4.56,20.62,11.20
78.70,0,,66.91,11.18,4,-2,67.29,-2.86,4.53,20.64,11.28
78.78,0,,67.32,11.23,4,-2,67.88,-2.83,4.57,20.71,11.27
78.93,0,,67.63,11.27,4,-2,67.77,-2.83,4.53,20.67,11.31
78.99,0,,67.73,11.30,1,1,67.17,-2.81,4.49,20.65,11.37
79.08,0,,67.55,11.33,0,2,67.22,-2.83,4.53,20.67,11.31
79.20,0,,67.40,11.34,0,2,67.86,-2.81,4.52,20.68,11.34
79.29,0,,67.44,11.33,0,2,67.25,-2.84,4.49,20.62,11.34
79.44,0,,67.48,11.34,0,2,67.64,-2.80,4.49,20.66,11.38
79.50,0,,67.54,11.36,0,2,67.73,-2.71,4.49,20.75,11.47
79.59,0,,67.55,11.40,1,1,67.05,-2.78,4.47,20.66,11.42
79.68,0,,67.66,11.44,2,0,69.17,-2.72,4.40,20.65,11.55
79.80,0,,68.02,11.50,1,1,67.77,-2.62,4.42,20.77,11.63
79.92,0,,68.15,11.55,0,2,67.59,-2.71,4.46,20.72,11.50
80.01,0,,67.90,11.56,0,2,67.49,-2.71,4.41,20.67,11.55
80.10,0,,67.63,11.57,0,2,67.53,-2.64,4.37,20.70,11.66
80.19,0,,67.57,11.60,1,1,68.03,-2.64,4.38,20.71,11.65
80.28,0,,67.77,11.63,1,1,68.37,-2.66,4.36,20.67,11.65
80.43,0,,67.96,11.66,1,1,67.31,-2.62,4.32,20.67,11.73
80.49,0,,67.98,11.69,1,1,68.65,-2.59,4.35,20.73,11.73
80.61,0,,68.15,11.72,1,1,68.58,-2.62,4.32,20.67,11.73
80.70,0,,68.32,11.73,0,2,67.74,-2.65,4.26,20.58,11.76
80.79,0,,68.18,11.75,0,2,67.82,-2.61,4.27,20.63,11.79
80.88,0,,67.86,11.78,0,2,67.20,-2.55,4.24,20.66,11.88
81.00,0,,67.57,11.82,1,1,67.63,-2.62,4.23,20.58,11.82
81.12,0,,67.59,11.83,2,-1,68.61,-2.63,4.26,20.60,11.78
81.18,0,,68.12,11.83,2,-1,69.50,-2.53,4.20,20.64,11.94
81.30,0,,68.73,11.87,1,1,68.40,-2.54,4.15,20.58,11.98
81.42,0,,68.91,11.92,0,2,68.79,-2.60,4.19,20.56,11.88
81.51,0,,68.73,11.93,0,2,67.90,-2.57,4.19,20.59,11.91
81.60,0,,68.49,11.94,0,2,68.84,-2.48,4.11,20.60,12.08
81.69,0,,68.43,11.98,0,2,68.49,-2.54,4.13,20.56,12.00
81.81,0,,68.53,12.00,0,2,68.76,-2.61,4.15,20.51,11.91
81.93,0,,68.64,11.98,0,2,68.71,-2.51,4.13,20.59,12.03
81.99,0,,68.63,11.98,0,2,68.10,-2.49,4.17,20.65,12.01
82.11,0,,68.40,11.97,0,2,67.81,-2.64,4.22,20.55,11.81
82.20,0,,68.18,11.92,1,1,68.70,-2.60,4.17,20.54,11.90
82.29,0,,68.22,11.89,4,-2,68.24,-2.53,4.14,20.58,12.00
82.44,0,,68.25,11.89,4,-2,67.82,-2.69,4.26,20.54,11.72
82.50,0,,68.10,11.84,4,-2,67.91,-2.69,4.27,20.55,11.71
82.59,0,,68.06,11.78,4,-2,68.78,-2.59,4.20,20.58,11.88
82.71,0,,68.36,11.79,4,-2,69.16,-2.64,4.18,20.51,11.85
82.80,0,,68.78,11.83,2,-1,68.91,-2.63,4.17,20.51,11.87
82.92,0,,69.07,11.87,0,2,69.50,-2.57,4.16,20.56,11.94
83.01,0,,69.09,11.91,0,2,67.94,-2.55,4.14,20.56,11.98
83.10,0,,68.75,11.93,0,2,68.30,-2.64,4.17,20.50,11.86
83.19,0,,68.45,11.92,0,2,68.89,-2.64,4.15,20.48,11.88
83.31,0,,68.53,11.92,0,2,68.94,-2.49,4.10,20.58,12.08
83.43,0,,68.75,11.97,0,2,68.86,-2.51,4.13,20.59,12.03
83.49,0,,68.78,12.01,0,2,68.11,-2.55,4.11,20.53,12.01
83.61,0,,68.64,12.03,2,0,68.91,-2.51,4.08,20.54,12.08
83.70,0,,68.61,12.04,1,1,68.69,-2.52,4.09,20.54,12.06
83.79,0,,68.75,12.05,1,1,69.29,-2.55,4.10,20.52,12.02
83.94,0,,68.95,12.04,2,0,68.95,-2.54,4.07,20.50,12.06
84.00,0,,68.98,12.06,0,2,68.45,-2.45,4.02,20.54,12.20
84.09,0,,68.77,12.12,0,2,68.41,-2.42,4.00,20.55,12.25
84.21,0,,68.64,12.20,1,1,69.26,-2.44,3.98,20.51,12.25
84.30,0,,68.75,12.23,2,0,68.72,-2.44,4.07,20.60,12.16
84.42,0,,68.85,12.20,1,1,68.81,-2.46,4.16,20.67,12.05
84.51,0,,68.76,12.12,2,0,68.21,-2.50,4.15,20.62,12.02
84.60,0,,68.63,12.05,2,0,69.01,-2.46,4.18,20.69,12.03
84.69,0,,68.80,12.03,2,0,69.88,-2.31,4.18,20.84,12.18
84.81,0,,69.06,12.07,1,1,68.06,-2.36,4.22,20.83,12.09
84.93,0,,69.02,12.08,1,1,69.43,-2.46,4.25,20.76,11.96
84.99,0,,68.89,12.07,1,1,68.26,-2.29,4.21,20.89,12.17
85.11,0,,68.73,12.05,1,1,68.67,-2.44,4.34,20.87,11.89
85.20,0,,68.60,11.95,1,1,68.65,-2.66,4.47,20.78,11.54
85.30,0,,68.68,11.82,2,0,69.37,-2.23,4.33,21.07,12.11
85.44,0,,68.97,11.88,2,0,69.36,-2.15,4.29,21.11,12.23
85.50,0,,69.13,12.02,1,1,68.39,-2.38,4.36,20.95,11.93
85.59,0,,69.00,12.11,1,1,69.08,-2.00,4.26,21.23,12.41
85.71,0,,68.94,12.22,1,1,69.27,-2.01,4.33,21.29,12.33
85.80,0,,69.14,12.27,1,1,69.79,-2.19,4.44,21.22,12.04
85.92,0,,69.45,12.28,0,2,69.66,-1.78,4.26,21.45,12.63
86.01,0,,69.62,12.40,0,2,69.32,-1.73,4.22,21.46,12.72
86.10,0,,69.62,12.57,0,2,69.83,-1.78,4.29,21.48,12.60
86.19,0,,69.70,12.67,0,2,70.11,-1.58,4.24,21.63,12.85
86.31,0,,69.76,12.72,0,2,69.01,-1.81,4.29,21.45,12.57
86.43,0,,69.62,12.68,0,2,69.73,-1.84,4.30,21.43,12.53
86.49,0,,69.51,12.66,0,2,69.45,-1.46,4.16,21.67,13.05
86.61,0,,69.52,12.76,0,2,69.71,-1.64,4.21,21.54,12.82
86.70,0,,69.73,12.81,0,2,70.80,-1.77,4.29,21.49,12.61
86.79,0,,70.06,12.83,0,2,69.66,-1.28,4.13,21.82,13.26
86.94,0,,70.17,12.96,0,2,70.32,-1.42,4.10,21.65,13.15
87.00,0,,70.22,13.06,0,2,70.48,-1.69,4.19,21.47,12.79
87.09,0,,70.34,13.06,0,2,70.44,-1.23,4.10,21.84,13.34
87.21,0,,70.43,13.12,0,2,70.44,-1.33,4.14,21.78,13.20
87.30,0,,70.40,13.15,0,2,69.95,-1.58,4.19,21.58,12.90
87.45,0,,70.34,13.15,0,2,70.86,-1.13,4.01,21.85,13.53
87.51,0,,70.41,13.28,0,2,70.34,-1.07,3.96,21.86,13.64
87.60,0,,70.44,13.45,0,2,70.20,-1.26,4.04,21.75,13.37
87.69,0,,70.33,13.51,0,2,70.14,-1.11,4.01,21.87,13.55
87.81,0,,70.15,13.51,0,2,69.69,-1.21,4.03,21.79,13.43
87.93,0,,70.00,13.47,2,-1,70.27,-1.26,4.04,21.75,13.37
87.99,0,,70.16,13.46,4,-2,71.34,-1.01,3.93,21.89,13.73
88.11,0,,70.55,13.52,2,-1,70.29,-1.18,4.00,21.79,13.49
88.20,0,,70.72,13.52,0,1,70.80,-1.33,4.07,21.71,13.27
88.29,0,,70.71,13.50,0,2,70.57,-0.87,3.88,21.98,13.92
88.44,0,,70.69,13.61,0,2,70.74,-0.97,3.90,21.90,13.80
88.50,0,,70.79,13.71,0,2,71.54,-1.21,3.98,21.74,13.48
88.59,0,,71.08,13.75,0,2,71.36,-0.70,3.80,22.07,14.17
88.71,0,,71.31,13.85,0,2,71.18,-0.89,3.86,21.94,13.92
88.80,0,,71.51,13.90,0,2,72.59,-1.16,3.94,21.75,13.57
88.92,0,,71.77,13.88,0,2,71.26,-0.55,3.78,22.20,14.34
89.01,0,,71.70,14.02,0,2,70.91,-0.52,3.81,22.26,14.34
89.10,0,,71.47,14.19,0,2,72.13,-0.71,3.84,22.10,14.12
89.19,0,,71.64,14.27,0,2,72.49,-0.43,3.78,22.32,14.46
89.31,0,,72.01,14.32,0,2,71.91,-0.53,3.86,22.30,14.28
89.43,0,,72.13,14.32,0,2,71.91,-0.67,3.85,22.15,14.15
89.49,0,,72.10,14.30,0,2,72.31,-0.34,3.74,22.37,14.59
89.61,0,,72.08,14.39,0,2,71.78,-0.34,3.73,22.36,14.60
89.70,0,,71.84,14.47,0,2,70.65,-0.62,3.79,22.14,14.26
89.79,0,,71.45,14.48,0,1,71.82,-0.30,3.71,22.38,14.66
89.94,0,,71.41,14.53,1,0,72.03,-0.27,3.67,22.37,14.73
90.00,0,,71.88,14.61,2,-1,73.42,-0.43,3.74,22.28,14.50
90.09,0,,72.45,14.67,1,0,72.03,-0.02,3.64,22.59,15.01
90.21,0,,72.65,14.78,0,1,72.66,-0.16,3.61,22.42,14.90
90.30,0,,72.52,14.86,0,2,71.85,-0.34,3.65,22.28,14.68
90.42,0,,72.24,14.88,0,2,71.91,0.05,3.53,22.55,15.19
90.51,0,,72.06,14.98,0,2,72.46,0.06,3.51,22.54,15.22
90.60,0,,72.20,15.13,0,2,72.91,0.09,3.51,22.57,15.25
90.69,0,,72.67,15.26,0,2,73.80,0.25,3.44,22.66,15.48
90.81,0,,73.20,15.34,0,2,73.22,0.04,3.49,22.50,15.22
90.93,0,,73.42,15.32,0,2,73.12,-0.01,3.52,22.48,15.14
90.99,0,,73.40,15.28,0,2,73.65,0.32,3.44,22.73,15.55
91.11,0,,73.54,15.35,0,2,74.25,0.29,3.43,22.69,15.53
91.20,0,,73.78,15.44,0,2,73.58,0.09,3.47,22.53,15.29
91.29,0,,73.74,15.47,0,2,72.90,0.44,3.37,22.78,15.74
91.44,0,,73.56,15.56,0,2,74.27,0.42,3.37,22.76,15.72
91.50,0,,73.60,15.63,0,2,73.51,0.17,3.39,22.53,15.45
91.59,0,,73.67,15.65,0,2,73.52,0.53,3.26,22.76,15.94
91.71,0,,73.61,15.73,0,2,73.52,0.45,3.30,22.72,15.82
91.80,0,,73.56,15.78,0,1,73.60,0.28,3.32,22.57,15.63
91.92,0,,73.56,15.79,1,0,73.66,0.58,3.22,22.77,16.03
92.01,0,,73.64,15.86,2,-1,73.94,0.53,3.22,22.72,15.98
92.10,0,,73.66,15.95,2,-1,73.01,0.50,3.18,22.65,15.99
92.19,0,,73.61,16.01,1,0,74.27,0.61,3.14,22.72,16.14
92.31,0,,73.70,16.03,1,0,73.67,0.32,3.19,22.48,15.80
92.43,0,,73.87,15.94,0,1,74.35,0.27,3.22,22.46,15.72
92.49,0,,74.11,15.88,0,2,74.58,0.69,3.12,22.78,16.24
92.61,0,,74.35,15.96,0,2,74.24,0.61,3.15,22.73,16.13
92.70,0,,74.45,16.04,0,2,74.65,0.39,3.29,22.65,15.77
92.79,0,,74.55,16.03,0,2,74.79,0.84,3.17,22.98,16.34
92.94,0,,74.72,16.09,0,2,75.08,0.72,3.22,22.91,16.17
93.00,0,,74.66,16.12,0,2,73.12,0.42,3.32,22.71,15.77
93.09,0,,74.34,16.08,0,2,75.00,0.90,3.13,23.00,16.44
93.21,0,,74.26,16.15,0,2,74.28,0.83,3.16,22.96,16.34
93.30,0,,74.34,16.23,0,2,74.25,0.51,3.23,22.71,15.95
93.45,0,,74.43,16.23,0,2,75.13,0.92,3.07,22.96,16.52
93.51,0,,74.72,16.32,0,2,75.21,1.06,3.05,23.08,16.68
93.60,0,,75.03,16.50,0,1,75.08,0.96,3.07,23.00,16.56
93.69,0,,75.14,16.62,0,2,74.94,1.10,3.01,23.08,16.76
93.81,0,,75.15,16.66,0,2,75.48,0.87,3.08,22.92,16.46
93.93,0,,75.20,16.59,0,2,75.07,0.79,3.13,22.89,16.33
93.99,0,,75.31,16.52,0,2,75.90,1.17,2.99,23.13,16.85
94.11,0,,75.54,16.58,0,2,75.87,1.00,3.00,22.97,16.67
94.20,0,,75.63,16.63,0,2,74.74,0.79,3.08,22.84,16.38
94.29,0,,75.36,16.62,0,2,74.94,1.21,2.97,23.15,16.91
94.44,0,,75.01,16.67,0,2,74.66,1.06,3.03,23.06,16.70
94.50,0,,74.91,16.69,0,2,75.74,0.85,3.10,22.92,16.42
94.62,0,,75.10,16.68,2,-1,75.19,1.41,2.93,23.31,17.15
94.71,0,,75.24,16.80,2,-1,74.95,1.27,2.96,23.20,16.98
94.80,0,,75.22,16.91,2,-1,75.46,1.01,3.02,23.00,16.66
94.92,0,,75.23,16.93,4,-2,75.08,1.52,2.91,23.40,17.28
95.01,0,,75.19,17.03,4,-2,74.98,1.55,2.95,23.47,17.27
95.10,0,,75.17,17.16,2,-1,75.62,1.39,3.00,23.36,17.06
95.19,0,,75.40,17.20,0,1,76.31,1.62,2.97,23.56,17.32
95.31,0,,75.72,17.21,0,2,75.31,1.58,3.11,23.66,17.14
95.43,0,,75.85,17.18,0,1,76.30,1.52,3.23,23.72,16.96
95.49,0,,75.70,17.11,0,2,74.04,1.83,3.26,24.06,17.24
95.61,0,,75.12,17.08,0,2,74.32,1.78,3.51,24.26,16.94
95.70,0,,74.63,16.98,1,0,75.30,1.58,3.74,24.29,16.51
95.79,0,,74.67,16.82,2,-1,74.88,1.99,3.67,24.63,16.99
95.94,0,,74.75,16.77,4,-2,74.14,1.93,3.84,24.74,16.76
96.00,0,,74.66,16.71,4,-2,74.96,1.69,4.13,24.79,16.23
96.09,0,,74.58,16.58,4,-2,74.13,2.17,4.05,25.19,16.79
96.21,0,,74.52,16.55,4,-2,74.80,2.01,4.11,25.09,16.57
96.30,0,,74.50,16.54,4,-2,74.35,1.78,4.21,24.96,16.24
96.42,0,,74.60,16.52,4,-2,75.27,2.36,3.99,25.32,17.04
96.51,0,,74.76,16.74,2,-1,74.55,2.68,3.90,25.55,17.45
96.60,0,,74.85,17.16,0,1,75.04,3.03,3.89,25.89,17.81
96.69,0,,74.98,17.60,4,-2,75.53,3.37,3.95,26.29,18.09
96.81,0,,75.31,17.91,0,2,76.07,3.25,4.03,26.25,17.89
96.93,0,,75.73,18.06,0,2,76.08,3.56,3.93,26.46,18.30
96.99,0,,75.90,18.22,0,2,75.15,3.99,3.96,26.92,18.70
97.11,0,,75.83,18.44,0,2,76.32,3.88,4.01,26.86,18.54
97.20,0,,75.90,18.57,0,2,76.22,3.87,3.96,26.80,18.58
97.29,0,,76.19,18.66,0,2,76.88,4.18,3.87,27.02,18.98
97.44,0,,76.52,18.78,0,2,76.71,4.00,3.79,26.76,18.88
97.50,0,,76.80,18.87,0,2,77.21,3.85,3.72,26.54,18.80
97.62,0,,77.01,18.95,0,2,77.08,4.36,3.55,26.88,19.48
97.71,0,,77.25,19.15,0,2,78.08,4.29,3.56,26.82,19.40
97.79,0,,77.57,19.31,0,2,77.74,4.10,3.63,26.70,19.14
97.92,0,,77.78,19.34,0,2,77.61,4.36,3.54,26.87,19.49
98.00,0,,77.79,19.32,0,2,77.79,4.03,3.63,26.63,19.07
98.10,0,,77.75,19.22,0,2,77.64,3.99,3.73,26.69,18.93
98.18,0,,77.80,19.10,0,2,78.40,4.29,3.69,26.95,19.27
98.31,0,,78.10,19.07,0,2,78.96,4.05,3.77,26.79,18.95
98.43,0,,78.42,19.04,0,2,77.85,4.14,3.83,26.94,18.98
98.49,0,,78.41,19.07,0,2,78.35,4.57,3.72,27.26,19.52
98.61,0,,78.28,19.23,0,2,78.05,4.52,3.74,27.23,19.45
98.69,0,,78.12,19.37,0,2,77.72,4.44,3.85,27.26,19.26
98.78,0,,77.98,19.44,0,2,78.27,4.89,3.82,27.68,19.74
98.93,0,,77.99,19.53,0,2,77.98,4.81,3.87,27.65,19.61
98.99,0,,78.14,19.57,0,1,78.87,4.56,3.93,27.46,19.30
99.08,0,,78.40,19.56,0,1,78.53,5.05,3.81,27.83,19.91
99.20,0,,78.66,19.65,0,1,79.11,5.00,3.86,27.83,19.81
99.29,0,,78.87,19.73,0,2,78.92,4.79,3.91,27.67,19.55
99.44,0,,78.95,19.78,0,2,78.70,5.29,3.74,28.00,20.22
99.50,0,,79.00,19.94,0,2,79.71,5.36,3.76,28.09,20.27
99.59,0,,79.21,20.11,0,2,79.32,5.24,3.89,28.10,20.02
99.68,0,,79.32,20.17,0,2,78.91,5.42,3.85,28.24,20.24
99.81,0,,79.06,20.18,0,2,77.95,5.34,3.90,28.21,20.11
99.92,0,,78.59,20.15,0,2,78.32,5.38,4.02,28.37,20.03
99.98,0,,78.30,20.13,0,2,78.55,5.70,4.00,28.67,20.37
100.10,0,,78.35,20.13,4,-2,78.78,5.40,4.27,28.64,19.80
100.19,0,,78.52,19.90,4,-2,78.42,4.92,4.76,28.65,18.83
100.28,0,,78.55,19.61,4,-2,78.36,6.12,4.37,29.46,20.42
100.43,0,,78.40,20.00,4,-2,77.87,7.52,3.78,30.27,22.41
100.49,0,,78.16,21.03,4,-2,77.98,7.16,4.02,30.15,21.81
100.58,0,,77.99,21.81,4,-2,78.05,7.25,4.02,30.24,21.90
100.70,0,,78.05,22.10,4,-2,78.68,7.46,3.92,30.35,22.21
100.79,0,,78.29,22.12,4,-2,78.52,7.07,4.09,30.13,21.65
100.91,0,,78.43,22.03,2,-1,77.96,7.52,3.96,30.45,22.23
101.00,0,,78.38,22.03,4,-2,78.66,7.58,3.98,30.53,22.27
101.09,0,,78.34,22.13,2,-1,78.01,7.44,4.05,30.46,22.06
101.18,0,,78.40,22.18,1,0,79.27,7.68,3.99,30.64,22.36
101.30,0,,78.59,22.20,0,2,78.34,7.47,4.15,30.59,21.99
101.42,0,,78.64,22.13,0,2,78.41,7.47,4.23,30.67,21.91
101.48,0,,78.58,22.07,0,2,78.85,7.81,4.09,30.87,22.39
101.66,0,,78.57,22.16,0,2,78.23,7.82,4.08,30.87,22.41
101.69,0,,78.47,22.30,0,1,78.28,7.75,4.12,30.84,22.30
101.78,0,,78.41,22.41,0,1,78.84,8.09,4.00,31.06,22.76
101.93,0,,78.38,22.55,1,0,77.54,8.08,4.06,31.11,22.69
101.99,0,,78.23,22.64,2,-1,78.54,7.96,4.19,31.12,22.44
102.11,0,,78.15,22.65,2,-1,77.98,8.38,4.09,31.44,22.96
102.20,0,,78.11,22.72,4,-2,77.96,8.23,4.19,31.39,22.71
102.29,0,,78.00,22.72,4,-2,77.77,8.01,4.31,31.29,22.37
102.41,0,,77.84,22.66,4,-2,77.53,8.49,4.18,31.64,22.98
102.50,0,,77.72,22.73,4,-2,77.91,8.53,4.23,31.73,22.97
102.59,0,,77.71,22.84,4,-2,77.71,8.37,4.33,31.67,22.71
102.68,0,,77.78,22.86,4,-2,78.06,8.55,4.30,31.82,22.92
102.80,0,,77.92,22.85,4,-2,78.21,8.49,4.37,31.83,22.79
102.92,0,,78.08,22.82,2,-1,78.15,8.40,4.39,31.76,22.68
102.98,0,,78.18,22.77,2,-1,78.19,8.60,4.38,31.95,22.89
103.10,0,,78.18,22.81,0,1,77.98,8.73,4.42,32.12,22.98
103.19,0,,78.16,22.88,0,2,78.42,8.69,4.48,32.14,22.88
103.28,0,,78.28,22.89,0,2,78.76,8.64,4.58,32.19,22.73
103.43,0,,78.48,22.79,0,2,78.50,8.51,4.74,32.22,22.44
103.49,0,,78.55,22.61,0,2,78.27,8.53,4.80,32.30,22.40
103.58,0,,78.51,22.48,0,2,78.72,8.70,4.81,32.48,22.56
103.70,0,,78.55,22.48,0,2,78.70,8.77,4.71,32.45,22.73
103.79,0,,78.69,22.67,0,2,79.07,9.05,4.39,32.41,23.33
103.91,0,,78.78,23.02,0,2,78.28,9.29,4.34,32.60,23.62
104.00,0,,78.70,23.36,0,2,78.68,9.23,4.50,32.70,23.40
104.09,0,,78.57,23.51,0,2,78.32,9.28,4.50,32.75,23.45
104.18,0,,78.55,23.53,0,2,79.05,9.42,4.50,32.89,23.59
104.30,0,,78.64,23.54,0,1,78.55,9.34,4.52,32.83,23.49
104.42,0,,78.67,23.51,0,1,78.44,9.31,4.61,32.89,23.37
104.48,0,,78.73,23.47,0,1,79.60,9.60,4.65,33.22,23.62
104.60,0,,78.80,23.52,0,1,77.70,9.68,4.66,33.31,23.69
104.69,0,,78.63,23.59,1,0,78.79,9.59,4.72,33.28,23.54
104.78,0,,78.47,23.63,1,0,78.34,9.82,4.72,33.51,23.77
104.93,0,,78.48,23.69,2,-1,78.82,9.91,4.78,33.66,23.80
104.99,0,,78.56,23.75,2,-1,78.49,9.91,4.81,33.69,23.77
105.08,0,,78.59,23.82,2,-1,78.50,10.18,4.75,33.90,24.10
105.20,0,,78.72,23.93,1,0,79.80,10.20,4.83,34.00,24.04
105.29,0,,78.94,23.99,1,0,78.17,10.07,4.94,33.98,23.80
105.41,0,,78.79,23.97,0,1,78.00,10.28,4.92,34.17,24.03
105.50,0,,78.58,23.97,1,0,79.73,10.40,4.93,34.30,24.14
105.59,0,,78.71,24.04,1,0,78.26,10.45,4.99,34.41,24.13
105.68,0,,78.71,24.12,1,0,78.36,10.54,4.99,34.50,24.22
105.80,0,,78.51,24.10,1,0,78.31,10.26,5.30,34.53,23.63
105.92,0,,78.42,23.83,1,0,78.80,10.04,5.81,34.82,22.90
105.98,0,,78.59,23.41,1,0,79.29,10.35,5.71,35.03,23.31
106.10,0,,78.80,23.20,1,0,78.20,10.31,5.60,34.88,23.38
106.19,0,,78.92,23.18,1,0,79.98,10.16,5.79,34.92,23.04
106.28,0,,79.10,23.24,1,0,78.64,10.68,5.59,35.24,23.76
106.43,0,,79.17,23.41,0,2,79.32,10.58,5.65,35.20,23.60
106.49,0,,79.08,23.51,0,2,78.50,10.27,5.80,35.04,23.14
106.58,0,,79.02,23.50,0,2,79.72,10.80,5.61,35.38,23.86
106.70,0,,79.21,23.56,0,2,79.76,10.72,5.69,35.38,23.70
106.79,0,,79.46,23.65,0,2,79.11,10.53,5.65,35.15,23.55
106.91,0,,79.31,23.75,0,2,78.17,11.14,5.38,35.49,24.43
107.00,0,,78.84,24.02,0,2,78.55,11.26,5.44,35.67,24.49
107.09,0,,78.57,24.31,0,1,79.04,11.11,5.46,35.54,24.32
107.18,0,,78.65,24.44,4,-2,78.79,11.25,5.39,35.61,24.53
107.30,0,,78.75,24.45,4,-2,78.63,11.11,5.54,35.62,24.24
107.42,0,,78.88,24.36,4,-2,79.75,11.02,5.61,35.60,24.08
107.48,0,,79.18,24.22,4,-2,79.39,11.12,5.63,35.72,24.16
107.60,0,,79.32,24.10,2,-1,78.63,10.93,5.72,35.62,23.88
107.69,0,,79.29,23.99,0,1,80.09,10.90,5.70,35.57,23.87
107.78,0,,79.44,23.96,0,1,79.60,11.28,5.58,35.83,24.37
107.93,0,,79.62,24.07,0,1,79.54,11.05,5.60,35.62,24.12
107.99,0,,79.58,24.11,0,2,79.09,10.86,5.73,35.56,23.80
108.08,0,,79.59,24.10,0,2,80.74,11.44,5.60,36.01,24.51
108.20,0,,79.87,24.19,0,2,79.94,11.26,5.61,35.84,24.32
108.29,0,,80.11,24.24,0,2,80.10,10.93,5.74,35.64,23.86
108.41,0,,80.11,24.20,0,2,79.76,11.43,5.60,36.00,24.50
108.50,0,,79.98,24.27,0,2,79.86,11.49,5.57,36.03,24.59
108.59,0,,79.88,24.41,0,2,79.89,11.34,5.64,35.95,24.37
108.68,0,,79.85,24.48,0,2,79.88,11.52,5.63,36.12,24.56
108.80,0,,79.87,24.48,0,2,79.96,11.36,5.72,36.05,24.31
108.92,0,,79.82,24.41,0,1,79.32,11.23,5.73,35.93,24.17
108.98,0,,79.76,24.33,1,0,80.32,11.52,5.62,36.11,24.57
109.10,0,,79.88,24.37,2,-1,80.11,11.46,5.67,36.10,24.46
109.19,0,,80.09,24.39,2,-1,80.32,11.23,5.77,35.97,24.13
109.28,0,,80.29,24.36,0,1,80.75,11.58,5.63,36.18,24.62
109.43,0,,80.40,24.42,0,2,79.77,11.58,5.62,36.17,24.63
109.49,0,,80.26,24.50,0,2,80.00,11.38,5.75,36.10,24.30
109.58,0,,80.16,24.52,0,2,80.80,11.77,5.68,36.42,24.76
109.70,0,,80.22,24.56,0,2,79.69,11.61,5.73,36.31,24.55
109.79,0,,80.16,24.55,0,2,80.15,11.42,5.80,36.19,24.29
109.91,0,,80.01,24.53,0,1,79.66,11.95,5.69,36.61,24.93
110.00,0,,80.00,24.64,0,1,80.78,11.95,5.75,36.67,24.87
110.09,0,,80.15,24.77,0,1,79.96,11.78,5.79,36.54,24.66
110.18,0,,80.10,24.80,1,0,79.21,11.95,5.74,36.66,24.88
110.30,0,,79.75,24.78,4,-2,79.43,11.75,5.83,36.55,24.59
110.42,0,,79.57,24.69,4,-2,80.30,11.61,5.86,36.44,24.42
110.47,0,,79.74,24.59,4,-2,79.92,11.92,5.77,36.66,24.82
110.60,0,,79.94,24.62,4,-2,79.95,11.90,5.78,36.65,24.79
110.68,0,,80.01,24.68,2,-1,80.11,11.65,5.81,36.43,24.51
110.78,0,,80.03,24.69,2,-1,79.89,11.93,5.74,36.64,24.86
110.93,0,,80.12,24.72,1,0,80.84,11.93,5.85,36.75,24.75
110.99,0,,80.37,24.71,1,0,80.69,11.73,5.95,36.65,24.45
111.07,0,,80.61,24.69,0,2,80.54,12.12,5.75,36.84,25.04
111.19,0,,80.60,24.77,0,2,80.06,12.04,5.79,36.80,24.92
111.28,0,,80.42,24.86,0,2,80.38,11.90,5.87,36.74,24.70
111.41,0,,80.26,24.91,0,2,80.02,12.33,5.66,36.96,25.34
111.50,0,,80.16,25.05,0,2,80.17,12.30,5.69,36.96,25.28
111.58,0,,80.24,25.20,0,1,81.11,12.26,5.80,37.03,25.13
111.68,0,,80.45,25.25,0,1,80.01,12.45,5.72,37.14,25.40
111.79,0,,80.50,25.27,0,1,80.62,12.23,5.77,36.97,25.13
111.92,0,,80.59,25.23,0,1,81.32,12.21,5.81,36.99,25.07
111.97,0,,80.76,25.19,0,1,80.23,12.58,5.75,37.30,25.50
112.10,0,,80.77,25.27,0,2,80.99,12.47,5.79,37.23,25.35
112.18,0,,80.73,25.31,0,2,80.53,12.23,5.84,37.04,25.06
112.28,0,,80.64,25.29,0,2,80.28,12.60,5.76,37.33,25.51
112.43,0,,80.38,25.31,0,2,79.68,12.52,5.87,37.36,25.32
112.48,0,,80.18,25.30,1,0,80.88,12.23,5.96,37.16,24.94
112.57,0,,80.24,25.23,2,-1,80.14,12.66,5.81,37.44,25.52
112.69,0,,80.21,25.27,4,-2,79.49,12.61,5.90,37.48,25.38
112.78,0,,80.05,25.31,4,-2,80.54,12.39,6.02,37.38,25.04
112.90,0,,80.03,25.30,4,-2,79.83,12.80,5.86,37.63,25.61
112.99,0,,80.13,25.39,4,-2,80.71,12.87,5.85,37.69,25.69
113.08,0,,80.25,25.52,4,-2,79.98,12.75,6.01,37.73,25.41
113.17,0,,80.23,25.51,2,-1,79.93,12.75,6.18,37.90,25.24
113.29,0,,80.16,25.35,2,-1,80.59,12.59,6.25,37.81,25.01
113.44,0,,80.21,25.14,1,0,80.09,12.55,6.27,37.79,24.95
113.47,0,,80.19,25.03,2,-1,79.81,12.84,6.26,38.07,25.25
113.59,0,,80.07,25.07,0,1,80.17,12.79,6.25,38.01,25.21
113.68,0,,80.16,25.11,0,1,81.03,12.56,6.32,37.85,24.91
113.77,0,,80.36,25.12,0,1,79.80,12.93,6.22,38.12,25.38
113.92,0,,80.22,25.17,1,0,79.28,12.78,6.27,38.02,25.18
113.98,0,,79.97,25.16,1,0,80.90,12.48,6.33,37.78,24.82
114.07,0,,80.09,25.11,2,-1,80.26,12.95,6.17,38.09,25.45
114.19,0,,80.25,25.15,2,-1,79.88,12.79,6.32,38.08,25.14
114.28,0,,80.21,25.15,1,0,80.35,12.57,6.41,37.95,24.83
114.40,0,,80.19,25.12,2,-1,80.23,13.10,6.26,38.33,25.51
114.49,0,,80.25,25.22,2,-1,80.42,13.16,6.34,38.47,25.49
114.58,0,,80.35,25.37,0,1,80.60,13.04,6.33,38.34,25.38
114.67,0,,80.47,25.46,0,1,80.51,13.17,6.22,38.36,25.62
114.79,0,,80.64,25.50,0,2,81.26,12.95,6.29,38.21,25.33
114.92,0,,80.95,25.49,0,2,81.54,12.97,6.02,37.96,25.62
114.97,0,,81.20,25.64,0,2,80.71,13.37,5.48,37.82,26.56
115.09,0,,81.13,26.01,0,2,80.77,13.23,5.53,37.73,26.37
115.18,0,,80.95,26.28,0,2,81.04,13.07,5.70,37.74,26.04
115.27,0,,81.06,26.34,0,2,82.17,13.42,5.49,37.88,26.60
115.42,0,,81.50,26.41,0,2,81.96,13.33,5.47,37.77,26.53
115.48,0,,81.71,26.47,0,2,80.62,13.17,5.52,37.66,26.32
115.57,0,,81.36,26.46,0,2,80.54,13.34,5.49,37.80,26.52
115.69,0,,80.97,26.46,0,2,81.48,13.34,5.50,37.81,26.51
115.78,0,,81.08,26.48,1,0,82.04,13.31,5.49,37.77,26.49
115.90,0,,81.50,26.49,0,1,81.70,13.36,5.55,37.88,26.48
115.99,0,,81.64,26.50,0,2,80.78,13.47,5.60,38.04,26.54
116.08,0,,81.40,26.51,0,2,81.17,13.50,5.64,38.11,26.53
116.17,0,,81.13,26.51,1,0,80.90,13.36,5.61,37.94,26.42
116.29,0,,80.96,26.47,4,-2,80.85,13.34,5.58,37.89,26.43
116.41,0,,80.96,26.44,4,-2,81.58,13.41,5.58,37.96,26.50
116.47,0,,81.07,26.46,2,-1,80.68,13.40,5.54,37.91,26.53
116.59,0,,81.04,26.48,2,-1,80.92,13.35,5.59,37.91,26.43
116.68,0,,81.00,26.47,4,-2,81.41,13.38,5.61,37.96,26.44
116.77,0,,81.17,26.45,4,-2,81.61,13.37,5.57,37.91,26.47
116.92,0,,81.40,26.43,2,-1,81.48,13.28,5.60,37.85,26.35
116.98,0,,81.45,26.41,1,0,80.90,13.36,5.61,37.94,26.42
117.07,0,,81.30,26.41,1,0,81.30,13.44,5.59,38.00,26.52
117.19,0,,81.19,26.45,0,2,81.18,13.39,5.57,37.93,26.49
117.28,0,,81.17,26.49,0,1,81.18,13.41,5.55,37.93,26.53
117.40,0,,81.06,26.51,0,1,80.30,13.44,5.59,38.00,26.52
117.49,0,,80.81,26.52,2,-1,80.80,13.44,5.58,37.99,26.53
117.58,0,,80.67,26.52,2,-1,80.78,13.35,5.53,37.85,26.49
117.67,0,,80.79,26.51,2,-1,81.52,13.36,5.54,37.87,26.49
117.79,0,,81.14,26.50,2,-1,81.81,13.48,5.58,38.03,26.57
117.91,0,,81.49,26.53,2,-1,81.31,13.47,5.53,37.97,26.61
117.97,0,,81.54,26.57,1,0,81.21,13.42,5.50,37.89,26.59
118.09,0,,81.32,26.59,2,-1,80.65,13.46,5.54,37.97,26.59
118.18,0,,81.06,26.59,0,1,81.25,13.48,5.54,37.99,26.61
118.27,0,,80.99,26.60,0,1,81.06,13.49,5.52,37.98,26.64
118.42,0,,81.05,26.62,1,0,81.20,13.51,5.52,38.00,26.66
118.48,0,,81.06,26.63,2,-1,80.71,13.54,5.58,38.09,26.63
118.57,0,,81.02,26.64,2,-1,81.31,13.56,5.60,38.13,26.63
118.69,0,,81.05,26.63,1,0,81.04,13.51,5.58,38.06,26.60
118.78,0,,81.08,26.61,1,0,80.96,13.55,5.61,38.13,26.61
118.90,0,,81.03,26.62,1,0,80.94,13.66,5.58,38.21,26.75
118.99,0,,81.01,26.67,2,-1,81.23,13.62,5.54,38.13,26.75
119.08,0,,81.17,26.71,1,0,81.92,13.59,5.57,38.13,26.69
119.17,0,,81.46,26.72,1,0,81.44,13.61,5.58,38.16,26.70
119.29,0,,81.50,26.70,1,0,80.75,13.59,5.62,38.18,26.64
119.41,0,,81.12,26.67,1,0,80.08,13.59,5.65,38.21,26.61
119.47,0,,80.60,26.63,1,0,80.36,13.59,5.65,38.21,26.61
119.59,0,,80.47,26.62,2,-1,81.69,13.68,5.67,38.32,26.68
119.68,0,,80.71,26.65,2,-1,80.23,13.75,5.67,38.39,26.75
119.77,0,,80.87,26.70,1,0,81.45,13.71,5.65,38.33,26.73
119.92,0,,81.03,26.73,1,0,81.20,13.77,5.69,38.43,26.75
119.98,0,,81.31,26.75,2,-1,82.06,13.83,5.72,38.52,26.78
120.07,0,,81.45,26.76,1,0,80.44,13.81,5.71,38.49,26.77
120.19,0,,81.31,26.77,1,0,81.45,13.88,5.73,38.58,26.82
120.28,0,,81.21,26.81,0,2,81.50,14.03,5.74,38.74,26.96
120.40,0,,81.15,26.87,0,2,80.09,13.98,5.73,38.68,26.92
120.49,0,,80.97,26.89,0,2,81.71,13.81,5.73,38.51,26.75
120.58,0,,80.97,26.85,0,1,80.71,13.79,5.71,38.47,26.75
120.67,0,,80.99,26.78,2,-1,80.89,13.86,5.75,38.58,26.78
120.79,0,,80.84,26.75,1,0,80.33,13.87,5.81,38.65,26.73
120.91,0,,80.66,26.74,2,-1,80.69,13.87,5.77,38.61,26.77
120.97,0,,80.60,26.75,4,-2,80.85,13.88,5.76,38.61,26.79
121.09,0,,80.67,26.78,4,-2,80.71,13.92,5.75,38.64,26.84
121.18,0,,80.83,26.81,4,-2,81.48,13.92,5.76,38.65,26.83
121.27,0,,81.03,26.82,2,-1,80.88,13.90,5.80,38.67,26.77
121.42,0,,81.12,26.82,1,0,81.18,13.99,5.78,38.74,26.88
121.48,0,,81.21,26.84,2,-1,81.76,14.03,5.80,38.80,26.90
121.57,0,,81.36,26.86,1,0,81.11,14.01,5.84,38.82,26.84
121.69,0,,81.22,26.86,0,2,80.12,14.10,5.92,38.99,26.85
121.78,0,,80.85,26.86,0,2,80.99,14.19,5.99,39.15,26.87
121.90,0,,80.77,26.87,0,1,81.47,14.25,5.98,39.20,26.94
121.99,0,,80.93,26.91,1,0,80.50,14.32,5.98,39.27,27.01
122.08,0,,80.90,26.95,2,-1,80.71,14.32,6.04,39.33,26.95
122.17,0,,80.78,26.96,2,-1,80.81,14.35,6.10,39.42,26.92
122.29,0,,80.75,26.96,2,-1,80.82,14.41,6.06,39.44,27.02
122.41,0,,80.89,26.97,4,-2,81.67,14.42,6.04,39.43,27.05
122.47,0,,81.16,27.02,2,-1,81.21,14.54,6.07,39.58,27.14
122.59,0,,81.19,27.08,0,1,80.21,14.56,6.09,39.62,27.14
122.68,0,,80.89,27.10,0,1,80.74,14.43,6.15,39.55,26.95
122.77,0,,80.81,27.06,0,1,81.87,14.52,6.15,39.64,27.04
122.92,0,,81.12,27.04,0,1,81.29,14.65,6.16,39.78,27.16
122.98,0,,81.32,27.06,0,2,80.90,14.57,6.18,39.72,27.06
123.07,0,,81.13,27.06,0,2,80.34,14.39,6.13,39.49,26.93
123.19,0,,80.72,27.01,0,1,80.22,14.48,6.20,39.65,26.95
123.28,0,,80.39,26.98,1,0,80.41,14.85,6.40,40.22,27.12
123.40,0,,80.38,26.98,2,-1,81.12,14.85,6.74,40.56,26.78
123.49,0,,80.57,26.83,4,-2,80.36,14.56,7.11,40.64,26.12
123.58,0,,80.68,26.51,4,-2,80.89,14.68,7.12,40.77,26.23
123.67,0,,80.80,26.29,4,-2,81.22,14.83,7.03,40.83,26.47
123.79,0,,80.94,26.28,4,-2,80.74,14.74,7.01,40.72,26.40
123.91,0,,80.89,26.35,1,0,80.33,14.71,6.91,40.59,26.47
123.97,0,,80.66,26.40,2,-1,80.56,14.59,6.97,40.53,26.29
124.09,0,,80.44,26.37,2,-1,79.92,14.52,6.92,40.41,26.27
124.18,0,,80.32,26.32,2,-1,80.92,14.53,6.87,40.37,26.33
124.27,0,,80.34,26.28,2,-1,79.92,14.49,6.99,40.45,26.17
124.42,0,,80.36,26.26,2,-1,80.71,14.54,6.79,40.30,26.42
124.48,0,,80.37,26.33,2,-1,80.11,14.49,6.53,39.99,26.63
124.57,0,,80.27,26.47,4,-2,79.78,14.39,6.50,39.86,26.56
124.69,0,,80.10,26.56,4,-2,80.33,14.45,6.54,39.96,26.58
124.78,0,,80.14,26.61,4,-2,80.63,14.50,6.45,39.92,26.72
124.90,0,,80.38,26.66,4,-2,80.69,14.41,6.37,39.75,26.71
124.99,0,,80.59,26.69,2,-1,80.67,14.27,6.32,39.56,26.62
125.08,0,,80.66,26.68,2,-1,80.44,14.29,6.25,39.51,26.71
125.17,0,,80.69,26.68,0,2,81.13,14.24,6.23,39.44,26.68
125.29,0,,80.92,26.68,0,2,81.76,14.15,6.13,39.25,26.69
125.41,0,,81.27,26.71,0,2,81.22,14.26,6.03,39.26,26.90
125.47,0,,81.35,26.78,0,2,80.72,14.25,6.07,39.29,26.85
125.59,0,,81.25,26.83,0,2,81.82,14.16,6.02,39.15,26.81
125.68,0,,81.37,26.86,0,2,81.73,14.20,5.90,39.07,26.97
125.77,0,,81.64,26.89,0,2,82.07,14.20,5.96,39.13,26.91
125.92,0,,81.83,26.93,0,2,81.58,14.28,5.94,39.19,27.01
125.98,0,,81.82,26.97,0,2,81.58,14.32,5.89,39.18,27.10
126.07,0,,81.69,26.99,0,2,81.58,14.15,6.04,39.16,26.78
126.19,0,,81.40,26.95,0,2,80.06,14.22,5.96,39.15,26.93
126.28,0,,80.98,26.93,0,1,81.33,14.27,5.84,39.08,27.10
126.40,0,,80.84,26.93,2,-1,80.98,14.02,6.04,39.03,26.65
126.49,0,,80.98,26.85,4,-2,81.41,14.04,6.03,39.04,26.68
126.58,0,,81.16,26.76,4,-2,81.21,14.17,5.92,39.06,26.92
126.67,0,,81.28,26.78,4,-2,81.37,14.11,5.97,39.05,26.81
126.79,0,,81.39,26.82,4,-2,81.73,14.08,5.84,38.89,26.91
126.91,0,,81.50,26.88,2,-1,81.32,14.12,5.79,38.88,27.00
126.97,0,,81.44,26.90,0,1,81.00,14.01,6.00,38.98,26.68
127.09,0,,81.26,26.84,0,2,81.15,14.00,5.91,38.88,26.76
127.18,0,,81.12,26.80,0,2,81.08,14.10,5.74,38.81,27.03
127.27,0,,81.08,26.83,1,0,81.15,14.02,5.97,38.96,26.72
127.42,0,,81.16,26.83,2,-1,81.68,14.07,5.91,38.95,26.83
127.48,0,,81.34,26.85,2,-1,81.27,14.16,5.71,38.84,27.12
127.57,0,,81.43,26.90,2,-1,81.50,13.98,5.98,38.93,26.67
127.69,0,,81.52,26.87,1,0,81.96,14.08,5.91,38.96,26.84
127.78,0,,81.65,26.86,0,1,81.42,14.21,5.74,38.92,27.14
127.90,0,,81.61,26.90,0,2,81.25,13.99,5.99,38.95,26.67
127.99,0,,81.57,26.85,0,2,82.28,14.00,6.01,38.98,26.66
128.08,0,,81.71,26.76,0,2,81.60,14.09,5.95,39.01,26.81
128.17,0,,81.65,26.71,1,0,80.60,13.97,6.04,38.98,26.60
128.29,0,,81.27,26.69,1,0,81.04,14.04,5.87,38.88,26.84
128.41,0,,80.98,26.76,1,0,80.97,14.17,5.81,38.95,27.03
128.47,0,,80.99,26.86,4,-2,81.61,14.11,6.01,39.09,26.77
128.59,0,,81.19,26.89,4,-2,81.28,14.14,5.89,39.00,26.92
128.68,0,,81.41,26.93,4,-2,81.84,14.25,5.76,38.98,27.16
128.77,0,,81.63,26.98,2,-1,81.88,14.18,6.02,39.17,26.83
128.92,0,,81.71,26.97,2,-1,81.10,14.20,5.93,39.10,26.94
128.98,0,,81.47,26.96,0,1,80.75,14.28,5.79,39.04,27.16
129.07,0,,81.15,26.98,0,1,81.35,14.17,6.07,39.21,26.77
129.19,0,,81.14,26.95,0,1,81.73,14.25,5.95,39.17,26.97
129.28,0,,81.37,26.95,0,1,81.51,14.35,5.84,39.16,27.18
129.40,0,,81.41,26.97,1,0,80.60,14.16,6.17,39.30,26.66
129.49,0,,81.15,26.88,2,-1,80.79,14.16,6.18,39.31,26.65
129.58,0,,80.84,26.75,2,-1,80.65,14.23,6.11,39.31,26.79
129.67,0,,80.75,26.71,4,-2,81.21,14.21,6.15,39.33,26.73
129.79,0,,80.86,26.75,4,-2,80.98,14.38,6.01,39.36,27.04
129.91,0,,81.10,26.89,4,-2,81.90,14.50,6.01,39.48,27.16
129.97,0,,81.35,27.01,2,-1,81.03,14.45,6.23,39.65,26.89
130.09,0,,81.39,27.03,2,-1,81.26,14.49,6.19,39.65,26.97
130.18,0,,81.23,27.00,1,0,80.70,14.54,6.11,39.62,27.10
130.27,0,,81.09,27.00,2,-1,81.53,14.55,6.33,39.85,26.89
130.42,0,,80.98,26.99,2,-1,80.07,14.65,6.25,39.87,27.07
130.48,0,,80.76,27.02,2,-1,80.77,14.63,6.13,39.73,27.17
130.57,0,,80.59,27.03,2,-1,80.62,14.51,6.42,39.90,26.76
130.69,0,,80.70,26.98,4,-2,81.50,14.64,6.34,39.95,26.97
130.78,0,,81.00,26.97,4,-2,81.32,14.78,6.17,39.92,27.28
130.90,0,,81.25,27.05,2,-1,81.10,14.69,6.42,40.08,26.94
130.99,0,,81.35,27.06,2,-1,81.73,14.74,6.42,40.13,26.99
131.08,0,,81.39,27.03,2,-1,80.93,14.78,6.32,40.07,27.13
131.17,0,,81.35,27.03,0,2,81.62,14.72,6.43,40.12,26.96
131.29,0,,81.33,27.04,0,2,81.13,14.84,6.33,40.14,27.18
131.41,0,,81.26,27.11,0,2,80.96,14.99,6.31,40.27,27.35
131.47,0,,81.17,27.18,0,2,81.41,14.87,6.53,40.37,27.01
131.59,0,,81.14,27.17,0,1,80.86,14.90,6.44,40.31,27.13
131.68,0,,81.16,27.17,1,0,81.66,15.06,6.29,40.32,27.44
131.77,0,,81.18,27.21,2,-1,80.59,14.93,6.58,40.48,27.02
131.92,0,,81.15,27.20,1,0,81.63,15.03,6.50,40.50,27.20
131.98,0,,81.21,27.23,1,0,81.22,15.24,6.30,40.51,27.61
132.07,0,,81.31,27.32,2,-1,81.44,15.07,6.61,40.65,27.13
132.19,0,,81.37,27.32,1,0,81.36,15.12,6.53,40.62,27.26
132.28,0,,81.48,27.32,0,1,82.02,15.32,6.34,40.63,27.65
132.40,0,,81.60,27.39,0,2,81.22,15.19,6.59,40.75,27.27
132.49,0,,81.60,27.38,0,1,81.71,15.19,6.66,40.82,27.20
132.58,0,,81.55,27.31,0,1,81.33,15.31,6.61,40.89,27.37
132.67,0,,81.61,27.29,0,2,82.43,15.28,6.65,40.90,27.30
132.79,0,,81.75,27.34,0,2,81.16,15.45,6.49,40.91,27.63
132.91,0,,81.58,27.48,0,2,80.69,15.60,6.49,41.06,27.78
132.97,0,,81.23,27.59,0,1,81.44,15.39,6.77,41.13,27.29
133.09,0,,81.11,27.56,0,1,81.15,15.48,6.64,41.09,27.51
133.18,0,,81.13,27.54,4,-2,81.07,15.65,6.45,41.07,27.87
133.27,0,,81.25,27.61,4,-2,82.14,15.54,6.75,41.26,27.46
133.42,0,,81.51,27.63,4,-2,81.36,15.70,6.70,41.37,27.67
133.48,0,,81.63,27.66,2,-1,81.57,15.79,6.52,41.28,27.94
133.57,0,,81.56,27.72,2,-1,81.21,15.65,6.84,41.46,27.48
133.69,0,,81.57,27.69,0,1,82.44,15.72,6.78,41.47,27.61
133.78,0,,81.76,27.62,0,1,81.64,15.61,6.70,41.28,27.58
133.90,0,,81.93,27.52,0,1,82.22,15.46,7.02,41.45,27.11
133.99,0,,82.03,27.36,0,2,82.06,15.63,6.99,41.59,27.31
134.08,0,,82.06,27.27,0,2,81.75,15.65,6.93,41.55,27.39
134.17,0,,81.92,27.27,0,2,81.61,15.60,7.05,41.62,27.22
134.29,0,,81.72,27.30,0,2,81.46,15.75,6.92,41.64,27.50
134.41,0,,81.66,27.41,0,1,82.30,15.92,6.83,41.72,27.76
134.47,0,,81.72,27.56,0,1,81.13,15.88,7.00,41.85,27.55
134.59,0,,81.71,27.63,0,1,82.15,15.87,6.93,41.77,27.61
134.68,0,,81.79,27.66,0,1,82.08,16.03,6.82,41.82,27.88
134.77,0,,81.93,27.70,2,-1,81.74,15.95,7.08,42.00,27.54
134.92,0,,81.92,27.69,2,-1,81.78,15.98,6.98,41.93,27.67
134.98,0,,81.91,27.70,1,0,82.29,16.14,6.78,41.89,28.03
135.07,0,,82.06,27.77,0,1,82.43,15.97,7.07,42.01,27.57
135.19,0,,82.21,27.75,0,2,81.96,15.94,6.98,41.89,27.63
135.28,0,,82.27,27.71,0,1,82.60,16.00,6.75,41.72,27.92
135.40,0,,82.23,27.71,0,2,81.54,15.82,6.99,41.78,27.50
135.49,0,,82.09,27.64,0,2,82.25,15.81,7.04,41.82,27.44
135.58,0,,81.96,27.55,0,1,81.63,15.89,6.91,41.77,27.65
135.67,0,,81.88,27.51,0,1,82.00,15.73,6.98,41.68,27.42
135.79,0,,81.90,27.50,1,0,82.25,15.74,6.87,41.58,27.54
135.91,0,,82.08,27.54,0,1,82.42,15.93,6.70,41.60,27.90
135.97,0,,82.20,27.64,0,1,81.73,15.76,6.91,41.64,27.52
136.09,0,,82.03,27.64,2,-1,81.40,15.68,6.92,41.57,27.43
136.18,0,,81.83,27.59,2,-1,82.39,15.84,6.72,41.53,27.79
136.27,0,,81.81,27.59,2,-1,81.37,15.76,6.95,41.68,27.48
136.42,0,,81.82,27.59,2,-1,82.24,15.79,6.86,41.62,27.60
136.48,0,,81.85,27.62,2,-1,81.61,15.91,6.67,41.55,27.91
136.57,0,,81.79,27.68,2,-1,81.44,15.79,6.98,41.74,27.48
136.69,0,,81.67,27.67,4,-2,81.89,15.84,6.84,41.65,27.67
136.78,0,,81.60,27.67,4,-2,81.18,15.85,6.62,41.44,27.90
136.90,0,,81.52,27.68,4,-2,81.69,15.59,6.94,41.50,27.32
136.99,0,,81.53,27.56,4,-2,81.75,15.61,6.99,41.57,27.29
137.08,0,,81.56,27.42,4,-2,81.11,15.71,6.85,41.53,27.53
137.17,0,,81.54,27.38,4,-2,82.05,15.56,6.87,41.40,27.36
137.29,0,,81.64,27.41,2,-1,81.76,15.61,6.73,41.31,27.55
137.41,0,,81.71,27.47,2,-1,81.35,15.68,6.69,41.34,27.66
137.47,0,,81.64,27.54,2,-1,81.66,15.59,6.88,41.44,27.38
137.59,0,,81.56,27.55,2,-1,81.49,15.81,6.79,41.57,27.69
137.68,0,,81.56,27.61,1,0,81.72,15.97,6.73,41.67,27.91
137.77,0,,81.66,27.70,0,1,82.07,15.80,6.99,41.76,27.48
137.92,0,,81.84,27.69,0,1,81.94,15.84,6.86,41.67,27.65
137.98,0,,81.83,27.67,0,1,80.92,15.91,6.72,41.60,27.86
138.07,0,,81.52,27.68,0,1,81.27,15.80,7.02,41.79,27.45
138.19,0,,81.23,27.64,2,-1,81.04,15.91,6.93,41.81,27.65
138.28,0,,81.27,27.63,2,-1,82.49,15.92,6.74,41.63,27.85
138.40,0,,81.48,27.66,2,-1,80.61,15.68,6.96,41.61,27.39
138.49,0,,81.55,27.58,2,-1,82.27,15.68,7.01,41.66,27.34
138.58,0,,81.72,27.46,2,-1,82.25,15.74,6.90,41.61,27.51
138.67,0,,82.07,27.41,1,0,82.38,15.66,6.92,41.55,27.41
138.79,0,,82.21,27.44,0,1,81.67,15.70,6.76,41.43,27.61
138.91,0,,82.13,27.52,0,2,82.21,15.71,6.61,41.29,27.77
138.97,0,,81.95,27.60,0,2,81.17,15.48,6.78,41.23,27.37
139.09,0,,81.64,27.55,0,2,81.29,15.40,6.69,41.06,27.38
139.18,0,,81.42,27.49,0,1,81.76,15.53,6.48,40.98,27.72
139.27,0,,81.47,27.49,0,1,81.71,15.40,6.75,41.12,27.32
139.42,0,,81.55,27.46,0,1,81.22,15.35,6.67,40.99,27.35
139.48,0,,81.57,27.43,4,-2,82.00,15.45,6.44,40.86,27.68
139.57,0,,81.56,27.45,4,-2,80.96,15.29,6.71,40.97,27.25
139.69,0,,81.47,27.43,4,-2,81.62,15.32,6.58,40.87,27.41
139.78,0,,81.47,27.42,4,-2,81.85,15.39,6.43,40.79,27.63
139.90,0,,81.59,27.43,2,-1,81.45,15.17,6.71,40.85,27.13
139.99,0,,81.68,27.36,0,1,82.03,15.22,6.63,40.82,27.26
140.08,0,,81.82,27.28,0,1,82.08,15.25,6.54,40.76,27.38
140.17,0,,81.99,27.26,1,0,82.08,15.07,6.65,40.69,27.09
140.29,0,,81.96,27.22,0,2,81.13,15.15,6.55,40.67,27.27
140.41,0,,81.66,27.23,0,2,81.32,15.30,6.52,40.79,27.45
140.47,0,,81.50,27.32,0,1,82.25,15.31,6.57,40.85,27.41
140.59,0,,81.71,27.40,0,1,82.16,15.32,6.53,40.82,27.46
140.68,0,,82.00,27.44,0,1,82.04,15.38,6.64,40.99,27.41
140.77,0,,82.11,27.44,0,1,81.99,15.49,6.73,41.19,27.43
140.92,0,,82.11,27.44,0,1,82.19,15.52,6.67,41.16,27.52
140.98,0,,82.02,27.46,0,1,81.39,15.50,6.71,41.18,27.46
141.07,0,,81.81,27.47,0,1,81.73,15.58,6.76,41.31,27.49
141.19,0,,81.59,27.48,1,0,81.12,15.54,6.74,41.25,27.47
141.28,0,,81.51,27.47,1,0,82.22,15.44,6.66,41.07,27.45
141.40,0,,81.68,27.48,2,-1,81.99,15.52,6.61,41.10,27.58
141.49,0,,81.75,27.50,4,-2,80.65,15.48,6.68,41.13,27.47
141.58,0,,81.48,27.49,4,-2,81.53,15.43,6.72,41.12,27.38
141.67,0,,81.34,27.44,4,-2,81.69,15.45,6.71,41.13,27.41
141.79,0,,81.47,27.41,4,-2,81.75,15.47,6.74,41.18,27.40
141.91,0,,81.75,27.41,4,-2,82.49,15.54,6.71,41.22,27.50
141.97,0,,82.11,27.44,1,0,82.44,15.50,6.69,41.16,27.48
142.09,0,,82.31,27.47,0,2,81.87,15.50,6.69,41.16,27.48
142.18,0,,82.16,27.50,0,2,81.48,15.63,6.70,41.30,27.60
142.27,0,,81.91,27.53,0,2,82.20,15.58,6.73,41.28,27.52
142.42,0,,81.85,27.53,0,2,81.82,15.49,6.75,41.21,27.41
142.48,0,,81.82,27.49,0,2,81.46,15.58,6.74,41.29,27.51
142.57,0,,81.69,27.47,0,2,81.60,15.61,6.75,41.33,27.53
142.69,0,,81.53,27.48,2,-1,81.16,15.51,6.78,41.26,27.40
142.78,0,,81.47,27.44,2,-1,82.10,15.41,6.78,41.16,27.30
142.90,0,,81.60,27.37,4,-2,81.64,15.44,6.78,41.19,27.33
142.99,0,,81.72,27.34,4,-2,81.65,15.57,6.76,41.30,27.48
143.08,0,,81.69,27.39,4,-2,81.49,15.60,6.78,41.35,27.49
143.17,0,,81.70,27.44,2,-1,82.30,15.52,6.79,41.28,27.40
143.29,0,,81.87,27.45,1,0,81.95,15.52,6.76,41.25,27.43
143.41,0,,81.95,27.44,0,1,81.56,15.58,6.76,41.31,27.49
143.47,0,,81.88,27.45,0,1,82.08,15.55,6.80,41.32,27.42
143.59,0,,81.91,27.44,1,0,82.13,15.56,6.82,41.35,27.41
143.68,0,,81.99,27.43,0,2,81.82,15.67,6.84,41.48,27.50
143.77,0,,81.90,27.46,0,2,81.33,15.70,6.86,41.53,27.51
143.92,0,,81.80,27.48,0,1,82.55,15.65,6.86,41.48,27.46
143.98,0,,81.96,27.49,0,1,82.19,15.70,6.87,41.54,27.50
144.07,0,,82.10,27.50,0,1,81.65,15.80,6.88,41.65,27.59
144.19,0,,81.98,27.53,0,1,81.74,15.73,6.87,41.57,27.53
144.28,0,,81.94,27.53,0,1,82.75,15.65,6.88,41.50,27.44
144.40,0,,82.18,27.50,0,1,82.39,15.71,6.87,41.55,27.51
144.49,0,,82.39,27.50,0,1,82.32,15.83,6.87,41.67,27.63
144.58,0,,82.32,27.55,0,1,81.57,15.85,6.87,41.69,27.65
144.67,0,,82.00,27.59,0,2,81.52,15.74,6.91,41.62,27.50
144.79,0,,81.71,27.56,0,1,81.84,15.73,6.95,41.65,27.45
144.91,0,,81.55,27.52,4,-2,81.05,15.83,6.90,41.70,27.60
144.97,0,,81.42,27.53,4,-2,81.59,15.82,6.88,41.67,27.61
145.09,0,,81.42,27.57,4,-2,81.75,15.82,6.90,41.69,27.59
145.18,0,,81.61,27.61,4,-2,82.03,15.91,6.87,41.75,27.71
145.27,0,,81.85,27.65,4,-2,82.07,15.91,6.91,41.79,27.67
145.42,0,,82.01,27.65,4,-2,81.97,15.80,6.94,41.71,27.53
145.48,0,,82.05,27.61,1,0,82.02,15.77,6.89,41.63,27.55
145.57,0,,82.00,27.58,1,0,81.70,15.90,6.90,41.77,27.67
145.69,0,,81.84,27.60,1,0,81.51,15.90,6.92,41.79,27.65
145.82,0,,81.80,27.63,0,2,82.68,15.85,6.87,41.69,27.65
145.93,0,,82.00,27.66,0,2,81.90,15.89,6.86,41.72,27.70
146.00,0,,82.07,27.67,0,2,81.71,15.85,6.89,41.71,27.63
146.08,0,,81.96,27.65,0,1,81.92,15.77,6.91,41.65,27.53
146.17,0,,81.84,27.59,1,0,81.64,15.78,6.92,41.67,27.53
146.29,0,,81.82,27.55,2,-1,82.22,15.87,6.90,41.74,27.64
146.41,0,,81.96,27.57,2,-1,82.35,15.88,6.88,41.73,27.67
146.47,0,,82.16,27.61,1,0,82.10,15.81,6.88,41.66,27.60
146.59,0,,82.31,27.63,1,0,82.86,15.88,6.87,41.72,27.68
146.68,0,,82.48,27.66,1,0,82.43,15.99,6.93,41.89,27.73
146.77,0,,82.57,27.69,0,2,82.51,16.00,6.94,41.91,27.73
146.92,0,,82.51,27.72,0,2,82.18,15.99,6.91,41.87,27.75
146.98,0,,82.33,27.73,0,2,81.95,15.97,6.95,41.89,27.69
147.07,0,,82.16,27.72,0,2,82.32,15.96,6.89,41.82,27.74
147.19,0,,82.21,27.72,0,2,82.78,15.97,6.88,41.82,27.76
147.28,0,,82.27,27.73,0,1,81.29,15.96,6.91,41.84,27.72
147.40,0,,82.07,27.73,0,1,82.09,15.95,6.90,41.82,27.72
147.49,0,,81.93,27.72,4,-2,82.13,15.95,6.93,41.85,27.69
147.58,0,,82.00,27.70,4,-2,82.23,15.91,6.92,41.80,27.66
147.68,0,,82.08,27.66,4,-2,81.84,15.84,6.91,41.72,27.60
147.79,0,,82.18,27.63,2,-1,83.03,15.86,6.92,41.75,27.61
147.91,0,,82.37,27.62,1,0,82.04,15.92,6.85,41.74,27.74
147.97,0,,82.36,27.66,0,1,81.93,15.84,6.80,41.61,27.71
148.09,0,,82.16,27.69,0,1,82.03,15.82,6.81,41.60,27.68
148.18,0,,81.97,27.70,0,1,81.61,15.86,6.82,41.65,27.71
148.27,0,,81.85,27.69,0,1,82.14,15.80,6.82,41.59,27.65
148.42,0,,81.94,27.67,0,1,82.39,15.78,6.82,41.57,27.63
148.48,0,,82.10,27.64,0,1,81.90,15.79,6.84,41.60,27.62
148.60,0,,82.21,27.63,2,-1,82.73,15.86,6.85,41.68,27.68
148.69,0,,82.40,27.66,2,-1,82.68,15.97,6.81,41.75,27.83
148.78,0,,82.49,27.73,0,1,81.79,15.93,6.81,41.71,27.79
148.90,0,,82.45,27.78,0,2,83.21,15.92,6.81,41.70,27.78
148.99,0,,82.47,27.81,0,2,81.83,16.03,6.78,41.78,27.92
149.08,0,,82.34,27.83,0,2,81.97,15.95,6.86,41.78,27.76
149.17,0,,82.12,27.82,0,2,82.20,15.90,6.85,41.72,27.72
149.29,0,,82.07,27.78,1,0,82.15,15.97,6.80,41.74,27.84
149.41,0,,82.12,27.78,1,0,82.29,16.01,6.83,41.81,27.85
149.47,0,,82.16,27.81,1,0,81.97,16.00,6.86,41.83,27.81
149.59,0,,82.28,27.80,1,0,83.18,15.91,6.91,41.79,27.67
149.68,0,,82.55,27.75,1,0,82.60,15.89,6.87,41.73,27.69
149.80,0,,82.72,27.71,0,1,82.54,15.94,6.82,41.73,27.79
149.92,0,,82.63,27.72,0,1,82.19,15.88,6.84,41.69,27.71
149.98,0,,82.34,27.72,0,1,81.60,15.85,6.84,41.66,27.68
150.07,0,,82.17,27.72,0,1,83.27,15.99,6.84,41.80,27.82
150.19,0,,82.42,27.76,0,1,82.80,16.07,6.87,41.91,27.87
150.28,0,,82.68,27.80,0,1,82.24,15.98,6.90,41.85,27.75
150.40,0,,82.67,27.80,0,2,82.85,15.99,6.91,41.87,27.75
150.49,0,,82.63,27.79,0,1,82.44,16.10,6.88,41.95,27.89
150.58,0,,82.59,27.80,1,0,82.60,16.03,6.93,41.93,27.77
150.67,0,,82.48,27.79,0,1,81.93,15.92,6.93,41.82,27.66
150.79,0,,82.22,27.74,0,1,81.71,15.93,6.86,41.76,27.74
150.91,0,,81.98,27.72,2,-1,82.24,16.03,6.89,41.89,27.81
150.97,0,,82.02,27.75,4,-2,82.57,16.04,6.93,41.94,27.78
151.09,0,,82.22,27.77,4,-2,82.15,16.00,6.90,41.87,27.77
151.21,0,,82.30,27.78,4,-2,82.15,15.98,6.88,41.83,27.77
151.27,0,,82.33,27.77,4,-2,82.84,15.94,6.90,41.81,27.71
151.44,0,,82.43,27.76,2,-1,82.21,16.03,6.85,41.85,27.85
151.48,0,,82.44,27.79,1,0,82.33,16.06,6.83,41.86,27.90
151.60,0,,82.33,27.83,2,-1,81.99,16.00,6.95,41.92,27.72
151.69,0,,82.17,27.81,2,-1,82.08,16.07,6.94,41.98,27.80
151.78,0,,82.23,27.81,1,0,83.28,16.19,6.91,42.07,27.95
151.90,0,,82.58,27.85,1,0,82.87,16.17,6.95,42.09,27.89
151.99,0,,82.77,27.88,0,1,81.97,16.06,6.93,41.96,27.80
152.08,0,,82.55,27.85,0,2,82.26,16.05,6.94,41.96,27.78
152.17,0,,82.23,27.80,0,1,81.69,16.07,7.00,42.04,27.74
152.29,0,,82.06,27.76,1,0,82.66,16.08,6.98,42.03,27.77
152.41,0,,82.23,27.77,1,0,82.87,16.18,6.92,42.07,27.93
152.47,0,,82.41,27.84,1,0,81.58,16.24,6.93,42.14,27.98
152.59,0,,82.35,27.90,1,0,82.74,16.17,7.00,42.14,27.84
152.68,0,,82.33,27.90,2,-1,82.37,16.14,6.96,42.07,27.85
152.77,0,,82.32,27.87,4,-2,81.80,16.13,6.93,42.03,27.87
152.92,0,,82.25,27.84,2,-1,82.82,16.04,6.97,41.98,27.74
152.98,0,,82.27,27.80,1,0,81.82,16.03,6.94,41.94,27.76
153.07,0,,82.22,27.77,1,0,82.20,16.05,6.93,41.95,27.79
153.19,0,,82.13,27.77,2,-1,82.07,16.10,6.94,42.01,27.83
153.28,0,,82.18,27.81,1,0,82.78,16.21,6.92,42.10,27.96
153.40,0,,82.35,27.87,1,0,82.26,16.17,6.95,42.09,27.89
153.49,0,,82.52,27.91,1,0,83.06,16.22,6.98,42.17,27.91
153.58,0,,82.72,27.93,1,0,82.91,16.38,6.99,42.34,28.06
153.67,0,,82.87,27.98,0,2,82.69,16.35,7.00,42.32,28.02
153.79,0,,82.87,28.01,0,2,82.89,16.29,7.00,42.26,27.96
153.91,0,,82.64,28.02,0,2,81.26,16.40,6.88,42.25,28.19
153.97,0,,82.23,28.15,0,2,82.51,16.61,6.60,42.18,28.68
154.15,0,,82.02,28.40,0,1,81.89,16.67,6.56,42.20,28.78
154.18,0,,81.94,28.63,4,-2,81.61,16.57,6.67,42.21,28.57
154.27,0,,81.87,28.69,4,-2,82.24,16.60,6.62,42.19,28.65
154.42,0,,82.01,28.68,4,-2,82.60,16.67,6.68,42.32,28.66
154.48,0,,82.19,28.64,4,-2,81.70,16.61,6.77,42.35,28.51
154.57,0,,82.14,28.58,4,-2,81.98,16.56,6.75,42.28,28.48
154.69,0,,82.13,28.51,4,-2,82.93,16.55,6.76,42.28,28.46
154.78,0,,82.39,28.42,2,-1,82.71,16.42,6.98,42.37,28.11
154.90,0,,82.58,28.24,0,2,82.14,16.42,7.29,42.68,27.80
154.99,0,,82.51,28.01,1,0,82.37,16.54,7.31,42.82,27.90
155.08,0,,82.44,27.89,0,2,82.79,16.52,7.22,42.71,27.97
155.17,0,,82.42,27.87,0,2,81.76,16.47,7.25,42.69,27.89
155.29,0,,82.30,27.85,0,2,82.52,16.28,7.31,42.56,27.64
155.41,0,,82.21,27.75,0,1,81.95,16.28,7.40,42.65,27.55
155.50,0,,82.27,27.69,1,0,83.10,16.69,7.36,43.02,28.00
155.59,0,,82.59,27.77,1,0,83.24,16.65,7.35,42.97,27.97
155.68,0,,82.87,27.85,0,1,82.29,16.34,7.42,42.73,27.59
155.77,0,,82.76,27.83,0,1,82.24,16.54,7.27,42.78,27.94
155.92,0,,82.49,27.79,0,2,82.43,16.27,7.28,42.52,27.66
155.98,0,,82.28,27.69,0,1,81.80,15.91,7.39,42.27,27.19
156.10,0,,82.13,27.52,1,0,82.42,16.30,7.27,42.54,27.70
156.19,0,,82.07,27.48,2,-1,81.74,16.23,7.36,42.56,27.54
156.28,0,,81.96,27.48,4,-2,81.67,16.10,7.54,42.61,27.23
156.40,0,,81.86,27.47,4,-2,82.22,16.57,7.40,42.94,27.84
156.49,0,,81.82,27.58,4,-2,81.29,16.57,7.36,42.90,27.88
156.58,0,,81.81,27.74,4,-2,82.48,16.49,7.46,42.92,27.70
156.70,0,,81.81,27.82,4,-2,81.04,16.73,7.45,43.15,27.95
156.79,0,,81.70,27.82,4,-2,81.87,16.48,7.59,43.04,27.56
156.91,0,,81.69,27.71,4,-2,82.15,16.32,7.64,42.93,27.35
156.97,0,,81.92,27.58,4,-2,82.39,16.66,7.46,43.09,27.87
157.09,0,,82.14,27.61,4,-2,81.98,16.55,7.47,42.99,27.75
157.18,0,,82.21,27.66,0,1,82.25,16.24,7.49,42.70,27.42
157.27,0,,82.21,27.63,0,2,82.25,16.43,7.31,42.71,27.79
157.42,0,,82.17,27.65,0,2,81.79,16.46,7.35,42.78,27.78
157.48,0,,82.11,27.71,0,2,82.43,16.45,7.45,42.87,27.67
157.60,0,,82.12,27.74,0,2,82.07,16.61,7.41,42.99,27.87
157.69,0,,82.15,27.76,0,2,82.07,16.49,7.47,42.93,27.69
157.78,0,,81.99,27.75,0,1,81.15,16.47,7.51,42.95,27.63
157.90,0,,81.80,27.70,2,-1,82.48,16.54,7.45,42.96,27.76
157.99,0,,82.05,27.70,1,0,83.37,16.53,7.41,42.91,27.79
158.08,0,,82.48,27.74,2,-1,81.78,16.55,7.43,42.95,27.79
158.20,0,,82.54,27.78,0,1,82.50,16.57,7.43,42.97,27.81
158.29,0,,82.44,27.81,0,1,82.53,16.63,7.46,43.06,27.84
158.41,0,,82.42,27.82,0,2,82.26,16.61,7.52,43.10,27.76
158.47,0,,82.43,27.81,0,2,82.75,16.68,7.49,43.14,27.86
158.59,0,,82.57,27.85,0,2,83.03,16.95,7.49,43.41,28.13
158.68,0,,82.74,27.98,0,2,82.44,17.11,7.58,43.66,28.20
158.80,0,,82.67,28.10,0,2,82.22,16.99,7.59,43.55,28.07
158.92,0,,82.48,28.13,0,2,82.45,16.88,7.48,43.33,28.07
158.98,0,,82.35,28.11,1,0,82.21,16.82,7.41,43.20,28.08
159.07,0,,82.23,28.08,0,1,81.87,16.76,7.36,43.09,28.07
159.19,0,,82.16,28.08,2,-1,82.67,16.83,7.31,43.11,28.19
159.28,0,,82.35,28.11,2,-1,83.02,16.81,7.35,43.13,28.13
159.40,0,,82.66,28.14,2,-1,82.64,16.83,7.34,43.14,28.16
159.49,0,,82.77,28.16,2,-1,82.54,16.91,7.31,43.19,28.27
159.58,0,,82.72,28.19,0,1,82.74,16.81,7.35,43.13,28.13
159.67,0,,82.62,28.19,0,1,82.19,16.84,7.33,43.14,28.18
159.79,0,,82.51,28.19,0,2,82.74,16.90,7.31,43.18,28.26
159.91,0,,82.48,28.20,0,1,82.40,16.81,7.32,43.10,28.16
159.97,0,,82.47,28.20,1,0,82.33,16.80,7.28,43.05,28.19
160.09,0,,82.48,28.20,0,1,82.93,16.88,7.28,43.13,28.27
160.18,0,,82.61,28.23,1,0,82.74,16.97,7.31,43.25,28.33
160.30,0,,82.81,28.27,1,0,83.23,16.90,7.34,43.21,28.23
160.42,0,,82.98,28.26,0,1,82.93,16.81,7.33,43.11,28.15
160.48,0,,83.01,28.22,0,2,82.73,16.89,7.34,43.20,28.22
160.57,0,,82.90,28.18,0,2,82.70,16.89,7.45,43.31,28.11
160.69,0,,82.71,28.13,0,1,82.30,16.79,7.43,43.19,28.03
160.78,0,,82.46,28.08,0,1,82.00,16.77,7.39,43.13,28.05
160.90,0,,82.33,28.04,1,0,83.07,16.82,7.44,43.23,28.05
160.99,0,,82.49,28.03,2,-1,82.71,16.83,7.46,43.26,28.04
161.08,0,,82.67,28.02,4,-2,82.52,16.75,7.46,43.18,27.96
161.17,0,,82.67,27.99,1,0,82.55,16.69,7.43,43.09,27.93
161.29,0,,82.58,27.96,1,0,82.37,16.72,7.43,43.12,27.96
161.41,0,,82.41,27.94,4,-2,81.89,16.72,7.44,43.13,27.95
161.47,0,,82.21,27.94,4,-2,82.36,16.71,7.43,43.11,27.95
161.59,0,,82.14,27.94,2,-1,82.08,16.73,7.44,43.14,27.96
161.68,0,,82.11,27.95,4,-2,81.95,16.74,7.45,43.16,27.96
161.77,0,,82.09,27.95,4,-2,82.36,16.71,7.43,43.11,27.95
161.92,0,,82.10,27.94,4,-2,81.80,16.68,7.44,43.09,27.91
161.98,0,,82.13,27.93,4,-2,82.67,16.70,7.44,43.11,27.93
162.10,0,,82.27,27.93,4,-2,82.38,16.76,7.41,43.14,28.02
162.19,0,,82.37,27.95,2,-1,82.08,16.72,7.43,43.12,27.96
162.28,0,,82.34,27.96,0,1,82.50,16.67,7.43,43.07,27.91
162.40,0,,82.46,27.95,0,1,83.26,16.72,7.39,43.08,28.00
162.49,0,,82.65,27.96,0,2,81.99,16.73,7.40,43.10,28.00
162.58,0,,82.66,27.97,0,2,83.11,16.71,7.44,43.12,27.94
162.67,0,,82.74,27.96,0,2,82.97,16.68,7.45,43.10,27.90
162.79,0,,82.78,27.93,0,2,82.08,16.70,7.46,43.13,27.91
162.91,0,,82.51,27.91,0,2,81.86,16.76,7.49,43.22,27.94
162.97,0,,82.11,27.91,0,1,81.71,16.69,7.48,43.14,27.88
163.09,0,,81.81,27.89,2,-1,81.68,16.67,7.49,43.13,27.85
163.18,0,,81.70,27.88,4,-2,81.95,16.77,7.50,43.24,27.94
163.27,0,,81.76,27.90,4,-2,81.88,16.79,7.48,43.24,27.98
163.42,0,,81.97,27.94,4,-2,82.78,16.76,7.48,43.21,27.95
163.48,0,,82.31,27.95,4,-2,82.62,16.73,7.49,43.19,27.91
163.60,0,,82.54,27.94,4,-2,82.27,16.73,7.44,43.14,27.96
163.69,0,,82.53,27.93,1,0,82.44,16.70,7.46,43.13,27.91
163.78,0,,82.43,27.91,0,1,82.23,16.66,7.50,43.13,27.83
163.90,0,,82.29,27.88,0,1,81.96,16.71,7.45,43.13,27.93
163.99,0,,82.16,27.88,0,2,82.31,16.70,7.45,43.12,27.92
164.08,0,,82.16,27.89,0,2,82.31,16.64,7.47,43.08,27.84
164.17,0,,82.37,27.87,0,1,83.30,16.60,7.46,43.03,27.81
164.29,0,,82.75,27.84,0,1,83.03,16.68,7.49,43.14,27.86
164.41,0,,82.86,27.84,0,1,81.73,16.80,7.53,43.30,27.94
164.47,0,,82.55,27.88,0,1,82.32,16.80,7.54,43.31,27.93
164.59,0,,82.25,27.92,0,1,82.22,16.78,7.52,43.27,27.93
164.68,0,,82.24,27.92,0,1,82.77,16.74,7.58,43.29,27.83
164.77,0,,82.37,27.87,0,1,82.25,16.72,7.62,43.31,27.77
164.92,0,,82.42,27.81,0,1,82.30,16.69,7.57,43.23,27.79
164.98,0,,82.34,27.77,1,0,82.09,16.62,7.54,43.13,27.75
165.10,0,,82.17,27.74,4,-2,81.74,16.59,7.61,43.17,27.65
165.19,0,,81.97,27.68,4,-2,81.92,16.55,7.66,43.18,27.56
165.28,0,,81.86,27.62,4,-2,81.93,16.54,7.59,43.10,27.62
165.40,0,,81.87,27.59,4,-2,81.92,16.58,7.62,43.17,27.63
165.49,0,,81.89,27.60,4,-2,81.85,16.66,7.73,43.36,27.60
165.58,0,,81.92,27.62,4,-2,82.15,16.80,7.74,43.51,27.73
165.70,0,,81.99,27.66,4,-2,81.99,16.77,7.75,43.49,27.69
165.79,0,,82.10,27.68,4,-2,82.49,16.76,7.79,43.52,27.64
165.91,0,,82.08,27.68,2,-1,81.10,16.87,7.81,43.65,27.73
165.97,0,,81.83,27.69,4,-2,81.77,16.89,7.84,43.70,27.72
166.09,0,,81.65,27.70,1,0,81.78,16.87,7.86,43.70,27.68
166.18,0,,81.72,27.69,2,-1,82.21,16.91,7.89,43.77,27.69
166.27,0,,81.85,27.70,2,-1,81.49,17.03,7.91,43.91,27.79
166.42,0,,81.86,27.73,2,-1,82.03,17.05,7.91,43.93,27.81
166.48,0,,81.86,27.76,2,-1,81.85,16.93,7.96,43.86,27.64
166.57,0,,81.90,27.73,2,-1,82.02,17.00,7.97,43.94,27.70
166.70,0,,81.93,27.71,2,-1,81.88,17.05,7.94,43.96,27.78
166.78,0,,82.12,27.75,0,1,83.29,17.06,7.79,43.82,27.94
166.90,0,,82.40,27.91,0,2,81.81,17.28,7.46,43.71,28.49
166.99,0,,82.36,28.19,0,2,81.79,17.34,7.48,43.79,28.53
167.08,0,,82.24,28.42,0,2,83.22,17.35,7.59,43.91,28.43
167.17,0,,82.54,28.53,0,2,83.24,17.48,7.48,43.93,28.67
167.29,0,,82.86,28.56,0,2,82.29,17.29,7.59,43.85,28.37
167.41,0,,82.73,28.48,0,2,81.96,17.22,7.72,43.91,28.17
167.47,0,,82.42,28.38,0,2,82.62,17.59,7.60,44.16,28.66
167.59,0,,82.33,28.42,0,2,82.41,17.48,7.61,44.06,28.54
167.68,0,,82.28,28.46,0,2,81.73,17.19,7.69,43.85,28.17
167.77,0,,82.16,28.43,0,1,82.44,17.57,7.56,44.10,28.68
167.92,0,,82.16,28.44,2,-1,82.25,17.44,7.73,44.14,28.38
167.98,0,,82.29,28.35,4,-2,82.70,17.02,8.06,44.05,27.63
168.07,0,,82.38,28.12,4,-2,81.88,17.44,7.90,44.31,28.21
168.19,0,,82.30,28.00,4,-2,82.30,17.30,7.95,44.22,28.02
168.28,0,,82.25,27.94,2,-1,82.48,17.01,8.10,44.08,27.58
168.40,0,,82.28,27.89,2,-1,82.11,17.50,7.85,44.32,28.32
168.49,0,,82.23,27.99,1,0,81.97,17.44,7.89,44.30,28.22
168.58,0,,82.19,28.12,1,0,82.65,17.32,7.95,44.24,28.04
168.67,0,,82.37,28.17,0,1,82.98,17.43,7.86,44.26,28.24
168.79,0,,82.65,28.14,0,1,82.63,17.12,7.94,44.03,27.85
168.94,0,,82.81,28.01,0,2,83.00,17.01,7.97,43.95,27.71
168.97,0,,82.84,27.89,0,2,82.49,17.35,7.88,44.20,28.14
169.09,0,,82.74,27.92,0,2,82.54,17.30,7.92,44.19,28.05
169.18,0,,82.53,27.95,0,2,81.97,17.01,8.04,44.02,27.64
169.27,0,,82.25,27.91,0,2,81.96,17.37,7.94,44.28,28.10
169.42,0,,82.06,27.93,0,1,82.27,17.37,7.97,44.31,28.07
169.48,0,,82.05,27.97,4,-2,82.05,17.06,8.01,44.04,27.72
169.57,0,,82.14,27.95,4,-2,82.53,17.33,7.81,44.11,28.19
169.69,0,,82.22,27.97,4,-2,81.86,17.06,7.82,43.85,27.91
169.78,0,,82.01,27.93,4,-2,80.92,16.78,7.90,43.65,27.55
169.90,0,,81.63,27.83,4,-2,81.89,17.16,7.79,43.92,28.04
169.99,0,,81.56,27.85,4,-2,82.08,17.15,7.74,43.86,28.08
170.08,0,,81.72,27.95,4,-2,81.57,17.08,7.78,43.83,27.97
170.17,0,,81.86,28.02,4,-2,82.35,17.17,7.76,43.90,28.08
170.29,0,,81.99,27.99,2,-1,81.87,16.82,7.83,43.62,27.66
170.41,0,,82.09,27.85,2,-1,82.36,16.69,7.85,43.51,27.51
170.47,0,,82.18,27.73,2,-1,82.28,17.14,7.70,43.81,28.11
170.59,0,,82.15,27.80,0,1,81.39,17.08,7.76,43.81,27.99
170.68,0,,81.94,27.88,0,2,82.00,16.76,7.85,43.58,27.58
170.77,0,,81.95,27.88,0,2,82.90,17.20,7.69,43.86,28.18
170.92,0,,82.25,27.93,0,2,82.24,17.13,7.80,43.90,28.00
170.98,0,,82.40,27.93,0,2,82.16,16.77,7.97,43.71,27.47
171.07,0,,82.35,27.83,0,2,82.33,17.16,7.80,43.93,28.03
171.19,0,,82.34,27.80,0,2,82.63,16.97,7.82,43.76,27.82
171.28,0,,82.46,27.79,0,1,82.70,16.68,7.85,43.50,27.50
171.40,0,,82.61,27.74,0,2,82.70,17.04,7.66,43.67,28.05
171.52,0,,82.63,27.82,0,2,82.23,17.00,7.63,43.60,28.04
171.67,0,,82.45,27.93,0,2,81.93,16.82,7.62,43.41,27.87
171.67,0,,82.11,27.96,0,2,81.47,16.86,7.61,43.44,27.92
171.79,0,,81.84,27.90,2,-1,82.24,16.68,7.69,43.34,27.66
171.91,0,,81.82,27.80,4,-2,81.84,16.68,7.66,43.31,27.69
171.97,0,,81.98,27.75,4,-2,82.64,16.95,7.61,43.53,28.01
172.09,0,,82.25,27.83,4,-2,82.48,17.02,7.69,43.68,28.00
172.18,0,,82.44,27.93,4,-2,82.33,16.97,7.73,43.67,27.91
172.27,0,,82.45,27.96,2,-1,82.29,17.01,7.69,43.67,27.99
172.42,0,,82.28,27.97,1,0,81.59,16.99,7.73,43.69,27.93
172.48,0,,81.98,27.95,0,1,81.73,16.97,7.71,43.65,27.93
172.57,0,,81.93,27.95,0,1,83.09,16.99,7.64,43.60,28.02
172.69,0,,82.19,27.96,0,1,81.86,16.92,7.65,43.54,27.94
172.78,0,,82.24,27.95,0,1,81.84,16.83,7.65,43.45,27.85
172.90,0,,81.98,27.90,2,-1,81.31,16.84,7.64,43.45,27.87
172.99,0,,81.79,27.87,2,-1,82.60,16.86,7.65,43.48,27.88
173.08,0,,81.92,27.85,2,-1,82.04,16.73,7.63,43.33,27.77
173.17,0,,82.09,27.80,2,-1,82.00,16.65,7.62,43.24,27.70
173.29,0,,82.08,27.76,2,-1,81.96,16.74,7.58,43.29,27.83
173.41,0,,82.08,27.77,2,-1,82.43,16.78,7.58,43.33,27.87
173.47,0,,82.14,27.81,1,0,81.94,16.80,7.66,43.43,27.81
173.59,0,,82.13,27.83,0,1,82.04,16.89,7.68,43.54,27.88
173.68,0,,82.04,27.86,2,-1,81.86,16.94,7.68,43.59,27.93
173.77,0,,82.03,27.88,2,-1,82.51,16.89,7.71,43.57,27.85
173.92,0,,82.11,27.89,2,-1,81.88,16.96,7.73,43.66,27.90
173.98,0,,82.05,27.89,1,0,81.52,17.05,7.77,43.79,27.95
174.07,0,,82.04,27.90,1,0,83.31,16.98,7.81,43.76,27.84
174.19,0,,82.29,27.89,1,0,81.93,16.98,7.79,43.74,27.86
174.28,0,,82.34,27.86,1,0,81.86,16.98,7.77,43.72,27.88
174.40,0,,82.25,27.85,1,0,82.90,16.91,7.76,43.64,27.82
174.49,0,,82.27,27.84,1,0,81.69,16.94,7.76,43.67,27.85
174.58,0,,82.24,27.84,1,0,82.51,16.93,7.71,43.61,27.89
174.67,0,,82.32,27.86,1,0,82.91,16.85,7.65,43.47,27.87
174.79,0,,82.46,27.85,1,0,81.88,16.78,7.71,43.46,27.74
174.91,0,,82.40,27.81,0,1,82.40,16.85,7.74,43.56,27.78
174.97,0,,82.35,27.79,0,1,82.66,16.93,7.72,43.62,27.88
175.09,0,,82.34,27.81,0,1,81.74,16.96,7.80,43.73,27.83
175.18,0,,82.24,27.85,0,1,82.44,17.11,7.84,43.92,27.94
175.27,0,,82.15,27.90,0,1,81.89,17.14,7.83,43.94,27.98
175.42,0,,82.07,27.93,2,-1,81.96,17.08,7.89,43.94,27.86
175.48,0,,81.96,27.92,4,-2,81.79,17.16,7.97,44.10,27.86
175.57,0,,81.87,27.89,4,-2,81.80,17.24,7.98,44.19,27.93
175.69,0,,81.90,27.90,4,-2,82.51,17.27,7.95,44.19,27.99
175.78,0,,82.05,27.93,4,-2,81.89,17.24,7.96,44.17,27.95
175.90,0,,82.08,27.94,4,-2,81.77,17.19,8.01,44.17,27.85
175.99,0,,81.94,27.91,2,-1,81.77,17.28,8.05,44.30,27.90
176.08,0,,81.92,27.90,1,0,82.58,17.41,8.06,44.44,28.02
176.17,0,,82.12,27.94,1,0,82.35,17.39,8.06,44.42,28.00
176.29,0,,82.30,27.99,1,0,82.14,17.45,8.08,44.50,28.04
176.41,0,,82.39,28.03,0,2,82.93,17.53,8.07,44.57,28.13
176.47,0,,82.55,28.08,0,2,82.59,17.49,8.06,44.52,28.10
176.65,0,,82.61,28.10,0,2,82.20,17.49,8.09,44.55,28.07
176.68,0,,82.35,28.09,0,2,81.38,17.47,8.09,44.53,28.05
176.77,0,,82.06,28.07,0,2,82.77,17.47,8.07,44.51,28.07
176.92,0,,82.19,28.06,0,1,82.87,17.50,8.10,44.57,28.07
176.98,0,,82.48,28.05,0,1,82.25,17.45,8.10,44.52,28.02
177.07,0,,82.48,28.04,0,1,81.93,17.45,8.11,44.53,28.01
177.19,0,,82.24,28.02,1,0,81.93,17.49,8.12,44.58,28.04
177.28,0,,82.08,28.01,4,-2,82.44,17.40,8.12,44.49,27.95
177.40,0,,82.21,27.98,4,-2,82.88,17.37,8.15,44.49,27.89
177.49,0,,82.39,27.94,2,-1,81.68,17.45,8.14,44.56,27.98
177.58,0,,82.31,27.93,0,1,82.40,17.44,8.16,44.57,27.95
177.67,0,,82.28,27.94,0,1,82.63,17.36,8.12,44.45,27.91
177.79,0,,82.43,27.92,1,0,82.72,17.24,8.06,44.27,27.85
177.91,0,,82.56,27.89,0,1,82.30,17.21,8.02,44.20,27.86
177.97,0,,82.52,27.88,0,1,82.34,17.34,8.00,44.31,28.01
178.09,0,,82.36,27.91,1,0,82.00,17.34,8.09,44.40,27.92
178.18,0,,82.15,27.93,0,1,81.83,17.35,8.14,44.46,27.88
178.27,0,,81.97,27.93,1,0,82.03,17.48,8.15,44.60,28.00
178.42,0,,81.97,27.94,2,-1,82.35,17.50,8.23,44.70,27.94
178.48,0,,82.06,27.94,2,-1,81.86,17.48,8.23,44.68,27.92
178.57,0,,82.12,27.94,4,-2,82.44,17.46,8.18,44.61,27.95
178.69,0,,82.18,27.93,4,-2,82.06,17.47,8.19,44.63,27.95
178.78,0,,82.27,27.94,2,-1,82.70,17.46,8.12,44.55,28.01
178.90,0,,82.40,27.96,1,0,82.40,17.34,8.08,44.39,27.93
178.99,0,,82.43,27.93,1,0,82.05,17.22,8.10,44.29,27.79
179.08,0,,82.28,27.86,1,0,82.01,17.09,8.05,44.11,27.71
179.17,0,,82.21,27.76,1,0,82.83,16.99,7.99,43.95,27.67
179.29,0,,82.49,27.70,0,2,83.48,16.98,7.92,43.87,27.73
179.41,0,,82.88,27.69,0,2,82.51,16.97,7.89,43.83,27.75
179.47,0,,82.87,27.70,0,2,82.16,16.95,7.93,43.85,27.69
179.59,0,,82.61,27.70,0,2,82.68,16.91,7.89,43.77,27.69
179.68,0,,82.46,27.68,0,2,82.29,16.77,7.82,43.56,27.62
179.77,0,,82.40,27.63,0,1,82.48,16.66,7.88,43.51,27.45
179.92,0,,82.37,27.55,0,1,82.23,16.73,7.91,43.61,27.49
179.98,0,,82.31,27.49,0,1,82.11,16.69,7.85,43.51,27.51
180.07,0,,82.19,27.46,2,-1,82.03,16.57,7.87,43.41,27.37
180.19,0,,82.11,27.43,4,-2,82.21,16.62,7.91,43.50,27.38
180.28,0,,82.11,27.39,4,-2,82.15,16.65,7.90,43.52,27.42
180.40,0,,82.13,27.38,4,-2,82.05,16.54,7.89,43.40,27.32
180.49,0,,82.17,27.34,4,-2,82.54,16.35,7.80,43.12,27.22
180.58,0,,82.35,27.29,2,-1,82.79,16.26,7.64,42.87,27.29
180.67,0,,82.44,27.26,1,0,81.62,16.19,7.58,42.74,27.28
180.79,0,,82.29,27.26,1,0,82.41,16.12,7.51,42.60,27.28
180.91,0,,82.21,27.26,1,0,82.39,16.11,7.55,42.63,27.23
180.97,0,,82.25,27.26,1,0,82.16,16.22,7.61,42.80,27.28
181.09,0,,82.28,27.27,0,1,82.40,16.34,7.63,42.94,27.38
181.18,0,,82.30,27.31,0,1,82.22,16.30,7.67,42.94,27.30
181.27,0,,82.29,27.31,0,1,82.29,16.21,7.65,42.83,27.23
181.42,0,,82.16,27.28,2,-1,81.35,16.23,7.65,42.85,27.25
181.48,0,,81.93,27.25,2,-1,82.17,16.27,7.65,42.89,27.29
181.57,0,,81.84,27.26,2,-1,81.84,16.26,7.60,42.83,27.33
181.72,0,,81.84,27.28,4,-2,81.66,16.13,7.53,42.63,27.27
181.78,0,,81.87,27.28,4,-2,82.40,16.05,7.49,42.51,27.23
181.90,0,,82.13,27.26,4,-2,82.95,16.10,7.51,42.58,27.26
181.99,0,,82.42,27.24,2,-1,81.85,16.04,7.53,42.54,27.18
182.17,0,,82.41,27.20,1,0,82.40,16.00,7.54,42.51,27.13
182.17,0,,82.39,27.19,1,0,82.80,16.13,7.48,42.58,27.32
182.29,0,,82.50,27.23,0,2,82.45,16.09,7.40,42.46,27.36
182.41,0,,82.55,27.27,0,2,82.45,15.90,7.47,42.34,27.10
182.47,0,,82.37,27.22,0,2,81.38,15.92,7.51,42.40,27.08
182.59,0,,81.97,27.16,0,2,81.60,16.11,7.52,42.60,27.26
182.81,0,,81.69,27.16,2,-1,81.97,16.05,7.57,42.59,27.15
182.81,0,,81.69,27.16,2,-1,81.97,16.05,7.57,42.59,27.15
182.92,0,,81.71,27.11,4,-2,81.37,16.08,7.61,42.66,27.14
182.98,0,,81.66,27.11,4,-2,81.85,16.15,7.55,42.67,27.27
183.07,0,,81.64,27.17,4,-2,81.51,16.06,7.54,42.57,27.19
183.19,0,,81.65,27.19,4,-2,81.79,16.02,7.55,42.54,27.14
183.28,0,,81.67,27.18,4,-2,81.69,15.97,7.51,42.45,27.13
183.40,0,,81.71,27.13,4,-2,81.75,15.79,7.43,42.19,27.03
183.49,0,,81.81,27.08,1,0,82.37,15.71,7.34,42.02,27.04
183.58,0,,81.97,27.03,2,-1,81.72,15.62,7.31,41.90,26.98
183.67,0,,81.93,26.99,0,1,81.49,15.59,7.34,41.90,26.92
183.79,0,,81.72,26.97,0,1,81.48,15.86,7.42,42.25,27.11
183.91,0,,81.60,27.00,0,1,81.96,15.89,7.51,42.37,27.05
183.97,0,,81.59,27.03,1,0,81.14,15.79,7.47,42.23,26.99
184.09,0,,81.50,27.03,2,-1,81.44,15.81,7.46,42.24,27.02
184.18,0,,81.36,27.01,4,-2,81.08,15.86,7.52,42.35,27.01
184.27,0,,81.36,27.02,4,-2,82.14,15.96,7.50,42.43,27.13
184.42,0,,81.62,27.05,2,-1,82.05,15.91,7.49,42.37,27.09
184.48,0,,82.01,27.09,2,-1,82.67,15.95,7.53,42.45,27.09
184.57,0,,82.35,27.11,2,-1,82.42,16.08,7.53,42.58,27.22
184.69,0,,82.54,27.16,0,2,82.63,16.05,7.50,42.52,27.22
184.78,0,,82.54,27.19,0,2,82.11,15.95,7.47,42.39,27.15
184.90,0,,82.35,27.19,0,2,81.89,15.94,7.39,42.30,27.22
184.99,0,,82.07,27.20,0,2,81.77,16.00,7.40,42.37,27.27
185.08,0,,81.81,27.22,0,2,81.48,15.95,7.44,42.36,27.18
185.17,0,,81.74,27.22,0,1,82.46,15.94,7.42,42.33,27.19
185.29,0,,81.93,27.20,2,-1,82.17,16.05,7.50,42.52,27.22
185.41,0,,82.18,27.20,0,1,82.45,16.11,7.57,42.65,27.21
185.47,0,,82.30,27.21,0,1,82.04,16.09,7.53,42.59,27.23
185.65,0,,82.32,27.20,2,-1,82.54,15.98,7.52,42.47,27.13
185.68,0,,82.33,27.17,1,0,82.24,15.94,7.54,42.45,27.07
185.77,0,,82.20,27.12,0,1,81.24,15.96,7.48,42.41,27.15
185.92,0,,81.81,27.11,0,1,81.41,15.94,7.50,42.41,27.11
185.98,0,,81.59,27.10,1,0,82.30,15.95,7.56,42.48,27.06
186.07,0,,81.81,27.09,2,-1,82.44,16.07,7.62,42.66,27.12
186.19,0,,82.17,27.10,4,-2,82.42,16.24,7.72,42.93,27.19
186.28,0,,82.31,27.14,2,-1,81.70,16.31,7.79,43.07,27.19
186.40,0,,82.11,27.16,2,-1,81.63,16.31,7.83,43.11,27.15
186.49,0,,81.83,27.17,0,1,81.72,16.33,7.85,43.15,27.15
186.58,0,,81.66,27.16,2,-1,81.58,16.36,7.85,43.18,27.18
186.67,0,,81.66,27.16,2,-1,82.10,16.40,7.89,43.26,27.18
186.79,0,,81.76,27.18,2,-1,81.66,16.48,7.93,43.38,27.22
186.91,0,,81.77,27.20,2,-1,81.48,16.58,8.02,43.57,27.23
186.97,0,,81.75,27.21,4,-2,82.31,16.60,8.05,43.62,27.22
187.09,0,,81.74,27.22,2,-1,80.88,16.57,8.01,43.55,27.23
187.18,0,,81.53,27.21,2,-1,81.29,16.46,7.98,43.41,27.15
187.27,0,,81.38,27.19,2,-1,81.95,16.45,7.97,43.39,27.15
187.42,0,,81.58,27.17,2,-1,82.13,16.55,7.96,43.48,27.26
187.48,0,,81.94,27.19,2,-1,82.43,16.47,7.92,43.36,27.22
187.57,0,,82.11,27.21,0,1,81.31,16.41,7.90,43.28,27.18
187.69,0,,81.87,27.21,0,1,81.24,16.53,7.95,43.45,27.25
187.78,0,,81.60,27.22,2,-1,82.08,16.55,7.98,43.50,27.24
187.90,0,,81.65,27.22,2,-1,81.95,16.48,7.99,43.44,27.16
187.99,0,,81.82,27.19,0,1,81.81,16.44,7.99,43.40,27.12
188.08,0,,81.86,27.16,0,2,81.69,16.52,7.98,43.47,27.21
188.17,0,,81.77,27.16,0,1,81.42,16.56,8.05,43.58,27.18
188.29,0,,81.62,27.15,2,-1,81.61,16.47,8.11,43.55,27.03
188.41,0,,81.49,27.10,2,-1,81.14,16.47,8.09,43.53,27.05
188.47,0,,81.44,27.07,4,-2,81.99,16.58,8.09,43.64,27.16
188.59,0,,81.57,27.10,2,-1,81.76,16.61,8.07,43.65,27.21
188.68,0,,81.77,27.14,2,-1,82.06,16.43,7.99,43.39,27.11
188.77,0,,81.83,27.13,2,-1,81.22,16.20,7.93,43.10,26.94
188.92,0,,81.70,27.01,2,-1,81.71,15.79,7.75,42.51,26.71
188.98,0,,81.61,26.80,1,0,81.78,15.00,7.37,41.34,26.30
189.07,0,,81.64,26.48,1,0,81.51,14.21,6.91,40.09,25.97
189.19,0,,81.65,26.12,1,0,81.79,13.29,6.36,38.62,25.60
189.28,0,,81.69,25.74,0,1,81.75,12.14,5.67,36.78,25.14
189.40,0,,81.78,25.36,0,1,82.10,11.48,5.18,35.63,24.97
189.49,0,,82.00,25.07,0,1,82.68,11.36,5.08,35.41,24.95
189.58,0,,82.27,24.93,0,2,82.12,11.41,5.13,35.51,24.95
189.67,0,,82.41,24.91,0,2,82.73,11.50,5.10,35.57,25.07
189.79,0,,82.49,24.95,0,2,82.36,11.23,5.01,35.21,24.89
189.91,0,,82.45,24.89,0,2,82.07,10.63,4.83,34.43,24.47
189.97,0,,82.41,24.68,0,2,83.11,10.14,4.52,33.63,24.29
190.09,0,,82.49,24.43,0,2,82.00,9.76,4.23,32.96,24.20
190.18,0,,82.58,24.23,0,2,83.36,9.36,3.99,32.32,24.04
190.27,0,,82.78,24.05,0,2,82.98,8.75,3.68,31.40,23.74
190.42,0,,82.94,23.84,0,2,82.58,8.21,3.43,30.61,23.45
190.48,0,,82.85,23.61,0,2,82.60,8.01,3.28,30.26,23.40
190.57,0,,82.72,23.43,0,2,82.79,7.83,3.17,29.97,23.33
190.69,0,,82.74,23.33,0,2,83.15,7.71,3.07,29.75,23.31
190.78,0,,82.80,23.30,0,2,82.24,7.71,3.03,29.71,23.35
190.90,0,,82.75,23.30,0,2,83.08,7.62,3.03,29.62,23.26
190.99,0,,82.69,23.27,0,1,82.21,7.43,2.94,29.34,23.16
191.08,0,,82.59,23.21,2,-1,82.68,7.26,2.86,29.09,23.07
191.17,0,,82.57,23.12,2,-1,82.80,7.13,2.79,28.89,23.01
191.29,0,,82.60,23.03,2,-1,82.32,6.93,2.70,28.60,22.90
191.41,0,,82.56,22.93,2,-1,82.53,6.72,2.62,28.31,22.77
191.47,0,,82.53,22.82,2,-1,82.75,6.55,2.54,28.06,22.68
191.59,0,,82.58,22.73,2,-1,82.51,6.52,2.50,27.99,22.69
191.68,0,,82.57,22.68,2,-1,82.34,6.55,2.46,27.98,22.76
191.77,0,,82.59,22.69,2,-1,83.31,6.48,2.47,27.92,22.68
191.92,0,,82.79,22.68,1,0,82.82,6.44,2.50,27.91,22.61
191.98,0,,82.92,22.65,1,0,82.82,6.42,2.47,27.86,22.62
192.07,0,,82.86,22.61,0,2,82.46,6.24,2.41,27.62,22.50
192.19,0,,82.71,22.53,0,2,82.70,5.97,2.32,27.26,22.32
192.28,0,,82.65,22.40,0,1,82.79,5.70,2.21,26.88,22.16
192.40,0,,82.61,22.26,0,1,82.18,5.59,2.05,26.61,22.21
192.49,0,,82.46,22.22,1,0,82.20,5.68,1.90,26.55,22.45
192.58,0,,82.23,22.29,2,-1,81.82,5.72,1.94,26.63,22.45
192.71,0,,82.03,22.39,4,-2,82.01,5.69,1.97,26.63,22.39
192.79,0,,82.02,22.41,4,-2,82.64,5.63,1.99,26.59,22.31
192.91,0,,82.24,22.35,4,-2,82.51,5.48,2.01,26.46,22.14
192.97,0,,82.45,22.23,4,-2,82.46,5.37,1.97,26.31,22.07
193.09,0,,82.55,22.06,2,-1,82.66,5.02,2.15,26.14,21.54
193.18,0,,82.52,21.76,2,-1,81.98,4.74,2.19,25.90,21.22
193.27,0,,82.40,21.50,2,-1,82.64,4.94,1.93,25.84,21.68
193.42,0,,82.37,21.42,2,-1,82.31,4.62,1.94,25.53,21.35
193.48,0,,82.39,21.36,0,2,82.50,4.33,1.99,25.29,21.01
193.57,0,,82.41,21.27,0,2,82.31,4.74,1.84,25.55,21.57
193.69,0,,82.37,21.29,0,1,82.24,4.47,1.86,25.30,21.28
193.78,0,,82.34,21.27,1,0,82.54,4.05,1.86,24.88,20.86
193.90,0,,82.39,21.16,2,-1,82.49,4.38,1.71,25.06,21.34
193.99,0,,82.55,21.17,2,-1,83.11,4.44,1.71,25.12,21.40
194.08,0,,82.68,21.26,0,1,82.18,4.34,1.73,25.04,21.28
194.17,0,,82.63,21.33,0,1,82.57,4.45,1.69,25.11,21.43
194.29,0,,82.47,21.35,2,-1,82.08,4.35,1.81,25.13,21.21
194.41,0,,82.30,21.29,2,-1,82.21,4.35,1.94,25.26,21.08
194.47,0,,82.17,21.22,2,-1,82.04,4.62,1.87,25.46,21.42
194.59,0,,82.06,21.28,2,-1,81.81,4.60,1.66,25.23,21.61
194.68,0,,81.88,21.48,4,-2,81.47,4.61,1.43,25.01,21.85
194.77,0,,81.62,21.75,4,-2,81.18,5.01,1.35,25.33,22.33
194.92,0,,81.43,22.03,4,-2,81.70,4.82,1.44,25.23,22.05
194.98,0,,81.46,22.12,4,-2,81.75,4.58,1.41,24.96,21.84
195.07,0,,81.70,22.10,4,-2,82.40,5.08,1.30,25.35,22.45
195.19,0,,81.96,22.18,4,-2,81.75,5.06,1.37,25.40,22.36
195.28,0,,82.03,22.27,4,-2,81.92,4.88,1.44,25.29,22.11
195.40,0,,81.92,22.31,4,-2,81.57,5.31,1.34,25.62,22.64
195.49,0,,81.85,22.43,2,-1,82.28,5.40,1.36,25.73,22.71
195.58,0,,81.91,22.59,0,1,81.95,5.47,1.49,25.93,22.65
195.67,0,,81.91,22.69,0,2,81.30,5.79,1.60,26.36,22.86
195.79,0,,81.72,22.75,0,2,81.64,5.87,1.92,26.76,22.62
195.91,0,,81.60,22.75,1,0,81.78,6.47,2.32,27.76,22.82
195.97,0,,81.66,22.84,2,-1,81.94,7.30,2.55,28.82,23.42
196.09,0,,81.82,23.06,4,-2,82.07,7.34,2.75,29.06,23.26
196.18,0,,82.05,23.22,2,-1,82.63,7.26,2.89,29.12,23.04
196.27,0,,82.24,23.27,0,1,81.85,7.71,2.78,29.46,23.60
196.42,0,,82.20,23.39,0,2,81.96,7.83,2.81,29.61,23.69
196.48,0,,82.11,23.55,0,2,82.43,7.72,2.84,29.53,23.55
196.57,0,,82.27,23.67,0,2,83.06,7.97,2.60,29.54,24.04
196.69,0,,82.58,23.83,0,2,82.59,7.93,2.56,29.46,24.04
196.78,0,,82.73,23.95,0,2,82.53,7.71,2.59,29.27,23.79
196.90,0,,82.73,23.96,0,2,82.97,7.83,2.52,29.32,23.98
196.99,0,,82.76,23.95,0,2,82.67,7.91,2.57,29.45,24.01
197.08,0,,82.78,23.96,0,2,82.86,7.88,2.59,29.44,23.96
197.17,0,,82.67,23.98,0,2,81.81,7.98,2.58,29.53,24.07
197.29,0,,82.38,24.02,0,2,82.21,8.08,2.63,29.68,24.12
197.41,0,,82.20,24.08,0,2,82.53,8.13,2.68,29.78,24.12
197.47,0,,82.28,24.13,2,-1,82.54,8.27,2.69,29.93,24.25
197.59,0,,82.52,24.20,4,-2,83.18,8.35,2.69,30.01,24.33
197.68,0,,82.79,24.26,2,-1,82.76,8.37,2.78,30.12,24.26
197.77,0,,82.84,24.29,1,0,82.26,8.48,2.83,30.28,24.32
197.92,0,,82.69,24.31,1,0,82.88,8.57,2.86,30.40,24.38
197.98,0,,82.64,24.34,0,1,82.66,8.63,2.92,30.52,24.38
198.07,0,,82.74,24.37,0,2,83.18,8.70,2.94,30.61,24.43
198.19,0,,82.87,24.40,0,1,82.76,8.73,2.97,30.67,24.43
198.28,0,,82.83,24.42,0,1,82.14,8.82,3.06,30.85,24.43
198.40,0,,82.51,24.43,0,2,81.93,9.03,3.24,31.24,24.46
198.49,0,,82.15,24.45,1,0,81.96,9.08,3.27,31.32,24.48
198.58,0,,82.07,24.47,2,-1,82.93,9.03,3.14,31.14,24.56
198.67,0,,82.28,24.52,4,-2,82.19,8.87,2.92,30.76,24.62
198.79,0,,82.56,24.56,4,-2,83.52,8.53,2.68,30.18,24.52
198.91,0,,82.88,24.56,2,-1,82.84,8.46,2.64,30.07,24.49
198.97,0,,83.04,24.53,0,1,82.92,8.47,2.61,30.05,24.53
199.09,0,,82.98,24.51,0,1,82.69,8.33,2.51,29.81,24.49
199.18,0,,82.88,24.50,0,1,82.97,8.20,2.36,29.53,24.51
199.27,0,,82.80,24.47,0,1,82.50,7.84,2.15,28.96,24.36
199.42,0,,82.75,24.35,0,2,83.00,6.79,1.71,27.47,23.75
199.48,0,,82.75,24.04,0,2,82.60,6.12,1.29,26.38,23.50
199.57,0,,82.78,23.75,0,1,83.02,6.63,1.48,27.08,23.82
199.69,0,,82.81,23.66,1,0,82.61,6.65,1.51,27.13,23.81
199.78,0,,82.78,23.70,0,1,82.75,6.36,1.32,26.65,23.71
199.90,0,,82.77,23.76,0,1,82.96,6.77,1.50,27.24,23.94
199.99,0,,82.78,23.84,0,1,82.52,6.93,1.59,27.49,24.01
200.08,0,,82.71,23.94,2,-1,82.59,7.00,1.67,27.64,24.00
200.17,0,,82.65,24.00,2,-1,82.80,7.08,1.76,27.81,23.99
200.29,0,,82.61,24.01,2,-1,82.27,7.14,1.77,27.88,24.04
200.41,0,,82.52,24.03,2,-1,82.51,7.37,1.92,28.26,24.12
200.47,0,,82.52,24.07,2,-1,82.94,7.53,2.07,28.57,24.13
200.59,0,,82.60,24.12,2,-1,82.32,7.66,2.15,28.78,24.18
200.68,0,,82.52,24.17,2,-1,82.06,7.83,2.24,29.04,24.26
200.77,0,,82.28,24.23,1,0,81.97,8.11,2.44,29.52,24.34
200.92,0,,82.09,24.31,1,0,82.19,8.44,2.63,30.04,24.48
200.98,0,,82.05,24.42,4,-2,82.10,8.78,2.84,30.59,24.61
201.07,0,,82.10,24.54,4,-2,82.29,9.20,3.19,31.36,24.68
201.19,0,,82.14,24.64,4,-2,81.86,9.56,3.47,32.00,24.76
201.28,0,,82.05,24.73,4,-2,81.86,9.82,3.66,32.45,24.83
201.40,0,,81.98,24.81,4,-2,82.22,10.17,3.87,33.01,24.97
201.49,0,,82.03,24.92,4,-2,82.16,10.47,4.00,33.44,25.14
201.58,0,,82.10,25.03,4,-2,82.01,10.45,4.05,33.47,25.07
201.67,0,,82.07,25.07,4,-2,81.88,10.42,4.13,33.52,24.96
201.79,0,,82.00,25.05,1,0,82.03,10.61,4.21,33.79,25.07
201.91,0,,81.95,25.04,2,-1,81.86,10.59,4.19,33.75,25.07
201.97,0,,81.87,25.04,2,-1,81.52,10.51,4.17,33.65,25.01
202.09,0,,81.75,25.04,2,-1,81.86,10.72,4.31,34.00,25.08
202.18,0,,81.80,25.05,4,-2,82.36,10.78,4.38,34.13,25.07
202.27,0,,81.98,25.07,2,-1,81.90,10.69,4.21,33.87,25.15
202.42,0,,82.13,25.11,2,-1,82.53,10.61,4.06,33.64,25.22
202.48,0,,82.35,25.16,0,1,82.97,10.49,4.02,33.48,25.14
202.57,0,,82.61,25.16,0,2,82.46,10.50,4.09,33.56,25.08
202.69,0,,82.56,25.12,0,2,81.59,10.55,4.21,33.73,25.01
202.78,0,,82.21,25.06,0,2,82.07,10.71,4.29,33.97,25.09
202.90,0,,82.03,25.07,0,2,82.47,10.95,4.38,34.30,25.24
202.99,0,,82.13,25.13,0,2,82.24,10.93,4.45,34.35,25.15
203.08,0,,82.27,25.16,0,1,82.42,10.83,4.41,34.21,25.09
203.17,0,,82.32,25.13,0,1,82.11,10.71,4.32,34.00,25.06
203.29,0,,82.25,25.07,0,1,81.95,10.52,4.30,33.79,24.89
203.41,0,,82.10,24.98,1,0,82.04,10.57,4.31,33.85,24.93
203.47,0,,82.03,24.94,4,-2,82.08,10.72,4.35,34.04,25.04
203.59,0,,82.02,24.95,2,-1,82.03,10.68,4.41,34.06,24.94
203.68,0,,82.05,24.94,2,-1,82.19,10.53,4.36,33.86,24.84
203.77,0,,82.08,24.89,2,-1,81.94,10.41,4.29,33.67,24.79
203.92,0,,82.03,24.83,2,-1,81.83,10.43,4.34,33.74,24.76
203.98,0,,81.92,24.78,4,-2,81.75,10.49,4.38,33.84,24.78
204.07,0,,81.88,24.76,4,-2,82.30,10.44,4.36,33.77,24.75
204.19,0,,81.98,24.74,2,-1,81.99,10.37,4.38,33.72,24.66
204.28,0,,82.01,24.70,1,0,81.71,10.35,4.40,33.72,24.62
204.40,0,,81.86,24.64,1,0,81.40,10.34,4.43,33.74,24.58
204.49,0,,81.68,24.60,2,-1,81.90,10.34,4.46,33.77,24.55
204.58,0,,81.74,24.57,2,-1,82.36,10.37,4.42,33.76,24.62
204.67,0,,81.95,24.58,2,-1,81.82,10.42,4.44,33.83,24.65
204.79,0,,81.96,24.60,2,-1,81.48,10.39,4.47,33.83,24.59
204.91,0,,81.68,24.59,2,-1,80.91,10.28,4.44,33.69,24.51
204.97,0,,81.45,24.55,2,-1,82.23,10.24,4.45,33.66,24.46
205.09,0,,81.53,24.50,2,-1,81.54,10.25,4.43,33.65,24.49
205.18,0,,81.68,24.47,2,-1,81.76,10.23,4.46,33.66,24.44
205.27,0,,81.70,24.44,2,-1,81.50,10.22,4.49,33.68,24.40
205.42,0,,81.59,24.42,2,-1,81.21,10.23,4.43,33.63,24.47
205.48,0,,81.43,24.43,2,-1,81.41,10.28,4.47,33.72,24.48
205.57,0,,81.31,24.45,2,-1,81.11,10.34,4.54,33.85,24.47
205.69,0,,81.16,24.46,4,-2,80.73,10.32,4.57,33.86,24.42
205.78,0,,81.07,24.45,4,-2,81.66,10.37,4.61,33.95,24.43
205.90,0,,81.11,24.44,4,-2,80.76,10.43,4.58,33.98,24.52
205.99,0,,81.15,24.46,4,-2,81.46,10.36,4.59,33.92,24.44
206.08,0,,81.31,24.45,4,-2,82.03,10.27,4.62,33.86,24.32
206.17,0,,81.56,24.39,4,-2,81.34,10.29,4.61,33.87,24.35
206.29,0,,81.62,24.35,2,-1,81.45,10.37,4.65,33.99,24.39
206.41,0,,81.56,24.35,0,2,81.62,10.38,4.69,34.04,24.36
206.47,0,,81.48,24.35,0,2,81.09,10.35,4.70,34.02,24.32
206.59,0,,81.37,24.34,0,2,81.43,10.41,4.74,34.12,24.34
206.68,0,,81.31,24.33,0,2,81.28,10.39,4.74,34.10,24.32
206.77,0,,81.30,24.31,0,1,81.31,10.24,4.63,33.84,24.28
206.92,0,,81.31,24.30,1,0,81.40,10.18,4.51,33.66,24.34
206.98,0,,81.33,24.30,2,-1,81.28,10.22,4.62,33.81,24.27
207.07,0,,81.37,24.29,2,-1,81.64,10.23,4.69,33.89,24.21
207.19,0,,81.41,24.26,2,-1,81.12,10.17,4.51,33.65,24.33
207.28,0,,81.46,24.26,2,-1,82.05,9.88,4.34,33.19,24.21
207.40,0,,81.74,24.25,0,1,82.62,9.74,4.21,32.92,24.20
207.49,0,,82.14,24.24,0,1,82.14,9.91,4.22,33.10,24.36
207.58,0,,82.36,24.27,0,2,82.49,9.94,4.29,33.20,24.32
207.67,0,,82.39,24.31,0,2,82.08,9.90,4.25,33.12,24.32
207.79,0,,82.19,24.32,0,2,81.31,9.88,4.27,33.12,24.28
207.91,0,,81.83,24.30,0,2,81.74,9.87,4.31,33.15,24.23
207.97,0,,81.61,24.27,0,2,81.59,9.88,4.25,33.10,24.30
208.09,0,,81.65,24.26,0,1,82.31,9.80,4.21,32.98,24.26
208.18,0,,81.86,24.26,0,1,81.88,9.82,4.24,33.03,24.25
208.27,0,,81.98,24.26,0,1,81.82,9.91,4.27,33.15,24.31
208.42,0,,81.90,24.27,4,-2,81.57,9.88,4.31,33.16,24.24
208.48,0,,81.70,24.25,4,-2,81.25,9.85,4.36,33.18,24.16
208.57,0,,81.53,24.21,4,-2,81.81,9.90,4.35,33.22,24.22
208.69,0,,81.50,24.21,4,-2,81.38,10.01,4.34,33.32,24.34
208.78,0,,81.50,24.25,2,-1,81.52,9.98,4.40,33.35,24.25
208.90,0,,81.52,24.26,2,-1,81.73,9.94,4.45,33.36,24.16
208.99,0,,81.55,24.23,4,-2,81.27,10.07,4.48,33.52,24.26
209.08,0,,81.56,24.23,4,-2,81.95,10.17,4.51,33.65,24.33
209.17,0,,81.66,24.28,0,1,81.75,10.18,4.50,33.65,24.35
209.29,0,,81.67,24.33,0,1,81.08,10.20,4.50,33.67,24.37
209.41,0,,81.48,24.36,1,0,81.27,10.28,4.53,33.78,24.42
209.47,0,,81.32,24.40,1,0,81.46,10.30,4.51,33.78,24.46
209.59,0,,81.35,24.42,2,-1,81.71,10.21,4.49,33.67,24.39
209.68,0,,81.39,24.41,2,-1,80.75,10.16,4.51,33.64,24.32
209.86,0,,81.22,24.37,2,-1,81.01,10.19,4.51,33.67,24.35
209.92,0,,81.11,24.33,4,-2,81.61,10.20,4.58,33.75,24.29
209.98,0,,81.27,24.30,4,-2,81.64,10.23,4.62,33.82,24.28
210.07,0,,81.50,24.29,2,-1,81.64,10.31,4.63,33.91,24.35
210.19,0,,81.60,24.31,2,-1,81.38,10.44,4.70,34.11,24.41
210.28,0,,81.52,24.37,2,-1,81.12,10.49,4.67,34.13,24.49
210.40,0,,81.24,24.44,2,-1,80.56,10.48,4.69,34.14,24.46
210.49,0,,81.04,24.47,2,-1,81.76,10.57,4.75,34.29,24.49
210.58,0,,81.16,24.50,2,-1,81.43,10.71,4.76,34.44,24.62
210.67,0,,81.40,24.55,2,-1,81.61,10.78,4.83,34.58,24.62
210.79,0,,81.51,24.60,0,1,81.31,10.86,4.86,34.69,24.67
210.91,0,,81.50,24.66,1,0,81.52,11.01,4.90,34.88,24.78
210.97,0,,81.51,24.73,1,0,81.72,11.14,4.99,35.10,24.82
211.09,0,,81.55,24.80,0,1,81.43,11.26,5.04,35.27,24.89
211.18,0,,81.53,24.87,0,2,81.32,11.43,5.08,35.48,25.02
211.27,0,,81.46,24.97,0,1,81.61,11.61,5.14,35.72,25.14
211.42,0,,81.43,25.07,1,0,81.20,11.72,5.20,35.89,25.19
211.48,0,,81.48,25.15,1,0,82.20,11.70,5.18,35.85,25.19
211.57,0,,81.65,25.19,1,0,81.47,11.66,5.14,35.77,25.19
211.69,0,,81.64,25.22,0,1,81.03,11.74,5.13,35.84,25.28
211.78,0,,81.53,25.25,0,1,82.18,11.75,5.11,35.83,25.31
211.90,0,,81.60,25.26,0,1,81.47,11.62,5.11,35.70,25.18
211.99,0,,81.62,25.23,0,1,81.27,11.53,5.09,35.59,25.11
212.08,0,,81.53,25.17,0,1,81.73,11.58,5.06,35.61,25.19
212.17,0,,81.61,25.16,0,1,82.17,11.62,5.04,35.63,25.25
212.29,0,,81.83,25.18,0,1,81.87,11.50,5.03,35.50,25.14
212.41,0,,81.95,25.17,0,1,81.84,11.41,5.01,35.39,25.07
212.47,0,,81.92,25.13,0,1,81.82,11.51,5.03,35.51,25.15
212.59,0,,81.77,25.12,0,1,81.11,11.53,5.06,35.56,25.14
212.68,0,,81.51,25.13,0,1,81.39,11.52,5.01,35.50,25.18
212.77,0,,81.41,25.16,0,1,81.90,11.56,4.99,35.52,25.24
212.92,0,,81.62,25.19,0,1,82.25,11.50,5.02,35.49,25.15
212.98,0,,81.85,25.17,0,1,81.39,11.39,5.00,35.36,25.06
213.07,0,,81.82,25.10,0,1,81.65,11.28,4.99,35.24,24.96
213.19,0,,81.69,25.02,0,1,81.71,11.29,4.99,35.25,24.97
213.28,0,,81.71,24.99,2,-1,82.07,11.41,4.99,35.37,25.09
213.40,0,,81.78,25.01,0,1,81.52,11.42,5.04,35.43,25.05
213.49,0,,81.69,25.03,0,1,81.18,11.39,5.07,35.43,24.99
213.58,0,,81.57,25.02,0,1,82.15,11.41,5.06,35.44,25.02
213.67,0,,81.51,25.01,0,1,80.62,11.46,5.09,35.52,25.04
213.79,0,,81.30,25.02,4,-2,81.17,11.47,5.10,35.54,25.04
213.91,0,,81.13,25.02,4,-2,81.40,11.45,5.09,35.51,25.03
213.97,0,,81.19,25.03,4,-2,81.32,11.50,5.12,35.59,25.05
214.09,0,,81.26,25.05,4,-2,81.14,11.56,5.11,35.64,25.12
214.18,0,,81.32,25.08,4,-2,81.79,11.52,5.06,35.55,25.13
214.27,0,,81.55,25.10,2,-1,82.22,11.47,5.12,35.56,25.02
214.42,0,,81.89,25.07,2,-1,82.09,11.52,5.17,35.66,25.02
214.48,0,,81.98,25.06,2,-1,81.13,11.61,5.11,35.69,25.17
214.57,0,,81.70,25.08,0,2,81.23,11.57,5.12,35.66,25.12
214.69,0,,81.50,25.12,0,2,82.26,11.56,5.11,35.64,25.12
214.78,0,,81.58,25.14,0,2,81.27,11.63,5.07,35.67,25.23
214.90,0,,81.52,25.16,0,2,80.94,11.57,5.14,35.68,25.10
214.99,0,,81.43,25.14,0,1,82.33,11.52,5.13,35.62,25.06
215.08,0,,81.56,25.09,2,-1,81.35,11.48,5.10,35.55,25.05
215.17,0,,81.64,25.04,1,0,81.52,11.41,5.15,35.53,24.93
215.29,0,,81.53,24.99,2,-1,81.15,11.45,5.14,35.56,24.98
215.41,0,,81.37,24.96,2,-1,81.37,11.47,5.12,35.56,25.02
215.47,0,,81.31,24.98,2,-1,81.43,11.46,5.10,35.53,25.03
215.59,0,,81.27,25.01,2,-1,80.86,11.49,5.12,35.58,25.04
215.68,0,,81.18,25.02,4,-2,81.34,11.46,5.14,35.57,24.99
215.77,0,,81.26,25.01,4,-2,81.98,11.39,5.09,35.45,24.97
215.92,0,,81.49,24.98,2,-1,81.32,11.39,5.12,35.48,24.94
215.98,0,,81.62,24.96,2,-1,81.87,11.52,5.18,35.67,25.01
216.07,0,,81.58,24.97,2,-1,80.80,11.57,5.23,35.77,25.01
216.19,0,,81.33,24.98,0,1,81.00,11.50,5.24,35.71,24.93
216.28,0,,81.12,24.97,1,0,81.44,11.55,5.25,35.77,24.97
216.40,0,,81.14,24.97,1,0,81.20,11.70,5.32,35.99,25.05
216.49,0,,81.18,25.00,2,-1,80.97,11.76,5.37,36.10,25.06
216.58,0,,81.19,25.03,2,-1,81.60,11.69,5.36,36.02,25.00
216.67,0,,81.31,25.04,2,-1,81.49,11.74,5.34,36.05,25.07
216.79,0,,81.41,25.04,2,-1,81.15,11.72,5.34,36.03,25.05
216.91,0,,81.39,25.03,2,-1,81.48,11.61,5.36,35.94,24.92
216.97,0,,81.33,24.99,2,-1,81.04,11.67,5.39,36.03,24.95
217.09,0,,81.30,24.95,2,-1,81.65,11.72,5.40,36.09,24.99
217.18,0,,81.37,24.95,1,0,81.44,11.72,5.46,36.15,24.93
217.27,0,,81.47,24.94,1,0,81.55,11.73,5.50,36.20,24.90
217.42,0,,81.53,24.93,0,1,81.60,11.74,5.45,36.16,24.96
217.48,0,,81.48,24.94,0,1,80.82,11.83,5.52,36.32,24.98
217.57,0,,81.24,24.96,1,0,80.94,11.90,5.60,36.47,24.97
217.69,0,,81.00,24.98,2,-1,80.92,11.91,5.56,36.44,25.02
217.78,0,,80.91,24.99,2,-1,81.04,11.98,5.65,36.60,25.00
217.90,0,,80.85,25.01,4,-2,80.35,12.13,5.71,36.81,25.09
217.99,0,,80.79,25.07,4,-2,81.31,12.33,5.75,37.05,25.25
218.08,0,,80.88,25.15,4,-2,81.03,12.42,5.90,37.29,25.19
218.17,0,,81.07,25.19,4,-2,81.39,12.43,5.94,37.34,25.16
218.29,0,,81.15,25.21,4,-2,80.71,12.61,5.93,37.51,25.35
218.41,0,,81.00,25.27,2,-1,80.46,12.88,6.16,38.01,25.39
218.47,0,,80.72,25.34,2,-1,80.53,13.12,6.38,38.47,25.41
218.59,0,,80.59,25.39,2,-1,81.00,13.14,6.42,38.53,25.39
218.68,0,,80.67,25.38,2,-1,80.67,12.98,6.41,38.36,25.24
218.77,0,,80.81,25.32,2,-1,81.30,12.75,6.24,37.96,25.18
218.92,0,,80.96,25.24,2,-1,80.83,12.54,5.96,37.47,25.25
218.98,0,,81.13,25.23,2,-1,81.91,12.66,5.93,37.56,25.40
219.07,0,,81.41,25.30,0,1,81.66,12.83,6.03,37.83,25.47
219.19,0,,81.67,25.41,0,2,81.80,12.89,5.96,37.82,25.60
219.28,0,,81.64,25.52,0,2,80.64,12.83,5.92,37.72,25.58
219.40,0,,81.25,25.55,0,2,80.58,12.68,5.95,37.60,25.40
219.49,0,,80.94,25.52,0,2,81.60,12.69,5.87,37.53,25.49
219.58,0,,81.10,25.50,0,2,81.87,12.73,5.77,37.47,25.63
219.67,0,,81.48,25.52,0,1,81.61,12.71,5.85,37.53,25.53
219.79,0,,81.70,25.53,0,2,81.72,12.73,5.94,37.64,25.46
219.91,0,,81.76,25.51,0,1,81.75,12.78,5.93,37.68,25.52
219.97,0,,81.75,25.50,0,2,81.61,12.83,5.92,37.72,25.58
220.09,0,,81.66,25.53,0,2,81.38,12.79,5.90,37.66,25.56
220.18,0,,81.51,25.55,0,2,81.32,12.72,5.87,37.56,25.52
220.27,0,,81.42,25.53,0,2,81.60,12.68,5.88,37.53,25.47
220.42,0,,81.37,25.48,0,2,80.98,12.56,5.90,37.43,25.33
220.48,0,,81.27,25.40,2,-1,81.26,12.45,5.83,37.25,25.29
220.57,0,,81.22,25.33,4,-2,81.37,12.41,5.78,37.16,25.30
220.69,0,,81.22,25.28,4,-2,81.00,12.39,5.79,37.15,25.27
220.81,0,,81.21,25.26,4,-2,81.47,12.33,5.74,37.04,25.26
220.90,0,,81.25,25.25,4,-2,81.20,12.23,5.67,36.87,25.23
220.99,0,,81.31,25.24,4,-2,81.50,12.16,5.59,36.72,25.24
221.08,0,,81.34,25.23,2,-1,81.11,12.10,5.57,36.64,25.20
221.17,0,,81.35,25.21,1,0,81.68,12.05,5.57,36.59,25.15
221.29,0,,81.39,25.18,0,1,81.18,12.04,5.51,36.52,25.20
221.41,0,,81.41,25.16,1,0,81.62,11.96,5.48,36.41,25.15
221.47,0,,81.49,25.14,0,1,81.75,11.90,5.51,36.38,25.06
221.59,0,,81.54,25.11,0,2,81.07,11.94,5.49,36.40,25.12
221.68,0,,81.45,25.09,0,1,81.53,11.88,5.44,36.29,25.11
221.77,0,,81.34,25.08,0,1,80.99,11.74,5.40,36.11,25.01
221.92,0,,81.26,25.06,1,0,81.48,11.76,5.40,36.13,25.03
221.98,0,,81.29,25.04,1,0,81.46,11.81,5.37,36.15,25.11
222.07,0,,81.41,25.05,1,0,81.59,11.73,5.36,36.06,25.04
222.19,0,,81.47,25.04,1,0,81.25,11.63,5.37,35.97,24.93
222.28,0,,81.44,24.99,0,1,81.41,11.60,5.38,35.95,24.89
222.40,0,,81.31,24.93,0,1,80.74,11.61,5.40,35.98,24.88
222.49,0,,81.09,24.87,2,-1,80.96,11.54,5.41,35.92,24.80
222.58,0,,80.90,24.82,4,-2,80.73,11.45,5.40,35.82,24.72
222.70,0,,80.77,24.76,4,-2,80.59,11.48,5.40,35.85,24.75
222.79,0,,80.61,24.73,4,-2,80.19,11.51,5.42,35.90,24.76
222.91,0,,80.48,24.73,4,-2,80.80,11.47,5.40,35.84,24.74
222.97,0,,80.52,24.74,4,-2,80.71,11.46,5.37,35.80,24.76
223.09,0,,80.69,24.76,4,-2,81.07,11.58,5.38,35.93,24.87
223.18,0,,80.85,24.81,4,-2,80.78,11.66,5.42,36.05,24.91
223.27,0,,80.87,24.86,4,-2,80.62,11.60,5.43,36.00,24.84
223.45,0,,80.79,24.87,2,-1,80.78,11.58,5.44,35.99,24.81
223.48,0,,80.70,24.84,2,-1,80.43,11.61,5.48,36.06,24.80
223.57,0,,80.62,24.81,0,1,80.73,11.62,5.50,36.09,24.79
223.69,0,,80.63,24.78,0,1,80.85,11.56,5.49,36.02,24.74
223.78,0,,80.72,24.75,0,1,80.78,11.50,5.52,35.99,24.65
223.90,0,,80.84,24.71,1,0,81.17,11.61,5.55,36.13,24.73
223.99,0,,81.00,24.71,1,0,81.19,11.77,5.61,36.35,24.83
224.08,0,,81.17,24.75,0,1,81.43,11.78,5.64,36.39,24.81
224.17,0,,81.22,24.80,0,2,80.63,11.77,5.59,36.33,24.85
224.29,0,,81.09,24.83,0,2,81.14,11.74,5.62,36.33,24.79
224.41,0,,81.04,24.82,0,2,81.25,11.73,5.63,36.33,24.77
224.47,0,,81.04,24.79,0,2,80.63,11.73,5.60,36.30,24.80
224.59,0,,80.96,24.79,0,1,81.03,11.72,5.59,36.28,24.80
224.68,0,,80.96,24.79,0,1,81.32,11.76,5.59,36.32,24.84
224.77,0,,80.97,24.80,0,1,80.27,11.70,5.64,36.31,24.73
224.92,0,,80.83,24.76,2,-1,80.91,11.59,5.64,36.20,24.62
224.98,0,,80.70,24.70,4,-2,80.53,11.65,5.59,36.21,24.73
225.07,0,,80.57,24.69,4,-2,80.15,11.70,5.60,36.27,24.77
225.19,0,,80.38,24.71,4,-2,80.25,11.62,5.64,36.23,24.65
225.28,0,,80.37,24.70,4,-2,81.18,11.59,5.61,36.17,24.65
225.40,0,,80.56,24.68,4,-2,80.36,11.66,5.58,36.21,24.75
225.49,0,,80.67,24.69,4,-2,80.74,11.65,5.64,36.26,24.68
225.58,0,,80.63,24.69,4,-2,80.33,11.64,5.70,36.31,24.61
225.70,0,,80.66,24.66,2,-1,81.44,11.66,5.67,36.30,24.66
225.79,0,,80.83,24.65,1,0,80.66,11.70,5.68,36.35,24.69
225.91,0,,80.95,24.67,0,2,81.15,11.80,5.71,36.48,24.76
225.97,0,,81.08,24.71,0,2,81.59,11.83,5.72,36.52,24.78
226.09,0,,81.24,24.75,0,2,80.96,11.79,5.74,36.50,24.72
226.18,0,,81.13,24.75,0,2,80.30,11.79,5.76,36.52,24.70
226.27,0,,80.74,24.72,0,2,80.23,11.87,5.84,36.68,24.70
226.42,0,,80.38,24.70,0,1,80.29,11.90,5.88,36.75,24.69
226.48,0,,80.30,24.68,2,-1,80.86,11.86,5.86,36.69,24.67
226.57,0,,80.50,24.68,2,-1,80.85,11.95,5.84,36.76,24.78
226.69,0,,80.69,24.73,4,-2,80.53,12.04,5.85,36.86,24.86
226.78,0,,80.70,24.77,4,-2,80.50,11.97,5.93,36.87,24.71
226.90,0,,80.55,24.77,4,-2,80.12,11.96,5.95,36.88,24.68
226.99,0,,80.42,24.74,4,-2,80.80,12.07,5.94,36.98,24.80
227.11,0,,80.39,24.75,4,-2,80.02,12.15,5.98,37.10,24.84
227.17,0,,80.40,24.79,2,-1,80.86,12.16,5.99,37.12,24.84
227.35,0,,80.52,24.83,1,0,80.76,12.15,5.98,37.10,24.84
227.41,0,,80.71,24.84,2,-1,80.92,12.18,6.00,37.15,24.85
227.47,0,,80.86,24.85,0,1,80.98,12.27,6.05,37.29,24.89
227.59,0,,80.91,24.87,0,1,80.65,12.32,6.08,37.37,24.91
227.68,0,,80.82,24.88,0,2,80.60,12.27,6.08,37.32,24.86
227.77,0,,80.63,24.88,0,2,80.13,12.29,6.11,37.37,24.85
227.92,0,,80.56,24.88,0,2,81.56,12.41,6.14,37.52,24.94
227.98,0,,80.80,24.90,0,1,80.92,12.42,6.15,37.54,24.94
228.07,0,,81.00,24.91,0,1,80.80,12.38,6.20,37.55,24.85
228.19,0,,80.97,24.90,0,1,80.83,12.48,6.21,37.66,24.94
228.28,0,,80.89,24.91,0,1,80.89,12.53,6.24,37.74,24.96
228.40,0,,80.84,24.92,1,0,80.74,12.47,6.28,37.72,24.86
228.49,0,,80.88,24.91,0,1,81.41,12.56,6.24,37.77,24.99
228.58,0,,80.96,24.95,0,1,80.49,12.67,6.23,37.87,25.11
228.67,0,,80.87,25.02,0,1,80.60,12.66,6.28,37.91,25.05
228.79,0,,80.76,25.06,0,1,81.12,12.69,6.28,37.94,25.08
228.91,0,,80.77,25.08,2,-1,80.49,12.69,6.29,37.95,25.07
228.97,0,,80.71,25.07,2,-1,80.46,12.70,6.33,38.00,25.04
229.09,0,,80.67,25.07,2,-1,81.24,12.84,6.34,38.15,25.17
229.18,0,,80.69,25.10,2,-1,79.98,12.84,6.37,38.18,25.14
229.27,0,,80.58,25.11,2,-1,80.65,12.72,6.41,38.10,24.98
229.45,0,,80.55,25.08,4,-2,81.01,12.85,6.37,38.19,25.15
229.48,0,,80.62,25.11,4,-2,80.15,13.03,6.37,38.37,25.33
229.57,0,,80.54,25.18,2,-1,80.37,12.94,6.44,38.35,25.17
229.72,0,,80.44,25.21,2,-1,80.66,12.89,6.44,38.30,25.12
229.78,0,,80.53,25.18,2,-1,80.95,13.00,6.48,38.45,25.19
229.90,0,,80.78,25.16,2,-1,81.32,13.04,6.53,38.54,25.18
229.99,0,,80.97,25.17,0,1,80.44,13.04,6.52,38.53,25.19
230.08,0,,80.93,25.17,0,2,80.99,13.02,6.53,38.52,25.16
230.17,0,,80.83,25.17,0,2,80.60,13.06,6.55,38.58,25.18
230.29,0,,80.71,25.18,0,2,80.46,13.15,6.54,38.66,25.28
230.41,0,,80.54,25.22,0,1,80.28,13.19,6.55,38.71,25.31
230.47,0,,80.45,25.28,0,1,80.80,13.24,6.53,38.74,25.38
230.59,0,,80.65,25.34,2,-1,81.67,13.29,6.55,38.81,25.41
230.71,0,,81.00,25.38,1,0,80.70,13.32,6.66,38.95,25.33
230.77,0,,81.06,25.38,1,0,80.69,13.40,6.65,39.02,25.42
230.92,0,,80.87,25.39,1,0,80.55,13.42,6.63,39.02,25.46
230.98,0,,80.60,25.41,2,-1,80.04,13.41,6.67,39.05,25.41
231.07,0,,80.45,25.43,2,-1,81.18,13.52,6.69,39.18,25.50
231.19,0,,80.52,25.46,1,0,80.27,13.53,6.71,39.21,25.49
231.31,0,,80.60,25.47,1,0,80.76,13.48,6.72,39.17,25.43
231.43,0,,80.59,25.48,2,-1,80.36,13.60,6.71,39.28,25.56
231.49,0,,80.55,25.51,4,-2,80.60,13.64,6.71,39.32,25.60
231.58,0,,80.48,25.54,4,-2,80.14,13.56,6.75,39.28,25.48
231.67,0,,80.48,25.53,4,-2,81.21,13.56,6.76,39.29,25.47
231.79,0,,80.75,25.51,1,0,81.44,13.63,6.75,39.35,25.55
231.91,0,,81.00,25.51,2,-1,80.29,13.66,6.79,39.42,25.54
231.97,0,,80.88,25.52,0,2,80.56,13.65,6.79,39.41,25.53
232.09,0,,80.69,25.54,0,2,80.93,13.75,6.75,39.47,25.67
232.18,0,,80.66,25.60,1,0,80.49,13.82,6.77,39.56,25.72
232.27,0,,80.77,25.67,1,0,81.67,13.80,6.78,39.55,25.69
232.42,0,,80.97,25.70,0,2,80.50,13.81,6.79,39.57,25.69
232.51,0,,80.93,25.70,0,2,80.54,13.81,6.81,39.59,25.67
232.57,0,,80.80,25.69,0,1,81.21,13.87,6.80,39.64,25.74
232.69,0,,80.82,25.70,1,0,80.65,13.93,6.80,39.70,25.80
232.78,0,,80.81,25.74,1,0,80.65,13.91,6.83,39.71,25.75
232.90,0,,80.77,25.75,1,0,81.03,13.88,6.85,39.70,25.70
232.99,0,,80.75,25.73,0,1,80.31,13.93,6.88,39.78,25.72
233.08,0,,80.68,25.72,2,-1,80.89,13.99,6.88,39.84,25.78
233.17,0,,80.65,25.74,2,-1,80.55,13.97,6.83,39.77,25.81
233.29,0,,80.65,25.77,2,-1,80.70,13.95,6.84,39.76,25.78
233.41,0,,80.72,25.78,2,-1,81.16,13.99,6.88,39.84,25.78
233.47,0,,80.88,25.80,2,-1,80.94,14.07,6.83,39.87,25.91
233.59,0,,80.92,25.85,1,0,80.48,14.07,6.82,39.86,25.92
233.68,0,,80.76,25.88,1,0,80.49,14.00,6.86,39.83,25.81
233.77,0,,80.52,25.86,1,0,80.09,14.02,6.93,39.92,25.76
233.92,0,,80.40,25.81,1,0,81.01,14.06,6.94,39.97,25.79
234.01,0,,80.52,25.79,2,-1,80.62,14.07,6.88,39.92,25.86
234.07,0,,80.74,25.81,2,-1,81.26,14.08,6.90,39.95,25.85
234.22,0,,80.95,25.83,1,0,80.98,14.05,6.92,39.94,25.80
234.28,0,,81.19,25.82,0,1,81.95,14.05,6.92,39.94,25.80
234.40,0,,81.32,25.82,0,2,80.42,14.10,6.89,39.96,25.88
234.49,0,,81.29,25.84,0,2,82.00,14.15,6.89,40.01,25.93
234.61,0,,81.30,25.87,0,2,80.87,14.14,6.98,40.09,25.83
234.67,0,,81.18,25.87,0,2,80.54,14.15,7.00,40.12,25.82
234.79,0,,80.88,25.85,0,2,80.71,14.16,6.96,40.09,25.87
234.94,0,,80.72,25.84,0,1,81.01,14.13,7.00,40.10,25.80
234.97,0,,80.73,25.82,0,1,80.57,14.18,7.06,40.21,25.79
235.15,0,,80.62,25.80,4,-2,79.90,14.17,7.08,40.22,25.76
235.18,0,,80.45,25.77,4,-2,80.99,14.09,7.05,40.11,25.71
235.27,0,,80.48,25.75,4,-2,80.52,14.14,7.03,40.14,25.78
235.42,0,,80.64,25.76,4,-2,81.03,14.25,7.04,40.26,25.88
235.48,0,,80.79,25.82,4,-2,80.77,14.30,7.05,40.32,25.92
235.57,0,,80.92,25.87,2,-1,81.27,14.25,7.05,40.27,25.87
235.69,0,,81.07,25.89,0,1,81.28,14.23,7.02,40.22,25.88
235.84,0,,81.20,25.88,0,1,81.13,14.24,7.07,40.28,25.84
235.90,0,,81.16,25.85,0,2,80.65,14.20,7.10,40.27,25.77
235.99,0,,80.94,25.81,0,2,80.68,14.22,7.06,40.25,25.83
236.08,0,,80.75,25.80,0,2,80.70,14.19,7.07,40.23,25.79
236.17,0,,80.63,25.79,0,1,80.44,14.18,7.06,40.21,25.79
236.32,0,,80.53,25.79,2,-1,80.41,14.25,7.11,40.33,25.81
236.53,0,,80.49,25.78,4,-2,80.73,14.23,7.16,40.36,25.74
236.53,0,,80.57,25.77,2,-1,80.82,14.20,7.13,40.30,25.74
236.59,0,,80.73,25.76,4,-2,80.91,14.32,7.14,40.43,25.85
236.68,0,,80.69,25.79,4,-2,79.66,14.39,7.16,40.52,25.90
236.77,0,,80.40,25.83,4,-2,80.36,14.29,7.16,40.42,25.80
236.92,0,,80.11,25.84,4,-2,79.66,14.28,7.16,40.41,25.79
236.98,0,,80.01,25.82,4,-2,80.54,14.41,7.21,40.59,25.87
237.07,0,,80.12,25.83,4,-2,80.35,14.43,7.25,40.65,25.85
237.19,0,,80.28,25.84,4,-2,80.21,14.34,7.18,40.49,25.83
237.28,0,,80.40,25.84,4,-2,80.92,14.28,7.14,40.39,25.81
237.43,0,,80.52,25.82,4,-2,80.24,14.32,7.17,40.46,25.82
237.52,0,,80.50,25.81,2,-1,80.28,14.34,7.20,40.51,25.81
237.58,0,,80.35,25.79,0,1,80.04,14.21,7.20,40.38,25.68
237.67,0,,80.27,25.73,0,1,80.79,14.17,7.19,40.33,25.65
237.79,0,,80.36,25.69,0,1,80.30,14.29,7.21,40.47,25.75
237.91,0,,80.45,25.70,0,1,80.54,14.32,7.23,40.52,25.76
237.97,0,,80.49,25.73,0,1,80.57,14.35,7.23,40.55,25.79
238.09,0,,80.59,25.78,0,1,80.94,14.41,7.21,40.59,25.87
238.18,0,,80.69,25.82,0,1,80.46,14.40,7.24,40.61,25.83
238.27,0,,80.67,25.83,0,1,80.52,14.41,7.27,40.65,25.81
238.42,0,,80.55,25.83,0,2,80.35,14.44,7.24,40.65,25.87
238.48,0,,80.54,25.84,0,2,81.12,14.46,7.24,40.67,25.89
238.57,0,,80.65,25.86,0,1,80.49,14.46,7.31,40.74,25.82
238.69,0,,80.63,25.83,0,1,80.09,14.37,7.33,40.67,25.71
238.78,0,,80.40,25.77,0,1,80.11,14.35,7.33,40.65,25.69
238.90,0,,80.22,25.72,2,-1,80.46,14.42,7.32,40.71,25.77
238.99,0,,80.29,25.72,4,-2,80.74,14.41,7.31,40.69,25.77
239.08,0,,80.43,25.74,4,-2,80.14,14.37,7.30,40.64,25.74
239.17,0,,80.47,25.75,2,-1,80.76,14.36,7.28,40.61,25.75
239.29,0,,80.51,25.75,2,-1,80.44,14.43,7.33,40.73,25.77
239.41,0,,80.57,25.76,2,-1,80.73,14.51,7.38,40.86,25.80
239.47,0,,80.63,25.77,1,0,80.72,14.51,7.40,40.88,25.78
239.59,0,,80.61,25.78,0,1,80.10,14.54,7.42,40.93,25.79
239.68,0,,80.56,25.80,0,1,81.17,14.62,7.40,40.99,25.89
239.77,0,,80.63,25.83,0,1,80.47,14.66,7.46,41.09,25.87
239.92,0,,80.70,25.86,0,1,80.79,14.61,7.46,41.04,25.82
239.98,0,,80.68,25.85,0,1,80.48,14.54,7.38,40.89,25.83
240.07,0,,80.75,25.83,0,1,81.55,14.58,7.43,40.98,25.82
240.19,0,,80.89,25.83,0,1,80.35,14.62,7.42,41.01,25.87
240.28,0,,80.82,25.84,0,1,80.50,14.59,7.40,40.96,25.86
240.40,0,,80.66,25.84,0,1,80.86,14.54,7.45,40.96,25.76
240.49,0,,80.64,25.81,0,1,80.60,14.55,7.46,40.98,25.76
240.58,0,,80.69,25.78,0,1,80.93,14.62,7.48,41.07,25.81
240.67,0,,80.82,25.78,0,1,81.23,14.68,7.48,41.13,25.87
240.79,0,,80.94,25.82,0,1,80.55,14.68,7.50,41.15,25.85
240.91,0,,80.85,25.84,0,1,80.49,14.67,7.56,41.20,25.78
240.97,0,,80.73,25.83,0,1,81.16,14.71,7.54,41.22,25.84
241.09,0,,80.75,25.83,0,1,80.53,14.73,7.50,41.20,25.90
241.18,0,,80.68,25.85,0,1,80.19,14.71,7.52,41.20,25.86
241.27,0,,80.39,25.86,2,-1,79.80,14.71,7.57,41.25,25.81
241.42,0,,80.25,25.83,4,-2,81.28,14.69,7.58,41.24,25.78
241.48,0,,80.49,25.81,4,-2,80.80,14.69,7.51,41.17,25.85
241.57,0,,80.84,25.82,4,-2,81.20,14.71,7.46,41.14,25.92
241.69,0,,81.00,25.84,2,-1,80.64,14.64,7.55,41.16,25.76
241.78,0,,80.99,25.82,0,1,81.10,14.65,7.60,41.22,25.72
241.90,0,,80.91,25.77,0,1,80.53,14.71,7.56,41.24,25.82
241.99,0,,80.85,25.76,0,2,81.17,14.66,7.58,41.21,25.75
242.08,0,,80.74,25.76,0,2,79.79,14.67,7.60,41.24,25.74
242.17,0,,80.45,25.74,0,2,80.26,14.64,7.61,41.22,25.70
242.29,0,,80.28,25.71,2,-1,80.79,14.62,7.60,41.19,25.69
242.41,0,,80.49,25.72,2,-1,81.20,14.72,7.53,41.22,25.86
242.47,0,,80.85,25.78,2,-1,81.09,14.77,7.52,41.26,25.92
242.59,0,,81.03,25.85,1,0,80.66,14.76,7.56,41.29,25.87
242.68,0,,80.96,25.88,1,0,80.78,14.71,7.54,41.22,25.84
242.77,0,,80.79,25.87,1,0,80.43,14.73,7.50,41.20,25.90
242.98,0,,80.66,25.89,1,0,80.92,14.85,7.52,41.34,26.00
242.98,0,,80.63,25.93,1,0,80.37,14.86,7.54,41.37,25.99
243.10,0,,80.57,25.96,1,0,80.51,14.73,7.56,41.26,25.84
243.19,0,,80.53,25.91,1,0,80.67,14.68,7.56,41.21,25.79
243.28,0,,80.47,25.84,1,0,79.91,14.64,7.54,41.15,25.77
243.40,0,,80.31,25.77,1,0,80.29,14.51,7.52,41.00,25.66
243.49,0,,80.30,25.71,2,-1,80.98,14.45,7.45,40.87,25.67
243.58,0,,80.41,25.67,4,-2,79.85,14.42,7.40,40.79,25.69
243.67,0,,80.38,25.66,4,-2,80.48,14.37,7.40,40.74,25.64
243.79,0,,80.37,25.65,2,-1,80.69,14.30,7.34,40.61,25.63
243.91,0,,80.40,25.62,2,-1,79.85,14.12,7.23,40.32,25.56
243.97,0,,80.30,25.57,2,-1,80.36,13.89,7.13,39.99,25.43
244.09,0,,80.16,25.48,2,-1,79.83,13.75,7.12,39.84,25.30
244.18,0,,80.03,25.36,2,-1,79.89,13.71,7.17,39.85,25.21
244.30,0,,79.92,25.26,4,-2,79.92,13.75,7.18,39.90,25.24
244.42,0,,79.96,25.22,2,-1,80.46,13.86,7.22,40.05,25.31
244.48,0,,80.14,25.27,2,-1,80.32,14.03,7.24,40.24,25.46
244.57,0,,80.29,25.36,2,-1,80.17,14.07,7.28,40.32,25.46
244.69,0,,80.27,25.42,2,-1,80.09,14.02,7.33,40.32,25.36
244.78,0,,80.16,25.43,2,-1,79.87,14.05,7.31,40.33,25.41
244.90,0,,79.98,25.41,2,-1,79.67,14.09,7.31,40.37,25.45
244.99,0,,79.87,25.42,2,-1,80.27,14.09,7.28,40.34,25.48
245.08,0,,79.91,25.44,2,-1,79.76,14.00,7.26,40.23,25.41
245.17,0,,79.97,25.40,2,-1,80.23,13.82,7.29,40.08,25.20
245.29,0,,80.14,25.31,2,-1,80.87,13.76,7.25,39.98,25.18
245.41,0,,80.32,25.22,2,-1,79.60,13.72,7.19,39.88,25.20
245.47,0,,80.26,25.16,1,0,80.41,13.54,7.13,39.64,25.08
245.59,0,,80.16,25.10,0,1,79.97,13.40,7.08,39.45,24.99
245.68,0,,80.13,25.04,0,1,80.28,13.46,7.09,39.52,25.04
245.77,0,,80.12,25.03,0,1,79.95,13.62,7.14,39.73,25.15
245.92,0,,80.10,25.05,1,0,80.18,13.57,7.24,39.78,25.00
245.98,0,,80.11,25.03,1,0,80.23,13.48,7.29,39.74,24.86
246.07,0,,80.16,24.99,2,-1,80.16,13.74,7.24,39.95,25.17
246.25,0,,80.16,25.01,2,-1,80.02,13.66,7.31,39.94,25.02
246.28,0,,80.08,25.01,2,-1,79.80,13.44,7.35,39.76,24.76
246.40,0,,79.94,24.97,1,0,79.78,13.87,7.26,40.10,25.28
246.49,0,,79.81,25.06,2,-1,79.71,14.02,7.36,40.35,25.33
246.58,0,,79.84,25.19,4,-2,80.59,13.89,7.41,40.27,25.15
246.67,0,,80.15,25.26,2,-1,80.73,14.06,7.33,40.36,25.40
246.79,0,,80.45,25.28,1,0,80.22,13.94,7.48,40.39,25.13
246.94,0,,80.52,25.23,0,1,80.56,13.91,7.56,40.44,25.02
246.97,0,,80.48,25.19,0,1,80.31,14.31,7.44,40.72,25.54
247.15,0,,80.45,25.28,0,2,80.56,14.28,7.53,40.78,25.42
247.18,0,,80.30,25.36,0,2,79.27,14.17,7.66,40.80,25.18
247.27,0,,80.13,25.40,0,2,81.12,14.67,7.56,41.20,25.78
247.48,0,,80.31,25.51,0,2,80.72,14.58,7.60,41.15,25.65
247.48,0,,80.68,25.57,0,1,81.13,14.22,7.66,40.85,25.23
247.57,0,,80.90,25.53,0,2,80.65,14.64,7.55,41.16,25.76
247.69,0,,80.88,25.55,0,2,80.54,14.57,7.60,41.14,25.64
247.78,0,,80.69,25.56,0,2,80.40,14.20,7.64,40.81,25.23
247.99,0,,80.56,25.50,0,1,80.78,14.45,7.46,40.88,25.66
248.02,0,,80.64,25.51,0,1,81.20,14.43,7.40,40.80,25.70
248.17,0,,80.92,25.58,0,2,81.33,14.28,7.42,40.67,25.53
248.17,0,,81.09,25.61,0,2,80.54,14.33,7.36,40.66,25.64
248.29,0,,80.96,25.58,0,2,80.64,14.06,7.37,40.40,25.36
248.41,0,,80.69,25.47,0,1,80.25,13.90,7.39,40.26,25.18
248.47,0,,80.49,25.36,2,-1,80.60,14.20,7.32,40.49,25.55
248.59,0,,80.51,25.37,2,-1,81.10,14.08,7.30,40.35,25.45
248.68,0,,80.74,25.38,1,0,80.97,13.78,7.34,40.09,25.11
248.77,0,,80.87,25.34,1,0,80.39,14.15,7.26,40.38,25.56
248.92,0,,80.64,25.37,2,-1,79.76,14.15,7.37,40.49,25.45
248.98,0,,80.24,25.39,4,-2,80.06,13.91,7.46,40.34,25.12
249.07,0,,80.17,25.37,4,-2,81.37,14.30,7.26,40.53,25.71
249.19,0,,80.47,25.44,4,-2,80.33,14.14,7.33,40.44,25.48
249.28,0,,80.81,25.46,2,-1,81.79,13.91,7.44,40.32,25.14
249.40,0,,81.10,25.42,0,1,80.88,14.34,7.23,40.54,25.78
249.49,0,,81.19,25.51,0,2,80.89,14.30,7.24,40.51,25.73
249.58,0,,81.07,25.63,0,2,80.99,14.20,7.30,40.47,25.57
249.67,0,,81.02,25.69,0,2,81.32,14.38,7.16,40.51,25.89
249.79,0,,81.05,25.72,0,2,80.75,14.06,7.20,40.23,25.53
249.91,0,,81.04,25.64,0,2,81.25,13.94,7.29,40.20,25.32
249.97,0,,81.16,25.54,0,2,81.87,14.29,7.19,40.45,25.77
250.09,0,,81.31,25.54,0,2,80.55,14.06,7.20,40.23,25.53
250.18,0,,81.17,25.51,0,1,80.91,13.69,7.23,39.89,25.13
250.30,0,,80.83,25.41,0,1,80.03,13.95,7.05,39.97,25.57
250.42,0,,80.56,25.40,2,-1,81.03,13.85,7.03,39.85,25.49
250.48,0,,80.68,25.41,4,-2,81.64,13.61,7.07,39.65,25.21
250.57,0,,81.01,25.41,4,-2,80.63,13.94,6.88,39.79,25.73
250.69,0,,81.13,25.47,2,-1,81.38,13.69,6.94,39.60,25.42
250.78,0,,81.15,25.44,2,-1,81.02,13.33,6.98,39.28,25.02
250.90,0,,81.11,25.34,2,-1,80.81,13.69,6.78,39.44,25.58
251.02,0,,81.05,25.35,1,0,81.45,13.65,6.80,39.42,25.52
251.08,0,,81.15,25.43,0,1,81.36,13.55,6.86,39.38,25.36
251.17,0,,81.27,25.46,0,2,81.14,13.79,6.85,39.61,25.61
251.32,0,,81.19,25.47,0,2,80.57,13.56,6.95,39.48,25.28
251.41,0,,80.93,25.40,0,1,80.65,13.40,6.92,39.29,25.15
251.50,0,,80.75,25.32,1,0,81.07,13.65,6.76,39.38,25.56
251.59,0,,80.99,25.34,1,0,82.36,13.44,6.81,39.22,25.30
251.68,0,,81.44,25.32,1,0,81.12,13.18,6.86,39.01,24.99
251.77,0,,81.51,25.24,0,1,80.72,13.49,6.69,39.15,25.47
251.92,0,,81.26,25.25,0,1,81.44,13.37,6.74,39.08,25.30
251.98,0,,81.20,25.26,0,1,81.49,13.18,6.85,39.00,25.00
252.07,0,,81.37,25.24,0,1,81.84,13.57,6.68,39.22,25.56
252.19,0,,81.51,25.29,0,1,80.99,13.39,6.73,39.09,25.33
252.28,0,,81.31,25.31,0,1,80.42,13.26,6.89,39.12,25.04
252.40,0,,81.04,25.29,0,1,81.74,13.79,6.83,39.59,25.63
252.49,0,,81.04,25.39,0,1,80.87,13.81,6.79,39.57,25.69
252.58,0,,81.23,25.55,0,1,82.09,13.70,6.81,39.48,25.56
252.67,0,,81.41,25.62,0,1,80.85,13.77,6.83,39.57,25.61
252.79,0,,81.31,25.58,0,1,80.71,13.53,6.91,39.41,25.29
252.91,0,,81.09,25.46,2,-1,81.51,13.56,6.96,39.49,25.27
253.00,0,,81.09,25.37,2,-1,81.10,13.85,6.87,39.69,25.65
253.09,0,,81.23,25.42,2,-1,81.74,13.65,6.86,39.48,25.46
253.18,0,,81.32,25.44,0,1,80.76,13.46,6.93,39.36,25.20
253.27,0,,81.26,25.41,0,1,81.33,13.81,6.79,39.57,25.69
253.42,0,,81.20,25.46,0,1,81.31,13.63,6.83,39.43,25.47
253.48,0,,81.21,25.45,1,0,81.07,13.33,6.92,39.22,25.08
253.57,0,,81.25,25.37,1,0,81.69,13.68,6.78,39.43,25.57
253.69,0,,81.34,25.36,0,1,81.12,13.51,6.83,39.31,25.35
253.78,0,,81.45,25.34,0,1,82.09,13.29,6.86,39.12,25.10
253.90,0,,81.58,25.31,0,1,81.28,13.67,6.74,39.38,25.60
253.99,0,,81.63,25.38,0,2,81.81,13.71,6.78,39.46,25.60
254.08,0,,81.64,25.50,0,2,81.57,13.61,6.80,39.38,25.48
254.17,0,,81.62,25.55,0,2,81.47,13.71,6.80,39.48,25.58
254.29,0,,81.53,25.54,0,1,81.31,13.63,6.87,39.47,25.43
254.41,0,,81.36,25.48,0,1,80.91,13.59,6.98,39.54,25.28
254.47,0,,81.13,25.42,0,1,80.93,13.91,6.96,39.84,25.62
254.59,0,,81.00,25.45,1,0,81.23,13.84,6.99,39.80,25.52
254.68,0,,81.12,25.47,4,-2,81.81,13.71,7.10,39.78,25.28
254.77,0,,81.36,25.49,4,-2,81.22,14.23,7.00,40.20,25.90
254.92,0,,81.47,25.60,4,-2,81.54,14.12,7.06,40.15,25.73
254.98,0,,81.51,25.66,2,-1,81.63,13.84,7.19,40.00,25.32
255.07,0,,81.64,25.63,1,0,82.19,14.34,7.10,40.41,25.91
255.19,0,,81.85,25.67,0,1,81.84,14.31,7.19,40.47,25.79
255.28,0,,81.84,25.71,0,1,81.04,14.05,7.30,40.32,25.42
255.40,0,,81.49,25.67,0,2,80.80,14.39,7.18,40.54,25.88
255.49,0,,81.16,25.73,0,2,81.48,14.53,7.19,40.69,26.01
255.58,0,,81.09,25.87,0,1,81.03,14.55,7.23,40.75,25.99
255.67,0,,81.15,25.99,2,-1,81.46,14.66,7.20,40.83,26.13
255.79,0,,81.29,26.03,2,-1,81.58,14.38,7.28,40.63,25.77
255.91,0,,81.52,25.93,2,-1,82.01,14.32,7.35,40.64,25.64
255.97,0,,81.78,25.83,1,0,81.93,14.74,7.25,40.96,26.16
256.09,0,,81.98,25.89,0,1,82.28,14.62,7.24,40.83,26.05
256.18,0,,82.03,25.96,1,0,81.38,14.32,7.30,40.59,25.69
256.27,0,,81.77,25.93,0,2,80.97,14.63,7.19,40.79,26.11
256.42,0,,81.39,25.93,0,2,81.44,14.39,7.21,40.57,25.85
256.48,0,,81.35,25.86,0,1,82.19,13.93,7.19,40.09,25.41
256.57,0,,81.67,25.72,0,1,82.11,14.13,6.93,40.03,25.87
256.69,0,,82.00,25.67,0,1,82.14,13.91,6.97,39.85,25.61
256.78,0,,82.10,25.61,0,1,81.67,13.63,7.04,39.64,25.26
256.93,0,,81.94,25.52,0,1,81.50,13.98,6.87,39.82,25.78
256.99,0,,81.82,25.57,1,0,82.49,14.00,6.82,39.79,25.85
257.08,0,,81.92,25.70,0,1,81.84,13.82,6.84,39.63,25.65
257.17,0,,81.95,25.75,0,1,81.52,14.02,6.84,39.83,25.85
257.29,0,,81.82,25.76,0,2,81.87,13.89,6.93,39.79,25.63
257.41,0,,81.67,25.69,0,1,81.15,13.66,6.95,39.58,25.38
257.50,0,,81.49,25.59,4,-2,81.42,14.03,6.89,39.89,25.81
257.59,0,,81.41,25.62,4,-2,81.79,14.06,6.92,39.95,25.81
257.68,0,,81.55,25.69,4,-2,81.85,13.85,6.96,39.78,25.56
257.80,0,,81.83,25.73,4,-2,82.58,14.17,6.87,40.01,25.97
257.92,0,,82.06,25.78,2,-1,81.49,14.04,6.94,39.95,25.77
257.98,0,,81.96,25.77,1,0,81.40,13.80,7.04,39.81,25.43
258.07,0,,81.66,25.71,0,1,81.45,14.20,6.87,40.04,26.00
258.19,0,,81.48,25.75,1,0,81.59,14.08,6.92,39.97,25.83
258.28,0,,81.53,25.77,1,0,82.03,13.83,7.06,39.86,25.44
258.40,0,,81.74,25.73,2,-1,81.97,14.25,6.91,40.13,26.01
258.49,0,,81.99,25.80,0,1,82.44,14.25,6.81,40.03,26.11
258.67,0,,82.14,25.94,0,1,81.78,14.02,6.78,39.77,25.91
258.67,0,,82.02,26.00,0,1,81.29,14.11,6.76,39.84,26.02
258.79,0,,81.67,25.99,0,1,81.35,13.99,6.85,39.81,25.81
258.91,0,,81.43,25.91,1,0,81.58,13.98,6.86,39.81,25.79
258.97,0,,81.52,25.86,1,0,82.35,14.15,6.78,39.90,26.04
259.09,0,,81.81,25.88,1,0,81.82,14.00,6.77,39.74,25.90
259.18,0,,81.99,25.90,1,0,82.03,13.95,6.78,39.70,25.84
259.27,0,,82.01,25.90,0,1,81.81,14.10,6.74,39.81,26.03
259.42,0,,81.96,25.93,1,0,81.95,13.92,6.69,39.58,25.90
259.48,0,,81.83,25.92,0,1,81.27,13.82,6.68,39.47,25.81
259.60,0,,81.66,25.90,1,0,81.75,14.08,6.69,39.74,26.06
259.69,0,,81.66,25.94,1,0,82.23,14.06,6.73,39.76,26.00
259.78,0,,81.86,25.98,1,0,81.97,14.00,6.74,39.71,25.93
259.90,0,,82.00,26.00,0,1,81.92,14.18,6.74,39.89,26.11
259.99,0,,81.97,26.04,0,1,81.72,14.24,6.74,39.95,26.17
260.08,0,,81.86,26.11,1,0,81.71,14.24,6.78,39.99,26.13
260.17,0,,81.76,26.13,1,0,81.79,14.26,6.83,40.06,26.10
260.29,0,,81.72,26.12,1,0,81.63,14.23,6.84,40.04,26.06
260.41,0,,81.72,26.09,1,0,81.92,14.24,6.83,40.04,26.08
260.47,0,,81.80,26.08,0,1,81.98,14.25,6.76,39.98,26.16
260.59,0,,81.93,26.11,1,0,82.19,14.14,6.68,39.79,26.13
260.68,0,,82.03,26.12,1,0,81.82,14.04,6.66,39.67,26.05
260.77,0,,82.05,26.11,1,0,82.23,14.16,6.67,39.80,26.16
260.92,0,,82.04,26.11,1,0,81.82,14.18,6.70,39.85,26.15
260.98,0,,81.95,26.12,1,0,81.62,14.13,6.71,39.81,26.09
261.07,0,,81.76,26.12,0,1,81.49,14.15,6.66,39.78,26.16
261.19,0,,81.54,26.13,1,0,81.17,14.11,6.64,39.72,26.14
261.28,0,,81.37,26.13,1,0,81.50,14.11,6.66,39.74,26.12
261.40,0,,81.35,26.13,4,-2,81.49,14.09,6.65,39.71,26.11
261.49,0,,81.53,26.11,4,-2,82.35,14.04,6.63,39.64,26.08
261.58,0,,81.76,26.10,4,-2,81.28,14.12,6.64,39.73,26.15
262.07,0,,81.68,26.12,4,-2,81.04,14.20,6.70,39.87,26.17
262.07,0,,81.68,26.12,4,-2,81.04,14.20,6.70,39.87,26.17
262.07,0,,81.68,26.12,4,-2,81.04,14.20,6.70,39.87,26.17
262.07,0,,81.68,26.12,4,-2,81.04,14.20,6.70,39.87,26.17
262.09,0,,81.61,26.19,2,-1,82.08,14.28,6.75,40.00,26.20
262.18,0,,82.02,26.20,2,-1,82.82,14.35,6.73,40.05,26.29
262.27,0,,82.30,26.24,0,2,81.62,14.40,6.73,40.10,26.34
262.42,0,,82.17,26.28,0,2,81.62,14.35,6.77,40.09,26.25
262.48,0,,81.74,26.29,0,2,80.80,14.37,6.78,40.12,26.26
262.57,0,,81.42,26.28,0,2,82.19,14.39,6.74,40.10,26.32
262.69,0,,81.51,26.28,0,1,81.87,14.32,6.71,40.00,26.28
262.78,0,,81.74,26.28,0,1,81.66,14.29,6.72,39.98,26.24
262.90,0,,81.73,26.26,1,0,81.26,14.33,6.78,40.08,26.22
262.99,0,,81.64,26.24,1,0,82.01,14.38,6.78,40.13,26.27
263.08,0,,81.72,26.25,4,-2,82.07,14.40,6.75,40.12,26.32
263.17,0,,81.86,26.26,4,-2,81.60,14.31,6.78,40.06,26.20
263.29,0,,81.82,26.24,1,0,81.57,14.26,6.79,40.02,26.14
263.41,0,,81.61,26.22,0,1,81.03,14.36,6.68,40.01,26.35
263.47,0,,81.34,26.24,1,0,81.15,14.28,6.67,39.92,26.28
263.59,0,,81.33,26.25,2,-1,82.53,14.17,6.76,39.90,26.08
263.68,0,,81.72,26.20,2,-1,82.09,14.29,6.73,39.99,26.23
263.77,0,,81.98,26.20,2,-1,81.34,14.42,6.71,40.10,26.38
263.92,0,,81.90,26.27,2,-1,81.97,14.46,6.79,40.22,26.34
263.98,0,,81.83,26.32,0,1,81.99,14.46,6.86,40.29,26.27
264.07,0,,81.84,26.31,0,1,81.59,14.51,6.92,40.40,26.26
264.19,0,,81.74,26.30,0,1,81.42,14.61,6.92,40.50,26.36
264.28,0,,81.65,26.33,0,2,82.08,14.74,6.89,40.60,26.52
264.40,0,,81.66,26.42,0,1,81.29,14.75,6.90,40.62,26.52
264.49,0,,81.60,26.47,1,0,81.50,14.57,6.93,40.47,26.31
264.58,0,,81.48,26.42,1,0,81.35,14.59,6.92,40.48,26.34
264.67,0,,81.46,26.38,2,-1,81.81,14.65,6.87,40.49,26.45
264.79,0,,81.50,26.37,4,-2,81.20,14.52,6.83,40.32,26.36
264.91,0,,81.52,26.37,4,-2,81.85,14.47,6.83,40.27,26.31
264.97,0,,81.57,26.34,2,-1,81.51,14.49,6.87,40.33,26.29
265.09,0,,81.55,26.31,1,0,81.18,14.51,6.89,40.37,26.29
265.18,0,,81.49,26.29,2,-1,81.91,14.53,6.88,40.38,26.32
265.27,0,,81.55,26.29,2,-1,81.51,14.44,6.85,40.26,26.26
265.42,0,,81.61,26.29,1,0,81.66,14.48,6.84,40.29,26.31
265.48,0,,81.71,26.31,1,0,82.24,14.65,6.87,40.49,26.45
265.57,0,,81.85,26.37,0,1,81.55,14.69,6.93,40.59,26.43
265.69,0,,81.75,26.41,0,1,81.05,14.67,6.98,40.62,26.36
265.78,0,,81.51,26.42,0,1,81.69,14.76,6.93,40.66,26.50
265.90,0,,81.43,26.44,1,0,81.50,14.72,6.91,40.60,26.48
265.99,0,,81.47,26.45,1,0,81.49,14.58,6.93,40.48,26.32
266.08,0,,81.63,26.41,1,0,82.57,14.55,6.84,40.36,26.38
266.17,0,,81.92,26.38,1,0,81.71,14.53,6.79,40.29,26.41
266.29,0,,82.03,26.38,1,0,81.96,14.53,6.83,40.33,26.37
266.41,0,,81.96,26.37,1,0,81.71,14.53,6.87,40.37,26.33
266.47,0,,81.93,26.35,0,1,82.37,14.49,6.82,40.28,26.34
266.59,0,,82.04,26.34,0,1,82.13,14.46,6.78,40.21,26.35
266.68,0,,82.07,26.34,0,2,81.54,14.51,6.83,40.31,26.35
266.77,0,,81.94,26.36,0,2,81.99,14.72,6.92,40.61,26.47
266.92,0,,81.78,26.41,0,1,81.29,14.87,7.00,40.84,26.54
266.98,0,,81.66,26.47,0,1,81.97,14.81,7.05,40.83,26.43
267.07,0,,81.69,26.49,0,1,81.92,14.90,7.03,40.90,26.54
267.19,0,,81.73,26.53,4,-2,81.21,15.05,7.04,41.06,26.68
267.28,0,,81.74,26.59,4,-2,82.52,15.03,7.07,41.07,26.63
267.40,0,,81.95,26.63,2,-1,82.34,15.04,7.06,41.07,26.65
267.49,0,,82.17,26.65,2,-1,81.85,15.11,7.10,41.18,26.68
267.58,0,,82.10,26.67,0,1,81.63,15.19,7.13,41.29,26.73
267.67,0,,81.85,26.70,0,1,81.53,15.17,7.09,41.23,26.75
267.79,0,,81.69,26.71,0,1,82.03,15.03,7.06,41.06,26.64
267.91,0,,81.74,26.69,0,1,81.90,15.06,7.06,41.09,26.67
267.97,0,,81.78,26.68,0,1,81.29,15.15,7.05,41.17,26.77
268.09,0,,81.62,26.70,0,1,81.37,15.08,7.05,41.10,26.70
268.18,0,,81.37,26.71,2,-1,80.88,14.99,7.03,40.99,26.63
268.27,0,,81.22,26.68,4,-2,81.71,14.88,6.90,40.75,26.65
268.42,0,,81.37,26.65,4,-2,82.02,14.85,6.86,40.68,26.66
268.48,0,,81.69,26.64,4,-2,81.85,14.93,6.93,40.83,26.67
268.57,0,,81.85,26.64,2,-1,81.62,14.89,6.98,40.84,26.58
268.69,0,,81.68,26.60,2,-1,80.66,14.74,6.93,40.64,26.48
268.78,0,,81.38,26.54,2,-1,81.85,14.71,6.88,40.56,26.50
268.90,0,,81.39,26.51,2,-1,81.88,14.87,6.93,40.77,26.61
268.99,0,,81.71,26.54,2,-1,82.39,14.95,7.01,40.93,26.61
269.08,0,,82.00,26.57,0,2,81.75,14.90,7.05,40.92,26.52
269.20,0,,82.07,26.57,0,2,82.05,14.93,7.05,40.95,26.55
269.29,0,,81.96,26.56,0,2,81.41,14.98,7.04,40.99,26.61
269.41,0,,81.67,26.57,0,1,80.98,14.97,7.09,41.03,26.55
269.47,0,,81.45,26.57,0,1,82.27,15.03,7.11,41.11,26.59
269.59,0,,81.56,26.59,1,0,81.60,15.14,7.07,41.18,26.74
269.68,0,,81.76,26.66,1,0,82.02,15.28,7.14,41.39,26.81
269.77,0,,81.77,26.74,1,0,81.12,15.34,7.23,41.54,26.78
269.92,0,,81.54,26.78,0,1,81.07,15.27,7.22,41.46,26.72
269.98,0,,81.37,26.77,4,-2,82.08,15.27,7.18,41.42,26.76
270.07,0,,81.46,26.75,4,-2,81.27,15.33,7.23,41.53,26.77
270.19,0,,81.54,26.76,2,-1,81.67,15.44,7.30,41.71,26.81
270.28,0,,81.62,26.77,1,0,81.95,15.45,7.34,41.76,26.78
270.40,0,,81.80,26.77,1,0,82.13,15.39,7.34,41.70,26.72
270.49,0,,81.92,26.78,1,0,81.52,15.49,7.24,41.70,26.92
270.58,0,,81.87,26.82,0,1,81.90,15.56,7.29,41.82,26.94
270.67,0,,81.89,26.88,0,1,82.38,15.55,7.39,41.91,26.83
270.79,0,,81.97,26.87,0,2,81.50,15.46,7.32,41.75,26.81
270.91,0,,81.88,26.82,0,2,81.60,15.32,7.29,41.58,26.70
270.97,0,,81.73,26.76,0,2,81.86,15.37,7.30,41.64,26.74
271.09,0,,81.68,26.73,0,1,81.52,15.43,7.32,41.72,26.78
271.18,0,,81.58,26.73,1,0,81.17,15.36,7.34,41.67,26.69
271.27,0,,81.47,26.72,4,-2,81.81,15.29,7.24,41.50,26.72
271.42,0,,81.56,26.71,4,-2,81.99,15.27,7.21,41.45,26.73
271.48,0,,81.73,26.72,4,-2,81.53,15.40,7.30,41.67,26.77
271.57,0,,81.83,26.76,2,-1,82.29,15.54,7.33,41.84,26.88
271.69,0,,81.88,26.79,1,0,81.41,15.43,7.40,41.80,26.70
271.78,0,,81.86,26.76,0,1,82.17,15.39,7.44,41.80,26.62
271.90,0,,81.93,26.72,0,1,82.27,15.64,7.39,42.00,26.92
271.99,0,,81.94,26.78,0,1,80.91,15.69,7.40,42.06,26.96
272.08,0,,81.71,26.86,0,1,81.92,15.60,7.42,41.99,26.85
272.17,0,,81.55,26.90,0,1,81.34,15.69,7.42,42.08,26.94
272.32,0,,81.56,26.89,0,1,81.97,15.62,7.52,42.11,26.77
272.41,0,,81.70,26.83,2,-1,82.04,15.58,7.61,42.16,26.64
272.50,0,,81.89,26.73,0,1,81.90,15.71,7.72,42.40,26.66
272.59,0,,82.04,26.56,0,1,82.47,15.30,8.05,42.32,25.92
272.68,0,,82.21,26.24,0,1,82.33,15.09,8.12,42.18,25.64
272.77,0,,82.32,25.96,0,1,82.20,15.52,7.87,42.36,26.32
272.92,0,,82.35,25.94,0,2,82.54,15.30,7.95,42.22,26.02
272.98,0,,82.21,25.96,0,2,81.01,14.99,8.05,42.01,25.61
273.07,0,,81.79,25.90,0,2,81.37,15.36,7.90,42.23,26.13
273.19,0,,81.46,25.92,0,1,81.76,15.32,7.97,42.26,26.02
273.28,0,,81.50,25.94,1,0,81.95,15.09,8.10,42.16,25.66
273.40,0,,81.77,25.91,4,-2,82.28,15.43,7.94,42.34,26.16
273.49,0,,82.00,25.98,4,-2,81.79,15.52,7.91,42.40,26.28
273.67,0,,82.07,26.11,4,-2,82.15,15.39,8.05,42.41,26.01
273.67,0,,81.97,26.15,4,-2,81.30,15.56,8.05,42.58,26.18
273.82,0,,81.81,26.12,2,-1,82.12,15.37,8.11,42.45,25.93
273.91,0,,81.76,26.02,1,0,81.68,15.21,8.15,42.33,25.73
273.97,0,,81.79,25.93,0,1,81.87,15.63,8.06,42.66,26.24
274.09,0,,81.85,26.01,0,1,82.17,15.75,8.12,42.84,26.30
274.18,0,,81.87,26.14,1,0,81.22,15.63,8.23,42.83,26.07
274.27,0,,81.79,26.19,1,0,82.24,15.78,8.23,42.98,26.22
274.42,0,,81.78,26.22,2,-1,81.55,15.90,8.18,43.05,26.39
274.48,0,,81.81,26.33,2,-1,82.02,16.09,8.07,43.13,26.69
274.57,0,,81.83,26.51,1,0,81.76,16.17,8.09,43.23,26.75
274.69,0,,81.74,26.66,1,0,81.06,16.09,8.17,43.23,26.59
274.78,0,,81.52,26.69,2,-1,81.57,16.16,8.11,43.24,26.72
274.93,0,,81.36,26.69,4,-2,81.13,16.15,8.17,43.29,26.65
274.99,0,,81.20,26.67,4,-2,80.69,16.20,8.26,43.43,26.61
275.08,0,,81.06,26.65,4,-2,81.56,16.31,8.25,43.53,26.73
275.17,0,,81.13,26.67,4,-2,81.22,16.35,8.25,43.57,26.77
275.29,0,,81.25,26.73,4,-2,81.34,16.46,8.31,43.74,26.82
275.41,0,,81.34,26.79,4,-2,81.48,16.57,8.33,43.87,26.91
275.50,0,,81.45,26.86,2,-1,81.73,16.58,8.29,43.84,26.96
275.59,0,,81.54,26.91,2,-1,81.29,16.52,8.35,43.84,26.84
275.68,0,,81.52,26.90,2,-1,81.53,16.57,8.40,43.94,26.84
275.77,0,,81.45,26.87,0,2,81.25,16.68,8.42,44.07,26.93
275.92,0,,81.44,26.88,0,2,81.83,16.72,8.47,44.16,26.92
275.98,0,,81.47,26.90,0,2,81.09,16.69,8.50,44.16,26.86
276.07,0,,81.38,26.88,0,1,81.12,16.63,8.52,44.12,26.78
276.19,0,,81.18,26.84,1,0,80.85,16.73,8.52,44.22,26.88
276.28,0,,80.99,26.85,4,-2,80.88,16.80,8.50,44.27,26.97
276.40,0,,81.03,26.89,2,-1,82.00,16.72,8.52,44.21,26.87
276.49,0,,81.27,26.89,2,-1,81.02,16.64,8.52,44.13,26.79
276.58,0,,81.34,26.82,2,-1,81.03,16.51,8.61,44.09,26.57
276.67,0,,81.26,26.68,2,-1,81.53,16.53,8.69,44.19,26.51
276.79,0,,81.30,26.57,2,-1,81.39,16.58,8.69,44.24,26.56
276.91,0,,81.38,26.52,1,0,81.46,16.59,8.72,44.28,26.54
276.97,0,,81.33,26.54,1,0,80.64,16.73,8.73,44.43,26.67
277.09,0,,81.22,26.59,1,0,81.86,16.76,8.75,44.48,26.68
277.21,0,,81.36,26.64,2,-1,81.75,16.72,8.76,44.45,26.63
277.30,0,,81.59,26.65,0,1,81.58,16.69,8.73,44.39,26.63
277.42,0,,81.61,26.63,0,1,81.14,16.68,8.77,44.42,26.58
277.48,0,,81.54,26.63,0,2,81.99,16.83,8.75,44.55,26.75
277.57,0,,81.63,26.67,0,2,81.83,16.85,8.71,44.53,26.81
277.69,0,,81.68,26.74,0,2,81.08,16.73,8.68,44.38,26.72
277.78,0,,81.55,26.75,0,2,81.63,16.70,8.65,44.32,26.72
277.90,0,,81.40,26.71,0,1,81.00,16.67,8.78,44.42,26.56
277.99,0,,81.34,26.64,0,1,81.83,16.70,8.78,44.45,26.59
278.08,0,,81.48,26.60,2,-1,81.93,16.70,8.66,44.33,26.71
278.17,0,,81.68,26.62,2,-1,81.42,16.66,8.73,44.36,26.60
278.29,0,,81.67,26.66,0,1,81.47,16.83,8.61,44.41,26.89
278.41,0,,81.51,26.78,0,1,81.14,16.92,8.50,44.39,27.09
278.47,0,,81.41,26.89,2,-1,81.84,16.72,8.72,44.41,26.67
278.59,0,,81.47,26.87,2,-1,81.54,16.72,8.65,44.34,26.74
278.68,0,,81.53,26.82,0,1,81.28,16.90,8.51,44.38,27.06
278.77,0,,81.53,26.84,0,1,81.89,16.78,8.78,44.53,26.67
278.92,0,,81.58,26.82,0,1,81.47,16.77,8.64,44.38,26.80
278.98,0,,81.57,26.81,0,1,81.26,16.79,8.44,44.20,27.02
279.07,0,,81.49,26.81,1,0,81.71,16.54,8.74,44.25,26.47
279.19,0,,81.37,26.73,2,-1,80.58,16.63,8.60,44.20,26.70
279.28,0,,81.18,26.69,2,-1,81.38,16.71,8.43,44.11,26.95
279.40,0,,81.13,26.70,2,-1,81.43,16.36,8.68,44.01,26.35
279.52,0,,81.31,26.59,2,-1,81.75,16.24,8.62,43.83,26.29
279.58,0,,81.41,26.42,2,-1,80.75,16.26,8.51,43.74,26.42
279.73,0,,81.36,26.35,2,-1,81.82,16.30,8.59,43.86,26.38
279.79,0,,81.41,26.40,2,-1,81.51,16.54,8.46,43.97,26.75
279.91,0,,81.39,26.55,2,-1,80.56,16.57,8.42,43.96,26.82
280.00,0,,81.26,26.68,2,-1,81.96,16.46,8.68,44.11,26.45
280.09,0,,81.50,26.66,2,-1,82.68,16.63,8.63,44.23,26.67
280.18,0,,81.96,26.66,0,2,81.67,16.72,8.47,44.16,26.92
280.27,0,,82.02,26.70,0,2,81.35,16.52,8.72,44.21,26.47
280.42,0,,81.69,26.67,0,2,81.08,16.63,8.69,44.29,26.61
280.48,0,,81.41,26.66,0,2,81.78,16.86,8.55,44.38,26.98
280.57,0,,81.34,26.72,0,1,81.05,16.74,8.83,44.54,26.58
280.69,0,,81.39,26.74,1,0,82.06,16.83,8.75,44.55,26.75
280.78,0,,81.66,26.78,1,0,82.32,17.06,8.61,44.64,27.12
280.90,0,,81.84,26.86,0,1,80.77,16.91,8.92,44.80,26.66
280.99,0,,81.66,26.83,1,0,81.78,16.86,8.92,44.75,26.61
281.08,0,,81.49,26.73,2,-1,81.39,16.89,8.74,44.60,26.82
281.17,0,,81.44,26.69,2,-1,81.37,16.79,8.83,44.59,26.63
281.29,0,,81.33,26.70,2,-1,80.92,16.95,8.74,44.66,26.88
281.41,0,,81.13,26.77,2,-1,80.80,16.94,8.67,44.58,26.94
281.47,0,,80.96,26.80,4,-2,81.12,16.66,8.86,44.49,26.47
281.59,0,,80.95,26.72,4,-2,81.11,16.71,8.74,44.42,26.64
281.68,0,,81.03,26.66,4,-2,81.10,16.80,8.57,44.34,26.90
281.77,0,,81.09,26.68,4,-2,81.11,16.67,8.83,44.47,26.51
281.92,0,,81.21,26.65,4,-2,81.83,16.60,8.76,44.33,26.51
281.98,0,,81.36,26.58,2,-1,80.92,16.50,8.51,43.98,26.66
282.07,0,,81.27,26.55,2,-1,80.81,16.45,8.72,44.14,26.40
282.19,0,,81.17,26.52,0,1,81.92,16.66,8.68,44.31,26.65
282.28,0,,81.29,26.57,0,1,81.16,16.68,8.53,44.18,26.82
282.40,0,,81.38,26.65,0,2,81.31,16.52,8.68,44.17,26.51
282.49,0,,81.37,26.64,0,2,81.49,16.63,8.71,44.31,26.59
282.58,0,,81.32,26.60,0,1,80.81,16.68,8.75,44.40,26.60
282.67,0,,81.15,26.57,0,1,80.98,16.65,8.80,44.42,26.52
282.79,0,,81.13,26.58,2,-1,82.00,16.73,8.65,44.35,26.75
282.91,0,,81.39,26.65,1,0,81.59,16.79,8.63,44.39,26.83
282.97,0,,81.61,26.72,0,1,81.50,16.76,8.82,44.55,26.61
283.09,0,,81.64,26.73,0,2,81.60,16.84,8.76,44.57,26.75
283.18,0,,81.63,26.76,0,1,81.70,16.96,8.62,44.55,27.01
283.27,0,,81.60,26.82,0,2,81.31,16.89,8.83,44.69,26.73
283.42,0,,81.58,26.84,0,2,82.01,17.02,8.82,44.81,26.87
283.48,0,,81.65,26.88,0,1,81.52,17.14,8.67,44.78,27.14
283.57,0,,81.63,26.92,0,1,81.28,16.88,8.88,44.73,26.67
283.69,0,,81.48,26.88,0,1,81.37,16.95,8.82,44.74,26.80
283.78,0,,81.41,26.85,0,1,81.63,17.15,8.73,44.85,27.09
283.90,0,,81.50,26.87,0,1,81.86,16.97,9.00,44.94,26.64
283.99,0,,81.60,26.82,2,-1,81.24,17.00,8.97,44.94,26.70
284.08,0,,81.58,26.75,1,0,81.71,17.06,8.90,44.93,26.83
284.17,0,,81.64,26.73,1,0,82.12,16.99,8.99,44.95,26.67
284.29,0,,81.77,26.75,0,1,81.53,17.17,8.88,45.02,26.96
284.41,0,,81.74,26.83,0,1,81.41,17.16,8.86,44.99,26.97
284.47,0,,81.61,26.89,0,1,81.65,17.02,8.98,44.97,26.71
284.59,0,,81.50,26.87,0,1,81.19,17.18,8.93,45.08,26.92
284.68,0,,81.42,26.88,0,1,81.55,17.30,8.90,45.17,27.07
284.77,0,,81.39,26.92,0,1,81.33,17.19,9.09,45.25,26.77
284.95,0,,81.36,26.90,0,1,81.21,17.16,9.01,45.14,26.82
284.98,0,,81.32,26.88,2,-1,81.46,17.29,8.86,45.12,27.10
285.07,0,,81.45,26.92,4,-2,82.20,17.27,9.05,45.29,26.89
285.19,0,,81.72,26.96,2,-1,81.70,17.30,8.91,45.18,27.06
285.28,0,,81.92,27.02,1,0,82.29,17.30,8.76,45.03,27.21
285.40,0,,81.99,27.07,0,1,81.50,17.14,8.91,45.02,26.90
285.52,0,,81.88,27.08,0,2,81.67,17.26,8.66,44.89,27.27
285.58,0,,81.63,27.15,0,2,81.04,17.29,8.55,44.81,27.41
285.67,0,,81.42,27.25,0,2,81.66,17.09,8.62,44.68,27.14
285.79,0,,81.36,27.30,1,0,81.33,17.22,8.42,44.61,27.47
285.91,0,,81.46,27.36,1,0,82.03,17.38,8.49,44.84,27.56
285.97,0,,81.66,27.43,1,0,81.73,17.30,8.71,44.98,27.26
286.09,0,,81.84,27.40,1,0,82.11,17.28,8.63,44.88,27.32
286.18,0,,81.94,27.36,1,0,81.80,17.39,8.60,44.96,27.46
286.27,0,,81.91,27.37,1,0,81.65,17.48,8.78,45.23,27.37
286.42,0,,81.75,27.39,1,0,81.36,17.54,8.77,45.28,27.44
286.48,0,,81.51,27.41,1,0,81.16,17.52,8.72,45.21,27.47
286.57,0,,81.39,27.41,0,1,81.96,17.43,8.84,45.24,27.26
286.69,0,,81.58,27.38,1,0,82.20,17.55,8.82,45.34,27.40
286.78,0,,81.85,27.38,1,0,81.58,17.70,8.81,45.48,27.56
286.90,0,,81.82,27.39,1,0,81.28,17.50,9.04,45.51,27.13
286.99,0,,81.63,27.24,1,0,81.73,17.20,9.31,45.48,26.56
287.08,0,,81.62,26.92,1,0,82.12,17.24,9.30,45.51,26.61
287.17,0,,81.72,26.69,1,0,81.27,17.38,9.18,45.53,26.87
287.29,0,,81.65,26.67,0,1,81.48,17.27,9.21,45.45,26.73
287.41,0,,81.50,26.70,0,1,81.36,17.16,9.19,45.32,26.64
287.47,0,,81.44,26.69,2,-1,81.67,17.17,9.20,45.34,26.64
287.59,0,,81.49,26.67,4,-2,81.59,17.24,9.21,45.42,26.70
287.68,0,,81.66,26.67,2,-1,82.28,17.22,9.17,45.36,26.72
287.77,0,,81.88,26.69,1,0,81.79,17.15,9.14,45.26,26.68
287.95,0,,81.91,26.69,1,0,81.42,17.12,9.08,45.17,26.71
287.98,0,,81.86,26.69,0,1,82.57,17.05,9.09,45.11,26.63
288.07,0,,81.92,26.66,0,2,81.46,16.97,9.08,45.02,26.56
288.19,0,,81.86,26.60,0,2,81.58,16.84,9.01,44.82,26.50
288.28,0,,81.70,26.53,0,1,81.75,16.79,8.97,44.73,26.49
288.40,0,,81.59,26.49,1,0,81.19,16.73,8.92,44.62,26.48
288.49,0,,81.53,26.45,1,0,82.04,16.65,8.95,44.57,26.37
288.58,0,,81.56,26.41,1,0,81.15,16.66,8.95,44.58,26.38
288.67,0,,81.41,26.38,2,-1,80.67,16.56,8.88,44.41,26.35
288.79,0,,81.06,26.34,4,-2,80.85,16.52,8.90,44.39,26.29
288.91,0,,81.01,26.32,4,-2,82.21,16.68,8.95,44.60,26.40
288.97,0,,81.38,26.35,4,-2,81.72,16.73,8.95,44.65,26.45
289.15,0,,81.70,26.40,4,-2,81.56,16.70,8.94,44.61,26.43
289.18,0,,81.74,26.44,1,0,81.62,16.76,8.97,44.70,26.46
289.27,0,,81.72,26.46,2,-1,81.88,16.87,9.01,44.85,26.53
289.42,0,,81.80,26.50,2,-1,82.16,16.94,9.01,44.92,26.60
289.48,0,,81.90,26.55,0,2,81.58,16.90,8.99,44.86,26.58
289.57,0,,81.75,26.57,0,2,80.91,16.89,9.02,44.88,26.54
289.69,0,,81.44,26.57,0,2,81.57,16.96,9.07,45.00,26.56
289.78,0,,81.30,26.56,0,1,81.27,17.00,9.06,45.03,26.61
289.90,0,,81.30,26.58,4,-2,81.43,16.99,9.04,45.00,26.62
289.99,0,,81.44,26.61,4,-2,82.10,17.02,9.05,45.04,26.64
290.17,0,,81.72,26.64,2,-1,81.99,17.10,9.01,45.08,26.76
290.17,0,,81.93,26.70,1,0,81.82,17.12,9.01,45.10,26.78
290.29,0,,81.80,26.74,0,1,80.68,17.10,9.07,45.14,26.70
290.41,0,,81.35,26.74,1,0,80.86,17.13,9.08,45.18,26.72
290.47,0,,81.09,26.74,2,-1,81.90,17.18,9.07,45.22,26.78
290.59,0,,81.37,26.76,2,-1,82.41,17.25,9.05,45.27,26.87
290.68,0,,81.92,26.81,0,1,82.34,17.24,9.05,45.26,26.86
290.77,0,,82.30,26.83,1,0,82.36,17.15,9.10,45.22,26.72
290.92,0,,82.37,26.81,0,2,81.86,17.22,9.04,45.23,26.85
290.98,0,,82.14,26.84,0,2,81.52,17.35,8.95,45.27,27.07
291.07,0,,81.91,26.91,0,2,82.40,17.29,9.07,45.33,26.89
291.19,0,,81.96,26.94,0,2,82.16,17.27,9.06,45.30,26.88
291.28,0,,82.11,26.93,0,2,82.15,17.26,8.95,45.18,26.98
291.40,0,,82.07,26.91,0,2,81.39,17.14,9.07,45.18,26.74
291.49,0,,81.94,26.84,0,1,82.44,17.11,9.06,45.14,26.72
291.58,0,,81.95,26.76,0,2,81.82,17.07,8.98,45.02,26.76
291.67,0,,81.91,26.72,4,-2,81.40,17.08,9.05,45.10,26.70
291.79,0,,81.67,26.74,4,-2,81.31,17.23,8.91,45.11,26.99
291.91,0,,81.47,26.85,4,-2,81.60,17.22,8.83,45.02,27.06
291.97,0,,81.39,26.94,4,-2,81.22,17.12,9.02,45.11,26.77
292.09,0,,81.43,26.92,4,-2,81.95,17.17,8.97,45.11,26.87
292.18,0,,81.67,26.90,4,-2,82.39,17.27,8.86,45.10,27.08
292.27,0,,82.01,26.92,4,-2,82.01,17.14,9.04,45.15,26.77
292.42,0,,82.07,26.90,1,0,81.44,17.14,8.93,45.04,26.88
292.48,0,,81.86,26.90,1,0,81.65,17.28,8.79,45.04,27.16
292.57,0,,81.70,26.96,0,1,81.94,17.25,9.05,45.27,26.87
292.69,0,,81.74,26.99,0,2,81.90,17.36,9.00,45.33,27.03
292.78,0,,81.84,27.03,0,2,81.89,17.46,8.83,45.26,27.30
292.90,0,,81.82,27.09,0,2,81.35,17.31,9.07,45.35,26.91
292.99,0,,81.73,27.05,0,1,81.99,17.31,9.13,45.41,26.85
293.08,0,,81.69,26.97,2,-1,81.48,17.43,9.05,45.45,27.05
293.17,0,,81.72,26.94,4,-2,82.12,17.36,9.11,45.44,26.92
293.29,0,,81.82,26.97,2,-1,81.87,17.40,8.89,45.26,27.18
293.41,0,,81.93,27.08,1,0,82.04,17.53,8.80,45.30,27.40
293.47,0,,81.99,27.19,2,-1,81.98,17.43,9.10,45.50,27.00
293.59,0,,82.04,27.19,0,1,82.23,17.43,8.96,45.36,27.14
293.68,0,,82.04,27.17,0,1,81.62,17.41,8.70,45.08,27.38
293.77,0,,81.88,27.18,0,1,81.45,17.17,8.94,45.08,26.90
293.92,0,,81.63,27.12,0,1,81.42,17.25,8.83,45.05,27.09
293.98,0,,81.52,27.10,1,0,81.95,17.35,8.59,44.91,27.43
294.07,0,,81.78,27.16,1,0,82.91,17.15,8.84,44.96,26.98
294.19,0,,82.19,27.17,1,0,81.93,17.25,8.73,44.95,27.19
294.28,0,,82.25,27.19,1,0,81.65,17.41,8.56,44.94,27.52
294.40,0,,82.01,27.26,0,1,81.82,17.23,8.84,45.04,27.06
294.49,0,,81.82,27.24,0,1,81.81,17.25,8.83,45.05,27.09
294.58,0,,81.78,27.16,0,1,81.91,17.33,8.77,45.07,27.23
294.67,0,,81.90,27.15,0,1,82.50,17.39,8.87,45.23,27.19
294.82,0,,82.06,27.21,0,1,81.68,17.55,8.73,45.25,27.49
294.91,0,,82.06,27.34,0,1,82.05,17.49,8.65,45.11,27.51
294.97,0,,81.95,27.41,0,1,81.62,17.33,8.82,45.12,27.18
295.09,0,,81.81,27.37,1,0,81.67,17.43,8.79,45.19,27.31
295.18,0,,81.69,27.34,1,0,81.65,17.53,8.66,45.16,27.54
295.27,0,,81.72,27.35,1,0,82.30,17.30,8.86,45.13,27.11
295.42,0,,81.96,27.29,1,0,82.39,17.27,8.77,45.01,27.17
295.48,0,,81.97,27.24,1,0,80.36,17.36,8.56,44.89,27.47
295.57,0,,81.58,27.23,1,0,81.76,17.09,8.82,44.88,26.94
295.69,0,,81.40,27.17,4,-2,81.86,17.10,8.65,44.72,27.12
295.78,0,,81.46,27.14,4,-2,80.93,17.11,8.39,44.47,27.39
295.90,0,,81.42,27.15,4,-2,81.72,16.85,8.67,44.49,26.85
295.99,0,,81.46,27.08,2,-1,81.70,16.97,8.63,44.57,27.01
296.08,0,,81.63,27.02,2,-1,81.93,17.08,8.59,44.64,27.16
296.17,0,,81.81,27.02,2,-1,81.95,16.96,8.72,44.65,26.91
296.29,0,,81.88,27.03,2,-1,81.58,17.08,8.57,44.62,27.18
296.44,0,,81.90,27.10,0,1,82.48,17.21,8.51,44.69,27.37
296.47,0,,81.99,27.20,0,2,81.65,17.13,8.69,44.79,27.11
296.59,0,,81.87,27.21,0,2,81.08,17.10,8.64,44.71,27.13
296.68,0,,81.68,27.18,0,2,82.49,17.13,8.53,44.63,27.27
296.77,0,,81.74,27.16,0,2,81.51,17.04,8.74,44.75,26.97
296.92,0,,81.76,27.11,0,1,81.49,17.16,8.71,44.84,27.12
296.98,0,,81.64,27.12,2,-1,81.63,17.28,8.54,44.79,27.41
297.07,0,,81.57,27.18,2,-1,81.50,17.08,8.76,44.81,26.99
297.19,0,,81.53,27.17,2,-1,81.50,17.15,8.69,44.81,27.13
297.28,0,,81.58,27.16,4,-2,82.11,17.32,8.57,44.86,27.42
297.40,0,,81.69,27.20,2,-1,81.29,17.18,8.86,45.01,26.99
297.49,0,,81.61,27.15,2,-1,81.26,17.17,8.87,45.01,26.97
297.58,0,,81.44,27.07,2,-1,81.52,17.21,8.76,44.94,27.12
297.67,0,,81.43,27.03,2,-1,81.71,17.16,8.86,44.99,26.97
297.79,0,,81.47,27.04,2,-1,81.12,17.30,8.76,45.03,27.21
297.91,0,,81.43,27.11,2,-1,81.55,17.35,8.66,44.98,27.36
297.97,0,,81.40,27.19,2,-1,81.34,17.15,8.87,44.99,26.95
298.09,0,,81.58,27.15,1,0,82.81,17.22,8.85,45.04,27.04
298.18,0,,81.92,27.11,1,0,81.55,17.38,8.70,45.05,27.35
298.27,0,,82.02,27.13,0,2,81.89,17.23,8.91,45.11,26.99
298.39,0,,81.91,27.13,0,2,81.70,17.32,8.80,45.09,27.19
298.48,0,,81.91,27.18,0,2,82.58,17.48,8.61,45.06,27.54
298.57,0,,82.00,27.28,0,2,81.45,17.37,8.94,45.28,27.10
298.69,0,,81.87,27.27,0,2,81.36,17.38,8.89,45.24,27.16
298.78,0,,81.58,27.22,0,2,81.40,17.33,8.68,44.98,27.32
298.90,0,,81.38,27.17,1,0,81.20,17.03,8.91,44.91,26.79
298.99,0,,81.15,26.99,4,-2,80.40,16.71,8.79,44.47,26.59
299.08,0,,81.03,26.77,4,-2,82.18,16.44,8.43,43.84,26.68
299.17,0,,81.22,26.63,4,-2,81.05,16.22,8.33,43.52,26.56
299.29,0,,81.35,26.58,4,-2,81.22,16.13,8.14,43.24,26.66
299.41,0,,81.32,26.60,4,-2,81.40,16.03,7.98,42.98,26.72
299.47,0,,81.32,26.61,4,-2,81.32,15.78,8.09,42.84,26.36
299.59,0,,81.32,26.53,4,-2,81.21,15.66,7.95,42.58,26.38
299.68,0,,81.20,26.45,2,-1,80.66,15.65,7.76,42.38,26.56
299.77,0,,81.07,26.41,1,0,81.54,15.52,8.01,42.50,26.18
299.89,0,,81.20,26.35,2,-1,81.84,15.70,7.96,42.63,26.41
299.98,0,,81.36,26.38,1,0,80.51,15.88,7.81,42.66,26.74
300.07,0,,81.25,26.45,1,0,81.47,15.63,8.15,42.75,26.15
300.19,0,,81.16,26.42,2,-1,81.09,15.79,8.08,42.84,26.38
300.28,0,,81.16,26.41,2,-1,81.16,16.08,7.94,42.99,26.81
300.40,0,,81.09,26.50,2,-1,80.71,15.92,8.28,43.17,26.31
300.67,0,,80.97,26.48,2,-1,80.99,15.91,8.32,43.20,26.26
300.67,0,,80.97,26.48,2,-1,80.99,15.91,8.32,43.20,26.26
300.68,0,,81.03,26.38,2,-1,81.17,16.23,8.39,43.59,26.51
300.79,0,,81.15,26.48,2,-1,81.29,16.48,8.33,43.78,26.82
300.91,0,,81.17,26.65,2,-1,80.79,16.49,8.29,43.75,26.87
300.97,0,,81.18,26.76,2,-1,81.81,16.45,8.55,43.97,26.57
301.09,0,,81.22,26.74,2,-1,80.64,16.57,8.57,44.11,26.67
301.18,0,,81.18,26.72,2,-1,81.38,16.71,8.45,44.13,26.93
301.27,0,,81.20,26.76,0,1,81.55,16.70,8.62,44.29,26.75
301.39,0,,81.32,26.78,0,2,81.17,16.68,8.68,44.33,26.67
301.48,0,,81.29,26.75,0,1,80.92,16.76,8.65,44.38,26.78
301.57,0,,81.13,26.74,0,1,81.00,16.82,8.73,44.52,26.76
301.69,0,,81.00,26.75,1,0,80.93,16.75,8.65,44.37,26.77
301.78,0,,80.99,26.75,1,0,81.32,16.64,8.61,44.22,26.70
301.90,0,,81.13,26.72,1,0,81.44,16.61,8.69,44.27,26.59
301.99,0,,81.30,26.67,1,0,81.30,16.72,8.66,44.35,26.73
302.08,0,,81.35,26.68,1,0,81.24,16.81,8.65,44.43,26.83
302.20,0,,81.29,26.73,1,0,81.05,16.75,8.71,44.43,26.71
302.29,0,,81.30,26.74,1,0,82.04,16.75,8.75,44.47,26.67
302.41,0,,81.42,26.72,0,1,80.98,16.85,8.77,44.59,26.75
302.47,0,,81.43,26.72,0,1,81.52,16.87,8.79,44.63,26.75
302.59,0,,81.37,26.72,0,1,81.25,16.86,8.83,44.66,26.70
302.69,0,,81.30,26.73,0,1,81.01,16.93,8.81,44.71,26.79
302.77,0,,81.20,26.75,0,1,81.31,17.00,8.85,44.82,26.82
302.89,0,,81.14,26.79,0,1,80.92,17.08,8.90,44.95,26.85
302.98,0,,81.01,26.84,0,1,80.54,17.14,8.89,45.00,26.92
303.07,0,,80.81,26.87,4,-2,80.81,17.12,8.94,45.03,26.85
303.19,0,,80.70,26.87,4,-2,80.65,17.15,8.99,45.11,26.83
303.28,0,,80.73,26.86,4,-2,81.13,17.22,9.03,45.22,26.86
303.40,0,,80.94,26.85,4,-2,81.58,17.20,8.97,45.14,26.90
303.49,0,,81.25,26.87,4,-2,81.39,17.11,8.87,44.95,26.91
303.58,0,,81.37,26.89,1,0,80.95,17.10,8.88,44.95,26.89
303.67,0,,81.29,26.90,2,-1,81.28,17.10,8.84,44.91,26.93
303.79,0,,81.15,26.89,0,2,80.80,16.96,8.83,44.76,26.80
303.91,0,,81.02,26.84,0,2,81.00,16.83,8.82,44.62,26.68
303.97,0,,81.00,26.76,0,2,81.37,16.81,8.76,44.54,26.72
304.09,0,,81.14,26.72,0,2,81.39,16.82,8.73,44.52,26.76
304.18,0,,81.21,26.72,0,1,80.67,16.84,8.73,44.54,26.78
304.27,0,,81.04,26.73,2,-1,80.66,16.80,8.81,44.58,26.66
304.39,0,,80.83,26.71,4,-2,80.91,16.86,8.83,44.66,26.70
304.48,0,,80.78,26.71,2,-1,80.94,16.94,8.82,44.73,26.79
304.57,0,,80.87,26.71,4,-2,81.07,16.82,8.85,44.64,26.64
304.69,0,,80.95,26.68,2,-1,80.83,16.61,8.74,44.32,26.54
304.78,0,,80.95,26.61,2,-1,80.93,16.40,8.54,43.91,26.53
304.90,0,,80.86,26.53,2,-1,80.39,16.26,8.49,43.72,26.44
304.99,0,,80.79,26.46,4,-2,81.42,16.24,8.56,43.77,26.35
305.08,0,,80.92,26.38,2,-1,81.07,16.15,8.56,43.68,26.26
305.17,0,,81.05,26.29,2,-1,80.85,16.00,8.52,43.49,26.15
305.29,0,,81.00,26.20,2,-1,80.80,15.94,8.50,43.41,26.11
305.41,0,,80.90,26.15,0,1,80.86,16.06,8.47,43.50,26.26
305.47,0,,80.95,26.18,1,0,81.67,16.19,8.46,43.62,26.40
305.59,0,,81.22,26.28,0,1,81.59,16.16,8.46,43.59,26.37
305.68,0,,81.51,26.35,0,2,81.68,16.16,8.45,43.58,26.38
305.77,0,,81.50,26.38,0,2,80.44,16.17,8.45,43.59,26.39
305.89,0,,81.15,26.38,0,2,80.76,16.04,8.44,43.45,26.27
305.98,0,,80.86,26.33,0,1,81.21,16.03,8.40,43.40,26.30
306.07,0,,80.98,26.31,1,0,81.76,16.10,8.38,43.45,26.39
306.19,0,,81.23,26.32,1,0,80.89,16.10,8.43,43.50,26.34
306.28,0,,81.28,26.33,1,0,81.23,16.11,8.47,43.55,26.31
306.40,0,,81.07,26.32,1,0,80.09,16.09,8.48,43.54,26.28
306.49,0,,80.84,26.29,4,-2,81.54,16.12,8.52,43.61,26.27
306.58,0,,80.93,26.29,4,-2,81.31,16.23,8.52,43.72,26.38
306.67,0,,81.23,26.32,2,-1,81.69,16.21,8.50,43.68,26.38
306.79,0,,81.41,26.35,0,1,80.94,16.17,8.51,43.65,26.33
306.91,0,,81.36,26.37,0,1,81.34,16.29,8.50,43.76,26.46
307.00,0,,81.22,26.40,0,1,80.84,16.35,8.57,43.89,26.45
307.09,0,,81.02,26.43,0,1,80.61,16.30,8.58,43.85,26.39
307.18,0,,80.78,26.42,0,1,80.64,16.30,8.54,43.81,26.43
307.27,0,,80.75,26.41,2,-1,81.50,16.30,8.59,43.86,26.38
307.39,0,,80.91,26.39,2,-1,80.62,16.29,8.62,43.88,26.34
307.48,0,,81.01,26.37,2,-1,81.31,16.33,8.61,43.91,26.39
307.57,0,,81.04,26.36,2,-1,80.80,16.31,8.58,43.86,26.40
307.69,0,,80.99,26.37,2,-1,80.84,16.25,8.57,43.79,26.35
307.78,0,,80.83,26.37,2,-1,80.36,16.29,8.58,43.84,26.38
307.90,0,,80.72,26.37,2,-1,81.28,16.33,8.63,43.93,26.37
307.99,0,,80.75,26.37,2,-1,80.37,16.34,8.66,43.97,26.35
308.14,0,,80.77,26.36,2,-1,81.14,16.35,8.61,43.93,26.41
308.17,0,,80.88,26.39,2,-1,81.18,16.41,8.59,43.97,26.49
308.29,0,,81.11,26.45,2,-1,81.60,16.53,8.60,44.10,26.60
308.41,0,,81.31,26.52,0,1,81.12,16.50,8.59,44.06,26.58
308.47,0,,81.37,26.55,0,2,81.44,16.39,8.63,43.99,26.43
308.59,0,,81.39,26.52,0,2,81.48,16.43,8.62,44.02,26.48
308.68,0,,81.45,26.49,0,2,81.57,16.54,8.62,44.13,26.59
308.77,0,,81.49,26.51,0,2,81.38,16.53,8.67,44.17,26.53
308.89,0,,81.46,26.53,0,2,81.30,16.48,8.68,44.13,26.47
308.98,0,,81.33,26.51,0,2,80.94,16.53,8.70,44.20,26.50
309.07,0,,81.19,26.51,0,1,81.35,16.60,8.69,44.26,26.58
309.19,0,,81.17,26.54,0,1,81.22,16.65,8.66,44.28,26.66
309.28,0,,81.17,26.59,0,1,80.92,16.63,8.72,44.32,26.58
309.40,0,,81.12,26.60,4,-2,81.21,16.61,8.77,44.35,26.51
309.49,0,,81.18,26.57,4,-2,81.69,16.70,8.77,44.44,26.60
309.58,0,,81.34,26.57,4,-2,81.24,16.73,8.75,44.45,26.65
309.67,0,,81.35,26.60,2,-1,80.91,16.73,8.76,44.46,26.64
309.79,0,,81.22,26.63,1,0,81.34,16.73,8.79,44.49,26.61
309.94,0,,81.00,26.62,1,0,79.90,16.73,8.82,44.52,26.58
309.97,0,,80.77,26.61,2,-1,81.55,16.81,8.85,44.63,26.63
310.09,0,,80.82,26.61,4,-2,80.90,16.85,8.84,44.66,26.68
310.18,0,,81.04,26.63,0,1,81.48,16.81,8.85,44.63,26.63
310.27,0,,81.22,26.64,0,1,81.24,16.84,8.86,44.67,26.65
310.39,0,,81.31,26.65,0,1,81.20,16.87,8.90,44.74,26.64
310.48,0,,81.25,26.64,2,-1,80.98,16.88,8.93,44.78,26.62
310.57,0,,81.20,26.63,0,1,81.59,16.90,8.89,44.76,26.68
310.69,0,,81.24,26.65,0,1,81.03,16.93,8.90,44.80,26.70
310.78,0,,81.16,26.67,0,2,80.67,17.00,8.97,44.94,26.70
310.90,0,,81.05,26.70,0,2,81.61,17.08,8.97,45.02,26.78
310.99,0,,81.12,26.73,0,1,81.04,17.03,9.01,45.01,26.69
311.08,0,,81.08,26.70,1,0,80.37,16.92,9.07,44.96,26.52
311.17,0,,81.00,26.63,2,-1,82.01,17.00,9.04,45.01,26.63
311.29,0,,81.18,26.62,2,-1,81.15,17.13,9.04,45.14,26.76
311.41,0,,81.32,26.66,2,-1,81.11,17.09,9.06,45.12,26.70
311.50,0,,81.30,26.70,1,0,81.49,17.06,9.05,45.08,26.68
311.59,0,,81.33,26.69,0,1,81.40,17.07,9.08,45.12,26.66
311.68,0,,81.34,26.69,0,1,81.04,17.14,9.08,45.19,26.73
311.77,0,,81.32,26.71,0,1,81.71,17.22,9.08,45.27,26.81
311.89,0,,81.32,26.75,0,1,80.84,17.17,9.09,45.23,26.75
311.98,0,,81.24,26.76,0,1,81.30,17.15,9.12,45.24,26.70
312.07,0,,81.19,26.74,1,0,81.26,17.22,9.17,45.36,26.72
312.19,0,,81.27,26.72,1,0,81.69,17.23,9.18,45.38,26.72
312.28,0,,81.43,26.71,0,1,81.50,17.19,9.17,45.33,26.69
312.40,0,,81.47,26.71,0,1,81.00,17.25,9.16,45.38,26.76
312.49,0,,81.32,26.73,0,1,81.17,17.29,9.18,45.44,26.78
312.58,0,,81.27,26.76,0,1,81.87,17.31,9.15,45.43,26.83
312.67,0,,81.34,26.79,0,1,80.82,17.27,9.16,45.40,26.78
312.79,0,,81.20,26.79,0,1,80.62,17.24,9.22,45.43,26.69
312.91,0,,80.93,26.76,2,-1,80.95,17.36,9.19,45.52,26.84
312.97,0,,80.84,26.78,4,-2,81.12,17.38,9.21,45.56,26.84
313.09,0,,80.99,26.80,4,-2,81.45,17.35,9.22,45.54,26.80
313.18,0,,81.20,26.81,4,-2,81.25,17.34,9.24,45.55,26.77
313.27,0,,81.39,26.78,1,0,81.91,17.35,9.30,45.62,26.72
313.39,0,,81.50,26.76,1,0,80.93,17.46,9.27,45.70,26.86
313.48,0,,81.45,26.79,1,0,81.62,17.46,9.27,45.70,26.86
313.57,0,,81.31,26.81,1,0,80.65,17.34,9.30,45.61,26.71
313.69,0,,81.13,26.79,0,2,81.27,17.38,9.28,45.63,26.77
313.78,0,,81.10,26.77,1,0,81.47,17.46,9.31,45.74,26.82
313.90,0,,81.15,26.78,1,0,80.61,17.45,9.30,45.72,26.82
313.99,0,,81.02,26.80,2,-1,80.82,17.38,9.28,45.63,26.77
314.08,0,,80.88,26.79,2,-1,81.01,17.36,9.29,45.62,26.74
314.17,0,,80.92,26.77,2,-1,81.31,17.39,9.26,45.62,26.80
314.29,0,,81.11,26.77,4,-2,81.42,17.41,9.24,45.62,26.84
314.41,0,,81.19,26.80,2,-1,80.49,17.43,9.28,45.68,26.82
314.47,0,,81.13,26.81,2,-1,81.69,17.41,9.30,45.68,26.78
314.59,0,,81.15,26.81,2,-1,80.99,17.46,9.27,45.70,26.86
314.68,0,,81.29,26.83,2,-1,81.94,17.54,9.31,45.82,26.90
314.77,0,,81.58,26.86,0,1,82.21,17.53,9.30,45.80,26.90
314.89,0,,81.88,26.90,0,2,81.69,17.53,9.23,45.73,26.97
314.98,0,,81.82,26.92,0,2,80.78,17.57,9.33,45.87,26.91
315.07,0,,81.36,26.92,0,2,80.67,17.59,9.44,46.00,26.82
315.22,0,,80.91,26.87,0,1,80.83,17.59,9.42,45.98,26.84
315.28,0,,80.71,26.84,2,-1,80.69,17.58,9.38,45.93,26.87
315.40,0,,80.62,26.84,2,-1,80.40,17.58,9.38,45.93,26.87
315.49,0,,80.61,26.86,4,-2,81.10,17.60,9.40,45.97,26.87
315.58,0,,80.66,26.87,4,-2,80.22,17.60,9.37,45.94,26.90
315.67,0,,80.74,26.89,4,-2,81.65,17.57,9.32,45.86,26.92
315.79,0,,80.98,26.87,4,-2,81.07,17.37,9.39,45.73,26.65
315.91,0,,81.20,26.75,4,-2,81.38,17.23,9.44,45.64,26.46
315.97,0,,81.37,26.65,0,1,81.80,17.49,9.30,45.76,26.86
316.09,0,,81.50,26.67,1,0,81.12,17.39,9.22,45.58,26.84
316.18,0,,81.46,26.73,0,2,81.38,17.06,9.21,45.24,26.52
316.27,0,,81.33,26.73,0,2,81.03,17.30,9.05,45.32,26.92
316.39,0,,81.20,26.74,0,2,81.19,17.10,9.07,45.14,26.70
316.48,0,,81.23,26.70,0,2,81.87,16.76,9.11,44.84,26.32
316.57,0,,81.45,26.62,0,2,81.56,17.22,8.96,45.15,26.93
316.69,0,,81.71,26.65,0,2,82.36,17.12,9.04,45.13,26.75
316.78,0,,81.89,26.69,0,2,81.36,16.82,9.06,44.85,26.43
316.90,0,,81.82,26.67,0,2,81.56,17.18,8.89,45.04,26.96
316.99,0,,81.70,26.73,0,2,82.03,17.03,8.85,44.85,26.85
317.08,0,,81.74,26.80,0,1,81.71,16.78,8.78,44.53,26.67
317.17,0,,81.66,26.78,0,2,80.82,16.84,8.74,44.55,26.77
317.29,0,,81.34,26.70,0,2,81.03,16.55,8.83,44.35,26.39
317.41,0,,81.18,26.55,2,-1,81.93,16.42,8.81,44.20,26.28
317.47,0,,81.43,26.44,4,-2,82.08,16.64,8.58,44.19,26.73
317.59,0,,81.76,26.47,4,-2,81.64,16.40,8.56,43.93,26.51
317.68,0,,81.80,26.47,2,-1,81.30,16.10,8.71,43.78,26.06
317.77,0,,81.56,26.37,1,0,81.07,16.38,8.55,43.90,26.50
317.89,0,,81.30,26.33,2,-1,81.29,16.14,8.50,43.61,26.31
317.98,0,,81.30,26.28,2,-1,82.06,15.82,8.57,43.36,25.92
318.07,0,,81.67,26.20,1,0,82.67,16.23,8.42,43.62,26.48
318.19,0,,82.08,26.22,0,1,81.57,16.02,8.44,43.43,26.25
318.28,0,,82.01,26.21,0,1,81.15,15.61,8.48,43.06,25.80
318.40,0,,81.59,26.10,0,1,81.11,15.88,8.32,43.17,26.23
318.49,0,,81.14,26.08,1,0,80.41,15.86,8.29,43.12,26.24
318.58,0,,80.85,26.14,2,-1,81.41,15.72,8.30,42.99,26.09
318.68,0,,81.04,26.17,2,-1,82.18,15.83,8.22,43.02,26.28
318.79,0,,81.44,26.16,4,-2,81.09,15.55,8.29,42.81,25.93
318.91,0,,81.49,26.05,2,-1,80.92,15.40,8.38,42.75,25.69
318.97,0,,81.32,25.92,4,-2,81.64,15.82,8.29,43.08,26.20
319.09,0,,81.22,25.94,4,-2,80.64,15.72,8.35,43.04,26.04
319.18,0,,81.07,25.95,4,-2,81.03,15.38,8.47,42.82,25.58
319.27,0,,81.00,25.88,2,-1,81.32,15.68,8.30,42.95,26.05
319.39,0,,81.13,25.88,2,-1,81.50,15.63,8.30,42.90,26.00
319.48,0,,81.34,25.90,2,-1,81.52,15.42,8.42,42.81,25.67
319.57,0,,81.51,25.88,1,0,81.66,15.69,8.28,42.94,26.08
319.69,0,,81.51,25.90,1,0,80.88,15.51,8.28,42.76,25.90
319.78,0,,81.32,25.89,0,1,81.13,15.31,8.37,42.65,25.61
319.90,0,,81.22,25.82,0,1,81.81,15.53,8.27,42.77,25.93
319.99,0,,81.34,25.82,0,1,81.22,15.52,8.21,42.70,25.98
320.08,0,,81.30,25.87,0,1,80.57,15.38,8.28,42.63,25.77
320.17,0,,81.10,25.85,0,1,81.37,15.37,8.30,42.64,25.74
320.29,0,,80.94,25.76,1,0,80.29,15.22,8.35,42.54,25.54
320.41,0,,80.87,25.62,4,-2,81.61,15.09,8.38,42.44,25.38
320.47,0,,80.98,25.53,4,-2,80.94,15.39,8.27,42.63,25.79
320.59,0,,81.00,25.55,4,-2,80.38,15.23,8.35,42.55,25.55
320.68,0,,80.86,25.53,4,-2,81.15,14.86,8.44,42.27,25.09
320.77,0,,80.90,25.42,4,-2,81.37,15.23,8.23,42.43,25.67
320.89,0,,81.13,25.44,4,-2,81.33,15.24,8.30,42.51,25.61
320.98,0,,81.25,25.49,2,-1,80.93,15.09,8.52,42.58,25.24
321.07,0,,81.04,25.47,2,-1,79.99,15.42,8.44,42.83,25.65
321.19,0,,80.70,25.49,2,-1,81.09,15.39,8.50,42.86,25.56
321.28,0,,80.57,25.52,2,-1,80.35,15.32,8.63,42.92,25.36
321.40,0,,80.52,25.51,4,-2,80.35,15.57,8.53,43.07,25.71
321.49,0,,80.50,25.56,4,-2,81.01,15.56,8.52,43.05,25.71
321.58,0,,80.59,25.65,4,-2,80.32,15.56,8.58,43.11,25.65
321.67,0,,80.63,25.69,4,-2,80.87,15.68,8.59,43.24,25.76
321.79,0,,80.73,25.71,4,-2,81.12,15.65,8.67,43.29,25.65
321.91,0,,80.81,25.69,2,-1,80.27,15.66,8.69,43.32,25.64
321.97,0,,80.69,25.65,2,-1,80.50,15.66,8.73,43.36,25.60
322.09,0,,80.53,25.62,2,-1,80.52,15.71,8.77,43.45,25.61
322.18,0,,80.48,25.63,2,-1,80.54,15.87,8.70,43.54,25.84
322.27,0,,80.56,25.70,2,-1,81.04,15.81,8.73,43.51,25.75
322.39,0,,80.73,25.73,1,0,80.76,15.69,8.80,43.46,25.56
322.48,0,,80.86,25.68,0,1,81.00,15.76,8.80,43.53,25.63
322.57,0,,80.88,25.65,0,1,80.59,15.91,8.80,43.68,25.78
322.70,0,,80.80,25.68,0,1,80.70,15.92,8.87,43.76,25.72
322.78,0,,80.73,25.71,0,1,80.82,15.88,8.92,43.77,25.63
322.90,0,,80.74,25.69,0,1,80.79,15.88,8.86,43.71,25.69
322.99,0,,80.81,25.67,0,1,81.07,15.81,8.82,43.60,25.66
323.08,0,,80.90,25.65,2,-1,80.83,15.83,8.91,43.71,25.59
323.17,0,,80.85,25.63,2,-1,80.29,15.94,8.93,43.84,25.68
323.29,0,,80.66,25.64,2,-1,80.66,15.94,8.91,43.82,25.70
323.41,0,,80.60,25.66,2,-1,80.96,15.97,8.96,43.90,25.68
323.47,0,,80.65,25.69,2,-1,80.29,16.09,9.02,44.08,25.74
323.59,0,,80.63,25.71,1,0,80.82,16.14,9.06,44.17,25.75
323.68,0,,80.66,25.73,1,0,80.87,16.08,9.03,44.08,25.72
323.77,0,,80.70,25.73,2,-1,80.31,16.07,9.01,44.05,25.73
323.89,0,,80.63,25.73,2,-1,80.68,16.11,9.05,44.13,25.73
323.98,0,,80.56,25.72,2,-1,80.52,16.08,9.07,44.12,25.68
324.07,0,,80.48,25.68,2,-1,80.00,15.98,9.10,44.05,25.55
324.22,0,,80.42,25.62,2,-1,81.10,15.90,9.02,43.89,25.55
324.28,0,,80.68,25.57,1,0,81.62,15.90,8.92,43.79,25.65
324.40,0,,81.06,25.58,1,0,80.71,15.85,8.92,43.74,25.60
324.49,0,,81.11,25.58,0,2,80.78,15.75,8.95,43.67,25.47
324.64,0,,80.92,25.54,0,2,80.65,15.78,8.97,43.72,25.48
324.67,0,,80.72,25.51,0,2,80.40,15.92,9.00,43.89,25.59
324.82,0,,80.46,25.53,0,1,79.91,16.06,9.07,44.10,25.66
324.91,0,,80.22,25.59,1,0,80.33,16.10,9.09,44.16,25.68
324.97,0,,80.19,25.65,2,-1,80.58,16.10,9.10,44.17,25.67
325.09,0,,80.41,25.67,4,-2,81.02,16.09,9.09,44.15,25.67
325.18,0,,80.77,25.67,4,-2,81.27,16.07,9.08,44.12,25.66
325.27,0,,80.91,25.67,2,-1,79.84,16.19,9.13,44.29,25.73
325.39,0,,80.69,25.70,2,-1,80.67,16.27,9.16,44.40,25.78
325.48,0,,80.48,25.73,1,0,80.47,16.23,9.16,44.36,25.74
325.57,0,,80.37,25.75,1,0,79.88,16.24,9.18,44.39,25.73
325.69,0,,80.25,25.74,2,-1,80.61,16.31,9.24,44.52,25.74
325.78,0,,80.33,25.74,2,-1,80.76,16.35,9.26,44.58,25.76
325.90,0,,80.57,25.74,2,-1,80.84,16.34,9.22,44.53,25.79
325.99,0,,80.66,25.77,2,-1,80.02,16.36,9.20,44.53,25.83
326.08,0,,80.63,25.80,2,-1,81.39,16.37,9.20,44.54,25.84
326.17,0,,80.73,25.83,1,0,80.52,16.42,9.20,44.59,25.89
326.26,0,,80.74,25.88,0,1,80.34,16.53,9.18,44.68,26.02
326.41,0,,80.55,25.93,0,2,80.31,16.44,9.21,44.62,25.90
326.47,0,,80.36,25.92,1,0,80.21,16.32,9.21,44.50,25.78
326.56,0,,80.26,25.86,0,1,80.27,16.27,9.13,44.37,25.81
326.68,0,,80.27,25.80,2,-1,80.57,16.14,9.09,44.20,25.72
326.77,0,,80.39,25.74,4,-2,80.58,16.07,9.09,44.13,25.65
326.89,0,,80.50,25.68,2,-1,80.43,16.07,9.10,44.14,25.64
326.98,0,,80.48,25.63,2,-1,80.14,16.01,9.08,44.06,25.60
327.07,0,,80.36,25.60,2,-1,80.35,16.00,9.09,44.06,25.58
327.16,0,,80.27,25.59,2,-1,80.15,16.13,9.17,44.27,25.63
327.28,0,,80.14,25.60,2,-1,79.61,16.17,9.16,44.30,25.68
327.40,0,,79.97,25.63,2,-1,80.21,16.14,9.16,44.27,25.65
327.46,0,,80.02,25.66,4,-2,80.54,16.24,9.20,44.41,25.71
327.58,0,,80.22,25.69,4,-2,80.21,16.31,9.21,44.49,25.77
327.67,0,,80.39,25.72,2,-1,80.81,16.25,9.21,44.43,25.71
327.76,0,,80.59,25.72,1,0,80.91,16.21,9.20,44.38,25.68
327.91,0,,80.65,25.71,0,1,79.71,16.18,9.17,44.32,25.68
327.97,0,,80.41,25.69,0,2,80.36,16.15,9.14,44.26,25.68
328.06,0,,80.18,25.66,0,2,79.88,16.08,9.18,44.23,25.57
328.18,0,,80.04,25.61,0,1,80.01,16.00,9.16,44.13,25.51
328.27,0,,80.08,25.56,2,-1,80.88,15.96,9.03,43.96,25.60
328.39,0,,80.34,25.57,2,-1,80.42,16.05,9.03,44.05,25.69
328.48,0,,80.58,25.63,2,-1,80.97,16.26,9.16,44.39,25.77
328.57,0,,80.71,25.70,1,0,80.40,16.23,9.22,44.42,25.68
328.66,0,,80.72,25.72,0,1,80.84,16.24,9.25,44.46,25.66
328.78,0,,80.69,25.72,0,2,80.53,16.51,9.30,44.78,25.88
328.90,0,,80.64,25.79,0,2,80.53,16.60,9.30,44.87,25.97
328.96,0,,80.60,25.88,0,2,80.74,16.54,9.33,44.84,25.88
329.08,0,,80.55,25.91,0,2,80.06,16.56,9.35,44.88,25.88
329.17,0,,80.45,25.91,0,1,80.69,16.62,9.33,44.92,25.96
329.26,0,,80.39,25.92,0,1,80.12,16.65,9.40,45.02,25.92
329.41,0,,80.41,25.92,0,1,80.86,16.68,9.45,45.10,25.90
329.47,0,,80.50,25.93,0,1,80.50,16.76,9.35,45.08,26.08
329.56,0,,80.55,25.98,0,1,80.33,16.75,9.37,45.09,26.05
329.68,0,,80.51,26.01,0,1,80.61,16.70,9.47,45.14,25.90
329.77,0,,80.46,26.00,2,-1,80.19,16.84,9.41,45.22,26.10
329.89,0,,80.43,26.04,2,-1,80.71,16.94,9.38,45.29,26.23
329.98,0,,80.46,26.11,1,0,80.40,16.88,9.44,45.29,26.11
330.07,0,,80.49,26.14,1,0,80.48,16.89,9.47,45.33,26.09
330.16,0,,80.46,26.14,0,1,80.30,16.98,9.46,45.41,26.19
330.28,0,,80.53,26.14,0,1,81.34,16.97,9.48,45.42,26.16
330.40,0,,80.71,26.15,1,0,80.39,16.94,9.51,45.42,26.10
330.46,0,,80.80,26.15,0,1,81.04,16.99,9.44,45.40,26.22
330.58,0,,80.79,26.19,0,2,80.48,17.14,9.44,45.55,26.37
330.67,0,,80.79,26.28,0,2,81.19,17.23,9.51,45.71,26.39
330.76,0,,80.70,26.34,0,2,79.61,17.13,9.58,45.68,26.22
330.91,0,,80.41,26.31,0,1,80.39,17.12,9.62,45.71,26.17
330.97,0,,80.34,26.25,0,1,81.29,17.24,9.63,45.84,26.28
331.06,0,,80.56,26.23,0,1,80.24,17.24,9.63,45.84,26.28
331.18,0,,80.63,26.24,1,0,80.57,17.09,9.55,45.61,26.21
331.27,0,,80.69,26.23,1,0,81.43,16.94,9.42,45.33,26.19
331.39,0,,80.92,26.22,1,0,81.01,16.84,9.28,45.09,26.23
331.48,0,,80.96,26.21,0,1,80.05,16.70,9.18,44.85,26.19
331.57,0,,80.73,26.19,0,1,80.93,16.63,9.21,44.81,26.09
331.66,0,,80.78,26.15,0,1,81.91,16.64,9.16,44.77,26.15
331.78,0,,81.17,26.15,0,1,81.19,16.59,8.93,44.49,26.33
331.90,0,,81.48,26.23,0,2,81.94,16.55,8.83,44.35,26.39
331.96,0,,81.58,26.33,0,2,80.99,16.55,8.78,44.30,26.44
332.08,0,,81.43,26.41,0,2,81.02,16.43,8.65,44.05,26.45
332.17,0,,81.23,26.45,0,2,81.46,16.33,8.53,43.83,26.47
332.26,0,,81.15,26.48,0,2,80.80,16.40,8.51,43.88,26.56
332.41,0,,81.04,26.51,0,2,80.89,16.56,8.70,44.23,26.53
332.47,0,,80.93,26.54,0,2,80.94,16.67,8.74,44.38,26.60
332.56,0,,80.96,26.57,2,-1,81.46,16.61,8.65,44.23,26.63
332.68,0,,81.09,26.60,4,-2,80.92,16.58,8.66,44.21,26.59
332.77,0,,81.23,26.61,4,-2,81.86,16.57,8.61,44.15,26.63
332.89,0,,81.45,26.61,2,-1,81.68,16.47,8.54,43.98,26.60
332.98,0,,81.71,26.61,0,1,82.11,16.37,8.39,43.73,26.65
333.07,0,,81.85,26.62,0,2,81.47,16.22,8.22,43.41,26.67
333.19,0,,81.64,26.62,0,2,80.44,15.96,8.17,43.10,26.46
333.28,0,,81.25,26.55,0,2,81.69,15.83,8.07,42.87,26.43
333.40,0,,81.17,26.48,0,2,81.38,15.76,7.95,42.68,26.48
333.49,0,,81.31,26.43,0,2,81.42,15.52,7.88,42.37,26.31
333.58,0,,81.36,26.35,0,2,81.12,15.32,7.82,42.11,26.17
333.67,0,,81.35,26.25,2,-1,81.60,15.17,7.70,41.84,26.14
333.79,0,,81.45,26.17,1,0,81.85,15.08,7.60,41.65,26.15
333.91,0,,81.63,26.13,0,1,81.68,15.06,7.56,41.59,26.17
333.97,0,,81.67,26.13,0,1,81.26,14.98,7.56,41.51,26.09
334.09,0,,81.52,26.11,0,2,81.25,14.99,7.58,41.54,26.08
334.18,0,,81.30,26.10,0,2,80.95,15.05,7.57,41.59,26.15
334.27,0,,81.13,26.11,1,0,81.23,14.99,7.56,41.52,26.10
334.39,0,,81.05,26.10,2,-1,80.84,14.89,7.57,41.43,25.99
334.48,0,,81.02,26.05,4,-2,81.25,14.91,7.59,41.47,25.99
334.57,0,,81.06,26.01,4,-2,81.05,15.03,7.64,41.64,26.06
334.69,0,,80.99,26.02,4,-2,80.31,15.06,7.67,41.70,26.06
334.78,0,,80.89,26.04,4,-2,81.64,15.08,7.63,41.68,26.12
334.90,0,,80.96,26.08,4,-2,80.72,15.13,7.64,41.74,26.16
334.99,0,,81.11,26.10,4,-2,81.77,15.11,7.77,41.85,26.01
335.08,0,,81.22,26.08,2,-1,80.67,15.14,7.80,41.91,26.01
335.17,0,,81.04,26.04,2,-1,80.16,15.15,7.76,41.88,26.06
335.29,0,,80.68,26.02,2,-1,80.81,15.10,7.76,41.83,26.01
335.41,0,,80.62,26.02,2,-1,81.20,15.15,7.79,41.91,26.03
335.47,0,,80.80,26.03,4,-2,80.79,15.24,7.83,42.04,26.08
335.59,0,,80.94,26.04,2,-1,81.09,15.20,7.90,42.07,25.97
335.68,0,,81.05,26.00,2,-1,81.35,15.12,7.93,42.02,25.86
335.77,0,,81.16,25.92,1,0,81.04,15.05,7.97,41.99,25.75
335.89,0,,81.12,25.78,1,0,80.67,14.93,8.12,42.02,25.48
335.98,0,,80.86,25.60,0,1,80.20,15.03,8.36,42.36,25.34
336.07,0,,80.59,25.44,2,-1,80.86,15.24,8.47,42.68,25.44
336.19,0,,80.53,25.39,2,-1,80.52,15.30,8.46,42.73,25.51
336.28,0,,80.58,25.44,2,-1,80.73,15.44,8.50,42.91,25.61
336.40,0,,80.58,25.52,2,-1,80.21,15.40,8.53,42.90,25.54
336.49,0,,80.48,25.52,2,-1,80.42,15.07,8.45,42.49,25.29
336.58,0,,80.42,25.42,4,-2,80.66,14.91,8.36,42.24,25.22
336.67,0,,80.57,25.30,4,-2,81.17,15.04,8.44,42.45,25.27
336.79,0,,80.78,25.26,2,-1,80.63,15.26,8.56,42.79,25.37
336.91,0,,80.81,25.30,2,-1,80.45,15.32,8.56,42.85,25.43
336.97,0,,80.71,25.37,2,-1,80.89,15.26,8.52,42.75,25.41
337.09,0,,80.78,25.42,1,0,81.32,15.32,8.49,42.78,25.50
337.18,0,,80.95,25.49,0,2,80.76,15.44,8.45,42.86,25.66
337.27,0,,80.93,25.56,0,2,80.41,15.36,8.48,42.81,25.55
337.39,0,,80.67,25.55,0,2,80.20,15.13,8.53,42.63,25.27
337.48,0,,80.46,25.43,0,1,80.81,14.99,8.43,42.39,25.23
337.57,0,,80.65,25.35,2,-1,81.91,15.09,8.06,42.12,25.70
337.69,0,,81.21,25.47,1,0,81.83,14.92,7.75,41.64,25.84
337.78,0,,81.67,25.63,0,2,81.63,14.52,7.68,41.17,25.51
337.90,0,,81.92,25.69,0,2,82.50,14.71,7.57,41.25,25.81
337.99,0,,82.22,25.75,0,2,82.82,14.82,7.54,41.33,25.95
338.08,0,,82.56,25.83,0,2,82.70,14.67,7.55,41.19,25.79
338.17,0,,82.73,25.87,0,2,82.60,14.81,7.56,41.34,25.92
338.29,0,,82.74,25.84,0,2,82.75,14.60,7.68,41.25,25.59
338.41,0,,82.63,25.72,0,2,82.00,14.36,7.65,40.98,25.38
338.47,0,,82.52,25.59,0,2,83.16,14.70,7.53,41.20,25.84
338.59,0,,82.53,25.61,0,2,82.03,14.66,7.62,41.25,25.71
338.68,0,,82.57,25.64,0,2,83.21,14.44,7.71,41.12,25.40
338.77,0,,82.67,25.62,0,2,82.48,14.78,7.58,41.33,25.87
338.89,0,,82.64,25.67,0,1,82.07,14.66,7.61,41.24,25.72
338.98,0,,82.45,25.68,2,-1,82.55,14.41,7.68,41.06,25.40
339.07,0,,82.27,25.64,2,-1,81.67,14.78,7.55,41.30,25.90
339.19,0,,82.16,25.66,4,-2,82.72,14.58,7.64,41.19,25.61
339.28,0,,82.19,25.64,4,-2,82.02,14.36,7.72,41.05,25.31
339.40,0,,82.23,25.57,4,-2,82.22,14.74,7.54,41.25,25.87
339.49,0,,82.25,25.62,4,-2,82.59,14.60,7.49,41.06,25.78
339.58,0,,82.34,25.70,4,-2,82.24,14.37,7.48,40.82,25.56
339.67,0,,82.35,25.68,4,-2,82.16,14.35,7.41,40.73,25.61
339.79,0,,82.19,25.58,2,-1,81.66,14.05,7.45,40.47,25.27
339.91,0,,81.99,25.43,2,-1,82.03,14.05,7.50,40.52,25.22
339.97,0,,81.83,25.32,2,-1,81.48,14.33,7.43,40.73,25.57
340.09,0,,81.77,25.34,4,-2,82.20,14.05,7.39,40.41,25.33
340.18,0,,81.81,25.32,4,-2,81.66,13.72,7.41,40.10,24.98
340.27,0,,81.79,25.24,4,-2,81.48,14.03,7.30,40.30,25.40
340.39,0,,81.71,25.22,4,-2,81.96,13.87,7.30,40.14,25.24
340.48,0,,81.72,25.19,4,-2,81.73,13.53,7.38,39.88,24.82
340.57,0,,81.67,25.10,4,-2,81.03,13.86,7.25,40.08,25.28
340.69,0,,81.40,25.07,4,-2,80.97,13.63,7.31,39.91,24.99
340.78,0,,81.19,25.01,4,-2,81.55,13.36,7.43,39.76,24.60
340.90,0,,81.30,24.90,4,-2,81.96,13.80,7.29,40.06,25.18
340.99,0,,81.52,24.94,4,-2,81.22,13.72,7.23,39.92,25.16
341.08,0,,81.63,25.04,4,-2,82.03,13.54,7.24,39.75,24.97
341.17,0,,81.64,25.08,2,-1,81.15,13.66,7.17,39.80,25.16
341.29,0,,81.53,25.07,2,-1,81.37,13.44,7.24,39.65,24.87
341.41,0,,81.34,24.98,2,-1,81.01,13.38,7.30,39.65,24.75
341.47,0,,81.31,24.89,1,0,82.15,13.59,7.20,39.76,25.06
341.59,0,,81.45,24.90,0,1,81.07,13.54,7.26,39.77,24.95
341.68,0,,81.43,24.92,0,1,81.05,13.47,7.34,39.78,24.80
341.77,0,,81.19,24.90,2,-1,80.80,13.59,7.30,39.86,24.96
341.89,0,,80.97,24.90,4,-2,80.90,13.58,7.31,39.86,24.94
341.98,0,,80.82,24.91,4,-2,80.65,13.54,7.34,39.85,24.87
342.07,0,,80.79,24.91,4,-2,81.14,13.64,7.40,40.01,24.91
342.19,0,,80.89,24.89,4,-2,81.10,13.61,7.44,40.02,24.84
342.28,0,,80.97,24.87,4,-2,80.63,13.55,7.39,39.91,24.83
342.40,0,,80.93,24.85,4,-2,81.02,13.63,7.41,40.01,24.89
342.49,0,,80.89,24.86,4,-2,80.86,13.67,7.45,40.09,24.89
342.64,0,,80.89,24.87,4,-2,80.93,13.69,7.49,40.15,24.87
342.67,0,,80.92,24.88,4,-2,81.04,13.74,7.50,40.21,24.91
342.79,0,,80.96,24.88,4,-2,80.91,13.74,7.55,40.26,24.86
342.91,0,,80.90,24.87,0,1,80.44,13.74,7.60,40.31,24.81
342.97,0,,80.77,24.85,1,0,80.90,13.76,7.56,40.29,24.87
343.09,0,,80.77,24.83,2,-1,81.11,13.68,7.58,40.23,24.77
343.18,0,,80.85,24.80,2,-1,80.60,13.65,7.59,40.21,24.73
343.27,0,,80.82,24.77,2,-1,80.65,13.77,7.60,40.34,24.84
343.39,0,,80.79,24.77,2,-1,81.18,13.77,7.70,40.44,24.74
343.48,0,,80.87,24.75,2,-1,80.82,13.72,7.76,40.45,24.63
343.57,0,,80.86,24.72,2,-1,80.42,13.89,7.71,40.57,24.85
343.69,0,,80.71,24.75,2,-1,80.65,13.90,7.75,40.62,24.82
343.78,0,,80.61,24.78,2,-1,80.64,13.86,7.79,40.62,24.74
343.90,0,,80.70,24.80,2,-1,81.41,14.00,7.76,40.73,24.91
343.99,0,,80.90,24.83,2,-1,80.72,14.02,7.85,40.84,24.84
344.08,0,,81.01,24.85,2,-1,81.17,14.17,7.98,41.12,24.86
344.17,0,,80.95,24.88,0,1,80.34,14.39,8.03,41.39,25.03
344.29,0,,80.75,24.90,1,0,80.52,14.19,8.10,41.26,24.76
344.41,0,,80.47,24.84,1,0,79.89,13.99,8.13,41.09,24.53
344.47,0,,80.14,24.70,2,-1,79.66,14.22,8.29,41.48,24.60
344.59,0,,79.83,24.60,4,-2,79.62,14.46,8.52,41.95,24.61
344.68,0,,79.65,24.57,4,-2,79.72,14.46,8.52,41.95,24.61
344.77,0,,79.63,24.60,4,-2,79.72,14.53,8.41,41.91,24.79
344.89,0,,79.85,24.71,4,-2,81.13,14.66,8.34,41.97,24.99
344.98,0,,80.37,24.89,4,-2,80.90,14.71,8.15,41.83,25.23
345.07,0,,80.84,25.11,4,-2,81.08,14.80,8.02,41.79,25.45
345.19,0,,81.17,25.30,2,-1,81.81,14.65,8.05,41.67,25.27
345.28,0,,81.38,25.36,0,2,80.93,14.68,8.04,41.69,25.31
345.40,0,,81.42,25.41,0,2,81.67,15.14,7.97,42.08,25.84
345.49,0,,81.40,25.59,0,2,81.17,15.20,7.95,42.12,25.92
345.58,0,,81.36,25.79,0,2,81.33,15.17,8.01,42.15,25.83
345.67,0,,81.26,25.89,0,2,80.94,15.34,8.04,42.35,25.97
345.79,0,,81.15,25.92,0,2,81.23,15.24,8.10,42.31,25.81
345.91,0,,81.18,25.88,0,2,81.67,15.26,8.20,42.43,25.73
345.97,0,,81.37,25.85,0,1,81.53,15.62,8.12,42.71,26.17
346.09,0,,81.50,25.94,1,0,81.32,15.55,8.19,42.71,26.03
346.18,0,,81.55,25.98,0,1,81.99,15.39,8.33,42.69,25.73
346.27,0,,81.63,25.98,0,1,81.41,15.87,8.20,43.04,26.34
346.39,0,,81.60,26.06,0,2,81.30,15.76,8.29,43.02,26.14
346.48,0,,81.39,26.10,0,2,80.89,15.51,8.41,42.89,25.77
346.60,0,,81.13,26.07,0,1,80.88,15.95,8.25,43.17,26.37
346.69,0,,81.00,26.10,2,-1,81.48,15.78,8.37,43.12,26.08
346.78,0,,81.18,26.09,2,-1,81.76,15.59,8.49,43.05,25.77
346.90,0,,81.41,26.04,4,-2,81.11,15.96,8.28,43.21,26.35
346.99,0,,81.42,26.11,2,-1,81.27,15.94,8.27,43.18,26.34
347.08,0,,81.34,26.21,0,2,81.36,15.80,8.37,43.14,26.10
347.17,0,,81.19,26.23,2,-1,80.44,15.92,8.34,43.23,26.25
347.29,0,,80.96,26.21,2,-1,81.05,15.84,8.41,43.22,26.10
347.41,0,,80.97,26.14,2,-1,81.88,15.72,8.46,43.15,25.93
347.47,0,,81.13,26.08,2,-1,80.28,15.97,8.37,43.31,26.27
347.59,0,,81.07,26.10,2,-1,81.27,15.90,8.43,43.30,26.14
347.68,0,,81.02,26.11,2,-1,81.22,15.72,8.49,43.18,25.90
347.77,0,,81.18,26.11,2,-1,81.72,16.12,8.32,43.41,26.47
347.89,0,,81.37,26.19,2,-1,81.17,15.94,8.35,43.26,26.26
347.98,0,,81.43,26.21,0,1,81.46,15.58,8.44,42.99,25.81
348.07,0,,81.48,26.13,0,2,81.90,15.92,8.31,43.20,26.28
348.19,0,,81.60,26.09,0,2,81.48,15.69,8.33,42.99,26.03
348.28,0,,81.68,26.02,0,2,81.86,15.37,8.43,42.77,25.61
348.40,0,,81.66,25.92,0,2,81.23,15.76,8.27,43.00,26.16
348.49,0,,81.57,25.95,0,2,81.67,15.75,8.17,42.89,26.25
348.58,0,,81.49,26.06,0,2,81.26,15.52,8.30,42.79,25.89
348.67,0,,81.47,26.06,0,1,81.80,15.64,8.30,42.91,26.01
348.79,0,,81.50,25.99,0,1,81.30,15.44,8.30,42.71,25.81
348.91,0,,81.43,25.87,0,1,80.99,15.27,8.40,42.64,25.54
348.97,0,,81.18,25.74,2,-1,80.70,15.55,8.35,42.87,25.87
349.09,0,,80.92,25.71,4,-2,80.87,15.47,8.39,42.83,25.75
349.18,0,,80.86,25.70,4,-2,81.32,15.27,8.43,42.67,25.51
349.27,0,,81.05,25.69,4,-2,81.52,15.61,8.33,42.91,25.95
349.39,0,,81.28,25.73,4,-2,81.22,15.50,8.43,42.90,25.74
349.48,0,,81.42,25.73,2,-1,81.72,15.24,8.53,42.74,25.38
349.57,0,,81.53,25.66,2,-1,81.59,15.69,8.42,43.08,25.94
349.69,0,,81.53,25.70,1,0,80.99,15.61,8.48,43.06,25.80
349.78,0,,81.38,25.73,1,0,81.43,15.35,8.61,42.93,25.41
349.90,0,,81.23,25.69,0,2,80.84,15.82,8.51,43.30,25.98
349.99,0,,81.11,25.77,0,2,81.15,15.91,8.53,43.41,26.05
350.08,0,,80.96,25.88,1,0,80.46,15.73,8.67,43.37,25.73
350.17,0,,80.73,25.90,4,-2,80.28,15.89,8.65,43.51,25.91
350.29,0,,80.57,25.86,4,-2,81.15,15.80,8.71,43.48,25.76
350.41,0,,80.77,25.81,4,-2,81.56,15.82,8.78,43.57,25.71
350.47,0,,80.99,25.80,4,-2,80.10,16.16,8.68,43.81,26.15
350.59,0,,80.82,25.90,4,-2,80.43,16.07,8.77,43.81,25.97
350.68,0,,80.71,25.96,4,-2,81.86,16.00,8.91,43.88,25.76
350.77,0,,80.94,25.96,4,-2,80.69,16.48,8.84,44.29,26.31
350.89,0,,81.01,26.05,1,0,80.60,16.38,8.92,44.27,26.13
350.98,0,,80.94,26.09,2,-1,81.47,16.08,8.98,44.03,25.77
351.07,0,,81.04,26.05,0,2,81.13,16.52,8.83,44.32,26.36
351.19,0,,81.16,26.11,0,2,81.14,16.56,8.94,44.47,26.29
351.28,0,,81.12,26.19,0,1,80.68,16.34,9.06,44.37,25.95
351.40,0,,80.89,26.18,0,1,80.32,16.63,8.94,44.54,26.36
351.49,0,,80.60,26.22,1,0,80.51,16.67,8.96,44.60,26.38
351.58,0,,80.54,26.30,2,-1,81.22,16.66,9.01,44.64,26.32
351.67,0,,80.70,26.36,2,-1,80.55,16.85,9.00,44.82,26.52
351.79,0,,80.81,26.40,2,-1,80.98,16.63,9.07,44.67,26.23
351.91,0,,80.86,26.34,2,-1,80.84,16.54,9.07,44.58,26.14
351.97,0,,80.91,26.28,2,-1,81.09,16.91,9.02,44.90,26.56
352.09,0,,81.00,26.34,2,-1,81.17,16.86,9.10,44.93,26.43
352.18,0,,81.12,26.39,0,1,81.34,16.70,9.10,44.77,26.27
352.27,0,,81.15,26.42,0,1,80.60,16.99,8.97,44.93,26.69
352.39,0,,81.08,26.49,0,2,81.44,16.90,9.05,44.92,26.52
352.48,0,,81.10,26.52,0,2,81.13,16.78,9.15,44.90,26.30
352.57,0,,81.14,26.51,0,2,80.96,17.17,9.01,45.15,26.83
352.69,0,,81.12,26.58,0,2,81.28,17.00,9.03,45.00,26.64
352.78,0,,81.13,26.61,0,1,81.08,16.74,9.09,44.80,26.32
352.90,0,,81.12,26.57,0,1,81.01,17.15,8.97,45.09,26.85
352.99,0,,81.11,26.65,1,0,81.30,17.21,8.96,45.14,26.92
353.08,0,,81.18,26.77,0,1,81.41,17.05,9.01,45.03,26.71
353.17,0,,81.29,26.80,0,1,81.30,17.07,9.00,45.04,26.74
353.29,0,,81.38,26.74,0,1,81.59,16.88,9.04,44.89,26.51
353.41,0,,81.49,26.63,0,1,81.73,16.83,9.01,44.81,26.49
353.47,0,,81.58,26.57,0,2,81.32,17.06,8.89,44.92,26.84
353.59,0,,81.64,26.61,0,2,82.22,16.79,8.88,44.64,26.58
353.68,0,,81.75,26.60,0,2,81.55,16.51,8.87,44.35,26.31
353.77,0,,81.75,26.54,0,2,81.42,16.90,8.76,44.63,26.81
353.89,0,,81.55,26.58,0,2,81.09,16.85,8.85,44.67,26.67
353.98,0,,81.39,26.60,0,2,81.85,16.56,8.95,44.48,26.28
354.07,0,,81.46,26.55,0,1,81.64,16.88,8.78,44.63,26.77
354.19,0,,81.60,26.57,0,2,81.64,16.79,8.80,44.56,26.66
354.28,0,,81.76,26.60,0,1,82.45,16.65,8.96,44.58,26.36
354.40,0,,81.92,26.57,0,2,81.34,17.03,8.91,44.91,26.79
354.49,0,,81.79,26.62,0,2,81.21,16.98,8.86,44.81,26.79
354.58,0,,81.49,26.71,1,0,81.38,16.89,8.89,44.75,26.67
354.67,0,,81.35,26.75,1,0,81.52,17.12,8.90,44.99,26.89
354.79,0,,81.37,26.77,2,-1,81.42,16.93,8.97,44.87,26.63
354.91,0,,81.42,26.71,2,-1,81.45,16.77,9.03,44.77,26.41
354.97,0,,81.41,26.61,2,-1,81.18,17.08,8.95,45.00,26.80
355.09,0,,81.35,26.62,4,-2,81.39,17.00,8.97,44.94,26.70
355.18,0,,81.31,26.64,4,-2,81.24,16.82,9.03,44.82,26.46
355.27,0,,81.40,26.64,4,-2,82.16,17.16,8.92,45.05,26.91
355.39,0,,81.71,26.70,2,-1,82.19,16.96,8.88,44.81,26.75
355.48,0,,81.95,26.73,0,1,81.45,16.72,8.90,44.59,26.49
355.57,0,,81.96,26.70,0,2,82.32,17.12,8.82,44.91,26.97
355.69,0,,81.99,26.74,0,2,81.94,16.93,8.83,44.73,26.77
355.78,0,,81.97,26.75,0,2,81.52,16.68,8.91,44.56,26.44
355.90,0,,81.82,26.69,0,2,81.78,17.07,8.86,44.90,26.88
355.99,0,,81.67,26.72,0,2,81.40,17.17,8.89,45.03,26.95
356.08,0,,81.57,26.82,0,1,81.62,17.15,8.96,45.08,26.86
356.17,0,,81.50,26.89,2,-1,81.32,17.18,8.89,45.04,26.96
356.29,0,,81.47,26.91,1,0,81.67,16.99,8.89,44.85,26.77
356.41,0,,81.40,26.84,4,-2,80.75,16.88,8.94,44.79,26.61
356.47,0,,81.25,26.75,4,-2,81.41,17.03,8.85,44.85,26.85
356.59,0,,81.21,26.72,4,-2,81.48,16.81,8.81,44.59,26.67
356.68,0,,81.36,26.67,4,-2,81.63,16.50,8.81,44.28,26.36
356.77,0,,81.47,26.60,4,-2,81.22,16.98,8.72,44.67,26.93
356.92,0,,81.45,26.68,2,-1,81.44,17.12,8.86,44.95,26.93
356.98,0,,81.53,26.80,1,0,82.33,16.97,8.96,44.90,26.68
357.07,0,,81.80,26.88,2,-1,81.92,17.43,8.83,45.23,27.27
357.19,0,,82.06,27.00,0,2,82.45,17.36,8.93,45.26,27.10
357.28,0,,82.24,27.07,0,2,82.21,17.13,9.01,45.11,26.79
357.40,0,,82.14,27.04,0,2,81.01,17.48,8.87,45.32,27.28
357.49,0,,81.78,27.09,0,2,81.76,17.49,8.86,45.32,27.30
357.58,0,,81.59,27.20,0,2,81.94,17.42,8.88,45.27,27.21
357.67,0,,81.67,27.27,0,1,81.71,17.63,8.88,45.48,27.42
357.79,0,,81.79,27.31,0,1,82.07,17.58,9.03,45.58,27.22
357.91,0,,81.89,27.28,0,1,81.83,17.50,9.08,45.55,27.09
357.97,0,,81.99,27.23,0,1,82.41,17.71,8.95,45.63,27.43
358.09,0,,82.13,27.25,2,-1,82.19,17.58,9.02,45.57,27.23
358.18,0,,82.28,27.23,0,1,82.54,17.44,9.15,45.56,26.96
358.27,0,,82.35,27.19,0,2,82.12,17.85,9.00,45.82,27.52
358.39,0,,82.32,27.24,0,2,82.20,17.61,9.05,45.63,27.23
358.48,0,,82.21,27.22,0,2,81.98,17.27,9.15,45.39,26.79
358.57,0,,82.08,27.14,0,2,81.94,17.77,8.94,45.68,27.50
358.69,0,,81.99,27.20,0,2,82.03,17.70,8.96,45.63,27.41
358.78,0,,81.89,27.29,0,1,81.37,17.37,9.03,45.37,27.01
358.90,0,,81.74,27.27,0,1,81.88,17.63,8.93,45.53,27.37
358.99,0,,81.66,27.25,4,-2,81.51,17.60,9.03,45.60,27.24
359.08,0,,81.53,27.23,4,-2,80.94,17.46,9.09,45.52,27.04
359.17,0,,81.20,27.16,4,-2,80.44,17.57,9.11,45.65,27.13
359.29,0,,80.88,27.05,4,-2,81.23,17.20,9.24,45.41,26.63
359.41,0,,80.90,26.83,4,-2,81.42,16.84,9.07,44.88,26.44
359.47,0,,81.28,26.68,4,-2,82.42,17.15,8.68,44.80,27.14
359.59,0,,81.77,26.81,4,-2,81.79,17.19,8.59,44.75,27.27
359.68,0,,81.95,27.01,2,-1,81.44,16.80,8.62,44.39,26.85
359.77,0,,81.78,27.08,2,-1,81.45,16.92,8.43,44.32,27.16
359.89,0,,81.68,27.09,0,2,82.35,16.91,8.44,44.32,27.14
359.98,0,,81.96,27.08,0,2,82.91,16.72,8.54,44.23,26.85
360.07,0,,82.44,27.05,0,2,82.75,17.05,8.40,44.42,27.32
360.19,0,,82.72,27.09,0,2,82.48,16.82,8.43,44.22,27.06
360.28,0,,82.61,27.06,0,2,81.73,16.48,8.48,43.93,26.67
360.40,0,,82.38,26.97,0,2,82.96,16.88,8.30,44.15,27.25
360.49,0,,82.30,27.02,0,2,81.72,16.90,8.31,44.18,27.26
360.58,0,,82.22,27.12,0,2,82.34,16.72,8.40,44.09,26.99
360.67,0,,82.19,27.14,0,2,82.38,16.82,8.31,44.10,27.18
360.79,0,,82.27,27.10,0,1,82.31,16.59,8.32,43.88,26.94
360.91,0,,82.25,27.01,2,-1,81.80,16.49,8.41,43.87,26.75
360.97,0,,82.18,26.92,4,-2,82.58,16.73,8.31,44.01,27.09
361.09,0,,82.10,26.91,4,-2,81.34,16.48,8.26,43.71,26.89
361.18,0,,81.99,26.87,4,-2,82.42,16.19,8.33,43.49,26.53
361.27,0,,81.95,26.79,4,-2,81.69,16.57,8.21,43.75,27.03
361.39,0,,81.88,26.82,4,-2,81.57,16.59,8.27,43.83,26.99
361.48,0,,81.80,26.87,4,-2,82.18,16.28,8.40,43.65,26.55
361.57,0,,81.93,26.82,4,-2,82.44,16.47,8.18,43.62,26.96
361.69,0,,82.09,26.80,4,-2,81.64,16.25,8.12,43.34,26.80
361.78,0,,82.07,26.76,2,-1,82.19,15.85,8.16,42.98,26.36
361.90,0,,82.04,26.67,2,-1,82.07,16.20,7.96,43.13,26.91
361.99,0,,82.15,26.70,0,1,82.71,16.22,7.96,43.15,26.93
362.08,0,,82.27,26.78,0,1,81.81,15.98,8.04,42.99,26.61
362.17,0,,82.25,26.77,0,2,82.36,15.97,7.92,42.86,26.72
362.29,0,,82.19,26.68,0,2,82.06,15.59,7.86,42.42,26.40
362.41,0,,81.95,26.50,0,1,80.53,15.33,7.91,42.21,26.09
362.47,0,,81.48,26.32,2,-1,81.58,15.59,7.85,42.41,26.41
362.59,0,,81.29,26.25,2,-1,81.77,15.40,7.81,42.18,26.26
362.68,0,,81.45,26.21,4,-2,81.64,15.08,7.83,41.88,25.92
362.77,0,,81.65,26.15,4,-2,81.89,15.41,7.74,42.12,26.34
362.89,0,,81.71,26.14,4,-2,81.20,15.22,7.77,41.96,26.12
362.98,0,,81.65,26.09,4,-2,81.99,14.80,7.81,41.58,25.66
363.07,0,,81.72,25.98,4,-2,82.07,15.14,7.64,41.75,26.17
363.19,0,,81.90,25.95,2,-1,81.99,14.96,7.66,41.59,25.97
363.28,0,,81.91,25.92,2,-1,81.23,14.61,7.76,41.34,25.52
363.40,0,,81.74,25.82,0,2,81.90,14.93,7.65,41.55,25.95
363.49,0,,81.72,25.82,0,2,82.09,15.03,7.60,41.60,26.10
363.58,0,,81.84,25.94,0,1,81.74,14.98,7.62,41.57,26.03
363.67,0,,81.84,26.03,0,1,81.52,15.09,7.66,41.72,26.10
363.79,0,,81.63,26.04,0,1,81.00,14.89,7.78,41.64,25.78
363.91,0,,81.29,25.91,2,-1,80.82,14.68,7.86,41.51,25.49
363.97,0,,80.99,25.73,4,-2,80.98,14.92,7.80,41.69,25.79
364.09,0,,80.92,25.67,4,-2,81.19,14.91,7.80,41.68,25.78
364.18,0,,80.99,25.67,4,-2,81.05,14.69,7.86,41.52,25.50
364.27,0,,81.05,25.66,4,-2,80.97,14.93,7.78,41.68,25.82
364.39,0,,81.03,25.67,4,-2,80.93,14.81,7.83,41.61,25.65
364.48,0,,81.00,25.64,4,-2,81.15,14.59,7.93,41.49,25.33
364.57,0,,81.11,25.58,4,-2,81.64,15.00,7.82,41.79,25.85
364.69,0,,81.28,25.61,2,-1,81.08,14.87,7.90,41.74,25.64
364.78,0,,81.28,25.61,4,-2,80.97,14.61,8.01,41.59,25.27
364.90,0,,81.04,25.54,0,1,80.27,14.97,7.86,41.80,25.78
364.99,0,,80.76,25.59,1,0,81.06,15.00,7.84,41.81,25.83
365.08,0,,80.66,25.69,2,-1,80.45,14.89,7.92,41.78,25.64
365.17,0,,80.59,25.72,4,-2,80.33,14.93,7.93,41.83,25.67
365.29,0,,80.48,25.65,4,-2,80.56,14.65,8.00,41.62,25.32
365.41,0,,80.59,25.49,4,-2,81.56,14.60,8.02,41.59,25.25
365.47,0,,80.94,25.38,4,-2,81.11,14.95,7.93,41.85,25.69
365.59,0,,81.18,25.44,4,-2,81.07,14.84,7.98,41.79,25.53
365.68,0,,81.09,25.47,4,-2,80.29,14.57,8.07,41.61,25.17
365.77,0,,80.76,25.42,4,-2,80.41,14.89,8.02,41.88,25.54
365.89,0,,80.45,25.40,2,-1,80.25,14.84,8.07,41.88,25.44
365.98,0,,80.44,25.39,2,-1,81.50,14.63,8.13,41.73,25.17
366.07,0,,80.69,25.37,2,-1,80.44,15.01,8.05,42.03,25.63
366.22,0,,80.83,25.40,1,0,80.88,14.83,8.14,41.94,25.36
366.28,0,,80.79,25.39,2,-1,80.56,14.62,8.19,41.78,25.10
366.40,0,,80.75,25.34,4,-2,80.90,15.11,8.11,42.19,25.67
366.49,0,,80.68,25.42,4,-2,80.20,15.16,8.14,42.27,25.69
366.58,0,,80.47,25.56,2,-1,79.95,15.02,8.14,42.13,25.55
366.67,0,,80.29,25.62,2,-1,80.83,15.16,8.17,42.30,25.66
366.79,0,,80.34,25.60,2,-1,80.31,15.01,8.34,42.32,25.34
366.91,0,,80.45,25.48,4,-2,80.68,14.93,8.40,42.30,25.20
366.97,0,,80.49,25.37,4,-2,80.18,15.26,8.28,42.51,25.65
367.09,0,,80.47,25.40,4,-2,80.65,15.14,8.36,42.47,25.45
367.18,0,,80.37,25.41,4,-2,79.69,14.90,8.48,42.35,25.09
367.27,0,,80.26,25.37,2,-1,80.80,15.35,8.35,42.67,25.67
367.39,0,,80.28,25.42,4,-2,80.16,15.24,8.39,42.60,25.52
367.48,0,,80.29,25.45,2,-1,80.04,14.90,8.46,42.33,25.11
367.57,0,,80.15,25.40,2,-1,79.83,15.31,8.32,42.60,25.66
367.69,0,,80.13,25.42,2,-1,81.03,15.18,8.45,42.60,25.40
367.78,0,,80.35,25.40,2,-1,80.34,14.98,8.56,42.51,25.09
367.90,0,,80.46,25.34,2,-1,80.08,15.38,8.43,42.78,25.62
367.99,0,,80.42,25.40,1,0,80.84,15.39,8.45,42.81,25.61
368.08,0,,80.41,25.51,0,1,79.87,15.30,8.45,42.72,25.52
368.17,0,,80.36,25.57,0,1,80.75,15.41,8.44,42.82,25.64
368.29,0,,80.42,25.58,0,1,80.57,15.32,8.57,42.86,25.42
368.41,0,,80.48,25.51,0,1,80.14,15.32,8.63,42.92,25.36
368.47,0,,80.40,25.46,0,1,80.34,15.56,8.59,43.12,25.64
368.65,0,,80.28,25.50,2,-1,80.01,15.60,8.64,43.21,25.63
368.68,0,,80.10,25.56,2,-1,79.67,15.56,8.71,43.24,25.52
368.77,0,,79.96,25.62,2,-1,80.31,15.85,8.65,43.47,25.87
368.89,0,,79.97,25.69,4,-2,79.98,15.73,8.73,43.43,25.67
368.98,0,,79.99,25.68,4,-2,79.72,15.53,8.85,43.35,25.35
369.07,0,,79.98,25.61,4,-2,80.46,15.98,8.77,43.72,25.88
369.19,0,,79.99,25.64,4,-2,79.36,15.88,8.84,43.69,25.71
369.28,0,,79.98,25.66,4,-2,80.72,15.56,8.88,43.41,25.35
369.40,0,,80.12,25.61,2,-1,80.19,15.89,8.76,43.62,25.80
369.49,0,,80.24,25.64,2,-1,80.00,15.94,8.78,43.69,25.83
369.58,0,,80.13,25.71,2,-1,79.71,15.76,8.81,43.54,25.62
369.67,0,,79.90,25.72,0,1,79.59,15.71,8.72,43.40,25.66
369.79,0,,79.76,25.64,2,-1,80.09,15.39,8.71,43.07,25.35
369.91,0,,79.83,25.49,2,-1,80.09,15.23,8.68,42.88,25.22
370.00,0,,79.93,25.37,2,-1,79.66,15.53,8.57,43.07,25.63
370.09,0,,79.94,25.40,2,-1,80.21,15.44,8.64,43.05,25.47
370.18,0,,79.99,25.42,2,-1,80.00,15.21,8.72,42.90,25.16
370.27,0,,79.97,25.39,2,-1,79.50,15.54,8.58,43.09,25.63
370.39,0,,79.73,25.42,2,-1,79.12,15.39,8.59,42.95,25.47
370.49,0,,79.52,25.42,2,-1,80.10,15.04,8.65,42.66,25.06
370.60,0,,79.73,25.35,2,-1,80.76,15.38,8.48,42.83,25.57
370.69,0,,80.13,25.35,2,-1,79.96,15.21,8.52,42.70,25.36
370.78,0,,80.28,25.32,2,-1,80.10,14.90,8.65,42.52,24.92
370.90,0,,80.20,25.25,0,2,80.08,15.37,8.46,42.80,25.58
370.99,0,,80.15,25.32,0,1,80.25,15.43,8.43,42.83,25.67
371.08,0,,80.08,25.47,0,1,79.61,15.22,8.51,42.70,25.38
371.23,0,,79.99,25.53,0,2,80.33,15.35,8.45,42.77,25.57
371.29,0,,79.96,25.49,0,2,79.62,15.16,8.59,42.72,25.24
371.41,0,,79.86,25.37,0,1,79.60,15.11,8.66,42.74,25.12
371.47,0,,79.79,25.28,1,0,80.26,15.45,8.55,42.97,25.57
371.65,0,,79.87,25.31,1,0,79.79,15.25,8.63,42.85,25.29
371.68,0,,79.91,25.30,4,-2,79.84,15.08,8.72,42.77,25.03
371.77,0,,79.81,25.26,4,-2,79.32,15.54,8.60,43.11,25.61
371.89,0,,79.68,25.34,4,-2,79.97,15.50,8.66,43.13,25.51
371.98,0,,79.70,25.41,4,-2,79.87,15.27,8.80,43.04,25.14
372.07,0,,79.73,25.40,2,-1,79.26,15.61,8.66,43.24,25.62
372.19,0,,79.63,25.42,2,-1,79.72,15.43,8.67,43.07,25.43
372.28,0,,79.55,25.41,2,-1,79.42,15.23,8.83,43.03,25.07
372.40,0,,79.54,25.36,4,-2,79.70,15.81,8.74,43.52,25.74
372.49,0,,79.55,25.47,2,-1,79.44,15.88,8.71,43.56,25.84
372.58,0,,79.54,25.65,2,-1,79.55,15.72,8.78,43.47,25.61
372.67,0,,79.53,25.73,2,-1,79.56,15.92,8.78,43.67,25.81
372.79,0,,79.46,25.73,4,-2,78.94,15.79,8.90,43.66,25.56
372.91,0,,79.24,25.65,4,-2,78.86,15.69,8.98,43.64,25.38
372.97,0,,79.07,25.56,4,-2,79.50,16.00,8.89,43.86,25.78
373.09,0,,79.19,25.58,4,-2,79.72,15.95,8.93,43.85,25.69
373.21,0,,79.42,25.62,4,-2,79.30,15.81,9.04,43.82,25.44
373.27,0,,79.46,25.64,4,-2,79.19,16.24,8.93,44.14,25.98
373.39,0,,79.34,25.73,4,-2,79.19,16.17,8.96,44.10,25.88
373.48,0,,79.28,25.80,4,-2,79.58,15.93,9.05,43.95,25.55
373.57,0,,79.26,25.79,2,-1,78.74,16.31,8.94,44.22,26.04
373.69,0,,79.20,25.83,2,-1,79.61,16.21,9.04,44.22,25.84
373.78,0,,79.28,25.84,0,1,79.58,16.06,9.11,44.14,25.62
373.90,0,,79.53,25.82,0,1,80.08,16.41,8.97,44.35,26.11
373.99,0,,79.78,25.89,0,1,79.78,16.40,9.00,44.37,26.07
374.08,0,,79.92,25.99,0,2,79.98,16.33,9.04,44.34,25.96
374.17,0,,79.87,26.03,0,2,79.28,16.45,9.03,44.45,26.09
374.29,0,,79.75,26.03,0,2,80.10,16.35,9.12,44.44,25.90
374.44,0,,79.82,25.98,0,2,80.29,16.33,9.14,44.44,25.86
374.47,0,,79.98,25.94,0,2,79.73,16.51,9.04,44.52,26.14
374.59,0,,80.00,25.96,0,2,79.97,16.37,9.11,44.45,25.93
374.68,0,,79.92,25.95,0,2,79.67,16.22,9.19,44.38,25.70
374.77,0,,79.83,25.89,0,2,79.87,16.51,9.09,44.57,26.09
374.89,0,,79.80,25.88,0,2,79.87,16.31,9.20,44.48,25.78
374.98,0,,79.66,25.81,2,-1,78.57,15.99,9.27,44.23,25.39
375.07,0,,79.39,25.70,2,-1,79.92,16.34,9.00,44.31,26.01
375.19,0,,79.50,25.73,4,-2,80.49,16.28,9.06,44.31,25.89
375.28,0,,79.79,25.79,4,-2,79.10,16.10,9.26,44.33,25.51
375.40,0,,79.77,25.77,4,-2,79.75,16.50,9.12,44.59,26.05
375.49,0,,79.61,25.86,2,-1,79.31,16.66,9.16,44.79,26.17
375.58,0,,79.59,26.02,2,-1,80.21,16.80,9.33,45.10,26.14
375.70,0,,79.74,26.16,2,-1,79.82,17.13,9.37,45.47,26.43
375.79,0,,79.94,26.27,0,1,80.38,17.03,9.51,45.51,26.19
375.91,0,,80.19,26.27,0,2,80.62,16.98,9.56,45.51,26.09
375.97,0,,80.33,26.25,0,2,79.67,17.42,9.51,45.90,26.58
376.09,0,,80.17,26.34,0,2,79.87,17.47,9.66,46.10,26.48
376.18,0,,79.90,26.40,0,2,79.52,17.19,9.75,45.91,26.11
376.27,0,,79.80,26.35,0,2,80.48,17.33,9.58,45.88,26.42
376.39,0,,79.86,26.30,0,1,79.44,17.23,9.68,45.88,26.22
376.48,0,,79.71,26.21,1,0,78.82,17.15,10.04,46.16,25.78
376.57,0,,79.45,26.08,1,0,80.05,17.57,9.97,46.51,26.27
376.69,0,,79.44,26.08,4,-2,79.36,17.59,9.93,46.49,26.33
376.78,0,,79.49,26.18,4,-2,79.40,17.56,10.06,46.59,26.17
376.90,0,,79.56,26.30,4,-2,80.20,17.95,9.84,46.76,26.78
376.99,0,,79.87,26.55,4,-2,80.66,17.99,9.53,46.49,27.13
377.14,0,,80.39,26.85,0,1,81.31,17.51,9.21,45.69,26.97
377.17,0,,80.85,26.99,0,1,80.69,17.00,8.87,44.84,26.80
377.29,0,,81.09,26.93,0,2,81.61,16.95,8.90,44.82,26.72
377.41,0,,81.24,26.83,0,2,81.03,17.15,9.00,45.12,26.82
377.47,0,,81.19,26.79,0,2,80.60,17.28,9.01,45.26,26.94
377.59,0,,81.02,26.84,0,2,81.36,17.36,9.08,45.41,26.95
377.68,0,,81.02,26.91,0,2,81.13,17.39,9.08,45.44,26.98
377.77,0,,81.16,26.97,0,2,81.54,17.50,9.09,45.56,27.08
377.89,0,,81.32,27.04,0,2,81.36,17.63,9.15,45.75,27.15
377.98,0,,81.43,27.10,0,2,81.51,17.61,9.16,45.74,27.12
378.07,0,,81.39,27.10,0,2,80.86,17.36,9.16,45.49,26.87
378.19,0,,81.11,26.97,0,1,80.25,17.13,9.23,45.33,26.57
378.28,0,,80.62,26.77,2,-1,79.94,17.31,9.34,45.62,26.64
378.40,0,,80.30,26.66,4,-2,80.90,17.53,9.39,45.89,26.81
378.49,0,,80.34,26.67,4,-2,80.44,17.49,9.42,45.88,26.74
378.58,0,,80.43,26.73,4,-2,80.16,17.62,9.44,46.03,26.85
378.67,0,,80.52,26.85,4,-2,81.49,18.06,9.46,46.49,27.27
378.79,0,,80.92,27.08,4,-2,81.77,18.24,9.35,46.56,27.56
378.91,0,,81.37,27.36,4,-2,81.24,18.03,9.10,46.10,27.60
378.97,0,,81.47,27.55,0,1,81.07,17.94,9.04,45.95,27.57
379.09,0,,81.33,27.63,0,2,81.20,18.05,9.03,46.05,27.69
379.18,0,,81.28,27.67,0,2,81.74,17.90,8.85,45.72,27.72
379.27,0,,81.36,27.68,0,2,81.19,17.77,8.85,45.59,27.59
379.39,0,,81.50,27.66,0,2,82.19,17.86,8.89,45.72,27.64
379.48,0,,81.71,27.64,0,2,81.73,17.80,8.77,45.54,27.70
379.57,0,,81.90,27.65,0,2,82.18,17.70,8.74,45.41,27.63
379.69,0,,81.97,27.66,0,2,81.65,17.82,8.76,45.55,27.73
379.78,0,,81.93,27.70,0,2,81.95,17.92,8.75,45.64,27.84
379.90,0,,81.90,27.76,0,2,81.99,17.83,8.75,45.55,27.75
379.99,0,,81.88,27.77,0,2,81.60,17.75,8.74,45.46,27.68
380.08,0,,81.91,27.74,0,1,82.59,17.77,8.72,45.46,27.72
380.17,0,,82.11,27.72,0,2,82.32,17.89,8.75,45.61,27.81
380.29,0,,82.25,27.76,0,2,81.84,18.00,8.81,45.78,27.86
380.41,0,,82.24,27.81,0,2,82.67,17.91,8.77,45.65,27.81
380.47,0,,82.32,27.82,0,2,82.40,17.82,8.73,45.52,27.76
380.59,0,,82.42,27.79,0,2,82.41,17.84,8.77,45.58,27.74
380.68,0,,82.38,27.77,0,2,81.96,17.94,8.78,45.69,27.83
380.77,0,,82.18,27.78,0,2,81.78,17.99,8.79,45.75,27.87
380.89,0,,82.06,27.82,0,1,82.66,17.93,8.79,45.69,27.81
380.98,0,,82.13,27.83,1,0,81.91,17.95,8.76,45.68,27.86
381.07,0,,82.13,27.85,2,-1,81.92,17.99,8.74,45.70,27.92
381.19,0,,82.06,27.87,2,-1,82.21,17.93,8.76,45.66,27.84
381.28,0,,82.02,27.85,4,-2,81.74,17.88,8.83,45.68,27.72
381.43,0,,82.04,27.79,4,-2,82.66,17.89,8.83,45.69,27.73
381.49,0,,82.16,27.75,4,-2,81.93,17.95,8.81,45.73,27.81
381.58,0,,82.18,27.77,2,-1,82.08,18.08,8.86,45.91,27.89
381.67,0,,82.01,27.83,1,0,81.24,18.13,8.86,45.96,27.94
381.79,0,,81.91,27.89,2,-1,83.07,18.10,8.82,45.89,27.95
381.91,0,,82.08,27.94,2,-1,81.75,18.12,8.84,45.93,27.95
381.97,0,,82.15,27.95,2,-1,81.91,18.13,8.91,46.01,27.89
382.09,0,,82.03,27.93,2,-1,81.99,18.20,8.94,46.11,27.93
382.18,0,,81.93,27.92,2,-1,81.74,18.22,8.96,46.15,27.93
382.27,0,,81.88,27.91,2,-1,82.07,18.20,8.99,46.16,27.88
382.39,0,,81.94,27.91,2,-1,82.22,18.24,8.98,46.19,27.93
382.48,0,,82.04,27.92,2,-1,81.86,18.31,8.98,46.26,28.00
382.57,0,,82.05,27.97,2,-1,82.12,18.44,9.00,46.41,28.11
382.69,0,,82.05,28.03,2,-1,82.08,18.41,9.02,46.40,28.06
382.78,0,,82.06,28.07,1,0,81.99,18.34,8.98,46.29,28.03
382.90,0,,82.01,28.07,2,-1,81.77,18.44,9.01,46.42,28.10
382.99,0,,81.96,28.07,2,-1,82.23,18.47,9.11,46.55,28.03
383.08,0,,81.92,28.05,2,-1,81.41,18.47,9.10,46.54,28.04
383.17,0,,81.89,28.04,2,-1,82.49,18.45,9.09,46.51,28.03
383.29,0,,82.06,28.05,2,-1,82.51,18.51,8.98,46.46,28.20
383.41,0,,82.29,28.18,1,0,82.15,18.72,8.67,46.36,28.72
383.47,0,,82.37,28.43,0,1,82.48,18.81,8.69,46.47,28.79
383.59,0,,82.43,28.66,0,2,82.66,18.78,8.80,46.55,28.65
383.71,0,,82.55,28.75,0,2,82.75,18.84,8.74,46.55,28.77
383.77,0,,82.67,28.77,0,2,82.64,18.97,8.83,46.77,28.81
383.89,0,,82.72,28.80,0,2,82.77,19.08,8.86,46.91,28.89
383.98,0,,82.69,28.84,0,2,82.37,19.05,8.84,46.86,28.88
384.07,0,,82.55,28.86,0,2,82.30,18.97,8.85,46.79,28.79
384.19,0,,82.46,28.85,0,2,82.84,18.97,8.75,46.69,28.89
384.28,0,,82.53,28.86,0,2,82.55,18.95,8.69,46.61,28.93
384.40,0,,82.71,28.89,0,2,83.44,18.95,8.69,46.61,28.93
384.49,0,,82.93,28.92,0,2,82.67,18.92,8.64,46.53,28.95
384.58,0,,82.92,28.93,0,1,82.46,18.77,8.57,46.31,28.87
384.67,0,,82.74,28.91,0,1,82.74,18.71,8.53,46.21,28.85
384.79,0,,82.60,28.87,0,1,82.27,18.71,8.55,46.23,28.83
384.91,0,,82.48,28.84,1,0,82.54,18.71,8.52,46.20,28.86
384.97,0,,82.40,28.85,1,0,82.20,18.74,8.43,46.14,28.98
385.09,0,,82.44,28.89,2,-1,83.11,18.64,8.43,46.04,28.88
385.18,0,,82.65,28.90,2,-1,82.86,18.63,8.49,46.09,28.81
385.27,0,,82.92,28.88,2,-1,83.40,18.77,8.45,46.19,28.99
385.39,0,,83.17,28.91,0,1,83.36,18.77,8.44,46.18,29.00
385.48,0,,83.37,28.96,0,2,83.54,18.76,8.45,46.18,28.98
385.60,0,,83.39,28.98,0,2,82.81,18.71,8.42,46.10,28.96
385.69,0,,83.19,28.95,0,2,82.77,18.59,8.45,46.01,28.81
385.81,0,,82.96,28.91,0,2,83.07,18.69,8.40,46.06,28.96
385.90,0,,82.92,28.91,0,2,83.11,18.68,8.33,45.98,29.02
385.99,0,,82.96,28.94,0,2,82.78,18.57,8.37,45.91,28.87
386.08,0,,82.93,28.93,0,1,82.87,18.60,8.39,45.96,28.88
386.17,0,,82.90,28.90,0,1,83.03,18.64,8.42,46.03,28.89
386.29,0,,82.94,28.88,0,1,83.04,18.64,8.40,46.01,28.91
386.41,0,,83.01,28.89,4,-2,83.09,18.60,8.34,45.91,28.93
386.47,0,,82.99,28.90,2,-1,82.52,18.53,8.36,45.86,28.84
386.59,0,,82.86,28.87,2,-1,82.92,18.50,8.37,45.84,28.80
386.68,0,,82.81,28.84,2,-1,82.91,18.56,8.38,45.91,28.85
386.77,0,,82.78,28.83,2,-1,82.39,18.56,8.38,45.91,28.85
386.89,0,,82.68,28.82,2,-1,82.73,18.49,8.40,45.86,28.76
386.98,0,,82.67,28.80,2,-1,82.97,18.56,8.42,45.95,28.81
387.07,0,,82.80,28.81,2,-1,83.08,18.68,8.39,46.04,28.96
387.19,0,,82.98,28.87,0,1,83.16,18.75,8.42,46.14,29.00
387.28,0,,83.12,28.94,1,0,83.25,18.74,8.47,46.18,28.94
387.40,0,,83.15,28.95,0,1,82.77,18.71,8.54,46.22,28.84
387.49,0,,82.98,28.91,0,2,82.44,18.79,8.61,46.37,28.85
387.58,0,,82.70,28.87,0,1,82.48,18.89,8.62,46.48,28.94
387.67,0,,82.74,28.90,1,0,84.33,18.97,8.58,46.52,29.06
387.79,0,,83.04,28.97,1,0,82.01,18.91,8.59,46.47,28.99
387.91,0,,82.96,28.99,0,1,82.57,18.84,8.64,46.45,28.87
387.97,0,,82.82,28.96,2,-1,83.85,18.99,8.63,46.59,29.03
388.09,0,,82.84,28.96,2,-1,81.42,19.02,8.67,46.66,29.02
388.18,0,,82.55,28.96,2,-1,82.46,18.89,8.74,46.60,28.82
388.27,0,,82.31,28.93,4,-2,82.64,19.01,8.72,46.70,28.96
388.39,0,,82.46,28.92,4,-2,83.13,19.08,8.71,46.76,29.04
388.48,0,,82.81,28.96,4,-2,83.33,19.06,8.75,46.78,28.98
388.57,0,,83.07,29.01,2,-1,82.67,19.20,8.75,46.92,29.12
388.69,0,,83.10,29.04,2,-1,83.32,19.11,8.78,46.86,29.00
388.78,0,,83.10,29.03,1,0,83.01,19.03,8.81,46.81,28.89
388.90,0,,83.08,28.99,0,2,82.95,19.24,8.80,47.01,29.11
388.99,0,,83.03,29.02,0,2,83.07,19.27,8.82,47.06,29.12
389.08,0,,82.98,29.07,0,2,82.76,19.20,8.82,46.99,29.05
389.17,0,,82.89,29.08,0,2,82.70,19.23,8.82,47.02,29.08
389.29,0,,82.77,29.06,0,1,82.70,19.13,8.86,46.96,28.94
389.41,0,,82.73,29.01,1,0,82.96,19.20,8.86,47.03,29.01
389.47,0,,82.83,29.02,1,0,83.09,19.40,8.82,47.19,29.25
389.59,0,,82.92,29.08,1,0,82.70,19.25,8.85,47.07,29.07
389.68,0,,82.95,29.08,1,0,83.23,19.11,8.93,47.01,28.85
389.77,0,,82.98,29.02,2,-1,82.81,19.39,8.97,47.33,29.09
389.89,0,,82.99,29.00,1,0,83.10,19.46,9.01,47.44,29.12
389.98,0,,82.98,29.04,0,1,82.85,19.35,9.04,47.36,28.98
390.07,0,,82.97,29.06,0,1,83.06,19.51,9.01,47.49,29.17
390.22,0,,83.03,29.10,0,1,83.40,19.56,9.02,47.55,29.21
390.28,0,,83.18,29.16,0,1,83.24,19.56,9.08,47.61,29.15
390.40,0,,83.26,29.19,0,2,83.14,19.67,9.07,47.71,29.27
390.49,0,,83.16,29.23,0,1,82.57,19.68,9.05,47.70,29.30
390.58,0,,83.03,29.27,0,1,83.57,19.71,9.04,47.72,29.34
390.67,0,,83.14,29.32,0,1,83.54,19.81,9.06,47.84,29.42
390.79,0,,83.32,29.35,0,1,83.05,19.82,9.24,48.03,29.25
390.91,0,,83.36,29.28,0,2,83.58,19.72,9.51,48.20,28.88
390.97,0,,83.40,29.10,0,1,83.48,19.72,9.48,48.17,28.91
391.09,0,,83.40,28.97,0,1,82.95,19.81,9.37,48.15,29.11
391.18,0,,83.30,28.97,0,2,83.51,19.81,9.42,48.20,29.06
391.27,0,,83.25,29.03,0,1,83.07,19.90,9.45,48.32,29.12
391.39,0,,83.14,29.08,0,1,82.62,19.93,9.49,48.39,29.11
391.48,0,,82.94,29.10,1,0,82.96,19.87,9.50,48.34,29.04
391.57,0,,82.88,29.10,4,-2,83.20,19.97,9.46,48.40,29.18
391.69,0,,82.93,29.13,4,-2,82.65,20.02,9.47,48.46,29.22
391.78,0,,82.94,29.16,4,-2,83.19,19.96,9.50,48.43,29.13
391.90,0,,82.98,29.16,4,-2,82.99,19.94,9.48,48.39,29.13
391.99,0,,83.06,29.14,4,-2,83.29,19.91,9.45,48.33,29.13
392.08,0,,83.14,29.13,2,-1,83.16,19.99,9.48,48.44,29.18
392.17,0,,83.24,29.15,1,0,83.50,20.10,9.52,48.59,29.25
392.29,0,,83.34,29.18,1,0,83.37,20.05,9.54,48.56,29.18
392.41,0,,83.37,29.19,0,2,83.14,20.00,9.53,48.50,29.14
392.47,0,,83.34,29.17,0,2,83.60,20.02,9.49,48.48,29.20
392.59,0,,83.35,29.19,0,2,83.13,20.10,9.48,48.55,29.29
392.68,0,,83.22,29.23,0,2,82.55,20.13,9.50,48.60,29.30
392.77,0,,82.98,29.26,0,1,83.11,20.04,9.52,48.53,29.19
392.89,0,,82.87,29.25,2,-1,82.77,20.07,9.50,48.54,29.24
392.98,0,,82.82,29.24,2,-1,82.73,20.13,9.50,48.60,29.30
393.07,0,,82.85,29.25,4,-2,83.39,20.15,9.55,48.67,29.27
393.19,0,,82.98,29.26,4,-2,82.83,20.14,9.55,48.66,29.26
393.28,0,,82.93,29.25,4,-2,82.22,20.04,9.57,48.58,29.14
393.40,0,,82.78,29.19,4,-2,83.38,19.99,9.62,48.58,29.04
393.49,0,,82.98,29.11,4,-2,84.02,20.00,9.61,48.58,29.06
393.58,0,,83.41,29.06,1,0,83.37,20.01,9.61,48.59,29.07
393.67,0,,83.65,29.03,1,0,83.84,19.94,9.65,48.56,28.96
393.79,0,,83.69,28.98,0,2,83.32,19.83,9.67,48.47,28.83
393.91,0,,83.62,28.92,0,2,83.68,19.90,9.61,48.48,28.96
393.97,0,,83.53,28.93,0,2,83.25,20.06,9.60,48.63,29.13
394.09,0,,83.39,29.01,0,2,83.08,20.07,9.61,48.65,29.13
394.18,0,,83.30,29.08,0,2,83.69,20.02,9.65,48.64,29.04
394.27,0,,83.44,29.09,0,2,84.01,20.06,9.68,48.71,29.05
394.39,0,,83.63,29.08,0,1,83.20,20.16,9.68,48.81,29.15
394.48,0,,83.67,29.09,1,0,84.04,20.20,9.75,48.92,29.12
394.57,0,,83.72,29.12,0,2,83.67,20.25,9.75,48.97,29.17
394.69,0,,83.71,29.15,0,1,83.34,20.27,9.72,48.96,29.22
394.78,0,,83.48,29.18,0,1,82.71,20.28,9.75,49.00,29.20
394.90,0,,83.27,29.21,0,1,84.07,20.34,9.74,49.05,29.27
394.99,0,,83.39,29.23,1,0,83.59,20.30,9.75,49.02,29.22
395.08,0,,83.48,29.24,2,-1,82.76,20.29,9.73,48.99,29.23
395.17,0,,83.39,29.23,2,-1,83.90,20.30,9.73,49.00,29.24
395.29,0,,83.45,29.23,2,-1,83.66,20.30,9.72,48.99,29.25
395.41,0,,83.64,29.25,2,-1,83.85,20.35,9.72,49.04,29.30
395.47,0,,83.56,29.26,0,1,82.19,20.31,9.75,49.03,29.23
395.59,0,,83.21,29.25,0,1,83.51,20.24,9.74,48.95,29.17
395.68,0,,83.15,29.21,2,-1,83.88,20.25,9.74,48.96,29.18
395.77,0,,83.38,29.19,2,-1,83.24,20.31,9.75,49.03,29.23
395.89,0,,83.51,29.20,1,0,83.70,20.36,9.73,49.06,29.30
395.98,0,,83.54,29.24,2,-1,83.32,20.27,9.71,48.95,29.23
396.07,0,,83.36,29.24,2,-1,82.40,20.20,9.72,48.89,29.15
396.19,0,,83.12,29.20,2,-1,83.86,20.23,9.73,48.93,29.17
396.28,0,,83.20,29.17,2,-1,83.47,20.23,9.75,48.95,29.15
396.40,0,,83.44,29.14,1,0,83.67,20.13,9.74,48.84,29.06
396.49,0,,83.55,29.09,1,0,83.25,20.02,9.68,48.67,29.01
396.58,0,,83.51,29.03,1,0,83.49,19.96,9.66,48.59,28.97
396.70,0,,83.49,28.99,1,0,83.78,20.00,9.67,48.64,29.00
396.79,0,,83.60,29.00,1,0,83.77,20.12,9.64,48.73,29.15
396.91,0,,83.66,29.07,0,1,83.35,20.17,9.58,48.72,29.26
396.97,0,,83.66,29.15,0,2,84.00,20.07,9.65,48.69,29.09
397.09,0,,83.77,29.18,0,2,84.12,20.13,9.58,48.68,29.22
397.18,0,,84.00,29.22,0,2,84.36,20.23,9.46,48.66,29.44
397.27,0,,84.19,29.26,0,2,84.16,20.12,9.73,48.82,29.06
397.39,0,,84.17,29.23,0,2,83.51,20.19,9.68,48.84,29.18
397.48,0,,83.89,29.21,0,2,83.43,20.26,9.51,48.74,29.42
397.57,0,,83.59,29.23,0,2,83.45,20.15,9.79,48.91,29.03
397.69,0,,83.50,29.20,0,1,84.01,20.25,9.75,48.97,29.17
397.78,0,,83.68,29.19,0,1,84.06,20.35,9.56,48.88,29.46
397.90,0,,83.86,29.24,2,-1,83.65,20.21,9.78,48.96,29.10
397.99,0,,83.79,29.21,2,-1,83.18,20.15,9.86,48.98,28.96
398.08,0,,83.58,29.11,4,-2,83.71,20.31,9.79,49.07,29.19
398.17,0,,83.46,29.09,4,-2,83.21,20.32,9.86,49.15,29.13
398.29,0,,83.44,29.13,4,-2,83.85,20.32,9.70,48.99,29.29
398.41,0,,83.47,29.22,2,-1,83.10,20.42,9.61,49.00,29.48
398.47,0,,83.36,29.31,2,-1,82.91,20.27,9.81,49.05,29.13
398.59,0,,83.32,29.30,4,-2,84.50,20.32,9.68,48.97,29.31
398.68,0,,83.56,29.32,4,-2,83.27,20.48,9.53,48.98,29.62
398.77,0,,83.57,29.36,2,-1,82.78,20.21,9.82,49.00,29.06
398.89,0,,83.29,29.30,4,-2,83.24,20.15,9.70,48.82,29.12
398.98,0,,83.19,29.22,4,-2,83.76,20.28,9.46,48.71,29.49
399.07,0,,83.34,29.23,4,-2,83.31,20.05,9.71,48.73,29.01
399.19,0,,83.49,29.19,2,-1,83.85,20.06,9.60,48.63,29.13
399.28,0,,83.67,29.18,0,1,84.00,20.24,9.42,48.63,29.49
399.40,0,,83.77,29.22,0,1,83.23,20.12,9.77,48.86,29.02
399.49,0,,83.64,29.19,0,1,83.42,20.22,9.86,49.05,29.03
399.58,0,,83.42,29.12,0,1,83.06,20.34,9.78,49.09,29.23
399.70,0,,83.34,29.10,0,1,83.99,20.21,9.84,49.02,29.04
399.79,0,,83.49,29.13,0,1,83.64,20.33,9.70,49.00,29.30
399.91,0,,83.67,29.20,0,1,83.77,20.45,9.69,49.11,29.43
399.97,0,,83.67,29.29,0,1,83.15,20.42,9.91,49.30,29.18
400.09,0,,83.62,29.31,0,1,84.23,20.45,9.77,49.19,29.35
400.18,0,,83.64,29.34,0,1,83.14,20.50,9.61,49.08,29.56
400.27,0,,83.55,29.38,0,1,83.34,20.41,9.88,49.26,29.20
400.39,0,,83.34,29.36,1,0,82.92,20.46,9.83,49.26,29.30
400.48,0,,83.13,29.34,2,-1,83.07,20.57,9.71,49.25,29.53
400.57,0,,83.11,29.34,4,-2,83.71,20.37,9.94,49.28,29.10
400.69,0,,83.40,29.27,4,-2,84.21,20.37,9.91,49.25,29.13
400.78,0,,83.79,29.20,2,-1,83.84,20.47,9.81,49.25,29.33
400.90,0,,83.86,29.21,1,0,82.97,20.42,9.86,49.25,29.23
400.99,0,,83.58,29.24,1,0,83.38,20.40,9.81,49.18,29.26
401.08,0,,83.41,29.24,1,0,83.87,20.29,9.81,49.07,29.15
401.17,0,,83.46,29.21,1,0,83.25,20.27,9.78,49.02,29.16
401.29,0,,83.43,29.19,1,0,83.15,20.34,9.74,49.05,29.27
401.41,0,,83.35,29.21,1,0,83.64,20.39,9.78,49.14,29.28
401.47,0,,83.30,29.24,2,-1,82.76,20.32,9.79,49.08,29.20
401.59,0,,83.22,29.23,2,-1,83.49,20.34,9.90,49.21,29.11
401.68,0,,83.30,29.20,2,-1,83.94,20.61,9.95,49.53,29.33
401.77,0,,83.60,29.27,2,-1,84.00,20.56,9.59,49.12,29.64
401.89,0,,83.72,29.46,1,0,82.70,20.32,9.16,48.45,29.83
401.98,0,,83.52,29.67,1,0,83.75,20.16,9.10,48.23,29.73
402.07,0,,83.39,29.75,1,0,83.27,20.14,9.19,48.30,29.62
402.19,0,,83.38,29.74,2,-1,83.49,20.34,9.22,48.53,29.79
402.31,0,,83.41,29.73,1,0,83.48,20.36,9.29,48.62,29.74
402.40,0,,83.34,29.70,1,0,82.63,20.34,9.53,48.84,29.48
402.49,0,,83.01,29.57,1,0,82.22,20.28,9.79,49.04,29.16
402.58,0,,82.46,29.36,2,-1,81.52,20.25,9.74,48.96,29.18
402.67,0,,81.87,29.23,4,-2,81.21,20.53,9.79,49.29,29.41
402.79,0,,81.55,29.24,4,-2,82.33,20.49,9.87,49.33,29.29
402.91,0,,81.86,29.28,4,-2,83.36,19.96,9.34,48.27,29.29
402.97,0,,82.56,29.31,4,-2,83.13,19.37,8.62,46.96,29.42
403.09,0,,83.06,29.35,4,-2,82.92,18.97,8.26,46.20,29.38
403.18,0,,83.16,29.37,4,-2,83.02,19.02,8.39,46.38,29.30
403.27,0,,83.07,29.33,4,-2,82.75,19.08,8.55,46.60,29.20
403.39,0,,82.97,29.24,0,2,83.20,18.87,8.47,46.31,29.07
403.48,0,,82.93,29.15,0,2,82.61,18.89,8.44,46.30,29.12
403.57,0,,82.95,29.10,0,2,83.56,18.89,8.43,46.29,29.13
403.69,0,,83.12,29.09,0,2,83.27,18.69,8.31,45.97,29.05
403.78,0,,83.19,29.06,0,2,82.56,18.46,8.15,45.58,28.98
403.90,0,,83.11,29.00,0,1,83.61,18.35,8.18,45.50,28.84
403.99,0,,83.11,28.90,1,0,82.80,18.35,8.30,45.62,28.72
404.08,0,,82.93,28.78,1,0,81.87,18.19,8.21,45.37,28.65
404.17,0,,82.62,28.68,2,-1,83.18,18.08,8.13,45.18,28.62
404.29,0,,82.59,28.62,2,-1,82.66,18.07,8.15,45.19,28.59
404.41,0,,82.72,28.57,4,-2,82.93,17.86,8.13,44.96,28.40
404.47,0,,82.76,28.47,4,-2,82.40,17.68,8.04,44.69,28.31
404.59,0,,82.79,28.38,4,-2,83.45,17.60,7.87,44.44,28.40
404.68,0,,83.05,28.39,4,-2,83.78,17.64,7.67,44.28,28.64
404.77,0,,83.34,28.48,1,0,82.88,17.64,7.72,44.33,28.59
404.89,0,,83.35,28.54,1,0,83.27,17.57,7.89,44.43,28.35
404.98,0,,83.23,28.51,0,2,83.07,17.75,7.84,44.56,28.58
405.07,0,,83.14,28.52,0,2,83.06,17.87,7.90,44.74,28.64
405.19,0,,83.03,28.55,0,2,82.71,17.85,8.01,44.83,28.51
405.28,0,,82.95,28.56,0,2,83.26,17.78,7.90,44.65,28.55
405.40,0,,82.96,28.54,0,1,82.75,17.73,7.90,44.60,28.50
405.49,0,,82.94,28.53,2,-1,82.92,17.89,7.95,44.81,28.61
405.58,0,,82.99,28.57,2,-1,83.59,17.91,7.87,44.75,28.71
405.67,0,,83.03,28.64,1,0,82.10,18.00,7.92,44.89,28.75
405.79,0,,82.96,28.72,2,-1,83.70,17.99,7.88,44.84,28.78
405.91,0,,83.02,28.75,2,-1,82.94,17.66,7.68,44.31,28.65
405.97,0,,83.11,28.71,1,0,83.08,17.52,7.60,44.09,28.59
406.09,0,,83.19,28.65,0,1,83.71,17.44,7.48,43.89,28.63
406.18,0,,83.30,28.61,0,1,82.97,17.40,7.45,43.82,28.62
406.27,0,,83.35,28.60,0,1,83.69,17.44,7.51,43.92,28.60
406.39,0,,83.46,28.60,0,2,83.80,17.42,7.49,43.88,28.60
406.48,0,,83.68,28.59,0,2,83.99,17.44,7.57,43.98,28.54
406.57,0,,83.70,28.56,0,2,82.62,17.41,7.59,43.97,28.49
406.69,0,,83.47,28.51,0,2,83.81,17.31,7.54,43.82,28.44
406.78,0,,83.40,28.46,0,2,83.60,17.21,7.46,43.64,28.42
406.90,0,,83.57,28.43,0,2,84.01,17.12,7.36,43.45,28.43
406.99,0,,83.73,28.40,0,2,83.54,17.05,7.40,43.42,28.32
407.08,0,,83.66,28.36,0,2,82.98,17.07,7.42,43.46,28.32
407.17,0,,83.30,28.33,0,2,82.50,17.02,7.33,43.32,28.36
407.29,0,,82.97,28.30,4,-2,83.48,16.81,7.37,43.15,28.11
407.41,0,,82.93,28.21,4,-2,82.82,16.70,7.36,43.03,28.01
407.47,0,,82.98,28.12,4,-2,83.09,16.83,7.26,43.06,28.24
407.59,0,,83.10,28.11,4,-2,83.71,16.76,7.29,43.02,28.14
407.68,0,,83.26,28.10,4,-2,82.90,16.54,7.34,42.85,27.87
407.77,0,,83.22,28.03,4,-2,82.86,16.66,7.28,42.91,28.05
407.89,0,,82.98,27.99,4,-2,82.48,16.63,7.30,42.90,28.00
407.98,0,,82.77,27.96,4,-2,83.03,16.44,7.35,42.76,27.76
408.07,0,,82.81,27.90,2,-1,83.25,16.60,7.30,42.87,27.97
408.19,0,,82.97,27.89,4,-2,82.83,16.57,7.29,42.83,27.95
408.28,0,,83.03,27.89,4,-2,83.10,16.45,7.35,42.77,27.77
408.40,0,,83.09,27.88,2,-1,83.44,16.68,7.35,43.00,28.00
408.49,0,,83.18,27.91,2,-1,82.91,16.68,7.34,42.99,28.01
408.58,0,,83.08,27.95,1,0,82.49,16.56,7.35,42.88,27.88
408.67,0,,82.85,27.96,1,0,82.84,16.68,7.33,42.98,28.02
408.79,0,,82.75,27.95,1,0,82.96,16.60,7.40,42.97,27.87
408.91,0,,82.81,27.90,1,0,82.90,16.51,7.48,42.96,27.70
408.97,0,,82.81,27.83,2,-1,82.33,16.71,7.43,43.11,27.95
409.09,0,,82.65,27.82,2,-1,82.47,16.57,7.42,42.96,27.82
409.18,0,,82.51,27.80,4,-2,82.58,16.40,7.45,42.82,27.62
409.27,0,,82.51,27.76,4,-2,82.72,16.67,7.43,43.07,27.91
409.39,0,,82.59,27.77,4,-2,82.66,16.57,7.50,43.04,27.74
409.48,0,,82.64,27.75,2,-1,82.52,16.43,7.55,42.95,27.55
409.57,0,,82.72,27.73,2,-1,83.38,16.85,7.47,43.29,28.05
409.69,0,,82.92,27.81,2,-1,82.95,16.83,7.56,43.36,27.94
409.78,0,,82.94,27.86,2,-1,82.15,16.64,7.74,43.35,27.57
409.90,0,,82.67,27.82,2,-1,82.42,16.90,7.65,43.52,27.92
409.99,0,,82.57,27.83,0,1,83.47,16.96,7.61,43.54,28.02
410.08,0,,82.74,27.91,0,1,82.41,16.98,7.67,43.62,27.98
410.17,0,,82.77,27.99,0,1,82.50,17.06,7.67,43.70,28.06
410.29,0,,82.69,27.99,0,1,82.99,16.89,7.79,43.65,27.77
410.41,0,,82.70,27.90,1,0,82.56,16.85,7.85,43.67,27.67
410.47,0,,82.73,27.81,2,-1,82.87,17.06,7.74,43.77,27.99
410.59,0,,82.59,27.83,2,-1,81.48,17.09,7.80,43.86,27.96
410.70,0,,82.22,27.88,2,-1,82.03,17.01,7.89,43.87,27.79
410.77,0,,81.97,27.90,4,-2,82.20,17.17,7.80,43.94,28.04
410.89,0,,82.05,27.94,4,-2,82.58,17.18,7.82,43.97,28.03
410.98,0,,82.22,27.98,4,-2,81.96,17.14,7.90,44.01,27.91
411.07,0,,82.27,27.99,4,-2,82.42,17.31,7.92,44.20,28.06
411.19,0,,82.20,28.00,4,-2,81.61,17.28,7.95,44.20,28.00
411.28,0,,82.00,27.99,4,-2,81.79,17.20,7.96,44.13,27.91
411.40,0,,81.85,27.97,4,-2,82.12,17.29,7.94,44.20,28.02
411.49,0,,81.91,27.98,2,-1,82.10,17.33,7.99,44.29,28.01
411.58,0,,82.18,27.99,2,-1,83.27,17.32,8.04,44.33,27.95
411.67,0,,82.51,27.98,0,1,81.99,17.30,8.00,44.27,27.97
411.79,0,,82.66,27.97,0,2,83.24,17.33,8.00,44.30,28.00
411.91,0,,82.73,27.99,0,2,82.39,17.53,8.06,44.56,28.14
411.97,0,,82.67,28.06,0,2,82.33,17.63,8.10,44.70,28.20
412.09,0,,82.46,28.12,0,2,82.16,17.51,8.14,44.62,28.04
412.18,0,,82.29,28.11,0,2,82.35,17.35,8.07,44.39,27.95
412.27,0,,82.23,28.02,0,2,82.15,17.17,7.94,44.08,27.90
412.39,0,,81.95,27.90,1,0,80.34,17.00,8.08,44.05,27.59
412.48,0,,81.43,27.70,2,-1,81.59,16.87,8.27,44.11,27.27
412.57,0,,81.31,27.48,4,-2,82.34,16.90,8.11,43.98,27.46
412.69,0,,81.73,27.42,4,-2,82.48,17.02,7.96,43.95,27.73
412.78,0,,82.17,27.53,4,-2,82.10,16.94,7.87,43.78,27.74
412.90,0,,82.37,27.68,4,-2,82.64,16.88,7.71,43.56,27.84
412.99,0,,82.53,27.79,1,0,82.91,16.81,7.61,43.39,27.87
413.08,0,,82.70,27.83,0,1,82.59,16.36,7.36,42.69,27.67
413.17,0,,82.79,27.78,0,1,83.03,16.01,7.03,42.01,27.65
413.29,0,,82.90,27.69,0,2,83.20,15.92,6.97,41.86,27.62
413.41,0,,82.98,27.63,0,2,82.53,15.89,6.95,41.81,27.61
413.47,0,,82.80,27.61,0,2,82.10,16.03,6.97,41.97,27.73
413.59,0,,82.55,27.64,0,2,82.95,16.11,7.11,42.19,27.67
413.74,0,,82.65,27.67,0,2,83.48,16.15,7.13,42.25,27.69
413.77,0,,82.90,27.71,0,1,82.36,16.34,7.15,42.46,27.86
413.89,0,,82.95,27.77,0,1,83.30,16.40,7.20,42.57,27.87
413.98,0,,82.90,27.83,0,2,82.37,16.34,7.15,42.46,27.86
414.10,0,,82.86,27.86,1,0,83.38,16.28,7.12,42.37,27.83
414.19,0,,82.98,27.84,1,0,83.30,16.18,7.07,42.22,27.78
414.28,0,,83.16,27.80,0,1,83.09,16.02,6.99,41.98,27.70
414.40,0,,83.18,27.72,0,2,82.93,15.80,6.91,41.68,27.56
414.49,0,,83.07,27.64,0,2,82.92,15.80,6.88,41.65,27.59
414.58,0,,83.00,27.58,0,2,83.20,15.74,6.82,41.53,27.59
414.67,0,,82.99,27.55,0,2,82.77,15.47,6.71,41.15,27.43
414.79,0,,82.97,27.49,0,1,83.09,15.47,6.74,41.18,27.40
414.91,0,,82.97,27.43,0,1,82.96,15.50,6.77,41.24,27.40
414.97,0,,83.03,27.38,0,2,83.36,15.39,6.72,41.08,27.34
415.09,0,,83.13,27.35,0,1,83.04,15.35,6.72,41.04,27.30
415.18,0,,83.07,27.30,0,1,82.44,15.31,6.76,41.04,27.22
415.27,0,,82.79,27.27,2,-1,82.33,15.42,6.76,41.15,27.33
415.39,0,,82.51,27.28,2,-1,82.49,15.46,6.75,41.18,27.38
415.48,0,,82.39,27.32,4,-2,82.41,15.39,6.76,41.12,27.30
415.57,0,,82.30,27.33,4,-2,81.82,15.45,6.76,41.18,27.36
415.69,0,,82.16,27.33,4,-2,82.22,15.45,6.79,41.21,27.33
415.78,0,,82.26,27.33,4,-2,83.51,15.45,6.79,41.21,27.33
415.90,0,,82.62,27.33,4,-2,82.32,15.46,6.78,41.21,27.35
415.99,0,,82.74,27.32,4,-2,82.53,15.39,6.81,41.17,27.25
416.14,0,,82.69,27.30,2,-1,82.90,15.44,6.80,41.21,27.31
416.17,0,,82.72,27.30,2,-1,82.82,15.49,6.82,41.28,27.34
416.29,0,,82.79,27.30,0,2,82.78,15.48,6.87,41.32,27.28
416.41,0,,82.73,27.31,0,2,82.18,15.55,6.89,41.41,27.33
416.47,0,,82.52,27.30,0,2,82.36,15.58,7.00,41.55,27.25
416.59,0,,82.37,27.29,0,1,82.47,15.66,7.04,41.67,27.29
416.68,0,,82.42,27.29,2,-1,82.83,15.79,7.03,41.79,27.43
416.77,0,,82.49,27.33,4,-2,82.04,15.77,7.12,41.86,27.32
416.89,0,,82.37,27.35,4,-2,81.93,15.78,7.12,41.87,27.33
416.98,0,,82.16,27.36,2,-1,82.27,15.95,7.13,42.05,27.49
417.07,0,,82.11,27.41,4,-2,82.18,16.08,7.25,42.30,27.50
417.19,0,,82.17,27.46,4,-2,82.36,16.10,7.30,42.37,27.47
417.28,0,,82.20,27.47,4,-2,81.92,16.05,7.31,42.33,27.41
417.40,0,,82.16,27.45,4,-2,82.21,16.05,7.29,42.31,27.43
417.49,0,,82.08,27.44,4,-2,81.77,16.14,7.31,42.42,27.50
417.58,0,,82.00,27.45,4,-2,82.10,16.20,7.41,42.58,27.46
417.67,0,,81.95,27.46,4,-2,81.84,16.21,7.43,42.61,27.45
417.79,0,,81.96,27.45,4,-2,82.17,16.17,7.45,42.59,27.39
417.91,0,,82.11,27.42,4,-2,82.75,16.19,7.47,42.63,27.39
417.97,0,,82.22,27.41,2,-1,81.35,16.29,7.47,42.73,27.49
418.09,0,,82.07,27.42,1,0,82.06,16.29,7.55,42.81,27.41
418.18,0,,81.95,27.42,2,-1,82.20,16.28,7.55,42.80,27.40
418.27,0,,81.95,27.42,2,-1,81.60,16.32,7.53,42.82,27.46
418.39,0,,81.89,27.42,2,-1,81.97,16.32,7.60,42.89,27.39
418.51,0,,81.90,27.42,2,-1,82.23,16.46,7.63,43.06,27.50
418.57,0,,81.98,27.45,2,-1,81.77,16.55,7.68,43.20,27.54
418.69,0,,81.92,27.48,2,-1,81.55,16.49,7.73,43.19,27.43
418.78,0,,81.86,27.49,2,-1,82.45,16.58,7.75,43.30,27.50
418.90,0,,81.94,27.49,2,-1,81.75,16.71,7.81,43.49,27.57
418.99,0,,81.95,27.53,2,-1,81.75,16.77,7.83,43.57,27.61
419.08,0,,81.83,27.57,2,-1,81.59,16.80,7.88,43.65,27.59
419.17,0,,81.72,27.58,2,-1,81.78,16.78,7.93,43.68,27.52
419.32,0,,81.76,27.56,2,-1,82.24,16.79,7.94,43.70,27.52
419.41,0,,81.84,27.54,2,-1,81.36,16.91,7.99,43.87,27.59
419.47,0,,81.80,27.54,2,-1,81.91,16.93,8.04,43.94,27.56
419.59,0,,81.76,27.55,2,-1,81.79,16.93,8.04,43.94,27.56
419.68,0,,81.70,27.57,2,-1,81.17,17.09,8.09,44.15,27.67
419.77,0,,81.66,27.62,2,-1,82.53,17.32,8.26,44.55,27.73
419.89,0,,81.78,27.70,2,-1,81.40,17.58,8.38,44.93,27.87
419.98,0,,81.79,27.80,2,-1,81.65,17.73,8.44,45.14,27.96
420.07,0,,81.66,27.90,2,-1,81.42,17.89,8.57,45.43,27.99
420.19,0,,81.61,28.00,2,-1,82.07,18.21,8.66,45.84,28.22
420.28,0,,81.77,28.12,2,-1,82.15,18.44,8.73,46.14,28.38
420.40,0,,81.93,28.25,2,-1,81.62,18.30,8.74,46.01,28.23
420.49,0,,81.96,28.28,0,1,82.23,18.12,8.61,45.70,28.18
420.58,0,,82.00,28.26,0,2,82.02,18.22,8.57,45.76,28.32
420.67,0,,82.04,28.26,0,2,81.95,18.19,8.57,45.73,28.29
420.79,0,,82.01,28.27,0,2,81.97,18.02,8.43,45.42,28.26
420.91,0,,82.01,28.27,0,2,82.16,17.92,8.35,45.24,28.24
420.97,0,,82.10,28.24,0,2,82.50,17.94,8.40,45.31,28.21
421.09,0,,82.31,28.22,0,2,82.62,17.98,8.42,45.37,28.23
421.18,0,,82.45,28.22,0,2,82.12,17.88,8.32,45.17,28.23
421.27,0,,82.44,28.24,0,2,82.57,17.96,8.23,45.16,28.40
421.39,0,,82.46,28.31,0,2,82.64,18.05,8.29,45.31,28.43
421.48,0,,82.52,28.37,0,2,82.45,17.86,8.22,45.05,28.31
421.57,0,,82.54,28.37,0,2,82.55,17.84,8.16,44.97,28.35
421.69,0,,82.58,28.35,0,2,82.86,17.84,8.17,44.98,28.34
421.78,0,,82.66,28.33,0,2,82.59,17.71,8.07,44.75,28.31
421.90,0,,82.72,28.31,0,2,82.85,17.70,8.12,44.79,28.25
421.99,0,,82.77,28.27,0,2,82.87,17.68,8.14,44.79,28.21
422.08,0,,82.82,28.24,0,2,82.77,17.69,8.06,44.72,28.30
422.17,0,,82.78,28.26,0,2,82.44,17.74,8.06,44.77,28.35
422.29,0,,82.66,28.29,0,2,82.63,17.69,8.09,44.75,28.27
422.41,0,,82.70,28.30,0,1,83.53,17.69,8.10,44.76,28.26
422.47,0,,82.93,28.30,0,1,82.72,17.81,8.09,44.87,28.39
422.59,0,,82.93,28.32,0,1,82.25,17.83,8.14,44.94,28.36
422.68,0,,82.73,28.35,0,1,82.97,17.80,8.11,44.88,28.36
422.77,0,,82.75,28.38,1,0,83.36,17.92,8.06,44.95,28.53
422.92,0,,82.92,28.44,1,0,82.57,17.95,8.12,45.04,28.50
422.98,0,,82.93,28.48,0,2,82.90,17.95,8.20,45.12,28.42
423.07,0,,82.96,28.47,0,2,83.55,18.00,8.20,45.17,28.47
423.19,0,,83.23,28.47,0,2,83.83,18.04,8.15,45.16,28.56
423.28,0,,83.41,28.51,0,2,82.57,18.11,8.19,45.27,28.59
423.40,0,,83.27,28.56,0,2,83.20,18.15,8.23,45.35,28.59
423.49,0,,83.06,28.59,0,2,82.79,18.20,8.22,45.39,28.65
423.58,0,,82.91,28.62,0,2,82.77,18.20,8.23,45.40,28.64
423.67,0,,82.86,28.62,0,1,83.21,18.14,8.26,45.37,28.55
423.79,0,,83.07,28.60,0,1,83.94,18.19,8.27,45.43,28.59
423.91,0,,83.35,28.59,0,1,82.91,18.30,8.28,45.55,28.69
423.97,0,,83.42,28.64,0,1,83.59,18.34,8.23,45.54,28.78
424.09,0,,83.47,28.71,0,1,83.79,18.34,8.23,45.54,28.78
424.18,0,,83.52,28.76,0,1,83.02,18.34,8.25,45.56,28.76
424.27,0,,83.44,28.77,0,1,83.54,18.35,8.24,45.56,28.78
424.42,0,,83.33,28.78,0,2,82.99,18.42,8.29,45.68,28.80
424.48,0,,83.27,28.79,0,1,83.55,18.43,8.30,45.70,28.80
424.57,0,,83.37,28.79,0,1,83.87,18.40,8.27,45.64,28.80
424.69,0,,83.43,28.79,0,1,82.48,18.38,8.32,45.67,28.73
424.78,0,,83.27,28.76,0,1,83.57,18.38,8.34,45.69,28.71
424.90,0,,83.21,28.74,0,1,83.35,18.49,8.30,45.76,28.86
424.99,0,,83.19,28.79,4,-2,82.53,18.50,8.25,45.72,28.92
425.08,0,,82.99,28.84,4,-2,82.88,18.44,8.28,45.69,28.83
425.17,0,,82.77,28.86,4,-2,82.38,18.47,8.32,45.76,28.82
425.29,0,,82.66,28.85,4,-2,83.11,18.51,8.34,45.82,28.84
425.41,0,,82.76,28.83,4,-2,83.04,18.53,8.37,45.87,28.83
425.47,0,,82.94,28.82,4,-2,83.03,18.50,8.37,45.84,28.80
425.59,0,,83.19,28.81,4,-2,84.19,18.52,8.34,45.83,28.85
425.68,0,,83.52,28.82,1,0,83.32,18.60,8.38,45.95,28.89
425.77,0,,83.59,28.86,0,2,83.10,18.63,8.39,45.99,28.91
425.92,0,,83.42,28.89,0,2,83.38,18.63,8.39,45.99,28.91
425.98,0,,83.29,28.90,0,2,83.20,18.61,8.44,46.02,28.84
426.07,0,,83.25,28.88,0,2,83.30,18.64,8.42,46.03,28.89
426.19,0,,83.20,28.88,0,2,82.90,18.70,8.40,46.07,28.97
426.28,0,,83.11,28.91,0,1,83.13,18.77,8.49,46.23,28.95
426.40,0,,83.09,28.94,2,-1,83.34,18.78,8.53,46.28,28.92
426.49,0,,83.18,28.94,4,-2,83.27,18.73,8.47,46.17,28.93
426.58,0,,83.16,28.94,1,0,82.52,18.80,8.47,46.24,29.00
426.67,0,,83.10,28.96,4,-2,83.90,18.89,8.54,46.40,29.02
426.79,0,,83.16,28.98,2,-1,82.63,18.89,8.62,46.48,28.94
426.91,0,,83.09,28.97,2,-1,82.83,18.89,8.60,46.46,28.96
426.97,0,,82.93,28.97,2,-1,83.03,18.93,8.58,46.48,29.02
427.09,0,,82.88,28.98,2,-1,82.78,18.99,8.65,46.61,29.01
427.18,0,,82.81,29.01,4,-2,82.46,19.05,8.65,46.67,29.07
427.27,0,,82.72,29.04,4,-2,83.07,19.07,8.64,46.68,29.10
427.42,0,,82.71,29.07,4,-2,82.33,19.02,8.67,46.66,29.02
427.48,0,,82.82,29.07,2,-1,83.98,19.06,8.66,46.69,29.07
427.57,0,,83.20,29.07,1,0,83.70,19.14,8.65,46.76,29.16
427.69,0,,83.54,29.09,0,1,83.19,19.14,8.74,46.85,29.07
427.78,0,,83.46,29.09,0,2,82.75,19.12,8.76,46.85,29.03
427.90,0,,83.13,29.08,0,2,82.84,19.16,8.68,46.81,29.15
427.99,0,,82.90,29.09,0,2,83.00,19.13,8.71,46.81,29.09
428.08,0,,82.85,29.10,0,1,82.84,19.17,8.75,46.89,29.09
428.17,0,,82.91,29.11,0,1,83.32,19.30,8.77,47.04,29.20
428.29,0,,82.98,29.13,1,0,82.55,19.24,8.83,47.04,29.08
428.41,0,,82.96,29.12,2,-1,83.24,19.20,8.79,46.96,29.08
428.47,0,,82.94,29.10,2,-1,82.69,19.30,8.80,47.07,29.17
428.59,0,,82.96,29.12,2,-1,83.27,19.32,8.83,47.12,29.16
428.68,0,,83.01,29.14,2,-1,82.98,19.36,8.85,47.18,29.18
428.77,0,,83.07,29.17,0,1,83.15,19.41,8.86,47.24,29.22
428.92,0,,83.08,29.20,0,1,82.95,19.38,8.84,47.19,29.21
428.98,0,,83.05,29.21,0,1,83.00,19.39,8.89,47.25,29.17
429.07,0,,82.90,29.20,1,0,82.19,19.50,8.92,47.39,29.25
429.19,0,,82.72,29.21,1,0,83.15,19.47,8.91,47.35,29.23
429.28,0,,82.70,29.22,1,0,82.62,19.41,8.88,47.26,29.20
429.40,0,,82.81,29.22,1,0,83.25,19.43,8.88,47.28,29.22
429.49,0,,82.90,29.21,1,0,82.65,19.48,8.90,47.35,29.25
429.58,0,,82.88,29.23,1,0,82.69,19.56,8.94,47.47,29.29
429.67,0,,82.74,29.25,2,-1,82.46,19.56,9.00,47.53,29.23
429.79,0,,82.60,29.23,4,-2,82.58,19.46,9.02,47.45,29.11
429.91,0,,82.42,29.17,4,-2,81.67,19.39,9.04,47.40,29.02
429.97,0,,82.21,29.11,4,-2,82.56,19.53,9.00,47.50,29.20
430.09,0,,82.18,29.12,4,-2,82.27,19.54,9.00,47.51,29.21
430.18,0,,82.34,29.14,4,-2,82.90,19.37,9.07,47.41,28.97
430.27,0,,82.68,29.11,4,-2,83.58,19.56,9.02,47.55,29.21
430.42,0,,83.04,29.11,2,-1,82.70,19.55,9.09,47.61,29.13
430.48,0,,82.98,29.10,0,1,81.98,19.43,9.19,47.59,28.91
430.57,0,,82.56,29.08,0,2,82.19,19.76,9.13,47.86,29.30
430.69,0,,82.13,29.07,0,1,81.44,19.46,9.28,47.71,28.85
430.78,0,,81.88,28.96,2,-1,82.46,19.00,9.22,47.19,28.45
430.90,0,,82.03,28.82,4,-2,82.83,19.40,8.76,47.13,29.31
430.99,0,,82.38,28.96,4,-2,82.32,19.42,8.57,46.96,29.52
431.08,0,,82.54,29.21,4,-2,82.56,19.01,8.52,46.50,29.16
431.17,0,,82.56,29.30,4,-2,82.52,18.87,8.39,46.23,29.15
431.29,0,,82.62,29.20,2,-1,83.09,18.54,8.38,45.89,28.83
431.41,0,,82.77,29.00,2,-1,82.79,18.36,8.32,45.65,28.71
431.47,0,,82.92,28.86,0,2,83.29,18.65,8.24,45.86,29.08
431.59,0,,83.06,28.85,0,2,83.08,18.45,8.27,45.69,28.85
431.68,0,,83.14,28.83,0,2,83.11,18.09,8.26,45.32,28.50
431.77,0,,83.04,28.73,0,2,82.34,18.24,8.13,45.34,28.78
431.92,0,,82.78,28.65,0,2,82.58,17.88,8.08,44.93,28.47
432.01,0,,82.63,28.53,0,1,83.03,17.57,8.10,44.64,28.14
432.07,0,,82.73,28.40,0,1,82.94,17.95,7.98,44.90,28.64
432.19,0,,82.86,28.40,1,0,82.81,17.71,7.92,44.60,28.46
432.28,0,,82.90,28.41,0,1,82.91,17.36,7.93,44.26,28.10
432.40,0,,82.90,28.34,0,1,82.90,17.63,7.84,44.44,28.46
432.49,0,,82.91,28.34,2,-1,82.97,17.66,7.87,44.50,28.46
432.58,0,,82.93,28.39,2,-1,82.93,17.63,7.95,44.55,28.35
432.67,0,,82.96,28.41,0,1,83.09,17.72,7.92,44.61,28.47
432.79,0,,82.99,28.38,0,1,82.88,17.36,7.93,44.26,28.10
432.91,0,,83.01,28.24,0,1,83.24,17.09,7.90,43.96,27.86
432.97,0,,82.99,28.08,0,1,82.44,17.34,7.75,44.06,28.26
433.09,0,,82.87,28.05,0,1,83.01,17.23,7.82,44.02,28.08
433.18,0,,82.82,28.03,1,0,82.89,17.03,7.96,43.96,27.74
433.27,0,,82.84,27.98,0,1,82.69,17.39,7.84,44.20,28.22
433.42,0,,82.85,28.01,0,1,83.14,17.29,7.86,44.12,28.10
433.48,0,,82.90,28.04,1,0,82.79,17.07,7.95,43.99,27.79
433.57,0,,82.94,28.03,1,0,83.08,17.48,7.83,44.28,28.32
433.69,0,,82.95,28.08,1,0,82.82,17.29,7.84,44.10,28.12
433.78,0,,82.86,28.08,1,0,82.33,16.92,7.93,43.82,27.66
433.90,0,,82.66,27.97,2,-1,82.63,17.26,7.81,44.04,28.12
433.99,0,,82.67,27.97,2,-1,83.53,17.31,7.79,44.07,28.19
434.08,0,,82.87,28.05,1,0,82.49,17.25,7.87,44.09,28.05
434.17,0,,82.80,28.09,1,0,82.04,17.34,7.90,44.21,28.11
434.29,0,,82.44,28.06,1,0,82.03,17.12,8.00,44.09,27.79
434.41,0,,82.23,27.95,4,-2,82.75,17.08,8.00,44.05,27.75
434.47,0,,82.33,27.87,4,-2,82.59,17.42,7.92,44.31,28.17
434.59,0,,82.40,27.93,4,-2,81.72,17.37,8.02,44.36,28.02
434.68,0,,82.34,27.96,4,-2,82.98,17.10,8.12,44.19,27.65
434.77,0,,82.35,27.90,4,-2,81.88,17.34,7.97,44.28,28.04
434.92,0,,82.40,27.89,4,-2,83.00,17.25,7.98,44.20,27.94
434.98,0,,82.47,27.88,2,-1,82.16,17.04,8.09,44.10,27.62
435.10,0,,82.45,27.85,2,-1,82.27,17.46,8.01,44.44,28.12
435.19,0,,82.41,27.88,2,-1,82.84,17.30,8.10,44.37,27.87
435.28,0,,82.50,27.87,0,1,82.45,17.10,8.18,44.25,27.59
435.40,0,,82.59,27.83,0,1,82.81,17.55,8.03,44.55,28.19
435.49,0,,82.67,27.93,0,1,82.71,17.56,8.06,44.59,28.17
435.58,0,,82.74,28.05,0,2,82.84,17.47,8.16,44.60,27.98
435.67,0,,82.68,28.08,0,2,81.98,17.58,8.21,44.76,28.04
435.79,0,,82.52,28.02,0,1,82.78,17.36,8.26,44.59,27.77
435.91,0,,82.46,27.90,0,1,82.47,17.27,8.26,44.50,27.68
435.97,0,,82.45,27.81,1,0,82.11,17.62,8.20,44.79,28.09
436.09,0,,82.38,27.86,2,-1,82.63,17.59,8.30,44.86,27.96
436.18,0,,82.39,27.91,2,-1,82.38,17.39,8.36,44.72,27.70
436.27,0,,82.40,27.90,4,-2,82.19,17.72,8.24,44.93,28.15
436.42,0,,82.27,27.94,4,-2,81.84,17.58,8.34,44.89,27.91
436.48,0,,82.08,27.92,4,-2,82.02,17.29,8.41,44.67,27.55
436.57,0,,81.98,27.83,4,-2,82.12,17.65,8.24,44.86,28.08
436.69,0,,82.07,27.85,4,-2,82.56,17.54,8.30,44.81,27.91
436.78,0,,82.25,27.86,4,-2,82.18,17.26,8.36,44.59,27.57
436.90,0,,82.30,27.81,2,-1,82.10,17.52,8.21,44.70,27.98
436.99,0,,82.09,27.83,2,-1,81.14,17.57,8.24,44.78,28.00
437.08,0,,81.79,27.90,2,-1,82.11,17.49,8.31,44.77,27.85
437.17,0,,81.75,27.92,4,-2,82.10,17.51,8.28,44.76,27.90
437.29,0,,81.85,27.88,4,-2,81.56,17.38,8.33,44.68,27.72
437.41,0,,81.87,27.79,4,-2,82.12,17.28,8.37,44.62,27.58
437.47,0,,81.87,27.68,4,-2,81.65,17.33,8.31,44.61,27.69
437.59,0,,81.75,27.65,4,-2,81.18,17.41,8.29,44.67,27.79
437.68,0,,81.60,27.70,4,-2,82.08,17.41,8.32,44.70,27.76
437.77,0,,81.61,27.72,4,-2,81.47,17.29,8.34,44.60,27.62
437.92,0,,81.63,27.69,4,-2,81.58,17.27,8.36,44.60,27.58
437.98,0,,81.53,27.63,4,-2,81.04,17.30,8.33,44.60,27.64
438.07,0,,81.35,27.60,4,-2,81.32,17.27,8.36,44.60,27.58
438.19,0,,81.24,27.59,4,-2,81.22,17.24,8.34,44.55,27.57
438.28,0,,81.18,27.57,4,-2,81.00,17.19,8.28,44.44,27.58
438.40,0,,81.14,27.56,4,-2,81.32,17.17,8.35,44.49,27.49
438.49,0,,81.25,27.53,4,-2,81.86,17.21,8.33,44.51,27.55
438.58,0,,81.47,27.53,4,-2,81.40,17.22,8.33,44.52,27.56
438.67,0,,81.60,27.52,2,-1,81.79,17.19,8.42,44.58,27.44
438.79,0,,81.51,27.49,1,0,80.41,17.20,8.46,44.63,27.41
438.91,0,,81.15,27.45,1,0,80.90,17.26,8.48,44.71,27.45
438.97,0,,80.95,27.44,4,-2,81.56,17.32,8.47,44.76,27.52
439.09,0,,81.03,27.47,4,-2,80.85,17.35,8.51,44.83,27.51
439.18,0,,81.13,27.49,2,-1,81.38,17.39,8.57,44.93,27.49
439.27,0,,81.08,27.50,2,-1,80.36,17.38,8.55,44.90,27.50
439.42,0,,80.94,27.48,4,-2,81.26,17.27,8.57,44.81,27.37
439.48,0,,81.07,27.44,4,-2,82.15,17.30,8.58,44.85,27.39
439.57,0,,81.45,27.41,4,-2,81.35,17.37,8.54,44.88,27.50
439.69,0,,81.51,27.42,0,1,80.64,17.28,8.56,44.81,27.39
439.78,0,,81.17,27.41,0,2,80.71,17.17,8.56,44.70,27.28
439.90,0,,80.91,27.35,1,0,81.33,17.15,8.50,44.62,27.32
439.99,0,,81.07,27.32,2,-1,82.01,17.20,8.48,44.65,27.39
440.08,0,,81.24,27.35,1,0,79.88,17.31,8.49,44.77,27.49
440.17,0,,80.94,27.40,2,-1,80.52,17.26,8.58,44.81,27.35
440.29,0,,80.66,27.39,2,-1,81.31,17.21,8.59,44.77,27.29
440.41,0,,80.85,27.35,2,-1,81.50,17.27,8.56,44.80,27.38
440.47,0,,81.15,27.34,2,-1,81.03,17.29,8.59,44.85,27.37
440.59,0,,81.32,27.36,2,-1,81.67,17.39,8.60,44.96,27.46
440.68,0,,81.44,27.40,1,0,81.45,17.40,8.62,44.99,27.45
440.77,0,,81.48,27.42,0,1,81.24,17.31,8.64,44.92,27.34
440.92,0,,81.38,27.41,0,1,81.17,17.36,8.64,44.97,27.39
440.98,0,,81.22,27.39,0,2,80.94,17.42,8.68,45.07,27.41
441.07,0,,81.17,27.39,0,2,81.81,17.48,8.74,45.19,27.41
441.19,0,,81.26,27.39,0,2,80.90,17.51,8.80,45.28,27.38
441.28,0,,81.29,27.39,0,1,81.50,17.52,8.81,45.30,27.38
441.40,0,,81.28,27.39,1,0,81.12,17.57,8.80,45.34,27.44
441.49,0,,81.23,27.41,2,-1,81.06,17.66,8.83,45.46,27.50
441.58,0,,81.13,27.46,1,0,81.00,17.75,8.88,45.60,27.54
441.67,0,,81.13,27.51,2,-1,81.70,17.71,8.86,45.54,27.52
441.79,0,,81.21,27.52,2,-1,80.70,17.57,8.79,45.33,27.45
441.91,0,,81.16,27.48,2,-1,81.21,17.48,8.76,45.21,27.39
441.97,0,,81.02,27.44,2,-1,80.58,17.52,8.74,45.23,27.45
442.09,0,,80.91,27.42,2,-1,81.14,17.55,8.74,45.26,27.48
442.18,0,,80.96,27.43,4,-2,81.44,17.49,8.78,45.24,27.38
442.27,0,,81.11,27.40,2,-1,80.83,17.44,8.79,45.20,27.32
442.42,0,,81.13,27.37,2,-1,81.19,17.47,8.75,45.19,27.39
442.48,0,,81.12,27.37,2,-1,81.22,17.59,8.77,45.33,27.49
442.57,0,,81.17,27.42,1,0,81.20,17.64,8.82,45.43,27.49
442.69,0,,81.16,27.46,1,0,80.91,17.60,8.82,45.39,27.45
442.78,0,,81.09,27.47,1,0,81.11,17.60,8.85,45.42,27.42
442.90,0,,81.08,27.44,1,0,81.25,17.60,8.86,45.43,27.41
442.99,0,,81.08,27.42,2,-1,80.77,17.58,8.85,45.40,27.40
443.08,0,,81.09,27.40,1,0,81.57,17.67,8.94,45.58,27.40
443.17,0,,81.18,27.40,1,0,81.13,17.80,8.97,45.74,27.50
443.29,0,,81.20,27.45,1,0,80.89,17.80,8.93,45.70,27.54
443.41,0,,81.07,27.51,2,-1,80.81,17.90,8.96,45.83,27.61
443.47,0,,80.97,27.60,2,-1,81.33,18.15,9.00,46.12,27.82
443.59,0,,80.99,27.72,2,-1,80.78,18.33,9.07,46.37,27.93
443.68,0,,81.09,27.84,2,-1,81.80,18.34,9.12,46.43,27.89
443.77,0,,81.24,27.90,1,0,80.90,18.27,9.09,46.33,27.85
443.92,0,,81.30,27.91,1,0,81.56,18.39,9.09,46.45,27.97
443.98,0,,81.34,27.95,1,0,81.31,18.75,9.21,46.93,28.21
444.07,0,,81.39,28.08,0,1,81.51,18.93,9.25,47.15,28.35
444.19,0,,81.36,28.24,0,2,80.91,18.92,9.25,47.14,28.34
444.28,0,,81.34,28.34,0,2,82.02,18.96,9.24,47.17,28.39
444.40,0,,81.41,28.41,0,2,80.99,19.07,9.18,47.22,28.56
444.49,0,,81.39,28.49,0,2,81.29,19.15,9.19,47.31,28.63
444.58,0,,81.40,28.58,0,1,82.11,19.18,9.21,47.36,28.64
444.67,0,,81.61,28.63,0,1,81.72,19.21,9.20,47.38,28.68
444.79,0,,81.76,28.67,0,1,81.56,19.29,9.27,47.53,28.69
444.91,0,,81.74,28.70,0,1,81.79,19.44,9.33,47.74,28.78
444.97,0,,81.68,28.75,0,2,81.40,19.49,9.30,47.76,28.86
445.09,0,,81.71,28.81,0,2,82.48,19.44,9.26,47.67,28.85
445.18,0,,81.85,28.85,0,2,81.52,19.47,9.26,47.70,28.88
445.27,0,,81.78,28.86,0,2,81.03,19.46,9.32,47.75,28.81
445.42,0,,81.44,28.84,0,1,81.12,19.49,9.35,47.81,28.81
445.48,0,,81.21,28.84,2,-1,81.48,19.57,9.31,47.85,28.93
445.57,0,,81.15,28.86,4,-2,80.79,19.60,9.37,47.94,28.90
445.69,0,,81.08,28.87,4,-2,81.15,19.39,9.31,47.67,28.75
445.78,0,,81.08,28.80,4,-2,81.40,18.82,8.95,46.74,28.54
445.90,0,,81.30,28.66,4,-2,82.03,18.28,8.45,45.70,28.50
445.99,0,,81.89,28.59,4,-2,83.76,18.11,7.95,45.03,28.83
446.08,0,,82.73,28.67,0,1,83.17,18.19,7.84,45.00,29.02
446.17,0,,83.22,28.84,0,2,82.78,18.41,8.13,45.51,28.95
446.26,0,,83.21,28.96,0,2,83.08,18.66,8.28,45.91,29.05
446.41,0,,83.08,29.05,0,2,82.95,18.86,8.29,46.12,29.24
446.47,0,,83.00,29.17,0,2,82.96,19.08,8.37,46.42,29.38
446.56,0,,82.89,29.29,0,2,82.43,19.10,8.35,46.42,29.42
446.68,0,,82.78,29.38,0,2,83.15,18.97,8.30,46.24,29.34
446.77,0,,82.69,29.37,0,2,81.96,18.84,8.33,46.14,29.18
446.92,0,,82.52,29.28,0,1,82.60,18.70,8.27,45.94,29.10
446.98,0,,82.51,29.17,0,2,83.21,18.60,8.13,45.70,29.14
447.07,0,,82.74,29.09,4,-2,82.77,18.21,7.97,45.15,28.91
447.16,0,,82.82,28.95,4,-2,82.37,17.60,7.73,44.30,28.54
447.28,0,,82.79,28.75,2,-1,83.34,17.48,7.60,44.05,28.55
447.40,0,,82.85,28.58,2,-1,82.61,17.50,7.65,44.12,28.52
447.46,0,,82.78,28.49,1,0,82.20,17.28,7.58,43.83,28.37
447.58,0,,82.59,28.41,0,1,82.81,17.11,7.48,43.56,28.30
447.67,0,,82.56,28.33,0,1,82.67,17.03,7.48,43.48,28.22
447.76,0,,82.65,28.26,1,0,82.87,17.04,7.48,43.49,28.23
447.91,0,,82.75,28.22,2,-1,82.81,17.04,7.45,43.46,28.26
447.97,0,,82.80,28.22,1,0,82.65,16.98,7.41,43.36,28.24
448.06,0,,82.72,28.23,2,-1,82.42,16.95,7.45,43.37,28.17
448.18,0,,82.69,28.20,2,-1,83.33,16.93,7.49,43.39,28.11
448.27,0,,82.78,28.16,2,-1,82.36,16.95,7.48,43.40,28.14
448.42,0,,82.80,28.13,1,0,83.08,16.98,7.52,43.47,28.13
448.48,0,,82.91,28.13,0,1,83.45,17.02,7.54,43.53,28.15
448.57,0,,83.02,28.14,0,1,82.26,17.08,7.54,43.59,28.21
448.66,0,,82.84,28.17,0,1,82.53,17.08,7.58,43.63,28.17
448.78,0,,82.56,28.17,0,1,82.24,17.06,7.61,43.64,28.12
448.90,0,,82.38,28.15,1,0,82.50,17.05,7.61,43.63,28.11
448.96,0,,82.38,28.12,2,-1,82.62,17.09,7.65,43.71,28.11
449.08,0,,82.47,28.11,4,-2,82.52,17.12,7.63,43.72,28.16
449.17,0,,82.48,28.12,4,-2,82.06,17.10,7.63,43.70,28.14
449.26,0,,82.39,28.12,4,-2,82.59,17.09,7.73,43.79,28.03
449.41,0,,82.41,28.09,4,-2,82.69,17.12,7.74,43.83,28.05
449.47,0,,82.55,28.07,4,-2,82.73,17.21,7.73,43.91,28.15
449.56,0,,82.59,28.08,2,-1,82.08,17.19,7.79,43.95,28.07
449.68,0,,82.47,28.08,2,-1,82.49,17.16,7.78,43.91,28.05
449.77,0,,82.36,28.08,2,-1,82.25,17.23,7.79,43.99,28.11
449.92,0,,82.36,28.08,2,-1,82.66,17.26,7.81,44.04,28.12
449.98,0,,82.48,28.10,2,-1,82.80,17.22,7.80,43.99,28.09
450.07,0,,82.54,28.08,1,0,81.82,17.15,7.88,44.00,27.94
450.16,0,,82.23,28.01,1,0,81.23,17.15,7.91,44.03,27.91
450.28,0,,81.74,27.94,4,-2,81.57,17.16,7.91,44.04,27.92
450.40,0,,81.51,27.90,4,-2,81.87,17.12,7.95,44.04,27.84
450.46,0,,81.65,27.87,4,-2,82.25,17.17,7.94,44.08,27.90
450.58,0,,81.96,27.88,4,-2,82.29,17.21,7.92,44.10,27.96
450.67,0,,82.12,27.91,4,-2,81.56,17.17,7.93,44.07,27.91
450.76,0,,81.96,27.91,4,-2,81.54,17.14,7.97,44.08,27.84
450.91,0,,81.73,27.88,4,-2,81.75,17.16,8.00,44.13,27.83
450.97,0,,81.60,27.85,4,-2,81.38,17.22,8.01,44.20,27.88
451.06,0,,81.52,27.84,4,-2,81.55,17.17,8.02,44.16,27.82
451.18,0,,81.63,27.83,4,-2,82.59,17.17,8.03,44.17,27.81
451.27,0,,81.89,27.82,1,0,81.55,17.21,8.08,44.26,27.80
451.42,0,,81.95,27.80,2,-1,81.77,17.19,8.11,44.27,27.75
451.48,0,,81.84,27.78,2,-1,81.80,17.29,8.13,44.39,27.83
451.57,0,,81.67,27.78,2,-1,80.90,17.28,8.16,44.41,27.79
451.66,0,,81.47,27.78,2,-1,81.93,17.20,8.17,44.34,27.70
451.78,0,,81.54,27.75,2,-1,82.07,17.26,8.18,44.41,27.75
451.90,0,,81.80,27.74,1,0,81.97,17.32,8.20,44.49,27.79
451.96,0,,81.91,27.76,0,1,81.44,17.35,8.22,44.54,27.80
452.08,0,,81.77,27.78,2,-1,81.53,17.38,8.27,44.62,27.78
452.17,0,,81.64,27.79,2,-1,81.87,17.42,8.30,44.69,27.79
452.26,0,,81.58,27.78,4,-2,81.07,17.46,8.36,44.79,27.77
452.41,0,,81.47,27.79,2,-1,81.62,17.68,8.48,45.13,27.87
452.50,0,,81.59,27.85,2,-1,82.73,17.97,8.56,45.50,28.08
452.56,0,,81.95,27.95,2,-1,81.80,18.02,8.59,45.58,28.10
452.68,0,,82.09,28.05,1,0,81.82,17.98,8.59,45.54,28.06
452.77,0,,81.96,28.07,0,1,81.63,17.91,8.60,45.48,27.98
452.92,0,,81.61,28.00,0,1,80.39,17.76,8.74,45.47,27.69
452.98,0,,81.09,27.85,1,0,80.81,17.89,8.91,45.77,27.65
453.07,0,,80.74,27.74,4,-2,80.72,18.12,8.88,45.97,27.91
453.16,0,,80.68,27.76,4,-2,80.99,18.06,8.84,45.87,27.89
453.28,0,,80.77,27.83,4,-2,80.81,18.04,8.91,45.92,27.80
453.40,0,,80.95,27.86,4,-2,81.68,18.01,8.71,45.69,27.97
453.46,0,,81.24,27.93,4,-2,81.48,17.87,8.34,45.18,28.20
453.58,0,,81.58,28.04,4,-2,82.28,17.54,8.13,44.64,28.08
453.67,0,,81.98,28.07,2,-1,82.62,16.95,7.79,43.71,27.83
453.76,0,,82.28,28.03,0,2,81.91,17.07,7.60,43.64,28.14
453.91,0,,82.32,28.05,0,2,82.36,17.41,7.76,44.14,28.32
453.97,0,,82.38,28.16,0,2,83.02,17.28,7.74,43.99,28.21
454.06,0,,82.59,28.24,0,2,82.60,17.36,7.73,44.06,28.30
454.18,0,,82.70,28.28,0,2,82.56,17.40,7.79,44.16,28.28
454.27,0,,82.61,28.29,0,2,82.17,17.40,7.75,44.12,28.32
454.42,0,,82.42,28.30,0,2,82.28,17.42,7.81,44.20,28.28
454.48,0,,82.23,28.28,0,2,81.91,17.34,7.82,44.13,28.19
454.57,0,,82.17,28.25,0,1,82.71,17.42,7.78,44.17,28.31
454.69,0,,82.32,28.26,0,2,82.68,17.47,7.81,44.25,28.33
454.78,0,,82.54,28.29,2,-1,82.55,17.47,7.85,44.29,28.29
454.90,0,,82.55,28.30,2,-1,82.03,17.47,7.85,44.29,28.29
454.99,0,,82.41,28.31,2,-1,82.52,17.55,7.79,44.31,28.43
455.08,0,,82.44,28.36,2,-1,83.07,17.58,7.80,44.35,28.45
455.17,0,,82.66,28.40,0,1,82.73,17.52,7.82,44.31,28.37
455.29,0,,82.77,28.43,0,2,82.46,17.69,7.80,44.46,28.56
455.41,0,,82.73,28.49,0,2,82.91,17.79,7.84,44.60,28.62
455.47,0,,82.66,28.55,0,2,82.16,17.64,7.82,44.43,28.49
455.59,0,,82.60,28.54,0,1,83.08,17.56,7.80,44.33,28.43
455.68,0,,82.63,28.50,0,2,82.45,17.70,7.84,44.51,28.53
455.77,0,,82.68,28.50,0,1,82.83,17.83,7.87,44.67,28.63
455.92,0,,82.74,28.54,0,1,83.00,17.70,7.84,44.51,28.53
455.98,0,,82.91,28.56,0,1,83.27,17.72,7.83,44.52,28.56
456.07,0,,83.09,28.57,0,1,83.15,17.93,7.92,44.82,28.68
456.19,0,,83.21,28.62,0,2,83.31,18.08,7.96,45.01,28.79
456.28,0,,83.23,28.72,0,2,82.95,18.19,7.99,45.15,28.87
456.40,0,,83.20,28.80,0,2,83.46,18.18,8.03,45.18,28.82
456.49,0,,83.19,28.84,0,1,82.93,18.19,8.01,45.17,28.85
456.58,0,,83.12,28.85,0,2,82.95,18.27,8.06,45.30,28.88
456.67,0,,82.93,28.87,0,2,82.34,18.36,8.10,45.43,28.93
456.79,0,,82.81,28.91,0,1,83.53,18.34,8.03,45.34,28.98
456.91,0,,82.98,28.93,2,-1,83.44,18.13,7.95,45.05,28.85
456.97,0,,83.27,28.90,2,-1,83.32,18.00,7.92,44.89,28.75
457.09,0,,83.27,28.83,0,1,82.38,18.04,7.88,44.89,28.83
457.18,0,,82.95,28.80,1,0,82.54,18.01,7.84,44.82,28.84
457.27,0,,82.72,28.79,2,-1,83.30,17.87,7.82,44.66,28.72
457.45,0,,82.85,28.76,2,-1,83.19,17.78,7.76,44.51,28.69
457.48,0,,83.05,28.72,2,-1,82.96,17.78,7.70,44.45,28.75
457.57,0,,83.17,28.72,0,1,83.58,17.80,7.68,44.45,28.79
457.69,0,,83.27,28.74,0,1,83.06,17.74,7.70,44.41,28.71
457.78,0,,83.25,28.73,0,1,83.06,17.65,7.69,44.31,28.63
457.90,0,,83.12,28.69,0,1,82.85,17.65,7.64,44.26,28.68
457.99,0,,83.01,28.67,0,1,83.13,17.68,7.65,44.30,28.70
458.08,0,,83.11,28.68,0,1,83.95,17.78,7.68,44.43,28.77
458.17,0,,83.37,28.72,0,2,83.16,17.82,7.71,44.50,28.78
458.29,0,,83.31,28.75,0,1,82.24,17.75,7.71,44.43,28.71
458.41,0,,82.95,28.75,0,1,82.99,17.76,7.70,44.43,28.73
458.47,0,,82.79,28.73,1,0,83.11,17.81,7.76,44.54,28.72
458.59,0,,82.90,28.73,4,-2,83.10,17.92,7.77,44.66,28.82
458.68,0,,83.07,28.77,2,-1,83.35,17.93,7.76,44.66,28.84
458.77,0,,83.19,28.80,1,0,83.05,17.85,7.80,44.62,28.72
458.92,0,,83.23,28.78,1,0,83.33,17.88,7.78,44.63,28.77
458.98,0,,83.21,28.76,1,0,82.98,17.91,7.79,44.67,28.79
459.07,0,,83.14,28.76,1,0,83.08,17.90,7.83,44.70,28.74
459.16,0,,83.09,28.74,1,0,83.15,17.85,7.82,44.64,28.70
459.28,0,,83.09,28.71,1,0,83.08,17.80,7.81,44.58,28.66
459.40,0,,83.12,28.68,1,0,83.28,17.82,7.82,44.61,28.67
459.46,0,,83.22,28.66,0,1,83.53,17.87,7.86,44.70,28.68
459.58,0,,83.27,28.67,1,0,82.70,17.90,7.84,44.71,28.73
459.67,0,,83.14,28.68,0,1,83.06,17.83,7.86,44.66,28.64
459.76,0,,83.13,28.67,1,0,83.93,17.80,7.88,44.65,28.59
459.91,0,,83.41,28.65,1,0,83.78,17.89,7.81,44.67,28.75
459.97,0,,83.54,28.68,0,2,82.51,17.94,7.83,44.74,28.78
460.09,0,,83.31,28.72,0,2,83.37,17.89,7.89,44.75,28.67
460.18,0,,83.05,28.71,0,1,82.51,17.82,7.87,44.66,28.62
460.27,0,,82.89,28.67,2,-1,83.11,17.86,7.86,44.69,28.67
460.42,0,,82.84,28.66,4,-2,82.77,17.93,7.85,44.75,28.75
460.48,0,,82.92,28.69,4,-2,83.44,17.93,7.85,44.75,28.75
460.57,0,,83.02,28.71,4,-2,82.62,17.85,7.89,44.71,28.63
460.69,0,,83.07,28.69,4,-2,83.60,17.81,7.85,44.63,28.63
460.78,0,,83.16,28.66,4,-2,83.03,17.83,7.77,44.57,28.73
460.90,0,,83.25,28.67,1,0,83.45,17.86,7.82,44.65,28.71
460.96,0,,83.27,28.69,1,0,83.04,17.88,7.88,44.73,28.67
461.08,0,,83.18,28.68,1,0,82.85,17.83,7.84,44.64,28.66
461.17,0,,83.06,28.66,1,0,83.24,17.78,7.81,44.56,28.64
461.29,0,,83.08,28.64,0,1,83.28,17.76,7.83,44.56,28.60
461.41,0,,83.04,28.61,0,1,82.20,17.80,7.88,44.65,28.59
461.47,0,,82.89,28.60,1,0,83.45,17.85,7.89,44.71,28.63
461.56,0,,82.96,28.61,1,0,83.26,17.84,7.83,44.64,28.68
461.68,0,,83.21,28.64,1,0,83.69,17.82,7.81,44.60,28.68
461.77,0,,83.40,28.66,1,0,83.14,17.86,7.85,44.68,28.68
461.92,0,,83.37,28.67,0,1,82.96,17.90,7.91,44.78,28.66
461.98,0,,83.18,28.67,1,0,83.09,17.88,7.88,44.73,28.67
462.07,0,,83.05,28.67,1,0,82.94,17.88,7.82,44.67,28.73
462.16,0,,82.95,28.69,1,0,82.77,17.88,7.84,44.69,28.71
462.28,0,,82.86,28.70,1,0,82.81,17.89,7.88,44.74,28.68
462.40,0,,82.82,28.70,2,-1,82.96,17.95,7.94,44.86,28.68
462.46,0,,82.88,28.68,4,-2,83.09,17.97,7.98,44.92,28.66
462.58,0,,83.04,28.67,1,0,83.44,17.94,7.94,44.85,28.67
462.67,0,,83.12,28.66,1,0,82.51,17.97,7.96,44.90,28.68
462.76,0,,82.92,28.66,2,-1,82.28,18.01,8.04,45.02,28.64
462.91,0,,82.58,28.66,2,-1,82.49,18.04,8.03,45.04,28.68
462.97,0,,82.45,28.66,4,-2,82.73,18.00,7.97,44.94,28.70
463.06,0,,82.60,28.67,4,-2,83.25,17.95,7.98,44.90,28.64
463.18,0,,82.78,28.67,2,-1,82.27,18.03,8.03,45.03,28.67
463.27,0,,82.80,28.66,2,-1,83.07,18.13,8.10,45.20,28.70
463.42,0,,82.75,28.68,2,-1,82.38,18.12,8.09,45.18,28.70
463.48,0,,82.77,28.69,2,-1,83.40,18.11,8.10,45.18,28.68
463.57,0,,82.84,28.68,2,-1,82.42,18.09,8.14,45.20,28.62
463.66,0,,82.77,28.65,0,1,82.46,18.12,8.15,45.24,28.64
463.78,0,,82.63,28.64,0,1,82.81,18.21,8.17,45.35,28.71
463.90,0,,82.70,28.67,0,1,83.29,18.27,8.17,45.41,28.77
463.96,0,,82.89,28.72,1,0,82.67,18.26,8.16,45.39,28.77
464.08,0,,82.85,28.75,1,0,82.26,18.27,8.20,45.44,28.74
464.17,0,,82.65,28.76,1,0,82.74,18.36,8.24,45.57,28.79
464.26,0,,82.56,28.78,2,-1,82.57,18.44,8.20,45.61,28.91
464.41,0,,82.58,28.83,2,-1,82.73,18.41,8.18,45.56,28.90
464.47,0,,82.62,28.87,2,-1,82.52,18.38,8.22,45.57,28.83
464.56,0,,82.65,28.87,2,-1,82.85,18.44,8.24,45.65,28.87
464.68,0,,82.75,28.86,2,-1,83.13,18.51,8.27,45.75,28.91
464.77,0,,82.88,28.88,2,-1,82.68,18.52,8.27,45.76,28.92
464.92,0,,82.98,28.90,0,1,83.48,18.53,8.25,45.75,28.95
464.98,0,,83.02,28.92,0,2,82.42,18.54,8.27,45.78,28.94
465.07,0,,82.97,28.94,0,2,83.32,18.61,8.29,45.87,28.99
465.16,0,,82.95,28.98,0,2,82.75,18.76,8.33,46.06,29.10
465.28,0,,82.89,29.04,0,2,82.57,18.87,8.44,46.28,29.10
465.40,0,,82.52,29.06,0,1,81.01,18.88,8.63,46.48,28.92
465.46,0,,82.00,29.00,1,0,82.28,18.89,8.72,46.58,28.84
465.58,0,,81.90,28.95,4,-2,82.76,18.99,8.53,46.49,29.13
465.67,0,,82.35,29.03,4,-2,83.45,19.04,8.28,46.29,29.43
465.76,0,,82.94,29.23,4,-2,83.28,19.04,8.19,46.20,29.52
465.91,0,,83.29,29.42,1,0,83.17,19.10,8.23,46.30,29.54
465.97,0,,83.30,29.52,1,0,82.93,19.03,8.26,46.26,29.44
466.06,0,,83.23,29.51,0,1,83.59,18.96,8.24,46.17,29.39
466.18,0,,83.33,29.47,0,2,83.72,19.07,8.22,46.26,29.52
466.27,0,,83.48,29.47,0,2,83.23,19.01,8.15,46.13,29.53
466.42,0,,83.43,29.48,0,2,83.00,18.82,8.08,45.87,29.41
466.48,0,,83.24,29.45,0,2,83.17,18.76,8.11,45.84,29.32
466.57,0,,83.22,29.38,0,2,83.81,18.75,8.14,45.86,29.28
466.66,0,,83.47,29.32,0,1,84.08,18.76,8.09,45.82,29.34
466.78,0,,83.73,29.30,0,1,83.36,18.71,8.03,45.71,29.35
466.90,0,,83.69,29.30,0,2,83.30,18.52,8.03,45.52,29.16
466.96,0,,83.53,29.24,0,2,83.67,18.40,7.98,45.35,29.09
467.08,0,,83.52,29.17,0,1,83.70,18.51,7.94,45.42,29.24
467.17,0,,83.64,29.16,0,1,83.97,18.60,8.05,45.62,29.22
467.26,0,,83.78,29.19,0,2,83.78,18.58,8.04,45.59,29.21
467.41,0,,83.86,29.21,0,2,83.85,18.53,7.98,45.48,29.22
467.47,0,,83.85,29.21,0,2,83.78,18.57,8.06,45.60,29.18
467.56,0,,83.77,29.21,0,2,83.34,18.66,8.05,45.68,29.28
467.68,0,,83.64,29.23,0,2,83.83,18.62,8.02,45.61,29.27
467.77,0,,83.57,29.25,0,1,83.29,18.61,8.07,45.65,29.21
467.92,0,,83.46,29.24,1,0,83.19,18.58,8.06,45.61,29.19
467.98,0,,83.36,29.21,2,-1,83.62,18.61,8.07,45.65,29.21
468.07,0,,83.43,29.22,4,-2,83.75,18.81,8.10,45.88,29.38
468.16,0,,83.52,29.28,4,-2,83.18,18.83,8.10,45.90,29.40
468.28,0,,83.43,29.34,4,-2,83.05,18.72,8.12,45.81,29.27
468.40,0,,83.28,29.33,4,-2,83.49,18.75,8.12,45.84,29.30
468.46,0,,83.25,29.32,4,-2,83.16,18.85,8.11,45.93,29.41
468.58,0,,83.27,29.35,4,-2,83.41,18.88,8.14,45.99,29.41
468.67,0,,83.38,29.38,2,-1,83.89,18.88,8.15,46.00,29.40
468.76,0,,83.55,29.39,1,0,83.36,18.87,8.15,45.99,29.39
468.91,0,,83.51,29.38,2,-1,82.94,18.79,8.18,45.94,29.28
468.97,0,,83.35,29.34,2,-1,83.65,18.85,8.19,46.01,29.33
469.06,0,,83.34,29.34,1,0,83.41,19.02,8.17,46.16,29.52
469.18,0,,83.43,29.40,0,1,83.62,18.96,8.18,46.11,29.45
469.27,0,,83.51,29.44,0,1,83.44,18.85,8.16,45.98,29.36
469.42,0,,83.61,29.43,0,1,84.20,18.92,8.13,46.02,29.46
469.48,0,,83.83,29.43,0,2,84.04,18.95,8.15,46.07,29.47
469.57,0,,83.95,29.44,0,2,83.55,18.85,8.13,45.95,29.39
469.66,0,,83.94,29.42,0,2,84.31,18.80,8.06,45.83,29.41
469.78,0,,83.89,29.42,0,2,83.25,18.92,8.04,45.93,29.55
469.90,0,,83.66,29.47,0,2,83.09,18.93,8.07,45.97,29.53
469.96,0,,83.32,29.50,0,1,83.10,18.92,8.13,46.02,29.46
470.08,0,,83.18,29.50,1,0,83.66,18.98,8.14,46.09,29.51
470.17,0,,83.31,29.49,4,-2,83.55,18.89,8.09,45.95,29.47
470.26,0,,83.48,29.48,4,-2,83.52,18.88,8.05,45.90,29.50
470.41,0,,83.56,29.49,4,-2,83.61,18.93,8.03,45.93,29.57
470.47,0,,83.62,29.51,4,-2,83.76,18.88,8.05,45.90,29.50
470.56,0,,83.64,29.52,2,-1,83.36,18.82,8.02,45.81,29.47
470.68,0,,83.60,29.48,1,0,83.73,18.70,7.97,45.64,29.40
470.77,0,,83.58,29.44,0,1,83.52,18.62,7.88,45.47,29.41
470.86,0,,83.55,29.41,0,1,83.32,18.61,7.88,45.46,29.40
470.98,0,,83.55,29.38,0,1,84.12,18.58,7.94,45.49,29.31
471.07,0,,83.72,29.35,0,1,83.91,18.57,7.90,45.44,29.34
471.16,0,,83.76,29.32,0,1,82.93,18.48,7.90,45.35,29.25
471.28,0,,83.56,29.28,0,1,83.63,18.45,7.88,45.30,29.24
471.40,0,,83.46,29.26,1,0,83.75,18.51,7.85,45.33,29.33
471.46,0,,83.50,29.27,2,-1,83.19,18.52,7.91,45.40,29.28
471.58,0,,83.46,29.28,1,0,83.50,18.51,7.90,45.38,29.28
471.67,0,,83.43,29.27,1,0,83.46,18.51,7.92,45.40,29.26
471.76,0,,83.50,29.27,2,-1,83.96,18.60,7.94,45.51,29.33
471.91,0,,83.66,29.30,2,-1,83.62,18.70,7.97,45.64,29.40
471.97,0,,83.76,29.34,1,0,83.90,18.70,8.01,45.68,29.36
472.06,0,,83.71,29.36,2,-1,83.02,18.65,7.98,45.60,29.34
472.18,0,,83.57,29.35,1,0,83.95,18.68,8.02,45.67,29.33
472.27,0,,83.59,29.35,1,0,83.77,18.78,8.06,45.81,29.39
472.36,0,,83.63,29.36,1,0,83.11,18.80,8.09,45.86,29.38
472.48,0,,83.50,29.36,1,0,83.50,18.72,8.10,45.79,29.29
472.57,0,,83.44,29.34,1,0,83.64,18.73,8.07,45.77,29.33
472.66,0,,83.43,29.33,1,0,83.04,18.82,8.05,45.84,29.44
472.78,0,,83.30,29.37,2,-1,83.04,18.87,8.07,45.91,29.47
472.90,0,,83.10,29.43,4,-2,82.81,18.87,8.09,45.93,29.45
472.96,0,,82.98,29.44,4,-2,83.25,18.79,8.08,45.84,29.38
473.08,0,,83.03,29.41,4,-2,83.22,18.72,8.08,45.77,29.31
473.17,0,,83.16,29.37,4,-2,83.30,18.80,8.05,45.82,29.42
473.26,0,,83.17,29.38,4,-2,82.64,18.87,8.08,45.92,29.46
473.41,0,,83.02,29.39,4,-2,82.91,18.79,8.17,45.93,29.29
473.47,0,,82.91,29.36,4,-2,83.13,18.72,8.13,45.82,29.26
473.56,0,,82.98,29.31,4,-2,83.22,18.73,8.08,45.78,29.32
473.68,0,,83.17,29.29,2,-1,83.61,18.78,8.12,45.87,29.33
473.77,0,,83.40,29.32,0,1,83.62,18.88,8.13,45.98,29.42
473.86,0,,83.56,29.37,0,2,83.51,18.93,8.14,46.04,29.46
473.98,0,,83.51,29.41,0,2,82.85,18.85,8.18,46.00,29.34
474.07,0,,83.24,29.40,0,2,82.92,18.86,8.14,45.97,29.39
474.16,0,,83.03,29.40,0,1,83.16,19.03,8.20,46.20,29.50
474.28,0,,83.01,29.43,0,1,83.18,19.11,8.29,46.37,29.49
474.40,0,,83.07,29.47,1,0,83.02,19.09,8.23,46.29,29.53
474.46,0,,83.14,29.52,2,-1,83.51,19.17,8.24,46.38,29.60
474.58,0,,83.35,29.57,2,-1,84.00,19.24,8.26,46.47,29.65
474.67,0,,83.57,29.62,2,-1,83.15,19.19,8.20,46.36,29.66
474.76,0,,83.54,29.64,0,1,83.31,19.01,8.12,46.10,29.56
474.94,0,,83.39,29.59,0,1,83.33,18.75,8.06,45.78,29.36
474.97,0,,83.33,29.47,0,1,83.43,18.65,8.00,45.62,29.32
475.06,0,,83.37,29.37,0,1,83.57,18.67,7.95,45.59,29.39
475.18,0,,83.46,29.35,0,1,83.52,18.66,7.92,45.55,29.41
475.27,0,,83.47,29.35,0,1,83.12,18.59,7.96,45.52,29.30
475.36,0,,83.42,29.33,0,1,83.72,18.50,7.93,45.40,29.24
475.48,0,,83.46,29.28,0,1,83.55,18.46,7.87,45.30,29.26
475.57,0,,83.52,29.25,1,0,83.39,18.49,7.91,45.37,29.25
475.66,0,,83.47,29.24,0,1,83.26,18.45,7.89,45.31,29.23
475.78,0,,83.47,29.23,0,1,84.04,18.35,7.82,45.14,29.20
475.90,0,,83.68,29.21,0,1,84.16,18.35,7.83,45.15,29.19
475.96,0,,83.77,29.20,0,1,82.63,18.41,7.88,45.26,29.20
476.08,0,,83.52,29.19,0,1,83.52,18.41,7.90,45.28,29.18
476.17,0,,83.33,29.18,0,1,83.48,18.36,7.88,45.21,29.15
476.26,0,,83.28,29.15,2,-1,82.89,18.26,7.89,45.12,29.04
476.41,0,,83.32,29.09,2,-1,84.29,18.19,7.85,45.01,29.01
476.47,0,,83.60,29.05,0,1,83.83,18.20,7.76,44.93,29.11
476.56,0,,83.87,29.05,0,1,83.92,18.18,7.78,44.93,29.07
476.68,0,,83.86,29.06,0,1,83.20,18.14,7.82,44.93,28.99
476.77,0,,83.70,29.04,0,1,83.93,18.16,7.78,44.91,29.05
476.86,0,,83.60,29.03,0,1,83.30,18.13,7.79,44.89,29.01
476.98,0,,83.58,29.00,0,1,83.89,18.04,7.84,44.85,28.87
477.07,0,,83.59,28.94,0,1,83.40,17.99,7.75,44.71,28.91
477.16,0,,83.54,28.91,0,1,83.22,17.96,7.64,44.57,28.99
477.28,0,,83.46,28.92,1,0,83.81,17.83,7.57,44.37,28.93
477.40,0,,83.51,28.93,1,0,83.53,17.77,7.51,44.25,28.93
477.46,0,,83.48,28.93,1,0,82.85,17.73,7.48,44.18,28.92
477.58,0,,83.28,28.91,4,-2,83.18,17.54,7.41,43.92,28.80
477.67,0,,83.26,28.85,4,-2,84.19,17.43,7.35,43.75,28.75
477.76,0,,83.50,28.78,2,-1,83.36,17.41,7.33,43.71,28.75
477.91,0,,83.65,28.74,2,-1,83.72,17.39,7.33,43.69,28.73
477.97,0,,83.56,28.73,1,0,82.80,17.38,7.32,43.67,28.73
478.06,0,,83.40,28.72,1,0,83.85,17.33,7.31,43.61,28.69
478.18,0,,83.43,28.70,1,0,83.70,17.30,7.31,43.58,28.66
478.27,0,,83.59,28.69,1,0,83.64,17.37,7.29,43.63,28.75
478.36,0,,83.69,28.71,0,1,83.78,17.48,7.31,43.76,28.84
478.48,0,,83.68,28.77,0,2,83.31,17.42,7.31,43.70,28.78
478.57,0,,83.56,28.78,0,1,83.37,17.34,7.30,43.61,28.71
478.66,0,,83.52,28.76,1,0,84.20,17.40,7.31,43.68,28.76
478.78,0,,83.61,28.76,1,0,83.08,17.52,7.33,43.82,28.86
478.90,0,,83.54,28.80,1,0,83.32,17.59,7.38,43.94,28.88
478.96,0,,83.37,28.84,1,0,83.31,17.54,7.36,43.87,28.85
479.08,0,,83.33,28.85,1,0,83.59,17.49,7.35,43.81,28.81
479.17,0,,83.46,28.85,1,0,83.91,17.61,7.41,43.99,28.87
479.26,0,,83.61,28.86,1,0,83.31,17.78,7.45,44.20,29.00
479.41,0,,83.58,28.92,1,0,83.37,17.76,7.47,44.20,28.96
479.47,0,,83.53,28.95,1,0,83.93,17.72,7.45,44.14,28.94
479.56,0,,83.63,28.96,1,0,83.77,17.75,7.44,44.16,28.98
479.68,0,,83.70,28.96,0,1,83.36,17.78,7.53,44.28,28.92
479.77,0,,83.59,28.95,1,0,83.32,17.88,7.58,44.43,28.97
479.86,0,,83.44,28.95,1,0,83.44,17.90,7.59,44.46,28.98
479.98,0,,83.36,28.96,1,0,83.22,17.88,7.60,44.45,28.95
480.07,0,,83.31,28.96,1,0,83.37,17.89,7.57,44.43,28.99
480.16,0,,83.34,28.97,1,0,83.57,17.92,7.63,44.52,28.96
480.28,0,,83.42,28.98,2,-1,83.44,18.09,7.65,44.71,29.11
480.40,0,,83.41,29.03,2,-1,82.96,18.07,7.62,44.66,29.12
480.46,0,,83.33,29.07,4,-2,83.69,17.95,7.69,44.61,28.93
480.58,0,,83.33,29.04,2,-1,83.17,18.05,7.68,44.70,29.04
480.67,0,,83.40,29.02,2,-1,83.78,18.11,7.73,44.81,29.05
480.76,0,,83.48,29.02,2,-1,83.40,18.16,7.79,44.92,29.04
480.91,0,,83.53,29.04,1,0,83.52,18.18,7.73,44.88,29.12
480.97,0,,83.42,29.07,1,0,82.74,18.13,7.75,44.85,29.05
481.06,0,,83.22,29.08,2,-1,83.37,18.19,7.77,44.93,29.09
481.18,0,,83.14,29.08,2,-1,83.17,18.24,7.81,45.02,29.10
481.27,0,,83.10,29.08,2,-1,82.71,18.26,7.88,45.11,29.05
481.36,0,,82.89,29.08,2,-1,82.34,18.27,7.84,45.08,29.10
481.48,0,,82.68,29.08,4,-2,82.98,18.27,7.83,45.07,29.11
481.57,0,,82.65,29.09,4,-2,82.65,18.32,7.87,45.16,29.12
481.66,0,,82.70,29.11,4,-2,82.74,18.39,7.92,45.28,29.14
481.78,0,,82.74,29.11,4,-2,82.88,18.36,7.95,45.28,29.08
481.90,0,,82.84,29.10,4,-2,83.15,18.30,7.90,45.17,29.07
481.96,0,,83.04,29.08,4,-2,83.51,18.29,7.91,45.17,29.05
482.08,0,,83.21,29.05,2,-1,82.86,18.27,7.98,45.22,28.96
482.17,0,,83.13,29.01,0,1,82.69,18.30,7.97,45.24,29.00
482.26,0,,82.93,28.99,0,2,82.88,18.30,7.96,45.23,29.01
482.41,0,,82.72,28.99,0,2,82.15,18.27,7.96,45.20,28.98
482.47,0,,82.58,28.99,1,0,83.04,18.34,7.98,45.29,29.03
482.56,0,,82.59,29.01,2,-1,82.49,18.42,8.04,45.43,29.05
482.68,0,,82.67,29.03,4,-2,82.89,18.51,8.08,45.56,29.10
482.77,0,,82.77,29.07,4,-2,83.06,18.56,8.09,45.62,29.14
482.86,0,,82.90,29.11,2,-1,82.83,18.52,8.07,45.56,29.12
482.98,0,,82.92,29.11,2,-1,82.82,18.48,8.11,45.56,29.04
483.07,0,,82.85,29.09,2,-1,82.61,18.58,8.16,45.71,29.09
483.16,0,,82.74,29.08,2,-1,82.64,18.62,8.16,45.75,29.13
483.28,0,,82.77,29.09,0,1,83.53,18.57,8.15,45.69,29.09
483.40,0,,82.81,29.10,1,0,81.60,18.56,8.14,45.67,29.09
483.46,0,,82.64,29.10,1,0,83.12,18.64,8.14,45.75,29.17
483.58,0,,82.59,29.14,2,-1,82.70,18.77,8.16,45.90,29.28
483.67,0,,82.68,29.21,2,-1,82.62,18.79,8.21,45.97,29.25
483.76,0,,82.64,29.24,2,-1,82.30,18.73,8.22,45.92,29.18
483.91,0,,82.59,29.23,2,-1,83.06,18.74,8.21,45.92,29.20
483.97,0,,82.66,29.21,2,-1,82.60,18.82,8.25,46.04,29.24
484.06,0,,82.74,29.22,2,-1,82.83,18.95,8.30,46.22,29.32
484.18,0,,82.83,29.26,2,-1,83.26,18.95,8.29,46.21,29.33
484.27,0,,82.98,29.29,1,0,82.91,18.86,8.28,46.11,29.25
484.36,0,,83.07,29.29,1,0,83.25,18.87,8.25,46.09,29.29
484.48,0,,83.14,29.30,0,2,83.22,18.95,8.24,46.16,29.38
484.57,0,,83.18,29.31,0,2,82.97,18.91,8.31,46.19,29.27
484.66,0,,83.04,29.29,0,2,82.40,18.81,8.30,46.08,29.18
484.78,0,,82.78,29.24,0,2,82.70,18.72,8.21,45.90,29.18
484.90,0,,82.68,29.18,0,1,83.09,18.57,8.13,45.67,29.11
484.96,0,,82.86,29.13,1,0,83.43,18.44,8.01,45.42,29.10
485.08,0,,83.04,29.09,0,1,82.47,18.35,7.98,45.30,29.04
485.17,0,,82.84,29.04,0,1,81.89,18.26,8.01,45.24,28.92
485.26,0,,82.41,28.98,4,-2,82.26,18.23,7.97,45.17,28.93
485.41,0,,82.20,28.95,4,-2,82.49,18.31,7.93,45.21,29.05
485.47,0,,82.25,28.97,4,-2,82.40,18.32,7.96,45.25,29.03
485.56,0,,82.31,29.00,4,-2,82.03,18.26,7.97,45.20,28.96
485.68,0,,82.28,28.99,4,-2,82.44,18.21,7.90,45.08,28.98
485.77,0,,82.34,28.98,4,-2,82.74,18.20,7.87,45.04,29.00
485.86,0,,82.59,29.00,4,-2,83.23,18.33,7.84,45.14,29.16
485.98,0,,82.78,29.07,2,-1,82.08,18.35,7.83,45.15,29.19
486.07,0,,82.66,29.14,0,1,82.40,18.30,7.83,45.10,29.14
486.16,0,,82.61,29.18,0,2,83.65,18.39,7.81,45.17,29.25
486.28,0,,82.82,29.21,0,2,82.45,18.44,7.84,45.25,29.27
486.40,0,,82.91,29.25,0,2,82.97,18.49,7.87,45.33,29.29
486.46,0,,82.86,29.28,0,2,82.71,18.52,7.87,45.36,29.32
486.58,0,,82.80,29.30,0,2,82.68,18.47,7.89,45.33,29.25
486.67,0,,82.72,29.29,0,1,82.65,18.45,7.82,45.24,29.30
486.76,0,,82.64,29.28,1,0,82.44,18.41,7.79,45.17,29.29
486.91,0,,82.54,29.28,1,0,82.46,18.37,7.78,45.12,29.26
486.97,0,,82.42,29.27,2,-1,82.10,18.28,7.71,44.96,29.24
487.06,0,,82.30,29.24,4,-2,82.34,18.15,7.68,44.80,29.14
487.18,0,,82.25,29.20,4,-2,82.27,18.19,7.66,44.82,29.20
487.27,0,,82.34,29.20,4,-2,82.93,18.31,7.64,44.92,29.34
487.36,0,,82.42,29.25,4,-2,81.68,18.29,7.59,44.85,29.37
487.48,0,,82.34,29.31,4,-2,82.57,18.14,7.56,44.67,29.25
487.57,0,,82.38,29.29,4,-2,83.04,18.08,7.57,44.62,29.18
487.66,0,,82.52,29.25,2,-1,81.88,18.16,7.52,44.65,29.31
487.78,0,,82.39,29.26,2,-1,81.95,18.23,7.51,44.71,29.39
487.90,0,,82.16,29.31,2,-1,82.35,18.21,7.54,44.72,29.34
487.96,0,,82.12,29.33,1,0,82.12,18.17,7.59,44.73,29.25
488.08,0,,82.23,29.32,4,-2,82.83,18.26,7.54,44.77,29.39
488.17,0,,82.41,29.35,2,-1,82.30,18.36,7.52,44.85,29.51
488.26,0,,82.50,29.41,1,0,82.50,18.39,7.61,44.97,29.45
488.41,0,,82.52,29.47,0,1,82.70,18.39,7.48,44.84,29.58
488.47,0,,82.51,29.53,0,1,82.02,18.32,7.37,44.66,29.62
488.56,0,,82.42,29.53,0,1,82.67,18.10,7.56,44.63,29.21
488.68,0,,82.49,29.43,0,2,83.00,18.12,7.44,44.53,29.35
488.77,0,,82.67,29.38,0,2,82.54,18.25,7.28,44.50,29.64
488.86,0,,82.69,29.40,0,2,82.40,18.05,7.52,44.54,29.20
488.98,0,,82.47,29.38,0,1,81.64,18.12,7.44,44.53,29.35
489.07,0,,82.19,29.38,0,1,82.58,18.32,7.30,44.59,29.69
489.16,0,,82.15,29.45,1,0,82.21,18.20,7.56,44.73,29.31
489.28,0,,82.18,29.45,4,-2,81.93,18.19,7.47,44.63,29.39
489.40,0,,82.08,29.43,4,-2,81.82,18.20,7.30,44.47,29.57
489.46,0,,82.03,29.42,4,-2,82.62,18.04,7.56,44.57,29.15
489.58,0,,82.17,29.35,4,-2,82.21,18.16,7.49,44.62,29.34
489.67,0,,82.34,29.34,4,-2,82.63,18.32,7.32,44.61,29.67
489.76,0,,82.44,29.41,2,-1,82.35,18.10,7.56,44.63,29.21
489.92,0,,82.47,29.39,1,0,82.42,18.09,7.48,44.54,29.28
489.97,0,,82.36,29.35,1,0,81.83,18.22,7.33,44.52,29.56
490.06,0,,82.20,29.36,2,-1,82.33,18.08,7.60,44.65,29.15
490.21,0,,82.18,29.32,0,1,82.50,18.10,7.50,44.57,29.27
490.27,0,,82.32,29.30,0,1,82.52,18.19,7.29,44.45,29.57
490.36,0,,82.46,29.34,0,1,82.49,18.06,7.58,44.61,29.15
490.48,0,,82.49,29.34,0,1,82.24,18.25,7.52,44.74,29.40
490.57,0,,82.43,29.38,1,0,82.46,18.49,7.43,44.89,29.73
490.66,0,,82.35,29.45,1,0,82.07,18.27,7.78,45.02,29.16
490.78,0,,82.24,29.41,1,0,82.16,18.32,7.65,44.94,29.34
490.90,0,,82.15,29.39,0,1,82.07,18.52,7.48,44.97,29.71
490.96,0,,82.13,29.45,2,-1,82.37,18.46,7.74,45.17,29.39
491.08,0,,82.19,29.50,2,-1,82.18,18.59,7.69,45.25,29.57
491.17,0,,82.19,29.54,4,-2,81.94,18.67,7.61,45.25,29.73
491.26,0,,82.05,29.57,4,-2,81.62,18.47,7.86,45.30,29.28
491.41,0,,82.04,29.51,4,-2,83.28,18.60,7.77,45.34,29.50
491.50,0,,82.37,29.50,2,-1,82.50,18.82,7.66,45.45,29.83
491.56,0,,82.60,29.56,2,-1,82.32,18.63,7.92,45.52,29.38
491.68,0,,82.60,29.55,0,2,82.77,18.61,7.78,45.36,29.50
491.77,0,,82.63,29.53,0,2,82.77,18.62,7.61,45.20,29.68
491.86,0,,82.70,29.51,0,2,82.65,18.41,7.87,45.25,29.21
491.98,0,,82.70,29.44,0,2,82.63,18.56,7.75,45.28,29.48
492.07,0,,82.62,29.44,0,2,82.29,18.59,7.55,45.11,29.71
492.16,0,,82.34,29.46,0,2,81.28,18.24,7.81,45.02,29.10
492.28,0,,82.01,29.39,1,0,82.59,18.39,7.73,45.09,29.33
492.40,0,,82.00,29.37,1,0,82.16,18.70,7.60,45.27,29.77
492.46,0,,82.13,29.46,4,-2,82.09,18.58,7.88,45.43,29.37
492.58,0,,82.12,29.51,4,-2,81.85,18.62,7.79,45.38,29.50
492.67,0,,82.18,29.53,4,-2,83.19,18.67,7.59,45.23,29.75
492.76,0,,82.42,29.55,4,-2,82.21,18.45,7.84,45.26,29.28
492.91,0,,82.50,29.49,2,-1,82.21,18.52,7.77,45.26,29.42
492.97,0,,82.33,29.46,0,1,81.88,18.72,7.66,45.35,29.73
493.06,0,,82.13,29.49,0,1,82.16,18.60,7.97,45.54,29.30
493.18,0,,82.02,29.48,0,1,81.93,18.70,7.83,45.50,29.54
493.27,0,,82.05,29.52,2,-1,82.52,18.84,7.66,45.47,29.85
493.36,0,,82.15,29.60,2,-1,81.98,18.70,7.97,45.64,29.40
493.48,0,,82.17,29.60,2,-1,82.04,18.80,7.85,45.62,29.62
493.57,0,,82.17,29.60,2,-1,82.60,18.78,7.64,45.39,29.81
493.66,0,,82.23,29.61,2,-1,81.93,18.41,7.89,45.27,29.19
493.78,0,,82.20,29.49,2,-1,82.11,18.47,7.81,45.25,29.33
493.90,0,,82.10,29.40,2,-1,81.95,18.67,7.64,45.28,29.70
493.99,0,,82.02,29.43,1,0,81.96,18.49,7.92,45.38,29.24
494.08,0,,82.12,29.41,1,0,83.20,18.49,7.79,45.25,29.37
494.17,0,,82.39,29.40,1,0,81.93,18.56,7.59,45.12,29.64
494.26,0,,82.44,29.42,2,-1,82.36,18.40,7.92,45.29,29.15
494.41,0,,82.31,29.38,0,1,81.97,18.55,7.82,45.34,29.40
494.47,0,,82.27,29.40,0,1,82.94,18.73,7.62,45.32,29.78
494.56,0,,82.31,29.49,0,1,81.62,18.54,7.91,45.42,29.30
494.68,0,,82.17,29.49,0,1,81.92,18.59,7.82,45.38,29.44
494.77,0,,82.05,29.48,1,0,82.63,18.78,7.71,45.46,29.74
494.86,0,,82.16,29.53,1,0,82.12,18.74,8.01,45.72,29.40
494.98,0,,82.20,29.54,1,0,81.79,18.81,7.88,45.66,29.60
495.07,0,,82.08,29.58,1,0,82.14,18.91,7.72,45.60,29.86
495.16,0,,82.08,29.65,2,-1,82.47,18.76,7.99,45.72,29.44
495.28,0,,82.21,29.64,2,-1,82.21,18.93,7.90,45.80,29.70
495.40,0,,82.24,29.68,2,-1,81.95,19.16,7.78,45.91,30.05
495.46,0,,82.26,29.76,1,0,82.91,18.85,8.02,45.84,29.50
495.58,0,,82.37,29.73,1,0,82.07,18.74,7.83,45.54,29.58
495.67,0,,82.47,29.66,0,1,82.98,18.79,7.62,45.38,29.84
495.76,0,,82.54,29.64,0,1,82.17,18.63,7.90,45.50,29.40
495.91,0,,82.52,29.59,0,2,82.57,18.71,7.80,45.48,29.58
495.97,0,,82.43,29.57,0,2,82.09,18.68,7.59,45.24,29.76
496.06,0,,82.32,29.56,0,1,82.35,18.38,7.84,45.19,29.21
496.18,0,,82.16,29.46,0,1,81.48,18.35,7.68,45.00,29.34
496.27,0,,81.99,29.39,1,0,82.36,18.42,7.45,44.84,29.64
496.36,0,,82.04,29.40,1,0,82.54,18.25,7.73,44.95,29.19
496.48,0,,82.28,29.36,4,-2,82.45,18.11,7.55,44.63,29.23
496.57,0,,82.48,29.30,2,-1,82.68,18.03,7.26,44.26,29.44
496.66,0,,82.67,29.27,1,0,83.22,17.80,7.45,44.22,29.02
496.78,0,,82.81,29.21,1,0,82.19,17.79,7.25,44.01,29.21
496.90,0,,82.72,29.19,0,1,82.68,17.77,7.04,43.78,29.40
496.96,0,,82.62,29.20,0,1,82.71,17.53,7.29,43.79,28.91
497.08,0,,82.54,29.15,0,2,82.00,17.64,7.14,43.75,29.17
497.17,0,,82.49,29.15,0,2,83.23,17.83,7.00,43.80,29.50
497.26,0,,82.66,29.23,0,2,82.94,17.63,7.25,43.85,29.05
497.41,0,,82.82,29.24,0,1,82.35,17.64,7.09,43.70,29.22
497.47,0,,82.77,29.24,0,1,82.91,17.75,6.94,43.66,29.48
497.56,0,,82.70,29.28,1,0,82.47,17.61,7.20,43.78,29.08
497.68,0,,82.64,29.26,0,1,82.65,17.73,7.12,43.82,29.28
497.77,0,,82.73,29.28,0,1,83.58,17.89,6.96,43.82,29.60
497.86,0,,83.02,29.36,0,1,83.10,17.72,7.18,43.87,29.21
497.98,0,,83.14,29.38,0,1,82.65,17.85,7.07,43.89,29.45
498.07,0,,83.08,29.43,0,1,83.41,18.03,6.93,43.93,29.77
498.16,0,,83.10,29.53,0,2,83.17,17.95,7.24,44.16,29.38
498.28,0,,83.08,29.54,0,2,82.38,17.99,7.14,44.10,29.52
498.40,0,,82.83,29.54,0,1,82.56,18.04,6.97,43.98,29.74
498.49,0,,82.59,29.55,0,1,82.47,17.90,7.30,44.17,29.27
498.58,0,,82.50,29.51,0,1,82.72,18.11,7.20,44.28,29.58
498.67,0,,82.56,29.54,4,-2,82.68,18.31,7.06,44.34,29.92
498.76,0,,82.77,29.63,4,-2,83.65,18.10,7.39,44.46,29.38
498.91,0,,83.04,29.62,4,-2,82.69,18.18,7.25,44.40,29.60
498.97,0,,83.07,29.62,2,-1,82.84,18.36,7.09,44.42,29.94
499.06,0,,82.98,29.69,1,0,83.15,18.27,7.41,44.65,29.53
499.18,0,,83.06,29.71,0,1,83.54,18.42,7.32,44.71,29.77
499.27,0,,83.26,29.74,0,1,83.40,18.51,7.15,44.63,30.03
499.36,0,,83.23,29.81,0,2,82.06,18.31,7.41,44.69,29.57
499.48,0,,82.97,29.78,0,2,83.49,18.40,7.33,44.70,29.74
499.57,0,,82.82,29.77,0,1,82.21,18.59,7.18,44.74,30.08
499.66,0,,82.70,29.82,2,-1,82.78,18.43,7.46,44.86,29.64
499.78,0,,82.63,29.82,2,-1,82.73,18.49,7.34,44.80,29.82
499.90,0,,82.69,29.83,2,-1,82.88,18.60,7.19,44.76,30.08
499.96,0,,82.80,29.87,4,-2,82.96,18.50,7.51,44.98,29.66
500.08,0,,82.96,29.87,4,-2,83.38,18.74,7.41,45.12,30.00
500.17,0,,83.20,29.93,2,-1,83.62,18.84,7.22,45.03,30.29
500.26,0,,83.34,30.02,0,1,82.79,18.59,7.53,45.09,29.73
500.41,0,,83.28,29.99,1,0,83.36,18.75,7.48,45.20,29.94
500.47,0,,83.18,29.97,0,1,83.04,18.91,7.32,45.20,30.26
500.56,0,,83.10,30.00,0,2,82.87,18.73,7.62,45.32,29.78
500.68,0,,82.96,29.98,0,2,82.70,18.79,7.53,45.29,29.93
500.77,0,,82.92,29.97,0,1,83.55,18.95,7.31,45.23,30.31
500.86,0,,83.05,30.05,1,0,83.00,18.87,7.55,45.39,29.99
500.98,0,,83.19,30.09,2,-1,83.46,18.96,7.53,45.46,30.10
501.07,0,,83.27,30.13,2,-1,83.15,19.10,7.38,45.45,30.39
501.16,0,,83.24,30.19,0,1,82.89,18.96,7.62,45.55,30.01
501.28,0,,83.11,30.16,0,1,83.11,18.99,7.59,45.55,30.07
501.40,0,,83.17,30.15,0,1,84.05,19.19,7.40,45.56,30.46
501.46,0,,83.37,30.22,0,1,82.84,19.18,7.64,45.79,30.21
501.58,0,,83.29,30.27,0,1,82.72,19.23,7.63,45.83,30.27
501.67,0,,83.08,30.31,0,1,83.44,19.33,7.46,45.76,30.54
501.76,0,,83.17,30.35,0,1,83.80,19.18,7.72,45.87,30.13
501.91,0,,83.41,30.32,0,1,83.30,19.31,7.68,45.96,30.30
501.97,0,,83.44,30.32,1,0,82.99,19.53,7.53,46.03,30.67
502.06,0,,83.25,30.39,0,1,82.95,19.34,7.80,46.11,30.21
502.18,0,,83.03,30.40,0,1,82.86,19.47,7.69,46.13,30.45
502.27,0,,82.87,30.44,0,1,82.67,19.64,7.54,46.15,30.77
502.36,0,,82.70,30.51,4,-2,82.31,19.43,7.85,46.25,30.25
502.48,0,,82.61,30.50,4,-2,83.15,19.66,7.75,46.38,30.58
502.57,0,,82.85,30.53,4,-2,83.89,19.84,7.62,46.43,30.89
502.66,0,,83.37,30.62,4,-2,83.94,19.58,7.90,46.45,30.35
502.78,0,,83.76,30.60,1,0,83.60,19.71,7.79,46.47,30.59
502.90,0,,83.88,30.60,0,2,84.02,19.88,7.65,46.50,30.90
502.96,0,,83.88,30.66,0,2,83.59,19.79,7.92,46.68,30.54
503.08,0,,83.72,30.68,0,2,83.14,19.89,7.85,46.71,30.71
503.17,0,,83.39,30.70,0,2,82.77,19.96,7.71,46.64,30.92
503.26,0,,83.05,30.74,0,2,83.02,19.83,7.98,46.78,30.52
503.41,0,,82.99,30.71,0,1,83.58,19.94,7.94,46.85,30.67
503.47,0,,83.19,30.71,1,0,83.44,20.17,7.77,46.91,31.07
503.56,0,,83.34,30.79,1,0,83.03,20.01,8.03,47.01,30.65
503.68,0,,83.38,30.79,1,0,83.83,19.98,8.00,46.95,30.65
503.77,0,,83.45,30.76,4,-2,83.31,20.15,7.83,46.95,30.99
503.86,0,,83.50,30.79,2,-1,83.56,20.06,8.06,47.09,30.67
503.98,0,,83.52,30.79,0,1,83.66,20.16,7.99,47.12,30.84
504.07,0,,83.52,30.83,0,2,83.17,20.29,7.84,47.10,31.12
504.16,0,,83.41,30.89,0,2,83.20,20.10,8.17,47.24,30.60
504.28,0,,83.28,30.84,0,1,83.38,20.18,8.10,47.25,30.75
504.40,0,,83.20,30.80,1,0,82.83,20.32,7.90,47.19,31.09
504.46,0,,83.04,30.84,0,1,82.67,20.22,8.23,47.42,30.66
504.58,0,,82.91,30.82,0,1,83.34,20.29,8.15,47.41,30.81
504.67,0,,82.99,30.82,0,1,83.15,20.32,7.98,47.27,31.01
504.76,0,,83.15,30.84,4,-2,83.42,20.25,8.26,47.48,30.66
504.91,0,,83.34,30.83,2,-1,83.70,20.44,8.15,47.56,30.96
504.97,0,,83.53,30.89,1,0,83.59,20.56,8.02,47.55,31.21
505.06,0,,83.63,30.98,0,1,83.62,20.39,8.29,47.65,30.77
505.18,0,,83.68,30.96,0,1,83.84,20.42,8.21,47.60,30.88
505.27,0,,83.71,30.93,0,2,83.51,20.53,8.07,47.57,31.13
505.36,0,,83.76,30.96,0,2,84.32,20.47,8.28,47.72,30.86
505.48,0,,83.95,30.97,0,2,84.18,20.62,8.23,47.82,31.06
505.57,0,,84.09,31.03,0,2,83.84,20.71,8.08,47.76,31.30
505.66,0,,83.95,31.08,0,2,83.11,20.48,8.34,47.79,30.81
505.78,0,,83.57,31.03,0,2,83.17,20.52,8.30,47.79,30.89
505.90,0,,83.27,30.98,1,0,83.30,20.70,8.10,47.77,31.27
505.96,0,,83.21,31.01,4,-2,83.52,20.57,8.37,47.91,30.87
506.08,0,,83.31,31.00,4,-2,83.38,20.57,8.31,47.85,30.93
506.17,0,,83.46,31.01,4,-2,83.91,20.70,8.03,47.70,31.34
506.26,0,,83.54,31.07,4,-2,82.92,20.52,8.28,47.77,30.91
506.41,0,,83.46,31.06,4,-2,83.62,20.57,8.30,47.84,30.94
506.47,0,,83.39,31.03,4,-2,83.35,20.74,8.11,47.82,31.30
506.56,0,,83.39,31.05,2,-1,83.35,20.53,8.36,47.86,30.84
506.68,0,,83.45,31.01,0,1,83.93,20.51,8.28,47.76,30.90
506.77,0,,83.51,30.98,2,-1,82.95,20.60,8.05,47.62,31.22
506.86,0,,83.39,30.98,2,-1,83.17,20.41,8.37,47.75,30.71
506.98,0,,83.28,30.93,1,0,83.68,20.55,8.31,47.83,30.91
507.07,0,,83.43,30.94,2,-1,84.00,20.77,8.06,47.80,31.38
507.16,0,,83.57,31.03,1,0,82.78,20.53,8.40,47.90,30.80
507.28,0,,83.45,31.02,0,1,83.49,20.57,8.38,47.92,30.86
507.40,0,,83.31,30.98,1,0,83.29,20.82,8.17,47.96,31.32
507.46,0,,83.37,31.04,2,-1,83.89,20.68,8.45,48.10,30.90
507.58,0,,83.42,31.05,1,0,82.67,20.74,8.41,48.12,31.00
507.70,0,,83.39,31.06,1,0,84.13,20.95,8.27,48.19,31.35
507.76,0,,83.51,31.12,1,0,83.55,20.86,8.53,48.36,31.00
507.91,0,,83.60,31.15,2,-1,83.23,20.97,8.41,48.35,31.23
507.97,0,,83.45,31.20,1,0,83.06,21.11,8.29,48.37,31.49
508.06,0,,83.24,31.26,1,0,83.17,20.91,8.60,48.48,30.98
508.18,0,,83.14,31.22,1,0,83.27,20.94,8.44,48.35,31.17
508.27,0,,83.03,31.19,2,-1,82.21,20.98,8.21,48.16,31.44
508.36,0,,82.83,31.21,4,-2,83.14,20.79,8.50,48.26,30.96
508.48,0,,82.89,31.17,4,-2,83.71,20.89,8.41,48.27,31.15
508.57,0,,83.21,31.15,4,-2,83.35,20.87,8.19,48.03,31.35
508.66,0,,83.45,31.15,4,-2,83.58,20.56,8.40,47.93,30.83
508.78,0,,83.55,31.08,2,-1,83.59,20.56,8.18,47.71,31.05
508.90,0,,83.50,31.04,2,-1,82.83,20.55,7.96,47.48,31.26
508.96,0,,83.34,31.04,0,2,83.64,20.31,8.27,47.55,30.71
509.08,0,,83.29,30.97,0,2,83.21,20.36,8.11,47.44,30.92
509.17,0,,83.25,30.91,0,2,82.85,20.32,7.90,47.19,31.09
509.26,0,,83.11,30.89,0,1,83.17,19.96,8.15,47.08,30.48
509.44,0,,83.17,30.78,1,0,83.98,20.05,7.99,47.01,30.73
509.47,0,,83.47,30.74,2,-1,83.70,20.30,7.81,47.08,31.16
509.56,0,,83.72,30.83,1,0,83.83,20.10,8.10,47.17,30.67
509.68,0,,83.82,30.84,0,1,83.75,20.10,8.02,47.09,30.75
509.77,0,,83.75,30.82,0,2,83.17,20.15,7.81,46.93,31.01
509.86,0,,83.55,30.81,0,2,83.58,19.81,7.98,46.76,30.50
509.98,0,,83.57,30.73,0,2,84.42,19.83,7.83,46.63,30.67
510.07,0,,83.74,30.69,0,2,83.13,19.99,7.70,46.66,30.96
510.16,0,,83.64,30.70,0,2,83.13,19.68,8.02,46.67,30.33
510.28,0,,83.38,30.62,0,1,83.44,19.75,7.88,46.60,30.54
510.40,0,,83.26,30.58,0,1,83.12,20.01,7.70,46.68,30.98
510.46,0,,83.22,30.65,4,-2,83.34,19.79,8.04,46.80,30.42
510.58,0,,83.25,30.64,4,-2,83.36,19.83,7.92,46.72,30.58
510.70,0,,83.34,30.63,4,-2,83.59,19.94,7.70,46.61,30.91
510.76,0,,83.47,30.65,4,-2,83.65,19.69,8.01,46.67,30.35
510.91,0,,83.59,30.60,2,-1,83.63,19.83,7.95,46.75,30.55
510.97,0,,83.65,30.57,1,0,83.67,20.04,7.80,46.81,30.91
511.06,0,,83.63,30.62,0,1,83.32,19.80,8.09,46.86,30.38
511.18,0,,83.49,30.60,0,1,83.15,19.86,7.96,46.79,30.57
511.27,0,,83.41,30.60,0,1,84.00,20.06,7.82,46.85,30.91
511.36,0,,83.44,30.67,0,1,82.92,19.99,8.09,47.05,30.57
511.48,0,,83.35,30.70,1,0,83.15,20.13,8.04,47.14,30.76
511.57,0,,83.23,30.74,2,-1,83.43,20.24,7.95,47.16,30.96
511.66,0,,83.38,30.80,2,-1,84.28,20.11,8.13,47.21,30.65
511.78,0,,83.67,30.79,2,-1,83.41,20.18,8.02,47.17,30.83
511.90,0,,83.70,30.81,1,0,83.23,20.28,7.95,47.20,31.00
511.96,0,,83.58,30.83,1,0,83.93,20.14,8.22,47.33,30.59
512.08,0,,83.65,30.79,1,0,84.04,20.18,8.07,47.22,30.78
512.17,0,,83.86,30.77,1,0,84.08,20.23,7.90,47.10,31.00
512.26,0,,83.96,30.80,0,1,83.53,20.06,8.17,47.20,30.56
512.41,0,,83.80,30.77,0,2,83.32,20.17,8.05,47.19,30.79
512.47,0,,83.58,30.77,0,2,83.67,20.26,7.92,47.15,31.01
512.56,0,,83.51,30.80,0,1,83.58,20.08,8.17,47.22,30.58
512.68,0,,83.47,30.77,0,1,83.07,20.13,8.04,47.14,30.76
512.77,0,,83.42,30.75,0,1,83.84,20.19,7.91,47.07,30.95
512.86,0,,83.44,30.77,0,1,83.18,20.08,8.17,47.22,30.58
512.98,0,,83.45,30.74,4,-2,83.62,20.16,8.09,47.22,30.74
513.07,0,,83.39,30.75,4,-2,82.87,20.26,7.89,47.12,31.04
513.16,0,,83.29,30.81,4,-2,83.58,20.10,8.13,47.20,30.64
513.28,0,,83.35,30.79,4,-2,83.80,20.11,8.12,47.20,30.66
513.40,0,,83.56,30.76,2,-1,83.70,20.31,7.94,47.22,31.04
513.46,0,,83.79,30.80,0,1,84.37,20.19,8.17,47.33,30.69
513.58,0,,83.96,30.79,0,2,83.56,20.13,8.12,47.22,30.68
513.67,0,,83.95,30.77,0,2,83.92,20.24,7.93,47.14,30.98
513.76,0,,83.80,30.78,0,2,83.29,20.11,8.14,47.22,30.64
513.91,0,,83.69,30.77,0,2,84.19,20.15,8.07,47.19,30.75
513.97,0,,83.73,30.77,0,2,83.59,20.24,7.89,47.10,31.02
514.06,0,,83.82,30.81,0,2,84.18,20.00,8.10,47.07,30.57
514.18,0,,83.89,30.76,0,1,83.68,20.02,8.00,46.99,30.69
514.27,0,,83.94,30.73,0,1,84.30,20.11,7.84,46.92,30.94
514.36,0,,83.91,30.73,0,1,83.12,19.91,8.10,46.98,30.48
514.48,0,,83.75,30.68,0,1,83.93,19.97,7.97,46.91,30.67
514.57,0,,83.62,30.67,2,-1,83.36,20.03,7.79,46.79,30.91
514.66,0,,83.59,30.69,2,-1,83.91,19.76,8.06,46.79,30.37
514.78,0,,83.68,30.62,2,-1,83.90,19.83,7.95,46.75,30.55
514.90,0,,83.81,30.58,2,-1,83.87,19.99,7.81,46.77,30.85
514.96,0,,83.92,30.61,2,-1,84.18,19.83,8.09,46.89,30.41
515.08,0,,84.00,30.59,1,0,83.79,19.85,7.98,46.80,30.54
515.17,0,,83.96,30.56,0,1,83.76,19.90,7.83,46.70,30.74
515.26,0,,83.95,30.57,0,1,84.50,19.80,8.10,46.87,30.37
515.41,0,,84.11,30.55,0,2,84.25,20.02,8.02,47.01,30.67
515.47,0,,84.19,30.61,0,2,83.74,20.19,7.90,47.06,30.96
515.56,0,,84.01,30.70,0,2,83.43,19.96,8.22,47.15,30.41
515.68,0,,83.76,30.67,0,1,83.89,20.04,8.11,47.12,30.60
515.77,0,,83.68,30.65,0,1,83.72,20.29,7.97,47.23,30.99
515.86,0,,83.62,30.71,1,0,83.09,20.24,8.34,47.55,30.57
515.98,0,,83.49,30.73,4,-2,83.70,20.33,8.23,47.53,30.77
516.07,0,,83.57,30.76,4,-2,84.36,20.37,8.03,47.37,31.01
516.16,0,,83.83,30.81,4,-2,83.63,20.21,8.32,47.50,30.56
516.28,0,,83.82,30.78,4,-2,83.09,20.35,8.24,47.56,30.78
516.40,0,,83.60,30.78,2,-1,83.83,20.57,8.12,47.66,31.12
516.46,0,,83.50,30.86,2,-1,83.31,20.41,8.37,47.75,30.71
516.58,0,,83.51,30.87,2,-1,83.82,20.35,8.23,47.55,30.79
516.67,0,,83.61,30.85,2,-1,83.83,20.40,8.03,47.40,31.04
516.76,0,,83.78,30.85,1,0,84.09,20.19,8.26,47.42,30.60
516.91,0,,83.89,30.80,0,1,83.61,20.24,8.15,47.36,30.76
516.97,0,,83.80,30.78,0,1,83.29,20.33,7.97,47.27,31.03
517.06,0,,83.57,30.80,1,0,83.50,20.07,8.22,47.26,30.52
517.18,0,,83.45,30.75,1,0,83.51,20.16,8.09,47.22,30.74
517.27,0,,83.51,30.74,1,0,84.04,20.34,7.97,47.28,31.04
517.36,0,,83.71,30.78,1,0,83.79,20.13,8.26,47.36,30.54
517.48,0,,83.82,30.75,1,0,83.64,20.16,8.13,47.26,30.70
517.57,0,,83.80,30.72,1,0,83.82,20.24,8.00,47.21,30.91
517.66,0,,83.63,30.72,1,0,82.63,20.13,8.31,47.41,30.49
517.78,0,,83.35,30.69,2,-1,83.64,20.29,8.21,47.47,30.75
517.90,0,,83.38,30.72,2,-1,84.28,20.40,8.00,47.37,31.07
517.96,0,,83.69,30.81,1,0,83.66,20.20,8.25,47.42,30.62
518.08,0,,83.79,30.79,1,0,83.29,20.16,8.22,47.35,30.61
518.17,0,,83.65,30.73,1,0,83.62,20.25,8.06,47.28,30.86
518.26,0,,83.58,30.70,1,0,83.85,20.17,8.32,47.46,30.52
518.41,0,,83.61,30.66,2,-1,83.35,20.17,8.22,47.36,30.62
518.47,0,,83.61,30.65,1,0,83.85,20.21,7.97,47.15,30.91
518.56,0,,83.59,30.69,2,-1,83.27,20.06,8.22,47.25,30.51
518.68,0,,83.45,30.67,1,0,82.90,20.10,8.20,47.27,30.57
518.77,0,,83.24,30.65,2,-1,83.46,20.29,8.02,47.28,30.94
518.86,0,,83.24,30.69,2,-1,83.55,20.11,8.26,47.34,30.52
518.98,0,,83.39,30.68,4,-2,83.58,20.13,8.18,47.28,30.62
519.07,0,,83.56,30.67,2,-1,83.83,20.31,8.03,47.31,30.95
519.16,0,,83.67,30.72,2,-1,83.46,20.17,8.31,47.45,30.53
519.28,0,,83.61,30.70,2,-1,83.27,20.24,8.23,47.44,30.68
519.43,0,,83.46,30.70,2,-1,83.43,20.36,8.07,47.40,30.96
519.46,0,,83.45,30.74,2,-1,83.96,20.17,8.33,47.47,30.51
519.58,0,,83.56,30.71,2,-1,83.32,20.30,8.21,47.48,30.76
519.67,0,,83.55,30.73,1,0,83.35,20.43,8.11,47.51,30.99
519.76,0,,83.45,30.77,0,1,83.44,20.24,8.42,47.63,30.49
519.91,0,,83.45,30.74,2,-1,83.73,20.35,8.26,47.58,30.76
519.97,0,,83.55,30.74,2,-1,83.70,20.45,8.07,47.49,31.05
520.06,0,,83.63,30.80,1,0,83.44,20.25,8.35,47.57,30.57
520.18,0,,83.65,30.77,1,0,83.92,20.32,8.30,47.59,30.69
520.27,0,,83.74,30.75,0,1,83.96,20.47,8.13,47.57,31.01
520.36,0,,83.90,30.79,0,1,84.14,20.31,8.35,47.63,30.63
520.48,0,,83.92,30.77,0,1,83.14,20.30,8.27,47.54,30.70
520.57,0,,83.67,30.75,1,0,83.35,20.36,8.12,47.45,30.91
520.66,0,,83.42,30.76,1,0,83.40,20.32,8.38,47.67,30.61
520.78,0,,83.30,30.74,1,0,83.13,20.40,8.34,47.71,30.73
520.93,0,,83.31,30.73,1,0,83.88,20.43,8.18,47.58,30.92
520.96,0,,83.57,30.75,1,0,84.28,20.24,8.39,47.60,30.52
521.08,0,,83.93,30.70,1,0,84.01,20.26,8.27,47.50,30.66
521.17,0,,84.04,30.68,0,1,83.51,20.38,8.12,47.47,30.93
521.26,0,,83.89,30.71,0,1,83.75,20.22,8.41,47.60,30.48
521.41,0,,83.82,30.68,0,1,84.29,20.27,8.25,47.49,30.69
521.47,0,,83.77,30.69,0,1,82.73,20.37,8.08,47.42,30.96
521.56,0,,83.56,30.72,0,1,83.83,20.19,8.43,47.59,30.43
521.68,0,,83.46,30.69,0,1,83.54,20.41,8.32,47.70,30.76
521.77,0,,83.56,30.71,0,1,83.87,20.55,8.16,47.68,31.06
521.86,0,,83.65,30.78,0,1,83.45,20.27,8.44,47.68,30.50
521.98,0,,83.67,30.75,1,0,83.77,20.36,8.36,47.69,30.67
522.07,0,,83.57,30.72,1,0,82.92,20.55,8.21,47.73,31.01
522.16,0,,83.38,30.78,4,-2,83.38,20.49,8.44,47.90,30.72
522.28,0,,83.32,30.81,4,-2,83.83,20.49,8.38,47.84,30.78
522.43,0,,83.52,30.81,2,-1,83.87,20.49,8.28,47.74,30.88
522.46,0,,83.75,30.78,1,0,83.83,20.40,8.52,47.89,30.55
522.58,0,,83.88,30.72,1,0,84.00,20.48,8.44,47.89,30.71
522.67,0,,83.93,30.71,1,0,83.84,20.66,8.33,47.96,31.00
522.76,0,,83.89,30.78,0,2,83.63,20.51,8.51,47.99,30.67
522.91,0,,83.79,30.80,0,2,83.82,20.51,8.40,47.88,30.78
522.97,0,,83.71,30.81,0,2,83.48,20.65,8.32,47.94,31.00
523.06,0,,83.66,30.83,0,2,83.85,20.48,8.53,47.98,30.62
523.21,0,,83.74,30.79,0,1,84.15,20.49,8.42,47.88,30.74
523.27,0,,83.90,30.77,1,0,83.90,20.58,8.28,47.83,30.97
523.36,0,,83.90,30.78,0,1,83.29,20.38,8.48,47.83,30.57
523.48,0,,83.75,30.74,0,1,84.01,20.44,8.44,47.85,30.67
523.57,0,,83.74,30.70,0,1,83.91,20.57,8.35,47.89,30.89
523.66,0,,83.82,30.72,1,0,83.78,20.50,8.54,48.01,30.63
523.78,0,,83.78,30.73,1,0,83.37,20.60,8.50,48.07,30.77
523.93,0,,83.66,30.75,0,1,83.77,20.63,8.41,48.01,30.89
523.96,0,,83.56,30.77,2,-1,83.18,20.50,8.55,48.02,30.62
524.08,0,,83.53,30.75,4,-2,84.10,20.59,8.54,48.10,30.72
524.17,0,,83.67,30.74,4,-2,83.90,20.67,8.43,48.07,30.91
524.26,0,,83.74,30.77,1,0,83.04,20.60,8.56,48.13,30.71
524.41,0,,83.58,30.78,1,0,83.59,20.68,8.58,48.23,30.77
524.47,0,,83.43,30.78,1,0,83.30,20.73,8.52,48.22,30.88
524.56,0,,83.37,30.78,2,-1,83.35,20.66,8.67,48.30,30.66
524.68,0,,83.37,30.76,2,-1,83.64,20.71,8.62,48.30,30.76
524.77,0,,83.50,30.75,2,-1,83.81,20.68,8.47,48.12,30.88
524.86,0,,83.56,30.77,2,-1,82.91,20.53,8.56,48.06,30.64
524.98,0,,83.47,30.75,2,-1,83.86,20.61,8.52,48.10,30.76
525.07,0,,83.43,30.77,2,-1,83.09,20.81,8.46,48.24,31.02
525.19,0,,83.45,30.84,2,-1,83.93,20.79,8.66,48.42,30.80
525.28,0,,83.54,30.85,2,-1,83.53,20.71,8.68,48.36,30.70
525.43,0,,83.62,30.79,0,1,83.58,20.73,8.63,48.33,30.77
525.46,0,,83.59,30.75,0,1,83.44,20.78,8.73,48.48,30.72
525.58,0,,83.60,30.74,0,1,84.04,20.91,8.72,48.60,30.86
525.70,0,,83.69,30.79,0,1,83.52,20.92,8.68,48.57,30.91
525.76,0,,83.67,30.83,0,1,83.33,20.79,8.72,48.48,30.74
525.91,0,,83.55,30.82,0,1,83.64,20.83,8.72,48.52,30.78
525.97,0,,83.52,30.81,2,-1,83.61,20.93,8.68,48.58,30.92
526.06,0,,83.57,30.84,1,0,83.66,20.93,8.71,48.61,30.89
526.18,0,,83.68,30.87,0,1,84.11,20.88,8.75,48.60,30.80
526.27,0,,83.82,30.85,1,0,83.64,20.88,8.72,48.57,30.83
526.36,0,,83.88,30.83,0,1,84.08,20.94,8.75,48.66,30.86
526.48,0,,83.83,30.84,0,1,83.22,20.98,8.78,48.73,30.87
526.57,0,,83.59,30.85,0,1,83.07,20.94,8.75,48.66,30.86
526.66,0,,83.31,30.86,0,1,83.35,20.95,8.74,48.66,30.88
526.78,0,,83.19,30.86,2,-1,83.13,20.93,8.73,48.63,30.87
526.93,0,,83.19,30.85,4,-2,83.39,20.85,8.75,48.57,30.77
526.96,0,,83.18,30.82,4,-2,82.82,20.90,8.77,48.64,30.80
527.08,0,,83.12,30.81,4,-2,83.26,20.98,8.74,48.69,30.91
527.17,0,,83.21,30.84,4,-2,83.96,20.97,8.70,48.64,30.94
527.26,0,,83.59,30.89,4,-2,84.32,20.96,8.73,48.66,30.90
527.41,0,,83.98,30.92,1,0,83.98,21.01,8.73,48.71,30.95
527.47,0,,84.09,30.95,0,2,83.69,21.12,8.73,48.82,31.06
527.56,0,,83.93,30.99,0,2,83.50,21.11,8.82,48.90,30.96
527.68,0,,83.75,30.99,0,2,84.01,21.04,8.80,48.81,30.91
527.77,0,,83.68,30.96,0,2,83.31,21.04,8.75,48.76,30.96
527.86,0,,83.62,30.94,0,2,83.76,21.06,8.78,48.81,30.95
527.98,0,,83.59,30.94,0,2,83.53,21.04,8.76,48.77,30.95
528.07,0,,83.53,30.93,1,0,83.14,20.94,8.74,48.65,30.87
528.16,0,,83.32,30.92,4,-2,82.86,20.94,8.68,48.59,30.93
528.28,0,,83.16,30.91,2,-1,83.63,20.93,8.63,48.53,30.97
528.43,0,,83.38,30.93,4,-2,84.56,20.93,8.69,48.59,30.91
528.46,0,,83.80,30.94,4,-2,83.51,21.01,8.72,48.70,30.96
528.58,0,,83.92,30.93,1,0,83.69,20.92,8.72,48.61,30.87
528.67,0,,83.84,30.90,0,1,83.95,20.88,8.71,48.56,30.84
528.76,0,,83.85,30.87,0,2,83.97,20.95,8.69,48.61,30.93
528.91,0,,84.00,30.89,0,1,84.65,21.03,8.69,48.69,31.01
528.97,0,,84.15,30.95,0,2,83.58,21.08,8.72,48.77,31.03
529.06,0,,83.92,30.99,0,2,82.72,21.00,8.75,48.72,30.92
529.18,0,,83.41,30.98,0,2,83.27,20.95,8.71,48.63,30.91
529.27,0,,83.14,30.93,2,-1,83.33,20.88,8.68,48.53,30.87
529.36,0,,83.26,30.89,2,-1,84.16,20.85,8.68,48.50,30.84
529.48,0,,83.53,30.87,2,-1,83.18,21.00,8.70,48.67,30.97
529.57,0,,83.63,30.90,4,-2,83.79,21.03,8.73,48.73,30.97
529.66,0,,83.63,30.95,4,-2,83.57,21.04,8.69,48.70,31.02
529.78,0,,83.62,30.99,4,-2,83.54,21.02,8.69,48.68,31.00
529.93,0,,83.56,31.00,2,-1,83.37,21.01,8.75,48.73,30.93
529.96,0,,83.34,30.98,1,0,82.42,21.12,8.78,48.87,31.01
530.08,0,,83.07,30.97,0,1,83.54,21.09,8.77,48.83,30.99
530.17,0,,83.13,30.96,2,-1,83.79,20.92,8.72,48.61,30.87
530.26,0,,83.40,30.93,2,-1,83.35,20.94,8.73,48.64,30.88
530.41,0,,83.62,30.90,2,-1,84.25,21.08,8.77,48.82,30.98
530.47,0,,83.81,30.92,1,0,83.61,21.11,8.77,48.85,31.01
530.56,0,,83.76,30.95,0,1,83.00,21.02,8.80,48.79,30.89
530.68,0,,83.49,30.94,0,1,83.49,20.97,8.79,48.73,30.85
530.77,0,,83.39,30.90,0,1,83.81,20.97,8.71,48.65,30.93
530.86,0,,83.50,30.89,0,2,83.47,20.93,8.67,48.57,30.93
530.98,0,,83.62,30.91,0,2,83.92,20.96,8.67,48.60,30.96
531.07,0,,83.60,30.94,0,1,82.76,20.95,8.61,48.53,31.01
531.16,0,,83.34,30.95,1,0,83.00,20.80,8.65,48.42,30.82
531.28,0,,83.14,30.92,2,-1,83.61,20.79,8.57,48.33,30.89
531.43,0,,83.21,30.91,2,-1,83.28,20.86,8.42,48.25,31.11
531.46,0,,83.34,30.94,4,-2,83.56,20.72,8.59,48.28,30.80
531.58,0,,83.47,30.92,2,-1,83.65,20.65,8.49,48.11,30.83
531.67,0,,83.58,30.88,1,0,83.63,20.61,8.26,47.84,31.02
531.76,0,,83.66,30.85,0,1,83.77,20.31,8.45,47.73,30.53
531.91,0,,83.78,30.75,0,1,84.20,20.30,8.36,47.63,30.61
531.97,0,,83.99,30.68,0,1,84.37,20.50,8.18,47.65,30.99
532.06,0,,84.22,30.72,0,2,84.30,20.34,8.42,47.73,30.59
532.18,0,,84.34,30.73,0,2,84.34,20.31,8.29,47.57,30.69
532.27,0,,84.35,30.73,0,2,84.21,20.44,8.10,47.51,31.01
532.36,0,,84.26,30.79,0,2,83.96,20.35,8.35,47.67,30.67
532.48,0,,84.05,30.80,0,2,83.47,20.41,8.28,47.66,30.80
532.57,0,,83.76,30.80,0,2,83.56,20.47,8.19,47.63,30.95
532.66,0,,83.57,30.80,0,1,83.57,20.31,8.43,47.71,30.55
532.78,0,,83.49,30.75,4,-2,83.37,20.41,8.31,47.69,30.77
532.93,0,,83.42,30.75,4,-2,83.25,20.57,8.21,47.75,31.03
532.96,0,,83.31,30.82,4,-2,83.14,20.49,8.46,47.92,30.70
533.11,0,,83.30,30.84,4,-2,83.82,20.50,8.30,47.77,30.87
533.17,0,,83.37,30.85,4,-2,82.99,20.49,8.16,47.62,31.00
533.26,0,,83.40,30.86,4,-2,83.77,20.35,8.43,47.75,30.59
533.41,0,,83.55,30.81,4,-2,84.12,20.51,8.29,47.77,30.89
533.47,0,,83.73,30.83,1,0,83.30,20.57,8.14,47.68,31.10
533.56,0,,83.55,30.86,1,0,82.41,20.23,8.43,47.63,30.47
533.68,0,,83.09,30.77,1,0,83.00,20.21,8.24,47.42,30.64
533.77,0,,82.94,30.70,1,0,83.74,20.32,7.97,47.26,31.02
533.86,0,,83.27,30.75,2,-1,84.10,20.24,8.23,47.44,30.68
533.98,0,,83.51,30.79,2,-1,82.31,20.32,8.16,47.45,30.83
534.07,0,,83.29,30.82,2,-1,83.14,20.35,7.98,47.30,31.04
534.16,0,,83.03,30.86,4,-2,83.05,20.18,8.20,47.35,30.65
534.28,0,,83.09,30.84,4,-2,83.90,20.30,8.08,47.35,30.89
534.43,0,,83.38,30.87,2,-1,83.59,20.48,7.94,47.39,31.21
534.46,0,,83.59,30.95,2,-1,83.42,20.32,8.27,47.56,30.72
534.58,0,,83.66,30.93,0,2,84.06,20.36,8.15,47.48,30.88
534.67,0,,83.74,30.93,0,2,83.54,20.53,7.91,47.41,31.29
534.76,0,,83.76,31.00,0,2,83.81,20.34,8.23,47.54,30.78
534.91,0,,83.69,30.99,0,2,83.30,20.47,8.16,47.60,30.98
534.97,0,,83.59,31.00,0,2,83.75,20.69,7.99,47.65,31.37
535.06,0,,83.48,31.07,0,2,82.90,20.43,8.29,47.69,30.81
535.18,0,,83.35,31.04,0,1,83.63,20.47,8.17,47.61,30.97
535.27,0,,83.37,31.02,2,-1,83.69,20.67,7.99,47.63,31.35
535.36,0,,83.62,31.09,1,0,84.34,20.61,8.25,47.83,31.03
535.48,0,,83.85,31.13,2,-1,83.34,20.64,8.20,47.81,31.11
535.57,0,,83.79,31.14,1,0,83.48,20.63,8.07,47.67,31.23
535.66,0,,83.53,31.13,1,0,82.97,20.49,8.27,47.73,30.89
535.78,0,,83.28,31.05,2,-1,83.37,20.55,8.25,47.77,30.97
535.93,0,,83.27,31.00,2,-1,83.80,20.65,8.16,47.78,31.16
535.96,0,,83.44,31.02,2,-1,83.46,20.52,8.22,47.71,30.97
536.08,0,,83.51,31.02,1,0,83.25,20.45,8.19,47.61,30.93
536.17,0,,83.44,30.98,2,-1,83.40,20.46,8.18,47.61,30.95
536.26,0,,83.48,30.94,1,0,84.14,20.34,8.11,47.42,30.90
536.41,0,,83.66,30.91,1,0,83.57,20.28,8.05,47.30,30.90
536.47,0,,83.68,30.89,0,1,83.07,20.21,8.04,47.22,30.84
536.56,0,,83.53,30.86,0,1,83.86,20.06,7.93,46.96,30.80
536.68,0,,83.51,30.83,0,1,83.50,20.03,7.85,46.85,30.85
536.77,0,,83.60,30.82,0,1,83.87,20.02,7.84,46.83,30.85
536.86,0,,83.67,30.83,0,1,83.53,20.06,7.88,46.91,30.85
536.98,0,,83.63,30.84,1,0,83.30,19.98,7.85,46.80,30.80
537.07,0,,83.51,30.81,1,0,83.51,19.78,7.78,46.53,30.67
537.16,0,,83.51,30.74,1,0,83.98,19.79,7.77,46.53,30.69
537.28,0,,83.65,30.69,1,0,83.68,19.77,7.73,46.47,30.71
537.43,0,,83.65,30.67,1,0,82.95,19.66,7.75,46.38,30.58
537.46,0,,83.44,30.63,1,0,83.45,19.66,7.77,46.40,30.56
537.58,0,,83.38,30.59,2,-1,83.90,19.68,7.69,46.34,30.66
537.67,0,,83.57,30.59,2,-1,83.83,19.64,7.69,46.30,30.62
537.76,0,,83.75,30.60,1,0,83.72,19.62,7.77,46.36,30.52
537.91,0,,83.75,30.58,1,0,83.36,19.70,7.79,46.46,30.58
537.97,0,,83.62,30.58,1,0,83.59,19.80,7.75,46.52,30.72
538.06,0,,83.63,30.64,1,0,84.27,19.79,7.73,46.49,30.73
538.18,0,,83.84,30.69,0,1,84.00,19.76,7.74,46.47,30.69
538.27,0,,83.88,30.70,0,2,82.98,19.75,7.79,46.51,30.63
538.36,0,,83.61,30.67,0,2,83.40,19.78,7.83,46.58,30.62
538.48,0,,83.45,30.65,0,1,83.98,19.87,7.80,46.64,30.74
538.57,0,,83.57,30.68,1,0,83.73,19.92,7.81,46.70,30.78
538.66,0,,83.71,30.72,1,0,83.64,19.88,7.87,46.72,30.68
538.78,0,,83.63,30.72,0,1,82.90,19.90,7.91,46.78,30.66
538.93,0,,83.40,30.70,2,-1,83.53,20.03,7.92,46.92,30.78
538.96,0,,83.26,30.73,4,-2,83.01,20.07,7.89,46.93,30.85
539.08,0,,83.23,30.78,4,-2,83.60,20.01,7.90,46.88,30.78
539.17,0,,83.41,30.80,4,-2,84.16,20.01,7.92,46.90,30.76
539.26,0,,83.79,30.79,2,-1,84.23,20.06,7.91,46.94,30.82
539.41,0,,84.03,30.79,1,0,83.61,20.12,7.96,47.05,30.83
539.47,0,,83.98,30.82,1,0,83.72,20.16,7.93,47.06,30.90
539.56,0,,83.74,30.86,0,2,83.18,20.10,7.84,46.91,30.93
539.68,0,,83.55,30.90,0,2,83.94,20.11,7.85,46.93,30.93
539.77,0,,83.54,30.93,0,2,83.45,20.20,7.85,47.02,31.02
539.86,0,,83.61,30.97,0,2,83.89,20.19,7.86,47.02,31.00
539.98,0,,83.70,30.98,0,1,83.79,20.16,7.91,47.04,30.92
540.07,0,,83.71,30.96,2,-1,83.17,20.13,7.93,47.03,30.87
540.16,0,,83.62,30.91,1,0,84.02,20.13,7.93,47.03,30.87
540.28,0,,83.66,30.89,1,0,83.75,20.24,7.92,47.13,30.99
540.43,0,,83.78,30.92,0,1,84.00,20.26,7.94,47.17,30.99
540.46,0,,84.00,30.96,1,0,84.77,20.24,7.93,47.14,30.98
540.58,0,,84.16,30.99,0,1,83.27,20.27,7.90,47.14,31.04
540.67,0,,83.96,31.01,0,2,83.47,20.27,7.91,47.15,31.03
540.76,0,,83.71,31.03,0,2,84.16,20.29,7.89,47.15,31.07
540.91,0,,83.74,31.05,0,1,83.74,20.33,7.95,47.25,31.05
540.97,0,,83.88,31.06,0,1,84.35,20.38,7.97,47.32,31.08
541.06,0,,84.00,31.07,0,1,83.70,20.37,7.94,47.28,31.10
541.18,0,,83.86,31.07,0,1,82.92,20.32,7.97,47.26,31.02
541.27,0,,83.50,31.07,0,1,83.49,20.42,7.97,47.36,31.12
541.36,0,,83.31,31.08,4,-2,83.39,20.47,8.00,47.44,31.14
541.48,0,,83.35,31.10,4,-2,83.70,20.42,8.01,47.40,31.08
541.57,0,,83.55,31.11,4,-2,84.00,20.43,7.94,47.34,31.16
541.66,0,,83.74,31.12,2,-1,83.55,20.41,7.99,47.37,31.09
541.78,0,,83.87,31.12,2,-1,84.46,20.47,7.99,47.43,31.15
541.93,0,,84.05,31.13,1,0,84.05,20.56,8.00,47.53,31.23
541.96,0,,84.10,31.16,1,0,83.69,20.52,8.10,47.59,31.09
542.08,0,,83.95,31.16,0,2,83.71,20.55,8.06,47.58,31.16
542.17,0,,83.85,31.16,0,2,84.26,20.63,8.03,47.63,31.27
542.26,0,,83.89,31.19,0,2,83.68,20.65,8.14,47.76,31.18
542.41,0,,83.86,31.22,0,2,83.61,20.73,8.13,47.83,31.27
542.47,0,,83.73,31.23,0,1,83.67,20.69,8.10,47.76,31.26
542.56,0,,83.71,31.23,2,-1,84.05,20.63,8.16,47.76,31.14
542.68,0,,83.86,31.22,1,0,84.28,20.78,8.16,47.91,31.29
542.77,0,,84.05,31.24,1,0,83.99,20.84,8.13,47.94,31.38
542.86,0,,84.22,31.31,1,0,84.82,20.82,8.13,47.92,31.36
542.98,0,,84.45,31.36,1,0,84.64,20.87,8.11,47.95,31.43
543.07,0,,84.63,31.40,0,2,84.57,20.81,8.07,47.85,31.41
543.16,0,,84.58,31.40,0,2,84.03,20.66,8.04,47.67,31.29
543.28,0,,84.36,31.35,0,2,84.11,20.56,8.01,47.54,31.22
543.43,0,,84.09,31.27,0,2,83.61,20.48,7.96,47.41,31.19
543.46,0,,83.75,31.20,0,1,83.01,20.34,7.88,47.19,31.13
543.58,0,,83.46,31.13,0,1,83.84,20.14,7.84,46.95,30.97
543.67,0,,83.57,31.04,4,-2,84.57,20.01,7.74,46.72,30.94
543.76,0,,83.93,30.95,4,-2,83.88,19.85,7.65,46.47,30.87
543.91,0,,84.09,30.88,4,-2,83.83,19.77,7.69,46.43,30.75
543.97,0,,83.99,30.81,4,-2,83.70,19.83,7.68,46.48,30.82
544.06,0,,83.90,30.79,4,-2,84.26,19.82,7.62,46.41,30.87
544.18,0,,83.96,30.81,2,-1,83.97,19.73,7.62,46.32,30.78
544.27,0,,84.01,30.79,0,1,83.88,19.60,7.59,46.16,30.68
544.36,0,,84.08,30.74,1,0,84.74,19.57,7.55,46.09,30.69
544.48,0,,84.31,30.70,0,2,84.55,19.62,7.57,46.16,30.72
544.57,0,,84.53,30.68,0,2,84.59,19.53,7.59,46.09,30.61
544.66,0,,84.56,30.65,0,2,84.15,19.47,7.55,45.99,30.59
544.78,0,,84.43,30.61,0,2,84.28,19.46,7.55,45.98,30.58
544.93,0,,84.29,30.58,0,2,84.22,19.48,7.57,46.02,30.58
544.96,0,,84.18,30.58,0,2,83.87,19.58,7.57,46.12,30.68
545.08,0,,83.98,30.60,0,1,83.45,19.54,7.63,46.14,30.58
545.17,0,,83.77,30.60,0,1,83.98,19.47,7.63,46.07,30.51
545.26,0,,83.82,30.58,4,-2,84.50,19.58,7.58,46.13,30.67
545.41,0,,84.03,30.60,4,-2,83.76,19.68,7.66,46.31,30.69
545.47,0,,84.08,30.64,4,-2,84.08,19.62,7.69,46.28,30.60
545.56,0,,83.98,30.64,4,-2,83.56,19.62,7.65,46.24,30.64
545.68,0,,83.87,30.64,4,-2,84.08,19.70,7.69,46.36,30.68
545.77,0,,83.84,30.64,2,-1,83.77,19.68,7.75,46.40,30.60
545.86,0,,83.83,30.64,2,-1,83.69,19.75,7.75,46.47,30.67
545.98,0,,83.82,30.65,1,0,84.10,19.81,7.75,46.53,30.73
546.07,0,,83.86,30.68,2,-1,83.72,19.77,7.79,46.53,30.65
546.16,0,,83.82,30.68,1,0,83.48,19.80,7.80,46.57,30.67
546.28,0,,83.78,30.68,4,-2,84.40,19.85,7.79,46.61,30.73
546.43,0,,83.84,30.70,2,-1,83.39,19.89,7.81,46.67,30.75
546.46,0,,83.75,30.72,2,-1,83.36,19.86,7.85,46.68,30.68
546.58,0,,83.53,30.70,2,-1,83.42,19.78,7.83,46.58,30.62
546.67,0,,83.27,30.66,2,-1,82.40,19.75,7.78,46.50,30.64
546.76,0,,82.86,30.62,4,-2,82.29,19.60,7.77,46.34,30.50
546.91,0,,82.61,30.54,4,-2,83.39,19.45,7.75,46.17,30.37
546.97,0,,82.85,30.45,4,-2,83.74,19.39,7.68,46.04,30.38
547.06,0,,83.24,30.37,4,-2,82.98,19.29,7.68,45.94,30.28
547.18,0,,83.34,30.30,4,-2,83.24,19.19,7.69,45.85,30.17
547.27,0,,83.28,30.21,4,-2,83.22,19.08,7.65,45.70,30.10
547.36,0,,83.20,30.12,4,-2,82.91,18.92,7.63,45.52,29.96
547.48,0,,83.11,30.03,4,-2,83.24,18.86,7.54,45.37,29.99
547.57,0,,83.10,29.98,0,1,83.14,18.82,7.51,45.30,29.98
547.66,0,,83.20,29.94,0,2,83.71,18.69,7.58,45.24,29.78
547.78,0,,83.44,29.86,0,2,83.82,18.56,7.50,45.03,29.73
547.93,0,,83.53,29.76,0,1,82.66,18.42,7.47,44.86,29.62
547.96,0,,83.31,29.66,0,1,83.09,18.42,7.54,44.93,29.55
548.08,0,,83.08,29.59,1,0,83.14,18.46,7.54,44.97,29.59
548.17,0,,83.03,29.55,2,-1,83.02,18.34,7.53,44.84,29.48
548.26,0,,83.07,29.51,2,-1,83.34,18.27,7.49,44.73,29.45
548.41,0,,83.09,29.47,2,-1,82.68,18.32,7.50,44.79,29.49
548.47,0,,82.95,29.47,2,-1,82.54,18.42,7.59,44.98,29.50
548.56,0,,82.82,29.48,4,-2,83.30,18.44,7.59,45.00,29.52
548.68,0,,82.82,29.50,4,-2,82.47,18.39,7.50,44.86,29.56
548.77,0,,82.63,29.51,4,-2,81.59,18.28,7.50,44.75,29.45
548.86,0,,82.24,29.49,4,-2,82.24,18.29,7.55,44.81,29.41
548.98,0,,82.10,29.45,4,-2,82.64,18.36,7.56,44.89,29.47
549.07,0,,82.38,29.42,4,-2,83.31,18.29,7.60,44.86,29.36
549.16,0,,82.74,29.38,4,-2,82.39,18.21,7.61,44.79,29.27
549.28,0,,82.84,29.33,2,-1,82.88,18.15,7.50,44.62,29.32
549.43,0,,82.75,29.31,2,-1,82.36,18.20,7.49,44.66,29.38
549.46,0,,82.65,29.33,2,-1,82.78,18.34,7.64,44.95,29.37
549.58,0,,82.59,29.34,0,1,82.46,18.21,7.65,44.83,29.23
549.67,0,,82.48,29.28,0,2,81.94,17.95,7.50,44.42,29.12
549.76,0,,82.27,29.18,0,1,82.19,17.83,7.52,44.32,28.98
549.91,0,,82.04,29.07,2,-1,81.48,18.03,7.62,44.62,29.08
549.97,0,,81.94,29.05,4,-2,82.74,18.22,7.65,44.84,29.24
550.06,0,,82.15,29.12,4,-2,82.59,18.21,7.65,44.83,29.23
550.18,0,,82.32,29.20,4,-2,81.58,18.26,7.64,44.87,29.29
550.27,0,,82.18,29.26,4,-2,82.09,18.30,7.68,44.95,29.29
550.36,0,,82.05,29.28,4,-2,82.25,18.29,7.73,44.99,29.23
550.48,0,,82.10,29.27,4,-2,82.27,18.32,7.75,45.04,29.24
550.57,0,,82.17,29.25,2,-1,82.03,18.32,7.76,45.05,29.23
550.66,0,,82.17,29.23,2,-1,82.22,18.34,7.77,45.08,29.24
550.78,0,,82.13,29.22,2,-1,81.88,18.30,7.79,45.06,29.18
550.93,0,,82.11,29.19,2,-1,82.46,18.18,7.76,44.91,29.09
550.96,0,,82.17,29.14,2,-1,82.13,18.14,7.70,44.81,29.11
551.08,0,,82.29,29.11,1,0,82.78,18.12,7.70,44.79,29.09
551.17,0,,82.46,29.08,0,1,82.53,18.02,7.68,44.67,29.01
551.26,0,,82.58,29.04,0,2,82.56,18.00,7.67,44.64,29.00
551.41,0,,82.47,29.01,0,2,81.54,18.08,7.75,44.80,29.00
551.47,0,,82.08,28.98,0,1,81.52,18.03,7.82,44.82,28.88
551.56,0,,81.77,28.93,2,-1,82.21,18.01,7.76,44.74,28.92
551.68,0,,81.76,28.92,4,-2,81.69,18.09,7.69,44.75,29.07
551.77,0,,81.73,28.96,4,-2,81.23,18.05,7.78,44.80,28.94
551.86,0,,81.59,28.97,4,-2,81.74,18.03,7.82,44.82,28.88
551.98,0,,81.53,28.93,4,-2,81.47,17.96,7.73,44.66,28.90
552.07,0,,81.57,28.89,4,-2,81.89,17.83,7.69,44.49,28.81
552.16,0,,81.66,28.85,4,-2,81.65,17.81,7.66,44.44,28.82
552.28,0,,81.73,28.83,4,-2,81.80,17.89,7.67,44.53,28.89
552.43,0,,81.72,28.85,2,-1,81.46,17.98,7.73,44.68,28.92
552.49,0,,81.65,28.87,1,0,81.65,17.94,7.79,44.70,28.82
552.58,0,,81.57,28.86,2,-1,81.34,17.94,7.77,44.68,28.84
552.67,0,,81.43,28.84,2,-1,81.11,17.93,7.79,44.69,28.81
552.76,0,,81.26,28.82,2,-1,81.13,17.96,7.82,44.75,28.81
552.91,0,,81.18,28.83,4,-2,81.47,18.15,7.81,44.93,29.01
552.97,0,,81.26,28.89,4,-2,81.41,18.15,7.84,44.96,28.98
553.06,0,,81.40,28.94,4,-2,81.64,18.00,7.79,44.76,28.88
553.18,0,,81.54,28.92,4,-2,81.68,17.87,7.76,44.60,28.78
553.27,0,,81.59,28.85,2,-1,81.29,17.88,7.77,44.62,28.78
553.36,0,,81.59,28.80,2,-1,81.99,18.03,7.83,44.83,28.87
553.48,0,,81.65,28.82,4,-2,81.58,18.15,7.86,44.98,28.96
553.57,0,,81.78,28.89,0,2,82.31,18.13,7.80,44.90,29.00
553.66,0,,81.95,28.94,0,2,81.96,18.03,7.84,44.84,28.86
553.78,0,,81.95,28.95,0,2,81.20,18.17,7.81,44.95,29.03
553.93,0,,81.62,28.98,0,2,80.96,18.26,7.81,45.04,29.12
553.96,0,,81.22,29.00,0,1,80.98,18.10,7.98,45.05,28.79
554.08,0,,81.07,28.96,2,-1,81.66,18.15,7.88,45.00,28.94
554.17,0,,81.25,28.94,2,-1,81.67,18.24,7.76,44.97,29.15
554.26,0,,81.46,28.98,4,-2,81.19,18.15,7.96,45.08,28.86
554.41,0,,81.42,28.98,4,-2,81.11,18.28,7.93,45.18,29.02
554.47,0,,81.21,29.01,4,-2,80.76,18.36,7.79,45.12,29.24
554.56,0,,80.93,29.04,4,-2,80.52,18.10,8.03,45.10,28.74
554.68,0,,80.68,28.97,4,-2,80.59,18.07,7.92,44.96,28.82
554.77,0,,80.55,28.90,4,-2,80.56,18.21,7.74,44.92,29.14
554.86,0,,80.69,28.91,4,-2,81.77,18.11,8.03,45.11,28.75
554.98,0,,81.14,28.90,4,-2,81.81,18.18,7.92,45.07,28.93
555.07,0,,81.41,28.92,2,-1,80.28,18.27,7.78,45.02,29.16
555.16,0,,81.19,28.96,2,-1,81.03,18.14,8.11,45.22,28.70
555.28,0,,80.93,28.91,1,0,80.89,18.24,8.04,45.25,28.87
555.43,0,,80.88,28.89,0,1,81.01,18.36,7.88,45.21,29.15
555.46,0,,80.93,28.93,0,1,81.14,18.21,8.09,45.27,28.79
555.58,0,,81.06,28.92,0,2,81.30,18.20,7.98,45.15,28.89
555.67,0,,81.15,28.92,0,2,80.93,18.27,7.82,45.06,29.12
555.76,0,,81.15,28.95,1,0,81.24,18.19,8.06,45.22,28.80
555.91,0,,81.11,28.93,2,-1,80.92,18.27,8.07,45.31,28.87
555.97,0,,80.95,28.92,2,-1,80.21,18.38,7.91,45.26,29.14
556.06,0,,80.70,28.95,2,-1,80.91,18.18,8.06,45.21,28.79
556.18,0,,80.73,28.93,2,-1,81.47,18.18,7.96,45.11,28.89
556.27,0,,80.91,28.93,2,-1,80.40,18.37,7.85,45.19,29.19
556.36,0,,80.95,28.98,2,-1,81.29,18.31,8.15,45.43,28.83
556.48,0,,81.03,28.97,2,-1,81.37,18.40,8.11,45.48,28.96
556.57,0,,81.28,28.98,1,0,81.82,18.49,7.95,45.41,29.21
556.66,0,,81.44,29.01,0,1,80.81,18.30,8.18,45.45,28.79
556.78,0,,81.33,28.99,0,2,81.18,18.45,8.12,45.54,29.00
556.93,0,,81.06,29.00,0,2,80.31,18.62,7.99,45.58,29.30
556.96,0,,80.78,29.05,0,2,80.85,18.40,8.28,45.65,28.79
557.08,0,,80.71,29.02,1,0,81.15,18.51,8.18,45.66,29.00
557.17,0,,80.87,29.01,1,0,81.02,18.63,8.02,45.62,29.28
557.26,0,,80.96,29.05,1,0,80.67,18.46,8.32,45.75,28.81
557.41,0,,80.95,29.02,2,-1,81.24,18.61,8.24,45.82,29.04
557.47,0,,80.98,29.01,2,-1,80.87,18.69,8.12,45.78,29.24
557.56,0,,81.05,29.03,1,0,81.44,18.47,8.42,45.86,28.72
557.68,0,,81.16,28.98,1,0,81.17,18.56,8.21,45.74,29.02
557.77,0,,81.19,28.99,1,0,80.81,18.71,7.99,45.67,29.39
557.86,0,,81.12,29.08,0,1,81.42,18.55,8.38,45.90,28.84
557.98,0,,81.21,29.06,0,1,81.63,18.61,8.32,45.90,28.96
558.07,0,,81.23,29.03,0,2,80.14,18.70,8.11,45.78,29.26
558.16,0,,80.88,29.03,0,1,80.30,18.45,8.40,45.82,28.72
558.28,0,,80.45,28.97,1,0,80.25,18.57,8.28,45.82,28.96
558.43,0,,80.28,28.96,2,-1,80.54,18.77,8.13,45.87,29.31
558.46,0,,80.44,29.02,4,-2,81.38,18.55,8.47,45.99,28.75
558.58,0,,80.77,28.99,4,-2,80.64,18.57,8.31,45.85,28.93
558.67,0,,80.92,28.95,4,-2,80.88,18.57,8.11,45.65,29.13
558.76,0,,80.84,28.94,4,-2,80.35,18.39,8.40,45.76,28.66
558.94,0,,80.57,28.89,4,-2,79.92,18.59,8.34,45.90,28.92
558.97,0,,80.38,28.89,4,-2,81.19,18.75,8.20,45.92,29.22
559.06,0,,80.56,28.97,1,0,81.04,18.61,8.44,46.02,28.84
559.18,0,,80.79,28.99,2,-1,80.33,18.62,8.33,45.92,28.96
559.27,0,,80.70,28.99,0,1,80.34,18.74,8.21,45.92,29.20
559.36,0,,80.57,29.02,1,0,80.97,18.68,8.47,46.12,28.88
559.48,0,,80.57,29.01,2,-1,80.25,18.67,8.36,46.00,28.98
559.57,0,,80.57,28.99,2,-1,80.80,18.69,8.23,45.89,29.13
559.66,0,,80.60,28.98,1,0,80.70,18.51,8.48,45.96,28.70
559.78,0,,80.71,28.91,0,1,80.98,18.54,8.35,45.86,28.86
559.93,0,,80.88,28.87,0,1,81.24,18.65,8.22,45.84,29.10
559.96,0,,80.96,28.89,0,1,80.31,18.47,8.49,45.93,28.65
560.08,0,,80.78,28.84,2,-1,80.41,18.52,8.37,45.86,28.82
560.17,0,,80.58,28.83,2,-1,80.88,18.61,8.20,45.78,29.08
560.26,0,,80.64,28.86,2,-1,80.98,18.40,8.44,45.81,28.63
560.41,0,,80.70,28.82,1,0,80.06,18.39,8.30,45.66,28.76
560.47,0,,80.56,28.78,1,0,80.47,18.40,8.11,45.48,28.96
560.56,0,,80.49,28.78,1,0,81.02,18.21,8.37,45.55,28.51
560.68,0,,80.65,28.72,4,-2,80.75,18.30,8.23,45.50,28.74
560.77,0,,80.75,28.73,2,-1,80.51,18.42,8.04,45.43,29.05
560.86,0,,80.76,28.79,1,0,81.11,18.29,8.39,45.65,28.57
560.98,0,,80.88,28.78,1,0,81.20,18.42,8.31,45.70,28.78
561.07,0,,81.05,28.79,0,1,81.06,18.56,8.15,45.68,29.08
561.16,0,,81.08,28.85,0,1,80.75,18.46,8.50,45.93,28.63
561.28,0,,80.93,28.84,0,2,80.52,18.63,8.38,45.98,28.92
561.43,0,,80.70,28.88,0,2,80.48,18.77,8.23,45.97,29.21
561.46,0,,80.51,28.95,0,1,80.32,18.60,8.58,46.15,28.69
561.58,0,,80.41,28.92,1,0,80.59,18.66,8.45,46.08,28.88
561.67,0,,80.51,28.90,2,-1,81.12,18.77,8.28,46.02,29.16
561.76,0,,80.78,28.93,2,-1,81.06,18.66,8.60,46.23,28.73
561.91,0,,80.96,28.92,1,0,80.67,18.81,8.48,46.26,29.00
561.97,0,,80.79,28.96,2,-1,79.78,18.96,8.29,46.22,29.34
562.06,0,,80.42,29.05,2,-1,80.46,18.72,8.58,46.27,28.81
562.18,0,,80.28,29.02,2,-1,80.68,18.66,8.48,46.11,28.85
562.27,0,,80.35,28.96,2,-1,80.08,18.75,8.25,45.97,29.17
562.36,0,,80.40,28.95,2,-1,80.81,18.64,8.53,46.14,28.78
562.48,0,,80.57,28.92,1,0,81.10,18.68,8.52,46.17,28.83
562.57,0,,80.77,28.88,2,-1,80.44,18.72,8.37,46.06,29.02
562.66,0,,80.85,28.87,2,-1,81.31,18.65,8.59,46.21,28.73
562.78,0,,80.86,28.86,0,1,80.26,18.82,8.58,46.37,28.91
562.93,0,,80.74,28.87,0,2,80.68,18.89,8.51,46.37,29.05
562.96,0,,80.65,28.93,0,2,80.85,18.90,8.67,46.54,28.90
563.08,0,,80.72,28.97,0,2,81.00,18.99,8.64,46.60,29.02
563.17,0,,80.82,29.00,0,2,80.63,19.06,8.63,46.66,29.10
563.26,0,,80.86,29.06,0,1,81.15,19.31,8.78,47.06,29.20
563.41,0,,80.94,29.16,0,1,81.02,19.50,8.83,47.30,29.34
563.47,0,,81.00,29.26,1,0,80.84,19.50,8.84,47.31,29.33
563.56,0,,80.94,29.33,0,1,80.72,19.59,8.87,47.43,29.39
563.68,0,,80.88,29.39,0,1,81.16,19.68,8.84,47.49,29.51
563.77,0,,80.94,29.45,0,1,81.08,19.67,8.83,47.47,29.51
563.86,0,,80.94,29.49,0,1,80.28,19.60,8.81,47.38,29.46
563.98,0,,80.84,29.49,0,1,81.36,19.58,8.77,47.32,29.48
564.07,0,,80.96,29.48,1,0,81.50,19.56,8.74,47.27,29.49
564.16,0,,81.11,29.48,1,0,80.33,19.53,8.72,47.22,29.48
564.28,0,,81.03,29.50,0,1,81.41,19.75,8.74,47.46,29.68
564.43,0,,81.05,29.59,0,1,81.25,19.87,8.71,47.55,29.83
564.46,0,,81.28,29.72,0,1,81.97,19.83,8.66,47.46,29.84
564.58,0,,81.52,29.82,0,1,81.28,19.86,8.68,47.51,29.85
564.67,0,,81.59,29.85,0,2,81.61,19.86,8.69,47.52,29.84
564.77,0,,81.56,29.87,0,2,81.49,19.99,8.70,47.66,29.96
564.91,0,,81.57,29.92,0,2,81.74,20.10,8.68,47.75,30.09
564.97,0,,81.71,30.00,0,2,82.37,20.08,8.65,47.70,30.10
565.06,0,,82.04,30.07,0,2,82.58,20.11,8.67,47.75,30.11
565.18,0,,82.33,30.11,0,2,82.17,20.14,8.69,47.80,30.12
565.27,0,,82.30,30.14,0,2,81.56,20.26,8.68,47.91,30.25
565.36,0,,82.01,30.20,0,2,81.76,20.35,8.65,47.97,30.37
565.48,0,,81.84,30.28,0,2,82.25,20.33,8.70,48.00,30.30
565.57,0,,82.03,30.32,0,2,82.88,20.38,8.72,48.07,30.33
565.66,0,,82.34,30.35,0,2,82.10,20.46,8.66,48.09,30.47
565.78,0,,82.52,30.41,0,2,82.99,20.57,8.68,48.22,30.56
565.93,0,,82.65,30.49,0,2,82.64,20.63,8.70,48.30,30.60
565.96,0,,82.77,30.56,0,2,82.98,20.64,8.70,48.31,30.61
566.08,0,,82.81,30.61,0,2,82.54,20.70,8.69,48.36,30.68
566.17,0,,82.66,30.65,0,2,81.90,20.70,8.73,48.40,30.64
566.26,0,,82.42,30.65,0,2,82.78,20.75,8.81,48.53,30.61
566.41,0,,82.47,30.65,0,2,83.12,20.87,8.79,48.63,30.75
566.47,0,,82.74,30.68,0,2,82.81,20.86,8.77,48.60,30.76
566.56,0,,82.72,30.73,0,2,81.51,20.85,8.75,48.57,30.77
566.68,0,,82.43,30.77,1,0,82.88,20.92,8.76,48.65,30.83
566.77,0,,82.31,30.81,4,-2,82.15,21.05,8.86,48.88,30.86
566.86,0,,82.31,30.84,4,-2,82.31,21.08,8.88,48.93,30.87
566.98,0,,82.37,30.85,4,-2,82.96,21.01,8.89,48.87,30.79
567.07,0,,82.59,30.84,2,-1,82.80,21.08,8.88,48.93,30.87
567.16,0,,82.83,30.86,0,1,83.17,21.18,8.80,48.95,31.05
567.28,0,,82.96,30.94,0,1,82.70,21.24,8.84,49.05,31.07
567.43,0,,82.97,31.02,0,1,83.05,21.25,8.90,49.12,31.02
567.46,0,,82.86,31.04,0,2,82.25,21.18,8.85,49.00,31.00
567.58,0,,82.64,31.02,0,2,82.39,21.18,8.87,49.02,30.98
567.67,0,,82.44,30.99,0,2,82.49,21.25,8.94,49.16,30.98
567.76,0,,82.47,31.00,0,1,83.05,21.34,8.91,49.22,31.10
567.91,0,,82.66,31.04,2,-1,82.67,21.39,8.88,49.24,31.18
567.97,0,,82.72,31.11,1,0,82.30,21.36,8.91,49.24,31.12
568.06,0,,82.55,31.13,1,0,82.17,21.37,8.96,49.30,31.08
568.18,0,,82.39,31.12,4,-2,82.73,21.46,8.98,49.41,31.15
568.27,0,,82.53,31.13,4,-2,83.31,21.52,8.96,49.45,31.23
568.36,0,,82.76,31.17,2,-1,82.20,21.52,8.96,49.45,31.23
568.48,0,,82.83,31.21,0,1,83.41,21.50,8.94,49.41,31.23
568.57,0,,82.99,31.24,1,0,83.33,21.52,8.90,49.39,31.29
568.66,0,,83.16,31.26,0,1,82.83,21.53,8.93,49.43,31.27
568.78,0,,83.14,31.26,0,2,83.18,21.52,8.98,49.47,31.21
568.93,0,,83.19,31.24,0,2,83.80,21.49,8.98,49.44,31.18
568.96,0,,83.31,31.20,0,2,82.79,21.42,8.95,49.34,31.14
569.08,0,,83.16,31.16,0,2,82.47,21.44,8.93,49.34,31.18
569.17,0,,82.86,31.16,0,2,82.95,21.45,8.95,49.37,31.17
569.26,0,,82.76,31.16,0,1,82.91,21.42,8.97,49.36,31.12
569.41,0,,82.89,31.12,0,1,83.51,21.36,9.07,49.40,30.96
569.47,0,,82.99,30.98,2,-1,82.12,21.13,9.34,49.44,30.46
569.56,0,,82.75,30.71,4,-2,82.15,21.03,9.38,49.38,30.32
569.68,0,,82.39,30.48,4,-2,82.31,21.17,9.27,49.41,30.57
569.78,0,,82.33,30.44,4,-2,83.13,21.28,9.30,49.55,30.65
569.86,0,,82.52,30.52,4,-2,82.26,21.22,9.29,49.48,30.60
569.98,0,,82.72,30.58,4,-2,83.58,21.13,9.29,49.39,30.51
570.07,0,,82.96,30.57,2,-1,82.88,21.14,9.29,49.40,30.52
570.16,0,,83.17,30.55,0,1,83.59,21.19,9.25,49.41,30.61
570.28,0,,83.21,30.56,1,0,82.50,21.24,9.29,49.50,30.62
570.43,0,,83.01,30.57,0,2,82.66,21.15,9.36,49.48,30.46
570.46,0,,82.77,30.53,0,2,82.81,21.06,9.35,49.38,30.38
570.58,0,,82.77,30.46,0,2,83.31,21.15,9.29,49.41,30.53
570.67,0,,82.92,30.47,0,2,82.83,21.25,9.26,49.48,30.66
570.76,0,,82.95,30.54,0,1,82.63,21.23,9.32,49.52,30.58
570.91,0,,82.86,30.57,1,0,82.92,21.13,9.36,49.46,30.44
570.97,0,,82.85,30.53,1,0,83.13,21.12,9.32,49.41,30.47
571.06,0,,82.91,30.49,1,0,82.66,21.18,9.29,49.44,30.56
571.18,0,,82.85,30.50,0,1,82.61,21.21,9.35,49.53,30.53
571.27,0,,82.78,30.51,2,-1,83.10,21.22,9.41,49.60,30.48
571.36,0,,82.89,30.51,1,0,83.25,21.19,9.35,49.51,30.51
571.48,0,,83.07,30.51,1,0,83.10,21.20,9.31,49.48,30.56
571.57,0,,83.17,30.52,0,1,83.22,21.21,9.37,49.55,30.51
571.66,0,,83.15,30.51,0,1,82.81,21.18,9.43,49.58,30.42
571.78,0,,83.06,30.47,0,1,83.05,21.19,9.40,49.56,30.46
571.93,0,,82.93,30.45,1,0,82.54,21.13,9.34,49.44,30.46
571.96,0,,82.67,30.43,1,0,81.84,20.99,9.33,49.29,30.33
572.08,0,,82.29,30.35,0,1,82.12,20.86,9.44,49.27,30.09
572.17,0,,82.12,30.21,4,-2,82.58,20.85,9.52,49.34,30.00
572.26,0,,82.19,30.07,4,-2,82.11,20.91,9.51,49.39,30.07
572.41,0,,82.29,30.03,4,-2,82.56,21.02,9.54,49.53,30.15
572.47,0,,82.40,30.08,4,-2,82.58,21.11,9.51,49.59,30.27
572.56,0,,82.56,30.18,4,-2,82.86,21.09,9.44,49.50,30.32
572.68,0,,82.75,30.28,4,-2,83.06,21.17,9.43,49.57,30.41
572.77,0,,82.91,30.37,2,-1,82.85,21.14,9.36,49.47,30.45
572.86,0,,82.81,30.42,0,2,81.78,21.03,9.32,49.32,30.38
572.98,0,,82.43,30.41,0,2,82.13,21.03,9.34,49.34,30.36
573.07,0,,82.29,30.38,0,2,83.37,20.98,9.30,49.25,30.35
573.16,0,,82.61,30.37,0,1,83.05,21.00,9.22,49.19,30.45
573.28,0,,82.89,30.37,0,1,82.43,20.85,9.20,49.02,30.32
573.43,0,,82.89,30.32,0,1,83.07,20.55,9.19,48.71,30.03
573.46,0,,82.86,30.19,0,1,82.77,20.51,9.11,48.59,30.07
573.58,0,,82.95,30.09,0,1,83.59,20.49,9.03,48.49,30.13
573.67,0,,82.99,30.06,0,1,81.92,20.40,9.04,48.41,30.03
573.76,0,,82.82,30.04,0,2,83.21,20.40,9.07,48.44,30.00
573.91,0,,82.74,30.02,1,0,82.66,20.36,9.05,48.38,29.98
573.97,0,,82.84,29.99,0,1,83.41,20.26,8.98,48.21,29.95
574.06,0,,83.00,29.96,0,2,82.85,20.23,8.96,48.16,29.94
574.18,0,,83.11,29.94,0,1,83.42,20.25,8.97,48.19,29.95
574.27,0,,83.03,29.93,0,1,81.94,20.16,8.92,48.05,29.91
574.36,0,,82.73,29.91,0,1,82.66,20.10,8.89,47.96,29.88
574.48,0,,82.55,29.89,2,-1,82.95,20.08,8.92,47.97,29.83
574.57,0,,82.68,29.84,2,-1,83.00,20.01,8.94,47.92,29.74
574.66,0,,82.86,29.80,2,-1,82.83,20.09,8.92,47.98,29.84
574.78,0,,82.89,29.80,2,-1,82.64,20.17,8.90,48.04,29.94
574.93,0,,82.81,29.85,2,-1,82.77,20.03,8.88,47.88,29.82
574.96,0,,82.82,29.85,2,-1,83.36,19.94,8.86,47.77,29.75
575.08,0,,82.94,29.81,1,0,82.67,19.91,8.83,47.71,29.75
575.17,0,,82.86,29.75,0,1,82.20,19.85,8.82,47.64,29.70
575.26,0,,82.69,29.72,0,1,83.25,19.82,8.79,47.58,29.70
575.41,0,,82.72,29.69,0,1,82.67,19.74,8.71,47.42,29.70
575.47,0,,82.77,29.66,0,1,82.63,19.56,8.73,47.26,29.50
575.56,0,,82.77,29.57,1,0,83.06,19.39,8.69,47.05,29.37
575.68,0,,82.81,29.47,2,-1,82.67,19.32,8.56,46.85,29.43
575.77,0,,82.82,29.40,2,-1,82.80,19.22,8.54,46.73,29.35
575.86,0,,82.78,29.35,2,-1,82.68,19.07,8.48,46.52,29.26
575.98,0,,82.71,29.28,2,-1,82.56,18.91,8.45,46.33,29.13
576.07,0,,82.73,29.18,1,0,83.33,18.83,8.46,46.26,29.04
576.16,0,,82.81,29.10,1,0,82.25,18.84,8.42,46.23,29.09
576.31,0,,82.72,29.05,1,0,82.56,18.73,8.43,46.13,28.97
576.43,0,,82.52,29.00,2,-1,82.15,18.71,8.42,46.10,28.96
576.46,0,,82.34,28.98,2,-1,82.25,18.79,8.43,46.19,29.03
576.58,0,,82.27,28.98,4,-2,82.55,18.79,8.47,46.23,28.99
576.67,0,,82.39,28.99,4,-2,82.78,18.81,8.46,46.24,29.02
576.76,0,,82.57,29.01,4,-2,82.54,18.86,8.50,46.33,29.03
576.91,0,,82.63,29.02,2,-1,82.49,18.87,8.50,46.34,29.04
576.97,0,,82.44,29.03,2,-1,81.44,18.87,8.52,46.36,29.02
577.06,0,,82.13,29.02,4,-2,82.40,18.89,8.55,46.41,29.01
577.18,0,,82.05,29.02,4,-2,82.32,18.93,8.54,46.44,29.06
577.27,0,,82.19,29.03,4,-2,82.36,18.95,8.54,46.46,29.08
577.36,0,,82.24,29.04,2,-1,81.81,18.78,8.50,46.25,28.95
577.48,0,,82.16,28.99,2,-1,82.25,18.52,8.39,45.88,28.80
577.57,0,,82.16,28.90,2,-1,82.51,18.48,8.33,45.78,28.82
577.66,0,,82.23,28.84,4,-2,81.84,18.61,8.38,45.96,28.90
577.78,0,,82.28,28.84,2,-1,83.02,18.66,8.44,46.07,28.89
577.93,0,,82.48,28.86,0,1,82.64,18.61,8.42,46.00,28.86
577.96,0,,82.61,28.85,0,2,82.21,18.51,8.43,45.91,28.75
578.08,0,,82.60,28.81,0,2,83.05,18.53,8.46,45.96,28.74
578.17,0,,82.64,28.78,0,2,82.39,18.66,8.48,46.11,28.85
578.26,0,,82.60,28.79,0,2,82.40,18.71,8.49,46.17,28.89
578.41,0,,82.58,28.84,0,2,83.12,18.67,8.46,46.10,28.88
578.47,0,,82.65,28.86,0,2,82.27,18.60,8.47,46.04,28.80
578.56,0,,82.49,28.83,0,1,81.54,18.55,8.50,46.02,28.72
578.68,0,,82.11,28.78,1,0,82.04,18.51,8.43,45.91,28.75
578.77,0,,81.93,28.74,2,-1,82.25,18.47,8.38,45.82,28.76
578.86,0,,81.95,28.73,4,-2,81.71,18.50,8.43,45.90,28.74
578.98,0,,81.88,28.73,4,-2,81.53,18.54,8.46,45.97,28.75
579.07,0,,81.72,28.74,4,-2,81.66,18.57,8.51,46.05,28.73
579.16,0,,81.68,28.75,4,-2,82.07,18.74,8.55,46.26,28.86
579.28,0,,81.78,28.80,4,-2,81.76,18.84,8.60,46.41,28.91
579.43,0,,81.86,28.85,4,-2,81.92,18.79,8.63,46.39,28.83
579.46,0,,81.96,28.87,4,-2,82.41,18.83,8.59,46.39,28.91
579.58,0,,82.09,28.89,1,0,81.86,18.86,8.58,46.41,28.95
579.67,0,,82.13,28.92,4,-2,82.25,18.86,8.62,46.45,28.91
579.76,0,,82.07,28.92,0,1,81.65,18.84,8.66,46.47,28.85
579.91,0,,81.85,28.88,0,2,81.14,18.82,8.69,46.48,28.80
579.97,0,,81.54,28.83,0,1,81.60,18.82,8.70,46.49,28.79
580.06,0,,81.44,28.79,2,-1,81.71,18.78,8.69,46.44,28.76
580.18,0,,81.65,28.77,4,-2,82.56,18.82,8.68,46.47,28.81
580.27,0,,81.99,28.79,4,-2,81.90,18.93,8.71,46.61,28.89
580.36,0,,82.09,28.82,2,-1,81.68,18.92,8.76,46.65,28.83
580.48,0,,82.08,28.84,1,0,82.82,18.89,8.78,46.64,28.78
580.57,0,,82.17,28.83,2,-1,81.72,18.96,8.73,46.66,28.90
580.66,0,,82.09,28.85,0,1,81.59,19.02,8.75,46.74,28.94
580.78,0,,81.74,28.88,0,1,80.93,18.98,8.79,46.74,28.86
580.93,0,,81.35,28.88,0,1,81.30,18.98,8.80,46.75,28.85
580.96,0,,81.18,28.86,4,-2,81.32,19.02,8.86,46.85,28.83
581.08,0,,81.18,28.84,4,-2,81.18,19.10,8.92,46.99,28.85
581.17,0,,81.24,28.84,4,-2,81.50,19.22,8.93,47.12,28.96
581.26,0,,81.38,28.90,4,-2,81.75,19.32,8.95,47.24,29.04
581.41,0,,81.52,28.98,4,-2,81.29,19.44,9.01,47.42,29.10
581.47,0,,81.60,29.07,4,-2,82.07,19.58,9.06,47.61,29.19
581.56,0,,81.71,29.14,2,-1,81.69,19.67,9.13,47.77,29.21
581.68,0,,81.76,29.19,2,-1,81.50,19.71,9.17,47.85,29.21
581.77,0,,81.68,29.21,2,-1,81.69,19.54,8.99,47.50,29.22
581.86,0,,81.64,29.19,0,2,81.69,19.19,8.86,47.02,29.00
581.98,0,,81.71,29.10,0,2,82.10,19.06,8.85,46.88,28.88
582.10,0,,81.89,29.00,0,2,82.16,19.15,8.75,46.87,29.07
582.16,0,,82.12,28.98,0,2,82.55,19.12,8.72,46.81,29.07
582.28,0,,82.36,29.01,0,2,82.52,19.07,8.74,46.78,29.00
582.43,0,,82.45,29.03,0,2,82.02,19.11,8.70,46.78,29.08
582.46,0,,82.37,29.05,0,2,82.46,19.17,8.73,46.87,29.11
582.58,0,,82.28,29.08,0,2,82.01,19.24,8.78,46.99,29.13
582.67,0,,82.13,29.12,0,2,81.65,19.25,8.72,46.94,29.20
582.76,0,,81.92,29.16,0,1,81.97,19.18,8.69,46.84,29.16
582.94,0,,81.90,29.17,0,1,82.36,19.16,8.66,46.79,29.17
582.97,0,,82.15,29.18,2,-1,82.83,19.23,8.63,46.83,29.27
583.06,0,,82.48,29.23,2,-1,82.64,19.35,8.62,46.94,29.40
583.18,0,,82.60,29.32,1,0,82.02,19.36,8.60,46.93,29.43
583.27,0,,82.43,29.38,0,1,82.19,19.27,8.63,46.87,29.31
583.36,0,,82.20,29.37,0,1,81.87,19.27,8.65,46.89,29.29
583.48,0,,82.03,29.34,0,1,82.05,19.39,8.63,46.99,29.43
583.57,0,,82.06,29.37,0,1,82.77,19.48,8.63,47.08,29.52
583.66,0,,82.40,29.45,0,1,83.19,19.51,8.59,47.07,29.59
583.78,0,,82.82,29.54,0,2,82.96,19.53,8.54,47.04,29.66
583.93,0,,83.03,29.62,0,2,82.90,19.53,8.55,47.05,29.65
583.96,0,,82.97,29.65,0,2,82.45,19.59,8.61,47.17,29.65
584.08,0,,82.72,29.67,0,2,82.35,19.67,8.58,47.22,29.76
584.17,0,,82.62,29.71,0,2,83.44,19.63,8.54,47.14,29.76
584.26,0,,82.80,29.74,0,2,82.86,19.62,8.54,47.13,29.75
584.41,0,,83.03,29.76,0,2,83.44,19.66,8.54,47.17,29.79
584.47,0,,83.20,29.79,0,2,83.17,19.78,8.55,47.30,29.90
584.56,0,,83.25,29.84,0,2,83.09,19.84,8.58,47.39,29.93
584.68,0,,83.23,29.88,0,2,83.40,19.76,8.61,47.34,29.82
584.78,0,,83.18,29.87,0,2,82.68,19.74,8.58,47.29,29.83
584.86,0,,83.01,29.85,0,2,82.73,19.76,8.56,47.29,29.87
584.98,0,,82.81,29.86,0,2,82.75,19.87,8.58,47.42,29.96
585.07,0,,82.66,29.91,1,0,82.26,19.96,8.59,47.52,30.04
585.16,0,,82.62,29.97,4,-2,83.39,19.89,8.59,47.45,29.97
585.28,0,,82.73,30.00,4,-2,82.37,19.92,8.57,47.46,30.02
585.43,0,,82.75,30.01,4,-2,82.69,19.99,8.62,47.58,30.04
585.46,0,,82.66,30.02,4,-2,82.56,20.02,8.66,47.65,30.03
585.58,0,,82.66,30.05,4,-2,82.99,20.11,8.61,47.69,30.17
585.67,0,,82.71,30.10,4,-2,82.51,20.10,8.62,47.69,30.15
585.76,0,,82.73,30.13,2,-1,82.87,20.04,8.66,47.67,30.05
585.91,0,,82.78,30.11,1,0,83.00,20.09,8.64,47.70,30.12
585.97,0,,82.97,30.11,2,-1,83.59,20.18,8.65,47.80,30.20
586.06,0,,83.21,30.16,0,2,83.15,20.22,8.63,47.82,30.26
586.18,0,,83.33,30.21,0,2,83.32,20.22,8.60,47.79,30.29
586.27,0,,83.35,30.26,0,2,83.41,20.21,8.63,47.81,30.25
586.36,0,,83.26,30.28,0,2,82.53,20.26,8.62,47.85,30.31
586.48,0,,83.08,30.30,0,2,83.35,20.36,8.66,47.99,30.37
586.57,0,,83.01,30.33,0,2,82.90,20.40,8.74,48.11,30.33
586.66,0,,83.04,30.34,0,1,83.29,20.38,8.75,48.10,30.30
586.78,0,,83.13,30.32,0,1,83.29,20.38,8.75,48.10,30.30
586.93,0,,83.21,30.31,0,1,83.09,20.48,8.77,48.22,30.38
586.96,0,,83.19,30.34,2,-1,83.03,20.57,8.81,48.35,30.43
587.08,0,,83.07,30.38,2,-1,82.72,20.58,8.86,48.41,30.39
587.17,0,,82.94,30.39,2,-1,83.06,20.57,8.84,48.38,30.40
587.26,0,,82.87,30.40,2,-1,82.68,20.52,8.78,48.27,30.41
587.41,0,,82.84,30.40,2,-1,82.97,20.54,8.82,48.33,30.39
587.47,0,,82.84,30.41,2,-1,82.79,20.67,8.86,48.50,30.48
587.56,0,,82.90,30.43,4,-2,83.26,20.65,8.85,48.47,30.47
587.68,0,,83.05,30.45,4,-2,83.35,20.58,8.86,48.41,30.39
587.77,0,,83.11,30.44,0,1,82.38,20.67,8.85,48.49,30.49
587.86,0,,82.88,30.46,0,1,82.47,20.72,8.84,48.53,30.55
587.98,0,,82.66,30.50,0,1,82.98,20.79,8.90,48.66,30.56
588.07,0,,82.78,30.54,2,-1,83.58,20.82,8.93,48.72,30.56
588.16,0,,83.04,30.55,2,-1,82.73,20.79,8.94,48.70,30.52
588.28,0,,83.09,30.55,0,1,82.97,20.86,8.93,48.76,30.60
588.43,0,,83.05,30.57,0,1,83.26,20.91,8.93,48.81,30.65
588.46,0,,83.00,30.62,2,-1,82.42,20.99,8.98,48.94,30.68
588.58,0,,82.88,30.65,2,-1,83.07,21.00,9.01,48.98,30.66
588.67,0,,82.76,30.66,2,-1,82.29,20.93,8.99,48.89,30.61
588.76,0,,82.58,30.65,2,-1,82.28,20.99,8.97,48.93,30.69
588.91,0,,82.42,30.66,2,-1,82.61,21.07,9.01,49.05,30.73
588.97,0,,82.42,30.69,4,-2,82.55,21.13,9.04,49.14,30.76
589.06,0,,82.55,30.73,4,-2,82.95,21.16,9.03,49.16,30.80
589.18,0,,82.76,30.76,4,-2,83.08,21.12,9.08,49.17,30.71
589.27,0,,82.93,30.75,2,-1,82.81,21.09,9.10,49.16,30.66
589.36,0,,82.98,30.72,2,-1,83.07,21.19,9.08,49.24,30.78
589.48,0,,83.03,30.74,1,0,83.29,21.32,9.14,49.43,30.85
589.57,0,,83.13,30.79,0,2,83.11,21.30,9.10,49.37,30.87
589.66,0,,83.11,30.84,0,2,82.69,21.24,9.07,49.28,30.84
589.78,0,,82.95,30.86,0,2,82.79,21.29,9.11,49.37,30.85
589.93,0,,82.77,30.87,0,2,82.48,21.37,9.08,49.42,30.96
589.96,0,,82.74,30.90,0,1,83.44,21.41,9.12,49.50,30.96
590.08,0,,82.93,30.93,2,-1,83.14,21.40,9.13,49.50,30.94
590.17,0,,83.08,30.94,2,-1,82.73,21.37,9.14,49.48,30.90
590.26,0,,82.93,30.91,1,0,82.24,21.39,9.21,49.57,30.85
590.41,0,,82.57,30.89,0,1,82.11,21.48,9.19,49.64,30.96
590.47,0,,82.35,30.92,4,-2,82.91,21.57,9.21,49.75,31.03
590.56,0,,82.46,30.97,4,-2,82.71,21.58,9.26,49.81,30.99
590.68,0,,82.69,31.00,4,-2,83.05,21.56,9.25,49.78,30.98
590.77,0,,82.91,31.01,2,-1,83.19,21.64,9.23,49.84,31.08
590.86,0,,82.98,31.04,2,-1,82.27,21.73,9.28,49.98,31.12
590.98,0,,82.92,31.07,1,0,83.55,21.69,9.34,50.00,31.02
591.07,0,,82.93,31.06,1,0,82.50,21.69,9.32,49.98,31.04
591.16,0,,82.76,31.05,0,2,81.88,21.72,9.32,50.01,31.07
591.28,0,,82.52,31.05,0,2,83.26,21.78,9.35,50.10,31.10
591.43,0,,82.66,31.08,0,1,83.25,21.91,9.36,50.24,31.22
591.46,0,,82.94,31.14,1,0,82.73,21.94,9.42,50.33,31.19
591.58,0,,82.92,31.17,1,0,82.33,21.88,9.44,50.29,31.11
591.67,0,,82.72,31.16,2,-1,82.79,21.90,9.41,50.28,31.16
591.76,0,,82.58,31.16,2,-1,82.32,22.02,9.43,50.42,31.26
591.91,0,,82.48,31.19,2,-1,82.41,22.08,9.50,50.55,31.25
591.97,0,,82.47,31.22,2,-1,82.92,22.09,9.56,50.62,31.20
592.06,0,,82.61,31.23,2,-1,82.69,22.11,9.56,50.64,31.22
592.18,0,,82.75,31.23,2,-1,82.91,22.16,9.53,50.66,31.30
592.27,0,,82.79,31.27,2,-1,82.52,22.25,9.50,50.72,31.42
592.36,0,,82.71,31.35,2,-1,82.50,22.31,9.53,50.81,31.45
592.48,0,,82.71,31.41,1,0,83.50,22.31,9.58,50.86,31.40
592.57,0,,82.87,31.42,2,-1,82.53,22.32,9.61,50.90,31.38
592.66,0,,82.94,31.40,0,2,83.15,22.27,9.59,50.83,31.35
592.78,0,,82.91,31.36,0,2,82.51,22.20,9.57,50.74,31.30
592.93,0,,82.89,31.33,0,2,83.40,22.27,9.61,50.85,31.33
592.96,0,,83.09,31.37,0,1,83.83,22.48,9.44,50.89,31.71
593.08,0,,83.47,31.57,0,2,83.80,22.72,9.19,50.88,32.20
593.17,0,,83.65,31.88,0,2,83.04,22.67,9.24,50.88,32.10
593.27,0,,83.55,32.06,0,2,83.62,22.60,9.35,50.92,31.92
593.41,0,,83.43,32.09,0,2,83.19,22.77,9.30,51.04,32.14
593.47,0,,83.27,32.09,0,2,82.73,22.77,9.26,51.00,32.18
593.56,0,,83.04,32.12,0,2,83.02,22.70,9.27,50.94,32.10
593.68,0,,82.85,32.13,0,1,82.42,22.74,9.28,50.99,32.13
593.77,0,,82.72,32.11,4,-2,82.95,22.64,9.29,50.90,32.02
593.86,0,,82.83,32.07,4,-2,83.65,22.64,9.28,50.89,32.03
593.98,0,,83.13,32.04,4,-2,83.19,22.66,9.25,50.88,32.08
594.07,0,,83.42,32.04,4,-2,84.05,22.56,9.21,50.74,32.02
594.16,0,,83.54,32.01,2,-1,82.68,22.47,9.24,50.68,31.90
594.28,0,,83.32,31.96,0,1,82.82,22.47,9.23,50.67,31.91
594.43,0,,83.01,31.93,0,1,83.03,22.54,9.19,50.70,32.02
594.46,0,,82.92,31.94,0,1,83.11,22.48,9.23,50.68,31.92
594.58,0,,82.97,31.93,0,1,82.99,22.39,9.25,50.61,31.81
594.67,0,,83.01,31.89,2,-1,83.02,22.45,9.22,50.64,31.90
594.77,0,,83.03,31.87,2,-1,83.07,22.46,9.19,50.62,31.94
594.92,0,,83.10,31.90,4,-2,83.42,22.49,9.19,50.65,31.97
594.97,0,,83.11,31.94,4,-2,82.43,22.55,9.23,50.75,31.99
595.06,0,,82.95,31.96,2,-1,82.92,22.51,9.30,50.78,31.88
595.18,0,,82.82,31.93,2,-1,82.87,22.52,9.34,50.83,31.85
595.27,0,,82.79,31.88,2,-1,82.68,22.58,9.36,50.91,31.89
595.36,0,,82.79,31.87,2,-1,82.94,22.67,9.39,51.03,31.95
595.48,0,,82.90,31.91,2,-1,83.45,22.76,9.43,51.16,32.00
595.57,0,,83.11,31.95,2,-1,83.09,22.72,9.43,51.12,31.96
595.66,0,,83.13,31.96,2,-1,82.58,22.66,9.43,51.06,31.90
595.78,0,,82.97,31.93,2,-1,83.01,22.64,9.48,51.09,31.83
595.93,0,,83.00,31.88,0,1,83.80,22.66,9.43,51.06,31.90
595.96,0,,83.25,31.88,0,1,83.29,22.73,9.40,51.10,32.00
596.08,0,,83.39,31.92,0,2,83.13,22.71,9.43,51.11,31.95
596.17,0,,83.39,31.96,0,2,83.75,22.75,9.44,51.16,31.98
596.26,0,,83.42,31.98,0,2,83.12,22.88,9.51,51.36,32.04
596.41,0,,83.29,32.01,0,2,82.70,22.94,9.56,51.47,32.05
596.47,0,,83.04,32.04,0,1,82.98,22.98,9.57,51.52,32.08
596.56,0,,82.88,32.06,1,0,82.78,22.95,9.56,51.48,32.06
596.68,0,,82.93,32.06,1,0,83.72,22.87,9.54,51.38,32.00
596.77,0,,83.09,32.03,2,-1,82.62,22.89,9.57,51.43,31.99
596.86,0,,83.12,32.02,4,-2,83.24,23.00,9.59,51.56,32.08
596.98,0,,83.12,32.04,4,-2,83.30,23.07,9.61,51.65,32.13
597.07,0,,83.14,32.07,2,-1,82.79,23.05,9.63,51.65,32.09
597.16,0,,83.06,32.09,2,-1,83.02,23.05,9.64,51.66,32.08
597.28,0,,82.93,32.08,1,0,82.59,23.08,9.71,51.76,32.04
597.43,0,,82.84,32.05,1,0,83.06,23.02,9.70,51.69,31.99
597.46,0,,82.82,32.00,2,-1,82.69,22.83,9.62,51.42,31.88
597.58,0,,82.90,31.93,1,0,83.48,22.70,9.52,51.19,31.85
597.67,0,,83.05,31.87,1,0,82.90,22.60,9.42,50.99,31.85
597.76,0,,83.03,31.82,1,0,82.48,22.45,9.42,50.84,31.70
597.91,0,,82.84,31.76,1,0,82.81,22.54,9.48,50.99,31.73
597.97,0,,82.81,31.75,2,-1,83.43,22.76,9.49,51.22,31.94
598.06,0,,83.05,31.82,2,-1,83.48,22.77,9.50,51.24,31.94
598.18,0,,83.34,31.89,0,1,83.50,22.72,9.53,51.22,31.86
598.27,0,,83.34,31.89,0,2,82.31,22.65,9.53,51.15,31.79
598.36,0,,83.03,31.84,0,2,82.84,22.64,9.53,51.14,31.78
598.48,0,,82.87,31.82,2,-1,83.60,22.76,9.50,51.23,31.93
598.57,0,,83.15,31.84,2,-1,83.88,22.70,9.48,51.15,31.89
598.66,0,,83.36,31.85,0,1,82.30,22.55,9.53,51.05,31.69
598.78,0,,83.14,31.80,0,2,82.78,22.61,9.54,51.12,31.74
598.93,0,,82.74,31.77,1,0,82.16,22.77,9.51,51.25,31.93
598.96,0,,82.47,31.82,4,-2,82.59,22.87,9.63,51.47,31.91
599.08,0,,82.51,31.86,4,-2,83.39,22.82,9.74,51.53,31.75
599.17,0,,82.78,31.84,4,-2,82.70,22.73,9.58,51.28,31.82
599.26,0,,83.01,31.80,2,-1,83.51,22.50,9.46,50.93,31.71
599.41,0,,83.25,31.75,2,-1,83.64,22.38,9.40,50.75,31.65
599.47,0,,83.46,31.72,1,0,83.34,22.58,9.39,50.94,31.86
599.56,0,,83.49,31.74,0,2,83.33,22.47,9.40,50.84,31.74
599.68,0,,83.32,31.74,0,2,82.57,22.28,9.34,50.59,31.61
599.78,0,,83.11,31.69,0,2,83.56,22.32,9.33,50.62,31.66
599.86,0,,83.14,31.65,0,2,83.41,22.24,9.27,50.48,31.64
599.98,0,,83.22,31.63,0,2,82.78,22.18,9.23,50.38,31.62
600.07,0,,83.18,31.61,0,1,83.42,22.11,9.24,50.32,31.54
600.16,0,,83.26,31.58,1,0,83.82,22.04,9.14,50.15,31.57
600.28,0,,83.42,31.57,0,1,83.05,22.04,9.12,50.13,31.59
600.43,0,,83.42,31.57,0,1,83.44,22.06,9.14,50.17,31.59
600.46,0,,83.48,31.59,0,1,84.17,22.13,9.11,50.21,31.69
600.58,0,,83.69,31.64,0,2,83.67,22.15,9.11,50.23,31.71
600.67,0,,83.84,31.68,0,2,83.90,22.12,9.08,50.17,31.71
600.76,0,,83.90,31.70,0,2,84.06,22.10,9.10,50.17,31.67
600.91,0,,83.93,31.69,0,2,83.69,22.14,9.13,50.24,31.68
600.97,0,,83.89,31.70,0,2,83.89,22.26,9.10,50.33,31.83
601.06,0,,83.98,31.75,0,2,84.83,22.29,9.14,50.40,31.82
601.18,0,,84.10,31.79,0,2,83.14,22.21,9.17,50.35,31.71
601.27,0,,83.84,31.78,0,2,83.02,22.22,9.12,50.31,31.77
601.36,0,,83.51,31.77,0,2,84.25,22.29,9.12,50.38,31.84
601.48,0,,83.49,31.79,2,-1,83.04,22.38,9.21,50.56,31.84
601.57,0,,83.50,31.82,4,-2,83.71,22.39,9.26,50.62,31.80
601.66,0,,83.62,31.82,4,-2,84.47,22.37,9.19,50.53,31.85
601.78,0,,83.90,31.84,4,-2,83.66,22.39,9.13,50.49,31.93
601.93,0,,83.99,31.87,2,-1,83.93,22.39,9.16,50.52,31.90
601.96,0,,83.82,31.90,2,-1,82.99,22.42,9.21,50.60,31.88
602.08,0,,83.58,31.90,1,0,83.87,22.49,9.23,50.69,31.93
602.17,0,,83.51,31.92,1,0,83.53,22.52,9.22,50.71,31.97
602.26,0,,83.48,31.92,1,0,83.04,22.42,9.26,50.65,31.83
602.41,0,,83.33,31.89,0,1,83.23,22.36,9.25,50.58,31.78
602.47,0,,83.16,31.84,2,-1,82.77,22.43,9.20,50.60,31.90
602.56,0,,83.09,31.83,4,-2,83.74,22.37,9.25,50.59,31.79
602.68,0,,83.39,31.83,4,-2,84.52,22.35,9.15,50.47,31.87
602.77,0,,83.80,31.85,4,-2,83.33,22.35,9.02,50.34,32.00
602.86,0,,83.91,31.88,2,-1,83.96,22.20,9.16,50.33,31.71
602.98,0,,83.83,31.85,0,2,83.59,22.28,9.12,50.37,31.83
603.07,0,,83.72,31.84,0,2,83.49,22.40,8.98,50.35,32.09
603.16,0,,83.57,31.89,0,2,83.44,22.25,9.13,50.35,31.79
603.28,0,,83.53,31.89,0,2,83.87,22.21,9.06,50.24,31.82
603.37,0,,83.61,31.88,0,2,83.66,22.29,8.88,50.14,32.08
603.46,0,,83.61,31.89,0,1,83.10,22.13,9.15,50.25,31.65
603.58,0,,83.45,31.82,2,-1,83.34,22.13,9.14,50.24,31.66
603.67,0,,83.33,31.76,4,-2,83.44,22.27,8.94,50.18,32.00
603.76,0,,83.34,31.79,2,-1,83.40,22.16,9.08,50.21,31.75
603.91,0,,83.39,31.81,4,-2,83.54,22.11,9.06,50.14,31.72
603.97,0,,83.40,31.78,2,-1,83.05,22.16,9.00,50.13,31.83
604.06,0,,83.47,31.77,2,-1,84.42,22.18,9.09,50.24,31.76
604.18,0,,83.72,31.79,2,-1,83.76,22.24,9.03,50.24,31.88
604.27,0,,83.86,31.82,0,1,83.45,22.25,9.01,50.23,31.91
604.36,0,,83.69,31.86,0,1,83.23,22.23,9.07,50.27,31.83
604.48,0,,83.51,31.87,1,0,83.81,22.31,9.09,50.37,31.89
604.57,0,,83.53,31.88,0,1,83.76,22.38,9.12,50.47,31.93
604.66,0,,83.64,31.88,0,1,83.56,22.29,9.18,50.44,31.78
604.78,0,,83.68,31.84,0,1,83.75,22.23,9.14,50.34,31.76
604.87,0,,83.70,31.80,0,1,83.76,22.28,9.11,50.36,31.84
604.96,0,,83.72,31.81,1,0,83.67,22.42,9.18,50.57,31.91
605.08,0,,83.67,31.86,0,1,83.36,22.51,9.20,50.68,31.98
605.17,0,,83.63,31.93,0,1,84.14,22.47,9.16,50.60,31.98
605.26,0,,83.82,31.97,0,1,84.42,22.42,9.15,50.54,31.94
605.41,0,,84.04,31.97,0,1,83.60,22.45,9.15,50.57,31.97
605.47,0,,84.03,31.96,0,1,84.00,22.54,9.21,50.72,32.00
605.56,0,,84.11,31.99,0,2,85.20,22.67,9.24,50.88,32.10
605.68,0,,84.36,32.05,0,2,83.76,22.69,9.18,50.84,32.18
605.77,0,,84.35,32.10,0,2,84.13,22.55,9.15,50.67,32.07
605.86,0,,84.18,32.10,0,2,84.12,22.46,9.15,50.58,31.98
605.98,0,,84.06,32.05,0,2,83.81,22.47,9.14,50.58,32.00
606.07,0,,83.93,32.01,0,1,83.78,22.44,9.12,50.53,31.99
606.16,0,,83.81,31.98,0,1,83.70,22.38,9.06,50.41,31.99
606.28,0,,83.78,31.98,2,-1,84.08,22.34,9.02,50.33,31.99
606.37,0,,83.91,31.98,4,-2,84.32,22.31,9.02,50.30,31.96
606.46,0,,84.05,31.98,4,-2,83.73,22.38,9.03,50.38,32.02
606.58,0,,84.03,31.99,4,-2,83.94,22.41,9.05,50.43,32.03
606.67,0,,83.85,32.00,2,-1,83.19,22.28,9.04,50.29,31.91
606.76,0,,83.59,31.96,2,-1,83.43,22.23,8.97,50.17,31.93
606.91,0,,83.48,31.94,4,-2,84.06,22.26,8.93,50.16,32.00
606.97,0,,83.63,31.95,4,-2,83.75,22.30,8.98,50.25,31.99
607.06,0,,83.87,31.98,2,-1,84.49,22.42,9.05,50.44,32.04
607.21,0,,84.07,32.02,0,1,83.77,22.46,9.07,50.50,32.06
607.27,0,,84.11,32.04,0,1,84.12,22.47,9.07,50.51,32.07
607.36,0,,84.08,32.07,0,1,84.14,22.57,9.08,50.62,32.16
607.48,0,,84.14,32.12,0,2,84.41,22.65,9.09,50.71,32.23
607.57,0,,84.22,32.17,0,2,84.10,22.70,9.19,50.86,32.18
607.66,0,,84.24,32.19,0,2,84.23,22.71,9.23,50.91,32.15
607.78,0,,84.14,32.18,0,2,83.64,22.71,9.21,50.89,32.17
607.87,0,,84.00,32.18,0,2,84.17,22.80,9.19,50.96,32.28
607.96,0,,84.00,32.23,1,0,84.33,22.91,9.17,51.05,32.41
608.08,0,,84.08,32.30,0,1,83.82,22.88,9.25,51.10,32.30
608.17,0,,84.06,32.31,1,0,84.05,22.75,9.26,50.98,32.16
608.26,0,,84.04,32.26,1,0,84.16,22.71,9.19,50.87,32.19
608.41,0,,83.97,32.20,2,-1,83.37,22.70,9.17,50.84,32.20
608.47,0,,83.74,32.18,4,-2,83.33,22.64,9.15,50.76,32.16
608.56,0,,83.55,32.17,4,-2,84.01,22.68,9.14,50.79,32.21
608.68,0,,83.62,32.18,4,-2,83.79,22.65,9.10,50.72,32.22
608.77,0,,83.75,32.19,4,-2,83.74,22.54,9.06,50.57,32.15
608.86,0,,83.81,32.18,4,-2,83.97,22.54,9.05,50.56,32.16
608.98,0,,83.99,32.16,1,0,84.76,22.55,9.03,50.55,32.19
609.07,0,,84.28,32.18,1,0,84.31,22.62,9.03,50.62,32.26
609.16,0,,84.26,32.21,0,2,82.99,22.60,9.04,50.61,32.23
609.28,0,,83.89,32.22,0,2,84.00,22.55,9.05,50.57,32.17
609.37,0,,83.60,32.22,0,2,83.13,22.65,9.05,50.67,32.27
609.46,0,,83.49,32.24,1,0,83.89,22.74,9.09,50.80,32.32
609.58,0,,83.43,32.27,2,-1,82.81,22.75,9.15,50.87,32.27
609.67,0,,83.44,32.27,2,-1,84.38,22.63,9.13,50.73,32.17
609.77,0,,83.68,32.21,4,-2,84.04,22.38,9.01,50.36,32.04
609.91,0,,83.98,32.12,2,-1,84.00,22.28,8.89,50.14,32.06
609.97,0,,84.01,32.06,2,-1,83.53,22.33,8.92,50.22,32.08
610.06,0,,83.88,32.05,2,-1,83.92,22.36,8.98,50.31,32.05
610.18,0,,83.76,32.04,1,0,83.51,22.29,8.97,50.23,31.99
610.27,0,,83.50,32.01,0,1,82.40,22.21,8.92,50.10,31.96
610.36,0,,83.17,31.99,1,0,83.68,22.27,8.92,50.16,32.02
610.48,0,,83.18,32.00,2,-1,83.70,22.43,8.98,50.38,32.12
610.57,0,,83.42,32.05,2,-1,83.47,22.53,9.04,50.54,32.16
610.66,0,,83.52,32.11,2,-1,83.27,22.52,9.05,50.54,32.14
610.78,0,,83.57,32.14,2,-1,84.26,22.47,9.01,50.45,32.13
610.87,0,,83.73,32.14,2,-1,83.59,22.44,8.99,50.40,32.12
610.96,0,,83.77,32.12,2,-1,83.47,22.39,8.99,50.35,32.07
611.08,0,,83.68,32.09,1,0,83.81,22.39,9.00,50.36,32.06
611.17,0,,83.50,32.07,2,-1,82.43,22.47,9.01,50.45,32.13
611.26,0,,83.14,32.08,2,-1,83.00,22.42,9.02,50.41,32.07
611.41,0,,82.90,32.07,2,-1,83.03,22.35,9.04,50.36,31.98
611.47,0,,82.93,32.05,4,-2,83.29,22.48,9.01,50.46,32.14
611.56,0,,83.04,32.07,4,-2,82.88,22.53,9.04,50.54,32.16
611.68,0,,83.16,32.11,2,-1,83.81,22.49,9.06,50.52,32.10
611.77,0,,83.37,32.13,2,-1,83.53,22.54,8.99,50.50,32.22
611.86,0,,83.49,32.15,2,-1,83.04,22.47,9.00,50.44,32.14
611.98,0,,83.39,32.15,2,-1,83.34,22.39,8.99,50.35,32.07
612.07,0,,83.26,32.12,2,-1,83.07,22.36,8.95,50.28,32.08
612.16,0,,83.17,32.05,2,-1,83.16,22.06,8.90,49.93,31.83
612.28,0,,83.15,31.91,2,-1,83.32,21.65,8.78,49.40,31.54
612.37,0,,83.26,31.71,0,1,83.65,21.52,8.69,49.18,31.50
612.46,0,,83.40,31.56,0,1,83.30,21.52,8.61,49.10,31.58
612.58,0,,83.51,31.50,1,0,83.83,21.32,8.53,48.82,31.46
612.67,0,,83.57,31.46,0,1,83.34,21.09,8.41,48.47,31.35
612.76,0,,83.47,31.40,0,1,82.91,20.96,8.31,48.24,31.32
612.91,0,,83.26,31.32,0,1,83.34,20.85,8.38,48.20,31.14
612.97,0,,83.17,31.22,2,-1,83.21,20.81,8.38,48.16,31.10
613.07,0,,83.30,31.13,1,0,84.10,20.72,8.33,48.02,31.06
613.18,0,,83.50,31.07,0,1,83.09,20.66,8.25,47.88,31.08
613.27,0,,83.63,31.05,1,0,84.30,20.48,8.09,47.54,31.06
613.36,0,,83.75,31.03,0,1,83.47,20.16,7.90,47.03,30.93
613.48,0,,83.84,30.99,0,1,84.23,19.89,7.58,46.44,30.98
613.57,0,,84.00,30.96,0,2,84.48,19.72,7.42,46.11,30.97
613.66,0,,84.19,30.94,0,2,83.88,19.79,7.60,46.36,30.86
613.78,0,,84.25,30.90,0,2,84.65,19.81,7.67,46.45,30.81
613.87,0,,84.31,30.85,0,2,84.10,19.82,7.66,46.45,30.83
613.96,0,,84.25,30.83,0,2,83.81,19.99,7.76,46.72,30.90
614.08,0,,84.05,30.85,0,2,83.85,20.10,7.82,46.89,30.95
614.17,0,,83.84,30.91,0,2,83.55,20.17,7.86,47.00,30.98
614.26,0,,83.75,30.95,0,2,84.11,20.13,7.89,46.99,30.91
614.41,0,,83.89,30.95,2,-1,84.47,20.11,7.86,46.94,30.92
614.47,0,,84.07,30.93,2,-1,83.64,20.11,7.84,46.92,30.94
614.56,0,,84.01,30.91,4,-2,83.63,19.94,7.84,46.75,30.77
614.68,0,,83.79,30.83,4,-2,83.61,19.76,7.77,46.50,30.66
614.78,0,,83.55,30.69,4,-2,82.91,19.52,7.84,46.33,30.35
614.86,0,,83.22,30.47,4,-2,82.74,19.40,8.03,46.40,30.04
615.01,0,,82.90,30.26,4,-2,82.72,19.76,8.06,46.79,30.37
615.07,0,,82.58,30.24,4,-2,81.66,20.02,8.14,47.13,30.55
615.16,0,,82.37,30.33,4,-2,83.32,19.49,7.94,46.40,30.22
615.28,0,,82.61,30.37,4,-2,83.43,19.30,7.50,45.77,30.47
615.37,0,,83.14,30.45,4,-2,83.84,19.68,7.47,46.12,30.88
615.46,0,,83.60,30.61,4,-2,83.83,19.28,7.30,45.55,30.65
615.58,0,,84.03,30.68,0,1,85.22,18.82,7.00,44.79,30.49
615.67,0,,84.53,30.61,0,2,84.77,18.72,6.96,44.65,30.43
615.76,0,,84.88,30.48,0,2,84.98,18.38,6.80,44.15,30.25
615.91,0,,84.95,30.35,0,2,84.62,18.25,6.68,43.90,30.24
615.97,0,,84.82,30.26,0,2,84.44,18.26,6.65,43.88,30.28
616.06,0,,84.61,30.23,0,2,84.44,18.25,6.67,43.89,30.25
616.18,0,,84.46,30.23,0,2,84.43,18.25,6.72,43.94,30.20
616.27,0,,84.42,30.22,0,2,84.55,18.21,6.68,43.86,30.20
616.36,0,,84.41,30.20,0,2,84.15,18.27,6.74,43.98,30.20
616.48,0,,84.26,30.19,2,-1,83.68,18.32,6.79,44.08,30.20
616.57,0,,84.04,30.20,4,-2,84.16,18.40,6.82,44.19,30.25
616.66,0,,83.96,30.22,4,-2,83.99,18.50,6.89,44.36,30.28
616.78,0,,83.90,30.25,4,-2,83.44,18.55,6.94,44.46,30.28
616.87,0,,83.74,30.27,4,-2,83.64,18.57,6.99,44.53,30.25
616.96,0,,83.77,30.28,4,-2,84.81,18.65,7.00,44.62,30.32
617.08,0,,83.98,30.30,4,-2,83.37,18.68,6.94,44.59,30.41
617.17,0,,83.93,30.34,4,-2,83.56,18.56,6.93,44.46,30.30
617.26,0,,83.77,30.33,4,-2,84.06,18.53,6.97,44.47,30.23
617.41,0,,83.81,30.29,2,-1,84.06,18.53,6.97,44.47,30.23
617.47,0,,84.00,30.25,4,-2,84.43,18.56,6.95,44.48,30.28
617.56,0,,84.20,30.25,0,1,84.20,18.61,6.97,44.55,30.31
617.68,0,,84.22,30.27,0,2,83.69,18.51,6.95,44.43,30.23
617.77,0,,84.14,30.25,0,2,84.65,18.47,6.93,44.37,30.21
617.86,0,,84.16,30.24,0,2,83.85,18.55,6.94,44.46,30.28
617.98,0,,84.14,30.24,0,2,84.15,18.60,6.97,44.54,30.30
618.07,0,,84.06,30.27,0,2,83.84,18.62,7.01,44.60,30.28
618.16,0,,84.06,30.27,0,1,84.59,18.57,6.99,44.53,30.25
618.28,0,,84.14,30.26,0,1,83.81,18.55,6.99,44.51,30.23
618.37,0,,84.21,30.24,0,1,84.72,18.63,7.06,44.66,30.24
618.46,0,,84.16,30.24,2,-1,83.10,18.74,7.09,44.80,30.32
618.58,0,,83.97,30.27,0,1,84.35,18.73,7.09,44.79,30.31
618.67,0,,83.85,30.28,2,-1,83.56,18.65,7.11,44.73,30.21
618.76,0,,83.78,30.26,4,-2,83.62,18.66,7.12,44.75,30.21
618.91,0,,83.77,30.24,4,-2,84.39,18.78,7.16,44.91,30.29
618.97,0,,83.93,30.26,4,-2,83.88,18.87,7.17,45.01,30.37
619.06,0,,84.06,30.29,2,-1,84.26,18.78,7.20,44.95,30.25
619.18,0,,84.13,30.29,2,-1,84.11,18.73,7.19,44.89,30.21
619.27,0,,84.16,30.26,1,0,84.11,18.84,7.19,45.00,30.32
619.36,0,,84.14,30.27,1,0,84.09,18.93,7.24,45.14,30.36
619.48,0,,84.14,30.32,0,2,84.35,18.97,7.25,45.19,30.39
619.57,0,,84.16,30.36,0,2,83.94,18.97,7.26,45.20,30.38
619.66,0,,84.09,30.37,0,2,83.81,18.94,7.27,45.18,30.34
619.78,0,,83.91,30.36,0,1,83.56,18.94,7.27,45.18,30.34
619.87,0,,83.85,30.35,1,0,84.68,19.06,7.34,45.37,30.39
619.96,0,,84.02,30.36,2,-1,83.84,19.09,7.38,45.44,30.38
620.08,0,,84.12,30.36,2,-1,84.19,19.03,7.37,45.37,30.33
620.17,0,,84.05,30.35,1,0,83.49,19.07,7.39,45.43,30.35
620.26,0,,83.89,30.34,1,0,83.98,19.10,7.43,45.50,30.34
620.41,0,,83.73,30.35,2,-1,83.18,19.17,7.42,45.56,30.42
620.47,0,,83.63,30.38,4,-2,84.13,19.21,7.43,45.61,30.45
620.56,0,,83.68,30.40,4,-2,83.70,19.15,7.48,45.60,30.34
620.68,0,,83.75,30.40,2,-1,83.62,19.17,7.44,45.58,30.40
620.77,0,,83.76,30.40,4,-2,83.95,19.26,7.45,45.68,30.48
620.86,0,,83.91,30.43,2,-1,84.68,19.41,7.54,45.92,30.54
620.98,0,,84.17,30.49,2,-1,84.02,19.43,7.52,45.92,30.58
621.07,0,,84.14,30.53,0,1,83.20,19.31,7.54,45.82,30.44
621.16,0,,83.70,30.49,0,2,82.84,19.31,7.64,45.92,30.34
621.28,0,,83.35,30.44,2,-1,84.17,19.45,7.61,46.03,30.51
621.37,0,,83.50,30.46,2,-1,84.06,19.57,7.58,46.12,30.66
621.46,0,,83.80,30.54,2,-1,83.69,19.57,7.69,46.23,30.55
621.58,0,,83.84,30.57,2,-1,83.42,19.57,7.70,46.24,30.54
621.67,0,,83.70,30.57,2,-1,83.67,19.57,7.66,46.20,30.58
621.76,0,,83.57,30.57,2,-1,83.34,19.66,7.73,46.36,30.60
621.91,0,,83.42,30.59,2,-1,83.05,19.70,7.72,46.39,30.65
621.97,0,,83.37,30.60,2,-1,84.18,19.57,7.68,46.22,30.56
622.06,0,,83.55,30.59,2,-1,83.51,19.58,7.71,46.26,30.54
622.18,0,,83.82,30.59,2,-1,84.72,19.72,7.62,46.31,30.77
622.27,0,,84.19,30.67,1,0,84.56,19.83,7.58,46.38,30.92
622.36,0,,84.35,30.76,0,2,83.37,19.76,7.79,46.52,30.64
622.48,0,,83.99,30.75,0,2,83.06,19.71,7.83,46.51,30.55
622.57,0,,83.55,30.68,0,2,83.83,19.81,7.70,46.48,30.78
622.66,0,,83.54,30.67,0,1,84.33,19.86,7.84,46.67,30.69
622.78,0,,83.76,30.69,0,1,83.37,19.98,7.89,46.84,30.76
622.87,0,,83.68,30.73,0,1,82.95,19.98,7.81,46.76,30.84
622.96,0,,83.45,30.75,1,0,83.88,19.84,7.94,46.75,30.57
623.08,0,,83.50,30.70,4,-2,83.91,19.87,7.94,46.78,30.60
623.17,0,,83.73,30.66,4,-2,84.01,20.02,7.87,46.86,30.82
623.26,0,,83.88,30.70,4,-2,83.61,20.09,7.94,47.00,30.82
623.41,0,,83.81,30.77,1,0,83.50,20.06,7.94,46.97,30.79
623.47,0,,83.70,30.80,0,1,83.93,20.10,7.97,47.04,30.80
623.56,0,,83.72,30.81,0,1,83.78,20.16,8.03,47.16,30.80
623.68,0,,83.78,30.81,0,1,83.87,20.15,7.98,47.10,30.84
623.77,0,,83.86,30.81,0,1,84.07,20.02,7.88,46.87,30.81
623.86,0,,83.98,30.78,1,0,84.21,19.57,7.69,46.23,30.55
623.98,0,,84.06,30.65,0,2,83.80,19.20,7.54,45.71,30.33
624.07,0,,83.89,30.46,0,1,82.94,19.11,7.60,45.68,30.18
624.16,0,,83.56,30.26,1,0,83.76,19.03,7.65,45.65,30.05
624.28,0,,83.54,30.14,0,1,84.28,19.13,7.53,45.63,30.27
624.37,0,,83.86,30.17,1,0,84.38,18.87,7.05,44.89,30.49
624.46,0,,84.15,30.26,0,1,83.96,17.89,6.56,43.42,30.00
624.58,0,,84.16,30.16,0,1,83.79,17.54,6.56,43.07,29.65
624.67,0,,83.92,29.90,1,0,83.21,17.49,6.55,43.01,29.61
624.77,0,,83.60,29.65,2,-1,83.57,17.20,6.48,42.65,29.39
624.92,0,,83.53,29.45,2,-1,84.17,17.08,6.51,42.56,29.24
624.97,0,,83.60,29.27,2,-1,82.90,16.49,6.14,41.60,29.02
625.06,0,,83.44,29.08,2,-1,83.03,15.76,5.72,40.45,28.71
625.18,0,,83.19,28.83,4,-2,83.24,15.28,5.51,39.76,28.44
625.27,0,,83.12,28.55,4,-2,83.26,14.56,5.16,38.69,28.07
625.36,0,,83.07,28.21,4,-2,82.48,13.71,4.74,37.42,27.64
625.48,0,,82.88,27.84,4,-2,82.72,13.14,4.42,36.53,27.39
625.57,0,,82.77,27.51,4,-2,83.13,12.75,4.20,35.92,27.22
625.66,0,,82.86,27.25,4,-2,83.08,12.24,3.99,35.20,26.92
625.78,0,,82.93,27.03,4,-2,82.49,12.06,3.90,34.93,26.83
625.87,0,,82.86,26.88,4,-2,82.96,12.11,3.94,35.02,26.84
625.96,0,,82.67,26.80,4,-2,81.70,11.93,3.88,34.78,26.72
626.08,0,,82.40,26.76,4,-2,82.66,11.87,3.78,34.62,26.76
626.17,0,,82.31,26.73,4,-2,82.50,11.81,3.75,34.53,26.73
626.26,0,,82.37,26.69,4,-2,82.23,11.54,3.74,34.25,26.47
626.41,0,,82.35,26.57,4,-2,82.22,11.26,3.65,33.88,26.28
626.47,0,,82.33,26.39,4,-2,82.61,10.93,3.45,33.35,26.15
626.56,0,,82.43,26.22,4,-2,82.74,10.75,3.32,33.04,26.10
626.68,0,,82.52,26.10,4,-2,82.11,10.45,3.16,32.58,25.96
626.77,0,,82.49,25.91,2,-1,82.69,9.63,3.03,31.63,25.27
626.86,0,,82.48,25.51,1,0,82.49,8.77,2.97,30.71,24.47
626.98,0,,82.48,24.92,0,1,82.30,8.27,2.68,29.92,24.26
627.07,0,,82.39,24.46,0,1,82.12,8.22,2.47,29.66,24.42
627.16,0,,82.33,24.29,1,0,82.76,8.16,2.41,29.54,24.42
627.28,0,,82.36,24.29,1,0,82.06,7.87,2.25,29.09,24.29
627.37,0,,82.35,24.29,2,-1,82.38,7.77,2.27,29.01,24.17
627.46,0,,82.27,24.24,2,-1,82.04,7.80,2.30,29.07,24.17
627.58,0,,82.16,24.18,2,-1,81.88,7.76,2.28,29.01,24.15
627.67,0,,82.01,24.13,2,-1,81.96,7.66,2.33,28.96,24.00
627.76,0,,81.99,24.04,2,-1,82.35,7.48,2.33,28.78,23.82
627.91,0,,82.10,23.92,4,-2,82.18,7.40,2.25,28.62,23.82
627.97,0,,82.24,23.82,4,-2,82.54,7.22,2.16,28.35,23.73
628.06,0,,82.42,23.75,2,-1,82.75,6.83,1.83,27.63,23.67
628.18,0,,82.47,23.68,2,-1,81.67,6.47,1.56,27.00,23.58
628.27,0,,82.28,23.56,2,-1,82.22,6.28,1.85,27.10,23.10
628.36,0,,82.03,23.33,2,-1,81.55,6.32,2.00,27.29,22.99
628.48,0,,81.82,23.12,2,-1,81.69,6.40,1.91,27.28,23.16
628.57,0,,81.59,23.04,2,-1,81.06,6.39,2.09,27.45,22.97
628.66,0,,81.33,23.05,2,-1,81.08,6.80,2.08,27.85,23.39
628.78,0,,81.12,23.31,4,-2,81.00,7.94,2.21,29.12,24.40
628.87,0,,81.07,23.88,4,-2,81.47,8.99,2.79,30.75,24.87
628.96,0,,81.26,24.51,4,-2,81.88,9.48,3.13,31.58,25.02
629.08,0,,81.45,24.95,4,-2,80.86,9.89,3.34,32.20,25.22
629.17,0,,81.35,25.18,4,-2,81.07,10.10,3.55,32.62,25.22
629.26,0,,81.31,25.27,4,-2,82.30,10.03,3.36,32.36,25.34
629.41,0,,81.69,25.34,4,-2,82.52,9.97,3.06,32.00,25.58
629.47,0,,82.14,25.45,0,2,82.05,9.80,2.89,31.66,25.58
629.56,0,,82.30,25.52,0,2,82.25,9.34,2.66,30.97,25.35
629.68,0,,82.24,25.41,0,2,81.85,8.24,2.09,29.30,24.82
629.78,0,,82.13,25.05,0,2,82.31,6.91,1.41,27.29,24.17
629.86,0,,82.13,24.54,0,2,82.28,6.38,1.14,26.49,23.91
629.98,0,,82.23,24.10,0,2,82.36,6.33,1.10,26.40,23.90
630.07,0,,82.29,23.83,0,2,82.21,6.00,1.14,26.11,23.53
630.16,0,,82.39,23.59,0,2,82.96,5.79,1.34,26.10,23.12
630.28,0,,82.55,23.34,0,2,82.45,5.86,1.34,26.17,23.19
630.38,0,,82.60,23.22,0,2,82.37,6.03,1.21,26.21,23.49
630.46,0,,82.43,23.31,0,2,81.79,6.26,1.22,26.45,23.71
630.61,0,,82.13,23.52,0,1,81.81,6.38,1.30,26.65,23.75
630.67,0,,81.93,23.69,1,0,82.24,6.49,1.38,26.84,23.78
630.76,0,,81.98,23.80,2,-1,82.18,6.74,1.46,27.17,23.95
630.91,0,,82.13,23.90,4,-2,82.36,6.86,1.51,27.34,24.02
630.97,0,,82.25,23.98,4,-2,82.25,6.97,1.57,27.51,24.07
631.07,0,,82.33,24.07,4,-2,82.46,7.28,1.72,27.97,24.23
631.18,0,,82.35,24.17,2,-1,82.12,7.61,1.93,28.51,24.35
631.27,0,,82.33,24.28,2,-1,82.49,7.85,2.08,28.90,24.44
631.36,0,,82.33,24.39,0,1,82.23,8.01,2.17,29.15,24.51
631.48,0,,82.39,24.46,0,2,82.81,7.88,2.12,28.97,24.43
631.57,0,,82.48,24.45,0,1,82.29,7.54,1.92,28.43,24.29
631.66,0,,82.46,24.38,0,2,82.22,7.51,1.88,28.36,24.30
631.78,0,,82.41,24.35,0,1,82.76,7.87,1.99,28.83,24.55
631.87,0,,82.46,24.44,0,1,82.39,8.25,2.16,29.38,24.76
631.96,0,,82.57,24.60,0,1,83.06,8.61,2.48,30.06,24.80
632.08,0,,82.75,24.77,0,2,82.90,9.02,2.72,30.71,24.97
632.17,0,,82.87,24.91,0,2,82.71,9.26,2.85,31.08,25.08
632.27,0,,82.84,25.03,0,2,82.64,9.51,3.04,31.52,25.14
632.41,0,,82.77,25.14,0,1,82.91,9.87,3.14,31.98,25.40
632.47,0,,82.70,25.27,0,1,82.21,10.02,3.30,32.29,25.39
632.56,0,,82.51,25.35,0,1,82.19,9.96,3.40,32.33,25.23
632.71,0,,82.34,25.32,1,0,82.50,9.80,3.27,32.04,25.20
632.77,0,,82.26,25.23,2,-1,81.94,9.53,3.13,31.63,25.07
632.86,0,,82.24,25.13,4,-2,82.71,9.33,3.01,31.31,24.99
632.98,0,,82.29,25.04,4,-2,82.00,9.57,3.26,31.80,24.98
633.07,0,,82.07,24.97,4,-2,80.67,10.18,3.98,33.13,24.87
633.16,0,,81.58,24.91,4,-2,81.65,10.50,4.30,33.77,24.87
633.28,0,,81.45,24.91,4,-2,82.37,10.58,4.10,33.65,25.15
633.37,0,,81.69,25.01,4,-2,81.52,10.66,4.07,33.70,25.26
633.47,0,,81.81,25.15,4,-2,81.79,10.75,4.20,33.92,25.22
633.59,0,,81.88,25.26,4,-2,82.36,11.06,4.23,34.26,25.50
633.67,0,,82.06,25.39,4,-2,82.28,11.11,4.20,34.28,25.58
633.76,0,,82.21,25.45,4,-2,82.03,10.77,4.27,34.01,25.17
633.91,0,,82.13,25.39,0,1,81.56,10.83,4.23,34.03,25.27
633.97,0,,81.93,25.32,0,2,81.99,10.99,4.17,34.13,25.49
634.06,0,,81.81,25.31,0,2,81.71,10.85,4.40,34.22,25.12
634.18,0,,81.85,25.27,0,1,82.36,10.90,4.32,34.19,25.25
634.27,0,,81.92,25.26,0,1,81.46,10.97,4.14,34.08,25.50
634.36,0,,81.82,25.29,2,-1,81.51,10.64,4.29,33.90,25.02
634.48,0,,81.72,25.24,2,-1,82.25,10.59,4.09,33.65,25.17
634.57,0,,81.89,25.22,2,-1,82.37,10.91,4.02,33.90,25.56
634.67,0,,82.06,25.26,4,-2,81.51,10.78,4.46,34.21,24.99
634.78,0,,81.94,25.23,4,-2,81.57,10.81,4.33,34.11,25.15
634.88,0,,81.63,25.21,1,0,81.02,11.05,4.15,34.17,25.57
634.96,0,,81.41,25.26,2,-1,81.88,10.80,4.46,34.23,25.01
635.08,0,,81.56,25.24,4,-2,82.44,10.92,4.39,34.28,25.20
635.17,0,,81.91,25.23,2,-1,81.87,11.10,4.24,34.31,25.53
635.26,0,,82.07,25.27,2,-1,81.90,10.83,4.49,34.29,25.01
635.44,0,,81.99,25.22,2,-1,81.73,10.87,4.41,34.25,25.13
635.47,0,,81.95,25.16,1,0,82.42,10.64,4.06,33.67,25.25
635.56,0,,82.09,25.11,0,1,82.37,10.14,4.05,33.16,24.76
635.68,0,,82.17,24.99,0,2,81.52,10.25,4.01,33.23,24.91
635.77,0,,82.18,24.95,0,2,83.15,10.55,3.89,33.41,25.33
635.92,0,,82.43,25.05,0,2,82.77,10.39,3.97,33.33,25.09
635.98,0,,82.72,25.12,0,2,82.77,9.97,3.59,32.53,25.05
636.07,0,,82.76,25.11,0,2,82.27,9.55,3.14,31.66,25.08
636.16,0,,82.60,25.02,0,2,82.40,9.11,3.17,31.25,24.61
636.28,0,,82.47,24.87,0,2,82.65,9.15,2.98,31.10,24.84
636.37,0,,82.52,24.83,0,2,82.88,9.40,2.81,31.18,25.26
636.46,0,,82.62,24.93,0,2,82.28,9.20,3.09,31.26,24.78
636.58,0,,82.68,24.96,0,2,83.34,9.34,3.08,31.39,24.93
636.67,0,,82.91,24.99,0,2,83.37,9.73,2.97,31.67,25.43
636.77,0,,83.11,25.11,0,2,82.59,9.70,3.32,31.99,25.05
636.91,0,,83.06,25.17,0,2,83.07,9.70,3.28,31.95,25.09
636.97,0,,83.02,25.18,0,2,83.30,9.80,3.06,31.83,25.41
637.06,0,,83.06,25.22,0,2,82.81,9.99,3.55,32.51,25.11
637.19,0,,83.04,25.26,0,2,83.11,10.62,3.83,33.42,25.46
637.27,0,,82.86,25.37,0,2,81.77,11.06,3.92,33.95,25.81
637.36,0,,82.51,25.52,0,1,82.49,11.14,4.50,34.61,25.31
637.48,0,,82.32,25.54,4,-2,82.61,11.35,4.51,34.83,25.51
637.57,0,,82.33,25.53,4,-2,82.01,11.34,4.30,34.61,25.71
637.66,0,,82.30,25.54,4,-2,82.44,11.27,4.65,34.89,25.29
637.78,0,,82.37,25.50,4,-2,82.93,11.36,4.46,34.79,25.57
637.87,0,,82.65,25.52,4,-2,83.20,11.18,4.02,34.17,25.83
637.96,0,,83.02,25.60,4,-2,83.52,10.79,4.06,33.82,25.40
638.08,0,,83.32,25.59,0,1,83.38,10.79,3.92,33.68,25.54
638.17,0,,83.40,25.58,0,1,83.01,10.95,3.77,33.69,25.85
638.26,0,,83.30,25.62,0,2,83.27,10.76,3.96,33.69,25.47
638.47,0,,83.19,25.63,0,2,82.97,10.82,3.81,33.60,25.68
638.48,0,,83.15,25.66,0,2,83.47,10.90,3.63,33.50,25.94
638.56,0,,83.26,25.71,0,2,83.60,10.60,3.83,33.40,25.44
638.68,0,,83.44,25.66,0,2,83.50,10.61,3.71,33.29,25.57
638.77,0,,83.53,25.61,0,2,83.44,10.60,3.51,33.08,25.76
638.86,0,,83.54,25.58,0,2,83.61,10.26,3.70,32.93,25.23
638.98,0,,83.52,25.48,0,1,83.36,10.27,3.54,32.78,25.40
639.07,0,,83.43,25.43,0,2,83.11,10.34,3.32,32.63,25.69
639.16,0,,83.32,25.45,0,1,83.43,10.12,3.58,32.67,25.21
639.28,0,,83.27,25.40,0,1,83.19,10.10,3.48,32.55,25.29
639.37,0,,83.22,25.34,1,0,82.98,10.07,3.27,32.31,25.47
639.46,0,,83.10,25.30,2,-1,82.93,9.80,3.48,32.25,24.99
639.58,0,,83.00,25.22,4,-2,83.01,9.87,3.34,32.18,25.20
639.67,0,,83.02,25.19,4,-2,83.39,9.97,3.17,32.11,25.47
639.77,0,,83.14,25.21,4,-2,83.16,9.63,3.46,32.06,24.84
639.91,0,,83.18,25.13,4,-2,82.90,9.63,3.30,31.90,25.00
639.97,0,,83.04,25.05,2,-1,82.63,9.71,3.08,31.76,25.30
640.06,0,,82.78,25.04,4,-2,82.31,9.40,3.35,31.72,24.72
640.18,0,,82.58,24.96,4,-2,82.88,9.43,3.29,31.69,24.81
640.27,0,,82.63,24.88,4,-2,83.04,9.59,3.12,31.68,25.14
640.36,0,,82.73,24.90,4,-2,82.26,9.41,3.39,31.77,24.69
640.48,0,,82.74,24.86,4,-2,83.18,9.45,3.35,31.77,24.77
640.57,0,,82.86,24.83,4,-2,83.27,9.59,3.19,31.75,25.07
640.66,0,,83.06,24.85,2,-1,82.99,9.51,3.51,31.99,24.67
640.78,0,,83.11,24.83,1,0,82.97,9.64,3.47,32.08,24.84
640.93,0,,83.01,24.84,0,2,82.65,9.77,3.33,32.07,25.11
640.96,0,,82.78,24.88,0,2,82.22,9.68,3.72,32.37,24.63
641.08,0,,82.58,24.85,0,1,82.96,9.98,3.74,32.69,24.91
641.17,0,,82.55,24.89,2,-1,82.40,10.26,3.61,32.84,25.32
641.26,0,,82.59,25.01,2,-1,82.80,10.12,3.93,33.02,24.86
641.41,0,,82.57,25.04,2,-1,82.12,10.24,3.87,33.08,25.04
641.47,0,,82.52,25.07,2,-1,82.86,10.45,3.70,33.12,25.42
641.56,0,,82.56,25.15,4,-2,82.64,10.33,4.02,33.32,24.98
641.68,0,,82.63,25.14,4,-2,82.56,10.34,3.97,33.28,25.04
641.77,0,,82.67,25.12,2,-1,82.89,10.47,3.79,33.23,25.35
641.86,0,,82.64,25.13,1,0,82.05,10.41,4.14,33.52,24.94
641.98,0,,82.44,25.12,1,0,82.10,10.58,4.08,33.63,25.17
642.07,0,,82.27,25.15,2,-1,82.64,10.79,3.94,33.70,25.52
642.16,0,,82.34,25.23,2,-1,82.60,10.64,4.32,33.93,24.99
642.28,0,,82.44,25.22,2,-1,82.12,10.77,4.25,33.99,25.19
642.43,0,,82.41,25.22,2,-1,82.52,11.03,4.16,34.16,25.54
642.46,0,,82.44,25.28,2,-1,82.72,10.96,4.53,34.46,25.10
642.58,0,,82.50,25.29,2,-1,82.25,11.11,4.41,34.49,25.37
642.67,0,,82.42,25.33,2,-1,82.02,11.25,4.32,34.54,25.60
642.76,0,,82.25,25.39,2,-1,82.28,11.12,4.64,34.73,25.15
642.91,0,,82.14,25.38,2,-1,81.90,11.34,4.51,34.82,25.50
642.97,0,,82.10,25.43,2,-1,82.41,11.56,4.41,34.94,25.82
643.06,0,,82.14,25.55,2,-1,82.04,11.44,4.72,35.13,25.39
643.18,0,,82.22,25.57,2,-1,82.62,11.52,4.68,35.17,25.51
643.27,0,,82.30,25.55,2,-1,82.03,11.68,4.61,35.26,25.74
643.36,0,,82.30,25.58,2,-1,82.37,11.69,4.90,35.56,25.46
643.48,0,,82.27,25.58,2,-1,82.21,11.84,4.87,35.68,25.64
643.57,0,,82.28,25.61,2,-1,82.40,11.95,4.78,35.70,25.84
643.66,0,,82.33,25.66,0,1,82.50,11.84,5.07,35.88,25.44
643.78,0,,82.38,25.63,0,1,82.17,11.98,5.03,35.98,25.62
643.93,0,,82.26,25.64,0,1,81.65,12.19,4.86,36.02,26.00
643.96,0,,82.01,25.73,2,-1,81.90,12.04,5.14,36.15,25.57
644.08,0,,81.90,25.74,2,-1,82.26,12.13,5.12,36.22,25.68
644.17,0,,81.94,25.74,2,-1,81.73,12.35,4.97,36.29,26.05
644.26,0,,81.93,25.79,2,-1,81.89,12.23,5.30,36.50,25.60
644.41,0,,81.90,25.79,2,-1,81.97,12.37,5.21,36.55,25.83
644.47,0,,81.94,25.83,4,-2,82.11,12.54,5.01,36.52,26.20
644.56,0,,82.02,25.92,4,-2,82.09,12.38,5.35,36.70,25.70
644.68,0,,82.09,25.92,2,-1,82.12,12.54,5.32,36.83,25.89
644.78,0,,82.10,25.92,2,-1,81.95,12.80,5.19,36.96,26.28
644.86,0,,82.12,26.00,2,-1,82.56,12.67,5.51,37.15,25.83
644.98,0,,82.14,26.00,2,-1,81.49,12.67,5.42,37.06,25.92
645.07,0,,81.97,25.98,0,1,81.70,12.80,5.28,37.05,26.19
645.16,0,,81.73,26.01,1,0,81.54,12.79,5.57,37.33,25.89
645.29,0,,81.64,26.02,2,-1,81.95,12.97,5.51,37.45,26.13
645.43,0,,81.77,26.08,2,-1,82.35,13.02,5.36,37.35,26.33
645.46,0,,81.99,26.14,2,-1,81.84,12.87,5.63,37.47,25.91
645.59,0,,81.93,26.12,2,-1,81.03,13.03,5.56,37.56,26.14
645.67,0,,81.66,26.13,2,-1,81.85,13.19,5.44,37.60,26.42
645.76,0,,81.61,26.19,4,-2,82.10,13.08,5.73,37.78,26.02
645.91,0,,81.76,26.19,4,-2,81.65,13.16,5.60,37.73,26.23
645.97,0,,81.78,26.22,2,-1,81.48,13.26,5.45,37.68,26.48
646.06,0,,81.75,26.26,2,-1,82.26,13.15,5.81,37.93,26.01
646.18,0,,81.86,26.23,2,-1,81.87,13.34,5.77,38.08,26.24
646.27,0,,81.86,26.25,2,-1,81.25,13.56,5.60,38.13,26.63
646.36,0,,81.74,26.34,1,0,82.15,13.41,5.90,38.28,26.18
646.48,0,,81.85,26.36,0,1,82.44,13.54,5.80,38.31,26.41
646.57,0,,82.13,26.41,0,1,82.32,13.77,5.66,38.40,26.78
646.66,0,,82.30,26.50,0,2,82.10,13.71,6.04,38.72,26.34
646.82,0,,82.29,26.52,0,2,82.23,13.79,5.95,38.71,26.51
646.93,0,,82.28,26.53,0,2,82.57,13.81,5.72,38.50,26.76
646.96,0,,82.34,26.55,0,2,82.22,13.59,6.03,38.59,26.23
647.08,0,,82.39,26.49,0,2,82.64,13.77,5.94,38.68,26.50
647.17,0,,82.42,26.49,0,2,82.15,14.00,5.77,38.74,26.90
647.26,0,,82.37,26.59,0,2,82.30,13.87,6.12,38.96,26.42
647.41,0,,82.27,26.62,0,2,82.05,14.05,6.05,39.07,26.67
647.47,0,,82.17,26.67,0,2,82.09,14.29,5.94,39.20,27.02
647.56,0,,82.08,26.73,2,-1,81.98,13.97,6.30,39.24,26.34
647.68,0,,82.00,26.66,2,-1,81.87,13.97,6.06,39.00,26.58
647.77,0,,82.08,26.64,4,-2,83.07,14.19,5.67,38.83,27.19
647.86,0,,82.47,26.81,2,-1,83.12,14.07,5.83,38.87,26.91
647.98,0,,82.98,26.97,0,1,83.66,14.12,5.69,38.78,27.10
648.07,0,,83.30,27.07,0,2,82.84,14.00,5.41,38.38,27.26
648.16,0,,83.34,27.09,0,2,83.49,13.47,5.54,37.98,26.60
648.28,0,,83.35,26.93,0,2,83.52,13.26,5.28,37.51,26.65
648.43,0,,83.39,26.77,0,2,83.16,13.29,4.98,37.24,26.98
648.46,0,,83.44,26.74,0,2,83.96,13.16,5.24,37.37,26.59
648.58,0,,83.49,26.72,0,2,82.95,13.28,5.25,37.50,26.70
648.67,0,,83.33,26.72,0,2,82.77,13.61,5.29,37.87,26.99
648.76,0,,83.06,26.77,0,2,83.08,13.72,5.79,38.48,26.60
648.91,0,,82.87,26.77,0,2,82.40,14.03,5.89,38.89,26.81
648.97,0,,82.66,26.78,4,-2,82.43,14.22,5.91,39.10,26.98
649.06,0,,82.34,26.81,4,-2,81.36,14.07,6.18,39.22,26.56
649.18,0,,82.00,26.79,4,-2,82.32,14.17,5.90,39.04,26.94
649.27,0,,82.04,26.85,4,-2,83.00,13.89,5.27,38.13,27.29
649.36,0,,82.62,26.97,4,-2,84.20,13.04,5.06,37.07,26.65
649.48,0,,83.35,26.91,4,-2,83.43,12.76,4.77,36.50,26.66
649.57,0,,83.67,26.81,0,1,83.26,12.85,4.52,36.34,27.00
649.66,0,,83.64,26.76,0,1,83.82,12.58,4.80,36.35,26.45
649.78,0,,83.64,26.67,0,2,83.77,12.59,4.71,36.27,26.55
649.93,0,,83.78,26.61,0,2,84.27,12.86,4.60,36.43,26.93
649.96,0,,83.85,26.65,0,2,83.02,12.80,5.07,36.84,26.40
650.08,0,,83.50,26.60,0,2,82.31,13.11,5.29,37.37,26.49
650.17,0,,82.78,26.54,0,2,81.58,13.34,5.39,37.70,26.62
650.26,0,,82.24,26.49,4,-2,83.01,12.94,5.40,37.31,26.21
650.41,0,,82.35,26.44,2,-1,83.31,12.87,4.87,36.71,26.67
650.50,0,,82.96,26.51,4,-2,84.21,12.73,4.55,36.25,26.85
650.56,0,,83.65,26.60,4,-2,84.09,12.31,4.70,35.98,26.28
650.71,0,,84.10,26.57,2,-1,84.25,12.42,4.56,35.95,26.53
650.77,0,,84.17,26.52,0,2,83.40,12.49,4.45,35.91,26.71
650.86,0,,83.96,26.52,0,2,83.84,12.23,4.68,35.88,26.22
650.98,0,,83.72,26.45,0,2,83.41,12.28,4.51,35.76,26.44
651.08,0,,83.66,26.42,0,2,84.27,12.34,4.33,35.64,26.68
651.16,0,,83.77,26.46,0,2,83.61,12.28,4.69,35.94,26.26
651.28,0,,83.77,26.45,0,2,83.37,12.66,4.85,36.48,26.48
651.43,0,,83.45,26.46,0,1,82.30,13.01,4.98,36.96,26.70
651.46,0,,82.91,26.47,4,-2,82.39,12.82,5.46,37.25,26.03
651.58,0,,82.54,26.34,4,-2,82.87,12.97,5.47,37.41,26.17
651.67,0,,82.59,26.25,4,-2,83.15,13.19,5.27,37.43,26.59
651.76,0,,82.82,26.29,4,-2,82.88,13.05,5.60,37.62,26.12
651.91,0,,82.97,26.32,4,-2,83.02,13.54,5.65,38.16,26.56
651.97,0,,83.12,26.50,4,-2,83.80,13.93,5.28,38.18,27.32
652.06,0,,83.28,26.81,4,-2,82.79,13.18,5.03,37.18,26.82
652.18,0,,83.30,26.94,2,-1,83.55,12.62,4.62,36.21,26.67
652.33,0,,83.35,26.87,0,2,83.69,12.58,4.41,35.96,26.84
652.36,0,,83.51,26.75,0,2,83.59,12.29,4.62,35.88,26.34
652.48,0,,83.53,26.56,0,2,82.98,12.18,4.48,35.63,26.37
652.57,0,,83.51,26.42,0,2,84.35,12.20,4.38,35.55,26.49
652.66,0,,83.75,26.34,0,2,84.28,12.07,4.73,35.77,26.01
652.78,0,,83.95,26.20,0,2,83.08,11.97,4.68,35.62,25.96
652.93,0,,83.60,26.03,0,2,82.31,11.82,4.63,35.42,25.86
652.96,0,,82.90,25.86,0,1,82.11,11.92,5.10,35.99,25.49
653.11,0,,82.38,25.71,1,0,82.54,12.25,5.10,36.32,25.82
653.20,0,,82.27,25.73,4,-2,82.57,12.59,5.03,36.59,26.23
653.26,0,,82.60,25.97,4,-2,84.13,13.13,5.39,37.49,26.41
653.44,0,,83.21,26.31,4,-2,83.57,13.37,5.10,37.44,26.94
653.47,0,,83.59,26.65,4,-2,83.14,12.70,4.53,36.20,26.84
653.56,0,,83.59,26.75,4,-2,83.72,11.82,4.42,35.21,26.07
653.68,0,,83.56,26.54,0,1,83.60,11.81,4.27,35.05,26.21
653.77,0,,83.61,26.32,0,1,83.75,11.91,4.16,35.04,26.42
653.86,0,,83.64,26.21,0,2,83.44,11.56,4.37,34.90,25.86
654.04,0,,83.61,26.10,0,2,83.64,11.75,4.35,35.07,26.07
654.07,0,,83.62,26.05,0,2,83.87,11.81,4.18,34.96,26.30
654.16,0,,83.71,26.04,0,2,83.75,11.32,4.42,34.71,25.57
654.28,0,,83.56,25.85,0,1,82.16,11.14,4.48,34.59,25.33
654.43,0,,83.04,25.56,2,-1,82.49,11.22,4.52,34.71,25.37
654.46,0,,82.58,25.34,2,-1,82.60,11.23,4.81,35.01,25.09
654.58,0,,82.42,25.22,4,-2,82.33,11.43,4.70,35.10,25.40
654.67,0,,82.43,25.31,4,-2,82.84,11.96,4.74,35.67,25.89
654.79,0,,82.73,25.59,4,-2,84.00,12.31,4.94,36.22,26.04
654.92,0,,83.30,25.89,4,-2,83.82,12.15,4.71,35.83,26.11
655.18,0,,83.76,26.06,4,-2,83.88,11.83,4.50,35.30,26.00
655.18,0,,83.76,26.06,4,-2,83.88,11.83,4.50,35.30,26.00
655.19,0,,83.90,26.02,0,2,83.57,11.42,4.14,34.53,25.95
655.28,0,,83.77,25.94,0,2,83.68,11.29,4.19,34.45,25.77
655.36,0,,83.70,25.85,0,2,83.94,11.16,4.12,34.25,25.71
655.48,0,,83.72,25.77,0,2,83.48,11.12,3.98,34.07,25.81
655.57,0,,83.66,25.77,0,2,83.53,11.14,3.92,34.03,25.89
655.66,0,,83.58,25.79,0,2,83.61,11.07,4.09,34.13,25.65
655.81,0,,83.57,25.73,2,-1,83.64,11.02,4.14,34.13,25.55
655.93,0,,83.57,25.62,4,-2,83.44,10.83,4.07,33.87,25.43
655.96,0,,83.42,25.42,0,1,82.56,10.34,4.22,33.53,24.79
656.08,0,,83.02,25.10,4,-2,82.38,10.32,4.34,33.63,24.65
656.23,0,,82.63,24.84,4,-2,82.59,10.75,4.38,34.10,25.04
656.29,0,,82.39,24.84,4,-2,81.96,10.91,4.44,34.32,25.14
656.41,0,,82.25,24.97,4,-2,82.49,10.95,4.50,34.42,25.12
656.47,0,,82.40,25.14,4,-2,83.52,11.17,4.33,34.47,25.51
656.56,0,,82.87,25.38,4,-2,83.34,11.31,4.07,34.35,25.91
656.68,0,,83.33,25.65,4,-2,83.77,11.18,4.04,34.19,25.81
656.77,0,,83.55,25.81,4,-2,83.17,11.17,4.11,34.25,25.73
656.86,0,,83.50,25.83,0,2,83.25,11.26,4.10,34.33,25.83
656.98,0,,83.35,25.83,0,2,83.30,11.28,4.03,34.28,25.92
657.07,0,,83.29,25.88,0,2,83.37,11.53,4.14,34.64,26.06
657.16,0,,83.35,25.96,0,2,83.73,11.60,4.25,34.82,26.02
657.28,0,,83.60,26.00,0,2,84.37,11.50,4.26,34.73,25.91
657.43,0,,83.88,25.98,0,2,83.51,11.50,4.28,34.75,25.89
657.49,0,,83.90,25.91,0,2,83.68,11.34,4.18,34.49,25.83
657.58,0,,83.74,25.85,0,2,83.47,11.18,4.08,34.23,25.77
657.67,0,,83.67,25.76,0,2,84.14,10.96,4.09,34.02,25.54
657.76,0,,83.76,25.65,0,2,83.72,10.98,4.11,34.06,25.54
657.91,0,,83.91,25.61,0,2,84.42,11.28,4.07,34.32,25.88
657.97,0,,84.07,25.70,0,2,83.95,11.39,4.08,34.44,25.98
658.06,0,,84.11,25.85,0,2,83.96,11.39,4.14,34.50,25.92
658.18,0,,84.07,25.92,0,2,84.15,11.22,4.05,34.24,25.84
658.28,0,,84.00,25.91,0,1,83.62,11.08,3.91,33.96,25.84
658.36,0,,83.97,25.86,0,1,84.49,11.09,3.92,33.98,25.84
658.48,0,,84.10,25.84,0,2,84.30,11.09,3.90,33.96,25.86
658.57,0,,84.22,25.85,0,2,83.96,11.14,3.88,33.99,25.93
658.66,0,,84.21,25.87,0,2,84.33,11.04,3.90,33.91,25.81
658.78,0,,84.23,25.85,0,2,84.41,10.99,3.91,33.87,25.75
658.93,0,,84.36,25.81,0,1,84.68,11.07,3.93,33.97,25.81
658.96,0,,84.37,25.78,0,2,83.50,11.09,3.99,34.05,25.77
659.08,0,,84.07,25.76,0,2,83.53,11.02,4.01,34.00,25.68
659.17,0,,83.71,25.71,1,0,83.61,10.92,3.97,33.86,25.62
659.26,0,,83.47,25.63,4,-2,82.99,10.87,4.12,33.96,25.42
659.41,0,,83.16,25.49,4,-2,82.43,10.90,4.39,34.26,25.18
659.47,0,,82.84,25.35,4,-2,83.02,11.17,4.45,34.59,25.39
659.56,0,,82.67,25.32,4,-2,82.29,11.33,4.45,34.75,25.55
659.68,0,,82.65,25.41,4,-2,83.28,11.48,4.57,35.02,25.58
659.80,0,,82.84,25.57,4,-2,83.20,12.08,4.79,35.84,25.96
659.86,0,,83.14,25.79,4,-2,83.57,12.34,4.87,36.18,26.14
659.98,0,,83.49,26.01,4,-2,84.30,12.14,4.61,35.72,26.20
660.08,0,,83.80,26.11,4,-2,83.38,11.44,4.31,34.72,25.80
660.16,0,,83.85,25.95,0,2,83.91,10.48,3.87,33.32,25.28
660.32,0,,83.84,25.67,0,2,84.00,10.26,3.28,32.51,25.65
660.43,0,,83.93,25.53,0,2,84.17,10.14,3.17,32.28,25.64
660.46,0,,84.03,25.50,0,2,83.97,9.80,3.23,32.00,25.24
660.58,0,,84.02,25.42,0,2,83.71,9.89,3.20,32.06,25.36
660.67,0,,83.84,25.36,0,2,83.37,10.02,3.28,32.27,25.41
660.79,0,,83.60,25.35,0,2,83.43,9.98,3.28,32.23,25.37
660.91,0,,83.55,25.35,1,0,84.32,9.91,3.27,32.15,25.31
660.97,0,,83.74,25.31,2,-1,83.64,9.74,3.31,32.02,25.10
661.06,0,,83.74,25.17,0,2,83.00,9.50,3.40,31.87,24.77
661.18,0,,83.46,24.95,4,-2,83.15,9.62,3.61,32.20,24.68
661.27,0,,83.11,24.81,4,-2,82.49,10.09,3.68,32.74,25.08
661.36,0,,82.78,24.88,4,-2,82.46,10.25,3.69,32.91,25.23
661.51,0,,82.60,25.07,4,-2,83.05,10.48,3.87,33.32,25.28
661.57,0,,82.79,25.27,4,-2,83.66,10.85,3.86,33.68,25.66
661.69,0,,83.23,25.47,4,-2,83.75,10.61,3.67,33.25,25.61
661.78,0,,83.69,25.56,4,-2,84.34,10.03,3.38,32.38,25.32
661.93,0,,84.04,25.52,4,-2,84.08,9.74,2.93,31.64,25.48
661.99,0,,84.15,25.47,0,2,83.78,9.75,2.87,31.59,25.55
662.11,0,,84.12,25.46,0,2,84.46,9.73,3.02,31.72,25.38
662.17,0,,84.13,25.45,0,2,83.92,9.69,2.92,31.58,25.44
662.29,0,,84.02,25.43,0,2,83.39,9.76,2.97,31.70,25.46
662.50,0,,83.78,25.43,0,2,83.74,9.78,3.04,31.79,25.41
662.51,0,,83.65,25.42,0,2,83.77,9.75,3.06,31.78,25.36
662.56,0,,83.66,25.37,1,0,83.64,9.67,3.16,31.80,25.18
662.68,0,,83.64,25.24,4,-2,83.41,9.53,3.30,31.80,24.90
662.77,0,,83.48,25.07,0,1,82.90,9.72,3.43,32.12,24.96
662.86,0,,83.14,25.00,4,-2,82.48,10.15,3.51,32.63,25.31
662.98,0,,82.86,25.11,4,-2,83.25,10.38,3.62,32.97,25.43
663.07,0,,82.92,25.33,4,-2,83.48,10.78,3.72,33.47,25.73
663.16,0,,83.25,25.61,4,-2,83.86,11.25,3.79,34.01,26.13
663.28,0,,83.65,25.93,4,-2,84.16,11.41,3.77,34.15,26.31
663.43,0,,84.00,26.20,1,0,84.26,11.34,3.57,33.88,26.44
663.46,0,,84.16,26.38,1,0,83.85,11.15,3.38,33.50,26.44
663.58,0,,84.00,26.45,0,2,83.10,11.01,3.28,33.26,26.40
663.67,0,,83.62,26.44,0,2,83.43,10.97,3.30,33.24,26.34
663.76,0,,83.45,26.40,0,2,83.98,11.13,3.39,33.49,26.41
663.91,0,,83.63,26.40,0,2,84.11,11.26,3.39,33.62,26.54
663.97,0,,83.96,26.46,0,2,84.45,11.29,3.39,33.65,26.57
664.06,0,,84.22,26.53,0,2,84.12,11.41,3.45,33.83,26.63
664.18,0,,84.26,26.61,0,1,83.98,11.66,3.57,34.20,26.76
664.27,0,,84.07,26.69,0,1,83.45,11.94,3.82,34.73,26.79
664.36,0,,83.65,26.71,0,2,82.59,11.68,3.91,34.56,26.44
664.48,0,,83.06,26.57,2,-1,82.39,11.20,3.77,33.94,26.10
664.57,0,,82.62,26.32,4,-2,82.70,10.87,3.56,33.40,25.98
664.66,0,,82.43,26.06,4,-2,82.23,10.42,3.32,32.71,25.77
664.79,0,,82.32,25.84,4,-2,82.12,10.21,3.23,32.41,25.65
664.93,0,,82.27,25.70,4,-2,82.65,10.33,3.29,32.59,25.71
664.96,0,,82.36,25.66,4,-2,82.47,10.42,3.35,32.74,25.74
665.08,0,,82.58,25.71,4,-2,83.33,10.66,3.43,33.06,25.90
665.17,0,,82.75,25.81,4,-2,81.99,10.74,3.42,33.13,25.99
665.26,0,,82.68,25.87,4,-2,82.85,10.11,3.16,32.24,25.62
665.41,0,,82.63,25.80,4,-2,82.77,10.08,3.17,32.22,25.58
665.47,0,,82.77,25.70,0,1,83.29,10.52,3.38,32.87,25.81
665.56,0,,83.02,25.68,0,2,83.36,10.25,3.25,32.47,25.67
665.68,0,,83.28,25.68,0,2,83.54,10.16,3.18,32.31,25.65
665.77,0,,83.42,25.67,0,2,83.20,10.27,3.21,32.45,25.73
665.86,0,,83.44,25.70,0,2,83.60,10.27,3.14,32.38,25.80
665.98,0,,83.41,25.76,0,2,83.12,10.43,3.20,32.60,25.90
666.07,0,,83.33,25.83,0,2,83.26,10.48,3.26,32.71,25.89
666.16,0,,83.25,25.89,0,2,83.22,10.49,3.25,32.71,25.91
666.28,0,,83.23,25.91,0,2,83.34,10.60,3.30,32.87,25.97
666.43,0,,83.34,25.96,0,1,83.88,10.78,3.35,33.10,26.10
666.46,0,,83.53,26.04,2,-1,83.50,10.94,3.39,33.30,26.22
666.58,0,,83.58,26.13,0,1,83.25,10.98,3.49,33.44,26.16
666.67,0,,83.49,26.17,0,1,83.48,11.03,3.55,33.55,26.15
666.76,0,,83.39,26.19,0,1,83.22,11.13,3.51,33.61,26.29
666.91,0,,83.36,26.24,0,1,83.59,11.14,3.46,33.57,26.35
667.00,0,,83.36,26.29,0,1,83.14,11.10,3.46,33.53,26.31
667.06,0,,83.24,26.31,0,1,82.67,10.99,3.44,33.40,26.22
667.18,0,,82.98,26.27,2,-1,82.69,10.89,3.35,33.21,26.21
667.27,0,,82.80,26.24,4,-2,83.10,10.95,3.35,33.27,26.27
667.36,0,,82.87,26.25,4,-2,83.20,10.99,3.34,33.30,26.32
667.48,0,,82.95,26.28,4,-2,82.39,10.89,3.26,33.12,26.30
667.57,0,,82.96,26.29,4,-2,83.73,10.79,3.25,33.01,26.21
667.66,0,,83.18,26.26,4,-2,83.65,10.86,3.32,33.15,26.21
667.78,0,,83.49,26.24,2,-1,83.61,11.00,3.35,33.32,26.32
667.93,0,,83.63,26.25,1,0,83.55,10.93,3.32,33.22,26.28
667.96,0,,83.60,26.28,0,2,83.25,10.89,3.26,33.12,26.30
668.08,0,,83.44,26.31,0,2,83.20,10.95,3.22,33.14,26.40
668.17,0,,83.33,26.35,0,2,83.64,10.92,3.19,33.08,26.40
668.26,0,,83.37,26.38,0,2,83.37,10.88,3.15,33.00,26.40
668.41,0,,83.49,26.39,0,2,83.92,10.82,3.11,32.90,26.38
668.47,0,,83.66,26.38,0,2,83.77,10.77,3.11,32.85,26.33
668.56,0,,83.73,26.36,0,1,83.36,10.85,3.12,32.94,26.40
668.72,0,,83.63,26.36,0,1,83.51,10.81,3.11,32.89,26.37
668.77,0,,83.50,26.35,1,0,83.39,10.70,3.08,32.75,26.29
668.86,0,,83.44,26.33,1,0,83.48,10.70,3.03,32.70,26.34
668.98,0,,83.37,26.33,0,1,83.01,10.75,3.02,32.74,26.40
669.07,0,,83.16,26.37,2,-1,82.49,10.85,3.05,32.87,26.47
669.16,0,,82.95,26.41,4,-2,83.47,10.79,3.05,32.81,26.41
669.32,0,,83.04,26.42,4,-2,83.49,10.69,3.01,32.67,26.35
669.43,0,,83.26,26.40,4,-2,83.21,10.71,2.95,32.63,26.43
669.46,0,,83.31,26.40,4,-2,83.04,10.73,2.98,32.68,26.42
669.58,0,,83.28,26.40,2,-1,83.61,10.72,2.99,32.68,26.40
669.67,0,,83.36,26.40,1,0,83.55,10.66,2.93,32.56,26.40
669.77,0,,83.56,26.39,0,1,84.08,10.57,2.89,32.43,26.35
669.92,0,,83.77,26.37,0,2,83.73,10.58,2.91,32.46,26.34
669.97,0,,83.78,26.35,0,2,83.17,10.63,2.95,32.55,26.35
670.06,0,,83.58,26.34,0,2,83.52,10.59,2.93,32.49,26.33
670.18,0,,83.40,26.32,0,2,83.11,10.45,2.88,32.30,26.24
670.27,0,,83.31,26.28,0,1,83.53,10.43,2.86,32.26,26.24
670.36,0,,83.39,26.26,1,0,83.86,10.50,2.85,32.32,26.32
670.48,0,,83.48,26.27,1,0,82.86,10.47,2.83,32.27,26.31
670.57,0,,83.45,26.29,1,0,83.90,10.38,2.76,32.11,26.29
670.66,0,,83.53,26.29,0,1,83.83,10.31,2.75,32.03,26.23
670.78,0,,83.65,26.27,1,0,83.32,10.35,2.76,32.08,26.26
670.93,0,,83.59,26.25,1,0,83.43,10.43,2.80,32.20,26.30
670.96,0,,83.45,26.26,0,1,83.21,10.42,2.84,32.23,26.25
671.08,0,,83.33,26.26,0,1,83.35,10.34,2.76,32.07,26.25
671.17,0,,83.33,26.25,1,0,83.65,10.27,2.73,31.97,26.21
671.26,0,,83.42,26.23,1,0,83.35,10.33,2.76,32.06,26.24
671.41,0,,83.42,26.23,1,0,83.18,10.44,2.76,32.17,26.35
671.47,0,,83.33,26.27,2,-1,83.24,10.39,2.76,32.12,26.30
671.56,0,,83.29,26.29,1,0,83.58,10.29,2.74,32.00,26.22
671.71,0,,83.45,26.27,1,0,84.07,10.25,2.74,31.96,26.18
671.77,0,,83.64,26.23,0,1,83.21,10.32,2.75,32.04,26.24
671.86,0,,83.63,26.23,0,1,83.60,10.39,2.73,32.09,26.33
671.98,0,,83.51,26.26,1,0,83.20,10.32,2.71,32.00,26.28
672.07,0,,83.45,26.28,0,1,83.81,10.33,2.73,32.03,26.27
672.16,0,,83.53,26.28,0,1,83.73,10.47,2.87,32.31,26.27
672.28,0,,83.69,26.28,0,1,83.87,10.63,2.99,32.59,26.31
672.43,0,,83.79,26.30,0,2,83.72,10.73,3.02,32.72,26.38
672.46,0,,83.73,26.33,0,2,83.17,10.64,2.99,32.60,26.32
672.58,0,,83.51,26.32,0,1,83.32,10.48,2.93,32.38,26.22
672.67,0,,83.36,26.28,1,0,83.53,10.47,2.89,32.33,26.25
672.76,0,,83.42,26.25,1,0,83.87,10.52,2.87,32.36,26.32
672.91,0,,83.56,26.27,1,0,83.34,10.52,2.87,32.36,26.32
672.97,0,,83.60,26.29,1,0,83.73,10.49,2.89,32.35,26.27
673.07,0,,83.61,26.29,1,0,83.58,10.58,2.96,32.51,26.29
673.18,0,,83.57,26.30,1,0,83.25,10.83,3.11,32.91,26.39
673.27,0,,83.52,26.34,2,-1,83.91,10.97,3.18,33.12,26.46
673.36,0,,83.60,26.40,1,0,83.73,10.95,3.16,33.08,26.46
673.48,0,,83.67,26.44,1,0,83.34,10.94,3.20,33.11,26.41
673.57,0,,83.59,26.44,1,0,83.57,11.06,3.27,33.30,26.46
673.66,0,,83.48,26.46,1,0,83.21,11.26,3.32,33.55,26.61
673.78,0,,83.40,26.52,0,1,83.52,11.29,3.36,33.62,26.60
673.93,0,,83.40,26.57,1,0,83.53,11.28,3.37,33.62,26.58
673.96,0,,83.42,26.60,2,-1,83.18,11.36,3.37,33.70,26.66
674.08,0,,83.37,26.62,2,-1,83.35,11.29,3.40,33.66,26.56
674.17,0,,83.39,26.60,2,-1,83.85,11.29,3.42,33.68,26.54
674.26,0,,83.50,26.57,2,-1,83.33,11.33,3.40,33.70,26.60
674.41,0,,83.47,26.55,1,0,82.99,11.17,3.35,33.49,26.49
674.47,0,,83.36,26.52,1,0,83.80,11.05,3.26,33.28,26.46
674.56,0,,83.39,26.49,2,-1,83.30,11.05,3.21,33.23,26.51
674.68,0,,83.45,26.47,2,-1,83.55,11.06,3.27,33.30,26.46
674.78,0,,83.52,26.46,2,-1,83.78,11.03,3.26,33.26,26.44
674.86,0,,83.65,26.45,0,1,83.83,10.97,3.14,33.08,26.50
674.98,0,,83.74,26.47,0,1,83.55,11.02,3.17,33.16,26.52
675.07,0,,83.73,26.49,0,2,83.77,11.17,3.31,33.45,26.53
675.16,0,,83.62,26.52,0,2,82.99,11.34,3.44,33.75,26.57
675.28,0,,83.43,26.55,0,1,83.50,11.45,3.52,33.94,26.60
675.43,0,,83.31,26.59,1,0,83.26,11.50,3.50,33.97,26.67
675.46,0,,83.22,26.62,1,0,82.78,11.47,3.53,33.97,26.61
675.58,0,,83.06,26.63,4,-2,82.99,11.54,3.57,34.08,26.64
675.67,0,,82.95,26.64,4,-2,83.01,11.63,3.60,34.20,26.70
675.76,0,,83.02,26.65,4,-2,83.50,11.57,3.62,34.16,26.62
675.91,0,,83.18,26.65,4,-2,83.12,11.45,3.49,33.91,26.63
675.97,0,,83.21,26.63,4,-2,82.88,11.35,3.42,33.74,26.60
676.06,0,,83.02,26.62,4,-2,82.47,11.49,3.50,33.96,26.66
676.18,0,,82.83,26.64,4,-2,83.13,11.58,3.54,34.09,26.71
676.27,0,,82.87,26.64,4,-2,83.34,11.30,3.48,33.75,26.49
676.36,0,,83.12,26.57,2,-1,83.47,10.79,3.13,32.89,26.33
676.48,0,,83.44,26.42,0,1,84.13,10.15,2.67,31.79,26.15
676.57,0,,83.76,26.24,0,2,83.79,9.77,2.45,31.19,25.99
676.66,0,,83.94,26.07,0,2,84.04,9.53,2.28,30.78,25.92
676.78,0,,83.99,25.92,0,2,83.90,9.16,2.11,30.24,25.72
676.87,0,,84.01,25.77,0,2,84.15,8.66,1.86,29.49,25.47
676.96,0,,83.98,25.58,0,2,83.54,8.19,1.58,28.74,25.28
677.08,0,,83.82,25.38,0,2,83.53,8.05,1.57,28.59,25.15
677.17,0,,83.67,25.21,0,2,83.88,7.98,1.52,28.47,25.13
677.26,0,,83.59,25.12,0,2,83.07,7.82,1.42,28.21,25.07
677.41,0,,83.47,25.06,0,1,83.60,7.77,1.49,28.23,24.95
677.47,0,,83.37,25.00,4,-2,83.12,7.80,1.49,28.26,24.98
677.56,0,,83.33,24.98,4,-2,83.52,7.89,1.48,28.34,25.08
677.68,0,,83.32,25.01,4,-2,83.19,8.05,1.63,28.65,25.09
677.77,0,,83.26,25.06,4,-2,82.94,8.19,1.76,28.92,25.10
677.86,0,,83.15,25.10,4,-2,83.25,8.31,1.81,29.09,25.17
678.02,0,,83.16,25.15,4,-2,83.43,8.51,1.90,29.38,25.28
678.07,0,,83.29,25.22,4,-2,83.49,8.72,2.09,29.78,25.30
678.19,0,,83.37,25.29,2,-1,83.10,9.01,2.26,30.24,25.42
678.28,0,,83.38,25.38,1,0,83.68,9.33,2.41,30.71,25.59
678.37,0,,83.36,25.49,0,1,82.92,9.55,2.62,31.14,25.60
678.49,0,,83.28,25.60,1,0,83.29,9.86,2.74,31.57,25.79
678.58,0,,83.19,25.71,1,0,83.17,10.03,2.84,31.84,25.86
678.67,0,,83.02,25.78,1,0,82.00,10.08,3.09,32.14,25.66
678.76,0,,82.61,25.75,4,-2,82.16,10.27,3.36,32.60,25.58
678.91,0,,82.30,25.68,4,-2,82.60,10.55,3.45,32.97,25.77
679.00,0,,82.33,25.70,4,-2,82.68,10.70,3.49,33.16,25.88
679.06,0,,82.58,25.78,4,-2,83.22,10.71,3.52,33.20,25.86
679.18,0,,82.99,25.87,4,-2,83.78,10.81,3.39,33.17,26.09
679.27,0,,83.46,26.00,4,-2,83.91,10.68,3.10,32.75,26.25
679.36,0,,83.80,26.12,2,-1,83.84,10.14,2.73,31.84,26.08
679.48,0,,83.92,26.12,0,2,83.85,9.61,2.40,30.98,25.88
679.57,0,,83.93,26.01,0,2,83.98,9.43,2.30,30.70,25.80
679.66,0,,83.91,25.87,0,2,83.72,9.38,2.30,30.65,25.75
679.79,0,,83.94,25.76,0,2,84.52,9.18,2.23,30.38,25.62
679.87,0,,84.04,25.68,0,2,83.66,9.31,2.30,30.58,25.68
679.99,0,,84.05,25.66,0,2,84.20,9.62,2.48,31.07,25.81
680.08,0,,84.10,25.70,0,2,84.52,9.56,2.54,31.07,25.69
680.17,0,,84.16,25.70,0,2,83.48,9.34,2.49,30.80,25.52
680.26,0,,84.18,25.62,0,2,85.21,9.23,2.45,30.65,25.45
680.41,0,,84.35,25.53,0,2,84.03,9.35,2.47,30.79,25.55
680.47,0,,84.39,25.52,0,2,84.07,9.58,2.53,31.08,25.72
680.56,0,,84.16,25.61,0,2,83.55,9.68,2.54,31.19,25.81
680.68,0,,83.96,25.73,0,1,84.41,9.69,2.51,31.17,25.85
680.77,0,,84.00,25.81,1,0,84.19,9.66,2.49,31.12,25.84
680.86,0,,84.11,25.85,2,-1,83.94,9.61,2.46,31.04,25.82
680.98,0,,84.07,25.83,2,-1,83.86,9.49,2.43,30.89,25.73
681.07,0,,83.93,25.77,2,-1,83.65,9.35,2.36,30.68,25.66
681.16,0,,83.74,25.70,4,-2,83.39,9.29,2.32,30.58,25.64
681.28,0,,83.63,25.65,4,-2,84.06,9.29,2.30,30.56,25.66
681.43,0,,83.69,25.64,4,-2,83.73,9.28,2.30,30.55,25.65
681.46,0,,83.75,25.62,4,-2,83.60,9.11,2.24,30.32,25.54
681.58,0,,83.72,25.58,4,-2,83.72,8.93,2.12,30.02,25.48
681.67,0,,83.65,25.51,4,-2,83.39,8.77,2.04,29.78,25.40
681.76,0,,83.52,25.42,4,-2,83.28,8.55,2.00,29.52,25.22
681.91,0,,83.36,25.30,4,-2,83.18,8.44,1.95,29.36,25.16
681.97,0,,83.23,25.19,4,-2,83.17,8.33,1.92,29.22,25.08
682.06,0,,83.18,25.10,4,-2,83.32,8.14,1.86,28.97,24.95
682.18,0,,83.24,25.01,4,-2,83.46,8.01,1.74,28.72,24.94
682.27,0,,83.37,24.93,4,-2,83.59,7.85,1.70,28.52,24.82
682.36,0,,83.41,24.85,4,-2,82.89,7.77,1.73,28.47,24.71
682.52,0,,83.37,24.76,4,-2,83.88,7.71,1.69,28.37,24.69
682.57,0,,83.33,24.68,4,-2,82.61,7.50,1.64,28.11,24.53
682.66,0,,83.18,24.59,2,-1,83.13,7.33,1.57,27.87,24.43
682.78,0,,82.97,24.49,2,-1,82.61,7.28,1.52,27.77,24.43
682.87,0,,82.78,24.42,4,-2,82.50,7.19,1.52,27.68,24.34
682.96,0,,82.65,24.36,4,-2,82.93,7.10,1.51,27.58,24.26
683.08,0,,82.71,24.29,4,-2,82.94,7.03,1.49,27.49,24.21
683.20,0,,82.85,24.23,4,-2,82.98,6.97,1.47,27.41,24.17
683.26,0,,82.85,24.17,4,-2,82.24,6.96,1.54,27.47,24.09
683.41,0,,82.70,24.10,4,-2,82.77,6.94,1.69,27.60,23.92
683.50,0,,82.68,24.02,4,-2,83.18,7.01,1.71,27.69,23.97
683.56,0,,82.80,23.98,4,-2,82.53,7.14,1.71,27.82,24.10
683.68,0,,82.80,24.01,4,-2,82.73,7.19,1.80,27.96,24.06
683.77,0,,82.75,24.05,4,-2,82.83,7.26,1.84,28.07,24.09
683.92,0,,82.74,24.08,1,0,82.66,7.32,1.86,28.15,24.13
684.02,0,,82.67,24.11,2,-1,82.32,7.37,1.94,28.28,24.10
684.07,0,,82.53,24.12,2,-1,82.47,7.58,2.08,28.63,24.17
684.16,0,,82.52,24.16,2,-1,83.09,7.86,2.19,29.02,24.34
684.28,0,,82.69,24.26,2,-1,82.74,8.09,2.29,29.35,24.47
684.43,0,,82.81,24.39,2,-1,82.75,8.44,2.50,29.91,24.61
684.46,0,,82.78,24.55,1,0,82.52,8.85,2.69,30.51,24.83
684.58,0,,82.68,24.72,2,-1,82.65,9.12,2.86,30.95,24.93
684.67,0,,82.74,24.87,2,-1,83.58,9.30,2.99,31.26,24.98
684.79,0,,82.91,24.98,2,-1,82.35,9.50,3.04,31.51,25.13
684.92,0,,82.90,25.07,1,0,82.95,9.60,3.13,31.70,25.14
684.97,0,,82.77,25.13,0,2,82.38,9.67,3.18,31.82,25.16
685.06,0,,82.54,25.16,1,0,81.87,9.75,3.23,31.95,25.19
685.18,0,,82.19,25.14,2,-1,81.85,9.73,3.47,32.17,24.93
685.27,0,,81.88,25.04,4,-2,81.52,9.72,3.62,32.31,24.77
685.36,0,,81.70,24.91,4,-2,81.90,9.87,3.62,32.46,24.92
685.48,0,,81.77,24.87,4,-2,82.37,10.04,3.69,32.70,25.02
685.57,0,,81.88,24.92,4,-2,81.18,10.28,3.91,33.16,25.04
685.66,0,,81.81,25.02,4,-2,81.97,10.68,4.08,33.73,25.27
685.78,0,,81.75,25.16,4,-2,81.83,10.69,3.99,33.65,25.37
685.87,0,,81.80,25.30,4,-2,81.83,10.60,3.89,33.46,25.38
685.96,0,,81.91,25.39,4,-2,82.45,10.68,3.80,33.45,25.55
686.08,0,,82.17,25.48,4,-2,82.66,10.60,3.69,33.26,25.58
686.17,0,,82.39,25.55,0,2,82.07,10.78,3.82,33.57,25.63
686.26,0,,82.50,25.59,0,2,83.14,10.70,3.82,33.49,25.55
686.41,0,,82.72,25.59,0,2,83.10,10.50,3.58,33.05,25.59
686.47,0,,83.02,25.60,0,2,83.35,10.53,3.46,32.96,25.74
686.56,0,,83.30,25.63,0,2,83.78,10.29,3.38,32.64,25.58
686.68,0,,83.49,25.64,0,2,83.16,10.22,3.28,32.47,25.61
686.77,0,,83.47,25.63,0,2,83.35,10.19,3.17,32.33,25.69
686.86,0,,83.44,25.64,0,2,83.82,10.03,3.08,32.08,25.62
686.98,0,,83.41,25.63,0,2,82.56,9.93,3.04,31.94,25.56
687.07,0,,83.20,25.58,0,2,83.18,9.79,3.02,31.78,25.44
687.16,0,,83.06,25.51,0,2,83.24,9.74,2.96,31.67,25.45
687.28,0,,83.10,25.44,0,1,83.20,9.64,2.91,31.52,25.40
687.37,0,,83.20,25.40,2,-1,83.41,9.51,2.84,31.32,25.34
687.46,0,,83.27,25.35,2,-1,83.13,9.34,2.75,31.06,25.26
687.58,0,,83.24,25.28,2,-1,83.05,9.12,2.68,30.77,25.11
687.67,0,,83.09,25.17,2,-1,82.64,8.95,2.62,30.54,25.00
687.76,0,,82.84,25.05,4,-2,82.41,8.82,2.59,30.38,24.90
687.91,0,,82.60,24.94,4,-2,82.65,8.71,2.53,30.21,24.85
687.97,0,,82.55,24.86,4,-2,82.76,8.63,2.47,30.07,24.83
688.06,0,,82.64,24.81,4,-2,82.88,8.54,2.50,30.01,24.71
688.18,0,,82.75,24.74,4,-2,82.70,8.41,2.52,29.90,24.56
688.27,0,,82.79,24.64,4,-2,82.81,8.37,2.46,29.80,24.58
688.36,0,,82.82,24.58,4,-2,83.00,8.39,2.44,29.80,24.62
688.48,0,,82.78,24.57,4,-2,82.09,8.31,2.44,29.72,24.54
688.57,0,,82.55,24.55,4,-2,82.32,8.26,2.43,29.66,24.50
688.66,0,,82.36,24.52,4,-2,82.50,8.28,2.44,29.69,24.51
688.78,0,,82.40,24.50,4,-2,82.79,8.27,2.45,29.69,24.49
688.87,0,,82.51,24.48,4,-2,82.28,8.24,2.48,29.69,24.43
688.96,0,,82.49,24.44,4,-2,82.30,8.23,2.53,29.73,24.37
689.08,0,,82.39,24.40,4,-2,82.37,8.24,2.53,29.74,24.38
689.17,0,,82.36,24.38,4,-2,82.53,8.27,2.52,29.76,24.42
689.26,0,,82.39,24.39,4,-2,82.25,8.27,2.53,29.77,24.41
689.41,0,,82.36,24.39,4,-2,82.23,8.25,2.54,29.76,24.38
689.47,0,,82.25,24.39,4,-2,81.95,8.26,2.55,29.78,24.38
689.56,0,,82.19,24.37,4,-2,82.64,8.25,2.61,29.83,24.31
689.68,0,,82.27,24.33,4,-2,82.29,8.25,2.66,29.88,24.26
689.78,0,,82.31,24.30,4,-2,81.95,8.32,2.66,29.95,24.33
689.86,0,,82.24,24.29,4,-2,82.50,8.35,2.69,30.01,24.33
689.98,0,,82.23,24.30,4,-2,82.01,8.36,2.74,30.07,24.29
690.07,0,,82.22,24.30,2,-1,82.40,8.39,2.78,30.14,24.28
690.16,0,,82.19,24.28,2,-1,81.86,8.39,2.82,30.18,24.24
690.28,0,,82.19,24.26,2,-1,82.67,8.43,2.82,30.22,24.28
690.37,0,,82.30,24.26,2,-1,82.45,8.48,2.84,30.29,24.31
690.46,0,,82.41,24.27,2,-1,82.23,8.51,2.94,30.42,24.24
690.58,0,,82.27,24.26,2,-1,81.43,8.54,2.99,30.50,24.22
690.67,0,,81.96,24.23,2,-1,81.94,8.57,3.02,30.56,24.22
690.76,0,,81.78,24.23,2,-1,81.77,8.62,3.00,30.59,24.29
690.91,0,,81.67,24.25,4,-2,81.14,8.65,3.02,30.64,24.30
690.97,0,,81.40,24.27,4,-2,80.82,8.66,3.12,30.75,24.21
691.06,0,,81.24,24.26,4,-2,82.16,8.73,3.15,30.85,24.25
691.18,0,,81.45,24.25,4,-2,81.78,8.82,3.14,30.93,24.35
691.27,0,,81.77,24.28,4,-2,82.05,8.87,3.24,31.08,24.30
691.36,0,,81.90,24.30,4,-2,81.57,8.92,3.32,31.21,24.27
691.48,0,,81.87,24.29,4,-2,81.90,8.96,3.35,31.28,24.28
691.57,0,,81.78,24.28,4,-2,81.51,9.00,3.39,31.36,24.28
691.66,0,,81.68,24.29,2,-1,81.56,9.13,3.39,31.49,24.41
691.78,0,,81.44,24.33,0,1,80.49,9.17,3.46,31.60,24.38
691.87,0,,81.15,24.36,0,1,81.48,9.17,3.54,31.68,24.30
691.96,0,,81.13,24.36,2,-1,81.56,9.29,3.52,31.78,24.44
692.08,0,,81.28,24.38,4,-2,81.15,9.35,3.58,31.90,24.44
692.17,0,,81.29,24.42,4,-2,80.98,9.43,3.63,32.03,24.47
692.26,0,,81.18,24.46,4,-2,81.23,9.49,3.66,32.12,24.50
692.41,0,,81.26,24.47,4,-2,82.07,9.48,3.74,32.19,24.41
692.47,0,,81.47,24.46,4,-2,81.08,9.54,3.76,32.27,24.45
692.56,0,,81.45,24.44,4,-2,81.07,9.58,3.83,32.38,24.42
692.68,0,,81.31,24.43,4,-2,81.56,9.64,3.89,32.50,24.42
692.77,0,,81.27,24.42,2,-1,81.01,9.68,3.89,32.54,24.46
692.86,0,,81.19,24.42,2,-1,80.97,9.69,4.01,32.67,24.35
692.98,0,,81.09,24.41,2,-1,81.24,9.90,4.08,32.95,24.49
693.07,0,,81.05,24.45,2,-1,80.80,10.07,4.11,33.15,24.63
693.16,0,,81.11,24.53,2,-1,81.87,10.13,4.18,33.28,24.62
693.28,0,,81.30,24.62,2,-1,81.26,10.34,4.26,33.57,24.75
693.37,0,,81.35,24.70,2,-1,80.79,10.58,4.38,33.93,24.87
693.46,0,,81.22,24.80,2,-1,81.42,10.73,4.47,34.17,24.93
693.58,0,,81.17,24.90,2,-1,81.17,10.83,4.51,34.31,24.99
693.70,0,,81.18,24.97,2,-1,81.06,11.05,4.64,34.66,25.08
693.76,0,,81.16,25.06,2,-1,81.30,11.38,4.78,35.13,25.27
693.91,0,,81.21,25.18,2,-1,81.39,11.57,4.88,35.42,25.36
693.97,0,,81.28,25.29,1,0,81.16,11.65,4.98,35.60,25.34
694.06,0,,81.38,25.36,1,0,81.99,11.72,4.96,35.65,25.43
694.18,0,,81.45,25.40,0,1,80.75,11.61,4.85,35.43,25.43
694.27,0,,81.38,25.40,0,1,81.57,11.53,4.94,35.44,25.26
694.42,0,,81.36,25.35,0,1,81.62,11.71,5.08,35.76,25.30
694.48,0,,81.44,25.31,0,1,81.28,11.76,5.10,35.83,25.33
694.60,0,,81.44,25.31,0,1,81.41,11.77,5.06,35.80,25.38
694.66,0,,81.44,25.36,1,0,81.64,11.67,4.81,35.45,25.53
694.79,0,,81.53,25.43,0,1,81.75,11.19,4.43,34.59,25.43
694.88,0,,81.66,25.46,0,1,81.76,11.02,4.27,34.26,25.42
694.96,0,,81.72,25.45,0,1,81.55,11.10,4.27,34.34,25.50
695.08,0,,81.76,25.46,0,2,82.26,11.10,4.27,34.34,25.50
695.17,0,,81.97,25.48,0,2,82.46,11.06,4.23,34.26,25.50
695.26,0,,82.14,25.47,0,2,81.60,10.80,4.15,33.92,25.32
695.41,0,,82.07,25.38,0,2,81.99,10.57,4.13,33.67,25.11
695.47,0,,81.90,25.23,0,2,81.54,10.43,4.09,33.49,25.01
695.56,0,,81.74,25.09,0,2,81.69,10.41,4.07,33.45,25.01
695.68,0,,81.66,25.02,0,1,81.78,10.67,4.20,33.84,25.14
695.77,0,,81.77,25.07,0,1,82.36,10.91,4.30,34.18,25.28
695.86,0,,81.94,25.18,0,1,81.65,11.11,4.40,34.48,25.38
695.98,0,,81.87,25.30,2,-1,81.19,11.23,4.52,34.72,25.38
696.07,0,,81.55,25.38,4,-2,81.15,11.26,4.52,34.75,25.41
696.16,0,,81.38,25.42,4,-2,82.09,11.36,4.53,34.86,25.50
696.28,0,,81.54,25.46,4,-2,81.76,11.45,4.60,35.02,25.52
696.37,0,,81.67,25.50,2,-1,81.19,11.46,4.63,35.06,25.50
696.49,0,,81.52,25.50,2,-1,81.12,11.38,4.63,34.98,25.42
696.61,0,,81.14,25.44,4,-2,80.09,11.08,4.57,34.62,25.18
696.70,0,,80.68,25.27,4,-2,80.48,10.60,4.42,33.99,24.85
696.79,0,,80.53,25.03,4,-2,81.48,10.21,4.21,33.39,24.67
696.91,0,,80.83,24.78,4,-2,81.33,9.91,4.01,32.89,24.57
696.97,0,,81.17,24.58,4,-2,81.12,9.41,3.81,32.19,24.27
697.09,0,,81.31,24.38,4,-2,81.46,9.11,3.66,31.74,24.12
697.18,0,,81.36,24.24,4,-2,81.29,9.39,3.71,32.07,24.35
697.27,0,,81.33,24.24,2,-1,81.12,9.61,3.80,32.38,24.48
697.42,0,,81.20,24.34,0,1,80.86,9.50,3.75,32.22,24.42
697.51,0,,81.05,24.41,0,2,81.09,9.55,3.82,32.34,24.40
697.60,0,,80.91,24.45,0,2,80.43,9.86,4.00,32.83,24.53
697.70,0,,80.79,24.52,0,1,81.05,10.29,4.14,33.40,24.82
697.79,0,,80.90,24.68,2,-1,81.75,10.60,4.27,33.84,25.00
697.87,0,,81.21,24.87,4,-2,81.18,10.68,4.28,33.93,25.07
697.99,0,,81.46,25.02,2,-1,82.01,10.72,4.25,33.94,25.14
698.08,0,,81.59,25.13,0,1,81.14,10.84,4.24,34.05,25.27
698.17,0,,81.56,25.22,0,2,81.53,10.91,4.24,34.12,25.34
698.29,0,,81.55,25.29,0,2,82.02,10.88,4.30,34.15,25.25
698.41,0,,81.69,25.30,0,2,81.76,10.93,4.30,34.20,25.30
698.47,0,,81.82,25.31,0,2,81.94,11.01,4.31,34.29,25.37
698.59,0,,81.83,25.33,0,2,81.41,11.05,4.37,34.39,25.35
698.68,0,,81.72,25.34,0,2,81.68,11.02,4.35,34.34,25.34
698.77,0,,81.75,25.35,0,2,82.55,11.01,4.33,34.31,25.35
698.92,0,,81.95,25.37,0,2,81.73,11.16,4.34,34.47,25.49
698.98,0,,82.08,25.42,0,2,82.35,11.26,4.39,34.62,25.54
699.07,0,,82.12,25.49,0,2,81.94,11.29,4.40,34.66,25.56
699.19,0,,82.12,25.55,0,2,82.19,11.36,4.39,34.72,25.64
699.28,0,,82.14,25.59,0,2,82.32,11.42,4.49,34.88,25.60
699.37,0,,82.20,25.62,0,2,82.12,11.57,4.54,35.08,25.70
699.49,0,,82.13,25.68,0,2,81.57,11.71,4.53,35.21,25.85
699.58,0,,81.92,25.75,0,2,81.82,11.73,4.61,35.31,25.79
699.67,0,,81.79,25.79,1,0,81.91,11.77,4.68,35.42,25.76
699.79,0,,81.72,25.80,2,-1,81.21,11.92,4.73,35.62,25.86
700.06,0,,81.70,25.83,4,-2,82.54,12.03,4.76,35.76,25.94
700.07,0,,81.90,25.88,4,-2,82.07,12.01,4.74,35.72,25.94
700.10,0,,82.10,25.93,4,-2,82.04,12.06,4.73,35.76,26.00
700.18,0,,82.13,25.98,2,-1,82.04,12.16,4.75,35.88,26.08
700.30,0,,82.09,26.04,1,0,82.07,12.24,4.76,35.97,26.15
700.42,0,,82.05,26.10,0,1,81.93,12.25,4.79,36.01,26.13
700.48,0,,82.03,26.13,0,1,82.18,12.22,4.82,36.01,26.07
700.57,0,,82.06,26.12,0,1,82.14,12.31,4.81,36.09,26.17
700.69,0,,82.12,26.15,0,2,82.18,12.47,4.83,36.27,26.31
700.78,0,,82.21,26.23,0,1,82.55,12.56,4.86,36.39,26.37
700.87,0,,82.30,26.32,0,1,82.04,12.56,4.82,36.35,26.41
700.99,0,,82.25,26.38,0,1,82.01,12.55,4.86,36.38,26.36
701.08,0,,82.17,26.39,0,1,82.45,12.64,4.93,36.54,26.38
701.17,0,,82.25,26.40,0,1,82.49,12.75,4.91,36.63,26.51
701.33,0,,82.29,26.44,0,1,81.71,12.78,4.97,36.72,26.48
701.42,0,,82.19,26.47,0,1,82.39,12.81,5.00,36.78,26.48
701.48,0,,82.24,26.50,0,1,82.84,12.90,4.97,36.84,26.60
701.62,0,,82.53,26.53,0,1,83.02,12.89,5.02,36.88,26.54
701.68,0,,82.76,26.55,0,1,82.37,12.89,5.03,36.89,26.53
701.77,0,,82.77,26.55,0,2,82.88,12.96,5.02,36.95,26.61
701.92,0,,82.70,26.58,0,2,82.41,13.05,5.04,37.06,26.68
701.98,0,,82.59,26.64,0,2,82.38,13.11,5.03,37.11,26.75
702.07,0,,82.48,26.70,0,2,82.63,13.09,5.03,37.09,26.73
702.22,0,,82.48,26.73,0,2,82.46,13.00,4.98,36.95,26.69
702.28,0,,82.47,26.72,0,1,82.29,13.01,5.00,36.98,26.68
702.37,0,,82.31,26.69,2,-1,81.65,13.08,5.10,37.15,26.65
702.49,0,,82.06,26.66,4,-2,82.07,13.09,5.12,37.18,26.64
702.59,0,,82.08,26.65,4,-2,83.14,13.14,5.06,37.17,26.75
702.67,0,,82.38,26.70,4,-2,82.19,13.20,5.03,37.20,26.84
702.79,0,,82.53,26.77,4,-2,82.58,13.24,5.04,37.25,26.87
702.91,0,,82.62,26.84,1,0,83.13,13.31,5.09,37.37,26.89
702.97,0,,82.76,26.88,0,1,82.53,13.33,5.13,37.43,26.87
703.10,0,,82.84,26.89,0,1,83.19,13.35,5.10,37.42,26.92
703.18,0,,82.87,26.90,0,2,82.48,13.41,5.14,37.52,26.94
703.28,0,,82.84,26.92,0,2,83.03,13.50,5.19,37.66,26.98
703.43,0,,82.91,26.97,0,2,83.40,13.57,5.10,37.64,27.14
703.48,0,,83.06,27.04,0,2,82.78,13.52,5.09,37.58,27.10
703.58,0,,82.94,27.08,0,2,82.07,13.54,5.19,37.70,27.02
703.70,0,,82.65,27.08,0,1,82.89,13.64,5.20,37.81,27.11
703.78,0,,82.53,27.08,0,1,82.39,13.61,5.20,37.78,27.08
703.87,0,,82.56,27.08,0,1,82.97,13.63,5.21,37.81,27.09
703.99,0,,82.72,27.09,2,-1,83.07,13.70,5.22,37.89,27.15
704.09,0,,82.89,27.11,2,-1,82.71,13.72,5.23,37.92,27.16
704.17,0,,82.86,27.14,2,-1,82.55,13.75,5.26,37.98,27.16
704.29,0,,82.78,27.16,2,-1,83.08,13.78,5.25,38.00,27.20
704.41,0,,82.79,27.19,2,-1,82.62,13.80,5.20,37.97,27.27
704.47,0,,82.75,27.23,0,1,82.53,13.81,5.19,37.97,27.29
704.62,0,,82.67,27.26,0,1,82.76,13.81,5.26,38.04,27.22
704.68,0,,82.74,27.26,1,0,83.33,13.85,5.25,38.07,27.27
704.78,0,,82.94,27.26,1,0,82.90,13.85,5.17,37.99,27.35
704.87,0,,83.08,27.29,0,1,83.28,13.83,5.22,38.02,27.28
704.98,0,,83.19,27.30,0,1,83.40,13.95,5.32,38.24,27.30
705.08,0,,83.30,27.30,0,2,83.35,14.00,5.36,38.33,27.31
705.16,0,,83.29,27.29,0,2,82.75,13.95,5.37,38.29,27.25
705.28,0,,83.11,27.28,0,2,83.02,14.04,5.44,38.45,27.27
705.38,0,,82.86,27.27,0,2,82.12,14.17,5.48,38.62,27.36
705.47,0,,82.64,27.32,0,1,83.01,14.14,5.38,38.49,27.43
705.59,0,,82.74,27.38,2,-1,83.66,14.03,5.26,38.26,27.44
705.67,0,,83.11,27.43,2,-1,83.21,14.01,5.20,38.18,27.48
705.77,0,,83.36,27.46,0,1,83.49,14.08,5.29,38.34,27.46
705.91,0,,83.40,27.46,0,1,83.04,14.20,5.47,38.64,27.40
705.97,0,,83.14,27.41,0,1,81.95,14.20,5.62,38.79,27.25
706.07,0,,82.64,27.30,1,0,82.39,14.00,5.68,38.65,26.99
706.18,0,,82.50,27.17,2,-1,83.76,14.02,5.43,38.42,27.26
706.28,0,,82.69,27.20,2,-1,81.85,14.17,5.18,38.32,27.66
706.36,0,,82.72,27.36,2,-1,83.09,13.92,5.20,38.09,27.39
706.48,0,,82.72,27.41,4,-2,82.83,13.42,4.97,37.36,27.12
706.61,0,,82.85,27.31,4,-2,83.09,13.26,4.74,36.97,27.19
706.66,0,,83.01,27.21,2,-1,83.35,13.43,4.90,37.30,27.20
706.78,0,,83.28,27.18,1,0,84.02,13.61,5.02,37.60,27.26
706.88,0,,83.60,27.21,0,2,83.57,13.66,5.04,37.67,27.29
706.96,0,,83.68,27.25,0,2,83.18,13.58,5.03,37.58,27.22
707.08,0,,83.44,27.25,0,2,82.77,13.52,4.99,37.48,27.20
707.17,0,,83.16,27.23,0,2,83.37,13.57,5.00,37.54,27.24
707.27,0,,83.13,27.22,0,2,83.48,13.56,5.01,37.54,27.22
707.41,0,,83.20,27.19,0,2,82.77,13.40,5.00,37.37,27.07
707.47,0,,82.95,27.12,1,0,81.73,13.32,5.07,37.36,26.92
707.56,0,,82.44,26.98,2,-1,82.16,13.37,5.36,37.70,26.68
707.68,0,,82.14,26.83,4,-2,82.47,13.60,5.50,38.07,26.77
707.77,0,,82.13,26.76,4,-2,82.05,13.78,5.51,38.26,26.94
707.92,0,,82.16,26.82,4,-2,82.20,13.86,5.57,38.40,26.96
708.01,0,,82.32,26.95,4,-2,83.36,14.08,5.40,38.45,27.35
708.07,0,,82.70,27.18,4,-2,82.93,14.09,5.16,38.22,27.60
708.22,0,,83.11,27.41,4,-2,83.92,13.90,5.09,37.96,27.48
708.28,0,,83.57,27.52,2,-1,84.35,13.58,4.78,37.33,27.47
708.38,0,,84.12,27.50,0,2,84.84,12.98,4.32,36.27,27.33
708.49,0,,84.44,27.39,0,2,83.78,12.62,4.18,35.77,27.11
708.58,0,,84.31,27.22,0,2,83.71,12.41,4.14,35.52,26.94
708.67,0,,84.06,27.03,0,2,84.41,12.15,4.01,35.13,26.81
708.76,0,,84.06,26.86,0,2,84.23,11.98,3.93,34.88,26.72
708.91,0,,84.08,26.73,0,2,83.48,11.86,3.96,34.79,26.57
708.97,0,,84.01,26.63,0,2,84.54,11.92,3.99,34.88,26.60
709.07,0,,84.07,26.59,0,2,84.07,11.95,3.95,34.87,26.67
709.18,0,,84.15,26.60,1,0,84.13,11.91,4.03,34.91,26.55
709.30,0,,84.00,26.56,2,-1,82.92,12.01,4.35,35.33,26.33
709.36,0,,83.56,26.43,4,-2,83.06,12.22,4.76,35.95,26.13
709.48,0,,83.10,26.29,4,-2,82.57,12.59,4.90,36.46,26.36
709.58,0,,82.72,26.30,4,-2,82.28,13.04,5.02,37.03,26.69
709.66,0,,82.50,26.49,4,-2,82.87,13.54,5.28,37.79,26.93
709.79,0,,82.58,26.78,4,-2,83.02,13.83,5.24,38.04,27.26
709.88,0,,82.77,27.07,4,-2,82.70,13.76,5.16,37.89,27.27
709.96,0,,82.87,27.24,4,-2,83.05,13.58,5.07,37.62,27.18
710.11,0,,83.13,27.26,4,-2,84.46,13.36,4.88,37.21,27.15
710.17,0,,83.61,27.18,4,-2,83.65,12.84,4.57,36.38,26.94
710.27,0,,83.89,27.03,0,2,83.79,12.13,4.10,35.20,26.70
710.41,0,,83.89,26.84,0,2,83.80,12.06,4.03,35.06,26.70
710.47,0,,83.79,26.72,0,2,83.39,12.09,4.06,35.12,26.70
710.59,0,,83.69,26.64,0,2,84.01,11.74,3.90,34.61,26.51
710.68,0,,83.69,26.58,0,2,83.58,11.78,3.95,34.70,26.50
710.80,0,,83.77,26.53,0,2,84.21,11.91,3.95,34.83,26.63
710.92,0,,83.80,26.55,0,2,83.16,11.84,3.90,34.71,26.61
710.98,0,,83.69,26.57,0,1,83.79,11.73,3.91,34.61,26.49
711.08,0,,83.64,26.53,2,-1,83.82,11.57,3.88,34.42,26.36
711.17,0,,83.74,26.43,2,-1,84.01,11.48,3.90,34.35,26.25
711.32,0,,83.69,26.29,2,-1,82.55,11.47,4.11,34.55,26.03
711.38,0,,83.32,26.12,2,-1,82.89,11.74,4.52,35.23,25.89
711.47,0,,82.96,26.01,4,-2,82.99,12.31,4.76,36.04,26.22
711.59,0,,82.85,26.08,4,-2,82.84,12.70,4.89,36.56,26.48
711.67,0,,82.91,26.27,4,-2,83.41,13.00,5.16,37.13,26.51
711.77,0,,83.14,26.50,4,-2,83.61,13.42,5.18,37.57,26.91
711.91,0,,83.33,26.75,4,-2,82.91,13.39,4.94,37.30,27.12
711.97,0,,83.41,26.94,4,-2,84.09,12.99,4.81,36.77,26.85
712.07,0,,83.73,26.97,2,-1,84.83,12.68,4.59,36.24,26.76
712.18,0,,84.21,26.90,0,2,84.12,12.47,4.20,35.64,26.94
712.36,0,,84.34,26.87,0,2,83.77,12.26,4.05,35.28,26.88
712.37,0,,84.07,26.83,0,2,83.34,11.98,4.06,35.01,26.59
712.48,0,,83.70,26.73,0,2,83.57,11.88,3.99,34.84,26.56
712.60,0,,83.43,26.62,0,2,83.06,11.98,4.03,34.98,26.62
712.70,0,,83.36,26.57,0,1,84.05,11.91,4.01,34.89,26.57
712.78,0,,83.59,26.55,1,0,84.20,11.75,3.89,34.61,26.53
712.88,0,,83.89,26.54,2,-1,83.73,11.71,3.86,34.54,26.52
712.97,0,,83.97,26.52,0,1,83.86,11.73,3.90,34.60,26.50
713.09,0,,83.88,26.49,1,0,83.63,11.67,3.95,34.59,26.39
713.17,0,,83.56,26.39,2,-1,82.15,11.47,4.14,34.58,26.00
713.27,0,,83.00,26.17,2,-1,82.70,11.44,4.39,34.80,25.72
713.51,0,,82.62,25.95,4,-2,82.75,11.81,4.43,35.21,26.05
713.59,0,,82.62,25.93,4,-2,83.03,12.26,4.57,35.80,26.36
713.60,0,,82.86,26.14,4,-2,83.52,12.73,4.80,36.50,26.60
713.78,0,,83.24,26.47,4,-2,83.78,13.14,4.65,36.76,27.16
713.78,0,,83.64,26.85,4,-2,84.18,13.06,4.57,36.60,27.16
713.87,0,,83.91,27.09,4,-2,83.63,12.87,4.52,36.36,27.02
714.20,0,,83.89,27.15,0,2,83.46,12.69,4.26,35.92,27.10
714.23,0,,83.68,27.09,0,2,83.50,12.36,4.17,35.50,26.86
714.23,0,,83.51,26.97,0,2,83.40,12.19,4.11,35.27,26.75
714.28,0,,83.57,26.83,0,2,84.57,12.11,4.03,35.11,26.75
714.59,0,,83.86,26.75,0,2,83.77,12.14,4.07,35.18,26.74
714.59,0,,83.86,26.75,0,2,83.77,12.14,4.07,35.18,26.74
714.59,0,,84.12,26.69,0,2,83.49,12.02,4.09,35.08,26.60
714.79,0,,84.03,26.65,0,2,84.31,12.00,4.09,35.06,26.58
714.83,0,,84.02,26.59,0,1,84.12,11.94,4.10,35.01,26.51
714.95,0,,83.83,26.50,0,2,82.09,11.74,4.23,34.94,26.18
715.34,0,,83.13,26.30,0,1,82.04,11.71,4.56,35.24,25.82
715.34,0,,82.44,26.07,4,-2,82.59,11.99,4.63,35.59,26.03
715.34,0,,82.19,25.99,4,-2,82.02,12.17,4.55,35.69,26.29
715.42,0,,82.23,26.07,4,-2,82.94,12.29,4.79,36.05,26.17
715.43,0,,82.61,26.22,4,-2,83.83,12.97,5.00,36.94,26.64
716.17,0,,83.29,26.49,4,-2,84.28,13.49,4.95,37.41,27.21
716.21,0,,83.95,26.86,4,-2,84.33,13.22,4.73,36.92,27.16
716.21,0,,84.28,27.11,2,-1,84.02,12.92,4.51,36.40,27.08
716.24,0,,84.19,27.16,0,2,83.41,12.65,4.29,35.91,27.03
716.24,0,,84.19,27.16,0,2,83.41,12.65,4.29,35.91,27.03
716.24,0,,83.91,26.98,0,2,84.15,12.25,4.09,35.31,26.83
716.30,0,,83.94,26.86,0,2,83.49,12.15,4.09,35.21,26.73
716.30,0,,83.90,26.75,0,2,84.26,11.99,4.13,35.09,26.53
716.41,0,,83.96,26.63,0,2,84.09,11.99,4.10,35.06,26.56
716.42,0,,84.08,26.55,0,1,84.21,11.93,4.07,34.97,26.53
716.47,0,,84.14,26.51,2,-1,84.02,11.86,4.05,34.88,26.48
716.59,0,,84.10,26.49,1,0,83.87,11.86,4.02,34.85,26.51
716.68,0,,83.86,26.45,0,1,82.88,11.68,4.14,34.79,26.21
716.78,0,,83.39,26.29,2,-1,82.77,11.49,4.40,34.86,25.76
716.87,0,,83.01,26.03,4,-2,83.20,11.67,4.57,35.21,25.77
717.02,0,,82.76,25.87,4,-2,81.75,12.19,4.70,35.86,26.16
717.08,0,,82.45,25.95,4,-2,82.50,12.77,5.08,36.82,26.36
717.53,0,,82.40,26.20,4,-2,83.28,13.29,5.28,37.54,26.68
717.53,0,,82.85,26.54,4,-2,84.10,13.64,5.13,37.74,27.18
717.53,0,,82.85,26.54,4,-2,84.10,13.64,5.13,37.74,27.18
717.53,0,,83.89,27.10,4,-2,83.78,13.66,5.29,37.92,27.04
717.92,0,,83.92,27.14,0,2,83.49,13.39,4.93,37.29,27.13
717.92,0,,83.76,27.12,0,2,83.66,13.04,4.67,36.68,27.04
717.92,0,,83.76,27.12,0,2,83.66,13.04,4.67,36.68,27.04
717.92,0,,83.76,27.12,0,2,83.66,13.04,4.67,36.68,27.04
718.13,0,,83.46,26.97,0,2,83.75,12.65,4.56,36.18,26.76
718.13,0,,83.47,26.87,0,2,83.89,12.57,4.45,35.99,26.79
718.18,0,,83.67,26.78,0,1,83.85,12.37,4.36,35.70,26.68
718.28,0,,83.92,26.69,2,-1,84.58,12.15,4.34,35.46,26.48
718.48,0,,84.28,26.58,0,1,84.86,12.13,4.32,35.42,26.48
718.49,0,,84.49,26.49,0,2,83.68,12.15,4.40,35.52,26.42
718.60,0,,84.18,26.40,0,2,82.97,12.11,4.63,35.71,26.15
718.82,0,,83.54,26.25,0,2,82.87,12.26,4.99,36.22,25.94
718.82,0,,83.00,26.10,0,1,82.68,12.74,5.28,36.99,26.13
718.94,0,,82.71,26.09,4,-2,82.67,13.29,5.50,37.76,26.46
718.96,0,,82.70,26.26,4,-2,83.35,13.70,5.69,38.36,26.68
719.09,0,,82.87,26.56,4,-2,82.79,14.12,5.62,38.71,27.17
719.17,0,,83.11,26.93,4,-2,84.02,14.25,5.50,38.72,27.42
719.29,0,,83.37,27.22,4,-2,83.11,13.90,5.36,38.23,27.21
719.41,0,,83.54,27.31,4,-2,84.03,13.51,5.07,37.55,27.11
719.47,0,,83.69,27.23,1,0,83.76,13.12,4.77,36.86,27.02
719.57,0,,83.72,27.09,0,1,83.11,12.90,4.64,36.51,26.93
719.68,0,,83.50,26.97,0,2,83.18,12.82,4.61,36.40,26.88
719.78,0,,83.26,26.87,0,2,83.12,12.50,4.51,35.98,26.66
719.86,0,,83.11,26.72,0,2,82.96,12.20,4.47,35.64,26.40
719.98,0,,83.11,26.54,1,0,83.71,12.14,4.48,35.59,26.33
720.08,0,,83.32,26.40,2,-1,83.68,12.27,4.50,35.74,26.44
720.20,0,,83.51,26.34,2,-1,83.22,12.08,4.48,35.53,26.27
720.28,0,,83.39,26.24,2,-1,82.66,11.64,4.57,35.18,25.74
720.38,0,,83.03,26.00,4,-2,82.50,11.78,4.85,35.60,25.60
720.46,0,,82.58,25.78,4,-2,81.80,12.32,5.07,36.36,25.92
720.59,0,,82.14,25.79,4,-2,81.83,12.87,5.32,37.16,26.22
720.67,0,,82.07,26.03,4,-2,83.46,13.51,5.54,38.02,26.64
720.77,0,,82.58,26.41,4,-2,83.58,13.70,5.35,38.02,27.02
720.91,0,,83.27,26.76,4,-2,83.92,13.30,5.09,37.36,26.88
720.97,0,,83.73,26.91,2,-1,83.71,12.57,4.59,36.13,26.65
721.07,0,,83.80,26.81,0,2,83.15,11.70,3.97,34.64,26.40
721.18,0,,83.58,26.58,0,2,83.36,11.62,4.03,34.62,26.26
721.28,0,,83.42,26.37,0,2,83.70,11.77,4.14,34.88,26.30
721.37,0,,83.49,26.24,0,2,83.75,11.42,4.00,34.39,26.09
721.48,0,,83.60,26.14,0,2,83.47,11.39,4.03,34.39,26.03
721.58,0,,83.62,26.06,0,2,83.65,11.36,4.01,34.34,26.02
721.70,0,,83.49,25.98,0,2,82.65,11.20,4.10,34.27,25.77
721.79,0,,83.09,25.84,2,-1,82.26,11.06,4.25,34.28,25.48
721.88,0,,82.56,25.61,1,0,81.95,10.86,4.40,34.23,25.13
721.97,0,,82.17,25.35,4,-2,82.24,11.11,4.52,34.60,25.26
722.09,0,,82.12,25.25,4,-2,82.67,11.49,4.61,35.07,25.55
722.17,0,,82.28,25.37,4,-2,82.24,12.03,4.94,35.94,25.76
722.27,0,,82.55,25.66,4,-2,83.67,12.93,5.18,37.08,26.42
722.45,0,,83.01,26.08,4,-2,83.62,12.92,4.90,36.79,26.69
722.47,0,,83.35,26.44,4,-2,82.77,12.19,4.44,35.60,26.42
722.63,0,,83.33,26.55,0,1,83.38,11.95,4.23,35.15,26.39
722.69,0,,83.23,26.51,0,2,83.08,11.99,4.16,35.12,26.50
722.81,0,,83.12,26.47,0,2,82.77,11.90,4.10,34.97,26.47
722.86,0,,83.00,26.41,0,2,83.17,11.59,4.17,34.73,26.09
722.98,0,,83.03,26.27,0,2,83.38,11.48,4.09,34.54,26.06
723.16,0,,83.15,26.15,0,2,83.05,11.60,3.99,34.56,26.28
723.17,0,,83.25,26.10,0,1,83.64,11.46,4.27,34.70,25.86
723.34,0,,83.28,25.96,1,0,82.68,11.09,4.31,34.37,25.45
723.37,0,,83.02,25.68,2,-1,82.11,10.88,4.31,34.16,25.24
723.53,0,,82.54,25.40,1,0,82.07,11.16,4.57,34.70,25.26
723.61,0,,82.29,25.32,4,-2,82.93,11.69,4.52,35.18,25.84
723.67,0,,82.52,25.55,4,-2,83.51,12.17,4.52,35.66,26.32
723.77,0,,82.99,25.96,4,-2,83.20,12.29,4.62,35.88,26.34
724.01,0,,83.33,26.28,2,-1,83.65,11.94,4.17,35.08,26.44
724.04,0,,83.37,26.42,1,0,82.42,11.47,3.78,34.22,26.36
724.37,0,,83.08,26.36,0,1,82.72,10.90,3.78,33.65,25.79
724.37,0,,82.75,26.08,1,0,82.55,10.19,3.34,32.50,25.52
724.37,0,,82.75,26.08,1,0,82.55,10.19,3.34,32.50,25.52
724.37,0,,82.75,26.08,1,0,82.55,10.19,3.34,32.50,25.52
724.48,0,,82.44,25.07,2,-1,82.78,9.43,3.00,31.40,25.10
724.60,0,,82.66,25.01,4,-2,83.37,9.55,2.80,31.32,25.42
724.66,0,,82.96,25.10,4,-2,82.97,9.41,3.15,31.53,24.93
725.00,0,,82.96,25.08,2,-1,81.93,9.42,3.29,31.68,24.80
725.00,0,,82.61,24.95,2,-1,82.33,9.59,3.43,31.99,24.83
725.03,0,,82.25,24.81,2,-1,81.81,9.77,3.90,32.64,24.54
725.17,0,,81.92,24.71,4,-2,81.29,10.06,3.87,32.90,24.86
725.21,0,,81.72,24.80,4,-2,82.43,10.62,3.86,33.45,25.43
725.29,0,,82.01,25.11,4,-2,83.36,11.23,4.22,34.42,25.68
725.41,0,,82.63,25.52,4,-2,82.99,11.48,4.00,34.45,26.15
725.57,0,,83.06,25.90,4,-2,83.17,10.95,3.42,33.34,26.20
725.80,0,,83.22,26.07,0,1,83.25,10.15,3.28,32.40,25.54
725.81,0,,83.32,25.94,0,2,83.64,10.27,3.26,32.50,25.68
725.81,0,,83.32,25.94,0,2,83.64,10.27,3.26,32.50,25.68
725.96,0,,83.48,25.79,0,2,83.02,10.40,3.46,32.83,25.61
726.02,0,,83.32,25.76,0,2,83.08,10.40,3.38,32.75,25.69
726.08,0,,83.18,25.73,0,2,83.34,10.39,3.15,32.51,25.91
726.16,0,,83.16,25.75,0,2,83.13,10.43,3.49,32.89,25.61
726.29,0,,83.17,25.75,0,1,83.11,10.78,3.57,33.32,25.88
726.53,0,,83.26,25.79,1,0,84.06,10.61,3.35,32.93,25.93
726.53,0,,83.55,25.81,1,0,83.79,10.43,3.58,32.98,25.52
726.61,0,,83.79,25.76,0,2,83.81,10.76,3.56,33.29,25.87
726.67,0,,83.83,25.80,0,2,83.59,10.68,3.16,32.81,26.19
727.03,0,,83.75,25.93,0,2,83.62,10.16,2.94,32.07,25.89
727.58,0,,83.55,25.99,0,2,82.84,10.27,2.98,32.22,25.96
727.58,0,,83.24,25.96,0,2,82.92,10.27,3.14,32.38,25.80
727.73,0,,82.93,25.82,1,0,82.58,9.86,3.21,32.04,25.32
727.73,0,,82.93,25.82,1,0,82.58,9.86,3.21,32.04,25.32
727.73,0,,82.93,25.82,1,0,82.58,9.86,3.21,32.04,25.32
727.73,0,,82.79,25.29,4,-2,82.16,9.39,2.97,31.33,25.09
727.73,0,,82.51,25.10,4,-2,81.62,9.13,3.42,31.52,24.38
727.73,0,,82.51,25.10,4,-2,81.62,9.13,3.42,31.52,24.38
727.73,0,,82.51,25.10,4,-2,81.62,9.13,3.42,31.52,24.38
727.93,0,,81.78,24.49,4,-2,83.17,10.11,3.76,32.84,25.02
727.94,0,,82.45,24.83,4,-2,83.91,10.78,3.64,33.39,25.81
728.03,0,,83.35,25.31,4,-2,84.28,10.25,3.24,32.46,25.68
728.21,0,,83.81,25.59,0,2,82.58,9.15,2.62,30.74,25.20
728.21,0,,83.60,25.49,0,2,83.23,8.90,2.57,30.44,25.00
728.48,0,,83.19,25.19,0,2,82.65,8.82,2.82,30.61,24.67
728.48,0,,82.94,24.88,0,2,83.19,8.82,2.75,30.54,24.74
728.48,0,,82.94,24.88,0,2,83.19,8.82,2.75,30.54,24.74
728.69,0,,82.95,24.63,0,2,83.03,8.58,2.74,30.29,24.51
728.69,0,,82.84,24.52,0,2,81.91,8.43,2.91,30.31,24.19
728.96,0,,82.51,24.34,4,-2,82.23,8.57,3.21,30.75,24.03
728.96,0,,82.23,24.22,2,-1,82.21,9.26,3.29,31.52,24.64
729.02,0,,82.19,24.34,4,-2,82.57,9.70,3.59,32.26,24.78
729.10,0,,82.49,24.60,4,-2,83.77,10.02,3.74,32.73,24.95
729.20,0,,83.04,24.91,4,-2,83.40,10.34,3.47,32.78,25.54
729.38,0,,83.45,25.24,0,1,83.61,10.01,3.17,32.15,25.51
729.38,0,,83.52,25.46,0,2,82.81,9.68,2.93,31.58,25.42
729.47,0,,83.27,25.47,0,2,82.84,9.43,2.98,31.38,25.12
729.59,0,,83.01,25.29,0,2,83.14,9.29,3.09,31.35,24.87
729.71,0,,83.02,25.07,0,2,83.51,9.36,3.05,31.38,24.98
729.77,0,,83.22,24.94,0,2,83.41,9.24,2.94,31.15,24.97
730.01,0,,83.35,24.93,0,2,83.13,9.21,2.81,30.99,25.07
730.01,0,,83.38,24.94,0,2,83.67,9.16,3.08,31.21,24.75
730.07,0,,83.25,24.83,1,0,81.98,9.10,3.41,31.48,24.36
730.22,0,,82.63,24.59,0,1,80.92,9.19,3.59,31.75,24.27
730.28,0,,81.84,24.39,4,-2,81.92,9.48,3.70,32.15,24.45
730.36,0,,81.49,24.40,4,-2,81.58,9.96,3.70,32.63,24.93
730.52,0,,81.51,24.59,4,-2,81.79,10.09,4.00,33.06,24.76
730.58,0,,81.81,24.77,4,-2,83.08,10.20,3.97,33.14,24.90
730.70,0,,82.44,24.93,4,-2,83.55,10.34,3.64,32.95,25.37
730.78,0,,83.11,25.15,4,-2,83.37,10.27,3.44,32.68,25.50
730.88,0,,83.36,25.39,2,-1,82.67,10.14,3.15,32.26,25.66
730.97,0,,83.23,25.51,0,2,83.20,9.72,3.22,31.91,25.17
731.09,0,,83.11,25.40,0,2,83.23,9.53,3.28,31.78,24.92
731.17,0,,83.13,25.16,0,2,83.16,9.48,3.13,31.58,25.02
731.27,0,,83.11,24.99,0,2,82.75,9.32,3.09,31.38,24.90
731.45,0,,82.92,24.94,0,2,82.37,9.38,2.98,31.33,25.07
731.47,0,,82.57,24.88,0,2,81.93,9.10,3.33,31.40,24.44
731.57,0,,82.19,24.64,4,-2,81.90,8.88,3.70,31.55,23.85
731.69,0,,82.02,24.29,4,-2,82.50,9.21,3.60,31.78,24.28
731.78,0,,82.00,24.16,4,-2,81.42,9.41,3.64,32.02,24.44
731.86,0,,81.93,24.29,4,-2,82.14,9.83,3.70,32.50,24.80
731.99,0,,82.14,24.59,4,-2,83.80,10.27,3.77,33.01,25.17
732.08,0,,82.73,24.91,4,-2,82.90,10.07,3.73,32.77,25.01
732.19,0,,83.08,25.05,2,-1,82.73,9.29,3.09,31.35,24.87
732.29,0,,82.99,24.99,0,2,82.56,8.58,2.47,30.02,24.78
732.38,0,,82.76,24.89,0,2,82.54,8.88,2.65,30.50,24.90
732.47,0,,82.64,24.81,0,2,82.97,8.86,2.95,30.78,24.58
732.59,0,,82.70,24.67,0,2,82.78,8.45,2.81,30.23,24.31
732.67,0,,82.79,24.51,0,2,82.81,8.75,2.86,30.58,24.56
732.77,0,,82.83,24.46,0,2,82.91,8.69,2.76,30.42,24.60
732.95,0,,82.81,24.49,0,1,82.40,8.45,2.68,30.10,24.44
732.98,0,,82.62,24.39,2,-1,82.15,8.19,3.17,30.33,23.69
733.07,0,,82.25,24.06,4,-2,81.33,8.18,3.45,30.60,23.40
733.22,0,,81.85,23.74,4,-2,81.94,8.77,3.45,31.19,23.99
733.28,0,,81.74,23.75,4,-2,82.16,9.13,3.48,31.58,24.32
733.36,0,,82.08,24.06,4,-2,83.53,9.52,3.44,31.93,24.75
733.49,0,,82.70,24.47,4,-2,83.12,9.80,3.56,32.33,24.91
733.57,0,,83.17,24.78,2,-1,83.34,9.83,3.62,32.42,24.88
733.70,0,,83.32,24.92,0,2,83.08,9.64,3.47,32.08,24.84
733.78,0,,83.34,24.90,0,1,83.61,9.31,3.22,31.50,24.76
733.88,0,,83.31,24.87,0,2,82.81,9.40,3.02,31.39,25.05
733.97,0,,83.24,24.88,0,2,83.54,9.32,3.17,31.46,24.82
734.09,0,,83.18,24.85,0,2,82.73,9.15,3.23,31.35,24.59
734.17,0,,83.09,24.76,0,2,83.20,9.21,3.05,31.23,24.83
734.27,0,,83.01,24.73,0,2,82.81,9.14,3.01,31.12,24.80
734.45,0,,82.97,24.76,1,0,83.09,9.08,2.94,30.99,24.81
734.47,0,,82.99,24.77,4,-2,83.08,9.00,3.01,30.98,24.66
734.57,0,,83.09,24.73,0,1,83.47,9.01,3.08,31.06,24.60
734.68,0,,83.22,24.67,2,-1,83.12,9.03,3.00,31.00,24.70
734.78,0,,83.18,24.65,2,-1,82.62,8.93,2.96,30.86,24.64
734.86,0,,82.98,24.66,1,0,82.92,9.00,2.88,30.85,24.79
734.98,0,,82.87,24.69,2,-1,83.01,9.00,3.05,31.02,24.62
735.08,0,,82.92,24.66,2,-1,83.13,8.96,3.13,31.06,24.50
735.20,0,,83.05,24.60,1,0,83.30,8.97,2.99,30.93,24.65
735.28,0,,83.19,24.60,1,0,83.29,8.96,2.93,30.86,24.70
735.38,0,,83.25,24.67,2,-1,83.01,9.03,2.82,30.82,24.88
735.47,0,,83.25,24.73,0,1,83.60,8.93,2.99,30.89,24.61
735.61,0,,83.29,24.71,0,1,83.12,8.84,3.03,30.84,24.48
735.67,0,,83.25,24.62,0,2,82.95,8.84,2.86,30.67,24.65
735.77,0,,83.14,24.57,0,2,83.23,8.81,2.91,30.69,24.57
735.95,0,,83.01,24.60,1,0,82.35,8.94,2.80,30.71,24.81
735.97,0,,82.74,24.67,1,0,82.37,8.88,2.88,30.73,24.67
736.07,0,,82.54,24.65,4,-2,82.87,8.70,3.10,30.77,24.27
736.19,0,,82.52,24.53,4,-2,82.30,8.81,2.97,30.75,24.51
736.28,0,,82.56,24.50,4,-2,82.94,8.99,2.80,30.76,24.86
736.36,0,,82.72,24.63,4,-2,83.19,8.96,2.83,30.76,24.80
736.49,0,,83.00,24.71,4,-2,83.35,8.78,3.00,30.75,24.45
736.58,0,,83.13,24.64,2,-1,82.49,8.76,3.01,30.74,24.42
736.70,0,,83.01,24.52,2,-1,83.03,8.83,2.97,30.77,24.53
736.78,0,,82.85,24.49,1,0,82.50,8.95,2.97,30.89,24.65
736.88,0,,82.70,24.56,2,-1,82.54,8.98,2.90,30.85,24.75
736.97,0,,82.61,24.62,0,1,82.85,8.78,3.08,30.83,24.37
737.09,0,,82.69,24.56,0,1,82.98,8.86,3.05,30.88,24.48
737.17,0,,82.82,24.53,1,0,82.80,9.04,2.91,30.92,24.80
737.27,0,,82.95,24.60,2,-1,83.40,9.05,3.02,31.04,24.70
737.45,0,,83.06,24.70,2,-1,82.81,9.06,2.90,30.93,24.83
737.47,0,,83.04,24.75,1,0,82.79,8.92,2.99,30.88,24.60
737.57,0,,82.86,24.68,0,1,82.49,8.91,3.21,31.09,24.37
737.69,0,,82.60,24.57,2,-1,82.06,9.09,3.07,31.13,24.69
737.90,0,,82.35,24.57,2,-1,82.44,9.11,2.99,31.07,24.79
737.90,0,,82.35,24.57,2,-1,82.44,9.11,2.99,31.07,24.79
737.98,0,,82.21,24.68,4,-2,82.68,9.05,3.16,31.18,24.56
738.07,0,,82.35,24.65,4,-2,82.64,9.18,3.15,31.30,24.70
738.19,0,,82.51,24.63,4,-2,82.32,9.14,3.26,31.37,24.55
738.28,0,,82.52,24.59,4,-2,82.50,9.08,3.24,31.29,24.51
738.38,0,,82.49,24.57,4,-2,82.52,9.18,3.10,31.25,24.75
738.53,0,,82.50,24.60,2,-1,82.57,9.18,3.32,31.47,24.53
738.59,0,,82.58,24.61,2,-1,82.88,9.27,3.28,31.52,24.66
738.67,0,,82.64,24.64,2,-1,82.31,9.31,3.16,31.44,24.82
738.77,0,,82.64,24.69,0,2,82.95,9.20,3.30,31.47,24.57
738.95,0,,82.64,24.71,0,2,82.35,9.40,3.16,31.53,24.91
738.97,0,,82.58,24.78,0,1,82.42,9.50,3.23,31.70,24.94
739.07,0,,82.42,24.81,1,0,82.05,9.31,3.52,31.80,24.46
739.18,0,,82.34,24.72,2,-1,82.91,9.38,3.38,31.73,24.67
739.28,0,,82.46,24.69,2,-1,82.56,9.54,3.22,31.73,24.99
739.36,0,,82.58,24.78,2,-1,82.46,9.58,3.36,31.91,24.89
739.48,0,,82.55,24.87,2,-1,82.39,9.68,3.46,32.11,24.89
739.58,0,,82.45,24.91,0,1,82.25,9.70,3.42,32.09,24.95
739.70,0,,82.37,24.90,2,-1,82.52,9.58,3.55,32.10,24.70
739.79,0,,82.35,24.83,2,-1,82.22,9.74,3.57,32.28,24.84
739.87,0,,82.36,24.85,2,-1,82.54,10.00,3.46,32.43,25.21
739.97,0,,82.36,24.94,1,0,82.12,9.90,3.70,32.57,24.87
740.09,0,,82.21,24.97,2,-1,81.48,9.88,3.71,32.56,24.84
740.17,0,,81.99,24.94,4,-2,82.40,10.04,3.65,32.66,25.06
740.27,0,,82.03,24.96,4,-2,82.47,10.18,3.81,32.96,25.04
740.45,0,,82.23,25.04,4,-2,82.16,10.37,3.78,33.12,25.26
740.47,0,,82.23,25.11,2,-1,81.75,10.31,3.94,33.22,25.04
740.57,0,,82.13,25.10,2,-1,82.49,10.28,4.09,33.34,24.86
740.68,0,,82.12,25.03,2,-1,81.92,10.51,4.00,33.48,25.18
740.78,0,,82.11,25.08,2,-1,82.09,10.73,4.00,33.70,25.40
740.86,0,,82.11,25.24,2,-1,82.33,10.81,4.00,33.78,25.48
740.98,0,,82.12,25.35,2,-1,81.79,10.68,4.21,33.86,25.14
741.08,0,,82.15,25.31,2,-1,82.78,10.80,4.33,34.10,25.14
741.19,0,,82.27,25.26,1,0,82.11,11.11,4.25,34.33,25.53
741.28,0,,82.29,25.34,1,0,81.98,11.18,4.28,34.43,25.57
741.38,0,,82.12,25.48,0,1,81.74,11.26,4.27,34.50,25.66
741.47,0,,81.96,25.57,2,-1,82.12,11.27,4.49,34.73,25.45
741.59,0,,82.02,25.55,2,-1,82.65,11.33,4.60,34.90,25.40
741.70,0,,82.21,25.51,2,-1,82.00,11.55,4.52,35.04,25.70
741.77,0,,82.35,25.56,0,1,82.87,11.63,4.56,35.16,25.74
741.95,0,,82.47,25.68,1,0,82.26,11.70,4.50,35.17,25.87
741.97,0,,82.50,25.77,0,1,82.46,11.72,4.71,35.40,25.68
742.07,0,,82.39,25.76,0,1,81.90,11.79,4.83,35.59,25.63
742.18,0,,82.18,25.73,0,1,81.90,11.95,4.75,35.67,25.87
742.30,0,,82.03,25.76,0,1,82.33,12.02,4.84,35.83,25.85
742.36,0,,82.05,25.84,1,0,81.97,12.14,4.76,35.87,26.05
742.48,0,,82.05,25.92,1,0,81.92,12.14,4.92,36.03,25.89
742.58,0,,81.99,25.93,1,0,81.92,12.21,5.12,36.30,25.76
742.69,0,,81.83,25.87,4,-2,81.12,12.34,5.08,36.39,25.93
742.78,0,,81.60,25.86,4,-2,81.75,12.40,5.11,36.48,25.96
742.88,0,,81.51,25.94,4,-2,81.55,12.60,5.05,36.62,26.22
742.97,0,,81.68,26.05,4,-2,82.74,12.63,5.21,36.81,26.09
743.09,0,,82.05,26.11,4,-2,82.10,12.74,5.38,37.09,26.03
743.17,0,,82.32,26.12,1,0,82.59,12.87,5.31,37.15,26.23
743.27,0,,82.42,26.16,2,-1,82.17,12.92,5.28,37.17,26.31
743.45,0,,82.39,26.27,0,2,82.32,13.16,5.28,37.41,26.55
743.47,0,,82.18,26.38,0,2,81.24,13.16,5.54,37.67,26.29
743.57,0,,81.95,26.38,0,2,82.61,13.19,5.66,37.82,26.20
743.68,0,,81.97,26.33,0,2,81.98,13.36,5.59,37.92,26.44
743.78,0,,82.11,26.35,0,2,82.31,13.50,5.63,38.10,26.54
743.86,0,,82.28,26.49,0,1,82.86,13.86,5.63,38.46,26.90
743.98,0,,82.48,26.67,1,0,82.28,13.99,5.94,38.90,26.72
744.07,0,,82.43,26.74,1,0,81.65,13.98,6.15,39.10,26.50
744.20,0,,82.13,26.69,1,0,81.98,14.20,6.07,39.24,26.80
744.28,0,,81.91,26.71,1,0,81.89,14.39,6.12,39.48,26.94
744.38,0,,81.89,26.84,2,-1,82.21,14.57,6.10,39.64,27.14
744.47,0,,82.03,26.98,2,-1,82.35,14.56,6.25,39.78,26.98
744.59,0,,82.18,27.01,2,-1,82.07,14.47,6.37,39.81,26.77
744.67,0,,82.15,26.95,2,-1,81.65,14.63,6.28,39.88,27.02
744.77,0,,82.01,26.96,4,-2,82.22,14.84,6.30,40.11,27.21
744.95,0,,82.04,27.09,4,-2,82.50,14.98,6.24,40.19,27.41
744.97,0,,82.19,27.24,2,-1,81.95,14.89,6.37,40.23,27.19
745.07,0,,82.21,27.25,2,-1,82.22,14.83,6.49,40.29,27.01
745.18,0,,82.21,27.18,1,0,82.40,14.98,6.43,40.38,27.22
745.28,0,,82.26,27.17,0,1,82.22,15.12,6.45,40.54,27.34
745.36,0,,82.23,27.26,0,1,81.87,15.23,6.38,40.58,27.52
745.48,0,,82.04,27.36,1,0,81.51,15.11,6.53,40.61,27.25
745.58,0,,81.82,27.34,2,-1,81.99,15.06,6.67,40.70,27.06
745.70,0,,81.77,27.24,2,-1,81.88,15.20,6.58,40.75,27.29
745.78,0,,81.82,27.22,2,-1,81.82,15.30,6.58,40.85,27.39
745.88,0,,81.77,27.31,2,-1,81.23,15.35,6.48,40.80,27.54
745.96,0,,81.58,27.40,4,-2,81.53,15.20,6.59,40.76,27.28
746.09,0,,81.45,27.37,4,-2,81.43,15.17,6.72,40.86,27.12
746.17,0,,81.43,27.28,4,-2,81.53,15.28,6.63,40.88,27.32
746.27,0,,81.55,27.26,4,-2,82.19,15.35,6.59,40.91,27.43
746.45,0,,81.78,27.34,4,-2,81.79,15.41,6.54,40.92,27.54
746.47,0,,81.85,27.41,2,-1,81.38,15.29,6.75,41.01,27.21
746.57,0,,81.66,27.38,2,-1,81.30,15.43,6.79,41.19,27.31
746.68,0,,81.57,27.36,2,-1,82.35,15.65,6.72,41.34,27.60
746.78,0,,81.73,27.42,0,1,81.68,15.61,6.82,41.40,27.46
746.86,0,,81.84,27.52,0,1,81.72,15.81,6.69,41.47,27.79
746.98,0,,81.74,27.61,0,2,81.20,15.79,6.89,41.65,27.57
747.08,0,,81.58,27.61,0,1,81.82,15.72,7.10,41.79,27.29
747.20,0,,81.59,27.53,2,-1,81.89,15.98,6.96,41.91,27.69
747.28,0,,81.74,27.54,2,-1,81.89,16.02,6.94,41.93,27.75
747.38,0,,81.80,27.66,1,0,81.38,16.11,6.93,42.01,27.85
747.47,0,,81.69,27.77,2,-1,81.66,16.21,7.08,42.26,27.80
747.59,0,,81.59,27.79,2,-1,81.49,16.11,7.24,42.32,27.54
747.67,0,,81.61,27.70,2,-1,82.12,16.11,7.23,42.31,27.55
747.77,0,,81.76,27.63,0,1,81.79,16.30,7.15,42.42,27.82
747.95,0,,81.80,27.69,0,1,81.37,16.40,7.10,42.47,27.97
747.97,0,,81.71,27.79,1,0,81.89,16.31,7.35,42.63,27.63
748.07,0,,81.73,27.81,1,0,82.03,16.58,7.35,42.90,27.90
748.18,0,,81.94,27.82,0,1,82.56,16.53,7.31,42.81,27.89
748.28,0,,82.10,27.83,0,1,81.35,16.40,7.37,42.74,27.70
748.36,0,,82.01,27.89,0,2,82.13,16.94,7.17,43.08,28.44
748.48,0,,81.76,28.03,0,1,80.71,16.77,7.47,43.21,27.97
748.58,0,,81.48,28.03,0,1,81.90,16.47,7.65,43.09,27.49
748.70,0,,81.42,27.90,1,0,81.53,16.88,7.39,43.24,28.16
748.78,0,,81.57,27.92,1,0,82.03,17.01,7.39,43.37,28.29
748.88,0,,81.74,28.12,2,-1,81.64,17.13,7.39,43.49,28.41
748.97,0,,81.78,28.29,2,-1,81.61,17.16,7.56,43.69,28.27
749.09,0,,81.70,28.29,4,-2,81.55,16.89,7.69,43.55,27.87
749.17,0,,81.72,28.14,2,-1,82.43,16.96,7.61,43.54,28.02
749.27,0,,81.86,28.08,1,0,81.51,17.43,7.53,43.93,28.57
749.44,0,,81.88,28.26,1,0,81.85,17.48,7.50,43.95,28.65
749.47,0,,81.84,28.41,0,1,81.96,17.12,7.81,43.90,27.98
749.57,0,,81.80,28.34,1,0,81.37,17.36,7.81,44.14,28.22
749.68,0,,81.63,28.25,0,1,81.26,17.46,7.71,44.14,28.42
749.78,0,,81.42,28.27,1,0,81.41,17.41,7.81,44.19,28.27
749.86,0,,81.39,28.37,2,-1,81.77,17.85,7.61,44.43,28.91
749.98,0,,81.52,28.53,2,-1,81.65,17.53,7.82,44.32,28.38
750.08,0,,81.63,28.50,2,-1,81.56,17.29,8.02,44.28,27.94
750.20,0,,81.63,28.36,2,-1,81.51,17.86,7.79,44.62,28.74
750.28,0,,81.60,28.42,1,0,81.73,17.93,7.80,44.70,28.80
750.38,0,,81.62,28.62,2,-1,81.59,17.85,7.77,44.59,28.75
750.47,0,,81.61,28.74,1,0,81.47,17.92,7.90,44.79,28.69
750.59,0,,81.62,28.73,2,-1,81.99,17.86,8.05,44.88,28.48
750.67,0,,81.64,28.65,1,0,81.18,17.99,7.91,44.87,28.75
750.79,0,,81.52,28.69,2,-1,81.28,18.25,7.80,45.02,29.12
750.95,0,,81.43,28.86,2,-1,81.91,18.17,7.80,44.94,29.04
750.97,0,,81.51,28.96,2,-1,81.38,18.01,8.03,45.01,28.65
751.07,0,,81.61,28.92,2,-1,81.98,18.40,8.04,45.41,29.03
751.18,0,,81.77,28.93,1,0,82.14,18.45,7.96,45.38,29.16
751.28,0,,81.86,29.00,0,1,81.20,18.21,8.00,45.18,28.88
751.36,0,,81.71,29.05,0,1,81.58,18.56,7.86,45.39,29.37
751.48,0,,81.62,29.12,1,0,82.08,18.41,8.05,45.43,29.03
751.58,0,,81.86,29.10,1,0,82.75,18.29,8.20,45.46,28.76
751.70,0,,82.20,29.02,0,1,81.95,18.68,8.01,45.66,29.34
751.78,0,,82.20,29.09,0,2,81.41,18.65,7.94,45.56,29.38
751.88,0,,81.85,29.27,0,2,81.42,18.65,7.85,45.47,29.47
751.97,0,,81.57,29.39,0,1,81.70,18.70,8.03,45.70,29.34
752.09,0,,81.49,29.35,1,0,81.42,18.43,8.20,45.60,28.90
752.17,0,,81.42,29.15,2,-1,81.05,18.29,8.13,45.39,28.83
752.27,0,,81.33,28.99,4,-2,81.61,18.57,7.99,45.53,29.25
752.44,0,,81.39,29.05,4,-2,81.69,18.62,7.89,45.48,29.40
752.47,0,,81.61,29.15,4,-2,82.11,18.32,8.13,45.42,28.86
752.57,0,,81.88,29.13,4,-2,82.15,18.48,8.07,45.52,29.08
752.68,0,,82.10,29.07,1,0,82.19,18.34,7.92,45.23,29.09
752.78,0,,82.19,29.00,0,1,82.13,17.95,7.97,44.89,28.65
752.86,0,,82.07,28.91,0,1,81.18,18.21,7.80,44.98,29.08
752.98,0,,81.64,28.88,0,2,80.75,18.02,7.93,44.92,28.76
753.08,0,,81.16,28.80,0,1,81.16,17.78,8.02,44.77,28.43
753.20,0,,81.17,28.71,0,1,82.59,18.14,7.76,44.87,29.05
753.28,0,,81.59,28.74,2,-1,81.56,17.89,7.80,44.66,28.76
753.38,0,,81.81,28.75,2,-1,81.42,17.60,7.84,44.41,28.43
753.47,0,,81.60,28.68,4,-2,80.80,17.88,7.74,44.59,28.81
753.59,0,,81.25,28.64,2,-1,81.10,17.63,7.77,44.37,28.53
753.67,0,,81.25,28.57,4,-2,82.76,17.35,7.78,44.10,28.24
753.77,0,,81.68,28.46,2,-1,81.68,17.62,7.70,44.29,28.59
753.95,0,,82.00,28.42,0,2,82.17,17.43,7.73,44.13,28.37
753.97,0,,82.05,28.40,0,1,81.67,17.31,7.71,43.99,28.27
754.07,0,,81.86,28.39,0,1,81.14,17.58,7.58,44.13,28.67
754.18,0,,81.47,28.44,0,1,80.94,17.35,7.66,43.98,28.36
754.28,0,,81.14,28.40,2,-1,81.14,17.10,7.73,43.80,28.04
754.36,0,,81.13,28.28,2,-1,81.98,17.29,7.62,43.88,28.34
754.48,0,,81.32,28.25,4,-2,80.88,17.38,7.61,43.96,28.44
754.58,0,,81.34,28.30,1,0,81.32,17.26,7.67,43.90,28.26
754.70,0,,81.32,28.36,2,-1,81.64,17.48,7.59,44.04,28.56
754.79,0,,81.33,28.44,4,-2,80.80,17.53,7.57,44.07,28.63
754.88,0,,81.31,28.51,4,-2,81.96,17.29,7.68,43.94,28.28
754.97,0,,81.40,28.52,2,-1,81.20,17.69,7.60,44.26,28.76
755.09,0,,81.47,28.58,0,1,81.60,17.73,7.67,44.37,28.73
755.17,0,,81.43,28.62,2,-1,81.04,17.49,7.83,44.29,28.33
755.27,0,,81.21,28.57,2,-1,80.43,17.71,7.77,44.45,28.61
755.45,0,,80.93,28.51,2,-1,81.26,17.60,7.82,44.39,28.45
755.47,0,,80.97,28.51,2,-1,81.63,17.80,7.85,44.62,28.62
755.57,0,,81.23,28.59,4,-2,81.31,18.14,7.79,44.90,29.02
755.68,0,,81.34,28.75,2,-1,80.92,17.96,7.84,44.77,28.79
755.78,0,,81.26,28.83,2,-1,81.43,17.89,7.86,44.72,28.70
755.86,0,,81.36,28.81,2,-1,82.20,18.00,7.84,44.81,28.83
755.98,0,,81.69,28.83,1,0,81.89,18.29,7.85,45.11,29.11
756.08,0,,81.88,28.94,0,2,81.56,18.32,7.94,45.23,29.05
756.20,0,,81.85,29.02,0,2,81.93,18.24,7.96,45.17,28.95
756.28,0,,81.78,29.02,0,2,81.52,18.25,7.97,45.19,28.95
756.38,0,,81.60,28.94,0,2,80.90,18.10,8.08,45.15,28.69
756.47,0,,81.31,28.87,0,2,81.27,18.35,7.98,45.30,29.04
756.59,0,,81.16,28.90,1,0,81.24,18.32,7.86,45.15,29.13
756.67,0,,81.16,28.97,1,0,81.23,17.97,7.85,44.79,28.79
756.77,0,,81.16,28.95,4,-2,80.97,17.95,7.78,44.70,28.84
756.95,0,,81.15,28.84,4,-2,81.36,17.73,7.81,44.51,28.59
756.97,0,,81.22,28.73,4,-2,81.49,17.85,7.76,44.58,28.76
757.07,0,,81.33,28.74,4,-2,81.17,18.11,7.63,44.71,29.15
757.18,0,,81.27,28.85,4,-2,80.81,17.79,7.71,44.47,28.75
757.28,0,,81.19,28.85,2,-1,81.81,17.60,7.74,44.31,28.53
757.36,0,,81.34,28.75,0,1,81.60,17.86,7.69,44.52,28.84
757.48,0,,81.44,28.73,1,0,80.85,17.91,7.68,44.56,28.90
757.58,0,,81.26,28.78,2,-1,80.89,17.70,7.67,44.34,28.70
757.70,0,,81.06,28.81,0,1,81.25,17.93,7.59,44.49,29.01
757.82,0,,81.02,28.88,2,-1,81.00,17.94,7.61,44.52,29.00
757.88,0,,81.03,28.90,2,-1,80.94,17.54,7.70,44.21,28.51
757.96,0,,80.98,28.80,4,-2,80.90,17.74,7.58,44.29,28.83
758.09,0,,80.95,28.74,4,-2,81.03,17.65,7.54,44.16,28.78
758.17,0,,80.96,28.70,2,-1,81.02,17.38,7.61,43.96,28.44
758.27,0,,81.07,28.63,4,-2,81.57,17.58,7.54,44.09,28.71
758.45,0,,81.22,28.57,2,-1,81.08,17.29,7.59,43.85,28.37
758.47,0,,81.26,28.48,2,-1,81.15,17.17,7.57,43.71,28.27
758.57,0,,81.12,28.42,2,-1,80.51,17.54,7.43,43.94,28.78
758.68,0,,80.87,28.49,2,-1,80.69,17.39,7.51,43.87,28.55
758.77,0,,80.68,28.53,2,-1,80.67,17.22,7.65,43.84,28.24
758.86,0,,80.64,28.47,2,-1,80.77,17.51,7.63,44.11,28.55
758.98,0,,80.71,28.46,4,-2,80.93,17.68,7.67,44.32,28.68
759.07,0,,80.89,28.56,2,-1,81.45,17.75,7.74,44.46,28.68
759.20,0,,81.12,28.69,2,-1,81.13,18.06,7.72,44.75,29.01
759.32,0,,81.23,28.82,2,-1,81.08,18.03,7.86,44.86,28.84
759.38,0,,81.19,28.86,0,1,81.12,17.94,8.01,44.92,28.60
759.47,0,,81.08,28.84,2,-1,80.63,18.48,7.92,45.37,29.23
759.58,0,,80.88,28.95,2,-1,80.70,18.53,8.03,45.53,29.17
759.67,0,,80.83,29.06,2,-1,81.51,18.36,8.14,45.47,28.89
759.77,0,,81.01,29.08,0,1,81.10,18.64,8.08,45.69,29.23
759.95,0,,81.09,29.08,0,1,80.57,18.51,8.22,45.70,28.96
759.97,0,,81.07,29.08,1,0,81.80,18.71,8.26,45.94,29.12
760.07,0,,81.24,29.15,1,0,81.42,19.21,8.16,46.34,29.72
760.18,0,,81.46,29.35,0,1,81.66,19.00,8.25,46.22,29.42
760.28,0,,81.57,29.44,0,2,81.46,18.81,8.32,46.10,29.16
760.42,0,,81.54,29.38,0,2,81.24,19.04,8.33,46.34,29.38
760.52,0,,81.46,29.35,0,2,81.70,19.17,8.35,46.49,29.49
760.58,0,,81.43,29.38,0,2,81.12,19.07,8.36,46.40,29.38
760.70,0,,81.46,29.44,0,2,82.05,19.31,8.32,46.60,29.66
760.78,0,,81.58,29.56,0,2,81.53,19.46,8.30,46.73,29.83
760.88,0,,81.62,29.67,0,1,81.21,19.18,8.31,46.46,29.54
760.97,0,,81.61,29.69,0,1,82.43,19.36,8.31,46.64,29.72
761.09,0,,81.82,29.66,0,2,81.97,19.26,8.46,46.69,29.47
761.21,0,,82.01,29.57,0,2,81.93,19.12,8.37,46.46,29.42
761.27,0,,82.00,29.57,0,2,81.76,19.54,8.00,46.51,30.21
761.45,0,,81.89,29.75,0,2,81.72,19.34,8.17,46.48,29.84
761.47,0,,81.76,29.89,0,2,81.60,19.43,8.29,46.69,29.81
761.57,0,,81.69,29.98,0,1,81.86,19.86,8.00,46.83,30.53
761.70,0,,81.68,30.11,0,1,81.54,19.28,8.05,46.30,29.90
761.78,0,,81.71,30.05,1,0,82.05,18.89,8.15,46.01,29.41
761.86,0,,81.94,29.79,1,0,82.88,18.99,8.02,45.98,29.64
761.98,0,,82.29,29.60,0,2,82.11,18.79,7.87,45.63,29.59
762.08,0,,82.38,29.55,0,2,82.05,18.78,7.87,45.62,29.58
762.20,0,,82.32,29.60,0,2,82.65,19.11,7.77,45.85,30.01
762.28,0,,82.37,29.76,0,2,82.47,18.75,7.51,45.23,29.91
762.43,0,,82.44,29.83,0,2,82.27,18.22,7.42,44.61,29.47
762.46,0,,82.43,29.79,0,2,82.54,18.69,7.35,45.01,30.01
762.59,0,,82.34,29.81,0,2,81.72,18.61,7.36,44.94,29.92
762.67,0,,82.20,29.82,0,2,82.46,18.20,7.45,44.62,29.42
762.77,0,,82.08,29.71,0,1,81.56,18.40,7.37,44.74,29.70
762.95,0,,82.07,29.58,0,1,82.89,18.03,7.39,44.39,29.31
762.97,0,,82.33,29.47,0,1,82.93,18.22,7.45,44.64,29.44
763.06,0,,82.71,29.48,0,2,82.93,18.73,7.35,45.05,30.05
763.18,0,,82.83,29.64,0,2,82.17,18.35,7.42,44.74,29.60
763.28,0,,82.69,29.68,0,2,82.72,18.16,7.57,44.70,29.26
763.36,0,,82.56,29.54,0,2,82.42,18.36,7.49,44.82,29.54
763.48,0,,82.50,29.48,0,2,82.51,18.41,7.45,44.83,29.63
763.57,0,,82.48,29.50,0,2,82.53,18.26,7.48,44.71,29.45
763.70,0,,82.36,29.53,0,2,81.50,18.37,7.36,44.70,29.68
763.78,0,,82.14,29.57,0,1,82.48,18.27,7.41,44.65,29.53
763.88,0,,82.13,29.53,1,0,82.47,17.94,7.46,44.37,29.15
763.97,0,,82.23,29.42,4,-2,81.92,18.19,7.27,44.43,29.59
764.09,0,,82.17,29.40,4,-2,81.88,18.04,7.32,44.33,29.39
764.17,0,,82.07,29.36,4,-2,82.36,17.71,7.35,44.03,29.03
764.27,0,,82.13,29.27,4,-2,82.33,17.91,7.20,44.08,29.38
764.45,0,,82.24,29.22,4,-2,82.25,17.66,7.24,43.87,29.09
764.47,0,,82.27,29.16,2,-1,82.13,17.56,7.22,43.75,29.01
764.56,0,,82.22,29.15,1,0,82.11,17.87,7.01,43.85,29.53
764.68,0,,82.11,29.23,1,0,81.76,17.58,7.03,43.58,29.22
764.78,0,,82.05,29.23,2,-1,82.59,17.24,7.10,43.31,28.81
764.86,0,,82.22,29.09,1,0,82.66,17.33,6.94,43.24,29.06
764.98,0,,82.47,29.01,0,1,82.53,17.31,6.85,43.13,29.13
765.08,0,,82.50,29.01,0,2,81.86,17.14,6.87,42.98,28.94
765.20,0,,82.28,29.03,0,1,82.03,17.29,6.80,43.06,29.16
765.29,0,,82.11,29.05,0,1,82.36,17.20,6.82,42.99,29.05
765.38,0,,82.13,29.02,1,0,82.21,16.92,6.89,42.78,28.70
765.47,0,,82.17,28.95,1,0,82.01,17.24,6.75,42.96,29.16
765.59,0,,82.19,28.97,1,0,82.54,17.19,6.76,42.92,29.10
765.67,0,,82.33,28.99,1,0,82.68,16.83,6.86,42.66,28.64
765.77,0,,82.49,28.90,2,-1,82.36,17.00,6.77,42.74,28.90
765.95,0,,82.44,28.82,0,1,81.82,16.93,6.84,42.74,28.76
765.97,0,,82.24,28.79,0,1,82.38,17.03,6.89,42.89,28.81
766.07,0,,82.19,28.84,0,1,82.41,17.34,6.76,43.07,29.25
766.18,0,,82.20,28.97,0,1,81.76,17.07,6.77,42.81,28.97
766.28,0,,82.03,29.00,1,0,81.57,16.86,6.88,42.71,28.65
766.36,0,,81.77,28.88,1,0,81.58,17.05,6.90,42.92,28.82
766.48,0,,81.67,28.83,4,-2,82.15,17.31,6.84,43.12,29.14
766.58,0,,81.82,28.92,4,-2,82.13,17.28,6.90,43.15,29.05
766.70,0,,82.09,29.01,4,-2,82.66,17.25,6.95,43.17,28.97
766.78,0,,82.26,29.02,2,-1,81.62,17.26,6.96,43.19,28.97
766.88,0,,82.17,28.97,2,-1,82.13,17.10,7.00,43.07,28.77
766.97,0,,82.00,28.92,2,-1,81.70,17.32,6.89,43.18,29.10
767.09,0,,81.87,28.96,2,-1,81.79,17.34,6.86,43.17,29.15
767.17,0,,81.83,29.04,2,-1,82.21,17.20,6.91,43.08,28.96
767.26,0,,81.92,29.05,2,-1,81.89,17.27,6.90,43.14,29.04
767.45,0,,82.09,29.00,0,1,82.82,17.11,6.95,43.03,28.83
767.47,0,,82.27,28.96,1,0,81.81,17.27,6.85,43.09,29.09
767.57,0,,82.31,29.00,1,0,82.56,17.38,6.80,43.15,29.25
767.68,0,,82.30,29.10,0,1,82.20,17.29,6.85,43.11,29.11
767.77,0,,82.31,29.14,0,2,82.31,17.27,6.89,43.13,29.05
767.86,0,,82.22,29.08,0,2,81.71,17.09,6.95,43.01,28.81
767.98,0,,82.07,28.99,0,2,82.18,17.25,6.84,43.06,29.08
768.08,0,,81.99,29.00,1,0,81.89,17.38,6.80,43.15,29.25
768.20,0,,81.87,29.07,1,0,81.30,17.16,6.85,42.98,28.98
768.28,0,,81.76,29.05,4,-2,82.37,16.86,6.79,42.62,28.74
768.38,0,,81.91,28.88,4,-2,82.41,16.62,6.73,42.32,28.56
768.47,0,,82.12,28.74,4,-2,81.77,16.91,6.65,42.53,28.93
768.59,0,,82.16,28.77,2,-1,82.43,17.01,6.62,42.60,29.06
768.67,0,,82.13,28.88,1,0,81.68,16.76,6.62,42.35,28.81
768.77,0,,81.94,28.87,1,0,81.31,16.50,6.59,42.06,28.58
768.95,0,,81.69,28.70,2,-1,82.01,16.13,6.56,41.66,28.24
768.97,0,,81.65,28.48,2,-1,81.58,16.19,6.41,41.57,28.45
769.07,0,,81.66,28.38,2,-1,81.59,16.22,6.38,41.57,28.51
769.18,0,,81.62,28.39,2,-1,81.54,16.14,6.45,41.56,28.36
769.27,0,,81.52,28.40,4,-2,81.10,16.17,6.48,41.62,28.36
769.36,0,,81.40,28.35,4,-2,81.67,16.12,6.59,41.68,28.20
769.48,0,,81.40,28.35,4,-2,81.38,16.52,6.48,41.97,28.71
769.58,0,,81.50,28.51,4,-2,81.97,16.73,6.41,42.11,28.99
769.70,0,,81.67,28.73,4,-2,81.74,16.58,6.52,42.07,28.73
769.79,0,,81.76,28.83,2,-1,81.56,16.58,6.52,42.07,28.73
769.88,0,,81.83,28.78,2,-1,82.53,16.55,6.61,42.13,28.61
769.97,0,,82.02,28.74,0,2,82.03,16.82,6.55,42.34,28.94
770.09,0,,82.10,28.81,0,2,81.70,16.93,6.46,42.36,29.14
770.17,0,,82.03,28.95,0,2,82.28,16.83,6.59,42.39,28.91
770.27,0,,82.05,29.00,0,2,82.17,16.93,6.67,42.57,28.93
770.44,0,,82.29,28.97,0,2,83.33,16.99,6.69,42.65,28.97
770.47,0,,82.70,29.00,0,2,82.99,17.30,6.65,42.92,29.32
770.57,0,,82.94,29.14,0,2,82.45,17.40,6.69,43.06,29.38
770.68,0,,82.82,29.26,0,2,82.45,17.35,6.83,43.15,29.19
770.78,0,,82.57,29.29,0,2,82.29,17.50,6.93,43.40,29.24
770.86,0,,82.29,29.23,0,2,81.63,17.43,7.08,43.48,29.02
770.98,0,,82.05,29.18,0,2,82.37,17.73,7.05,43.75,29.35
771.08,0,,82.07,29.24,1,0,82.47,17.97,7.05,43.99,29.59
771.22,0,,82.28,29.38,2,-1,82.57,17.91,7.18,44.06,29.40
771.28,0,,82.34,29.46,4,-2,81.51,17.98,7.21,44.16,29.44
771.38,0,,82.10,29.43,4,-2,81.78,17.80,7.26,44.03,29.21
771.47,0,,81.89,29.37,4,-2,82.28,18.00,7.18,44.15,29.49
771.59,0,,82.03,29.42,4,-2,82.70,18.24,7.15,44.36,29.76
771.67,0,,82.31,29.54,2,-1,82.30,18.11,7.24,44.32,29.54
771.77,0,,82.52,29.60,0,1,82.94,18.10,7.25,44.32,29.52
771.95,0,,82.71,29.57,0,1,82.94,18.05,7.23,44.25,29.49
771.97,0,,82.83,29.57,0,2,82.48,18.29,7.08,44.34,29.88
772.09,0,,82.75,29.69,0,2,82.57,18.24,6.95,44.16,29.96
772.18,0,,82.59,29.79,0,2,82.32,17.76,6.92,43.65,29.51
772.28,0,,82.47,29.71,0,2,82.54,17.68,6.96,43.61,29.39
772.36,0,,82.45,29.53,0,2,82.59,17.69,7.00,43.66,29.36
772.48,0,,82.49,29.44,0,1,82.43,17.86,6.87,43.70,29.66
772.58,0,,82.51,29.49,1,0,82.54,17.90,6.86,43.73,29.71
772.69,0,,82.42,29.58,0,1,81.83,17.58,6.79,43.34,29.46
772.78,0,,82.18,29.54,4,-2,81.83,17.16,6.62,42.75,29.21
772.88,0,,82.03,29.35,4,-2,82.64,16.84,6.57,42.38,28.94
772.97,0,,82.24,29.17,4,-2,82.91,17.07,6.42,42.46,29.32
773.09,0,,82.48,29.15,4,-2,81.89,17.04,6.35,42.36,29.36
773.17,0,,82.42,29.21,2,-1,82.34,16.67,6.28,41.92,29.06
773.27,0,,82.28,29.17,2,-1,82.12,16.46,6.18,41.61,28.95
773.45,0,,82.22,29.01,2,-1,82.43,16.18,6.19,41.34,28.66
773.51,0,,82.27,28.85,2,-1,82.42,16.34,6.09,41.40,28.92
773.57,0,,82.37,28.84,2,-1,82.47,16.54,6.09,41.60,29.12
773.68,0,,82.44,28.93,0,1,82.47,16.47,6.18,41.62,28.96
773.78,0,,82.48,28.98,0,1,82.50,16.45,6.22,41.64,28.90
773.92,0,,82.43,28.93,0,1,82.02,16.30,6.25,41.52,28.72
773.98,0,,82.41,28.86,1,0,83.10,16.43,6.11,41.51,28.99
774.08,0,,82.56,28.89,0,1,82.63,16.53,6.06,41.56,29.14
774.20,0,,82.59,28.99,0,2,81.82,16.39,6.10,41.46,28.96
774.28,0,,82.40,29.01,0,1,82.60,16.32,6.08,41.37,28.91
774.38,0,,82.33,28.96,0,1,82.43,16.33,6.12,41.42,28.88
774.49,0,,82.54,28.97,1,0,83.62,16.83,6.17,41.97,29.33
774.59,0,,82.88,29.12,1,0,82.61,17.07,6.19,42.23,29.55
774.67,0,,83.04,29.33,0,1,83.21,16.82,6.18,41.97,29.31
774.77,0,,83.07,29.38,0,2,82.99,16.68,6.20,41.85,29.15
774.95,0,,82.99,29.25,0,2,82.46,16.40,6.22,41.59,28.85
774.97,0,,82.87,29.09,0,2,83.24,16.61,6.06,41.64,29.22
775.06,0,,82.83,29.10,0,2,82.54,16.86,6.07,41.90,29.46
775.18,0,,82.86,29.22,0,2,83.31,16.68,6.17,41.82,29.18
775.28,0,,82.89,29.27,0,2,82.45,16.65,6.14,41.76,29.18
775.36,0,,82.86,29.22,0,1,83.06,16.58,6.19,41.74,29.06
775.48,0,,82.93,29.18,0,1,83.49,16.83,6.10,41.90,29.40
775.58,0,,83.06,29.26,0,1,82.50,16.94,6.07,41.98,29.54
775.70,0,,82.84,29.36,1,0,81.84,16.67,6.13,41.77,29.21
775.78,0,,82.48,29.35,2,-1,82.85,16.62,6.10,41.69,29.19
775.88,0,,82.44,29.25,4,-2,82.83,16.59,6.14,41.70,29.12
775.96,0,,82.72,29.21,4,-2,83.46,16.83,6.06,41.86,29.44
776.09,0,,82.89,29.28,2,-1,81.82,16.86,6.01,41.84,29.52
776.17,0,,82.79,29.38,2,-1,83.37,16.57,5.99,41.53,29.25
776.27,0,,82.80,29.37,2,-1,82.91,16.53,5.92,41.42,29.28
776.45,0,,82.92,29.29,0,1,82.87,16.45,6.00,41.42,29.12
776.47,0,,82.94,29.23,0,1,82.96,16.57,5.92,41.46,29.32
776.57,0,,82.92,29.24,0,2,82.75,16.58,5.84,41.39,29.41
776.68,0,,82.93,29.29,0,2,83.33,16.41,5.88,41.26,29.20
776.78,0,,82.98,29.28,0,2,82.68,16.39,5.89,41.25,29.17
776.86,0,,82.94,29.20,0,1,82.86,16.30,5.92,41.19,29.05
776.98,0,,82.84,29.15,0,1,82.68,16.46,5.84,41.27,29.29
777.08,0,,82.83,29.18,1,0,83.28,16.43,5.77,41.17,29.33
777.19,0,,82.92,29.24,1,0,82.78,16.28,5.78,41.03,29.17
777.28,0,,83.03,29.24,1,0,83.50,16.29,5.79,41.05,29.17
777.38,0,,83.15,29.17,1,0,83.06,16.11,5.85,40.93,28.93
777.47,0,,83.18,29.08,0,1,82.91,16.22,5.74,40.93,29.15
777.59,0,,83.09,29.07,0,1,83.14,16.25,5.69,40.91,29.23
777.67,0,,82.99,29.12,1,0,82.53,16.18,5.77,40.92,29.08
777.77,0,,82.98,29.13,0,1,83.91,16.23,5.81,41.01,29.09
777.95,0,,83.24,29.08,0,1,83.55,16.01,5.79,40.77,28.89
777.97,0,,83.44,29.02,0,1,82.96,16.13,5.69,40.79,29.11
778.07,0,,83.28,29.05,0,2,82.64,16.37,5.67,41.01,29.37
778.18,0,,82.95,29.15,0,1,82.66,16.17,5.75,40.89,29.09
778.28,0,,82.74,29.15,0,1,82.93,15.99,5.78,40.74,28.88
778.36,0,,82.76,29.05,4,-2,83.04,16.01,5.69,40.67,28.99
778.48,0,,82.84,29.00,2,-1,82.60,16.15,5.57,40.69,29.25
778.58,0,,82.91,29.08,2,-1,83.43,16.18,5.60,40.75,29.25
778.70,0,,83.09,29.19,4,-2,83.40,16.21,5.60,40.78,29.28
778.78,0,,83.30,29.24,2,-1,83.34,15.99,5.56,40.52,29.10
778.88,0,,83.34,29.15,1,0,83.00,15.50,5.45,39.92,28.72
778.97,0,,83.26,28.96,1,0,83.32,15.21,5.05,39.23,28.83
779.09,0,,83.16,28.79,0,1,82.79,14.60,4.71,38.28,28.56
779.21,0,,83.04,28.58,0,2,83.06,13.65,4.33,36.95,27.99
779.29,0,,82.90,28.22,0,1,82.43,12.49,3.71,35.17,27.45
779.47,0,,82.81,27.69,0,1,83.32,11.35,3.25,33.57,26.77
779.48,0,,82.93,27.16,2,-1,83.24,10.94,2.81,32.72,26.80
779.57,0,,83.15,26.83,2,-1,83.39,10.78,2.55,32.30,26.90
779.68,0,,83.27,26.73,2,-1,83.02,10.48,2.54,31.99,26.61
779.78,0,,83.21,26.64,1,0,82.95,10.21,2.51,31.69,26.37
779.86,0,,83.13,26.49,1,0,83.44,10.14,2.58,31.69,26.23
779.98,0,,83.14,26.39,1,0,82.97,10.58,2.54,32.09,26.71
780.08,0,,83.11,26.48,1,0,82.88,10.82,2.63,32.42,26.86
780.20,0,,83.04,26.65,1,0,83.28,10.79,2.84,32.60,26.62
780.28,0,,83.02,26.72,1,0,82.71,10.99,3.00,32.96,26.66
780.38,0,,82.91,26.69,1,0,82.62,11.17,3.24,33.38,26.60
780.47,0,,82.70,26.70,1,0,82.29,11.68,3.30,33.95,27.05
780.59,0,,82.57,26.87,1,0,83.09,12.24,3.52,34.73,27.39
780.67,0,,82.67,27.13,4,-2,82.83,12.63,3.97,35.57,27.33
780.77,0,,82.85,27.34,4,-2,83.10,13.07,4.26,36.30,27.48
780.95,0,,82.92,27.44,4,-2,82.51,13.24,4.47,36.68,27.44
780.98,0,,82.89,27.51,2,-1,83.16,13.54,4.47,36.98,27.74
781.07,0,,82.86,27.62,2,-1,82.55,13.62,4.46,37.05,27.83
781.18,0,,82.81,27.72,2,-1,82.88,13.59,4.63,37.19,27.63
781.28,0,,82.74,27.71,2,-1,82.49,13.81,4.94,37.72,27.54
781.36,0,,82.68,27.58,2,-1,82.78,13.80,5.32,38.09,27.15
781.48,0,,82.55,27.40,1,0,81.85,14.12,5.38,38.47,27.41
781.58,0,,82.20,27.36,2,-1,81.29,14.45,5.38,38.80,27.74
781.70,0,,81.77,27.46,4,-2,81.82,14.06,5.27,38.30,27.46
781.78,0,,81.87,27.51,4,-2,83.83,13.48,4.81,37.26,27.34
781.88,0,,82.65,27.45,4,-2,83.72,13.26,4.53,36.76,27.40
781.97,0,,83.49,27.43,4,-2,84.12,13.31,4.37,36.65,27.61
782.09,0,,83.90,27.49,0,2,83.41,13.02,4.08,36.07,27.61
782.17,0,,83.92,27.55,0,2,83.95,12.77,3.94,35.68,27.50
782.26,0,,83.88,27.53,0,2,84.06,12.53,3.90,35.40,27.30
782.45,0,,83.88,27.39,0,2,83.52,12.15,3.79,34.91,27.03
782.47,0,,83.74,27.24,0,2,83.32,12.37,3.66,35.00,27.38
782.57,0,,83.59,27.24,0,2,83.97,12.61,3.75,35.33,27.53
782.68,0,,83.65,27.35,0,2,83.89,12.68,3.94,35.59,27.41
782.78,0,,83.66,27.43,0,2,82.80,12.85,4.07,35.89,27.45
782.86,0,,83.37,27.43,2,-1,82.93,12.87,4.25,36.09,27.29
782.96,0,,83.12,27.43,4,-2,83.50,13.28,4.24,36.49,27.71
783.08,0,,83.11,27.57,4,-2,83.04,13.68,4.25,36.90,28.10
783.20,0,,83.11,27.80,4,-2,82.84,13.67,4.50,37.14,27.84
783.26,0,,83.02,27.90,4,-2,83.06,13.73,4.65,37.35,27.75
783.38,0,,82.96,27.86,4,-2,82.83,13.81,4.74,37.52,27.74
783.47,0,,82.91,27.84,4,-2,82.91,14.23,4.77,37.97,28.13
783.55,0,,82.98,27.96,4,-2,83.61,14.53,4.83,38.33,28.37
783.67,0,,83.17,28.15,4,-2,83.11,14.47,4.94,38.38,28.20
783.77,0,,83.28,28.24,2,-1,83.25,14.51,5.06,38.54,28.12
783.85,0,,83.21,28.19,0,1,82.81,14.61,5.29,38.87,27.99
783.97,0,,83.05,28.15,0,1,82.88,15.12,5.35,39.44,28.44
784.07,0,,82.90,28.24,1,0,82.82,15.37,5.45,39.79,28.59
784.18,0,,82.90,28.40,1,0,83.41,15.32,5.62,39.91,28.37
784.28,0,,83.00,28.48,1,0,82.75,15.51,5.62,40.10,28.56
784.36,0,,83.02,28.50,1,0,82.99,15.41,5.65,40.03,28.43
784.46,0,,82.95,28.48,2,-1,82.82,15.44,5.73,40.14,28.38
784.58,0,,82.75,28.40,4,-2,81.77,15.44,5.91,40.32,28.20
784.69,0,,82.38,28.28,2,-1,82.27,15.50,6.05,40.52,28.12
784.76,0,,82.12,28.21,4,-2,81.96,15.87,6.10,40.94,28.44
784.87,0,,82.12,28.27,4,-2,82.81,15.79,6.04,40.80,28.42
784.97,0,,82.42,28.38,4,-2,83.23,15.66,5.81,40.44,28.52
785.05,0,,82.87,28.48,4,-2,83.19,15.55,5.59,40.11,28.63
785.17,0,,83.30,28.58,2,-1,84.20,15.25,5.23,39.45,28.69
785.27,0,,83.62,28.64,0,2,83.13,14.69,4.79,38.45,28.57
785.35,0,,83.75,28.58,0,2,84.40,13.84,4.38,37.19,28.13
785.47,0,,83.80,28.35,0,2,83.13,13.20,3.97,36.14,27.90
785.57,0,,83.73,28.06,0,2,83.93,12.80,3.77,35.54,27.70
785.68,0,,83.75,27.81,0,2,84.22,12.79,3.79,35.55,27.67
785.78,0,,83.91,27.67,0,2,83.79,12.85,3.86,35.68,27.66
785.92,0,,83.99,27.59,0,2,84.16,12.64,3.90,35.51,27.41
786.02,0,,83.97,27.52,0,2,83.51,12.70,3.88,35.55,27.49
786.08,0,,83.87,27.49,0,2,83.98,12.85,3.86,35.68,27.66
786.19,0,,83.89,27.53,0,1,84.36,12.81,3.92,35.70,27.56
786.26,0,,83.86,27.53,0,2,82.66,12.63,4.05,35.65,27.25
786.38,0,,83.50,27.39,1,0,83.03,12.58,4.23,35.78,27.02
786.47,0,,83.15,27.22,4,-2,83.41,12.94,4.29,36.20,27.32
786.59,0,,83.16,27.22,4,-2,83.53,13.49,4.60,37.06,27.56
786.67,0,,83.29,27.40,4,-2,83.18,14.17,5.01,38.15,27.83
786.77,0,,83.46,27.72,4,-2,84.25,14.67,4.86,38.50,28.48
786.95,0,,83.81,28.12,4,-2,84.49,14.63,4.78,38.38,28.52
786.97,0,,84.14,28.41,2,-1,83.78,13.97,4.31,37.25,28.33
787.07,0,,84.09,28.46,0,1,83.49,13.15,3.58,35.70,28.24
787.22,0,,83.91,28.29,0,2,84.32,12.76,3.76,35.49,27.67
787.28,0,,83.88,27.95,0,2,83.67,12.52,3.81,35.30,27.38
787.42,0,,83.86,27.62,0,2,83.73,12.50,3.65,35.12,27.52
787.45,0,,83.79,27.45,0,2,83.80,12.65,3.80,35.42,27.52
787.58,0,,83.75,27.46,0,2,83.71,12.60,3.59,35.16,27.68
787.70,0,,83.80,27.53,1,0,84.22,12.42,3.56,34.95,27.53
787.76,0,,83.64,27.46,4,-2,81.70,11.97,3.95,34.89,26.69
787.94,0,,82.89,27.11,2,-1,81.59,11.87,4.11,34.95,26.43
788.09,0,,82.14,26.76,4,-2,82.51,12.36,4.03,35.36,27.00
788.09,0,,82.02,26.71,4,-2,82.56,12.45,4.16,35.58,26.96
788.17,0,,82.46,26.88,4,-2,84.08,13.09,4.40,36.46,27.36
788.27,0,,83.25,27.26,4,-2,84.19,14.13,4.44,37.54,28.36
788.45,0,,83.95,27.76,4,-2,84.25,13.67,4.33,36.97,28.01
788.47,0,,84.18,28.00,0,1,83.38,12.23,3.42,34.62,27.48
788.57,0,,83.87,27.79,0,2,82.91,10.52,2.26,31.75,26.93
788.68,0,,83.34,27.27,0,2,82.87,10.12,2.48,31.57,26.31
788.87,0,,83.04,26.73,0,2,83.54,10.67,2.85,32.49,26.49
788.87,0,,83.07,26.43,0,2,83.04,10.27,2.45,31.69,26.49
789.02,0,,83.16,26.35,0,2,83.27,10.16,2.58,31.71,26.25
789.07,0,,83.07,26.28,2,-1,82.18,10.04,2.63,31.64,26.08
789.23,0,,82.67,26.13,4,-2,81.77,9.84,2.73,31.54,25.78
789.28,0,,82.20,25.94,4,-2,82.21,10.34,3.26,32.57,25.75
789.47,0,,81.97,25.85,4,-2,81.83,10.78,3.25,33.00,26.20
789.47,0,,81.99,26.03,4,-2,82.64,11.38,3.24,33.59,26.81
789.55,0,,82.41,26.44,4,-2,84.02,11.96,3.51,34.44,27.12
789.67,0,,83.17,26.89,4,-2,83.88,11.73,3.15,33.85,27.25
789.85,0,,83.67,27.13,1,0,83.14,10.56,2.38,31.91,26.85
789.97,0,,83.56,27.01,0,2,82.62,9.38,1.92,30.27,26.13
789.98,0,,83.15,26.63,0,2,82.99,9.45,1.81,30.23,26.31
790.09,0,,82.84,26.36,0,2,82.46,9.76,1.92,30.65,26.51
790.18,0,,82.65,26.27,0,2,82.68,9.41,2.07,30.45,26.01
790.34,0,,82.63,26.17,0,2,82.98,9.40,2.08,30.45,25.99
790.36,0,,82.58,26.01,0,1,81.53,9.14,2.15,30.26,25.66
790.46,0,,82.21,25.75,4,-2,81.56,8.93,2.50,30.40,25.10
790.58,0,,81.78,25.50,4,-2,81.70,9.79,2.67,31.43,25.79
790.72,0,,81.64,25.55,4,-2,81.96,10.33,2.75,32.05,26.25
790.75,0,,81.82,25.86,4,-2,82.64,10.75,3.21,32.93,26.21
790.88,0,,82.28,26.25,4,-2,83.18,11.80,3.35,34.12,27.12
791.02,0,,82.87,26.74,4,-2,83.68,11.76,2.95,33.68,27.48
791.06,0,,83.24,27.10,0,1,82.56,10.49,2.54,32.00,26.62
791.21,0,,83.23,27.02,0,1,83.28,9.47,1.81,30.25,26.33
791.27,0,,83.10,26.68,0,2,82.84,9.40,1.63,30.00,26.44
791.45,0,,82.98,26.40,0,2,82.79,9.53,2.13,30.63,26.07
791.47,0,,82.83,26.19,0,2,82.60,9.35,1.97,30.29,26.05
791.59,0,,82.71,26.09,0,2,82.71,9.45,1.85,30.27,26.27
791.68,0,,82.51,26.03,0,2,81.52,9.13,2.30,30.40,25.50
791.80,0,,82.01,25.76,4,-2,80.87,8.94,2.68,30.59,24.93
791.86,0,,81.49,25.39,2,-1,81.85,9.67,2.88,31.52,25.46
791.96,0,,81.42,25.30,4,-2,81.97,10.16,3.00,32.13,25.83
792.08,0,,81.87,25.57,4,-2,83.46,10.70,3.01,32.68,26.36
792.20,0,,82.62,26.09,4,-2,83.38,11.36,2.86,33.19,27.17
823.88,0,,83.04,26.24,4,-2,81.85,6.25,1.17,26.39,23.75
824.00,0,,82.75,25.41,0,1,82.00,5.80,0.82,25.59,23.65
824.06,0,,82.20,24.16,0,2,81.60,4.95,0.78,24.70,22.84
824.18,0,,81.79,23.25,0,1,81.60,4.87,0.54,24.38,23.00
824.27,0,,81.52,22.86,2,-1,81.18,4.74,0.31,24.02,23.10
824.45,0,,81.36,22.79,1,0,81.42,4.26,0.41,23.64,22.52
824.47,0,,81.27,22.74,4,-2,81.08,4.33,0.18,23.48,22.82
824.63,0,,81.27,22.79,4,-2,81.68,4.50,-0.13,23.34,23.30
824.69,0,,81.42,22.95,4,-2,81.78,4.33,0.08,23.38,22.92
824.87,0,,81.70,23.00,4,-2,82.24,4.14,0.12,23.23,22.69
824.87,0,,81.90,22.87,4,-2,81.49,3.96,0.00,22.93,22.63
824.96,0,,81.83,22.68,4,-2,81.47,3.95,0.23,23.15,22.39
825.08,0,,81.53,22.51,2,-1,80.74,4.21,0.48,23.66,22.40
825.20,0,,81.12,22.42,2,-1,80.66,4.43,0.55,23.95,22.55
825.44,0,,80.76,22.43,2,-1,80.50,4.49,0.69,24.15,22.47
825.44,0,,80.63,22.52,4,-2,81.17,4.96,0.74,24.67,22.89
825.56,0,,80.94,22.80,4,-2,82.31,5.71,0.59,25.27,23.79
825.56,0,,81.52,23.25,4,-2,81.73,5.49,0.53,24.99,23.63
825.73,0,,81.88,23.58,4,-2,81.83,4.98,0.15,24.10,23.50
825.83,0,,81.94,23.68,1,0,81.85,4.96,-0.14,23.79,23.77
825.86,0,,81.90,23.65,0,2,81.79,4.84,0.18,23.99,23.33
825.98,0,,81.81,23.53,0,2,81.54,4.92,0.26,24.15,23.33
826.19,0,,81.78,23.40,0,2,82.34,4.96,0.19,24.12,23.44
826.19,0,,81.90,23.28,0,2,81.87,4.49,0.40,23.86,22.76
826.31,0,,81.84,23.00,0,2,80.81,4.07,0.47,23.51,22.27
826.37,0,,81.39,22.59,0,2,80.56,4.13,0.58,23.68,22.22
826.55,0,,80.92,22.34,4,-2,81.03,4.68,0.78,24.43,22.57
826.61,0,,80.79,22.46,2,-1,81.04,5.51,0.70,25.18,23.48
826.70,0,,81.09,22.99,4,-2,82.64,6.15,0.71,25.83,24.11
826.76,0,,81.75,23.61,4,-2,82.47,5.86,0.64,25.47,23.89
826.88,0,,82.32,23.94,2,-1,82.37,5.21,0.09,24.27,23.79
827.00,0,,82.45,23.97,0,2,81.92,5.00,-0.16,23.81,23.83
827.24,0,,82.24,23.84,0,2,81.66,4.90,0.20,24.07,23.37
827.24,0,,81.88,23.61,0,2,81.43,4.98,0.31,24.26,23.34
827.30,0,,81.54,23.41,0,2,81.14,4.86,0.19,24.02,23.34
827.45,0,,81.19,23.20,0,2,80.47,4.22,0.46,23.65,22.43
834.38,0,,80.96,23.12,1,0,81.66,6.66,0.85,26.48,24.48
834.47,0,,81.13,23.52,0,1,81.82,6.62,0.98,26.57,24.31
834.56,0,,81.55,24.05,4,-2,82.05,6.45,0.92,26.34,24.20
834.71,0,,81.79,24.27,4,-2,81.26,6.42,0.99,26.38,24.10
834.77,0,,81.81,24.23,4,-2,82.20,6.29,1.01,26.27,23.95
834.86,0,,81.70,24.05,2,-1,80.77,6.01,1.07,26.05,23.61
834.98,0,,81.30,23.78,0,1,80.24,6.01,1.33,26.31,23.35
835.07,0,,80.84,23.55,0,1,81.28,6.55,1.55,27.07,23.67
835.22,0,,80.70,23.58,2,-1,80.41,7.15,1.62,27.74,24.20
835.28,0,,80.92,23.90,4,-2,82.69,7.64,1.66,28.27,24.65
835.37,0,,81.52,24.38,4,-2,82.03,8.02,1.57,28.56,25.12
835.49,0,,81.92,24.78,4,-2,81.12,7.09,1.09,27.15,24.67
835.58,0,,81.71,24.80,1,0,81.00,5.96,0.65,25.58,23.98
835.70,0,,81.36,24.50,0,1,81.50,6.34,0.76,26.07,24.25
835.76,0,,81.28,24.25,0,1,81.53,6.51,0.94,26.42,24.24
835.88,0,,81.36,24.13,0,2,81.34,6.13,0.86,25.96,23.94
835.97,0,,81.39,24.05,0,2,81.26,6.27,0.91,26.15,24.03
836.06,0,,81.39,23.99,0,2,81.67,6.20,0.90,26.07,23.97
836.18,0,,81.39,23.94,1,0,80.94,5.91,0.84,25.72,23.74
836.27,0,,81.29,23.80,1,0,81.22,5.68,0.98,25.63,23.37
836.36,0,,81.03,23.58,2,-1,80.04,5.93,1.25,26.15,23.35
836.47,0,,80.72,23.44,2,-1,80.97,6.53,1.53,27.03,23.67
836.57,0,,80.79,23.52,4,-2,82.08,6.92,1.59,27.48,24.00
836.69,0,,81.39,23.83,4,-2,82.50,7.48,1.55,28.00,24.60
836.78,0,,82.05,24.27,0,1,82.21,7.72,1.56,28.25,24.83
836.87,0,,82.30,24.62,0,1,81.81,7.45,1.49,27.91,24.63
836.96,0,,82.20,24.73,0,2,82.12,7.01,1.16,27.14,24.52
837.08,0,,81.99,24.63,0,2,81.34,6.30,0.70,25.97,24.27
837.20,0,,81.59,24.41,0,2,80.54,5.97,0.65,25.59,23.99
837.26,0,,81.09,24.15,0,2,80.94,5.88,0.65,25.50,23.90
837.38,0,,80.87,23.95,0,1,81.35,5.65,0.49,25.11,23.83
837.47,0,,81.00,23.85,0,1,81.25,5.86,0.61,25.44,23.92
837.56,0,,81.20,23.86,4,-2,81.44,6.05,0.71,25.73,24.01
837.68,0,,81.30,23.91,4,-2,80.97,5.97,0.75,25.69,23.89
837.77,0,,81.24,23.92,4,-2,81.17,5.99,0.83,25.79,23.83
837.86,0,,81.14,23.88,4,-2,81.02,5.93,0.79,25.69,23.81
837.97,0,,81.16,23.84,4,-2,81.73,6.00,0.77,25.74,23.90
838.07,0,,81.39,23.86,0,1,81.87,6.15,0.86,25.98,23.96
838.22,0,,81.55,23.89,0,2,80.84,6.37,1.19,26.53,23.85
838.28,0,,81.34,23.88,0,2,80.70,6.73,1.60,27.30,23.80
838.37,0,,81.15,23.87,2,-1,82.11,6.95,1.61,27.53,24.01
838.46,0,,81.35,23.95,1,0,81.63,7.15,1.48,27.60,24.34
838.58,0,,81.70,24.15,0,1,82.28,7.28,1.51,27.76,24.44
838.70,0,,81.98,24.37,0,2,81.99,7.52,1.49,27.98,24.70
838.76,0,,82.17,24.59,0,2,82.56,7.65,1.51,28.13,24.81
838.88,0,,82.22,24.71,0,2,81.52,7.45,1.61,28.03,24.51
838.97,0,,82.07,24.72,0,2,82.06,7.64,1.52,28.13,24.79
839.06,0,,81.98,24.73,0,2,82.27,7.72,1.55,28.24,24.84
839.18,0,,82.04,24.75,0,2,81.94,7.60,1.65,28.22,24.62
839.27,0,,82.06,24.72,0,1,82.03,7.56,1.60,28.13,24.63
839.36,0,,82.05,24.62,0,1,82.17,7.28,1.62,27.87,24.33
839.47,0,,82.02,24.50,0,2,81.62,7.30,1.50,27.77,24.47
839.57,0,,81.86,24.44,2,-1,81.47,7.19,1.32,27.48,24.54
839.69,0,,81.67,24.42,4,-2,81.76,6.78,1.27,27.02,24.18
839.78,0,,81.67,24.32,4,-2,82.12,6.64,1.18,26.79,24.13
839.86,0,,81.80,24.18,4,-2,81.65,6.48,1.14,26.59,24.01
839.96,0,,81.71,24.07,4,-2,80.85,6.42,1.04,26.43,24.05
840.08,0,,81.39,24.02,4,-2,81.23,6.32,0.96,26.25,24.03
840.20,0,,81.27,23.99,4,-2,81.97,6.17,1.00,26.14,23.84
840.26,0,,81.38,23.93,4,-2,81.06,6.20,1.01,26.18,23.86
840.38,0,,81.49,23.86,4,-2,82.05,6.17,1.04,26.18,23.80
840.47,0,,81.60,23.84,2,-1,81.38,6.30,1.00,26.27,23.97
840.56,0,,81.55,23.88,4,-2,80.96,6.30,0.99,26.26,23.98
840.68,0,,81.34,23.92,4,-2,81.43,6.19,1.02,26.18,23.84
840.77,0,,81.27,23.92,4,-2,81.44,6.27,0.98,26.22,23.96
840.86,0,,81.39,23.91,4,-2,81.83,6.23,1.03,26.23,23.87
840.98,0,,81.52,23.90,1,0,81.19,6.21,1.01,26.19,23.87
841.07,0,,81.54,23.88,0,1,81.79,6.17,0.95,26.09,23.89
841.19,0,,81.56,23.87,1,0,81.44,6.14,0.97,26.08,23.84
841.28,0,,81.61,23.86,1,0,81.93,6.18,0.93,26.08,23.92
841.37,0,,81.68,23.86,0,1,81.58,6.06,0.97,26.00,23.76
841.46,0,,81.65,23.82,0,2,81.22,6.03,0.98,25.98,23.72
841.58,0,,81.50,23.77,0,2,81.48,6.08,0.93,25.98,23.82
841.70,0,,81.41,23.77,0,1,81.45,6.12,0.97,26.06,23.82
841.76,0,,81.33,23.78,1,0,80.87,6.08,1.00,26.05,23.75
841.88,0,,81.17,23.76,2,-1,81.07,5.94,0.99,25.90,23.62
841.97,0,,81.11,23.71,4,-2,81.55,6.03,0.95,25.95,23.75
842.06,0,,81.13,23.70,4,-2,80.58,6.07,0.96,26.00,23.78
842.18,0,,81.10,23.72,4,-2,81.53,5.94,0.97,25.88,23.64
842.27,0,,81.10,23.68,4,-2,80.79,5.84,0.98,25.79,23.53
842.36,0,,81.13,23.58,4,-2,81.54,5.68,1.03,25.68,23.32
842.48,0,,81.18,23.45,4,-2,80.99,5.76,1.01,25.74,23.42
842.57,0,,81.10,23.40,2,-1,80.45,5.87,0.98,25.82,23.56
842.69,0,,80.87,23.44,2,-1,80.94,5.79,0.99,25.75,23.47
842.78,0,,80.84,23.47,2,-1,81.35,5.75,1.01,25.73,23.41
842.87,0,,81.04,23.44,2,-1,81.35,5.76,1.07,25.80,23.36
842.96,0,,81.23,23.44,2,-1,81.12,6.02,1.03,26.02,23.66
843.08,0,,81.25,23.52,0,1,81.08,6.11,1.02,26.10,23.76
843.20,0,,81.25,23.63,0,1,81.67,5.99,1.08,26.04,23.58
843.26,0,,81.33,23.65,0,1,81.18,5.98,1.13,26.08,23.52
843.38,0,,81.37,23.57,0,2,81.42,5.93,1.20,26.10,23.40
843.47,0,,81.38,23.51,0,2,81.48,6.12,1.14,26.23,23.65
843.56,0,,81.31,23.54,0,2,80.59,6.16,1.11,26.24,23.72
843.68,0,,81.00,23.61,0,1,80.36,6.07,1.19,26.23,23.55
843.77,0,,80.67,23.62,2,-1,80.79,6.13,1.23,26.33,23.57
843.86,0,,80.60,23.57,4,-2,80.88,6.03,1.28,26.28,23.42
843.97,0,,80.70,23.53,4,-2,80.79,6.21,1.22,26.40,23.66
844.07,0,,80.68,23.57,4,-2,79.97,6.32,1.20,26.49,23.79
844.19,0,,80.54,23.66,4,-2,80.94,6.26,1.28,26.51,23.65
844.28,0,,80.58,23.70,4,-2,80.91,6.28,1.31,26.56,23.64
844.37,0,,80.76,23.65,4,-2,80.89,6.13,1.35,26.45,23.45
844.46,0,,80.84,23.60,4,-2,80.58,6.40,1.30,26.67,23.77
844.58,0,,80.76,23.65,1,0,80.55,6.54,1.29,26.80,23.92
844.70,0,,80.76,23.75,2,-1,81.50,6.39,1.37,26.73,23.69
844.76,0,,80.94,23.76,0,1,80.87,6.36,1.41,26.74,23.62
844.88,0,,81.00,23.67,0,2,80.64,6.19,1.45,26.61,23.41
844.97,0,,80.95,23.58,0,2,81.32,6.43,1.35,26.75,23.75
845.06,0,,80.89,23.62,0,2,80.19,6.61,1.32,26.90,23.96
845.18,0,,80.70,23.75,0,1,80.51,6.45,1.39,26.81,23.73
845.27,0,,80.53,23.79,2,-1,80.68,6.37,1.37,26.71,23.67
845.36,0,,80.52,23.71,2,-1,80.55,6.22,1.45,26.64,23.44
845.48,0,,80.63,23.62,2,-1,81.14,6.49,1.42,26.88,23.74
845.57,0,,80.77,23.64,4,-2,80.59,6.62,1.33,26.92,23.96
845.69,0,,80.87,23.74,2,-1,81.21,6.37,1.43,26.77,23.61
845.78,0,,80.99,23.74,2,-1,81.18,6.37,1.46,26.80,23.58
845.87,0,,81.03,23.66,0,1,80.44,6.34,1.43,26.74,23.58
845.99,0,,80.94,23.63,0,1,81.29,6.58,1.38,26.93,23.87
846.08,0,,80.90,23.73,0,1,80.61,6.68,1.34,26.99,24.01
846.20,0,,80.98,23.84,0,2,81.76,6.48,1.44,26.89,23.71
846.26,0,,81.21,23.83,0,2,81.39,6.47,1.48,26.92,23.66
846.38,0,,81.37,23.73,0,2,81.00,6.41,1.48,26.86,23.60
846.47,0,,81.08,23.66,0,2,79.60,6.55,1.43,26.95,23.79
846.56,0,,80.56,23.69,1,0,80.72,6.60,1.40,26.97,23.87
846.68,0,,80.26,23.77,1,0,80.01,6.54,1.45,26.96,23.76
846.77,0,,80.29,23.80,4,-2,81.14,6.59,1.50,27.06,23.76
846.86,0,,80.61,23.76,4,-2,81.23,6.45,1.51,26.93,23.61
846.98,0,,80.89,23.72,4,-2,80.32,6.61,1.45,27.03,23.83
847.07,0,,80.84,23.74,4,-2,80.73,6.69,1.47,27.13,23.89
847.19,0,,80.72,23.79,4,-2,80.79,6.59,1.51,27.07,23.75
847.29,0,,80.77,23.80,2,-1,81.16,6.61,1.51,27.09,23.77
847.37,0,,80.86,23.76,0,1,80.55,6.48,1.57,27.02,23.58
847.46,0,,80.77,23.70,2,-1,80.31,6.62,1.53,27.12,23.76
847.61,0,,80.63,23.71,0,2,81.02,6.78,1.54,27.29,23.91
847.78,0,,80.65,23.79,0,1,80.63,6.74,1.55,27.26,23.86
847.78,0,,80.80,23.84,2,-1,81.42,6.68,1.55,27.20,23.80
847.88,0,,80.98,23.81,1,0,80.80,6.56,1.64,27.17,23.59
847.97,0,,81.01,23.75,0,1,80.74,6.79,1.60,27.36,23.86
848.05,0,,80.82,23.77,0,1,80.27,6.92,1.57,27.46,24.02
848.18,0,,80.59,23.86,1,0,80.64,6.78,1.62,27.37,23.83
848.27,0,,80.58,23.89,1,0,81.16,6.75,1.63,27.35,23.79
848.36,0,,80.75,23.84,0,1,80.72,6.75,1.67,27.39,23.75
848.47,0,,80.85,23.81,1,0,80.79,6.92,1.65,27.54,23.94
848.57,0,,80.78,23.84,1,0,80.38,6.94,1.63,27.54,23.98
848.69,0,,80.69,23.90,2,-1,80.99,6.85,1.68,27.50,23.84
848.78,0,,80.73,23.91,1,0,80.93,6.93,1.67,27.57,23.93
848.87,0,,80.81,23.89,1,0,80.56,6.86,1.73,27.56,23.80
848.96,0,,80.75,23.87,1,0,80.60,6.97,1.73,27.67,23.91
849.08,0,,80.68,23.88,1,0,80.81,7.07,1.70,27.74,24.04
849.20,0,,80.71,23.93,1,0,80.90,6.99,1.80,27.76,23.86
849.26,0,,80.84,23.94,1,0,81.11,7.07,1.81,27.85,23.93
849.38,0,,80.92,23.93,1,0,80.60,7.09,1.82,27.88,23.94
849.50,0,,80.83,23.93,1,0,80.51,7.14,1.84,27.95,23.97
849.56,0,,80.72,23.96,1,0,81.07,7.18,1.82,27.97,24.03
849.68,0,,80.73,23.98,1,0,80.51,7.14,1.85,27.96,23.96
849.77,0,,80.66,24.00,1,0,80.30,7.22,1.86,28.05,24.03
849.86,0,,80.51,24.00,1,0,80.53,7.20,1.89,28.06,23.98
849.98,0,,80.39,23.99,2,-1,80.06,7.22,1.92,28.11,23.97
850.07,0,,80.29,23.98,4,-2,80.36,7.31,1.96,28.24,24.02
850.19,0,,80.30,24.00,4,-2,80.71,7.39,2.01,28.37,24.05
850.28,0,,80.40,24.03,4,-2,80.16,7.47,2.01,28.45,24.13
850.37,0,,80.40,24.06,4,-2,80.37,7.41,2.07,28.45,24.01
850.46,0,,80.36,24.06,4,-2,80.41,7.46,2.09,28.52,24.04
850.58,0,,80.48,24.06,2,-1,81.23,7.61,2.11,28.69,24.17
850.70,0,,80.74,24.09,2,-1,80.75,7.58,2.16,28.71,24.09
850.76,0,,80.79,24.09,0,2,80.08,7.49,2.16,28.62,24.00
850.88,0,,80.53,24.05,0,2,80.14,7.42,2.12,28.51,23.97
850.97,0,,80.24,24.00,0,1,80.08,7.38,2.09,28.44,23.96
851.06,0,,80.11,23.96,2,-1,80.30,7.33,2.08,28.38,23.92
851.18,0,,80.06,23.93,4,-2,79.67,7.27,2.06,28.30,23.88
851.27,0,,79.98,23.90,4,-2,80.11,7.26,2.03,28.26,23.90
851.36,0,,79.98,23.88,4,-2,80.22,7.26,2.04,28.27,23.89
851.48,0,,80.05,23.87,4,-2,79.91,7.24,2.07,28.28,23.84
851.57,0,,80.09,23.85,4,-2,80.30,7.21,2.09,28.27,23.79
851.69,0,,80.09,23.82,4,-2,79.78,7.22,2.05,28.24,23.84
851.78,0,,80.01,23.81,2,-1,79.92,7.23,2.06,28.26,23.84
851.87,0,,79.86,23.81,2,-1,79.40,7.15,2.12,28.24,23.70
851.99,0,,79.77,23.77,2,-1,80.38,7.14,2.09,28.20,23.72
852.08,0,,79.85,23.73,4,-2,79.70,7.16,2.12,28.25,23.71
852.20,0,,79.84,23.69,4,-2,79.38,7.11,2.20,28.28,23.58
852.26,0,,79.66,23.63,2,-1,79.58,7.07,2.17,28.21,23.57
852.38,0,,79.55,23.59,2,-1,79.60,7.09,2.14,28.20,23.62
852.47,0,,79.46,23.58,4,-2,79.00,7.08,2.16,28.21,23.59
852.56,0,,79.41,23.58,4,-2,80.08,7.03,2.17,28.17,23.53
852.67,0,,79.59,23.56,4,-2,79.98,7.06,2.19,28.22,23.54
852.77,0,,79.80,23.53,4,-2,79.56,7.07,2.23,28.27,23.51
852.85,0,,79.81,23.52,2,-1,79.73,7.08,2.24,28.29,23.51
852.97,0,,79.74,23.51,4,-2,79.67,7.12,2.27,28.36,23.52
853.07,0,,79.64,23.50,4,-2,79.23,7.14,2.33,28.44,23.48
853.18,0,,79.45,23.49,2,-1,79.18,7.18,2.37,28.52,23.48
853.28,0,,79.40,23.49,1,0,80.20,7.24,2.41,28.62,23.50
853.36,0,,79.53,23.49,1,0,79.14,7.27,2.40,28.64,23.54
853.46,0,,79.55,23.52,2,-1,79.53,7.27,2.37,28.61,23.57
853.58,0,,79.40,23.54,2,-1,78.79,7.28,2.40,28.65,23.55
853.70,0,,79.17,23.54,2,-1,79.10,7.25,2.45,28.67,23.47
853.76,0,,79.08,23.51,4,-2,79.47,7.27,2.49,28.73,23.45
853.88,0,,79.20,23.48,4,-2,79.37,7.37,2.51,28.85,23.53
853.97,0,,79.31,23.47,4,-2,79.19,7.35,2.56,28.88,23.46
854.06,0,,79.23,23.47,2,-1,78.67,7.37,2.58,28.92,23.46
854.17,0,,79.03,23.48,4,-2,78.99,7.51,2.61,29.09,23.57
854.27,0,,78.89,23.50,4,-2,78.85,7.55,2.71,29.23,23.51
854.45,0,,78.81,23.51,4,-2,78.57,7.58,2.77,29.32,23.48
854.47,0,,78.72,23.50,4,-2,78.68,7.57,2.75,29.29,23.49
854.57,0,,78.64,23.49,4,-2,78.56,7.57,2.76,29.30,23.48
854.69,0,,78.64,23.48,4,-2,78.87,7.63,2.77,29.37,23.53
854.78,0,,78.76,23.49,4,-2,79.21,7.60,2.79,29.36,23.48
854.87,0,,78.92,23.49,4,-2,78.70,7.61,2.83,29.41,23.45
854.96,0,,78.98,23.47,4,-2,79.19,7.65,2.86,29.48,23.46
855.08,0,,78.96,23.46,1,0,78.56,7.66,2.89,29.52,23.44
855.20,0,,78.89,23.45,0,1,79.02,7.72,2.94,29.63,23.45
855.26,0,,78.90,23.43,0,1,79.18,7.74,3.02,29.73,23.39
855.38,0,,79.05,23.42,0,2,79.35,7.80,3.04,29.81,23.43
855.47,0,,79.10,23.42,0,2,78.39,7.86,3.10,29.93,23.43
855.56,0,,78.92,23.41,0,2,78.79,7.91,3.20,30.08,23.38
855.68,0,,78.74,23.41,1,0,78.72,8.01,3.23,30.21,23.45
855.77,0,,78.62,23.42,2,-1,78.17,8.05,3.28,30.30,23.44
855.86,0,,78.46,23.42,2,-1,78.50,8.07,3.33,30.37,23.41
855.97,0,,78.45,23.42,2,-1,78.90,8.14,3.39,30.50,23.42
856.07,0,,78.60,23.41,4,-2,78.66,8.22,3.48,30.67,23.41
856.19,0,,78.73,23.41,4,-2,78.85,8.27,3.51,30.75,23.43
856.28,0,,78.73,23.42,4,-2,78.27,8.28,3.52,30.77,23.43
856.36,0,,78.56,23.42,4,-2,78.28,8.30,3.58,30.85,23.39
856.46,0,,78.46,23.41,2,-1,78.96,8.41,3.64,31.02,23.44
856.58,0,,78.50,23.41,2,-1,78.18,8.44,3.70,31.11,23.41
856.70,0,,78.42,23.40,2,-1,77.96,8.39,3.75,31.11,23.31
856.76,0,,78.19,23.37,4,-2,78.00,8.46,3.78,31.21,23.35
856.88,0,,78.04,23.34,2,-1,78.10,8.48,3.80,31.25,23.35
856.97,0,,78.02,23.33,4,-2,78.15,8.45,3.81,31.23,23.31
857.06,0,,78.06,23.32,4,-2,78.00,8.51,3.85,31.33,23.33
857.18,0,,77.97,23.31,4,-2,77.32,8.52,3.92,31.41,23.27
857.27,0,,77.72,23.30,4,-2,77.57,8.58,3.93,31.48,23.32
857.36,0,,77.54,23.31,4,-2,77.56,8.69,3.91,31.57,23.45
857.48,0,,77.58,23.36,4,-2,78.12,8.71,4.01,31.69,23.37
857.57,0,,77.76,23.37,4,-2,77.81,8.73,4.10,31.80,23.30
857.69,0,,77.86,23.35,4,-2,77.73,8.75,4.11,31.83,23.31
857.78,0,,77.76,23.32,4,-2,77.15,8.79,4.15,31.91,23.31
857.87,0,,77.57,23.31,4,-2,77.80,8.85,4.18,32.00,23.34
857.96,0,,77.52,23.31,4,-2,77.53,8.83,4.21,32.01,23.29
858.08,0,,77.53,23.30,2,-1,77.35,8.83,4.27,32.07,23.23
858.20,0,,77.48,23.27,2,-1,77.50,8.86,4.24,32.07,23.29
858.26,0,,77.42,23.26,2,-1,77.19,8.86,4.25,32.08,23.28
858.43,0,,77.29,23.26,4,-2,76.99,8.85,4.28,32.10,23.24
858.47,0,,77.20,23.26,4,-2,77.57,8.91,4.31,32.19,23.27
858.56,0,,77.22,23.25,4,-2,77.04,8.99,4.45,32.41,23.21
858.68,0,,77.40,23.25,4,-2,78.54,9.25,4.55,32.77,23.37
858.77,0,,77.73,23.33,4,-2,77.59,9.71,4.66,33.34,23.72
858.86,0,,77.93,23.50,0,1,78.02,9.97,4.99,33.93,23.65
858.98,0,,78.03,23.66,0,2,78.45,10.28,5.09,34.34,23.86
859.07,0,,78.12,23.83,0,2,77.64,10.78,5.17,34.92,24.28
859.19,0,,77.98,24.04,0,2,77.52,11.01,5.50,35.48,24.18
859.28,0,,77.82,24.20,0,2,78.28,11.22,5.55,35.74,24.34
859.36,0,,77.80,24.33,0,2,77.40,11.60,5.62,36.19,24.65
859.46,0,,77.64,24.46,0,2,76.94,11.64,5.90,36.51,24.41
859.70,0,,77.25,24.49,2,-1,76.60,11.56,5.91,36.44,24.32
859.70,0,,76.90,24.44,4,-2,77.02,11.74,5.91,36.62,24.50
859.76,0,,76.92,24.43,4,-2,77.83,11.66,5.87,36.50,24.46
859.94,0,,77.38,24.49,4,-2,78.48,11.63,5.45,36.05,24.85
859.97,0,,78.07,24.72,4,-2,79.00,11.91,5.17,36.05,25.41
860.09,0,,78.56,25.00,0,1,78.12,11.36,5.16,35.49,24.87
860.18,0,,78.68,25.02,0,2,78.86,10.49,4.74,34.20,24.42
860.27,0,,78.76,24.77,0,2,79.27,9.94,4.15,33.06,24.46
860.36,0,,79.05,24.49,0,2,79.64,9.40,3.92,32.29,24.15
860.47,0,,79.26,24.30,0,2,78.68,9.56,3.91,32.44,24.32
860.57,0,,79.20,24.25,0,2,79.15,9.69,3.87,32.53,24.49
860.72,0,,79.14,24.31,0,2,79.48,9.50,3.91,32.38,24.26
860.78,0,,79.23,24.35,0,2,79.22,9.79,4.01,32.77,24.45
860.87,0,,79.23,24.40,0,2,78.86,9.91,4.01,32.89,24.57
860.96,0,,79.06,24.47,0,2,78.65,9.82,4.05,32.84,24.44
861.11,0,,78.95,24.49,0,2,79.59,9.86,4.07,32.90,24.46
861.20,0,,78.97,24.47,1,0,78.34,10.01,4.25,33.23,24.43
861.29,0,,78.81,24.44,4,-2,78.35,10.53,4.84,34.34,24.36
861.38,0,,78.56,24.45,4,-2,78.62,11.25,5.17,35.39,24.75
861.47,0,,78.49,24.60,4,-2,78.62,11.70,5.27,35.94,25.10
861.59,0,,78.65,24.91,4,-2,79.50,12.32,5.53,36.82,25.46
861.68,0,,79.05,25.31,4,-2,79.67,12.99,5.58,37.54,26.08
861.77,0,,79.53,25.74,1,0,80.20,12.60,5.21,36.78,26.06
861.86,0,,79.87,25.98,0,2,79.66,11.45,4.39,34.81,25.73
861.98,0,,79.92,25.91,0,2,79.65,10.10,3.43,32.50,25.34
862.07,0,,79.83,25.60,0,2,79.92,9.53,3.18,31.68,25.02
862.19,0,,79.85,25.26,0,2,80.17,9.89,3.46,32.32,25.10
862.28,0,,79.86,25.04,0,2,79.23,9.59,3.38,31.94,24.88
862.36,0,,79.67,24.90,0,2,79.34,9.25,3.22,31.44,24.70
862.48,0,,79.54,24.79,0,2,80.13,9.52,3.39,31.88,24.80
862.58,0,,79.61,24.73,0,1,79.37,9.59,3.62,32.18,24.64
862.70,0,,79.62,24.70,2,-1,79.52,10.05,3.98,33.00,24.74
862.76,0,,79.65,24.78,0,2,80.22,11.14,4.43,34.54,25.38
862.88,0,,79.89,25.15,2,-1,80.42,12.49,4.85,36.31,26.31
862.97,0,,80.22,25.81,0,1,80.52,13.05,4.85,36.87,26.87
863.06,0,,80.30,26.39,0,2,79.30,11.43,3.83,34.23,26.27
863.18,0,,80.09,26.48,0,2,80.35,9.90,2.93,31.80,25.64
863.27,0,,79.99,26.12,0,2,79.98,9.70,2.95,31.62,25.42
863.36,0,,79.98,25.68,0,2,79.82,9.67,2.94,31.58,25.40
863.51,0,,80.04,25.44,0,2,80.80,9.77,2.86,31.60,25.58
863.57,0,,80.30,25.41,0,2,80.61,9.73,2.91,31.61,25.49
863.69,0,,80.66,25.45,0,2,81.37,9.59,2.78,31.34,25.48
863.84,0,,80.98,25.48,0,2,80.96,9.61,2.76,31.34,25.52
863.86,0,,81.03,25.46,0,2,80.39,9.57,3.01,31.55,25.23
863.96,0,,80.82,25.37,0,2,80.60,9.89,3.37,32.23,25.19
864.08,0,,80.64,25.32,0,2,80.75,10.64,3.59,33.20,25.72
864.26,0,,80.61,25.51,0,2,80.59,11.44,3.89,34.30,26.22
864.26,0,,80.75,25.91,0,2,81.63,12.32,4.40,35.69,26.59
864.47,0,,81.10,26.37,0,2,81.50,12.63,4.36,35.96,26.94
864.47,0,,81.32,26.73,0,2,80.70,12.10,3.96,35.03,26.81
864.71,0,,81.29,26.84,0,2,81.71,11.38,3.54,33.89,26.51
864.71,0,,81.29,26.84,0,2,81.71,11.38,3.54,33.89,26.51
864.80,0,,81.03,26.47,0,2,81.46,10.41,2.85,32.23,26.23
864.86,0,,81.01,26.30,0,2,81.07,10.77,3.12,32.86,26.32
864.97,0,,81.21,26.26,0,2,81.97,10.89,3.15,33.01,26.41
865.07,0,,81.43,26.36,0,2,81.14,11.52,3.41,33.90,26.78
865.19,0,,81.48,26.58,0,2,81.40,11.85,3.58,34.40,26.94
865.28,0,,81.49,26.77,0,1,81.95,11.65,3.62,34.24,26.70
865.49,0,,81.64,26.82,0,2,81.82,11.69,3.59,34.25,26.77
865.49,0,,81.92,26.82,0,2,82.79,11.80,3.53,34.30,26.94
865.58,0,,82.26,26.87,0,2,82.29,12.07,3.67,34.71,27.07
865.70,0,,82.40,26.99,0,2,82.06,12.26,3.69,34.92,27.24
865.76,0,,82.25,27.10,0,2,81.78,12.07,3.70,34.74,27.04
865.88,0,,81.92,27.06,0,2,81.18,11.43,3.53,33.93,26.57
865.97,0,,81.55,26.82,0,2,81.37,10.68,3.01,32.66,26.34
866.06,0,,81.28,26.55,1,0,81.03,10.47,2.67,32.11,26.47
866.18,0,,81.12,26.40,4,-2,81.01,10.42,2.70,32.09,26.39
866.27,0,,81.11,26.34,4,-2,81.71,10.31,2.75,32.03,26.23
866.35,0,,81.33,26.32,4,-2,81.70,10.54,2.76,32.27,26.45
866.47,0,,81.59,26.37,4,-2,81.70,10.72,2.79,32.48,26.60
866.57,0,,81.68,26.47,4,-2,81.45,10.60,2.74,32.31,26.53
866.69,0,,81.64,26.51,4,-2,81.57,10.41,2.75,32.13,26.33
866.78,0,,81.43,26.42,1,0,80.44,10.41,2.97,32.35,26.11
866.87,0,,81.00,26.25,1,0,80.45,10.73,3.35,33.05,26.05
866.96,0,,80.63,26.14,2,-1,80.72,11.24,3.62,33.83,26.29
867.08,0,,80.57,26.19,4,-2,80.89,11.69,3.76,34.42,26.60
867.20,0,,80.74,26.43,4,-2,81.23,12.37,4.05,35.39,26.99
867.26,0,,81.19,26.84,4,-2,82.64,13.39,4.30,36.66,27.76
867.38,0,,81.78,27.35,4,-2,81.83,13.49,4.25,36.71,27.91
867.47,0,,82.01,27.64,0,1,81.32,12.02,3.68,34.67,27.01
867.56,0,,81.77,27.42,0,2,81.24,10.55,2.85,32.37,26.37
867.68,0,,81.43,26.91,0,2,81.20,10.28,2.46,31.71,26.49
867.77,0,,81.24,26.54,0,2,81.35,10.45,2.56,31.98,26.56
867.86,0,,81.34,26.42,0,2,82.23,10.45,2.69,32.11,26.43
867.98,0,,81.70,26.41,0,2,82.07,10.39,2.59,31.95,26.47
868.07,0,,81.96,26.42,0,2,81.71,10.16,2.46,31.59,26.37
868.19,0,,81.92,26.39,0,1,81.51,10.12,2.53,31.62,26.26
868.28,0,,81.60,26.30,1,0,80.56,10.15,2.76,31.88,26.06
868.37,0,,81.02,26.15,0,1,80.05,10.31,3.14,32.42,25.84
868.46,0,,80.64,26.03,4,-2,81.73,11.04,3.43,33.44,26.28
868.58,0,,80.77,26.15,4,-2,80.82,11.72,3.49,34.18,26.90
868.70,0,,81.18,26.53,4,-2,82.61,12.36,3.82,35.15,27.21
868.76,0,,81.79,27.02,4,-2,82.48,13.14,4.09,36.20,27.72
868.88,0,,82.32,27.50,2,-1,82.37,13.30,3.89,36.16,28.08
868.97,0,,82.42,27.83,0,1,81.69,12.25,3.21,34.43,27.71
869.06,0,,82.23,27.82,0,2,82.33,10.73,2.33,32.03,27.07
869.18,0,,82.05,27.46,0,2,81.55,10.13,2.10,31.20,26.70
869.30,0,,81.84,27.00,0,2,81.60,10.20,2.21,31.38,26.66
869.45,0,,81.78,26.69,0,2,82.54,10.21,2.28,31.46,26.60
869.47,0,,81.90,26.56,0,2,81.50,10.26,2.35,31.58,26.58
869.57,0,,81.74,26.53,1,0,80.57,10.02,2.19,31.18,26.50
869.69,0,,81.39,26.46,1,0,82.01,9.71,2.30,30.98,26.08
869.78,0,,81.20,26.28,4,-2,80.20,9.75,2.47,31.19,25.95
869.93,0,,80.98,26.11,4,-2,81.10,10.29,2.75,32.01,26.21
869.96,0,,80.98,26.12,4,-2,81.97,11.06,3.18,33.21,26.55
870.08,0,,81.41,26.34,4,-2,82.19,11.40,3.22,33.59,26.85
870.20,0,,81.99,26.67,4,-2,82.82,12.02,3.50,34.49,27.19
870.26,0,,82.48,27.06,0,1,82.65,12.76,3.70,35.43,27.73
870.38,0,,82.75,27.45,0,2,82.84,12.56,3.47,35.00,27.76
870.47,0,,82.74,27.66,0,2,82.06,11.86,3.16,33.99,27.37
870.56,0,,82.46,27.57,0,2,81.86,10.94,2.58,32.49,27.03
870.68,0,,82.12,27.27,0,2,82.02,10.41,2.32,31.70,26.76
870.77,0,,81.84,26.95,0,2,81.19,10.57,2.48,32.02,26.76
870.86,0,,81.53,26.76,0,2,81.19,10.50,2.42,31.89,26.75
870.98,0,,81.37,26.68,4,-2,81.94,10.33,2.38,31.68,26.62
871.07,0,,81.55,26.64,2,-1,82.10,10.40,2.46,31.83,26.61
871.19,0,,81.86,26.62,4,-2,82.08,10.62,2.60,32.19,26.69
871.28,0,,82.13,26.66,4,-2,82.55,11.01,2.81,32.79,26.87
871.37,0,,82.27,26.77,4,-2,81.91,11.40,3.08,33.45,26.99
871.46,0,,82.21,26.91,0,1,81.95,11.88,3.49,34.34,27.06
871.58,0,,81.88,27.03,0,2,80.61,12.26,3.72,34.95,27.21
871.70,0,,81.36,27.14,0,1,81.11,12.28,3.74,34.99,27.21
871.76,0,,81.02,27.19,2,-1,81.06,12.25,3.79,35.01,27.13
871.88,0,,80.94,27.18,4,-2,80.98,12.37,3.86,35.20,27.18
871.97,0,,81.22,27.21,4,-2,83.02,12.66,3.87,35.50,27.46
872.06,0,,81.98,27.35,1,0,83.08,12.84,3.71,35.52,27.80
872.18,0,,82.48,27.55,4,-2,80.99,12.10,3.20,34.27,27.57
872.27,0,,82.24,27.55,0,1,81.98,10.82,2.61,32.40,26.88
872.36,0,,81.86,27.26,0,2,81.64,10.46,2.52,31.95,26.61
872.48,0,,81.73,26.89,0,2,81.95,10.61,2.55,32.13,26.73
872.57,0,,81.74,26.67,0,2,81.73,10.39,2.43,31.79,26.63
872.69,0,,81.81,26.59,0,2,82.03,10.34,2.50,31.81,26.51
872.78,0,,81.80,26.53,0,2,81.25,10.22,2.47,31.66,26.42
872.87,0,,81.64,26.44,2,-1,81.44,9.99,2.42,31.38,26.24
872.99,0,,81.44,26.33,2,-1,81.22,9.98,2.47,31.42,26.18
873.08,0,,81.31,26.20,2,-1,81.37,9.98,2.62,31.57,26.03
873.20,0,,81.29,26.08,4,-2,81.36,10.27,2.98,32.22,25.96
873.26,0,,81.32,26.04,4,-2,81.33,10.81,3.18,32.96,26.30
873.38,0,,81.39,26.18,4,-2,81.74,11.43,3.31,33.71,26.79
873.47,0,,81.66,26.54,4,-2,82.64,12.41,3.75,35.13,27.33
873.55,0,,82.06,27.05,1,0,82.12,13.02,3.84,35.83,27.85
873.67,0,,82.25,27.51,0,2,81.94,11.96,2.99,33.92,27.64
873.77,0,,82.13,27.64,0,2,81.68,10.57,2.25,31.79,26.99
873.86,0,,81.90,27.37,0,2,81.74,10.29,2.35,31.61,26.61
873.98,0,,81.68,26.91,0,2,81.26,10.14,2.50,31.61,26.31
874.07,0,,81.56,26.48,0,2,82.01,9.74,2.31,31.02,26.10
874.19,0,,81.66,26.17,0,1,81.96,9.57,2.25,30.79,25.99
874.31,0,,81.70,25.96,2,-1,80.81,9.43,2.47,30.87,25.63
874.37,0,,81.30,25.75,2,-1,80.12,9.59,2.79,31.35,25.47
874.46,0,,80.75,25.64,4,-2,80.75,10.29,2.93,32.19,26.03
874.61,0,,80.65,25.82,4,-2,81.78,11.01,3.01,32.99,26.67
874.70,0,,81.15,26.27,4,-2,82.36,11.50,3.17,33.64,27.00
874.76,0,,81.94,26.78,4,-2,83.08,11.77,3.08,33.82,27.36
874.97,0,,82.54,27.13,0,1,82.18,10.88,2.47,32.32,27.08
874.97,0,,82.53,27.12,0,1,81.41,9.14,1.66,29.77,26.15
875.06,0,,82.05,26.69,0,2,81.46,8.75,1.54,29.26,25.88
875.24,0,,81.58,26.17,0,2,81.26,8.96,1.80,29.73,25.83
875.33,0,,81.29,25.80,0,2,81.11,8.44,1.69,29.10,25.42
875.45,0,,81.12,25.53,0,2,81.03,8.27,1.70,28.94,25.24
875.48,0,,81.03,25.28,2,-1,80.99,8.03,1.77,28.77,24.93
875.59,0,,80.86,25.05,4,-2,80.03,8.02,1.91,28.90,24.78
875.69,0,,80.66,24.95,4,-2,81.16,9.03,2.24,30.24,25.46
875.78,0,,80.78,25.19,4,-2,81.62,9.91,2.43,31.31,26.15
875.96,0,,81.33,25.71,4,-2,82.67,10.38,2.58,31.93,26.47
875.96,0,,82.00,26.23,4,-2,82.35,10.39,2.42,31.78,26.64
876.08,0,,82.38,26.51,2,-1,82.09,9.51,1.88,30.36,26.30
876.20,0,,82.34,26.46,0,2,81.89,8.48,1.31,28.76,25.84
876.26,0,,82.09,26.16,0,2,81.68,8.26,1.18,28.41,25.75
876.38,0,,81.78,25.85,0,2,81.27,8.39,1.48,28.84,25.58
876.62,0,,81.43,25.61,0,2,80.84,8.00,1.36,28.33,25.31
876.62,0,,80.99,25.36,0,2,80.16,7.39,1.23,27.59,24.83
876.68,0,,80.56,24.99,4,-2,80.43,7.01,1.53,27.51,24.15
876.77,0,,80.35,24.58,4,-2,80.51,7.55,1.73,28.25,24.49
876.95,0,,80.49,24.50,4,-2,81.44,8.70,1.93,29.60,25.44
876.97,0,,80.92,24.91,4,-2,81.62,9.52,2.25,30.74,25.94
877.07,0,,81.42,25.54,4,-2,81.91,10.07,2.40,31.44,26.34
877.19,0,,81.78,26.05,4,-2,81.92,9.32,1.89,30.18,26.10
877.31,0,,82.01,26.19,0,2,82.39,8.12,1.13,28.22,25.66
877.37,0,,82.08,26.02,0,2,81.42,8.04,0.95,27.96,25.76
877.49,0,,81.87,25.78,0,2,81.35,7.94,1.17,28.08,25.44
877.58,0,,81.58,25.55,0,2,81.61,7.93,1.31,28.21,25.29
877.76,0,,81.46,25.40,0,2,81.44,8.10,1.27,28.34,25.50
877.76,0,,81.24,25.29,0,2,79.96,7.54,1.40,27.91,24.81
877.88,0,,80.79,25.02,2,-1,80.63,7.25,1.66,27.88,24.26
877.97,0,,80.55,24.71,4,-2,81.07,8.05,1.82,28.84,24.90
942.56,0,,80.85,25.39,4,-2,82.21,17.49,5.53,41.99,30.63
942.71,0,,81.34,27.56,4,-2,81.02,17.44,5.54,41.95,30.57
942.77,0,,81.64,29.72,4,-2,82.39,17.39,5.61,41.97,30.45
942.86,0,,81.92,30.74,1,0,82.28,17.64,5.58,42.19,30.73
942.98,0,,82.30,30.98,0,2,83.02,17.67,5.58,42.22,30.76
943.07,0,,82.56,30.90,0,2,82.07,17.59,5.68,42.24,30.58
943.19,0,,82.60,30.74,0,2,82.84,17.70,5.71,42.38,30.66
943.28,0,,82.58,30.67,0,2,82.45,17.87,5.67,42.51,30.87
943.37,0,,82.52,30.73,0,2,82.14,17.95,5.68,42.60,30.94
943.46,0,,82.44,30.84,0,2,82.82,17.93,5.70,42.60,30.90
943.58,0,,82.39,30.91,0,2,81.79,17.92,5.66,42.55,30.93
943.70,0,,82.26,30.96,0,2,82.23,18.08,5.63,42.68,31.12
943.76,0,,82.12,31.06,1,0,81.99,18.31,5.61,42.89,31.37
943.88,0,,82.03,31.21,4,-2,81.89,18.32,5.67,42.96,31.32
943.97,0,,82.01,31.30,4,-2,82.35,18.30,5.71,42.98,31.26
944.06,0,,82.04,31.32,4,-2,81.77,18.38,5.72,43.07,31.33
944.21,0,,81.96,31.32,4,-2,81.58,18.46,5.82,43.25,31.31
944.27,0,,81.93,31.34,4,-2,82.85,18.63,5.81,43.41,31.49
944.36,0,,82.19,31.41,4,-2,82.49,18.69,5.79,43.45,31.57
944.48,0,,82.39,31.48,2,-1,81.89,18.62,5.88,43.47,31.41
944.57,0,,82.33,31.48,0,1,82.42,18.67,5.90,43.54,31.44
944.69,0,,82.33,31.47,1,0,82.70,18.81,5.89,43.67,31.59
944.78,0,,82.51,31.51,0,2,82.91,18.84,5.90,43.71,31.61
944.87,0,,82.57,31.55,0,2,81.57,18.78,5.93,43.68,31.52
944.96,0,,82.39,31.54,0,2,82.73,18.75,6.03,43.75,31.39
945.08,0,,82.35,31.45,0,2,82.59,18.68,6.15,43.80,31.20
945.20,0,,82.42,31.32,0,1,82.12,18.72,6.14,43.83,31.25
945.26,0,,82.37,31.25,0,1,82.34,18.79,6.12,43.88,31.34
945.38,0,,82.36,31.25,1,0,82.66,18.74,6.17,43.88,31.24
945.47,0,,82.45,31.26,0,1,82.51,18.82,6.20,43.99,31.29
945.56,0,,82.60,31.30,0,1,83.07,19.00,6.19,44.16,31.48
945.71,0,,82.74,31.39,0,1,82.48,19.03,6.11,44.11,31.59
945.77,0,,82.72,31.50,0,2,82.54,18.99,6.09,44.05,31.57
945.86,0,,82.62,31.55,0,2,82.59,18.97,6.22,44.16,31.42
946.01,0,,82.55,31.57,0,2,82.42,19.19,6.02,44.18,31.84
946.07,0,,82.50,31.75,0,1,82.54,19.48,5.64,44.09,32.51
946.22,0,,82.54,32.07,0,1,82.91,19.36,5.83,44.16,32.20
946.28,0,,82.62,32.23,0,1,82.31,19.28,5.97,44.22,31.98
946.37,0,,82.53,32.20,0,1,82.09,19.40,5.84,44.21,32.23
946.46,0,,82.37,32.17,0,1,82.64,19.43,5.94,44.34,32.16
946.58,0,,82.43,32.19,1,0,82.87,19.56,5.85,44.38,32.38
946.70,0,,82.65,32.28,2,-1,82.89,19.59,5.78,44.34,32.48
946.76,0,,82.75,32.35,0,1,82.26,19.45,5.97,44.39,32.15
946.88,0,,82.66,32.34,0,1,82.65,19.56,5.85,44.38,32.38
946.97,0,,82.50,32.35,0,1,82.04,19.63,5.77,44.37,32.53
947.06,0,,82.24,32.38,2,-1,81.64,19.49,6.01,44.47,32.15
947.21,0,,82.02,32.36,4,-2,82.50,19.64,5.84,44.45,32.47
947.27,0,,82.01,32.40,4,-2,81.78,19.75,5.68,44.40,32.74
947.36,0,,82.11,32.45,4,-2,82.79,19.49,6.19,44.65,31.97
947.48,0,,82.29,32.27,4,-2,82.27,19.39,6.42,44.78,31.64
947.57,0,,82.37,31.96,2,-1,82.05,19.43,6.24,44.64,31.86
947.69,0,,82.41,31.75,2,-1,83.28,19.33,6.43,44.73,31.57
947.78,0,,82.70,31.63,2,-1,83.18,19.38,6.52,44.87,31.53
947.87,0,,83.04,31.59,0,2,83.11,19.57,6.41,44.95,31.83
947.96,0,,83.18,31.66,0,2,83.15,19.57,6.46,45.00,31.78
948.08,0,,83.30,31.76,0,2,83.91,19.59,6.33,44.89,31.93
948.23,0,,83.42,31.88,0,2,82.85,19.68,6.24,44.89,32.11
948.26,0,,83.39,31.97,0,2,83.65,19.63,6.49,45.09,31.81
948.44,0,,83.27,31.95,0,2,82.54,19.65,6.43,45.05,31.89
948.47,0,,82.95,31.93,0,2,82.12,19.68,6.25,44.90,32.10
948.56,0,,82.52,31.93,0,1,82.39,19.54,6.47,44.98,31.74
948.71,0,,82.28,31.91,0,1,82.28,19.68,6.38,45.03,31.97
948.80,0,,82.29,31.95,4,-2,82.74,19.89,6.22,45.08,32.34
948.86,0,,82.43,32.05,4,-2,82.45,19.69,6.48,45.14,31.88
949.01,0,,82.58,32.04,4,-2,82.94,19.59,6.47,45.03,31.79
949.07,0,,82.72,31.93,4,-2,82.74,19.66,6.39,45.02,31.94
949.19,0,,82.79,31.88,4,-2,82.72,19.71,6.42,45.10,31.96
949.28,0,,82.81,31.91,2,-1,82.99,19.68,6.35,45.00,32.00
949.37,0,,82.84,31.94,0,1,82.72,19.54,6.31,44.82,31.90
949.46,0,,82.91,31.93,1,0,83.40,19.43,6.23,44.63,31.87
949.58,0,,83.07,31.90,0,2,83.21,19.48,6.25,44.70,31.90
949.70,0,,83.18,31.89,0,2,82.95,19.53,6.30,44.80,31.90
949.76,0,,83.20,31.89,0,2,83.57,19.45,6.21,44.63,31.91
949.88,0,,83.20,31.90,0,2,82.62,19.39,6.16,44.52,31.90
949.97,0,,83.12,31.90,0,2,83.39,19.39,6.12,44.48,31.94
950.06,0,,83.12,31.93,0,2,83.22,19.48,6.08,44.53,32.07
950.21,0,,83.15,31.99,0,2,82.92,19.48,6.11,44.56,32.04
950.27,0,,83.03,32.02,0,1,82.57,19.27,6.03,44.27,31.91
950.36,0,,82.80,31.98,2,-1,82.56,19.13,5.92,44.02,31.88
950.51,0,,82.72,31.91,4,-2,83.41,19.11,5.92,44.00,31.86
950.57,0,,82.90,31.87,4,-2,83.04,19.14,5.89,44.00,31.92
950.69,0,,83.00,31.87,4,-2,82.46,19.04,5.84,43.85,31.87
950.78,0,,82.86,31.86,2,-1,82.76,18.90,5.84,43.71,31.73
950.87,0,,82.86,31.81,2,-1,83.77,18.89,5.80,43.66,31.76
950.96,0,,83.05,31.77,2,-1,82.56,18.91,5.76,43.64,31.82
951.08,0,,83.06,31.78,1,0,83.02,18.94,5.75,43.66,31.86
951.20,0,,83.00,31.81,1,0,83.10,18.84,5.69,43.50,31.82
951.26,0,,82.97,31.82,1,0,82.74,18.71,5.62,43.30,31.76
951.38,0,,82.93,31.79,0,1,83.02,18.67,5.59,43.23,31.75
951.47,0,,82.87,31.77,1,0,82.60,18.71,5.54,43.22,31.84
951.56,0,,82.82,31.78,1,0,82.96,18.61,5.50,43.08,31.78
951.71,0,,82.69,31.76,2,-1,81.93,18.35,5.46,42.78,31.56
951.77,0,,82.54,31.68,2,-1,83.02,18.32,5.38,42.67,31.61
951.86,0,,82.56,31.62,2,-1,82.66,18.41,5.42,42.80,31.66
951.98,0,,82.79,31.62,2,-1,83.59,18.45,5.44,42.86,31.68
952.07,0,,83.12,31.64,2,-1,83.38,18.43,5.40,42.80,31.70
952.19,0,,83.34,31.68,2,-1,83.12,18.43,5.37,42.77,31.73
952.28,0,,83.31,31.72,2,-1,83.05,18.56,5.41,42.94,31.82
952.37,0,,83.23,31.78,0,2,83.51,18.69,5.47,43.13,31.89
952.46,0,,83.32,31.85,0,2,83.70,18.80,5.50,43.27,31.97
952.58,0,,83.41,31.93,0,2,82.85,18.84,5.52,43.33,31.99
952.70,0,,83.34,31.98,0,2,83.53,18.87,5.54,43.38,32.00
952.76,0,,83.43,32.01,0,2,84.30,18.99,5.56,43.52,32.10
952.88,0,,83.71,32.07,0,2,83.57,19.09,5.54,43.60,32.22
952.97,0,,83.75,32.14,0,2,83.08,19.10,5.57,43.64,32.20
953.06,0,,83.47,32.18,0,2,83.07,19.01,5.63,43.61,32.05
953.21,0,,83.22,32.13,0,1,83.32,18.92,5.62,43.51,31.97
953.27,0,,83.09,32.04,2,-1,82.74,18.93,5.60,43.50,32.00
953.36,0,,83.06,31.99,2,-1,83.58,18.97,5.63,43.57,32.01
953.48,0,,83.28,31.99,2,-1,84.07,18.99,5.60,43.56,32.06
953.57,0,,83.48,32.03,2,-1,82.51,19.01,5.51,43.49,32.17
953.69,0,,83.35,32.10,4,-2,83.37,19.10,5.60,43.67,32.17
953.78,0,,83.13,32.15,4,-2,82.79,19.21,5.73,43.91,32.15
953.87,0,,82.86,32.16,4,-2,81.93,19.19,5.75,43.91,32.11
953.96,0,,82.48,32.12,4,-2,82.47,19.07,5.79,43.83,31.95
954.08,0,,82.43,32.03,4,-2,83.45,19.02,5.79,43.78,31.90
954.20,0,,82.83,31.96,4,-2,83.49,19.07,5.74,43.78,32.00
954.26,0,,83.17,31.96,4,-2,82.66,19.20,5.80,43.97,32.07
954.38,0,,83.09,32.01,4,-2,82.52,19.25,5.80,44.02,32.12
954.47,0,,82.92,32.07,4,-2,83.56,19.17,5.76,43.90,32.08
954.56,0,,83.04,32.08,4,-2,83.28,19.14,5.79,43.90,32.02
954.71,0,,83.15,32.07,0,1,82.68,19.19,5.78,43.94,32.08
954.77,0,,83.09,32.06,0,2,83.29,19.23,5.82,44.02,32.08
954.86,0,,83.00,32.06,0,2,82.53,19.23,5.83,44.03,32.07
954.98,0,,82.94,32.07,0,1,83.35,19.24,5.81,44.02,32.10
955.07,0,,82.98,32.08,2,-1,83.00,19.30,5.84,44.11,32.13
955.19,0,,83.01,32.11,2,-1,82.72,19.31,5.82,44.10,32.16
955.28,0,,82.93,32.13,1,0,82.89,19.25,5.81,44.03,32.11
955.37,0,,82.81,32.13,2,-1,82.47,19.22,5.81,44.00,32.08
955.46,0,,82.68,32.10,2,-1,82.71,19.20,5.83,44.00,32.04
955.61,0,,82.61,32.07,4,-2,82.55,19.25,5.82,44.04,32.10
955.70,0,,82.70,32.10,4,-2,83.45,19.49,5.80,44.26,32.36
955.76,0,,83.06,32.22,2,-1,83.89,19.62,5.83,44.42,32.46
955.88,0,,83.44,32.35,0,1,83.16,19.53,5.85,44.35,32.35
955.97,0,,83.45,32.39,0,1,82.85,19.45,5.82,44.24,32.30
956.06,0,,83.23,32.36,0,2,83.20,19.43,5.81,44.21,32.29
956.21,0,,83.04,32.30,0,2,82.70,19.45,5.90,44.32,32.22
956.27,0,,82.80,32.21,0,2,82.08,19.36,6.09,44.42,31.94
956.36,0,,82.44,32.05,1,0,82.08,19.21,6.18,44.36,31.70
956.51,0,,82.09,31.84,1,0,81.57,19.06,6.11,44.14,31.62
956.57,0,,81.83,31.64,4,-2,81.91,18.75,6.09,43.81,31.33
956.69,0,,81.80,31.42,4,-2,82.21,18.42,6.00,43.39,31.09
956.78,0,,81.89,31.24,4,-2,81.67,18.42,5.81,43.20,31.28
956.87,0,,82.01,31.23,4,-2,82.70,18.76,5.81,43.54,31.62
956.96,0,,82.13,31.40,4,-2,81.65,18.92,5.85,43.74,31.74
957.08,0,,82.23,31.61,4,-2,83.05,18.83,5.71,43.51,31.79
957.20,0,,82.49,31.75,2,-1,82.94,18.73,5.62,43.32,31.78
957.26,0,,82.72,31.76,2,-1,82.24,18.16,5.43,42.56,31.40
957.38,0,,82.71,31.56,0,2,82.88,17.18,4.91,41.06,30.94
957.47,0,,82.78,31.20,0,2,83.42,16.37,4.42,39.76,30.62
957.56,0,,82.96,30.78,0,2,82.62,15.60,4.08,38.65,30.19
957.74,0,,82.83,30.37,0,2,81.78,15.01,3.80,37.78,29.88
957.77,0,,82.41,30.03,0,2,82.21,14.81,3.66,37.44,29.82
957.86,0,,82.09,29.83,0,1,81.92,14.69,3.58,37.24,29.78
957.98,0,,82.13,29.77,4,-2,83.27,14.75,3.55,37.27,29.87
958.07,0,,82.57,29.80,4,-2,83.34,14.92,3.61,37.50,29.98
958.19,0,,83.05,29.90,0,1,83.09,15.18,3.78,37.93,30.07
958.28,0,,83.20,30.03,2,-1,82.81,15.52,3.94,38.43,30.25
958.37,0,,83.10,30.17,0,2,83.03,15.79,4.08,38.84,30.38
958.49,0,,82.91,30.32,0,2,82.31,16.21,4.32,39.50,30.56
958.64,0,,82.69,30.48,0,2,82.66,16.62,4.56,40.15,30.73
958.70,0,,82.75,30.64,0,2,84.09,16.83,4.71,40.51,30.79
958.85,0,,83.15,30.76,0,2,83.07,16.90,4.74,40.61,30.83
958.88,0,,83.39,30.83,0,2,83.33,16.99,4.77,40.73,30.89
959.00,0,,83.33,30.87,0,2,82.86,17.12,4.88,40.97,30.91
959.09,0,,83.21,30.89,0,1,83.51,17.16,4.98,41.11,30.85
959.21,0,,83.23,30.89,0,1,83.35,17.26,5.00,41.23,30.93
959.27,0,,83.15,30.89,0,2,82.09,17.21,4.99,41.17,30.89
959.39,0,,82.78,30.88,0,2,82.37,17.17,5.11,41.25,30.73
959.48,0,,82.41,30.81,2,-1,82.25,17.34,5.28,41.59,30.73
959.57,0,,82.29,30.75,4,-2,82.62,17.38,5.30,41.65,30.75
959.69,0,,82.59,30.76,4,-2,84.21,17.32,5.00,41.29,30.99
959.78,0,,83.23,30.88,4,-2,83.56,17.10,4.56,40.63,31.21
959.87,0,,83.65,31.01,2,-1,83.45,16.55,4.33,39.85,30.89
959.99,0,,83.58,30.96,0,1,82.74,15.73,3.95,38.65,30.45
960.08,0,,83.26,30.71,0,1,83.11,15.13,3.55,37.65,30.25
960.20,0,,83.04,30.41,0,2,83.07,14.99,3.53,37.49,30.13
960.32,0,,82.96,30.17,0,2,82.73,14.77,3.49,37.23,29.95
960.38,0,,82.93,30.00,0,2,83.27,14.78,3.52,37.27,29.93
960.47,0,,82.88,29.94,0,1,82.11,15.17,3.74,37.88,30.10
960.59,0,,82.76,29.99,4,-2,83.20,15.29,3.79,38.05,30.17
960.71,0,,82.75,30.09,2,-1,82.69,15.41,3.91,38.29,30.17
960.77,0,,82.78,30.17,2,-1,82.68,15.82,4.17,38.96,30.32
960.89,0,,82.64,30.27,4,-2,81.93,16.17,4.39,39.53,30.45
960.98,0,,82.38,30.38,4,-2,82.35,16.50,4.62,40.09,30.55
961.07,0,,82.21,30.52,4,-2,82.15,17.07,4.93,40.97,30.81
961.22,0,,82.14,30.71,4,-2,81.98,17.73,5.30,42.00,31.10
961.28,0,,82.27,30.96,4,-2,83.61,18.28,5.55,42.80,31.40
961.37,0,,82.69,31.22,4,-2,82.79,18.49,5.76,43.22,31.40
961.46,0,,82.97,30.37,2,-1,82.79,-1.60,-6.57,10.80,23.64
961.58,0,,83.14,27.26,0,1,84.25,-9.10,-11.27,-1.40,20.84
961.70,0,,84.20,25.01,0,2,89.00,23.62,9.30,51.89,32.99
961.76,0,,86.02,29.42,0,2,86.19,63.38,30.51,112.86,51.54
961.94,0,,86.72,36.75,0,2,84.32,9.60,-0.13,28.44,28.40
962.00,0,,85.89,38.30,0,2,84.21,29.61,12.98,61.56,35.30
962.06,0,,84.81,35.96,0,2,84.29,23.18,8.72,50.87,33.13
962.18,0,,83.98,34.09,0,2,82.42,19.67,5.39,44.03,32.95
962.27,0,,83.32,33.63,0,2,83.44,30.66,11.64,61.27,37.69
962.36,0,,82.99,34.43,1,0,82.86,20.69,6.06,45.72,33.30
962.48,0,,82.90,35.08,4,-2,82.75,27.04,9.02,55.03,36.69
962.57,0,,82.61,35.47,4,-2,81.21,25.16,8.55,52.68,35.28
962.69,0,,82.20,35.61,4,-2,82.74,24.40,8.10,51.47,34.97
962.78,0,,82.24,35.49,4,-2,83.32,26.29,8.98,54.24,35.98
962.96,0,,82.75,35.42,4,-2,83.36,24.09,7.97,51.03,34.79
962.96,0,,83.03,35.33,4,-2,82.02,25.44,8.49,52.90,35.62
963.11,0,,82.91,35.25,4,-2,83.24,24.50,8.29,51.76,34.88
963.20,0,,82.86,35.13,2,-1,83.00,24.84,8.63,52.44,34.88
963.26,0,,81.32,34.18,4,-2,70.54,19.14,8.91,47.02,28.90
963.44,0,,78.36,31.27,4,-2,81.81,13.89,8.69,41.55,23.87
963.47,0,,78.14,28.03,4,-2,83.77,17.72,6.63,43.32,29.76
963.56,0,,80.70,27.27,4,-2,83.18,16.29,5.26,40.52,29.70
963.71,0,,82.77,27.03,4,-2,83.18,-4.48,-5.44,9.05,19.63
963.77,0,,83.55,26.47,4,-2,83.18,-21.41,-38.12,-40.56,35.38
963.86,0,,83.56,26.53,0,2,83.18,-47.24,-45.72,-73.99,17.15
963.98,0,,83.36,20.70,0,2,83.18,-67.44,-40.60,-89.07,-8.17
964.07,0,,83.21,6.67,0,2,83.18,-72.26,-40.74,-94.03,-12.85
964.19,0,,83.15,-6.35,0,2,83.18,-71.91,-43.59,-96.53,-9.65
964.28,0,,83.15,-13.44,0,2,83.18,-79.16,-40.13,-100.32,-20.36
964.37,0,,83.16,-18.11,0,2,83.18,-83.12,-40.16,-104.31,-24.29
964.46,0,,83.17,-21.92,0,2,83.18,-81.89,-40.32,-103.24,-22.90
964.58,0,,85.38,-22.96,0,2,100.00,-76.42,-40.13,-97.58,-17.62
964.70,0,,86.57,-19.33,0,2,62.84,-63.92,-41.38,-86.33,-3.87
964.76,0,,83.55,-11.07,0,2,95.11,-55.68,-40.49,-77.20,3.48
964.88,0,,81.94,-2.95,0,2,75.11,-62.13,-40.88,-84.04,-2.58
964.97,0,,82.38,0.31,4,-2,89.11,-62.10,-41.32,-84.45,-2.11
965.06,0,,81.28,0.11,4,-2,66.92,-59.92,-41.05,-82.00,-0.20
965.21,0,,75.36,-0.30,4,-2,59.27,-59.84,-41.36,-82.23,0.19
965.27,0,,69.38,0.36,4,-2,82.64,-52.60,-38.50,-72.13,4.57
965.36,0,,69.57,1.71,4,-2,66.87,-52.79,-35.13,-68.95,1.01
965.48,0,,74.62,1.46,4,-2,100.00,-62.72,-39.64,-83.39,-4.41
965.57,0,,84.96,-1.87,4,-2,100.00,-71.85,-41.84,-94.72,-11.34
965.69,0,,95.66,-8.09,0,2,100.00,-79.80,-40.22,-101.05,-20.91
965.78,0,,100.85,-15.73,0,2,100.00,-83.48,-40.22,-104.73,-24.59
965.87,0,,101.81,-21.86,0,2,100.00,-82.92,-40.48,-104.43,-23.77
965.96,0,,101.12,-24.60,0,2,100.00,-82.37,-40.20,-103.60,-23.50
966.08,0,,100.34,-24.86,0,2,100.00,-83.03,-40.40,-104.46,-23.96
966.20,0,,99.95,-24.20,0,2,100.00,-81.75,-40.60,-103.38,-22.48
966.26,0,,99.87,-22.37,0,2,100.00,-71.89,-37.91,-90.83,-15.31
966.38,0,,99.91,-14.94,0,2,100.00,-26.00,-23.80,-30.83,16.47
966.50,0,,96.89,9.13,0,2,76.50,225.51,153.39,397.87,90.79
966.77,0,,88.96,36.04,4,-2,80.38,-21.82,3.10,0.25,-6.25
966.77,0,,88.96,36.04,4,-2,80.38,-21.82,3.10,0.25,-6.25
966.77,0,,78.19,212.44,4,-2,79.58,15.28,53.78,88.03,-19.83
967.07,0,,77.05,198.57,4,-2,73.68,-4.02,3.43,18.38,11.22
967.07,0,,77.54,102.47,4,-2,87.35,79.51,10.68,109.16,87.50
967.22,0,,80.80,48.47,4,-2,85.62,11.47,18.85,49.29,11.29
967.25,0,,83.44,30.65,4,-2,77.98,51.40,10.04,80.41,60.03
967.49,0,,83.22,29.93,4,-2,85.01,23.41,19.36,61.74,22.72
967.49,0,,82.96,32.03,4,-2,83.39,28.58,15.50,63.05,31.75
967.58,0,,83.39,33.42,0,2,83.89,48.80,19.30,87.07,48.17
967.58,0,,83.71,34.50,0,2,83.89,-6.24,1.48,14.21,10.95
967.73,0,,85.28,27.08,0,2,94.51,-14.04,-4.48,0.45,9.11
967.76,0,,88.73,18.79,0,2,91.21,26.52,13.94,59.43,31.25
967.88,0,,91.20,64.63,0,2,89.72,308.85,-12.77,315.05,340.29
968.00,0,,90.92,146.74,0,2,86.85,6.38,7.61,32.96,17.44
968.06,0,,89.18,150.48,0,2,87.62,39.52,18.52,77.01,39.67
968.21,0,,87.67,89.16,0,2,86.67,26.61,15.61,61.19,29.67
968.27,0,,86.59,41.96,0,2,84.65,18.03,11.76,48.76,24.94
968.36,0,,85.46,22.58,0,2,83.97,35.14,15.32,69.43,38.49
968.48,0,,84.47,22.15,4,-2,84.11,17.83,11.07,47.87,25.43
968.57,0,,83.13,25.38,4,-2,77.51,18.32,12.23,49.52,24.76
968.69,0,,81.44,25.65,4,-2,83.30,14.27,10.96,44.20,21.98
968.78,0,,80.86,25.18,4,-2,80.74,25.43,14.34,58.74,29.76
968.87,0,,81.34,26.81,4,-2,83.49,30.29,16.30,65.56,32.66
968.96,0,,82.25,29.17,4,-2,83.63,20.88,12.79,52.64,26.76
969.08,0,,83.10,30.25,4,-2,82.83,29.60,14.40,62.97,33.87
969.20,0,,83.49,31.19,4,-2,84.34,26.80,14.03,59.80,31.44
969.26,0,,83.85,32.13,4,-2,84.37,28.40,13.85,61.22,33.22
969.38,0,,84.09,32.85,0,2,83.40,29.94,14.35,63.26,34.26
969.47,0,,83.73,33.05,0,2,81.99,25.00,13.95,57.92,29.72
969.56,0,,83.23,31.97,0,2,84.49,24.97,13.82,57.76,29.82
969.74,0,,83.37,30.61,0,2,84.06,25.62,13.81,58.40,30.48
969.77,0,,83.82,30.33,0,2,84.04,27.81,14.15,60.93,32.33
969.86,0,,83.62,30.40,0,2,80.69,21.95,13.32,54.24,27.30
969.98,0,,82.86,28.83,1,0,83.69,15.27,11.38,45.62,22.56
970.07,0,,82.39,26.19,4,-2,81.31,17.68,10.34,46.99,26.01
970.19,0,,82.35,25.17,4,-2,83.93,20.71,11.45,51.13,27.93
970.28,0,,82.59,25.74,4,-2,82.14,19.18,12.55,50.70,25.30
970.37,0,,82.73,26.29,4,-2,82.76,21.15,12.35,52.47,27.47
970.46,0,,82.70,26.88,4,-2,82.74,22.55,12.94,54.46,28.28
970.58,0,,82.55,27.49,4,-2,81.46,21.62,13.28,53.87,27.01
970.70,0,,82.10,26.36,4,-2,81.46,-0.63,0.25,18.59,17.79
970.76,0,,81.65,23.53,4,-2,81.46,-19.29,-24.21,-24.53,23.59
970.88,0,,81.42,17.97,4,-2,81.46,-62.48,-36.46,-79.97,-7.35
970.97,0,,81.38,5.73,4,-2,81.46,-78.01,-40.57,-99.61,-18.77
971.06,0,,81.41,-7.41,4,-2,81.46,-60.53,-34.79,-76.35,-7.07
971.21,0,,81.45,-10.54,4,-2,81.46,-48.78,-36.73,-66.54,6.62
971.27,0,,81.46,-7.20,4,-2,81.46,-78.61,-43.59,-103.23,-16.35
971.36,0,,81.47,-8.71,4,-2,81.46,-80.87,-40.96,-102.86,-21.24
971.48,0,,81.46,-14.97,4,-2,81.46,-77.62,-38.34,-96.99,-20.61
971.57,0,,81.46,-19.75,4,-2,81.46,-81.49,-41.93,-104.45,-20.89
971.72,0,,81.46,-21.63,1,0,81.46,-80.47,-40.75,-102.25,-21.05
971.81,0,,81.46,-21.78,0,1,81.46,-79.94,-40.51,-101.48,-20.76
971.87,0,,81.46,-20.88,1,0,81.46,-78.01,-41.90,-100.94,-17.44
971.96,0,,81.46,-17.45,1,0,81.46,-66.99,-44.69,-92.71,-3.63
972.08,0,,81.46,-12.17,1,0,81.46,-73.77,-43.17,-97.97,-11.93
972.20,0,,79.21,-11.32,4,-2,64.32,-78.13,-33.76,-92.92,-25.70
972.26,0,,72.94,-14.97,4,-2,63.54,-49.75,-19.50,-50.28,-11.58
972.44,0,,66.40,-16.68,4,-2,63.54,-69.21,-34.06,-84.30,-16.48
972.47,0,,63.12,-17.36,4,-2,63.54,-84.42,-41.91,-107.36,-23.84
972.56,0,,62.44,-19.26,4,-2,63.54,-77.49,-40.43,-98.95,-18.39
972.71,0,,62.83,-20.31,4,-2,63.54,-79.41,-40.25,-100.69,-20.49
972.77,0,,63.31,-20.03,4,-2,63.54,-78.73,-42.47,-102.23,-17.59
972.86,0,,63.56,-17.93,4,-2,63.54,-70.79,-43.08,-94.90,-9.04
972.98,0,,63.61,-14.55,4,-2,63.54,-75.07,-41.74,-97.84,-14.66
973.07,0,,63.59,-12.00,4,-2,63.54,-64.56,-38.44,-84.03,-7.45
973.19,0,,63.55,-8.34,4,-2,63.54,-46.30,-31.80,-59.13,4.17
973.28,0,,63.54,-4.14,4,-2,63.54,-63.62,-35.13,-79.78,-9.82
973.37,0,,63.53,-3.08,0,2,63.54,-60.17,-39.72,-80.92,-1.78
973.46,0,,63.53,-1.22,0,2,63.54,-17.60,-12.00,-10.63,13.07
973.58,0,,63.53,15.02,0,2,63.54,225.51,153.39,397.87,90.79
973.70,0,,63.54,39.48,2,0,63.54,-20.08,-19.67,-20.78,18.26
973.76,0,,63.54,37.87,2,-1,63.54,-7.73,43.37,54.61,-32.43
973.88,0,,63.54,15.89,2,0,63.54,13.05,-2.04,29.98,33.76
973.97,0,,63.54,8.29,2,0,63.54,-10.66,-8.18,0.13,16.19
974.06,0,,63.54,13.26,2,0,63.54,25.25,23.28,67.50,20.64
974.21,0,,63.54,18.85,2,0,63.54,2.20,-7.09,14.08,27.96
974.30,0,,63.54,23.21,2,0,63.54,-10.39,-12.19,-3.61,20.47
974.36,0,,63.54,23.35,2,0,63.54,-22.99,-20.29,-24.31,15.97
974.48,0,,63.54,20.35,2,0,63.54,-15.80,-14.92,-11.75,17.79
974.57,0,,63.54,18.92,2,0,63.54,-4.19,-10.70,4.08,25.18
974.69,0,,63.54,19.66,2,0,63.54,-19.02,-16.46,-16.51,16.11
974.78,0,,63.54,19.39,2,0,63.54,-13.77,-12.77,-7.57,17.67
974.87,0,,63.54,19.41,2,0,63.54,-1.66,-9.75,7.56,26.76
974.96,0,,63.54,22.36,2,0,63.54,3.74,-6.54,16.17,28.95
975.08,0,,63.54,26.15,2,0,63.54,4.77,-4.04,19.70,27.48
975.20,0,,63.54,27.51,2,0,63.54,-2.32,-6.82,9.83,23.17
975.26,0,,63.54,26.23,2,0,63.54,-4.31,-9.22,5.44,23.58
975.38,0,,63.54,24.67,2,0,63.54,-5.51,-12.17,1.29,25.33
975.47,0,,63.54,24.12,2,0,63.54,-8.45,-13.27,-2.75,23.49
975.56,0,,63.54,23.52,2,0,63.54,-12.49,-14.49,-8.01,20.67
975.71,0,,63.54,20.87,2,0,63.54,-23.05,-14.65,-18.73,10.27
975.77,0,,63.54,13.82,2,0,63.54,-33.96,-9.31,-24.30,-5.98
975.86,0,,63.54,1.55,2,0,63.54,-48.12,-7.46,-36.61,-21.99
975.98,0,,63.54,-13.24,2,0,63.54,-62.77,-12.87,-56.67,-31.23
976.07,0,,63.19,-26.17,2,0,60.91,-66.94,-11.88,-59.85,-36.39
976.19,0,,60.03,-34.16,4,-2,44.02,-51.97,1.53,-31.47,-34.83
976.31,0,,53.34,-47.17,4,-2,46.72,-24.18,107.72,102.51,-113.23
976.37,0,,46.65,-63.85,4,-2,38.76,-25.30,20.94,14.61,-27.57
976.46,0,,43.70,-61.11,4,-2,53.74,-32.80,17.35,3.52,-31.48
976.58,0,,46.20,-44.22,4,-2,53.74,-46.94,2.49,-25.48,-30.76
976.70,0,,50.83,-33.17,4,-2,53.74,-68.70,-15.35,-65.08,-34.68
976.76,0,,53.62,-29.86,4,-2,53.74,-67.48,-18.53,-67.04,-30.28
976.88,0,,54.44,-28.04,4,-2,53.74,-49.11,-13.27,-43.41,-17.17
976.97,0,,54.29,-24.09,4,-2,53.74,-51.87,-11.97,-44.87,-21.23
977.06,0,,53.96,-21.28,0,2,53.74,-55.90,-13.76,-50.69,-23.47
977.21,0,,53.75,-20.78,0,2,53.74,-50.99,-13.27,-45.29,-19.05
977.27,0,,53.69,-20.18,0,2,53.74,-51.44,-14.80,-47.27,-17.97
977.36,0,,53.70,-18.65,0,2,53.74,-48.24,-14.22,-43.49,-15.35
977.48,0,,53.72,-16.53,0,2,53.74,-43.78,-12.15,-36.96,-12.96
977.57,0,,53.74,-14.29,0,2,53.74,-42.22,-11.34,-34.59,-12.21
977.69,0,,53.74,-12.61,4,-2,53.74,-39.16,-8.87,-29.06,-11.62
977.78,0,,53.74,-11.53,4,-2,53.74,-35.57,-6.61,-23.21,-10.29
977.87,0,,53.74,-10.63,4,-2,53.74,-33.64,-5.63,-20.30,-9.34
977.96,0,,53.74,-9.49,3,-1,53.74,-31.21,-5.84,-18.08,-6.70
978.08,0,,53.74,-7.44,3,0,53.74,-26.69,-6.07,-13.79,-1.95
978.20,0,,53.74,-4.88,3,0,53.74,-28.00,-5.40,-14.43,-3.93
978.26,0,,53.74,-3.21,3,0,53.74,-27.01,-6.06,-14.10,-2.28
978.38,0,,53.74,-2.36,3,0,53.74,-25.95,-5.88,-12.86,-1.40
978.47,0,,53.74,-2.00,3,0,53.74,-28.04,-5.99,-15.06,-3.38
978.56,0,,53.74,-1.91,3,0,53.74,-24.55,-5.92,-11.50,0.04
978.71,0,,53.74,-0.76,3,0,53.74,-18.57,-4.15,-3.75,4.25
978.77,0,,53.74,2.07,3,0,53.74,-15.54,-4.47,-1.04,7.60
978.86,0,,53.74,5.25,3,0,53.74,-16.05,-4.59,-1.67,7.21
978.98,0,,53.74,6.94,3,0,53.74,-17.26,-3.81,-2.10,5.22
979.07,0,,53.74,6.63,3,0,53.74,-18.23,-3.81,-3.07,4.25
979.19,0,,53.74,5.47,3,0,53.74,-16.53,-2.38,0.06,4.52
979.28,0,,53.74,4.77,3,0,53.74,-14.83,-1.79,2.35,5.63
979.37,0,,53.74,5.02,3,0,53.74,-14.63,-2.61,1.73,6.65
979.46,0,,53.74,5.58,3,0,53.74,-17.58,-3.79,-2.40,4.88
979.58,0,,53.74,5.12,3,0,53.74,-23.35,-5.88,-10.26,1.20
979.70,0,,53.74,3.67,3,0,53.74,-21.64,-6.05,-8.72,3.08
979.76,0,,53.74,2.93,3,0,53.74,-19.39,-5.48,-5.90,4.76
979.88,0,,53.74,3.35,3,0,53.74,-20.21,-5.43,-6.67,3.89
979.97,0,,53.74,4.32,3,0,53.74,-15.73,-4.40,-1.16,7.34
980.06,0,,53.74,5.62,3,0,53.74,-17.08,-5.05,-3.16,6.64
980.21,0,,53.74,6.27,3,0,53.74,-20.88,-6.28,-8.19,4.07
980.27,0,,53.74,5.58,3,0,53.74,-20.92,-5.96,-7.91,3.71
980.36,0,,53.74,4.27,3,0,53.74,-22.33,-5.92,-9.28,2.26
980.51,0,,53.74,2.97,3,0,53.74,-22.77,-5.80,-9.60,1.70
980.57,0,,53.74,2.50,3,0,53.74,-18.21,-4.89,-4.13,5.35
980.69,0,,53.74,4.05,3,0,53.74,-11.49,-3.19,4.29,10.37
980.78,0,,53.74,6.60,3,0,53.74,-16.24,-3.86,-1.13,6.29
980.87,0,,53.74,6.91,3,0,53.74,-24.56,-6.44,-12.03,0.55
980.96,0,,53.74,3.99,3,0,53.74,-27.80,-6.46,-15.29,-2.67
981.08,0,,53.74,-0.05,3,0,53.74,-29.72,-6.98,-17.73,-4.07
981.20,0,,53.74,-3.26,3,0,53.74,-32.27,-8.15,-21.45,-5.45
981.26,0,,53.74,-5.47,3,0,53.74,-34.83,-7.86,-23.72,-8.30
981.38,0,,53.74,-7.20,3,0,53.74,-34.60,-7.46,-23.09,-8.47
981.47,0,,53.74,-7.97,3,0,53.74,-30.89,-6.37,-18.29,-5.85
981.56,0,,53.74,-7.34,3,0,53.74,-29.46,-5.45,-15.94,-5.34
981.71,0,,53.74,-6.28,3,0,53.74,-30.69,-5.94,-17.66,-6.08
981.77,0,,53.74,-5.76,3,0,53.74,-31.05,-6.50,-18.58,-5.88
981.86,0,,53.74,-5.74,3,0,53.74,-31.50,-6.70,-19.23,-6.13
981.98,0,,53.74,-5.86,3,0,53.74,-30.77,-6.28,-18.08,-5.82
982.07,0,,53.74,-5.90,3,0,53.74,-30.65,-6.22,-17.90,-5.76
982.19,0,,53.74,-5.88,3,0,53.74,-31.29,-6.63,-18.95,-5.99
982.28,0,,53.74,-5.81,3,0,53.74,-29.88,-5.94,-16.85,-5.27
982.37,0,,53.74,-5.66,3,0,53.74,-30.16,-5.78,-16.97,-5.71
982.46,0,,53.74,-5.59,3,0,53.74,-30.60,-6.16,-17.79,-5.77
982.58,0,,53.74,-5.57,3,0,53.74,-29.05,-5.30,-15.38,-5.08
982.70,0,,53.74,-5.45,3,0,53.74,-29.28,-5.13,-15.44,-5.48
982.76,0,,53.74,-5.35,3,0,53.74,-29.35,-5.38,-15.76,-5.30
982.88,0,,53.74,-5.28,3,0,53.74,-28.86,-5.18,-15.07,-5.01
982.97,0,,53.74,-5.24,3,0,53.74,-30.09,-5.74,-16.86,-5.68
983.06,0,,53.74,-5.16,3,0,53.74,-28.61,-5.86,-15.50,-4.08
983.21,0,,53.74,-4.07,3,0,53.74,-21.96,-4.62,-7.61,1.33
983.27,0,,53.74,-1.45,3,0,53.74,-19.01,-3.23,-3.27,2.89
983.36,0,,53.74,-0.43,3,0,53.74,-31.99,-2.70,-15.72,-10.62
983.48,0,,53.74,-5.04,3,0,53.74,-42.69,-3.40,-27.12,-20.62
983.57,0,,53.74,-13.42,3,0,53.74,-46.76,-5.39,-33.18,-22.70
983.69,0,,53.74,-20.79,3,0,53.74,-52.07,-6.93,-40.03,-26.47
983.78,0,,53.74,-25.56,3,0,53.74,-52.83,-5.55,-39.41,-28.61
983.87,0,,53.74,-27.96,3,0,53.74,-51.88,-6.21,-39.12,-27.00
983.96,0,,53.74,-28.48,3,0,53.74,-56.10,-9.23,-46.36,-28.20
984.71,0,,46.85,-29.07,4,-2,1.19,-52.81,-0.13,-33.97,-34.01
984.77,0,,27.92,-30.97,4,-2,1.19,-48.57,3.40,-26.20,-33.30
984.86,0,,8.75,-32.13,4,-2,1.19,-43.76,3.09,-21.70,-28.18
984.98,0,,-0.42,-31.40,4,-2,1.19,-45.56,3.94,-22.65,-30.83
985.07,0,,-2.07,-30.78,4,-2,1.19,-54.83,-3.65,-39.51,-32.51
985.19,0,,-0.80,-31.53,4,-2,1.19,-64.84,-11.86,-57.73,-34.31
985.28,0,,0.58,-32.91,4,-2,1.19,-67.09,-14.45,-62.57,-33.97
985.37,0,,1.28,-33.69,4,-2,1.19,-65.23,-14.08,-60.34,-32.48
985.46,0,,1.43,-33.54,4,-2,1.19,-65.72,-13.97,-60.72,-33.08
985.58,0,,1.34,-33.18,4,-2,1.19,-65.95,-14.18,-61.16,-33.10
985.70,0,,1.24,-33.00,4,-2,1.19,-65.44,-13.97,-60.44,-32.80
985.76,0,,1.19,-32.91,4,-2,1.19,-65.77,-14.09,-60.89,-33.01
985.88,0,,1.18,-32.85,0,2,1.19,-65.23,-13.96,-60.22,-32.60
985.97,0,,1.18,-32.74,0,2,1.19,-64.34,-13.17,-58.54,-32.50
986.06,0,,1.19,-32.54,0,2,1.19,-64.08,-13.34,-58.45,-32.07
986.21,0,,1.19,-32.20,3,1,1.19,-63.85,-13.81,-58.69,-31.37
986.27,0,,1.19,-31.78,3,-1,1.19,-63.52,-13.40,-57.95,-31.45
986.36,0,,1.19,-31.57,3,-1,1.19,-64.47,-13.68,-59.18,-32.12
986.48,0,,1.19,-31.95,3,-1,1.19,-67.95,-15.33,-64.31,-33.95
986.57,0,,1.19,-33.02,3,-1,1.19,-70.61,-16.77,-68.41,-35.17
986.69,0,,1.19,-34.36,3,0,1.19,-70.83,-16.34,-68.20,-35.82
986.78,0,,1.19,-35.65,3,0,1.19,-70.99,-14.60,-66.62,-37.72
986.87,0,,1.19,-36.79,3,0,1.19,-70.33,-14.34,-65.70,-37.32
986.96,0,,1.19,-37.37,3,0,1.19,-70.34,-14.80,-66.17,-36.87
987.08,0,,1.19,-37.68,3,0,1.19,-73.43,-15.13,-69.59,-39.63
987.20,0,,1.19,-38.54,3,0,1.19,-74.31,-15.10,-70.44,-40.54
987.26,0,,1.19,-39.80,3,-1,1.19,-72.22,-12.27,-65.52,-41.28
987.38,0,,1.19,-41.01,3,-1,1.19,-68.64,-7.25,-56.92,-42.72
987.47,0,,1.19,-41.62,3,-1,1.19,-63.72,-5.54,-50.29,-39.51
987.56,0,,1.19,-40.71,3,0,1.19,-63.45,-8.24,-52.72,-36.54
987.71,0,,1.19,-38.04,3,0,1.19,-54.93,-4.45,-40.41,-31.81
987.77,0,,1.19,-30.36,3,0,1.19,-6.33,11.30,23.94,1.04
987.86,0,,1.19,-20.25,3,0,1.19,-37.90,11.34,-7.59,-30.57
987.98,0,,14.15,-20.86,0,2,100.00,-66.49,-1.30,-48.82,-46.52
988.07,0,,45.79,-33.20,0,2,69.87,-73.40,-2.05,-56.48,-52.68
988.19,0,,70.20,-46.39,0,2,63.86,-73.95,0.62,-54.36,-55.90
988.31,0,,74.78,-54.20,0,2,67.53,-72.76,-0.80,-54.59,-53.29
988.37,0,,70.96,-56.10,0,2,61.49,-72.69,-1.41,-55.13,-52.61
988.46,0,,64.88,-54.91,0,2,54.89,-72.11,-0.53,-53.67,-52.91
988.58,0,,59.13,-53.16,0,2,57.02,-69.68,-0.61,-51.32,-50.40
988.70,0,,57.14,-51.34,0,2,64.38,-68.10,-0.74,-49.87,-48.69
988.76,0,,58.74,-49.21,0,2,59.12,-67.64,-3.83,-52.50,-45.14
988.88,0,,59.09,-46.67,0,2,51.66,-68.05,-6.44,-55.52,-42.94
988.97,0,,55.73,-44.37,4,-2,47.60,-67.65,-5.52,-54.20,-43.46
989.06,0,,51.65,-43.22,4,-2,51.88,-65.08,-2.82,-48.93,-43.59
989.21,0,,50.53,-43.02,4,-2,55.20,-63.90,-2.06,-46.99,-43.17
989.27,0,,52.85,-43.03,4,-2,59.85,-63.76,-2.43,-47.22,-42.66
989.36,0,,57.04,-42.88,4,-2,63.65,-63.06,-1.86,-45.95,-42.53
989.48,0,,60.72,-42.68,4,-2,60.40,-63.19,-1.92,-46.14,-42.60
989.57,0,,62.08,-42.60,0,2,61.13,-62.57,-1.09,-44.69,-42.81
989.69,0,,57.66,-42.98,0,2,29.14,-66.36,-2.45,-49.84,-45.24
989.78,0,,48.10,-44.21,0,2,47.44,-70.20,-4.32,-55.55,-47.21
989.87,0,,45.18,-45.47,4,-2,65.94,-64.22,-1.32,-46.57,-44.23
989.96,0,,53.10,-44.94,4,-2,67.92,-59.01,-0.74,-40.78,-39.60
990.08,0,,63.90,-43.04,0,2,76.54,-65.34,-3.72,-50.09,-42.95
990.26,0,,71.48,-42.47,0,2,70.01,-72.38,-7.45,-60.86,-46.26
990.26,0,,74.77,-43.90,0,2,78.65,-78.30,-13.11,-72.44,-46.52
990.38,0,,76.68,-45.40,0,2,79.54,-79.15,-15.70,-75.88,-44.78
990.47,0,,78.58,-45.55,0,2,79.54,-74.36,-12.10,-67.49,-43.59
990.56,0,,79.60,-45.32,0,2,79.54,-67.95,-1.11,-50.09,-48.17
990.71,0,,77.46,-45.74,0,2,61.34,-71.55,-7.83,-60.41,-45.05
990.80,0,,70.81,-44.87,0,2,61.34,-68.20,-12.30,-61.53,-37.23
990.86,0,,64.03,-24.87,0,2,61.34,225.51,153.39,397.87,90.79
990.98,0,,56.90,24.44,4,-2,31.82,225.51,153.39,397.87,90.79
991.19,0,,53.14,72.66,4,-2,88.73,225.51,153.39,397.87,90.79
991.28,0,,58.48,81.89,4,-2,51.78,4.19,34.34,57.50,-11.48
991.37,0,,60.47,49.64,4,-2,45.73,-1.17,22.85,40.65,-5.35
991.46,0,,52.40,23.82,4,-2,32.98,225.51,153.39,397.87,90.79
993.47,0,,48.23,25.63,4,-2,82.84,44.80,77.05,140.82,-13.58
993.56,0,,60.95,12.75,4,-2,100.00,-17.62,64.12,65.47,-63.07
993.71,0,,82.64,-20.02,2,0,100.00,-27.50,23.71,15.18,-32.54
993.77,0,,97.65,-36.11,0,2,100.00,-25.21,0.05,-6.19,-6.59
993.86,0,,102.96,-28.13,0,2,100.00,-29.19,-6.07,-16.29,-4.45
994.01,0,,98.27,-16.20,0,2,65.06,-45.13,-3.82,-29.98,-22.64
994.07,0,,85.45,-13.79,0,2,74.94,-47.51,-7.34,-35.88,-21.50
994.19,0,,75.16,-16.01,0,2,74.97,-38.41,-8.27,-27.71,-11.47
994.28,0,,72.25,-15.65,0,2,74.97,-36.94,-6.01,-23.98,-12.26
994.37,0,,72.89,-14.93,0,2,74.97,-57.71,-17.16,-55.90,-21.88
994.46,0,,74.15,-18.02,4,-2,74.97,-74.48,-27.05,-82.56,-28.76
994.58,0,,74.93,-23.61,4,-2,74.97,-74.04,-26.44,-81.51,-28.93
994.70,0,,75.16,-27.00,4,-2,74.97,-70.49,-29.76,-81.28,-22.06
994.76,0,,73.68,-25.87,4,-2,63.96,-73.65,-35.64,-90.32,-19.34
994.88,0,,68.13,-21.51,4,-2,52.55,-51.19,-20.68,-52.90,-11.84
994.97,0,,59.95,-17.19,4,-2,52.55,-63.68,-25.87,-70.58,-19.14
995.06,0,,53.84,-16.84,4,-2,52.55,-86.43,-42.82,-110.28,-24.94
995.21,0,,51.50,-20.05,4,-2,52.55,-82.68,-40.42,-104.13,-23.59
995.27,0,,51.42,-22.87,4,-2,52.55,-79.85,-38.23,-99.11,-22.95
995.36,0,,51.99,-23.90,4,-2,52.55,-83.81,-41.12,-105.96,-24.02
995.48,0,,52.44,-23.79,4,-2,52.55,-78.92,-38.64,-98.59,-21.61
995.57,0,,52.62,-22.49,4,-2,52.55,-73.36,-36.38,-90.77,-18.31
995.69,0,,52.64,-20.73,4,-2,52.55,-75.44,-35.73,-92.20,-21.04
995.78,0,,52.60,-20.51,4,-2,52.55,-83.26,-40.09,-104.38,-24.50
995.87,0,,52.56,-22.02,4,-2,52.55,-83.22,-40.54,-104.79,-24.01
995.99,0,,52.55,-23.61,0,2,52.55,-80.42,-37.19,-98.64,-24.56
996.20,0,,46.88,-24.55,4,-2,9.30,-80.86,-36.92,-98.81,-25.27
996.29,0,,31.30,-25.04,4,-2,9.30,-80.94,-37.41,-99.38,-24.86
996.38,0,,15.52,-25.01,4,-2,9.30,-83.15,-40.53,-104.71,-23.95
996.47,0,,7.97,-24.50,4,-2,9.30,-82.52,-40.35,-103.90,-23.50
996.59,0,,6.61,-23.95,4,-2,9.30,-82.41,-39.81,-103.25,-23.93
996.71,0,,7.65,-23.73,4,-2,9.30,-82.85,-40.26,-104.14,-23.92
996.77,0,,8.80,-23.58,4,-2,9.30,-78.69,-37.54,-97.26,-22.48
996.95,0,,9.38,-23.00,4,-2,9.30,-70.01,-30.02,-81.06,-21.32
996.98,0,,9.50,-22.30,4,-2,9.30,-69.24,-27.81,-78.08,-22.76
997.10,0,,9.43,-22.06,4,-2,9.30,-76.20,-35.56,-92.79,-21.97
997.19,0,,9.34,-22.25,4,-2,9.30,-83.00,-40.86,-104.89,-23.47
997.28,0,,9.30,-22.89,4,-2,9.30,-83.69,-40.42,-105.14,-24.60
997.37,0,,9.29,-23.53,0,2,9.30,-74.58,-33.41,-89.02,-22.50
997.46,0,,9.29,-23.00,0,2,9.30,-52.30,-14.51,-47.84,-19.12
997.58,0,,17.24,-24.68,0,2,69.88,-15.94,47.89,50.92,-45.16
997.70,0,,39.07,-28.59,0,2,69.88,-49.08,-14.76,-44.87,-15.65
997.79,0,,61.17,-27.99,0,2,69.88,-68.79,-24.96,-74.78,-25.16
997.88,0,,71.75,-25.02,0,2,69.88,-73.41,-30.13,-84.57,-24.61
997.97,0,,73.65,-23.50,0,2,69.88,-68.10,-29.14,-78.27,-20.29
998.87,0,,73.26,-20.61,0,2,78.04,-48.51,-19.89,-49.43,-9.95
998.99,0,,74.64,44.73,0,2,78.40,308.85,-60.13,267.69,387.65
999.14,0,,75.59,167.69,0,2,68.10,225.51,153.39,397.87,90.79
999.23,0,,70.56,196.51,0,2,47.39,-17.76,-2.65,-1.44,3.56
999.29,0,,62.53,114.96,0,2,68.53,8.73,21.18,48.88,6.22
999.38,0,,60.58,35.96,0,2,67.48,19.00,27.10,65.07,10.57
999.50,0,,64.00,-0.20,4,-2,68.96,5.57,19.54,44.08,4.70
999.59,0,,67.27,-8.70,4,-2,68.42,25.13,54.38,98.48,-10.58
999.71,0,,68.90,-7.61,4,-2,68.89,7.28,18.28,44.53,7.67
999.86,0,,69.11,-2.61,4,-2,67.66,17.83,35.86,72.66,0.64
1000.19,0,,68.65,5.08,4,-2,69.30,10.95,26.70,56.62,2.92
1000.19,0,,68.65,5.08,4,-2,69.30,10.95,26.70,56.62,2.92
1000.19,0,,68.65,5.08,4,-2,69.30,10.95,26.70,56.62,2.92
1000.19,0,,68.40,4.79,0,2,67.35,10.71,25.12,54.80,4.26
1000.28,0,,67.76,3.99,0,2,66.88,13.59,30.29,62.85,1.97
1000.37,0,,67.10,3.30,0,2,66.20,11.50,26.02,56.49,4.15
1000.49,0,,66.51,3.17,4,-2,66.03,13.01,28.24,60.22,3.44
1000.58,0,,66.17,3.40,4,-2,66.40,12.42,27.40,58.79,3.69
1000.70,0,,66.10,3.57,4,-2,66.03,12.46,27.51,58.94,3.62
1000.79,0,,65.95,3.71,4,-2,64.92,13.39,28.01,60.37,4.05
1000.88,0,,65.61,3.81,4,-2,65.65,12.25,27.30,58.52,3.62
1000.97,0,,65.33,3.77,4,-2,64.75,12.46,27.70,59.13,3.43
1001.09,0,,65.09,3.65,4,-2,64.98,12.61,27.48,59.06,3.80
1001.21,0,,64.96,3.60,4,-2,65.09,12.32,27.51,58.80,3.48
1001.27,0,,64.86,3.55,4,-2,64.22,12.09,27.41,58.47,3.35
1001.40,0,,64.91,3.46,4,-2,66.45,12.04,27.27,58.28,3.44
1001.48,0,,65.45,3.42,4,-2,66.54,12.15,27.27,58.39,3.55
1001.60,0,,65.92,3.43,4,-2,64.71,11.64,27.00,57.61,3.31
1001.96,0,,65.68,3.34,1,1,64.91,10.54,26.37,55.88,2.84
1001.96,0,,65.68,3.34,1,1,64.91,10.54,26.37,55.88,2.84
1001.96,0,,65.68,3.34,1,1,64.91,10.54,26.37,55.88,2.84
1001.96,0,,64.37,2.34,2,-1,64.43,9.26,26.24,54.47,1.69
1002.08,0,,64.29,2.00,4,-2,65.04,8.67,25.39,53.03,1.95
1002.20,0,,64.61,1.92,4,-2,65.29,9.01,25.19,53.17,2.49
1002.29,0,,64.78,2.01,4,-2,63.42,7.92,24.95,51.84,1.64
1002.38,0,,65.97,1.68,4,-2,75.74,-1.30,17.78,35.45,-0.41
1002.47,0,,69.81,0.22,0,2,75.74,-17.17,6.02,7.82,-4.52
1002.59,0,,73.96,-3.48,0,2,75.74,-36.67,-3.08,-20.78,-14.92
1002.71,0,,76.02,-9.82,0,2,75.74,-68.27,-29.35,-78.65,-20.25
1002.77,0,,76.44,-16.76,0,2,75.74,-83.73,-41.45,-106.21,-23.61
1002.89,0,,76.18,-21.70,0,2,75.74,-82.67,-41.11,-104.81,-22.89
1002.98,0,,75.88,-23.76,0,2,75.74,-79.80,-38.26,-99.09,-22.87
1003.07,0,,75.72,-23.16,0,2,75.74,-78.04,-41.77,-100.84,-17.60
1003.19,0,,75.69,-18.98,0,2,75.74,-63.89,-41.30,-86.22,-3.92
1003.28,0,,75.71,-12.48,0,2,75.74,-61.90,-33.66,-76.59,-9.57
1003.37,0,,75.73,-9.24,0,2,75.74,-65.66,-31.29,-77.98,-15.70
1003.49,0,,75.74,-9.67,0,2,75.74,-56.59,-31.95,-69.57,-5.97
1003.58,0,,75.74,-10.20,4,-2,75.74,-64.96,-32.05,-78.04,-14.24
1003.70,0,,75.74,-12.06,4,-2,75.74,-75.90,-37.81,-94.74,-19.42
1003.79,0,,74.78,-15.68,4,-2,68.45,-73.91,-36.27,-91.21,-18.97
1003.88,0,,72.67,-16.39,4,-2,72.36,-33.26,-11.35,-25.64,-3.24
1003.97,0,,71.37,-7.61,4,-2,71.98,18.51,8.87,46.35,28.31
1004.09,0,,70.44,3.73,4,-2,64.72,-55.12,-20.95,-57.10,-15.50
1004.21,0,,68.14,2.64,4,-2,64.72,-60.40,-27.49,-68.92,-14.24
1004.27,0,,63.16,-7.12,4,-2,45.22,-73.53,-37.15,-91.71,-17.71
1004.39,0,,54.96,-15.05,4,-2,45.22,-77.77,-40.02,-98.82,-19.08
1004.48,0,,47.62,-19.66,4,-2,45.22,-81.47,-39.75,-102.25,-23.05
1004.57,0,,44.36,-21.93,4,-2,45.22,-80.51,-40.58,-102.12,-21.26
1004.69,0,,43.93,-21.18,4,-2,45.22,-68.67,-38.28,-87.98,-11.72
1004.78,0,,44.49,-18.13,4,-2,45.22,-69.81,-32.73,-83.57,-18.41
1004.87,0,,45.02,-16.49,4,-2,45.22,-68.54,-32.09,-81.66,-17.78
1004.99,0,,45.27,-15.75,4,-2,45.22,-60.65,-32.16,-73.84,-9.82
1005.08,0,,45.31,-14.08,4,-2,45.22,-59.91,-26.86,-67.80,-14.38
1005.20,0,,45.28,-12.67,4,-2,45.22,-54.60,-25.41,-61.04,-10.52
1005.26,0,,45.24,-11.86,4,-2,45.22,-56.72,-26.07,-63.82,-11.98
1005.38,0,,45.22,-12.43,3,-1,45.22,-62.46,-24.70,-68.19,-19.09
1005.47,0,,45.21,-15.26,0,2,45.22,-63.99,-25.38,-70.40,-19.94
1005.56,0,,45.22,-17.86,0,2,45.22,-60.22,-25.47,-66.72,-16.08
1005.71,0,,45.22,-17.70,0,2,45.22,-57.20,-25.77,-64.00,-12.76
1005.77,0,,45.22,-15.62,3,0,45.22,-57.98,-25.66,-64.67,-13.65
1005.86,0,,45.22,-13.60,3,-1,45.22,-56.20,-26.15,-63.38,-11.38
1005.98,0,,45.22,-12.23,3,-1,45.22,-55.99,-25.52,-62.54,-11.80
1006.07,0,,45.22,-11.62,3,-1,45.22,-53.17,-22.34,-56.54,-12.16
1006.19,0,,45.22,-11.89,3,0,45.22,-52.56,-20.16,-53.75,-13.73
1006.28,0,,45.22,-13.69,3,0,45.22,-56.92,-17.13,-55.08,-21.12
1006.37,0,,45.22,-17.20,3,1,45.22,-58.43,-17.93,-57.39,-21.83
1006.46,0,,45.22,-19.75,3,0,45.22,-58.51,-23.60,-63.14,-16.24
1006.58,0,,45.22,-18.98,3,0,45.22,-56.74,-24.54,-62.31,-13.53
1006.70,0,,45.22,-16.60,3,0,45.22,-56.79,-22.01,-59.83,-16.11
1006.76,0,,45.22,-15.46,3,0,45.22,-56.98,-21.37,-59.38,-16.94
1006.88,0,,45.22,-15.18,3,-1,45.22,-52.04,-21.29,-54.36,-12.08
1006.97,0,,45.22,-13.67,3,-1,45.22,-47.11,-19.72,-47.86,-8.72
1007.06,0,,45.22,-11.64,3,0,45.22,-51.80,-20.30,-53.13,-12.83
1007.21,0,,45.22,-11.91,3,0,45.22,-60.21,-23.11,-64.35,-18.43
1007.27,0,,45.22,-15.01,3,0,45.22,-63.64,-23.89,-68.56,-21.08
1007.36,0,,45.22,-19.32,3,0,45.22,-68.07,-23.55,-72.65,-25.85
1007.48,0,,45.22,-23.56,3,0,45.22,-62.56,-15.98,-59.57,-27.91
1007.57,0,,45.22,-11.16,3,0,45.22,225.51,153.39,397.87,90.79
1007.69,0,,45.22,15.52,3,0,45.22,-31.80,7.34,-5.49,-20.47
1007.78,0,,45.22,15.85,3,0,45.22,-79.91,-20.63,-81.57,-40.61
1007.87,0,,45.22,-11.71,3,-1,45.22,-90.66,-26.12,-97.81,-45.87
1007.96,0,,45.22,-35.80,3,0,45.22,-87.75,-28.04,-96.82,-41.04
1008.08,0,,45.22,-44.49,3,0,45.22,-76.09,-25.91,-83.03,-31.51
1008.20,0,,45.22,-41.28,3,0,45.22,-72.07,-22.02,-75.12,-31.38
1008.26,0,,45.22,-35.11,3,0,45.22,-70.87,-21.67,-73.57,-30.53
1008.38,0,,45.22,-30.43,3,0,45.22,-65.85,-22.10,-68.98,-25.08
1008.47,0,,45.22,-27.13,3,0,45.22,-64.25,-19.98,-65.26,-25.60
1008.56,0,,45.22,-25.45,3,0,45.22,-62.22,-17.25,-60.50,-26.30
1008.74,0,,45.22,-25.40,3,0,45.22,-65.13,-19.77,-65.93,-26.69
1008.77,0,,45.22,-25.61,3,0,45.22,-65.55,-23.20,-69.78,-23.68
1008.86,0,,45.22,-25.01,3,0,45.22,-68.51,-26.48,-76.02,-23.36
1008.98,0,,45.22,-24.33,3,0,45.22,-73.07,-28.72,-82.82,-25.68
1009.07,0,,45.22,-24.42,3,0,45.22,-72.05,-28.60,-81.68,-24.78
1009.19,0,,45.22,-24.67,3,0,45.22,-70.46,-27.63,-79.12,-24.16
1009.28,0,,45.22,-24.70,3,0,45.22,-71.67,-27.69,-80.39,-25.31
1009.37,0,,45.22,-25.23,3,0,45.22,-75.65,-28.96,-85.64,-28.02
1009.46,0,,45.22,-26.78,3,0,45.22,-78.58,-29.56,-89.17,-30.35
1009.58,0,,45.22,-28.93,3,0,45.22,-79.54,-29.31,-89.88,-31.56
1009.70,0,,45.22,-30.72,3,0,45.22,-78.83,-28.65,-88.51,-31.51
1009.76,0,,45.22,-31.28,3,0,45.22,-75.02,-27.52,-83.57,-28.83
1009.88,0,,45.22,-29.97,3,0,45.22,-70.37,-26.85,-78.25,-24.85
1009.97,0,,45.22,-27.09,3,0,45.22,-66.91,-26.09,-74.03,-22.15
1010.06,0,,45.22,-24.03,3,0,45.22,-65.45,-24.92,-71.40,-21.86
1010.21,0,,45.22,-22.17,3,0,45.22,-65.85,-24.78,-71.66,-22.40
1010.27,0,,45.22,-21.75,3,0,45.22,-66.70,-25.31,-73.04,-22.72
1010.36,0,,45.22,-22.41,3,0,45.22,-70.17,-26.43,-77.63,-25.07
1010.51,0,,45.22,-23.95,3,0,45.22,-73.87,-28.02,-82.92,-27.18
1010.57,0,,45.22,-25.95,3,0,45.22,-75.84,-28.75,-85.62,-28.42
1010.69,0,,45.22,-27.77,3,0,45.22,-77.47,-29.27,-87.77,-29.53
1010.78,0,,45.22,-29.05,3,0,45.22,-78.02,-29.73,-88.78,-29.62
1010.87,0,,45.22,-29.69,3,0,45.22,-77.92,-29.58,-88.53,-29.67
1010.96,0,,45.22,-29.93,3,0,45.22,-79.12,-30.13,-90.28,-30.32
1011.08,0,,45.22,-30.03,3,0,45.22,-78.78,-30.42,-90.23,-29.69
1011.20,0,,45.22,-29.91,3,0,45.22,-76.81,-28.83,-86.67,-29.31
1011.29,0,,45.22,-29.61,3,0,45.22,-75.58,-27.58,-84.19,-29.33
1011.38,0,,45.22,-28.77,3,0,45.22,-70.82,-27.42,-79.27,-24.73
1011.47,0,,45.22,-26.57,3,0,45.22,-66.03,-26.12,-73.18,-21.24
1011.56,0,,45.22,-24.00,3,0,45.22,-68.04,-25.28,-74.35,-24.09
1011.71,0,,45.22,-23.35,3,0,45.22,-72.03,-26.39,-79.45,-26.97
1011.77,0,,45.22,-25.00,3,0,45.22,-75.63,-27.63,-84.29,-29.33
1011.86,0,,45.22,-27.36,3,0,45.22,-76.27,-28.67,-85.97,-28.93
1011.98,0,,45.22,-28.74,3,0,45.22,-75.69,-29.12,-85.84,-27.90
1012.13,0,,45.22,-28.82,3,0,45.22,-75.46,-28.82,-85.31,-27.97
1012.19,0,,45.22,-28.28,3,0,45.22,-74.13,-28.25,-83.41,-27.21
1012.28,0,,45.22,-27.75,3,0,45.22,-73.98,-27.50,-82.51,-27.81
1012.37,0,,45.22,-27.66,3,0,45.22,-73.26,-26.02,-80.31,-28.57
1012.49,0,,45.22,-27.72,3,0,45.22,-69.33,-24.29,-74.65,-26.37
1012.58,0,,45.22,-27.07,3,0,45.22,-66.71,-23.53,-71.27,-24.51
1012.70,0,,45.22,-25.92,3,0,45.22,-66.97,-22.81,-70.81,-25.49
1012.79,0,,45.22,-25.24,3,0,45.22,-66.33,-22.26,-69.62,-25.40
1012.88,0,,45.22,-25.07,3,0,45.22,-65.43,-21.95,-68.41,-24.81
1012.97,0,,45.22,-24.92,3,0,45.22,-63.80,-20.62,-65.45,-24.51
1013.09,0,,45.22,-24.49,3,0,45.22,-60.43,-18.86,-60.32,-22.90
1013.21,0,,45.22,-23.72,3,0,45.22,-59.13,-17.77,-57.93,-22.69
1013.30,0,,45.22,-23.19,3,0,45.22,-61.33,-18.48,-60.84,-24.18
1013.39,0,,45.22,-23.43,3,0,45.22,-63.38,-20.03,-64.44,-24.68
1013.48,0,,45.22,-24.12,3,0,45.22,-64.71,-21.07,-66.81,-24.97
1013.57,0,,45.22,-24.65,3,0,45.22,-65.74,-22.58,-69.35,-24.49
1013.69,0,,45.22,-24.69,3,0,45.22,-66.57,-24.06,-71.66,-23.84
1013.78,0,,45.22,-24.43,3,0,45.22,-67.95,-24.73,-73.71,-24.55
1013.87,0,,45.22,-24.35,3,0,45.22,-68.65,-25.22,-74.90,-24.76
1013.99,0,,45.22,-24.37,3,0,45.22,-68.18,-25.88,-75.09,-23.63
1014.08,0,,45.22,-23.92,3,0,45.22,-66.15,-25.47,-72.65,-22.01
1014.20,0,,45.22,-22.90,3,0,45.22,-64.20,-24.33,-69.56,-21.20
1014.29,0,,45.22,-21.91,3,0,45.22,-65.54,-25.10,-71.67,-21.77
1014.38,0,,45.22,-21.49,3,0,45.22,-67.21,-26.79,-75.03,-21.75
1014.47,0,,45.22,-21.55,3,0,45.22,-68.75,-28.03,-77.81,-22.05
1014.59,0,,45.22,-21.94,3,0,45.22,-70.32,-28.47,-79.82,-23.18
1014.71,0,,45.22,-22.63,3,0,45.22,-70.91,-28.41,-80.35,-23.83
1014.77,0,,45.22,-23.39,3,0,45.22,-71.71,-28.99,-81.73,-24.05
1014.89,0,,45.22,-24.04,3,0,45.22,-73.15,-29.44,-83.62,-25.04
1014.98,0,,45.22,-24.81,3,0,45.22,-75.11,-29.86,-86.00,-26.58
1015.07,0,,45.22,-25.75,3,0,45.22,-76.41,-31.08,-88.52,-26.66
1015.19,0,,45.22,-26.71,3,0,45.22,-79.53,-32.42,-92.98,-28.44
1015.28,0,,45.22,-27.92,3,0,45.22,-82.62,-33.33,-96.98,-30.62
1015.37,0,,45.22,-28.93,3,0,45.22,-79.55,-33.69,-94.27,-27.19
1015.52,0,,45.22,-28.25,3,0,45.22,-76.09,-33.99,-91.11,-23.43
1015.58,0,,45.22,-26.16,3,0,45.22,-77.05,-33.90,-91.98,-24.48
1015.70,0,,45.22,-24.83,3,0,45.22,-78.21,-33.09,-92.33,-26.45
1015.79,0,,45.22,-25.41,3,0,45.22,-79.98,-32.12,-93.13,-29.19
1015.88,0,,45.22,-26.97,3,0,45.22,-77.65,-31.49,-90.17,-27.49
1015.97,0,,45.22,-27.47,3,0,45.22,-73.88,-30.83,-85.74,-24.38
1016.09,0,,45.22,-26.43,3,0,45.22,-73.74,-30.43,-85.20,-24.64
1016.21,0,,45.22,-24.98,3,0,45.22,-72.40,-30.52,-83.95,-23.21
1016.27,0,,45.22,-23.85,3,0,45.22,-72.50,-30.62,-84.15,-23.21
1016.39,0,,45.22,-23.40,3,0,45.22,-75.54,-32.19,-88.76,-24.68
1016.51,0,,45.22,-23.86,3,0,45.22,-78.20,-34.04,-93.27,-25.49
1016.57,0,,45.22,-24.69,3,0,45.22,-77.99,-34.12,-93.14,-25.20
1016.69,0,,45.22,-24.97,3,0,45.22,-74.98,-33.02,-89.03,-23.29
1016.78,0,,45.22,-24.25,3,0,45.22,-72.08,-31.38,-84.49,-22.03
1016.87,0,,45.22,-22.99,3,0,45.22,-70.41,-30.18,-81.62,-21.56
1017.02,0,,45.22,-21.85,3,0,45.22,-69.11,-29.69,-79.83,-20.75
1017.08,0,,45.22,-21.11,3,0,45.22,-68.07,-28.35,-77.45,-21.05
1017.23,0,,45.22,-20.89,3,0,45.22,-68.89,-28.72,-78.64,-21.50
1017.29,0,,45.22,-21.04,3,0,45.22,-70.47,-30.68,-82.18,-21.12
1017.38,0,,45.22,-21.09,3,0,45.22,-69.05,-29.90,-79.98,-20.48
1017.47,0,,45.22,-20.65,3,0,45.22,-65.89,-28.32,-75.24,-18.90
1017.59,0,,45.22,-19.58,3,0,45.22,-63.38,-27.62,-72.03,-17.09
1017.71,0,,45.22,-18.17,3,0,45.22,-62.41,-27.00,-70.44,-16.74
1017.77,0,,45.22,-17.35,3,0,45.22,-66.18,-28.70,-75.91,-18.81
1017.89,0,,45.22,-17.70,3,0,45.22,-67.63,-29.51,-78.17,-19.45
1017.98,0,,45.22,-18.46,3,0,45.22,-65.02,-28.22,-74.27,-18.13
1018.07,0,,45.22,-18.61,3,0,45.22,-63.74,-27.32,-72.09,-17.75
1018.22,0,,45.22,-18.28,3,0,45.22,-62.61,-25.99,-69.63,-17.95
1018.28,0,,45.22,-18.32,3,0,45.22,-62.90,-23.71,-67.64,-20.52
1018.37,0,,45.22,-19.46,3,0,45.22,-64.17,-22.57,-67.77,-22.93
1018.49,0,,45.22,-21.21,3,0,45.22,-64.87,-23.77,-69.67,-22.43
1018.58,0,,45.22,-22.34,3,0,45.22,-64.87,-24.11,-70.01,-22.09
1018.70,0,,45.22,-22.63,3,0,45.22,-62.62,-21.37,-65.02,-22.58
1018.82,0,,45.22,-23.33,3,0,45.22,-64.94,-18.25,-64.22,-28.02
1018.88,0,,45.22,-26.49,3,0,45.22,-74.73,-18.73,-74.49,-37.33
1018.97,0,,45.22,-32.16,3,0,45.22,-78.86,-20.17,-80.06,-40.02
1019.09,0,,45.22,-36.31,3,0,45.22,-69.78,-19.94,-70.75,-31.17
1019.21,0,,45.22,-34.65,3,0,45.22,-60.72,-20.42,-62.17,-21.63
1019.27,0,,45.22,-29.37,3,0,45.22,-64.84,-18.83,-64.70,-27.34
1019.39,0,,45.22,-26.18,3,0,45.22,-64.05,-17.50,-62.58,-27.88
1019.48,0,,45.22,-26.58,3,0,45.22,-68.71,-18.76,-68.50,-31.28
1019.57,0,,45.22,-29.25,3,0,45.22,-73.35,-19.26,-73.64,-35.42
1019.69,0,,45.22,-32.48,3,0,45.22,-73.03,-20.37,-74.43,-33.99
1019.78,0,,45.22,-34.50,3,0,45.22,-75.80,-21.86,-78.69,-35.27
1019.87,0,,45.22,-34.69,3,0,45.22,-72.77,-23.38,-77.18,-30.72
1019.99,0,,45.22,-32.64,3,0,45.22,-70.17,-25.45,-76.65,-26.05
1020.08,0,,45.22,-30.07,3,0,45.22,-75.37,-24.27,-80.67,-32.43
1020.20,0,,45.22,-29.90,3,0,45.22,-74.00,-21.90,-76.93,-33.43
1020.29,0,,45.22,-30.50,3,0,45.22,-66.34,-22.43,-69.80,-25.24
1020.38,0,,45.22,-28.37,3,0,45.22,-62.34,-23.01,-66.38,-20.66
1020.47,0,,45.22,-24.48,3,0,45.22,-64.82,-24.48,-70.33,-21.67
1020.59,0,,45.22,-21.66,3,0,45.22,-66.71,-27.52,-75.26,-20.52
1020.71,0,,45.22,-20.36,3,0,45.22,-66.92,-28.34,-76.29,-19.91
1020.77,0,,45.22,-20.15,3,0,45.22,-70.88,-30.03,-81.94,-22.18
1020.89,0,,45.22,-21.00,3,0,45.22,-72.92,-30.96,-84.91,-23.29
1020.98,0,,45.22,-22.51,3,0,45.22,-74.28,-30.62,-85.93,-24.99
1021.07,0,,45.22,-24.12,3,0,45.22,-77.87,-33.26,-92.16,-25.94
1021.19,0,,45.22,-25.29,3,0,45.22,-74.02,-30.13,-85.18,-25.22
1021.28,0,,45.22,-26.08,3,0,45.22,-63.15,-16.06,-60.24,-28.42
1021.37,0,,45.22,-27.17,3,0,45.22,-67.43,-19.84,-68.30,-28.92
1021.49,0,,45.22,-28.43,3,0,45.22,-77.90,-29.40,-88.33,-29.83
1021.58,0,,45.22,-29.40,3,0,45.22,-80.99,-32.39,-94.41,-29.93
1021.70,0,,45.22,-29.44,3,0,45.22,-79.22,-34.31,-94.56,-26.24
1021.79,0,,45.22,-28.21,3,0,45.22,-81.65,-37.07,-99.75,-25.91
1021.88,0,,45.22,-26.74,3,0,45.22,-83.98,-39.15,-104.16,-26.16
1022.00,0,,45.22,-25.78,3,0,45.22,-81.90,-38.78,-101.71,-24.45
1022.09,0,,45.22,-25.16,3,0,45.22,-82.97,-38.90,-102.90,-25.40
1022.21,0,,45.22,-24.91,3,0,45.22,-83.19,-39.76,-103.98,-24.76
1022.27,0,,45.22,-24.92,3,0,45.22,-82.24,-38.24,-101.51,-25.33
1022.39,0,,45.22,-25.79,3,0,45.22,-83.53,-33.95,-98.51,-30.91
1022.48,0,,45.22,-28.21,3,0,45.22,-81.83,-30.51,-93.37,-32.65
1022.57,0,,45.22,-30.72,3,0,45.22,-81.50,-32.07,-94.60,-30.76
1022.69,0,,45.22,-31.61,3,0,45.22,-84.14,-35.17,-100.34,-30.30
1022.78,0,,45.22,-30.56,3,0,45.22,-81.24,-37.31,-99.58,-25.26
1022.87,0,,45.22,-28.22,3,0,45.22,-79.03,-34.61,-94.67,-25.75
1022.99,0,,45.22,-27.13,3,0,45.22,-80.40,-29.06,-90.49,-32.67
1023.08,0,,45.22,-28.10,3,0,45.22,-73.92,-28.15,-83.10,-27.10
1023.20,0,,45.22,-28.70,3,0,45.22,-75.85,-29.09,-85.97,-28.09
1023.32,0,,45.22,-28.97,3,0,45.22,-80.57,-29.52,-91.12,-32.38
1023.38,0,,45.22,-29.68,3,0,45.22,-75.63,-29.05,-85.71,-27.91
1023.47,0,,45.22,-29.22,3,0,45.22,-74.69,-30.47,-86.19,-25.55
1023.59,0,,45.22,-27.80,3,0,45.22,-77.42,-30.72,-89.17,-28.03
1023.71,0,,45.22,-28.25,3,0,45.22,-84.25,-29.54,-94.82,-36.04
1023.77,0,,46.29,-32.06,0,2,53.34,-87.52,-27.85,-96.40,-41.00
1023.89,0,,49.21,-36.67,0,2,53.34,-79.75,-23.56,-84.34,-37.52
1024.01,0,,52.17,-36.93,0,2,53.34,-68.07,-26.34,-75.44,-23.06
1024.07,0,,53.59,-29.88,0,2,53.34,-48.56,-20.08,-49.67,-9.81
1024.19,0,,53.85,-20.05,0,2,53.34,-24.33,10.83,5.47,-16.49
1024.28,0,,53.65,-13.87,0,2,53.34,-42.06,-12.70,-35.79,-10.69
1024.46,0,,53.43,-10.10,0,2,53.34,-21.97,-1.54,-4.54,-1.76
1024.49,0,,54.70,-12.09,0,2,63.79,-12.85,55.04,61.16,-49.22
1024.58,0,,58.19,-19.57,0,2,61.87,-9.88,9.87,18.96,-1.08
1024.70,0,,60.91,-61.63,0,2,58.77,-87.07,263.83,195.73,-332.23
1024.79,0,,61.08,-128.22,0,2,59.83,-2.62,17.59,33.94,-1.54
1024.88,0,,60.01,-124.07,0,2,57.40,12.08,38.45,69.50,-7.70
1025.00,0,,58.94,-61.17,0,2,59.44,4.64,31.49,55.10,-8.18
1025.09,0,,59.11,-15.30,0,2,62.98,4.07,24.17,47.21,-1.43
1025.21,0,,60.51,2.10,0,2,61.41,6.23,37.50,62.70,-12.60
1025.27,0,,58.98,1.34,0,2,41.61,-3.17,22.39,38.19,-6.89
1025.39,0,,54.60,-4.41,1,1,61.07,-9.98,19.28,28.27,-10.59
1025.48,0,,55.72,-8.36,4,-2,72.31,-15.46,10.96,14.47,-7.75
1025.69,0,,62.23,-9.13,4,-2,64.50,-7.76,15.93,27.14,-5.02
1025.69,0,,65.57,-7.96,0,2,59.53,1.61,28.50,49.08,-8.22
1025.78,0,,63.57,-7.04,0,2,56.53,0.92,25.43,45.32,-5.84
1025.90,0,,59.79,-6.51,0,2,57.02,5.03,29.86,53.86,-6.16
1025.99,0,,56.93,-6.44,0,2,54.60,6.42,33.55,58.94,-8.46
1026.08,0,,55.68,-7.04,4,-2,57.91,3.73,29.84,52.54,-7.44
1026.20,0,,56.06,-7.45,2,-1,57.79,5.55,30.92,55.44,-6.70
1026.29,0,,56.92,-7.15,4,-2,56.49,6.44,30.96,56.37,-5.85
1026.38,0,,57.10,-6.57,4,-2,56.54,5.72,30.85,55.54,-6.46
1026.47,0,,56.88,-6.25,4,-2,56.72,6.59,31.56,57.12,-6.30
1026.59,0,,56.62,-6.22,4,-2,56.06,6.62,31.67,57.26,-6.38
1026.71,0,,56.23,-6.25,4,-2,55.22,7.62,32.40,58.99,-6.11
1026.77,0,,55.77,-6.11,4,-2,55.73,8.91,32.89,60.77,-5.31
1026.89,0,,55.54,-5.82,4,-2,55.56,8.74,33.23,60.94,-5.82
1026.98,0,,55.56,-5.63,4,-2,55.99,9.02,33.19,61.18,-5.50
1027.07,0,,55.59,-5.51,4,-2,54.91,9.59,33.46,62.02,-5.20
1027.19,0,,55.59,-5.36,4,-2,56.44,9.61,33.53,62.11,-5.25
1027.28,0,,55.60,-5.25,4,-2,54.67,9.49,33.42,61.88,-5.26
1027.37,0,,55.38,-5.30,4,-2,54.90,8.70,33.24,60.91,-5.87
1027.49,0,,54.98,-5.56,4,-2,54.46,7.55,32.29,58.81,-6.07
1027.58,0,,54.57,-5.83,4,-2,53.79,7.04,31.49,57.50,-5.78
1027.70,0,,54.10,-5.93,4,-2,53.52,6.35,30.89,56.21,-5.87
1027.79,0,,53.70,-5.89,4,-2,53.45,6.19,30.58,55.74,-5.72
1027.88,0,,53.47,-5.85,4,-2,53.50,7.02,31.73,57.72,-6.04
1027.97,0,,59.52,-5.19,3,0,100.00,-4.30,15.04,29.71,-0.67
1028.09,0,,71.79,-3.17,0,2,65.62,-12.67,5.33,11.63,0.67
1028.21,0,,74.50,-0.25,0,2,51.14,1.49,15.44,35.90,4.72
1028.27,0,,65.43,-47.73,0,2,55.30,-121.91,276.14,173.20,-379.38
1028.39,0,,56.97,-135.38,0,2,54.26,5.77,31.21,55.95,-6.77
1028.48,0,,53.68,-140.28,0,2,56.52,10.77,33.46,63.20,-4.02
1028.60,0,,53.84,-71.82,0,2,55.50,9.89,42.55,71.41,-13.99
1028.69,0,,54.74,-20.36,4,-2,54.36,8.60,32.22,59.79,-4.95
1028.78,0,,55.14,0.06,4,-2,55.92,11.76,39.03,69.76,-8.60
1028.87,0,,55.33,1.75,4,-2,54.98,9.97,35.76,64.70,-7.12
1028.99,0,,55.19,-2.43,4,-2,53.98,11.55,35.86,66.38,-5.64
1029.08,0,,54.65,-5.66,4,-2,54.00,11.38,37.30,67.65,-7.25
1029.20,0,,54.12,-6.97,4,-2,53.67,10.82,35.32,65.11,-5.83
1029.29,0,,53.75,-7.04,4,-2,53.46,11.22,36.72,66.91,-6.83
1029.44,0,,53.67,-6.79,3,-1,54.55,10.57,35.90,65.44,-6.66
1029.47,0,,53.79,-6.81,4,-2,53.20,10.10,36.44,65.51,-7.67
1029.59,0,,53.84,-7.22,4,-2,54.30,9.48,36.54,64.99,-8.39
1029.71,0,,54.13,-7.75,4,-2,55.67,9.47,35.82,64.26,-7.68
1029.77,0,,54.83,-8.00,4,-2,55.62,9.01,35.73,63.71,-8.05
1029.95,0,,55.44,-8.01,2,1,55.61,9.18,35.68,63.83,-7.83
1030.01,0,,55.81,-7.82,0,2,56.50,10.19,35.74,64.90,-6.88
1030.07,0,,55.97,-7.42,0,2,55.10,9.89,35.58,64.44,-7.02
1030.19,0,,55.92,-7.05,0,2,56.44,9.77,35.25,63.99,-6.81
1030.28,0,,55.94,-6.77,0,2,55.99,10.45,35.35,64.77,-6.23
1030.37,0,,55.93,-6.53,0,2,55.26,10.21,35.44,64.62,-6.56
1030.49,0,,55.73,-6.34,0,2,55.72,10.55,35.06,64.58,-5.84
1030.58,0,,55.63,-6.06,0,2,55.82,11.28,35.39,65.64,-5.44
1030.70,0,,55.70,-5.78,0,2,55.96,10.85,35.49,65.31,-5.97
1030.79,0,,55.77,-5.70,3,0,55.39,10.71,35.10,64.78,-5.72
1030.88,0,,55.68,-5.71,3,-1,55.51,11.04,35.39,65.40,-5.68
1030.97,0,,55.60,-5.72,4,-2,55.87,10.89,35.39,65.25,-5.83
1031.09,0,,55.66,-5.78,4,-2,55.80,10.42,35.10,64.49,-6.01
1031.21,0,,55.72,-5.91,3,-1,55.48,10.20,35.02,64.19,-6.15
1031.27,0,,55.53,-6.04,3,-1,54.57,10.35,35.12,64.44,-6.10
1031.39,0,,55.50,-6.05,3,-1,57.67,10.19,34.50,63.66,-5.64
1031.48,0,,56.90,-5.87,0,2,62.80,8.91,32.99,60.87,-5.41
1031.60,0,,59.70,-6.08,0,2,62.80,-9.38,18.32,27.91,-9.03
1031.69,0,,61.57,-7.38,0,2,58.84,-17.02,11.97,13.92,-10.32
1031.78,0,,61.13,-7.79,0,2,58.54,5.35,24.32,48.64,-0.30
1031.87,0,,59.61,-4.67,0,2,57.94,18.46,32.76,70.19,4.37
1031.99,0,,58.50,-0.84,0,2,58.69,-3.26,19.79,35.50,-4.38
1032.08,0,,58.19,0.15,0,2,58.63,8.27,26.25,53.49,0.69
1032.20,0,,58.35,-0.20,0,2,58.69,4.64,24.53,48.14,-1.22
1032.29,0,,58.61,-0.69,0,2,59.00,1.88,22.65,43.50,-2.10
1032.38,0,,58.80,-1.23,4,-2,58.68,6.80,25.87,51.64,-0.40
1032.47,0,,58.95,-1.39,4,-2,59.60,2.29,23.15,44.41,-2.19
1032.59,0,,59.18,-1.37,4,-2,59.33,5.51,24.50,48.98,-0.32
1032.71,0,,59.51,-1.11,4,-2,60.52,3.94,23.36,46.27,-0.75
1032.77,0,,60.09,-0.83,0,2,61.39,1.64,21.35,41.96,-1.04
1032.89,0,,60.93,-0.82,0,2,62.29,1.65,21.30,41.92,-0.98
1032.98,0,,61.62,-1.03,0,2,61.27,2.33,22.96,44.26,-1.96
1033.07,0,,61.88,-1.49,0,2,62.22,3.07,24.06,46.10,-2.32
1033.19,0,,61.99,-2.00,0,2,62.14,2.17,23.18,44.32,-2.34
1033.31,0,,62.09,-2.27,0,2,62.00,3.19,23.83,45.99,-1.97
1033.37,0,,62.19,-2.23,0,2,62.79,3.51,24.14,46.62,-1.96
1033.52,0,,62.11,-2.07,0,2,60.35,3.92,24.54,47.43,-1.95
1033.58,0,,61.91,-1.90,0,2,63.62,4.55,24.71,48.23,-1.49
1033.70,0,,62.65,-1.59,0,2,66.07,5.36,24.71,49.04,-0.68
1033.79,0,,63.75,-1.11,0,2,61.69,6.55,25.74,51.26,-0.52
1033.88,0,,63.45,-0.65,0,2,61.01,5.98,24.94,49.89,-0.29
1034.00,0,,62.24,-0.31,0,2,61.46,5.89,24.44,49.30,0.12
1034.09,0,,61.33,-0.05,1,1,60.65,6.55,25.14,50.66,0.08
1034.21,0,,61.01,0.17,4,-2,62.02,6.70,24.67,50.34,0.70
1034.30,0,,61.11,0.46,4,-2,60.81,7.19,24.87,51.03,0.99
1034.39,0,,61.25,0.67,4,-2,61.63,6.58,25.08,50.63,0.17
1034.48,0,,60.77,0.31,4,-2,57.01,2.42,22.90,44.29,-1.81
1034.57,0,,59.27,-1.77,4,-2,57.01,-18.55,10.61,11.03,-10.49
1034.69,0,,57.68,-9.16,4,-2,57.01,-54.15,0.83,-34.35,-36.31
1034.78,0,,56.89,-21.28,4,-2,57.01,-68.66,-19.40,-69.09,-30.59
1034.87,0,,56.74,-28.57,4,-2,57.01,-71.27,-34.48,-86.78,-18.12
1035.02,0,,60.64,-25.85,4,-2,85.99,-64.04,-33.82,-78.89,-11.55
1035.11,0,,68.10,-18.54,0,2,62.40,-29.69,1.08,-9.64,-12.10
1035.20,0,,70.12,0.38,0,2,61.53,225.51,153.39,397.87,90.79
1035.29,0,,65.90,28.09,0,2,58.62,-14.66,-0.06,4.25,4.07
1035.38,0,,61.60,-20.07,0,2,60.76,-145.63,284.52,157.86,-411.48
1035.47,0,,59.87,-126.42,0,2,61.99,27.39,18.60,64.96,27.46
1035.59,0,,60.62,-136.36,0,2,64.07,-5.27,17.50,31.20,-4.10
1035.71,0,,62.34,-65.45,0,2,63.95,25.42,47.36,91.75,-3.27
1035.77,0,,63.08,-12.67,1,1,59.46,1.93,16.42,37.32,4.18
1035.89,0,,61.97,8.35,4,-2,59.46,-21.03,2.62,0.56,-4.98
1035.98,0,,65.67,7.18,4,-2,100.00,-61.59,-29.58,-72.20,-13.34
1036.07,0,,67.67,-3.16,4,-2,10.86,-75.10,-40.30,-96.43,-16.13
1036.22,0,,58.19,-11.12,0,2,72.50,-57.89,-32.98,-71.90,-6.24
1036.28,0,,52.94,0.69,4,-2,56.53,225.51,153.39,397.87,90.79
1036.37,0,,56.72,23.91,4,-2,65.95,-18.46,20.22,20.73,-20.01
1036.49,0,,60.81,25.88,4,-2,61.81,-7.57,-0.56,10.84,11.66
1036.58,0,,63.10,25.18,4,-2,62.64,225.51,153.39,397.87,90.79
1036.70,0,,63.32,37.23,4,-2,62.22,-11.83,6.02,13.16,0.82
1036.79,0,,62.88,32.33,4,-2,62.39,29.13,53.70,101.80,-5.90
1036.88,0,,62.32,11.28,4,-2,61.17,-0.17,28.58,47.38,-10.08
1036.97,0,,61.93,-3.13,0,2,62.72,2.99,16.68,38.64,4.98
1037.12,0,,62.05,-7.82,0,2,62.80,6.31,43.23,68.51,-18.25
1037.21,0,,62.28,-9.14,0,2,61.41,0.36,19.16,38.49,-0.13
1037.27,0,,62.31,-7.55,0,2,63.26,7.50,29.35,55.82,-3.18
1037.39,0,,62.54,-4.40,2,0,63.01,2.62,24.28,45.87,-2.99
1037.48,0,,62.81,-2.51,4,-2,62.48,4.75,24.07,47.79,-0.65
1037.57,0,,62.72,-1.65,2,-1,62.05,4.28,26.06,49.31,-3.11
1037.72,0,,62.42,-1.54,0,2,62.23,3.76,23.16,45.89,-0.73
1037.78,0,,62.31,-1.58,0,2,62.91,4.33,25.10,48.40,-2.10
1037.87,0,,62.49,-1.56,0,2,62.82,3.53,23.40,45.90,-1.20
1038.02,0,,62.83,-1.46,0,2,63.64,3.93,23.68,46.58,-1.08
1038.08,0,,63.14,-1.30,0,2,62.89,3.31,23.46,45.74,-1.48
1038.20,0,,63.27,-1.28,0,2,63.50,3.06,23.10,45.13,-1.37
1038.29,0,,63.23,-1.43,0,2,62.59,2.58,23.31,44.86,-2.06
1038.38,0,,63.14,-1.68,0,2,63.66,2.53,23.11,44.61,-1.91
1038.47,0,,63.22,-1.84,0,2,63.42,2.78,23.01,44.76,-1.56
1038.59,0,,63.41,-1.78,0,2,63.73,2.68,22.92,44.57,-1.57
1038.71,0,,63.58,-1.71,0,2,63.64,2.44,23.13,44.54,-2.02
1038.77,0,,63.62,-1.79,0,2,63.24,1.98,22.69,43.64,-2.04
1038.89,0,,63.52,-1.90,0,2,63.54,2.02,22.42,43.41,-1.73
1038.98,0,,63.48,-1.89,0,2,63.60,1.90,22.40,43.27,-1.83
1039.07,0,,63.63,-1.83,0,2,64.44,1.53,21.92,42.42,-1.72
1039.22,0,,64.03,-1.76,0,2,64.79,1.60,21.94,42.51,-1.67
1039.28,0,,64.31,-1.73,0,2,63.43,1.37,21.93,42.27,-1.89
1039.37,0,,64.28,-1.78,0,2,64.73,1.09,21.72,41.78,-1.96
1039.49,0,,64.23,-1.88,0,2,63.98,0.85,21.51,41.33,-1.99
1039.58,0,,64.23,-1.98,0,2,64.27,0.20,21.00,40.17,-2.13
1039.70,0,,64.20,-2.06,0,2,64.18,0.30,21.09,40.36,-2.12
1039.82,0,,64.21,-2.10,0,2,64.29,0.58,21.31,40.86,-2.06
1039.88,0,,64.33,-2.08,0,2,64.96,0.50,21.08,40.55,-1.91
1040.00,0,,64.69,-1.94,0,2,65.62,0.83,20.95,40.75,-1.45
1040.09,0,,65.29,-1.67,0,2,66.37,0.91,20.79,40.67,-1.21
1040.26,0,,65.98,-1.33,0,2,66.84,1.08,20.53,40.58,-0.78
1040.30,0,,66.60,-0.94,0,2,67.15,1.38,20.35,40.70,-0.30
1040.39,0,,67.09,-0.58,0,2,67.71,1.06,20.16,40.19,-0.43
1040.48,0,,67.46,-0.39,0,2,67.57,0.62,19.82,39.41,-0.53
1040.60,0,,67.68,-0.41,0,2,67.92,0.20,19.51,38.68,-0.64
1040.72,0,,67.75,-0.53,0,2,67.37,0.04,19.44,38.45,-0.73
1040.78,0,,67.67,-0.65,0,2,67.61,0.06,19.40,38.43,-0.67
1040.87,0,,67.51,-0.70,0,2,67.05,0.01,19.38,38.36,-0.70
1040.99,0,,67.32,-0.69,0,2,67.18,0.23,19.45,38.65,-0.55
1041.08,0,,67.24,-0.60,0,2,67.69,0.42,19.44,38.83,-0.35
1041.20,0,,67.41,-0.45,0,2,67.82,0.51,19.34,38.82,-0.16
1041.29,0,,67.68,-0.25,2,0,68.05,0.72,19.34,39.03,0.05
1041.38,0,,67.96,-0.06,1,1,68.37,0.73,19.38,39.08,0.02
1041.47,0,,68.18,0.02,1,1,68.18,0.59,19.32,38.88,-0.06
1041.59,0,,68.28,-0.02,0,2,68.30,0.12,19.10,38.19,-0.31
1041.71,0,,68.16,-0.20,0,2,67.19,-0.74,18.66,36.89,-0.73
1041.78,0,,67.73,-0.49,0,2,66.97,-1.17,18.36,36.16,-0.86
1041.89,0,,67.34,-0.73,0,2,67.69,-1.10,18.31,36.18,-0.74
1041.99,0,,67.31,-0.81,2,0,67.58,-1.09,18.28,36.16,-0.70
1042.07,0,,67.51,-0.79,4,-2,67.95,-1.23,18.23,35.97,-0.79
1042.22,0,,67.75,-0.79,4,-2,68.00,-1.40,18.23,35.80,-0.96
1042.28,0,,67.93,-0.85,4,-2,67.94,-1.37,18.22,35.82,-0.92
1042.37,0,,67.96,-0.86,4,-2,67.66,-1.09,18.16,36.04,-0.58
1042.49,0,,67.96,-0.75,2,-1,68.54,-1.07,18.13,36.03,-0.53
1042.58,0,,68.10,-0.62,1,1,68.19,-1.15,18.11,35.93,-0.59
1042.70,0,,68.20,-0.54,0,2,67.97,-1.04,18.08,36.01,-0.45
1042.79,0,,68.15,-0.49,0,2,68.07,-1.10,18.05,35.92,-0.48
1042.88,0,,68.17,-0.46,0,2,68.71,-1.13,17.99,35.83,-0.45
1042.97,0,,68.35,-0.43,0,2,68.56,-0.98,17.99,35.98,-0.30
1043.09,0,,68.61,-0.37,0,2,69.14,-1.00,17.98,35.95,-0.31
1043.21,0,,68.79,-0.32,0,2,68.42,-1.07,17.90,35.80,-0.30
1043.27,0,,68.75,-0.29,0,2,68.52,-1.03,17.91,35.85,-0.27
1043.39,0,,68.57,-0.26,0,2,68.22,-0.97,17.90,35.90,-0.20
1043.48,0,,68.50,-0.21,0,2,69.18,-0.88,17.86,35.95,-0.07
1043.57,0,,68.65,-0.12,0,2,68.73,-0.78,17.84,36.03,0.05
1043.75,0,,68.92,0.00,0,2,69.70,-0.69,17.80,36.08,0.18
1043.78,0,,69.27,0.13,0,2,69.67,-0.52,17.76,36.21,0.39
1043.87,0,,69.58,0.29,0,2,69.69,-0.46,17.72,36.23,0.49
1043.99,0,,69.72,0.41,0,2,69.68,-0.51,17.72,36.18,0.44
1044.08,0,,69.80,0.48,0,2,70.15,-0.39,17.73,36.31,0.55
1044.20,0,,69.93,0.53,0,2,70.04,-0.31,17.67,36.33,0.69
1044.29,0,,70.02,0.60,0,2,69.95,-0.40,17.67,36.24,0.60
1044.38,0,,69.97,0.62,0,2,69.51,-0.42,17.67,36.22,0.58
1044.47,0,,69.80,0.62,0,2,69.71,-0.38,17.62,36.21,0.67
1044.59,0,,69.70,0.63,0,2,69.83,-0.37,17.67,36.27,0.63
1044.71,0,,69.71,0.62,0,1,69.71,-0.45,17.68,36.20,0.54
1044.80,0,,69.79,0.58,1,0,70.21,-0.57,17.61,36.01,0.49
1044.89,0,,69.92,0.52,1,0,69.82,-0.65,17.55,35.87,0.47
1044.98,0,,69.95,0.48,1,0,69.84,-0.66,17.51,35.82,0.50
1045.07,0,,69.94,0.50,1,0,70.12,-0.48,17.48,35.97,0.71
1045.22,0,,70.13,0.60,0,1,71.15,-0.35,17.43,36.05,0.89
1045.28,0,,70.50,0.75,0,2,70.57,-0.42,17.38,35.93,0.87
1045.37,0,,70.70,0.86,0,2,70.45,-0.47,17.35,35.85,0.85
1045.49,0,,70.67,0.91,0,2,70.66,-0.30,17.29,35.96,1.08
1045.58,0,,70.64,1.04,0,2,70.78,0.15,17.31,36.43,1.51
1045.70,0,,70.71,1.32,0,2,70.88,0.72,17.48,37.17,1.91
1045.79,0,,70.86,1.68,0,2,71.34,1.07,17.59,37.63,2.15
1045.88,0,,71.15,2.00,0,2,71.78,1.08,17.54,37.59,2.21
1045.97,0,,71.38,2.16,0,2,70.87,1.01,17.64,37.62,2.04
1046.09,0,,71.38,2.14,0,2,71.46,0.99,17.76,37.72,1.90
1046.21,0,,71.41,2.04,0,2,71.99,1.10,17.79,37.86,1.98
1046.27,0,,71.57,1.97,0,2,71.35,1.33,17.95,38.25,2.05
1046.39,0,,71.53,1.99,0,2,71.00,1.44,18.03,38.44,2.08
1046.48,0,,71.32,2.03,0,2,71.22,1.40,18.02,38.39,2.05
1046.64,0,,71.19,2.03,0,2,71.33,1.31,18.09,38.37,1.89
1046.72,0,,71.13,1.97,0,1,70.73,1.30,18.12,38.39,1.85
1046.78,0,,71.10,1.90,2,-1,71.60,1.32,18.08,38.37,1.91
1046.87,0,,71.15,1.87,4,-2,70.93,1.19,18.05,38.21,1.81
1046.99,0,,71.14,1.81,4,-2,70.94,0.95,18.00,37.92,1.62
1047.11,0,,71.07,1.71,4,-2,71.24,0.90,17.99,37.86,1.58
1047.20,0,,71.11,1.62,4,-2,71.33,1.01,18.08,38.06,1.60
1047.29,0,,71.18,1.56,2,-1,71.00,0.88,18.07,37.92,1.48
1047.38,0,,71.13,1.50,2,-1,70.85,0.69,17.97,37.63,1.39
1047.47,0,,70.95,1.44,2,-1,70.52,0.75,17.97,37.69,1.45
1047.63,0,,70.69,1.45,2,-1,70.32,0.94,17.93,37.84,1.68
1047.71,0,,70.55,1.56,4,-2,71.08,1.01,17.86,37.84,1.82
1047.77,0,,70.69,1.70,4,-2,71.10,1.01,17.89,37.87,1.79
1047.89,0,,70.96,1.80,4,-2,71.21,1.21,17.98,38.16,1.90
1047.98,0,,71.15,1.88,4,-2,71.20,1.48,18.07,38.52,2.08
1048.07,0,,71.21,1.98,1,0,71.01,1.61,18.20,38.78,2.08
1048.22,0,,71.15,2.05,0,1,71.08,1.77,18.37,39.11,2.07
1048.28,0,,71.03,2.10,0,1,70.60,2.04,18.50,39.51,2.21
1048.37,0,,70.82,2.17,0,2,70.46,2.20,18.53,39.70,2.34
1048.49,0,,70.57,2.29,2,-1,70.29,2.47,18.54,39.98,2.60
1048.58,0,,70.35,2.47,2,-1,70.05,2.80,18.69,40.46,2.78
1048.70,0,,70.16,2.63,4,-2,70.00,2.77,18.83,40.57,2.61
1048.79,0,,70.14,2.69,4,-2,70.81,2.76,18.76,40.49,2.67
1048.88,0,,70.33,2.70,4,-2,70.41,2.67,18.56,40.20,2.78
1048.97,0,,70.51,2.71,4,-2,70.71,2.38,18.41,39.76,2.64
1049.09,0,,70.63,2.70,4,-2,70.72,2.35,18.31,39.63,2.71
1049.21,0,,70.66,2.68,2,-1,70.41,2.27,18.34,39.58,2.60
1049.27,0,,70.65,2.65,2,-1,70.92,2.25,18.29,39.51,2.63
1049.39,0,,70.79,2.66,2,-1,71.43,2.39,18.14,39.50,2.92
1049.48,0,,71.05,2.73,0,2,71.11,2.13,18.14,39.24,2.66
1049.57,0,,71.26,2.70,0,2,71.62,1.74,18.10,38.81,2.31
1049.75,0,,71.34,2.54,0,2,70.82,1.60,17.91,38.48,2.36
1049.78,0,,71.27,2.37,0,2,71.46,1.28,17.72,37.97,2.23
1049.87,0,,71.26,2.23,0,2,71.37,0.81,17.56,37.34,1.92
1049.99,0,,71.18,2.03,0,2,70.24,0.44,17.45,36.86,1.66
1050.08,0,,70.86,1.77,0,2,70.62,0.06,17.40,36.43,1.33
1050.20,0,,70.55,1.47,0,1,70.29,-0.22,17.41,36.16,1.04
1050.29,0,,70.47,1.18,4,-2,70.97,-0.44,17.34,35.87,0.89
1050.38,0,,70.54,0.96,4,-2,70.34,-0.65,17.15,35.47,0.87
1050.47,0,,70.60,0.88,4,-2,70.83,-0.54,17.10,35.53,1.03
1050.59,0,,70.66,0.93,4,-2,70.75,-0.27,17.24,35.94,1.16
1050.71,0,,70.71,1.06,4,-2,70.53,0.04,17.39,36.40,1.32
1050.80,0,,70.67,1.23,4,-2,70.66,0.44,17.66,37.07,1.45
1050.89,0,,70.62,1.39,2,-1,70.56,0.96,18.05,37.98,1.58
1050.98,0,,70.56,1.56,1,0,70.29,1.62,18.36,38.95,1.93
1051.07,0,,70.43,1.76,1,0,70.26,1.87,18.55,39.39,1.99
1051.22,0,,70.15,1.89,1,0,68.99,1.65,18.61,39.23,1.71
1051.28,0,,69.62,1.87,4,-2,68.95,1.60,18.51,39.08,1.76
1051.37,0,,69.35,1.80,4,-2,70.60,1.62,18.49,39.08,1.80
1051.49,0,,69.73,1.78,4,-2,70.71,1.62,18.47,39.06,1.82
1051.58,0,,70.33,1.80,4,-2,70.69,1.56,18.31,38.84,1.92
1051.70,0,,70.61,1.82,4,-2,70.11,1.23,18.21,38.41,1.69
1051.79,0,,70.56,1.76,1,0,70.59,0.84,18.00,37.81,1.51
1051.88,0,,70.40,1.63,0,1,69.87,0.50,17.70,37.17,1.47
1052.03,0,,70.21,1.47,0,2,70.10,0.00,17.56,36.53,1.11
1052.09,0,,69.97,1.24,0,2,69.37,-0.42,17.44,35.99,0.81
1052.21,0,,69.79,0.97,0,2,70.11,-0.62,17.38,35.73,0.67
1052.27,0,,69.79,0.73,1,0,69.93,-0.76,17.42,35.63,0.49
1052.48,0,,69.87,0.54,4,-2,69.80,-1.00,17.32,35.29,0.35
1052.48,0,,69.97,0.43,4,-2,70.51,-0.92,17.26,35.31,0.49
1052.57,0,,70.14,0.48,4,-2,70.21,-0.28,17.34,36.03,1.05
1052.72,0,,70.26,0.76,2,-1,70.20,0.30,17.64,36.91,1.33
1052.78,0,,70.34,1.09,2,-1,70.79,0.80,18.15,37.92,1.32
1052.90,0,,70.43,1.34,0,1,70.11,1.30,18.36,38.63,1.61
1052.99,0,,70.23,1.49,0,1,68.99,1.29,18.50,38.76,1.46
1053.08,0,,69.79,1.51,0,1,69.90,1.18,18.54,38.69,1.31
1053.20,0,,69.49,1.45,1,0,68.97,1.26,18.47,38.70,1.46
1053.29,0,,69.38,1.41,4,-2,69.93,1.27,18.53,38.77,1.41
1053.38,0,,69.50,1.41,4,-2,69.83,1.16,18.38,38.51,1.45
1053.47,0,,69.76,1.40,4,-2,70.12,0.80,18.18,37.95,1.29
1053.59,0,,69.99,1.35,4,-2,70.18,0.45,17.92,37.34,1.20
1053.71,0,,70.18,1.27,2,-1,70.43,0.12,17.55,36.64,1.24
1053.77,0,,70.37,1.18,2,-1,70.75,-0.47,17.32,35.82,0.88
1053.89,0,,70.52,0.99,0,1,70.25,-0.87,17.29,35.39,0.51
1053.98,0,,70.33,0.70,0,2,69.07,-0.98,17.48,35.47,0.21
1054.10,0,,69.84,0.40,0,2,69.57,-0.99,17.42,35.40,0.26
1054.22,0,,69.50,0.29,0,2,69.53,-0.77,17.27,35.47,0.63
1054.28,0,,69.45,0.42,2,-1,69.73,-0.28,17.48,36.17,0.91
1054.37,0,,69.52,0.68,2,-1,69.43,0.17,17.84,36.98,1.00
1054.49,0,,69.50,0.92,2,-1,69.21,0.64,18.21,37.82,1.10
1054.58,0,,69.34,1.09,4,-2,68.96,1.09,18.42,38.48,1.34
1054.70,0,,69.15,1.21,4,-2,69.08,0.99,18.49,38.45,1.17
1054.79,0,,69.13,1.23,4,-2,69.72,0.87,18.50,38.34,1.04
1054.88,0,,69.40,1.19,4,-2,70.14,1.10,18.42,38.49,1.35
1054.97,0,,69.79,1.20,2,-1,70.03,0.97,18.39,38.33,1.25
1055.09,0,,70.10,1.20,0,2,70.48,0.57,18.26,37.80,0.98
1055.21,0,,70.21,1.10,1,0,69.61,0.19,17.98,37.14,0.88
1055.27,0,,70.08,0.98,0,2,69.90,-0.05,17.64,36.56,0.98
1055.39,0,,69.87,0.91,0,2,69.56,-0.48,17.39,35.88,0.80
1055.48,0,,69.68,0.81,0,2,69.44,-0.97,17.18,35.18,0.52
1055.57,0,,69.52,0.71,0,2,69.48,-0.89,16.91,34.99,0.87
1055.72,0,,69.45,0.70,0,1,69.44,-1.04,16.91,34.84,0.72
1055.78,0,,69.55,0.68,4,-2,70.38,-1.23,17.05,34.79,0.39
1055.87,0,,69.88,0.64,4,-2,70.33,-0.82,16.91,35.06,0.94
1055.99,0,,70.14,0.69,0,1,69.74,-1.01,16.88,34.84,0.78
1056.08,0,,70.09,0.72,1,0,69.87,-1.35,16.92,34.54,0.40
1056.20,0,,69.91,0.68,0,1,69.57,-1.04,16.72,34.65,0.91
1056.29,0,,69.67,0.71,0,1,69.24,-1.08,16.72,34.61,0.87
1056.38,0,,69.52,0.79,0,1,69.93,-1.17,16.79,34.59,0.71
1056.47,0,,69.61,0.83,0,1,70.01,-1.02,16.67,34.62,0.98
1056.59,0,,69.83,0.85,1,0,69.97,-1.28,16.68,34.37,0.71
1056.71,0,,70.03,0.78,1,0,70.42,-1.48,16.71,34.20,0.48
1056.94,0,,70.18,0.69,1,0,70.06,-1.24,16.58,34.31,0.85
1056.94,0,,70.18,0.69,1,0,70.06,-1.24,16.58,34.31,0.85
1056.98,0,,70.05,0.68,0,2,69.64,-1.64,16.60,33.93,0.43
1057.07,0,,69.84,0.64,0,2,69.63,-1.34,16.44,34.07,0.89
1057.22,0,,69.69,0.69,0,1,69.72,-1.44,16.45,33.98,0.78
1057.28,0,,69.66,0.71,0,1,69.80,-1.71,16.54,33.80,0.42
