Train.Red Export for,Enzo Wingate 3/18/2026
-------------------------------------------------------------
Measurement Date,2026-03-18T11:21:52.190265
Type,free
Sport,strength
Focus,perform
Number of Sensors,1
Samples,11847
Measurement Duration,19:44
Distance,0 m
MSS Avg,1.00
TSI Min,56.99
TSI Max,70.65
TSI Avg,67.99

Muscle states
Rest,05:43
Easy,08:22
Medi,04:14
Hard,00:00
Load,01:23



Sensor 1,Train.Red FYER
-------------------------------------------------------------
Sensor DataType,expertV13
Sensor ID,Train.Red FYER 1258
Mac Address,DCC48916-4672-04F7-A0DB-519724C43DEA
Firmware Version,
Sensor Position,quadVLRight
Initial TSI,68.18
Initial HBDiff,13.55
Initial o2Hb,11.90
Initial HHb,-1.47
Tsi Var,25.0
Filter Id,1
MSS Avg,1
TSI Min,56.99
TSI Max,70.65
TSI Avg,67.99
,,,Train.Red FYER 1258,,,,,,,,,
Timestamp (seconds passed),Lap/Event,,SmO2,HBDiff,Muscle state,Muscle trend,SmO2 unfiltered,O2HB unfiltered,HHb unfiltered,THb unfiltered,HBDiff unfiltered
0.00,0,,68.21,13.53,0,2,68.49,0.08,0.18,10.51,13.45
0.12,0,,68.32,13.51,0,2,68.41,0.14,0.14,10.53,13.55
0.21,0,,68.42,13.53,0,2,68.54,0.20,0.12,10.57,13.63
0.36,0,,68.43,13.58,0,2,68.03,0.25,0.14,10.64,13.66
0.42,0,,68.31,13.64,0,2,68.17,0.23,0.14,10.62,13.64
0.51,0,,68.15,13.64,0,2,67.89,0.15,0.15,10.55,13.55
0.60,0,,68.10,13.61,0,2,68.59,0.16,0.17,10.58,13.54
0.72,0,,68.24,13.58,0,2,68.53,0.25,0.16,10.66,13.64
0.84,0,,68.45,13.60,0,2,68.60,0.25,0.15,10.65,13.65
0.90,0,,68.51,13.62,0,2,68.06,0.18,0.17,10.60,13.56
1.02,0,,68.39,13.61,0,1,68.32,0.21,0.18,10.64,13.58
1.11,0,,68.31,13.60,1,0,68.44,0.27,0.15,10.67,13.67
1.20,0,,68.38,13.62,0,1,68.75,0.26,0.15,10.66,13.66
1.35,0,,68.49,13.65,0,1,68.26,0.20,0.13,10.58,13.62
1.41,0,,68.55,13.65,0,2,68.95,0.19,0.15,10.59,13.59
1.50,0,,68.59,13.63,0,2,68.22,0.27,0.17,10.69,13.65
1.59,0,,68.44,13.64,0,1,67.78,0.28,0.15,10.68,13.68
1.71,0,,68.19,13.65,1,0,68.34,0.22,0.17,10.64,13.60
1.86,0,,68.10,13.65,2,-1,68.14,0.23,0.14,10.62,13.64
1.89,0,,68.11,13.63,2,-1,68.07,0.21,0.17,10.63,13.59
2.01,0,,68.15,13.61,4,-2,68.39,0.28,0.25,10.78,13.58
2.10,0,,68.25,13.61,4,-2,68.43,0.35,0.17,10.77,13.73
2.19,0,,68.33,13.65,4,-2,68.19,0.26,0.15,10.66,13.66
2.34,0,,68.33,13.67,2,-1,68.30,0.28,0.19,10.72,13.64
2.40,0,,68.31,13.69,2,-1,68.40,0.39,0.11,10.75,13.83
2.49,0,,68.36,13.75,1,0,68.51,0.43,0.08,10.76,13.90
2.61,0,,68.42,13.84,1,0,68.42,0.45,0.10,10.80,13.90
2.70,0,,68.39,13.91,0,2,67.94,0.48,0.09,10.82,13.94
2.79,0,,68.36,13.95,0,1,69.10,0.57,0.10,10.92,14.02
2.91,0,,68.55,14.01,0,1,68.77,0.73,0.09,11.07,14.19
3.00,0,,68.69,14.09,0,1,68.26,0.72,0.13,11.10,14.14
3.09,0,,68.61,14.13,0,2,68.51,0.62,0.16,11.03,14.01
3.21,0,,68.49,14.11,0,2,68.44,0.68,0.15,11.08,14.08
3.36,0,,68.44,14.09,0,1,68.48,0.76,0.21,11.22,14.10
3.39,0,,68.46,14.09,0,1,68.56,0.75,0.21,11.21,14.09
3.51,0,,68.46,14.10,1,0,68.19,0.73,0.11,11.09,14.17
3.60,0,,68.47,14.14,1,0,69.00,0.70,-0.02,10.93,14.27
3.69,0,,68.58,14.21,1,0,68.47,0.60,-0.13,10.72,14.28
3.84,0,,68.60,14.24,2,-1,68.33,0.34,-0.22,10.37,14.11
3.90,0,,68.41,14.18,2,-1,67.79,-0.04,-0.39,9.82,13.90
3.99,0,,68.18,14.03,2,-1,68.39,-0.26,-0.54,9.45,13.83
4.11,0,,68.09,13.91,2,-1,67.89,-0.41,-0.76,9.08,13.90
4.20,0,,68.08,13.87,4,-2,68.34,-0.61,-1.02,8.62,13.96
4.29,0,,68.11,13.92,4,-2,67.99,-0.31,-0.92,9.02,14.16
4.41,0,,68.13,14.04,4,-2,68.23,-0.09,-0.74,9.42,14.20
4.50,0,,68.17,14.10,4,-2,68.31,-0.58,-0.84,8.83,13.81
4.59,0,,68.25,14.01,4,-2,68.40,-0.70,-0.93,8.62,13.78
4.71,0,,68.34,13.90,2,-1,68.43,-0.51,-0.93,8.81,13.97
4.86,0,,68.43,13.87,1,0,68.56,-0.57,-0.93,8.75,13.91
4.89,0,,68.50,13.91,0,2,68.55,-0.46,-0.93,8.86,14.02
5.01,0,,68.54,13.96,0,2,68.48,-0.56,-0.99,8.70,13.98
5.10,0,,68.55,13.95,0,2,68.66,-0.91,-1.00,8.34,13.64
5.19,0,,68.53,13.85,0,2,68.25,-0.82,-1.02,8.41,13.75
5.34,0,,68.41,13.79,0,2,68.04,-0.55,-1.02,8.68,14.02
5.40,0,,68.30,13.86,0,1,68.74,-0.59,-1.02,8.64,13.98
5.49,0,,68.36,13.90,1,0,68.35,-1.13,-1.15,7.97,13.57
5.61,0,,68.39,13.78,2,-1,68.06,-1.17,-1.05,8.03,13.43
5.70,0,,68.33,13.63,1,0,68.57,-0.71,-0.97,8.57,13.81
5.78,0,,68.37,13.63,2,-1,68.59,-0.83,-1.04,8.38,13.76
5.90,0,,68.49,13.69,2,-1,68.57,-0.98,-1.05,8.22,13.62
5.99,0,,68.50,13.68,1,0,68.00,-1.24,-1.21,7.80,13.52
6.08,0,,68.39,13.62,1,0,68.57,-1.16,-1.25,7.84,13.64
6.20,0,,68.33,13.64,1,0,68.22,-0.72,-1.11,8.42,13.94
6.32,0,,68.31,13.70,1,0,68.25,-1.17,-1.04,8.04,13.42
6.38,0,,68.31,13.60,1,0,68.56,-1.45,-1.03,7.77,13.13
6.50,0,,68.38,13.42,1,0,68.38,-1.15,-1.09,8.01,13.49
6.59,0,,68.44,13.36,2,-1,68.50,-1.11,-1.03,8.11,13.47
6.71,0,,68.43,13.38,0,1,68.16,-1.35,-1.06,7.84,13.26
6.83,0,,68.40,13.35,0,1,68.72,-1.50,-1.18,7.57,13.23
6.89,0,,68.38,13.29,1,0,67.88,-1.39,-1.15,7.71,13.31
6.99,0,,68.23,13.24,1,0,67.94,-1.62,-1.13,7.50,13.06
7.10,0,,68.05,13.16,2,-1,68.11,-1.63,-1.04,7.58,12.96
7.19,0,,67.99,13.08,2,-1,67.95,-1.36,-1.00,7.89,13.19
7.28,0,,68.03,13.07,4,-2,68.39,-1.54,-1.04,7.67,13.05
7.40,0,,68.14,13.07,4,-2,68.16,-1.57,-0.97,7.71,12.95
7.49,0,,68.09,13.01,4,-2,67.24,-1.71,-1.03,7.51,12.87
7.58,0,,67.83,12.90,4,-2,67.88,-2.06,-1.11,7.08,12.60
7.70,0,,67.70,12.74,4,-2,67.85,-1.98,-0.97,7.30,12.54
7.82,0,,67.72,12.59,4,-2,67.65,-1.99,-0.90,7.36,12.46
7.88,0,,67.72,12.50,4,-2,67.68,-2.12,-1.02,7.11,12.45
8.00,0,,67.70,12.46,4,-2,67.73,-1.94,-0.89,7.42,12.50
8.10,0,,67.75,12.44,4,-2,68.07,-2.16,-0.89,7.20,12.28
8.18,0,,67.88,12.40,4,-2,68.04,-2.26,-1.07,6.92,12.36
8.33,0,,67.90,12.36,2,-1,67.25,-2.27,-1.08,6.90,12.36
8.39,0,,67.65,12.27,2,-1,67.12,-2.77,-0.96,6.52,11.74
8.48,0,,67.35,12.04,2,-1,67.29,-2.63,-0.70,6.92,11.62
8.60,0,,67.25,11.80,4,-2,67.59,-2.59,-0.85,6.81,11.81
8.69,0,,67.36,11.70,4,-2,67.57,-2.69,-0.81,6.75,11.67
8.78,0,,67.42,11.66,4,-2,66.97,-2.70,-0.67,6.88,11.52
8.90,0,,67.30,11.56,4,-2,67.11,-3.28,-0.98,5.99,11.25
8.99,0,,67.10,11.41,4,-2,66.76,-3.04,-0.76,6.45,11.27
9.08,0,,66.97,11.27,4,-2,67.21,-2.98,-0.55,6.72,11.12
9.20,0,,66.98,11.15,4,-2,67.02,-3.29,-0.64,6.32,10.90
9.32,0,,67.00,11.03,4,-2,66.86,-2.95,-0.43,6.87,11.03
9.38,0,,66.95,10.93,4,-2,66.78,-3.38,-0.46,6.41,10.63
9.50,0,,66.86,10.79,4,-2,66.84,-3.44,-0.46,6.35,10.57
9.59,0,,66.78,10.68,4,-2,66.52,-2.99,-0.25,7.01,10.81
9.68,0,,66.69,10.63,4,-2,66.77,-3.50,-0.27,6.48,10.32
9.83,0,,66.65,10.52,4,-2,66.58,-3.48,-0.23,6.54,10.30
9.89,0,,66.63,10.40,4,-2,66.61,-3.23,-0.17,6.85,10.49
9.98,0,,66.61,10.33,4,-2,66.61,-3.80,-0.26,6.19,10.01
10.10,0,,66.57,10.19,4,-2,66.38,-3.79,-0.13,6.33,9.89
10.19,0,,66.42,10.01,4,-2,65.84,-3.75,-0.06,6.44,9.86
10.28,0,,66.12,9.82,4,-2,65.65,-4.32,-0.15,5.78,9.38
10.40,0,,65.83,9.61,4,-2,65.72,-3.98,0.11,6.38,9.46
10.49,0,,65.73,9.49,4,-2,66.09,-3.76,0.17,6.66,9.62
10.58,0,,65.80,9.43,4,-2,65.76,-4.48,-0.04,5.73,9.11
10.70,0,,65.87,9.30,4,-2,66.00,-4.41,0.18,6.02,8.96
10.82,0,,65.85,9.11,4,-2,65.39,-4.24,0.31,6.32,9.00
10.88,0,,65.69,8.95,4,-2,65.45,-4.61,0.29,5.93,8.65
11.00,0,,65.58,8.81,4,-2,65.93,-4.27,0.51,6.49,8.77
11.09,0,,65.68,8.76,4,-2,65.98,-4.20,0.44,6.49,8.91
11.18,0,,65.73,8.74,4,-2,65.01,-4.77,0.40,5.88,8.38
11.33,0,,65.49,8.59,2,-1,65.01,-4.76,0.62,6.11,8.17
11.39,0,,65.14,8.37,4,-2,64.70,-4.79,0.55,6.01,8.21
11.48,0,,64.95,8.19,4,-2,65.45,-5.01,0.58,5.82,7.96
11.60,0,,64.99,8.06,4,-2,64.87,-4.75,0.78,6.28,8.02
11.69,0,,65.07,8.01,4,-2,65.33,-4.76,0.72,6.21,8.07
11.78,0,,65.09,7.97,4,-2,64.74,-5.21,0.69,5.73,7.65
11.90,0,,64.98,7.84,4,-2,64.66,-5.10,0.83,5.98,7.62
11.99,0,,64.86,7.71,4,-2,65.16,-4.89,0.89,6.25,7.77
12.08,0,,64.82,7.63,4,-2,64.41,-5.39,0.89,5.75,7.27
12.20,0,,64.77,7.47,4,-2,65.00,-5.37,1.01,5.89,7.17
12.32,0,,64.79,7.33,4,-2,64.89,-4.99,1.02,6.28,7.54
12.38,0,,64.83,7.29,4,-2,64.69,-5.63,0.87,5.49,7.05
12.50,0,,64.75,7.18,4,-2,64.36,-5.81,0.98,5.42,6.76
12.59,0,,64.57,7.01,4,-2,64.35,-5.29,1.22,6.18,7.04
12.68,0,,64.36,6.90,4,-2,63.98,-5.63,1.19,5.81,6.73
12.83,0,,64.22,6.79,4,-2,64.54,-5.84,1.21,5.62,6.50
12.89,0,,64.26,6.67,4,-2,64.41,-5.52,1.31,6.04,6.72
12.98,0,,64.37,6.62,4,-2,64.39,-5.82,1.18,5.61,6.55
13.10,0,,64.34,6.57,4,-2,63.82,-5.95,1.24,5.54,6.36
13.19,0,,64.19,6.47,4,-2,64.26,-5.68,1.55,6.12,6.32
13.28,0,,64.16,6.37,4,-2,64.47,-5.63,1.57,6.19,6.35
13.40,0,,64.22,6.34,4,-2,63.98,-5.73,1.41,5.93,6.41
13.49,0,,64.16,6.30,4,-2,63.86,-6.19,1.44,5.50,5.92
13.58,0,,64.02,6.13,4,-2,64.01,-6.21,1.63,5.67,5.71
13.70,0,,63.96,5.92,4,-2,64.00,-5.92,1.70,6.03,5.93
13.82,0,,63.94,5.84,4,-2,63.83,-5.94,1.70,6.01,5.91
13.88,0,,63.96,5.86,4,-2,64.31,-5.99,1.60,5.86,5.96
14.00,0,,64.01,5.88,4,-2,63.72,-6.24,1.64,5.65,5.67
14.09,0,,63.88,5.78,4,-2,63.19,-6.32,1.85,5.78,5.38
14.18,0,,63.62,5.59,4,-2,63.71,-6.28,1.77,5.74,5.50
14.33,0,,63.52,5.48,4,-2,63.68,-6.17,1.86,5.94,5.52
14.39,0,,63.59,5.47,4,-2,63.71,-6.17,1.88,5.96,5.50
14.51,0,,63.54,5.43,4,-2,62.72,-6.60,1.85,5.50,5.10
14.60,0,,63.25,5.26,4,-2,62.93,-6.62,2.09,5.72,4.84
14.69,0,,63.07,5.07,4,-2,63.61,-6.42,1.93,5.76,5.20
14.78,0,,63.20,5.04,4,-2,63.50,-6.37,1.98,5.86,5.20
14.90,0,,63.39,5.08,4,-2,63.36,-6.47,2.16,5.94,4.92
14.99,0,,63.37,4.99,4,-2,62.82,-6.95,2.08,5.38,4.52
15.08,0,,63.19,4.76,4,-2,63.11,-6.88,2.24,5.61,4.43
15.20,0,,63.06,4.59,4,-2,63.14,-6.60,2.10,5.75,4.85
15.32,0,,63.09,4.62,4,-2,63.36,-6.64,2.11,5.72,4.80
15.38,0,,63.20,4.71,2,-1,63.31,-6.58,2.27,5.94,4.70
15.50,0,,63.29,4.73,1,0,63.25,-6.95,2.01,5.31,4.59
15.59,0,,63.23,4.63,1,0,62.71,-7.09,2.21,5.37,4.25
15.68,0,,63.06,4.44,2,-1,63.10,-6.90,2.43,5.78,4.22
15.83,0,,62.95,4.27,2,-1,62.83,-6.98,2.41,5.68,4.16
15.89,0,,62.91,4.18,2,-1,62.93,-6.81,2.55,5.99,4.19
15.98,0,,62.92,4.15,4,-2,63.13,-7.13,2.29,5.41,4.13
16.10,0,,62.92,4.11,4,-2,62.48,-7.29,2.30,5.26,3.96
16.19,0,,62.80,4.05,4,-2,62.69,-7.01,2.54,5.78,4.00
16.28,0,,62.70,3.97,4,-2,62.79,-7.23,2.49,5.51,3.83
16.40,0,,62.66,3.88,4,-2,62.49,-7.27,2.63,5.61,3.65
16.49,0,,62.56,3.70,4,-2,62.18,-7.77,2.49,4.97,3.29
16.58,0,,62.43,3.48,4,-2,62.57,-7.85,2.44,4.84,3.26
16.70,0,,62.44,3.38,4,-2,62.79,-6.99,2.74,6.00,3.82
16.82,0,,62.57,3.47,4,-2,62.54,-7.30,2.68,5.63,3.57
16.88,0,,62.65,3.51,4,-2,62.76,-8.09,2.48,4.64,2.98
17.00,0,,62.65,3.32,4,-2,62.40,-7.95,2.59,4.89,3.01
17.09,0,,62.54,3.12,4,-2,62.16,-7.63,2.78,5.40,3.14
17.18,0,,62.35,3.03,4,-2,62.22,-7.91,2.70,5.04,2.94
17.33,0,,62.17,2.98,4,-2,61.84,-7.87,2.73,5.11,2.95
17.39,0,,61.95,2.95,4,-2,61.51,-7.82,2.74,5.17,2.99
17.48,0,,61.84,2.93,4,-2,62.54,-8.14,2.63,4.74,2.78
17.60,0,,62.01,2.90,4,-2,62.33,-7.77,2.78,5.26,3.00
17.69,0,,62.30,2.94,4,-2,62.68,-7.63,2.70,5.32,3.22
17.78,0,,62.43,3.00,4,-2,61.92,-7.98,2.83,5.10,2.74
17.90,0,,62.24,2.87,4,-2,61.48,-8.05,3.27,5.47,2.23
17.99,0,,61.93,2.58,4,-2,62.14,-8.18,3.02,5.09,2.35
18.08,0,,61.88,2.39,4,-2,62.23,-8.26,2.75,4.74,2.54
18.20,0,,62.05,2.35,2,-1,62.30,-8.19,3.11,5.17,2.25
18.32,0,,62.04,2.27,0,1,60.94,-8.26,3.45,5.44,1.84
18.41,0,,61.72,2.06,4,-2,61.56,-8.49,3.30,5.06,1.76
18.50,0,,61.45,1.83,4,-2,61.45,-8.98,3.03,4.30,1.54
18.59,0,,61.39,1.54,4,-2,61.47,-9.37,3.42,4.30,0.76
18.68,0,,61.28,1.10,4,-2,60.42,-9.31,3.83,4.77,0.41
18.83,0,,61.03,0.70,4,-2,61.20,-9.35,3.50,4.40,0.70
18.89,0,,61.01,0.56,4,-2,61.66,-9.56,3.26,3.95,0.73
18.98,0,,61.24,0.58,4,-2,61.35,-9.48,3.53,4.30,0.54
19.10,0,,61.34,0.53,4,-2,60.86,-9.62,3.78,4.41,0.15
19.19,0,,61.19,0.39,4,-2,60.94,-9.64,3.63,4.24,0.28
19.28,0,,61.08,0.31,4,-2,61.49,-9.44,3.50,4.31,0.61
19.40,0,,61.16,0.34,4,-2,61.22,-9.87,3.54,3.92,0.14
19.49,0,,61.14,0.27,2,-1,60.45,-9.91,3.74,4.08,-0.10
19.58,0,,60.89,0.12,1,0,60.58,-9.36,3.98,4.87,0.21
19.70,0,,60.64,0.09,2,-1,60.55,-9.49,3.78,4.54,0.28
19.82,0,,60.48,0.14,4,-2,60.19,-10.10,3.42,3.57,0.03
19.88,0,,60.40,0.07,4,-2,60.69,-10.27,3.64,3.62,-0.36
20.00,0,,60.44,-0.12,4,-2,60.54,-9.91,4.05,4.39,-0.41
20.09,0,,60.49,-0.31,4,-2,60.26,-9.73,4.19,4.71,-0.37
20.21,0,,60.36,-0.44,4,-2,59.79,-10.03,4.21,4.43,-0.69
20.33,0,,60.16,-0.56,4,-2,60.32,-10.31,3.89,3.83,-0.65
20.39,0,,60.22,-0.61,4,-2,61.10,-10.23,3.76,3.78,-0.44
20.48,0,,60.57,-0.59,4,-2,60.89,-10.12,4.07,4.20,-0.64
20.59,0,,60.78,-0.61,4,-2,60.25,-10.30,4.11,4.06,-0.86
20.69,0,,60.68,-0.69,0,1,60.55,-9.97,4.18,4.46,-0.60
20.78,0,,60.54,-0.69,0,1,60.52,-9.97,4.17,4.45,-0.59
20.90,0,,60.45,-0.70,0,1,60.19,-10.80,3.80,3.25,-1.05
20.99,0,,60.36,-0.83,0,1,60.43,-10.72,3.95,3.48,-1.12
21.08,0,,60.33,-1.02,0,1,60.30,-10.34,4.44,4.35,-1.23
21.19,0,,60.32,-1.18,1,0,60.33,-10.31,4.56,4.50,-1.32
21.32,0,,60.15,-1.30,4,-2,58.99,-10.41,4.59,4.43,-1.45
21.38,0,,59.80,-1.43,4,-2,59.97,-10.86,4.45,3.84,-1.76
21.50,0,,59.76,-1.54,4,-2,60.68,-10.82,4.06,3.49,-1.33
21.58,0,,60.10,-1.52,4,-2,60.40,-10.75,4.16,3.66,-1.36
21.67,0,,60.28,-1.52,4,-2,59.57,-11.05,4.63,3.83,-2.13
21.83,0,,60.14,-1.71,2,-1,60.14,-10.80,4.64,4.09,-1.89
21.89,0,,59.99,-1.82,2,-1,59.88,-10.51,4.47,4.21,-1.43
21.98,0,,59.84,-1.76,4,-2,59.25,-11.09,4.29,3.45,-1.83
22.09,0,,59.61,-1.78,4,-2,59.53,-11.47,4.34,3.12,-2.26
22.19,0,,59.48,-1.97,4,-2,59.65,-11.06,4.68,3.87,-2.19
22.28,0,,59.56,-2.14,4,-2,59.93,-11.04,4.64,3.85,-2.13
22.40,0,,59.60,-2.23,4,-2,58.92,-11.39,4.65,3.51,-2.49
22.49,0,,59.53,-2.30,4,-2,60.00,-11.09,4.63,3.79,-2.17
22.58,0,,59.56,-2.24,4,-2,59.55,-10.90,4.43,3.78,-1.78
22.69,0,,59.55,-2.11,4,-2,58.99,-11.49,4.42,3.18,-2.36
22.82,0,,59.32,-2.15,4,-2,58.93,-11.61,4.48,3.12,-2.54
22.87,0,,59.06,-2.34,4,-2,58.93,-11.28,4.78,3.75,-2.51
22.99,0,,58.95,-2.50,4,-2,59.15,-11.03,5.19,4.41,-2.67
23.08,0,,58.90,-2.62,4,-2,58.41,-10.98,5.33,4.60,-2.76
23.17,0,,58.84,-2.73,4,-2,59.28,-11.42,5.05,3.88,-2.92
23.32,0,,59.00,-2.82,4,-2,59.76,-11.65,4.69,3.29,-2.79
23.39,0,,59.28,-2.86,4,-2,59.01,-11.72,4.72,3.25,-2.89
23.47,0,,59.28,-2.90,4,-2,58.78,-11.72,4.92,3.45,-3.09
23.60,0,,59.11,-2.96,2,-1,59.25,-11.40,5.09,3.94,-2.94
23.68,0,,59.04,-3.01,2,0,59.00,-11.41,5.28,4.12,-3.14
23.77,0,,58.88,-3.10,2,0,57.84,-11.77,5.20,3.68,-3.42
23.89,0,,58.55,-3.25,2,-1,58.67,-12.00,4.93,3.18,-3.38
23.98,0,,58.51,-3.38,4,-2,59.41,-12.13,4.91,3.03,-3.49
24.08,0,,58.82,-3.47,4,-2,58.96,-12.13,4.98,3.10,-3.56
24.19,0,,58.96,-3.53,4,-2,58.39,-12.03,5.00,3.22,-3.48
24.31,0,,58.85,-3.53,4,-2,58.99,-11.83,5.21,3.63,-3.49
24.37,0,,58.70,-3.54,4,-2,58.08,-11.75,5.53,4.03,-3.73
24.49,0,,58.38,-3.65,4,-2,57.52,-12.07,5.51,3.69,-4.03
24.58,0,,58.03,-3.83,4,-2,58.38,-12.32,5.21,3.14,-3.98
24.67,0,,58.02,-3.95,4,-2,58.52,-12.35,5.05,2.95,-3.85
24.85,0,,58.29,-3.96,4,-2,58.73,-12.39,5.09,2.95,-3.93
24.88,0,,58.50,-3.94,4,-2,58.21,-12.29,5.19,3.15,-3.93
25.01,0,,58.55,-3.93,4,-2,58.76,-12.16,5.33,3.42,-3.94
25.09,0,,58.56,-3.95,4,-2,58.43,-12.05,5.58,3.78,-4.08
25.18,0,,58.42,-4.03,2,-1,57.54,-12.20,5.59,3.64,-4.24
25.27,0,,58.14,-4.14,2,0,58.33,-12.51,5.26,3.00,-4.22
25.39,0,,58.12,-4.20,1,1,58.83,-12.53,5.16,2.88,-4.14
25.48,0,,58.36,-4.20,1,1,58.35,-12.53,5.15,2.87,-4.13
25.57,0,,58.44,-4.17,2,0,57.97,-12.50,5.18,2.93,-4.13
25.69,0,,58.35,-4.15,2,-1,58.60,-12.23,5.47,3.49,-4.15
25.81,0,,58.32,-4.16,2,-1,58.21,-12.11,5.70,3.84,-4.26
25.87,0,,58.30,-4.24,2,-1,58.16,-12.37,5.70,3.58,-4.52
25.99,0,,58.25,-4.37,2,-1,58.28,-12.54,5.44,3.15,-4.43
26.08,0,,58.28,-4.42,1,1,58.68,-12.59,5.18,2.84,-4.22
26.17,0,,58.40,-4.38,2,0,58.35,-12.77,5.14,2.62,-4.36
26.32,0,,58.44,-4.33,2,0,58.28,-12.62,5.19,2.82,-4.26
26.38,0,,58.39,-4.28,1,1,58.40,-12.25,5.44,3.44,-4.14
26.47,0,,58.40,-4.25,1,1,58.62,-12.22,5.80,3.83,-4.47
26.59,0,,58.31,-4.34,2,0,57.23,-12.40,5.81,3.66,-4.66
26.68,0,,58.08,-4.48,2,-1,58.59,-12.55,5.40,3.10,-4.40
26.77,0,,58.16,-4.48,2,-1,58.98,-12.61,5.15,2.79,-4.21
26.89,0,,58.49,-4.39,2,0,58.47,-12.68,5.22,2.79,-4.35
26.98,0,,58.61,-4.34,2,0,58.25,-12.64,5.30,2.91,-4.39
27.08,0,,58.49,-4.32,2,0,58.28,-12.32,5.43,3.36,-4.20
27.19,0,,58.27,-4.29,2,0,57.76,-11.98,5.82,4.09,-4.25
27.31,0,,57.94,-4.31,2,0,57.19,-12.13,6.09,4.21,-4.67
27.37,0,,57.73,-4.45,4,-2,58.72,-12.45,5.75,3.55,-4.65
27.49,0,,58.04,-4.51,4,-2,59.05,-12.33,5.21,3.13,-3.99
27.58,0,,58.55,-4.35,2,0,58.63,-12.47,5.16,2.94,-4.08
27.67,0,,58.70,-4.16,2,0,57.92,-12.27,5.36,3.34,-4.08
27.83,0,,58.46,-3.92,2,0,58.20,-11.25,5.25,4.25,-2.95
27.89,0,,58.21,-3.50,2,0,58.06,-11.07,5.52,4.70,-3.04
27.98,0,,57.95,-3.23,2,0,57.06,-11.40,5.93,4.78,-3.78
28.09,0,,57.61,-3.30,2,-1,57.57,-11.40,5.53,4.38,-3.38
28.18,0,,57.49,-3.36,2,-1,58.02,-11.49,5.06,3.82,-3.00
28.27,0,,57.66,-3.27,4,-2,57.89,-11.79,5.01,3.47,-3.25
28.39,0,,57.77,-3.23,4,-2,57.32,-11.89,5.13,3.49,-3.47
28.49,0,,57.78,-3.27,4,-2,58.42,-11.44,5.23,4.04,-3.12
28.57,0,,57.89,-3.27,4,-2,57.75,-11.34,5.52,4.43,-3.31
28.69,0,,57.84,-3.35,4,-2,57.04,-11.77,5.78,4.26,-4.00
28.81,0,,57.59,-3.56,2,-1,57.74,-11.67,5.41,3.99,-3.53
28.87,0,,57.60,-3.56,2,-1,58.39,-11.31,5.03,3.97,-2.79
28.99,0,,57.80,-3.31,2,-1,57.37,-11.73,5.03,3.55,-3.21
29.08,0,,57.82,-3.20,2,-1,57.86,-12.06,5.20,3.39,-3.71
29.23,0,,57.82,-3.31,1,1,58.09,-11.55,5.26,3.96,-3.26
29.32,0,,57.98,-3.39,1,1,58.49,-11.52,5.39,4.12,-3.36
29.38,0,,58.11,-3.46,1,1,57.53,-11.89,5.68,4.04,-4.02
29.47,0,,58.03,-3.62,0,2,57.96,-11.55,5.50,4.20,-3.50
29.59,0,,57.96,-3.59,0,2,58.30,-11.38,5.13,4.00,-2.96
29.68,0,,57.87,-3.40,0,2,56.80,-12.06,5.03,3.22,-3.54
29.77,0,,57.61,-3.40,2,-1,57.76,-12.33,5.14,3.06,-3.92
29.89,0,,57.45,-3.58,2,-1,57.41,-11.91,5.20,3.54,-3.56
29.98,0,,57.56,-3.68,4,-2,58.39,-11.76,5.50,3.99,-3.71
30.07,0,,57.63,-3.77,4,-2,56.36,-11.84,5.95,4.36,-4.24
30.19,0,,57.43,-3.92,4,-2,57.74,-11.76,5.66,4.15,-3.87
30.31,0,,57.35,-3.90,4,-2,57.71,-11.67,5.18,3.76,-3.30
30.37,0,,57.51,-3.69,4,-2,57.63,-11.96,5.15,3.44,-3.56
30.49,0,,57.57,-3.59,4,-2,57.21,-12.26,5.34,3.33,-4.05
30.58,0,,57.55,-3.69,2,-1,57.95,-11.86,5.36,3.75,-3.67
30.67,0,,57.65,-3.75,2,-1,57.91,-11.70,5.48,4.03,-3.63
30.83,0,,57.70,-3.80,2,-1,56.98,-12.04,5.79,4.00,-4.28
30.89,0,,57.58,-3.94,1,1,57.95,-11.86,5.68,4.07,-3.99
30.97,0,,57.61,-3.98,1,1,57.91,-11.74,5.28,3.79,-3.47
31.09,0,,57.75,-3.82,1,1,57.69,-12.09,5.18,3.34,-3.72
31.18,0,,57.76,-3.71,1,1,57.50,-12.16,5.27,3.36,-3.88
31.27,0,,57.72,-3.72,1,1,58.01,-11.87,5.28,3.66,-3.60
31.39,0,,57.77,-3.69,1,1,57.85,-11.50,5.66,4.41,-3.61
31.48,0,,57.69,-3.71,1,1,56.60,-11.66,6.00,4.59,-4.11
31.60,0,,57.42,-3.83,2,0,57.80,-12.04,5.47,3.68,-3.96
31.69,0,,57.40,-3.89,2,0,57.88,-11.88,5.17,3.54,-3.50
31.81,0,,57.71,-3.79,2,-1,58.45,-11.89,5.39,3.75,-3.73
31.93,0,,57.93,-3.75,2,-1,57.07,-12.25,5.43,3.43,-4.13
31.99,0,,57.84,-3.85,1,1,58.00,-12.01,5.40,3.64,-3.86
32.08,0,,57.72,-3.87,1,1,57.53,-11.37,5.63,4.51,-3.45
32.17,0,,57.58,-3.77,1,1,56.99,-11.74,5.78,4.29,-3.97
32.32,0,,57.41,-3.83,2,-1,57.79,-12.38,5.49,3.36,-4.32
32.38,0,,57.45,-3.97,2,0,57.72,-11.90,5.37,3.72,-3.72
32.47,0,,57.68,-3.98,2,0,58.23,-11.78,5.69,4.16,-3.92
32.59,0,,57.77,-4.02,2,0,56.78,-12.34,5.81,3.72,-4.60
32.68,0,,57.63,-4.18,2,0,57.99,-12.02,5.67,3.90,-4.14
32.77,0,,57.64,-4.19,2,0,58.16,-11.69,5.43,3.99,-3.57
32.89,0,,57.83,-3.98,2,0,57.64,-12.12,5.30,3.43,-3.87
32.98,0,,57.75,-3.89,2,0,56.91,-12.36,5.53,3.42,-4.34
33.07,0,,57.53,-4.00,2,0,57.99,-12.14,5.49,3.60,-4.08
33.19,0,,57.52,-4.07,2,0,57.63,-11.60,5.73,4.38,-3.78
33.31,0,,57.55,-4.05,2,0,57.04,-11.73,6.17,4.69,-4.35
33.37,0,,57.48,-4.14,2,0,57.93,-12.54,5.51,3.22,-4.50
33.49,0,,57.57,-4.26,2,0,57.84,-12.20,5.25,3.30,-3.90
33.58,0,,57.78,-4.21,2,0,58.11,-11.94,5.68,3.99,-4.07
33.71,0,,57.88,-4.18,2,0,57.36,-12.56,5.67,3.36,-4.68
33.82,0,,57.79,-4.29,1,1,57.80,-12.09,5.66,3.82,-4.20
33.88,0,,57.76,-4.25,2,0,58.18,-11.59,5.50,4.16,-3.54
34.00,0,,57.84,-4.00,2,0,57.54,-11.97,5.47,3.75,-3.89
34.09,0,,57.68,-3.91,2,0,56.77,-12.27,5.77,3.75,-4.49
34.18,0,,57.47,-4.08,2,0,58.32,-12.40,5.39,3.24,-4.24
34.27,0,,57.61,-4.18,2,0,58.02,-11.91,5.39,3.73,-3.75
34.39,0,,57.78,-4.13,2,0,57.02,-11.82,6.12,4.55,-4.39
34.48,0,,57.57,-4.22,2,0,57.16,-12.67,5.68,3.26,-4.80
34.57,0,,57.37,-4.41,2,0,57.79,-12.52,5.18,2.91,-4.15
34.69,0,,57.44,-4.41,4,-2,57.73,-11.97,5.70,3.98,-4.12
34.81,0,,57.55,-4.35,4,-2,57.16,-12.31,6.02,3.96,-4.78
34.87,0,,57.45,-4.47,2,-1,57.16,-12.61,5.68,3.32,-4.74
34.99,0,,57.32,-4.59,2,-1,57.53,-12.49,5.36,3.12,-4.30
35.08,0,,57.42,-4.55,2,-1,58.14,-12.41,5.61,3.45,-4.47
35.17,0,,57.63,-4.53,2,-1,57.28,-12.54,5.88,3.59,-4.87
35.32,0,,57.64,-4.63,2,-1,57.45,-12.55,5.69,3.39,-4.69
35.38,0,,57.58,-4.66,1,1,57.89,-12.35,5.43,3.33,-4.23
35.47,0,,57.72,-4.52,1,1,58.31,-12.37,5.52,3.40,-4.34
35.59,0,,57.78,-4.44,1,1,56.55,-12.61,5.78,3.42,-4.84
35.68,0,,57.54,-4.56,1,1,57.74,-12.67,5.66,3.24,-4.78
35.77,0,,57.42,-4.65,1,1,57.68,-12.36,5.50,3.39,-4.31
35.89,0,,57.49,-4.57,2,0,57.40,-12.15,5.75,3.85,-4.35
35.98,0,,57.40,-4.51,2,0,56.66,-12.64,5.85,3.46,-4.94
36.10,0,,57.21,-4.62,2,-1,57.64,-12.82,5.55,2.98,-4.82
36.19,0,,57.22,-4.69,2,-1,57.39,-12.04,5.67,3.88,-4.16
36.31,0,,57.37,-4.53,4,-2,57.54,-11.86,6.00,4.39,-4.31
36.37,0,,57.34,-4.45,4,-2,56.49,-12.83,5.75,3.17,-5.03
36.49,0,,57.18,-4.62,4,-2,57.64,-13.00,5.41,2.66,-4.86
36.58,0,,57.21,-4.73,2,-1,57.53,-12.14,5.61,3.72,-4.20
36.67,0,,57.36,-4.63,2,-1,57.18,-12.15,6.03,4.13,-4.63
36.82,0,,57.33,-4.63,2,-1,57.06,-13.03,5.72,2.94,-5.20
36.88,0,,57.30,-4.80,2,-1,57.83,-12.92,5.37,2.70,-4.74
36.97,0,,57.46,-4.82,2,-1,57.78,-12.04,5.86,4.07,-4.35
37.09,0,,57.63,-4.69,1,1,57.39,-12.09,6.18,4.34,-4.72
37.18,0,,57.61,-4.65,0,2,57.47,-12.83,5.69,3.11,-4.97
37.33,0,,57.56,-4.72,0,2,57.76,-12.75,5.30,2.80,-4.50
37.39,0,,57.66,-4.64,0,2,58.09,-11.96,5.76,4.05,-4.17
37.48,0,,57.75,-4.50,0,2,57.23,-12.14,6.18,4.29,-4.77
37.60,0,,57.59,-4.59,0,2,57.02,-13.13,5.70,2.82,-5.28
37.69,0,,57.34,-4.84,1,1,57.53,-12.97,5.29,2.57,-4.71
37.81,0,,57.36,-4.87,2,0,57.98,-12.19,5.67,3.73,-4.31
37.87,0,,57.58,-4.75,2,0,57.57,-12.53,6.19,3.91,-5.17
37.99,0,,57.57,-4.86,2,0,56.69,-13.14,5.86,2.97,-5.45
38.08,0,,57.39,-5.08,2,0,57.92,-13.10,5.25,2.40,-4.80
38.17,0,,57.38,-5.05,2,-1,57.38,-12.51,5.60,3.34,-4.56
38.32,0,,57.36,-4.89,4,-2,56.72,-12.46,6.20,3.99,-5.11
38.38,0,,57.10,-4.93,4,-2,56.69,-13.29,5.68,2.64,-5.42
38.47,0,,56.98,-5.08,4,-2,57.95,-13.14,5.19,2.30,-4.78
38.59,0,,57.27,-5.01,4,-2,57.80,-12.31,5.72,3.66,-4.48
38.68,0,,57.59,-4.81,2,-1,57.41,-12.32,6.17,4.10,-4.94
38.77,0,,57.57,-4.81,2,0,56.89,-13.11,5.73,2.87,-5.29
38.89,0,,57.39,-4.98,2,0,57.80,-13.29,5.30,2.26,-5.04
38.98,0,,57.44,-5.01,2,0,57.79,-12.38,5.59,3.46,-4.42
39.07,0,,57.63,-4.82,1,1,57.76,-12.23,5.92,3.94,-4.60
39.19,0,,57.68,-4.71,0,2,57.15,-13.13,5.63,2.75,-5.21
39.31,0,,57.59,-4.85,0,2,57.90,-13.29,5.34,2.30,-5.08
39.37,0,,57.60,-4.95,0,2,57.65,-12.58,5.46,3.13,-4.49
39.49,0,,57.67,-4.83,1,1,57.74,-12.53,5.60,3.32,-4.58
39.58,0,,57.61,-4.73,1,1,56.89,-13.11,5.62,2.76,-5.18
39.67,0,,57.46,-4.85,1,1,57.94,-13.10,5.54,2.69,-5.09
39.82,0,,57.46,-4.95,2,0,57.35,-12.70,5.37,2.92,-4.52
39.88,0,,57.62,-4.84,2,0,58.41,-12.67,5.48,3.06,-4.60
39.97,0,,57.72,-4.75,2,0,56.74,-13.03,5.65,2.87,-5.13
40.09,0,,57.60,-4.85,2,0,57.84,-13.14,5.48,2.59,-5.07
40.18,0,,57.53,-4.95,2,0,57.71,-12.91,5.33,2.67,-4.69
40.27,0,,57.66,-4.90,2,0,58.05,-12.75,5.57,3.07,-4.77
40.39,0,,57.75,-4.87,1,1,57.26,-12.99,5.77,3.03,-5.21
40.51,0,,57.65,-4.99,1,1,57.48,-13.33,5.48,2.40,-5.26
40.57,0,,57.54,-5.10,1,1,57.74,-13.05,5.25,2.45,-4.75
40.69,0,,57.57,-4.99,1,1,57.68,-12.44,5.72,3.53,-4.61
40.84,0,,57.58,-4.86,1,1,57.19,-12.63,6.10,3.72,-5.18
40.87,0,,57.44,-4.94,1,1,57.16,-13.39,5.50,2.36,-5.34
40.99,0,,57.39,-5.09,1,1,58.20,-13.20,5.19,2.24,-4.84
41.08,0,,57.60,-5.01,2,-1,57.65,-12.31,5.67,3.61,-4.43
41.17,0,,57.74,-4.77,2,0,57.55,-12.26,5.97,3.96,-4.68
41.32,0,,57.65,-4.70,2,0,57.23,-13.02,5.74,2.97,-5.21
41.38,0,,57.61,-4.85,2,0,58.46,-13.22,5.30,2.33,-4.97
41.47,0,,57.77,-4.92,2,0,57.60,-12.64,5.38,2.99,-4.47
41.59,0,,57.89,-4.80,2,0,58.02,-12.51,5.74,3.48,-4.70
41.71,0,,57.84,-4.74,0,2,57.24,-12.88,5.74,3.11,-5.07
41.77,0,,57.66,-4.84,0,2,57.61,-13.16,5.42,2.51,-5.03
41.89,0,,57.56,-4.93,2,0,57.79,-13.14,5.10,2.21,-4.69
41.98,0,,57.68,-4.89,2,0,58.13,-12.76,5.55,3.04,-4.76
42.07,0,,57.78,-4.89,2,0,57.22,-13.08,5.94,3.11,-5.47
42.19,0,,57.69,-5.10,2,0,57.64,-13.48,5.48,2.25,-5.41
42.34,0,,57.68,-5.24,2,0,58.36,-13.01,5.24,2.48,-4.70
42.37,0,,57.78,-5.07,2,0,57.13,-12.44,5.66,3.47,-4.55
42.49,0,,57.71,-4.81,1,1,57.73,-12.53,5.89,3.61,-4.87
42.58,0,,57.57,-4.76,2,0,57.33,-13.23,5.42,2.44,-5.10
42.67,0,,57.54,-4.87,2,0,57.93,-13.27,5.19,2.17,-4.91
42.82,0,,57.72,-4.90,2,-1,58.39,-12.69,5.39,2.95,-4.53
42.88,0,,58.03,-4.77,2,0,58.18,-12.72,5.41,2.94,-4.58
42.97,0,,58.10,-4.69,1,1,57.28,-12.97,5.62,2.90,-5.04
43.09,0,,57.95,-4.79,0,2,58.37,-13.10,5.43,2.58,-4.98
43.21,0,,57.96,-4.84,1,1,58.16,-12.94,4.91,2.22,-4.30
43.27,0,,58.05,-4.66,0,2,57.83,-12.30,5.55,3.50,-4.30
43.39,0,,58.00,-4.49,0,2,57.82,-12.29,6.00,3.96,-4.74
43.48,0,,57.77,-4.55,0,2,56.88,-13.13,5.38,2.50,-4.96
43.57,0,,57.51,-4.77,1,1,57.98,-13.56,5.07,1.76,-5.08
43.69,0,,57.57,-4.91,4,-2,58.20,-12.95,5.11,2.41,-4.51
43.84,0,,57.91,-4.80,4,-2,58.38,-12.41,5.59,3.43,-4.45
43.88,0,,58.11,-4.70,2,0,57.47,-12.81,5.98,3.42,-5.24
43.99,0,,57.95,-4.86,2,0,57.51,-13.33,5.48,2.40,-5.26
44.08,0,,57.80,-5.05,2,-1,58.46,-13.35,5.04,1.94,-4.84
44.17,0,,57.92,-4.98,2,-1,58.01,-12.39,5.45,3.31,-4.29
44.32,0,,58.01,-4.70,2,0,57.60,-12.10,5.97,4.12,-4.52
44.38,0,,57.84,-4.59,1,1,57.39,-13.13,5.62,2.74,-5.20
44.47,0,,57.66,-4.75,2,0,57.95,-13.29,5.16,2.12,-4.90
44.59,0,,57.72,-4.85,1,1,58.21,-12.71,5.28,2.82,-4.44
44.71,0,,57.96,-4.76,1,1,58.19,-12.63,5.58,3.20,-4.66
44.77,0,,58.00,-4.71,2,-1,57.12,-12.92,5.75,3.08,-5.12
44.89,0,,57.78,-4.89,1,1,57.81,-13.35,5.61,2.51,-5.41
45.01,0,,57.69,-5.13,2,-1,58.16,-13.45,5.11,1.91,-5.01
45.07,0,,57.80,-5.10,2,0,57.66,-12.59,5.32,2.98,-4.36
45.22,0,,57.86,-4.85,2,0,57.93,-12.23,6.08,4.10,-4.76
45.34,0,,57.77,-4.76,2,0,57.10,-13.11,5.80,2.94,-5.36
45.37,0,,57.58,-4.94,2,0,57.67,-13.43,5.18,2.00,-5.06
45.49,0,,57.52,-5.05,4,-2,57.82,-12.96,5.28,2.57,-4.69
45.61,0,,57.62,-4.95,2,-1,57.67,-12.53,5.78,3.50,-4.76
45.67,0,,57.73,-4.86,2,-1,57.89,-12.57,6.04,3.72,-5.06
45.82,0,,57.72,-4.92,2,-1,57.22,-13.22,5.48,2.51,-5.15
45.88,0,,57.67,-5.01,2,-1,58.15,-13.39,5.05,1.91,-4.89
45.97,0,,57.74,-4.97,2,-1,57.82,-12.71,5.42,2.96,-4.58
46.09,0,,57.97,-4.82,2,-1,58.75,-12.82,5.52,2.95,-4.79
46.18,0,,58.13,-4.80,0,2,57.30,-13.31,5.43,2.37,-5.19
46.27,0,,58.03,-4.93,0,2,58.07,-13.21,5.43,2.47,-5.09
46.39,0,,57.94,-5.02,0,2,58.25,-13.10,5.14,2.29,-4.69
46.48,0,,58.05,-4.90,0,2,58.16,-12.66,5.39,2.98,-4.50
46.57,0,,58.16,-4.70,0,2,58.28,-12.62,5.52,3.15,-4.59
46.69,0,,58.20,-4.60,0,2,57.95,-13.19,5.15,2.21,-4.79
46.84,0,,58.16,-4.65,0,2,58.21,-13.20,5.13,2.18,-4.78
46.87,0,,58.19,-4.67,1,1,58.59,-12.82,4.99,2.42,-4.26
46.99,0,,58.34,-4.50,1,1,58.47,-12.44,5.18,2.99,-4.07
47.08,0,,58.53,-4.30,0,2,58.90,-12.63,5.34,2.96,-4.42
47.17,0,,58.65,-4.24,0,2,58.42,-12.59,5.16,2.82,-4.20
47.32,0,,58.63,-4.21,0,2,58.42,-12.26,5.31,3.30,-4.02
47.38,0,,58.50,-4.18,0,2,58.30,-13.05,4.93,2.13,-4.43
47.47,0,,58.45,-4.26,0,2,58.90,-13.54,4.51,1.22,-4.50
47.59,0,,58.53,-4.36,0,2,58.37,-13.12,4.65,1.78,-4.22
47.68,0,,58.57,-4.35,0,2,58.66,-12.97,4.79,2.07,-4.21
47.77,0,,58.62,-4.25,0,2,58.85,-12.68,4.88,2.45,-4.01
47.89,0,,58.77,-4.09,0,2,59.20,-12.37,4.89,2.77,-3.71
47.98,0,,58.94,-3.90,0,2,58.79,-12.35,5.00,2.90,-3.80
48.07,0,,58.97,-3.79,0,2,58.86,-12.08,5.25,3.42,-3.78
48.19,0,,58.89,-3.76,0,2,58.73,-11.87,5.44,3.82,-3.76
48.34,0,,58.89,-3.76,0,2,59.39,-11.93,5.43,3.75,-3.81
48.37,0,,59.00,-3.79,0,2,58.92,-12.09,5.32,3.48,-3.86
48.49,0,,59.02,-3.85,0,2,58.70,-12.27,5.29,3.27,-4.01
48.58,0,,58.90,-3.93,0,2,58.81,-12.32,5.17,3.10,-3.94
48.67,0,,58.82,-3.95,0,2,58.87,-12.30,5.09,3.04,-3.84
48.82,0,,58.78,-3.93,2,-1,58.65,-12.36,5.14,3.03,-3.95
48.88,0,,58.76,-3.92,2,-1,58.88,-12.39,5.12,2.98,-3.96
48.97,0,,58.77,-3.94,2,-1,58.70,-12.39,5.10,2.96,-3.94
49.09,0,,58.76,-3.97,2,-1,58.72,-12.44,5.18,2.99,-4.07
49.21,0,,58.77,-4.02,2,-1,58.97,-12.43,5.24,3.06,-4.12
49.27,0,,58.84,-4.09,2,-1,58.93,-12.41,5.27,3.11,-4.13
49.39,0,,58.84,-4.15,2,-1,58.38,-12.50,5.29,3.04,-4.24
49.51,0,,58.66,-4.20,2,-1,58.31,-12.48,5.33,3.10,-4.26
49.57,0,,58.52,-4.24,2,-1,58.97,-12.36,5.40,3.29,-4.21
49.69,0,,58.57,-4.24,2,-1,58.49,-12.23,5.46,3.48,-4.14
49.87,0,,58.63,-4.20,2,-1,58.68,-12.17,5.55,3.63,-4.17
49.90,0,,58.64,-4.19,2,-1,58.59,-12.25,5.59,3.59,-4.29
49.99,0,,58.65,-4.24,2,-1,58.75,-12.42,5.55,3.38,-4.42
50.08,0,,58.62,-4.36,2,-1,58.24,-12.66,5.49,3.08,-4.60
50.17,0,,58.53,-4.51,2,-1,58.60,-12.90,5.34,2.69,-4.69
50.32,0,,58.43,-4.64,2,-1,58.14,-13.06,5.16,2.35,-4.67
50.38,0,,58.28,-4.72,2,-1,57.86,-13.28,5.16,2.13,-4.89
50.47,0,,57.97,-4.87,4,-2,57.23,-13.59,5.31,1.97,-5.35
50.59,0,,57.61,-5.14,4,-2,57.46,-13.73,5.41,1.93,-5.59
50.74,0,,57.35,-5.42,4,-2,57.08,-13.75,5.43,1.93,-5.63
50.77,0,,57.20,-5.61,4,-2,57.20,-13.82,5.38,1.81,-5.65
50.89,0,,57.15,-5.66,4,-2,57.23,-13.65,5.37,1.97,-5.47
50.98,0,,57.15,-5.59,4,-2,57.09,-13.56,5.42,2.11,-5.43
51.07,0,,57.13,-5.52,4,-2,57.00,-13.70,5.44,1.99,-5.59
51.19,0,,57.08,-5.51,4,-2,57.15,-13.66,5.43,2.02,-5.54
51.34,0,,57.13,-5.50,4,-2,57.46,-13.57,5.29,1.97,-5.31
51.37,0,,57.23,-5.42,4,-2,57.10,-13.56,5.24,1.93,-5.25
51.49,0,,57.32,-5.33,4,-2,57.77,-13.62,5.23,1.86,-5.30
51.58,0,,57.46,-5.28,1,1,57.50,-13.68,5.11,1.68,-5.24
51.67,0,,57.54,-5.25,0,2,57.39,-13.67,5.10,1.68,-5.22
51.82,0,,57.47,-5.23,0,2,57.23,-13.64,5.07,1.68,-5.16
51.91,0,,57.42,-5.16,0,2,57.81,-13.49,4.96,1.72,-4.90
51.97,0,,57.54,-5.03,0,2,57.86,-13.39,4.94,1.80,-4.78
52.09,0,,57.75,-4.88,0,2,58.00,-13.42,4.95,1.78,-4.82
52.18,0,,57.93,-4.79,0,2,58.02,-13.31,4.88,1.82,-4.64
52.27,0,,58.03,-4.68,0,2,58.10,-13.12,4.84,1.97,-4.41
52.39,0,,58.09,-4.53,0,2,58.14,-13.07,4.85,2.03,-4.37
52.48,0,,58.14,-4.42,0,2,58.29,-13.08,4.84,2.01,-4.37
52.57,0,,58.23,-4.35,0,2,58.42,-13.00,4.79,2.04,-4.24
52.69,0,,58.38,-4.27,0,2,58.75,-12.93,4.69,2.01,-4.07
52.84,0,,58.51,-4.16,0,2,58.29,-12.92,4.64,1.97,-4.01
52.87,0,,58.54,-4.05,0,2,58.65,-12.83,4.66,2.08,-3.94
52.99,0,,58.61,-3.94,0,2,59.08,-12.66,4.60,2.19,-3.71
53.08,0,,58.76,-3.82,0,2,58.62,-12.59,4.59,2.25,-3.63
53.17,0,,58.79,-3.70,0,2,58.65,-12.59,4.61,2.27,-3.65
53.32,0,,58.76,-3.63,0,2,58.96,-12.53,4.55,2.27,-3.53
53.38,0,,58.80,-3.57,0,2,58.80,-12.52,4.55,2.28,-3.52
53.47,0,,58.85,-3.53,0,2,58.94,-12.55,4.51,2.21,-3.51
53.59,0,,58.90,-3.50,0,2,58.98,-12.48,4.47,2.24,-3.40
53.68,0,,58.98,-3.44,0,2,59.18,-12.39,4.43,2.29,-3.27
53.77,0,,59.03,-3.36,0,2,58.83,-12.45,4.37,2.17,-3.27
53.89,0,,59.03,-3.30,0,2,59.20,-12.50,4.40,2.15,-3.35
53.98,0,,59.02,-3.29,0,2,58.78,-12.42,4.38,2.21,-3.25
54.07,0,,58.97,-3.28,1,1,58.99,-12.44,4.36,2.17,-3.25
54.19,0,,58.92,-3.27,1,1,58.82,-12.48,4.39,2.16,-3.32
54.34,0,,58.94,-3.27,1,1,59.33,-12.40,4.36,2.21,-3.21
54.38,0,,59.10,-3.25,1,1,59.46,-12.38,4.34,2.21,-3.17
54.49,0,,59.27,-3.22,1,1,59.13,-12.42,4.33,2.16,-3.20
54.58,0,,59.27,-3.19,0,2,59.00,-12.37,4.29,2.17,-3.11
54.67,0,,59.18,-3.14,0,2,59.24,-12.30,4.24,2.19,-2.99
54.82,0,,59.09,-3.07,1,1,58.80,-12.33,4.21,2.13,-2.99
54.88,0,,59.00,-3.02,1,1,58.96,-12.31,4.27,2.21,-3.03
54.97,0,,58.99,-3.00,1,1,59.43,-12.24,4.29,2.30,-2.98
55.09,0,,59.16,-2.99,1,1,59.41,-12.26,4.24,2.23,-2.95
55.18,0,,59.30,-2.97,1,1,59.16,-12.29,4.23,2.19,-2.97
55.27,0,,59.30,-2.97,1,1,59.15,-12.31,4.24,2.18,-3.00
55.39,0,,59.18,-2.98,1,1,58.83,-12.30,4.22,2.17,-2.97
55.48,0,,59.06,-2.99,1,1,59.21,-12.31,4.22,2.16,-2.98
55.57,0,,59.06,-2.98,1,1,59.31,-12.32,4.19,2.12,-2.96
55.69,0,,59.11,-2.97,1,1,58.77,-12.30,4.18,2.13,-2.93
55.84,0,,59.03,-2.96,1,1,58.92,-12.35,4.16,2.06,-2.96
55.87,0,,59.01,-2.95,2,0,59.53,-12.33,4.15,2.07,-2.93
55.99,0,,59.12,-2.93,2,-1,58.98,-12.23,4.17,2.19,-2.85
56.08,0,,59.23,-2.89,2,0,59.56,-12.23,4.12,2.14,-2.80
56.17,0,,59.35,-2.83,1,1,59.58,-12.22,4.07,2.10,-2.74
56.32,0,,59.45,-2.77,1,1,59.18,-12.17,4.09,2.17,-2.71
56.38,0,,59.43,-2.73,0,2,59.47,-12.18,4.08,2.15,-2.71
56.47,0,,59.41,-2.71,0,2,59.49,-12.16,4.11,2.20,-2.72
56.59,0,,59.43,-2.70,0,2,59.39,-12.09,4.12,2.28,-2.66
56.71,0,,59.45,-2.68,0,2,59.55,-12.02,4.10,2.33,-2.57
56.77,0,,59.46,-2.63,0,2,59.35,-12.05,4.08,2.28,-2.58
56.89,0,,59.49,-2.60,1,1,59.76,-12.12,4.04,2.17,-2.61
56.98,0,,59.52,-2.59,1,1,59.24,-12.11,4.03,2.17,-2.59
57.07,0,,59.46,-2.60,1,1,59.34,-12.11,4.05,2.19,-2.61
57.19,0,,59.39,-2.61,1,1,59.50,-12.15,4.04,2.14,-2.64
57.34,0,,59.40,-2.62,1,1,59.40,-12.09,4.00,2.16,-2.54
57.37,0,,59.39,-2.58,2,0,59.23,-12.04,3.99,2.20,-2.48
57.49,0,,59.41,-2.54,2,-1,59.85,-12.08,4.00,2.17,-2.53
57.58,0,,59.49,-2.52,2,0,59.29,-12.08,3.99,2.16,-2.52
57.67,0,,59.54,-2.50,2,0,59.76,-12.01,3.95,2.19,-2.41
57.82,0,,59.54,-2.46,2,0,59.24,-12.00,3.95,2.20,-2.40
57.88,0,,59.51,-2.42,1,1,59.69,-12.01,3.95,2.19,-2.41
57.97,0,,59.53,-2.39,1,1,59.63,-11.90,3.91,2.26,-2.26
58.09,0,,59.62,-2.33,1,1,59.83,-11.83,3.92,2.34,-2.20
58.18,0,,59.72,-2.26,1,1,59.77,-11.88,3.96,2.33,-2.29
58.27,0,,59.73,-2.24,0,2,59.38,-11.90,3.90,2.25,-2.25
58.39,0,,59.63,-2.23,1,1,59.62,-11.88,3.85,2.22,-2.18
58.48,0,,59.59,-2.22,1,1,59.79,-11.90,3.88,2.23,-2.23
58.57,0,,59.66,-2.21,1,1,59.79,-11.93,3.86,2.18,-2.24
58.69,0,,59.75,-2.21,1,1,59.78,-11.89,3.80,2.16,-2.14
58.84,0,,59.79,-2.19,1,1,59.80,-11.87,3.82,2.20,-2.14
58.87,0,,59.78,-2.15,1,1,59.62,-11.86,3.82,2.21,-2.13
58.99,0,,59.74,-2.11,1,1,59.77,-11.79,3.77,2.23,-2.01
59.08,0,,59.84,-2.06,1,1,60.65,-11.78,3.76,2.23,-1.99
59.17,0,,60.06,-2.00,1,1,59.73,-11.76,3.76,2.25,-1.97
59.32,0,,60.04,-1.97,1,1,59.53,-11.75,3.78,2.28,-1.98
59.38,0,,59.86,-1.96,1,1,60.04,-11.68,3.83,2.40,-1.96
59.47,0,,59.82,-1.95,1,1,59.89,-11.63,3.82,2.44,-1.90
59.59,0,,59.87,-1.92,0,1,59.88,-11.62,3.79,2.42,-1.86
59.74,0,,59.91,-1.88,0,1,60.05,-11.59,3.79,2.45,-1.83
59.77,0,,59.98,-1.84,0,1,60.10,-11.59,3.78,2.44,-1.82
59.89,0,,60.03,-1.81,0,1,59.88,-11.59,3.69,2.35,-1.73
59.98,0,,59.97,-1.77,0,1,59.71,-11.61,3.68,2.32,-1.74
60.07,0,,59.83,-1.75,0,1,59.63,-11.64,3.71,2.32,-1.80
60.19,0,,59.76,-1.74,2,-1,60.07,-11.62,3.61,2.24,-1.68
60.34,0,,59.86,-1.71,1,0,60.22,-11.58,3.58,2.25,-1.61
60.37,0,,60.05,-1.66,1,0,60.17,-11.55,3.62,2.32,-1.62
60.49,0,,60.14,-1.62,0,1,59.90,-11.59,3.59,2.25,-1.63
60.58,0,,60.07,-1.60,0,1,59.87,-11.59,3.55,2.21,-1.59
60.67,0,,59.95,-1.59,0,1,59.90,-11.52,3.54,2.27,-1.51
60.82,0,,59.90,-1.54,0,1,59.94,-11.48,3.50,2.27,-1.43
60.88,0,,59.93,-1.47,0,1,60.16,-11.51,3.46,2.20,-1.42
60.97,0,,60.05,-1.42,0,1,60.30,-11.46,3.45,2.24,-1.36
61.09,0,,60.18,-1.37,0,1,60.22,-11.39,3.42,2.28,-1.26
61.18,0,,60.26,-1.30,0,1,60.32,-11.41,3.36,2.20,-1.22
61.27,0,,60.33,-1.24,0,1,60.50,-11.38,3.37,2.24,-1.20
61.39,0,,60.41,-1.19,0,2,60.52,-11.30,3.33,2.28,-1.08
61.51,0,,60.53,-1.13,0,2,60.80,-11.29,3.30,2.26,-1.04
61.57,0,,60.62,-1.07,0,2,60.51,-11.27,3.32,2.30,-1.04
61.69,0,,60.63,-1.03,0,2,60.56,-11.25,3.30,2.30,-1.00
61.84,0,,60.56,-1.01,0,2,60.30,-11.22,3.34,2.37,-1.01
61.87,0,,60.45,-1.00,0,2,60.42,-11.23,3.37,2.39,-1.05
61.99,0,,60.35,-1.00,0,1,60.15,-11.19,3.28,2.34,-0.92
62.08,0,,60.34,-0.95,0,1,60.76,-11.07,3.25,2.43,-0.77
62.17,0,,60.45,-0.86,0,1,60.60,-11.08,3.24,2.41,-0.77
62.32,0,,60.56,-0.79,0,1,60.40,-11.13,3.25,2.37,-0.83
62.38,0,,60.55,-0.78,2,-1,60.56,-11.05,3.26,2.46,-0.76
62.47,0,,60.51,-0.76,2,-1,60.39,-10.99,3.25,2.51,-0.69
62.59,0,,60.42,-0.74,2,-1,60.13,-10.98,3.29,2.56,-0.72
62.68,0,,60.33,-0.71,1,0,60.50,-10.95,3.30,2.60,-0.70
62.77,0,,60.36,-0.69,1,0,60.58,-10.94,3.23,2.54,-0.62
62.89,0,,60.50,-0.65,1,0,60.83,-10.92,3.22,2.55,-0.59
62.98,0,,60.65,-0.61,0,1,60.59,-10.89,3.25,2.61,-0.59
63.07,0,,60.71,-0.58,0,1,60.78,-10.84,3.24,2.65,-0.53
63.19,0,,60.72,-0.54,0,1,60.63,-10.77,3.24,2.72,-0.46
63.34,0,,60.72,-0.50,0,1,60.87,-10.74,3.33,2.84,-0.52
63.37,0,,60.79,-0.47,0,2,61.06,-10.59,3.34,3.00,-0.38
63.49,0,,60.90,-0.42,0,2,60.87,-10.43,3.39,3.21,-0.27
63.58,0,,60.96,-0.35,0,2,61.00,-10.47,3.49,3.27,-0.41
63.67,0,,60.87,-0.37,0,2,60.15,-10.61,3.51,3.15,-0.57
63.85,0,,60.64,-0.47,0,1,60.60,-10.77,3.45,2.93,-0.67
63.88,0,,60.51,-0.59,0,1,60.72,-10.93,3.34,2.66,-0.72
63.97,0,,60.57,-0.68,0,1,60.73,-10.95,3.26,2.56,-0.66
64.09,0,,60.64,-0.69,2,-1,60.52,-10.88,3.26,2.63,-0.59
64.18,0,,60.61,-0.65,2,-1,60.40,-10.85,3.28,2.68,-0.58
64.27,0,,60.55,-0.59,4,-2,60.75,-10.82,3.27,2.70,-0.54
64.45,0,,60.52,-0.53,4,-2,60.21,-10.72,3.23,2.76,-0.40
64.48,0,,60.52,-0.46,4,-2,60.93,-10.69,3.22,2.78,-0.36
64.57,0,,60.65,-0.38,2,-1,61.02,-10.65,3.16,2.76,-0.26
64.69,0,,60.84,-0.30,0,1,60.81,-10.59,3.17,2.83,-0.21
64.84,0,,60.91,-0.23,0,1,60.86,-10.53,3.21,2.93,-0.19
64.87,0,,60.94,-0.17,0,2,61.16,-10.48,3.15,2.92,-0.08
64.99,0,,60.99,-0.12,0,2,60.92,-10.47,3.14,2.92,-0.06
65.11,0,,61.00,-0.08,0,2,60.90,-10.48,3.19,2.96,-0.12
65.17,0,,60.94,-0.10,0,2,60.77,-10.58,3.21,2.88,-0.24
65.35,0,,60.80,-0.18,0,2,60.43,-10.70,3.20,2.75,-0.35
65.38,0,,60.65,-0.27,0,1,60.70,-10.69,3.17,2.73,-0.31
65.47,0,,60.61,-0.32,1,0,60.81,-10.72,3.18,2.71,-0.35
65.59,0,,60.72,-0.35,1,0,61.03,-10.78,3.15,2.62,-0.38
65.68,0,,60.86,-0.35,2,-1,60.87,-10.76,3.10,2.59,-0.31
65.77,0,,60.89,-0.32,2,-1,60.60,-10.69,3.07,2.63,-0.21
65.89,0,,60.77,-0.26,2,-1,60.51,-10.71,3.04,2.58,-0.20
65.98,0,,60.66,-0.21,2,-1,60.84,-10.70,3.01,2.56,-0.16
66.07,0,,60.70,-0.15,2,-1,61.02,-10.59,2.97,2.63,-0.01
66.19,0,,60.89,-0.08,0,1,61.29,-10.58,2.96,2.63,0.01
66.34,0,,61.05,-0.01,0,1,60.78,-10.58,2.92,2.59,0.05
66.37,0,,61.08,0.04,0,1,61.21,-10.49,2.90,2.66,0.16
66.49,0,,61.07,0.10,0,1,61.01,-10.45,2.92,2.72,0.18
66.58,0,,61.01,0.16,0,1,60.63,-10.48,2.87,2.64,0.20
66.67,0,,60.93,0.19,0,1,61.25,-10.51,2.87,2.61,0.17
66.85,0,,60.92,0.19,0,1,60.69,-10.48,2.87,2.64,0.20
66.88,0,,60.94,0.20,0,1,61.19,-10.50,2.84,2.59,0.21
66.97,0,,61.02,0.21,0,1,61.29,-10.47,2.83,2.61,0.25
67.15,0,,61.21,0.23,0,1,61.56,-10.45,2.81,2.61,0.29
67.18,0,,61.34,0.24,0,1,61.08,-10.58,2.85,2.52,0.12
67.27,0,,61.29,0.20,0,1,61.01,-10.56,2.83,2.52,0.16
67.39,0,,61.16,0.17,0,1,61.13,-10.50,2.79,2.54,0.26
67.48,0,,61.12,0.21,0,1,61.35,-10.46,2.76,2.55,0.33
67.57,0,,61.24,0.28,0,1,61.66,-10.40,2.71,2.56,0.44
67.69,0,,61.39,0.39,0,1,61.18,-10.27,2.71,2.69,0.57
67.84,0,,61.38,0.51,0,1,61.18,-10.11,2.74,2.88,0.70
67.87,0,,61.26,0.62,0,1,61.07,-10.12,2.77,2.90,0.66
67.99,0,,61.13,0.67,0,1,60.94,-10.17,2.73,2.81,0.65
68.08,0,,61.04,0.69,0,1,61.14,-10.13,2.67,2.79,0.75
68.17,0,,61.10,0.73,0,1,61.61,-10.04,2.59,2.80,0.92
68.35,0,,61.28,0.82,1,0,61.30,-10.03,2.57,2.79,0.95
68.38,0,,61.39,0.89,1,0,61.36,-10.07,2.64,2.82,0.84
68.47,0,,61.36,0.92,0,1,61.11,-9.98,2.56,2.83,1.01
68.59,0,,61.29,0.96,0,1,61.38,-9.99,2.50,2.76,1.06
68.68,0,,61.28,1.00,0,1,61.36,-10.07,2.51,2.69,0.97
68.77,0,,61.29,1.03,0,1,61.08,-9.96,2.45,2.74,1.14
68.89,0,,61.21,1.08,0,1,61.01,-9.91,2.44,2.78,1.20
68.98,0,,61.14,1.14,0,1,61.41,-9.98,2.43,2.70,1.14
69.07,0,,61.20,1.16,0,1,61.30,-9.99,2.42,2.68,1.14
69.19,0,,61.32,1.16,1,0,61.60,-9.94,2.41,2.72,1.20
69.34,0,,61.43,1.17,1,0,61.36,-9.95,2.37,2.67,1.23
69.37,0,,61.42,1.20,0,1,61.12,-9.93,2.41,2.73,1.21
69.49,0,,61.36,1.23,0,1,61.63,-9.81,2.38,2.82,1.36
69.58,0,,61.44,1.30,0,1,61.76,-9.77,2.30,2.78,1.48
69.67,0,,61.61,1.39,0,1,61.77,-9.77,2.33,2.81,1.45
69.82,0,,61.74,1.45,0,2,61.79,-9.74,2.32,2.83,1.49
69.88,0,,61.73,1.49,0,2,61.27,-9.70,2.27,2.82,1.58
69.97,0,,61.58,1.54,0,2,61.42,-9.69,2.28,2.84,1.58
70.12,0,,61.46,1.58,0,1,61.66,-9.63,2.28,2.90,1.64
70.18,0,,61.51,1.63,0,1,61.74,-9.51,2.25,2.99,1.79
70.27,0,,61.64,1.70,0,1,61.77,-9.54,2.24,2.95,1.77
70.45,0,,61.71,1.75,0,1,61.53,-9.57,2.26,2.94,1.72
70.48,0,,61.69,1.76,0,1,61.71,-9.51,2.26,3.00,1.78
70.57,0,,61.66,1.78,0,1,61.66,-9.49,2.18,2.94,1.88
70.69,0,,61.72,1.81,1,0,62.06,-9.58,2.18,2.85,1.79
70.84,0,,61.89,1.80,0,1,62.28,-9.64,2.23,2.84,1.68
70.87,0,,62.05,1.78,0,1,61.79,-9.49,2.15,2.91,1.91
70.99,0,,62.08,1.81,0,2,62.25,-9.48,2.13,2.90,1.94
71.08,0,,62.05,1.86,0,2,61.73,-9.57,2.16,2.84,1.82
71.17,0,,61.92,1.90,0,2,61.61,-9.41,2.10,2.94,2.04
71.32,0,,61.79,1.96,0,1,61.96,-9.39,2.08,2.94,2.08
71.38,0,,61.77,2.02,0,1,61.75,-9.46,2.08,2.87,2.01
71.47,0,,61.81,2.06,0,1,62.00,-9.35,2.08,2.98,2.12
71.65,0,,61.88,2.09,0,1,61.89,-9.31,2.08,3.02,2.16
71.68,0,,61.94,2.13,0,1,62.10,-9.32,2.05,2.98,2.18
71.77,0,,61.94,2.18,2,-1,61.49,-9.20,2.04,3.09,2.31
71.89,0,,61.85,2.25,2,-1,62.02,-9.18,2.06,3.13,2.31
71.98,0,,61.87,2.29,1,0,62.22,-9.24,2.02,3.03,2.29
72.07,0,,62.02,2.32,0,1,62.09,-9.18,1.96,3.03,2.41
72.19,0,,62.10,2.35,0,1,61.98,-9.19,2.01,3.07,2.35
72.34,0,,62.09,2.36,0,1,62.16,-9.23,2.00,3.02,2.32
72.37,0,,62.09,2.36,0,1,62.05,-9.16,1.92,3.01,2.47
72.49,0,,62.11,2.39,0,1,62.30,-9.21,1.94,2.98,2.40
72.58,0,,62.18,2.42,0,1,62.25,-9.16,1.90,2.99,2.49
72.67,0,,62.19,2.46,0,2,61.91,-9.08,1.85,3.02,2.62
72.82,0,,62.16,2.52,0,2,62.44,-9.15,1.90,3.00,2.50
72.88,0,,62.20,2.55,0,1,62.25,-9.08,1.88,3.05,2.59
72.97,0,,62.25,2.58,0,1,62.13,-9.01,1.84,3.08,2.70
73.09,0,,62.23,2.62,0,1,62.27,-9.10,1.88,3.03,2.57
73.18,0,,62.26,2.63,0,1,62.47,-9.04,1.85,3.06,2.66
73.27,0,,62.34,2.67,0,1,62.37,-8.88,1.78,3.15,2.89
73.39,0,,62.38,2.75,0,1,62.27,-8.93,1.80,3.12,2.82
73.48,0,,62.38,2.81,0,1,62.51,-8.97,1.80,3.08,2.78
73.57,0,,62.37,2.84,0,1,62.15,-8.84,1.76,3.17,2.95
73.75,0,,62.32,2.87,0,1,62.27,-8.89,1.77,3.13,2.89
73.84,0,,62.26,2.89,0,1,62.26,-8.97,1.77,3.05,2.81
73.87,0,,62.27,2.89,0,1,62.42,-8.83,1.71,3.13,3.01
74.08,0,,62.31,2.93,0,1,62.31,-8.81,1.70,3.14,3.04
74.08,0,,62.33,2.97,0,1,62.24,-8.89,1.76,3.12,2.90
74.17,0,,62.31,2.99,0,1,62.34,-8.80,1.69,3.14,3.06
74.35,0,,62.32,3.01,0,1,62.43,-8.78,1.65,3.12,3.12
74.38,0,,62.34,3.05,0,1,62.23,-8.84,1.69,3.10,3.02
74.47,0,,62.34,3.08,0,1,62.41,-8.77,1.64,3.12,3.14
74.59,0,,62.44,3.12,0,1,63.04,-8.71,1.58,3.12,3.26
74.68,0,,62.60,3.19,0,1,62.31,-8.66,1.60,3.19,3.29
74.77,0,,62.59,3.27,0,1,62.35,-8.64,1.57,3.18,3.34
74.95,0,,62.48,3.32,0,1,62.55,-8.68,1.54,3.11,3.33
74.98,0,,62.52,3.36,0,1,62.98,-8.61,1.51,3.15,3.43
75.07,0,,62.67,3.41,0,1,62.66,-8.53,1.47,3.19,3.55
75.19,0,,62.80,3.49,0,2,63.07,-8.52,1.48,3.21,3.55
75.34,0,,62.89,3.55,0,2,62.83,-8.45,1.51,3.31,3.59
75.38,0,,62.92,3.60,0,2,62.86,-8.37,1.48,3.36,3.70
75.49,0,,62.87,3.65,0,2,62.67,-8.42,1.47,3.30,3.66
75.58,0,,62.82,3.67,0,1,63.06,-8.41,1.48,3.32,3.66
75.67,0,,62.81,3.69,0,1,62.54,-8.32,1.45,3.38,3.78
75.85,0,,62.79,3.71,0,1,62.98,-8.45,1.46,3.26,3.64
75.88,0,,62.82,3.70,0,1,62.94,-8.48,1.41,3.18,3.66
75.97,0,,62.90,3.73,0,1,62.96,-8.24,1.31,3.32,4.00
76.09,0,,62.97,3.83,0,1,63.11,-8.22,1.34,3.37,3.99
76.18,0,,62.97,3.93,0,1,62.58,-8.30,1.40,3.35,3.85
76.27,0,,62.86,3.96,0,1,62.74,-8.12,1.38,3.51,4.05
76.39,0,,62.83,4.01,0,1,63.38,-8.03,1.39,3.61,4.13
76.48,0,,62.98,4.06,0,1,63.07,-8.10,1.44,3.59,4.01
76.57,0,,63.11,4.08,0,1,63.08,-8.06,1.40,3.59,4.09
76.75,0,,63.08,4.09,0,1,62.72,-8.05,1.37,3.57,4.13
76.84,0,,63.03,4.11,0,1,63.49,-8.12,1.34,3.47,4.09
76.87,0,,63.10,4.13,0,1,63.06,-8.03,1.28,3.50,4.24
76.99,0,,63.16,4.18,0,1,63.09,-8.03,1.29,3.51,4.23
77.08,0,,63.15,4.22,0,1,63.21,-8.11,1.27,3.41,4.17
77.17,0,,63.14,4.23,0,1,63.06,-8.04,1.21,3.42,4.30
77.32,0,,63.20,4.25,0,1,63.70,-8.02,1.22,3.45,4.31
77.38,0,,63.31,4.29,0,1,63.07,-8.02,1.19,3.42,4.34
77.47,0,,63.28,4.34,0,1,62.92,-8.00,1.12,3.37,4.43
77.59,0,,63.15,4.39,0,1,63.30,-8.01,1.07,3.31,4.47
77.68,0,,63.20,4.47,0,1,63.68,-7.91,0.99,3.33,4.65
77.77,0,,63.37,4.57,0,1,63.39,-7.91,0.92,3.26,4.72
77.89,0,,63.52,4.66,0,1,63.75,-7.91,1.01,3.35,4.63
77.98,0,,63.57,4.70,0,1,63.25,-7.71,1.08,3.62,4.76
78.07,0,,63.52,4.74,0,1,63.59,-7.64,1.06,3.67,4.85
78.19,0,,63.47,4.79,0,1,63.33,-7.73,1.05,3.57,4.77
78.34,0,,63.47,4.81,0,1,63.74,-7.68,1.04,3.61,4.83
78.37,0,,63.53,4.83,0,1,63.52,-7.60,1.06,3.71,4.89
78.49,0,,63.53,4.86,0,1,63.22,-7.66,0.99,3.58,4.90
78.58,0,,63.45,4.91,0,1,63.54,-7.66,0.88,3.47,5.01
78.67,0,,63.51,4.97,0,1,64.10,-7.59,0.87,3.53,5.09
78.85,0,,63.71,5.04,0,1,63.73,-7.63,0.82,3.44,5.10
78.88,0,,63.82,5.10,0,1,63.69,-7.64,0.77,3.38,5.14
78.97,0,,63.77,5.14,0,1,63.60,-7.59,0.79,3.45,5.17
79.09,0,,63.70,5.17,0,1,63.75,-7.54,0.76,3.47,5.25
79.18,0,,63.71,5.22,0,1,63.91,-7.54,0.70,3.41,5.31
79.27,0,,63.76,5.27,0,1,63.66,-7.58,0.71,3.38,5.26
79.39,0,,63.77,5.30,0,1,63.75,-7.48,0.71,3.48,5.36
79.48,0,,63.76,5.34,0,1,63.84,-7.43,0.65,3.47,5.47
79.57,0,,63.81,5.40,0,1,64.05,-7.45,0.65,3.45,5.45
79.69,0,,63.91,5.46,0,1,63.96,-7.31,0.69,3.63,5.55
79.84,0,,64.01,5.52,0,1,64.20,-7.28,0.67,3.64,5.60
79.87,0,,64.12,5.57,0,1,64.35,-7.29,0.68,3.64,5.58
79.99,0,,64.18,5.61,0,1,63.80,-7.09,0.82,3.98,5.64
80.08,0,,64.10,5.64,0,1,64.02,-6.90,0.95,4.30,5.70
80.17,0,,64.00,5.68,0,1,63.94,-6.87,0.96,4.34,5.72
80.35,0,,63.91,5.70,0,1,63.67,-7.00,0.97,4.22,5.58
80.38,0,,63.74,5.63,0,1,63.22,-7.19,1.00,4.06,5.36
80.47,0,,63.51,5.49,2,-1,63.46,-7.34,0.94,3.85,5.27
80.59,0,,63.41,5.33,4,-2,63.59,-7.54,0.91,3.62,5.10
80.68,0,,63.46,5.19,4,-2,63.58,-7.57,0.90,3.58,5.08
80.77,0,,63.46,5.13,4,-2,63.00,-7.46,0.81,3.60,5.28
80.89,0,,63.31,5.16,4,-2,63.12,-7.50,0.80,3.55,5.25
80.98,0,,63.20,5.23,4,-2,63.46,-7.49,0.76,3.52,5.30
81.07,0,,63.29,5.31,4,-2,63.72,-7.39,0.69,3.55,5.47
81.19,0,,63.53,5.41,4,-2,63.88,-7.31,0.66,3.60,5.58
81.34,0,,63.80,5.53,2,-1,64.21,-7.29,0.60,3.56,5.66
81.38,0,,64.03,5.63,0,2,64.05,-7.25,0.56,3.56,5.74
81.49,0,,64.12,5.72,0,2,64.05,-7.13,0.60,3.72,5.82
81.58,0,,64.05,5.78,0,2,63.63,-7.12,0.65,3.78,5.78
81.67,0,,63.95,5.81,0,2,64.26,-7.14,0.64,3.75,5.77
81.82,0,,63.96,5.82,0,2,63.95,-7.06,0.58,3.77,5.91
81.88,0,,64.02,5.85,0,2,64.07,-7.08,0.61,3.78,5.86
81.97,0,,64.06,5.87,0,2,64.20,-7.14,0.57,3.68,5.84
82.09,0,,64.11,5.89,0,2,64.06,-7.03,0.53,3.75,5.99
82.18,0,,64.03,5.92,0,1,63.41,-6.98,0.64,3.91,5.93
82.27,0,,63.89,5.94,0,2,64.30,-6.97,0.72,4.00,5.86
82.39,0,,63.90,5.93,2,-1,63.92,-6.84,0.73,4.14,5.98
82.48,0,,63.92,5.94,2,-1,63.58,-6.77,0.77,4.25,6.01
82.57,0,,63.84,5.99,2,-1,63.94,-6.80,0.68,4.13,6.07
82.69,0,,63.85,6.06,2,-1,64.14,-6.81,0.51,3.95,6.23
82.84,0,,63.99,6.15,2,-1,64.18,-6.80,0.55,4.00,6.20
82.87,0,,64.05,6.21,2,-1,63.65,-6.74,0.57,4.08,6.24
82.99,0,,64.02,6.26,1,0,64.38,-6.73,0.46,3.98,6.36
83.08,0,,64.10,6.30,1,0,64.37,-6.77,0.45,3.93,6.33
83.17,0,,64.28,6.33,1,0,64.51,-6.83,0.44,3.86,6.28
83.32,0,,64.39,6.33,0,2,64.21,-6.88,0.33,3.70,6.34
83.38,0,,64.36,6.35,0,2,64.16,-6.84,0.25,3.66,6.46
83.47,0,,64.30,6.41,0,2,64.54,-6.77,0.21,3.69,6.57
83.62,0,,64.33,6.51,0,2,64.31,-6.80,0.17,3.62,6.58
83.68,0,,64.37,6.56,0,2,64.41,-6.88,0.18,3.55,6.49
83.77,0,,64.45,6.57,0,2,64.84,-6.80,0.13,3.58,6.62
83.89,0,,64.65,6.61,0,2,65.11,-6.69,0.05,3.61,6.81
83.98,0,,64.86,6.69,0,2,64.73,-6.79,0.05,3.51,6.71
84.07,0,,64.89,6.75,0,2,64.69,-6.75,0.04,3.54,6.76
84.19,0,,64.84,6.79,0,2,64.98,-6.62,0.02,3.65,6.91
84.34,0,,64.83,6.85,0,2,64.76,-6.64,-0.02,3.59,6.93
84.37,0,,64.85,6.92,0,2,65.02,-6.61,-0.07,3.57,7.01
84.49,0,,64.86,6.98,0,2,64.58,-6.54,-0.01,3.70,7.02
84.58,0,,64.79,7.02,0,2,64.73,-6.47,0.03,3.81,7.05
84.67,0,,64.79,7.08,0,2,65.28,-6.36,-0.08,3.81,7.27
84.82,0,,64.93,7.17,1,0,64.97,-6.36,-0.11,3.78,7.30
84.88,0,,65.04,7.26,0,1,65.02,-6.35,-0.07,3.83,7.27
84.97,0,,65.08,7.33,0,2,65.21,-6.15,-0.16,3.94,7.56
85.09,0,,65.11,7.45,0,2,65.07,-6.08,-0.21,3.96,7.68
85.18,0,,65.11,7.58,0,2,64.95,-6.09,-0.19,3.97,7.65
85.27,0,,65.06,7.69,0,2,65.12,-5.92,-0.21,4.12,7.84
85.39,0,,65.06,7.77,0,2,65.15,-5.89,-0.16,4.20,7.82
85.48,0,,65.13,7.82,0,2,65.32,-5.89,-0.17,4.19,7.83
85.57,0,,65.23,7.87,0,2,65.35,-5.73,-0.23,4.29,8.05
85.69,0,,65.27,7.94,0,2,64.99,-5.75,-0.17,4.33,7.97
85.84,0,,65.22,7.98,0,2,65.27,-5.75,-0.14,4.36,7.94
85.87,0,,65.22,8.00,0,2,65.48,-5.60,-0.19,4.46,8.14
85.99,0,,65.30,8.04,0,2,65.22,-5.66,-0.14,4.45,8.03
86.08,0,,65.28,8.04,0,1,65.01,-5.77,-0.08,4.40,7.86
86.17,0,,65.14,7.99,0,1,64.81,-5.68,-0.12,4.45,7.99
86.35,0,,65.02,7.96,1,0,65.32,-5.66,-0.11,4.48,8.00
86.38,0,,65.09,7.96,2,-1,65.40,-5.76,-0.09,4.40,7.88
86.47,0,,65.22,7.94,2,-1,65.08,-5.73,-0.09,4.43,7.91
86.59,0,,65.26,7.92,1,0,65.37,-5.70,-0.05,4.50,7.90
86.68,0,,65.29,7.92,0,1,65.33,-5.62,-0.09,4.54,8.02
86.77,0,,65.34,7.98,0,1,65.44,-5.55,-0.15,4.55,8.15
86.89,0,,65.43,8.06,0,1,65.73,-5.60,-0.15,4.50,8.10
86.98,0,,65.51,8.12,0,1,65.25,-5.56,-0.18,4.51,8.17
87.07,0,,65.49,8.17,0,1,65.46,-5.52,-0.22,4.51,8.25
87.19,0,,65.46,8.22,0,1,65.63,-5.58,-0.26,4.41,8.23
87.34,0,,65.53,8.25,0,2,65.66,-5.49,-0.26,4.50,8.32
87.37,0,,65.58,8.31,0,2,65.40,-5.28,-0.21,4.76,8.48
87.49,0,,65.55,8.39,0,2,65.56,-5.26,-0.17,4.82,8.46
87.58,0,,65.51,8.43,0,1,65.43,-5.31,-0.03,4.91,8.27
87.67,0,,65.44,8.39,0,1,65.21,-5.17,0.10,5.18,8.28
87.82,0,,65.39,8.31,0,1,65.66,-5.19,0.11,5.17,8.25
87.88,0,,65.38,8.25,0,1,65.07,-5.27,0.12,5.10,8.16
87.97,0,,65.27,8.20,2,-1,64.89,-5.30,0.12,5.07,8.13
88.09,0,,65.13,8.13,4,-2,65.38,-5.48,0.07,4.84,8.00
88.24,0,,65.08,8.07,4,-2,64.78,-5.57,-0.03,4.65,8.01
88.27,0,,65.07,8.04,4,-2,65.44,-5.51,-0.10,4.64,8.14
88.39,0,,65.11,8.07,4,-2,64.91,-5.52,-0.12,4.61,8.15
88.48,0,,65.12,8.10,4,-2,65.20,-5.59,-0.06,4.60,8.02
88.57,0,,65.21,8.10,4,-2,65.82,-5.51,-0.04,4.70,8.08
88.69,0,,65.39,8.10,1,0,65.18,-5.44,-0.09,4.72,8.20
88.84,0,,65.44,8.13,1,0,65.36,-5.57,-0.15,4.53,8.13
88.90,0,,65.41,8.18,0,2,65.52,-5.50,-0.27,4.48,8.32
88.99,0,,65.41,8.26,0,2,65.34,-5.37,-0.30,4.58,8.48
89.08,0,,65.45,8.36,0,2,65.75,-5.42,-0.21,4.62,8.34
89.17,0,,65.57,8.41,0,2,65.75,-5.37,-0.27,4.61,8.45
89.32,0,,65.65,8.44,0,2,65.40,-5.37,-0.31,4.57,8.49
89.38,0,,65.62,8.45,0,2,65.66,-5.43,-0.23,4.59,8.35
89.47,0,,65.59,8.44,0,2,65.63,-5.41,-0.30,4.54,8.44
89.59,0,,65.64,8.43,0,1,65.87,-5.46,-0.38,4.41,8.47
89.68,0,,65.71,8.45,0,1,65.61,-5.46,-0.37,4.42,8.46
89.77,0,,65.69,8.48,0,1,65.50,-5.37,-0.39,4.49,8.57
89.89,0,,65.65,8.51,0,2,65.81,-5.46,-0.38,4.41,8.47
90.07,0,,65.61,8.51,1,0,65.31,-5.49,-0.36,4.40,8.42
90.07,0,,65.52,8.50,1,0,65.36,-5.33,-0.40,4.52,8.62
90.19,0,,65.44,8.54,2,-1,65.64,-5.38,-0.47,4.40,8.64
90.34,0,,65.57,8.60,2,-1,66.29,-5.44,-0.51,4.30,8.62
90.37,0,,65.86,8.68,1,0,66.01,-5.14,-0.55,4.56,8.96
90.49,0,,66.05,8.83,0,1,66.00,-4.91,-0.55,4.79,9.19
90.58,0,,66.11,9.03,0,1,66.25,-4.89,-0.46,4.90,9.12
90.67,0,,66.16,9.15,0,1,66.23,-4.68,-0.37,5.20,9.24
90.82,0,,66.22,9.25,0,2,66.26,-4.41,-0.31,5.53,9.45
90.91,0,,66.26,9.36,0,2,66.35,-4.38,-0.30,5.57,9.47
90.97,0,,66.24,9.45,0,2,65.84,-4.36,-0.29,5.60,9.48
91.09,0,,66.13,9.50,0,2,66.10,-4.25,-0.23,5.77,9.53
91.18,0,,66.07,9.54,0,2,66.29,-4.12,-0.24,5.89,9.67
91.27,0,,66.10,9.62,0,2,65.91,-4.13,-0.32,5.80,9.74
91.39,0,,66.08,9.66,0,1,66.13,-4.45,-0.36,5.44,9.46
91.48,0,,66.06,9.59,0,1,65.99,-4.59,-0.41,5.25,9.37
91.57,0,,66.07,9.49,2,-1,66.25,-4.55,-0.49,5.21,9.49
91.69,0,,66.15,9.44,2,-1,66.39,-4.57,-0.48,5.20,9.46
91.84,0,,66.29,9.47,1,0,66.44,-4.35,-0.45,5.45,9.65
91.87,0,,66.38,9.56,0,1,66.30,-4.27,-0.46,5.52,9.74
91.99,0,,66.37,9.63,0,1,66.24,-4.51,-0.42,5.32,9.46
92.08,0,,66.30,9.60,0,2,66.18,-4.46,-0.34,5.45,9.43
92.17,0,,66.26,9.53,0,1,66.46,-4.26,-0.35,5.64,9.64
92.32,0,,66.26,9.55,0,1,66.04,-4.31,-0.43,5.51,9.67
92.41,0,,66.18,9.60,0,1,65.85,-4.41,-0.40,5.44,9.54
92.47,0,,66.00,9.59,0,1,65.77,-4.37,-0.31,5.57,9.49
92.59,0,,65.90,9.54,1,0,66.22,-4.43,-0.30,5.52,9.42
92.68,0,,65.97,9.46,2,-1,66.15,-4.61,-0.35,5.29,9.29
92.77,0,,66.15,9.36,4,-2,66.58,-4.68,-0.40,5.17,9.27
92.89,0,,66.33,9.31,2,-1,66.27,-4.60,-0.45,5.20,9.40
92.98,0,,66.41,9.34,1,0,66.43,-4.56,-0.48,5.21,9.47
93.07,0,,66.38,9.40,0,1,66.12,-4.67,-0.55,5.03,9.43
93.19,0,,66.34,9.47,1,0,66.62,-4.58,-0.65,5.02,9.62
93.34,0,,66.44,9.56,0,1,66.84,-4.48,-0.66,5.11,9.73
93.37,0,,66.63,9.65,0,2,66.66,-4.62,-0.69,4.94,9.62
93.49,0,,66.63,9.66,0,2,66.01,-4.69,-0.67,4.89,9.53
93.61,0,,66.38,9.60,0,2,65.89,-4.57,-0.47,5.21,9.45
93.67,0,,66.10,9.53,0,1,66.13,-4.45,-0.41,5.39,9.51
93.82,0,,65.99,9.51,0,1,65.96,-4.39,-0.49,5.37,9.65
93.88,0,,65.99,9.56,1,0,66.16,-4.42,-0.49,5.34,9.62
93.97,0,,66.04,9.61,4,-2,66.03,-4.41,-0.49,5.35,9.63
94.09,0,,66.10,9.64,4,-2,66.32,-4.42,-0.52,5.31,9.65
94.18,0,,66.22,9.65,4,-2,66.45,-4.47,-0.56,5.22,9.64
94.27,0,,66.29,9.65,4,-2,65.96,-4.52,-0.56,5.17,9.59
94.39,0,,66.32,9.63,2,-1,66.87,-4.51,-0.57,5.17,9.61
94.48,0,,66.47,9.66,0,1,66.65,-4.14,-0.58,5.53,9.99
94.57,0,,66.61,9.84,0,1,66.48,-3.62,-0.35,6.28,10.28
94.69,0,,66.60,10.10,0,2,66.47,-3.18,-0.01,7.06,10.38
94.84,0,,66.57,10.36,0,2,66.79,-2.67,0.12,7.70,10.76
94.87,0,,66.60,10.61,0,2,66.54,-2.57,0.09,7.77,10.89
94.99,0,,66.61,10.80,0,2,66.48,-2.71,0.03,7.57,10.81
95.08,0,,66.58,10.88,0,2,66.76,-2.75,-0.03,7.47,10.83
95.17,0,,66.64,10.86,0,1,66.77,-2.91,-0.10,7.24,10.74
95.32,0,,66.70,10.80,0,1,66.59,-3.03,-0.20,7.02,10.72
95.38,0,,66.66,10.74,0,1,66.41,-3.19,-0.28,6.78,10.64
95.47,0,,66.59,10.67,0,2,66.80,-3.33,-0.34,6.58,10.56
95.59,0,,66.64,10.61,1,0,66.86,-3.35,-0.40,6.50,10.60
95.68,0,,66.72,10.58,0,1,66.51,-3.34,-0.37,6.54,10.58
95.77,0,,66.64,10.57,0,1,66.22,-3.44,-0.39,6.42,10.50
95.89,0,,66.49,10.53,1,0,66.60,-3.66,-0.53,6.06,10.42
95.98,0,,66.47,10.47,2,-1,66.74,-3.73,-0.58,5.94,10.40
96.07,0,,66.55,10.43,2,-1,66.44,-3.70,-0.61,5.94,10.46
96.19,0,,66.53,10.42,2,-1,66.27,-3.74,-0.61,5.90,10.42
96.34,0,,66.47,10.43,2,-1,66.71,-3.68,-0.55,6.02,10.42
96.37,0,,66.50,10.43,2,-1,66.61,-3.65,-0.58,6.02,10.48
96.49,0,,66.53,10.45,1,0,66.23,-3.72,-0.63,5.90,10.46
96.58,0,,66.47,10.47,1,0,66.57,-3.73,-0.64,5.88,10.46
96.67,0,,66.46,10.47,2,-1,66.55,-3.70,-0.60,5.95,10.45
96.82,0,,66.47,10.45,2,-1,66.24,-3.77,-0.59,5.89,10.37
96.88,0,,66.38,10.41,2,-1,66.12,-3.81,-0.60,5.84,10.34
96.97,0,,66.21,10.37,2,-1,65.91,-3.77,-0.58,5.90,10.36
97.09,0,,66.07,10.35,2,-1,66.18,-3.82,-0.57,5.86,10.30
97.18,0,,66.03,10.32,4,-2,66.01,-3.87,-0.59,5.79,10.27
97.27,0,,66.04,10.30,4,-2,66.02,-3.85,-0.63,5.77,10.33
97.39,0,,66.06,10.31,4,-2,66.30,-3.80,-0.65,5.80,10.40
97.48,0,,66.14,10.35,4,-2,66.17,-3.83,-0.65,5.77,10.37
97.57,0,,66.23,10.38,2,-1,66.43,-3.85,-0.65,5.75,10.35
97.69,0,,66.36,10.40,2,-1,66.71,-3.74,-0.69,5.82,10.50
97.84,0,,66.49,10.44,2,-1,66.33,-3.76,-0.70,5.79,10.49
97.87,0,,66.45,10.46,0,2,66.00,-3.89,-0.65,5.71,10.31
97.99,0,,66.31,10.42,0,2,66.46,-3.83,-0.66,5.76,10.38
98.08,0,,66.27,10.40,0,2,66.34,-3.70,-0.67,5.88,10.52
98.17,0,,66.29,10.43,0,1,66.18,-3.80,-0.66,5.79,10.41
98.32,0,,66.25,10.45,0,1,66.13,-3.81,-0.66,5.78,10.40
98.38,0,,66.16,10.44,1,0,65.99,-3.70,-0.62,5.93,10.47
98.47,0,,66.15,10.44,2,-1,66.64,-3.79,-0.64,5.82,10.40
98.59,0,,66.26,10.43,2,-1,66.22,-3.82,-0.70,5.73,10.43
98.68,0,,66.33,10.43,2,-1,66.24,-3.77,-0.67,5.81,10.45
98.77,0,,66.33,10.44,2,-1,66.50,-3.76,-0.69,5.80,10.48
98.89,0,,66.35,10.46,1,0,66.23,-3.78,-0.70,5.77,10.47
98.98,0,,66.29,10.47,1,0,65.91,-3.82,-0.68,5.75,10.41
99.07,0,,66.20,10.46,1,0,66.54,-3.76,-0.70,5.79,10.49
99.19,0,,66.28,10.46,0,1,66.63,-3.80,-0.72,5.73,10.47
99.28,0,,66.49,10.47,1,0,66.72,-3.87,-0.74,5.64,10.42
99.37,0,,66.61,10.46,1,0,66.37,-3.78,-0.73,5.74,10.50
99.49,0,,66.53,10.48,0,1,66.10,-3.71,-0.70,5.84,10.54
99.58,0,,66.31,10.51,0,1,66.08,-3.75,-0.72,5.78,10.52
99.67,0,,66.17,10.54,0,1,66.36,-3.73,-0.77,5.75,10.59
99.82,0,,66.21,10.57,0,1,66.49,-3.68,-0.74,5.83,10.61
99.88,0,,66.35,10.59,1,0,66.52,-3.72,-0.74,5.79,10.57
99.97,0,,66.47,10.60,1,0,66.47,-3.74,-0.79,5.72,10.60
100.09,0,,66.50,10.59,0,1,66.42,-3.77,-0.75,5.73,10.53
100.18,0,,66.47,10.56,0,1,66.40,-3.78,-0.72,5.75,10.49
100.27,0,,66.41,10.53,1,0,66.27,-3.77,-0.76,5.72,10.54
100.39,0,,66.38,10.53,1,0,66.58,-3.76,-0.76,5.73,10.55
100.48,0,,66.41,10.55,0,1,66.43,-3.66,-0.77,5.82,10.66
100.57,0,,66.50,10.60,0,1,66.77,-3.73,-0.79,5.73,10.61
100.69,0,,66.63,10.63,0,1,66.84,-3.78,-0.84,5.63,10.61
100.78,0,,66.76,10.64,0,1,66.80,-3.67,-0.83,5.75,10.71
100.87,0,,66.70,10.66,0,1,65.88,-3.70,-0.77,5.78,10.62
100.99,0,,66.45,10.65,0,1,66.41,-3.75,-0.81,5.69,10.61
101.11,0,,66.31,10.65,0,1,66.59,-3.68,-0.85,5.72,10.72
101.17,0,,66.37,10.68,0,1,66.42,-3.64,-0.80,5.81,10.71
101.32,0,,66.51,10.71,0,1,66.94,-3.64,-0.86,5.75,10.77
101.38,0,,66.67,10.75,0,1,66.68,-3.65,-0.89,5.71,10.79
101.47,0,,66.75,10.77,0,1,66.66,-3.65,-0.79,5.81,10.69
101.59,0,,66.72,10.76,0,1,66.63,-3.60,-0.82,5.83,10.77
101.68,0,,66.64,10.75,0,1,66.40,-3.68,-0.89,5.68,10.76
101.77,0,,66.57,10.74,0,1,66.78,-3.72,-0.84,5.69,10.67
101.89,0,,66.57,10.74,0,1,66.45,-3.58,-0.87,5.80,10.84
101.98,0,,66.52,10.77,0,1,66.23,-3.63,-0.90,5.72,10.82
102.07,0,,66.43,10.79,0,1,66.56,-3.71,-0.84,5.70,10.68
102.19,0,,66.39,10.77,0,1,66.30,-3.63,-0.84,5.78,10.76
102.28,0,,66.34,10.76,4,-2,66.05,-3.63,-0.88,5.74,10.80
102.37,0,,66.19,10.77,4,-2,65.90,-3.67,-0.88,5.70,10.76
102.49,0,,66.08,10.79,4,-2,66.40,-3.62,-0.92,5.71,10.85
102.58,0,,66.21,10.83,4,-2,66.85,-3.50,-0.94,5.81,10.99
102.67,0,,66.47,10.90,4,-2,66.45,-3.55,-0.89,5.81,10.89
102.82,0,,66.62,10.91,2,-1,66.74,-3.64,-0.90,5.71,10.81
102.88,0,,66.65,10.89,1,0,66.48,-3.55,-0.94,5.76,10.94
102.97,0,,66.61,10.90,1,0,66.56,-3.50,-0.89,5.86,10.94
103.09,0,,66.55,10.92,0,2,66.47,-3.55,-0.92,5.78,10.92
103.18,0,,66.45,10.93,0,2,66.07,-3.59,-0.96,5.70,10.92
103.27,0,,66.33,10.93,0,2,66.44,-3.58,-0.91,5.76,10.88
103.39,0,,66.34,10.92,0,1,66.74,-3.54,-0.96,5.75,10.97
103.51,0,,66.50,10.94,1,0,66.58,-3.54,-0.99,5.72,11.00
103.57,0,,66.65,10.98,2,-1,66.97,-3.42,-0.89,5.94,11.02
103.69,0,,66.77,11.02,1,0,66.65,-3.39,-0.91,5.95,11.07
103.78,0,,66.75,11.05,1,0,66.42,-3.45,-0.96,5.84,11.06
103.87,0,,66.58,11.06,1,0,66.27,-3.43,-0.85,5.97,10.97
103.99,0,,66.44,11.04,1,0,66.58,-3.36,-0.86,6.03,11.05
104.08,0,,66.40,11.05,1,0,66.30,-3.35,-0.97,5.93,11.17
104.17,0,,66.41,11.09,1,0,66.61,-3.44,-0.95,5.86,11.06
104.32,0,,66.49,11.10,2,-1,66.68,-3.44,-0.95,5.86,11.06
104.38,0,,66.63,11.09,1,0,66.87,-3.38,-0.97,5.90,11.14
104.47,0,,66.73,11.10,1,0,66.60,-3.48,-0.97,5.80,11.04
104.59,0,,66.77,11.09,1,0,66.90,-3.47,-1.02,5.76,11.10
104.68,0,,66.73,11.10,1,0,66.34,-3.36,-1.00,5.89,11.19
104.77,0,,66.68,11.14,0,1,67.01,-3.37,-1.00,5.88,11.18
104.89,0,,66.71,11.18,0,1,66.71,-3.39,-1.09,5.77,11.25
104.98,0,,66.74,11.22,0,1,66.58,-3.39,-1.05,5.81,11.21
105.07,0,,66.69,11.22,0,1,66.59,-3.38,-0.98,5.89,11.15
105.19,0,,66.66,11.20,0,1,66.86,-3.42,-1.05,5.78,11.18
105.28,0,,66.68,11.19,1,0,66.54,-3.40,-1.06,5.79,11.21
105.37,0,,66.65,11.20,0,1,66.49,-3.27,-0.98,6.00,11.26
105.49,0,,66.62,11.23,0,1,66.94,-3.31,-1.03,5.91,11.27
105.61,0,,66.71,11.26,0,1,66.82,-3.35,-1.10,5.80,11.30
105.67,0,,66.74,11.28,0,1,66.30,-3.33,-1.02,5.90,11.24
105.82,0,,66.69,11.27,1,0,67.12,-3.30,-1.00,5.95,11.25
105.88,0,,66.71,11.27,1,0,66.48,-3.31,-1.08,5.86,11.32
105.97,0,,66.73,11.27,1,0,66.84,-3.39,-1.04,5.82,11.20
106.12,0,,66.70,11.26,1,0,66.54,-3.30,-1.05,5.90,11.30
106.21,0,,66.72,11.28,0,1,67.07,-3.28,-1.11,5.86,11.38
106.27,0,,66.83,11.31,0,1,66.99,-3.39,-1.05,5.81,11.21
106.39,0,,66.90,11.30,1,0,66.57,-3.30,-1.04,5.91,11.29
106.48,0,,66.81,11.30,0,1,66.63,-3.27,-1.10,5.88,11.38
106.57,0,,66.66,11.32,0,1,66.45,-3.33,-1.09,5.83,11.31
106.69,0,,66.58,11.35,0,1,66.80,-3.29,-1.11,5.85,11.37
106.78,0,,66.58,11.38,1,0,66.42,-3.19,-1.12,5.94,11.48
106.87,0,,66.61,11.41,1,0,66.89,-3.24,-1.07,5.94,11.38
106.99,0,,66.71,11.42,1,0,66.95,-3.26,-1.11,5.88,11.40
107.08,0,,66.83,11.43,1,0,66.81,-3.16,-1.13,5.96,11.52
107.17,0,,66.88,11.45,1,0,66.90,-3.19,-1.02,6.04,11.38
107.32,0,,66.88,11.44,1,0,66.77,-3.23,-1.09,5.93,11.41
107.41,0,,66.85,11.44,0,1,66.90,-3.19,-1.15,5.91,11.51
107.47,0,,66.82,11.46,0,1,66.59,-3.15,-1.07,6.03,11.47
107.59,0,,66.76,11.49,0,1,66.86,-3.14,-1.13,5.98,11.54
107.71,0,,66.72,11.52,1,0,66.51,-3.21,-1.18,5.86,11.52
107.77,0,,66.68,11.52,1,0,66.84,-3.22,-1.12,5.91,11.45
107.89,0,,66.65,11.50,1,0,66.37,-3.19,-1.12,5.94,11.48
108.01,0,,66.62,11.49,2,-1,66.89,-3.22,-1.18,5.85,11.51
108.07,0,,66.67,11.49,2,-1,66.79,-3.21,-1.14,5.90,11.48
108.19,0,,66.75,11.51,1,0,66.73,-3.09,-1.12,6.04,11.58
108.34,0,,66.77,11.56,1,0,66.70,-3.09,-1.22,5.94,11.68
108.37,0,,66.70,11.61,1,0,66.44,-3.17,-1.19,5.89,11.57
108.49,0,,66.64,11.63,1,0,66.85,-3.11,-1.15,5.99,11.59
108.58,0,,66.60,11.62,1,0,66.26,-3.07,-1.19,5.99,11.67
108.67,0,,66.55,11.62,1,0,66.71,-3.13,-1.14,5.98,11.56
108.82,0,,66.58,11.62,1,0,66.87,-3.07,-1.17,6.01,11.65
108.91,0,,66.73,11.65,1,0,66.97,-2.96,-1.21,6.08,11.80
108.97,0,,66.89,11.69,1,0,67.00,-3.06,-1.14,6.05,11.63
109.09,0,,66.91,11.70,0,1,66.41,-3.10,-1.19,5.96,11.64
109.18,0,,66.73,11.68,0,1,66.39,-3.03,-1.18,6.04,11.70
109.27,0,,66.58,11.67,1,0,66.94,-3.03,-1.09,6.13,11.61
109.39,0,,66.65,11.67,1,0,66.89,-3.01,-1.24,6.00,11.78
109.51,0,,66.80,11.70,1,0,66.89,-3.04,-1.25,5.96,11.76
109.57,0,,66.92,11.74,1,0,67.13,-2.99,-1.14,6.12,11.70
109.69,0,,67.03,11.76,1,0,67.12,-2.94,-1.25,6.06,11.86
109.78,0,,67.07,11.80,1,0,66.84,-3.00,-1.28,5.97,11.83
109.87,0,,67.03,11.82,0,1,67.05,-3.01,-1.21,6.03,11.75
110.02,0,,67.03,11.81,0,2,67.27,-2.96,-1.23,6.06,11.82
110.08,0,,67.08,11.81,0,2,66.87,-2.96,-1.27,6.02,11.86
110.17,0,,67.01,11.82,0,1,66.71,-2.96,-1.21,6.08,11.80
110.32,0,,66.86,11.83,0,1,66.72,-2.90,-1.18,6.17,11.83
110.38,0,,66.70,11.83,0,1,66.38,-2.94,-1.20,6.11,11.81
110.47,0,,66.52,11.81,4,-2,66.28,-3.04,-1.18,6.03,11.69
110.59,0,,66.43,11.77,4,-2,66.81,-2.97,-1.19,6.09,11.77
110.68,0,,66.56,11.77,4,-2,67.00,-2.86,-1.23,6.16,11.92
110.77,0,,66.73,11.82,4,-2,66.48,-2.95,-1.22,6.08,11.82
110.89,0,,66.73,11.84,4,-2,66.59,-2.98,-1.19,6.08,11.76
110.98,0,,66.69,11.83,4,-2,66.97,-2.84,-1.23,6.18,11.94
111.07,0,,66.75,11.86,2,-1,66.75,-2.91,-1.22,6.12,11.86
111.22,0,,66.81,11.86,0,1,66.87,-2.99,-1.21,6.05,11.77
111.28,0,,66.79,11.85,1,0,66.50,-2.88,-1.25,6.12,11.92
111.37,0,,66.66,11.86,0,2,66.33,-2.88,-1.17,6.20,11.84
111.49,0,,66.54,11.87,0,1,66.81,-2.91,-1.19,6.15,11.83
111.58,0,,66.59,11.88,2,-1,66.85,-2.82,-1.32,6.11,12.05
111.67,0,,66.66,11.94,2,-1,66.27,-2.80,-1.23,6.22,11.98
111.82,0,,66.57,11.97,2,-1,66.45,-2.87,-1.20,6.18,11.88
111.88,0,,66.49,11.97,2,-1,66.69,-2.84,-1.29,6.12,12.00
112.00,0,,66.55,11.97,2,-1,66.77,-2.79,-1.26,6.20,12.02
112.09,0,,66.66,11.99,2,-1,66.68,-2.78,-1.23,6.24,12.00
112.21,0,,66.72,12.00,1,0,66.79,-2.82,-1.24,6.19,11.97
112.27,0,,66.78,11.98,2,-1,66.91,-2.87,-1.18,6.20,11.86
112.39,0,,66.77,11.94,2,-1,66.38,-2.78,-1.19,6.28,11.96
112.48,0,,66.66,11.94,1,0,66.52,-2.77,-1.24,6.24,12.02
112.57,0,,66.53,11.97,1,0,66.49,-2.86,-1.25,6.14,11.94
112.69,0,,66.48,11.98,1,0,66.49,-2.80,-1.27,6.18,12.02
112.84,0,,66.47,12.01,2,-1,66.45,-2.68,-1.25,6.32,12.12
112.87,0,,66.44,12.04,2,-1,66.30,-2.78,-1.22,6.25,11.99
112.99,0,,66.41,12.04,2,-1,66.51,-2.80,-1.25,6.20,12.00
113.08,0,,66.41,12.05,2,-1,66.38,-2.64,-1.27,6.34,12.18
113.17,0,,66.42,12.09,4,-2,66.47,-2.65,-1.24,6.36,12.14
113.32,0,,66.47,12.13,2,-1,66.66,-2.71,-1.26,6.28,12.10
113.38,0,,66.55,12.14,2,-1,66.63,-2.67,-1.30,6.28,12.18
113.47,0,,66.58,12.16,2,-1,66.37,-2.59,-1.26,6.40,12.22
113.59,0,,66.54,12.20,2,-1,66.52,-2.60,-1.31,6.34,12.26
113.71,0,,66.53,12.24,2,-1,66.75,-2.61,-1.32,6.32,12.26
113.77,0,,66.56,12.25,2,-1,66.34,-2.56,-1.20,6.49,12.19
113.95,0,,66.56,12.24,0,1,66.74,-2.56,-1.23,6.46,12.22
113.98,0,,66.56,12.23,0,1,66.40,-2.57,-1.31,6.37,12.29
114.07,0,,66.61,12.25,0,1,67.06,-2.55,-1.28,6.42,12.28
114.19,0,,66.70,12.29,0,1,66.54,-2.45,-1.28,6.52,12.38
114.34,0,,66.69,12.34,0,1,66.34,-2.45,-1.28,6.52,12.38
114.37,0,,66.49,12.36,1,0,66.04,-2.56,-1.24,6.45,12.23
114.49,0,,66.27,12.33,1,0,66.29,-2.49,-1.27,6.49,12.33
114.58,0,,66.28,12.33,2,-1,66.98,-2.40,-1.29,6.56,12.44
114.70,0,,66.54,12.37,2,-1,66.85,-2.44,-1.30,6.51,12.41
114.82,0,,66.82,12.41,1,0,67.10,-2.41,-1.26,6.58,12.40
114.91,0,,66.97,12.44,0,1,66.81,-2.29,-1.27,6.69,12.53
114.97,0,,66.95,12.48,0,1,66.66,-2.32,-1.31,6.62,12.54
115.09,0,,66.78,12.52,0,1,66.45,-2.40,-1.30,6.55,12.45
115.18,0,,66.62,12.52,0,1,66.73,-2.30,-1.36,6.59,12.61
115.27,0,,66.60,12.56,0,1,66.74,-2.24,-1.35,6.66,12.66
115.42,0,,66.68,12.61,0,1,66.88,-2.29,-1.31,6.65,12.57
115.48,0,,66.84,12.61,0,1,67.26,-2.30,-1.34,6.61,12.59
115.57,0,,66.98,12.61,0,1,66.67,-2.24,-1.31,6.70,12.62
115.69,0,,66.96,12.61,0,1,66.91,-2.25,-1.32,6.68,12.62
115.78,0,,66.85,12.62,0,1,66.52,-2.29,-1.36,6.60,12.62
115.87,0,,66.73,12.63,0,1,66.74,-2.25,-1.32,6.68,12.62
115.99,0,,66.67,12.64,0,1,66.73,-2.16,-1.33,6.76,12.72
116.08,0,,66.68,12.68,0,1,66.69,-2.18,-1.38,6.69,12.75
116.17,0,,66.68,12.72,1,0,66.57,-2.21,-1.39,6.65,12.73
116.32,0,,66.65,12.75,2,-1,66.71,-2.13,-1.37,6.75,12.79
116.38,0,,66.68,12.77,4,-2,66.87,-2.14,-1.39,6.72,12.80
116.47,0,,66.73,12.79,2,-1,66.63,-2.20,-1.42,6.63,12.77
116.59,0,,66.75,12.79,1,0,66.83,-2.15,-1.38,6.72,12.78
116.68,0,,66.80,12.79,0,1,67.01,-2.09,-1.37,6.79,12.83
116.77,0,,66.89,12.81,0,1,66.95,-2.11,-1.44,6.70,12.88
116.89,0,,66.92,12.84,0,1,66.68,-2.15,-1.41,6.69,12.81
116.98,0,,66.87,12.85,0,1,66.88,-2.08,-1.37,6.80,12.84
117.07,0,,66.78,12.85,0,1,66.52,-2.09,-1.40,6.76,12.86
117.19,0,,66.69,12.84,0,1,66.67,-2.19,-1.39,6.67,12.75
117.28,0,,66.60,12.81,1,0,66.37,-2.18,-1.37,6.70,12.74
117.37,0,,66.52,12.78,2,-1,66.57,-2.11,-1.40,6.74,12.84
117.49,0,,66.57,12.80,2,-1,67.15,-2.10,-1.44,6.71,12.89
117.58,0,,66.77,12.85,2,-1,66.83,-2.08,-1.43,6.74,12.90
117.67,0,,66.89,12.89,1,0,66.79,-2.01,-1.38,6.86,12.92
117.85,0,,66.90,12.92,1,0,66.95,-1.97,-1.37,6.91,12.95
117.88,0,,66.90,12.95,1,0,66.90,-1.98,-1.45,6.82,13.02
117.97,0,,66.92,13.00,1,0,66.97,-1.94,-1.48,6.83,13.09
118.09,0,,66.93,13.05,0,1,66.86,-1.88,-1.41,6.96,13.08
118.18,0,,66.88,13.07,0,2,66.60,-1.96,-1.40,6.89,12.99
118.27,0,,66.82,13.05,0,2,67.10,-1.96,-1.42,6.87,13.01
118.39,0,,66.81,13.04,1,0,66.56,-1.86,-1.40,6.99,13.09
118.48,0,,66.79,13.06,1,0,66.86,-1.84,-1.42,6.99,13.13
118.57,0,,66.70,13.10,1,0,66.26,-1.88,-1.46,6.91,13.13
118.69,0,,66.55,13.12,1,0,66.45,-1.91,-1.43,6.91,13.07
118.78,0,,66.48,13.12,4,-2,66.82,-1.88,-1.40,6.97,13.07
118.87,0,,66.54,13.09,4,-2,66.39,-1.94,-1.43,6.88,13.04
118.99,0,,66.59,13.06,4,-2,66.81,-1.97,-1.46,6.82,13.04
119.08,0,,66.61,13.06,4,-2,66.39,-1.90,-1.48,6.87,13.13
119.20,0,,66.60,13.09,2,-1,66.71,-1.89,-1.48,6.88,13.14
119.32,0,,66.61,13.11,2,-1,66.73,-1.95,-1.46,6.84,13.06
119.38,0,,66.66,13.10,2,-1,66.58,-1.97,-1.46,6.82,13.04
119.47,0,,66.73,13.09,2,-1,67.18,-1.85,-1.49,6.91,13.19
119.59,0,,66.91,13.12,0,1,67.20,-1.85,-1.50,6.90,13.20
119.68,0,,67.06,13.17,0,2,66.83,-1.91,-1.52,6.82,13.16
119.77,0,,67.07,13.19,0,2,67.14,-1.83,-1.51,6.91,13.23
119.89,0,,67.08,13.22,0,2,67.20,-1.78,-1.51,6.96,13.28
119.98,0,,67.07,13.24,0,2,66.70,-1.87,-1.51,6.87,13.19
120.07,0,,66.90,13.23,0,2,66.40,-1.91,-1.48,6.86,13.12
120.19,0,,66.67,13.20,0,1,66.67,-1.82,-1.48,6.95,13.21
120.34,0,,66.55,13.19,0,1,66.54,-1.78,-1.50,6.97,13.27
120.37,0,,66.59,13.22,0,1,66.98,-1.84,-1.51,6.90,13.22
120.49,0,,66.72,13.24,4,-2,66.79,-1.85,-1.52,6.88,13.22
120.58,0,,66.86,13.24,4,-2,67.13,-1.75,-1.49,7.01,13.29
120.67,0,,66.97,13.27,2,-1,66.93,-1.73,-1.51,7.01,13.33
120.82,0,,67.01,13.30,2,-1,66.96,-1.81,-1.51,6.93,13.25
120.91,0,,67.03,13.30,0,1,67.25,-1.75,-1.47,7.03,13.27
120.97,0,,67.09,13.31,0,1,67.08,-1.64,-1.54,7.07,13.45
121.09,0,,67.05,13.36,0,1,66.54,-1.69,-1.56,7.00,13.42
121.21,0,,66.88,13.40,0,1,66.77,-1.74,-1.51,7.00,13.32
121.27,0,,66.74,13.40,1,0,66.76,-1.66,-1.54,7.05,13.43
121.39,0,,66.71,13.41,0,1,66.69,-1.63,-1.57,7.05,13.49
121.48,0,,66.76,13.45,2,-1,67.18,-1.66,-1.55,7.04,13.44
121.57,0,,66.87,13.46,2,-1,66.72,-1.61,-1.53,7.11,13.47
121.69,0,,66.85,13.47,2,-1,66.46,-1.57,-1.52,7.16,13.50
121.84,0,,66.72,13.48,1,0,66.78,-1.64,-1.57,7.04,13.48
121.87,0,,66.67,13.48,4,-2,66.75,-1.67,-1.55,7.03,13.43
122.02,0,,66.70,13.47,2,-1,66.73,-1.58,-1.51,7.16,13.48
122.08,0,,66.74,13.48,2,-1,66.82,-1.57,-1.56,7.12,13.54
122.17,0,,66.84,13.51,1,0,67.25,-1.62,-1.60,7.03,13.53
122.32,0,,66.97,13.55,1,0,66.85,-1.53,-1.62,7.10,13.64
122.38,0,,66.99,13.60,1,0,66.80,-1.46,-1.62,7.17,13.71
122.47,0,,66.92,13.66,0,1,66.97,-1.52,-1.62,7.11,13.65
122.59,0,,66.93,13.68,0,1,67.13,-1.51,-1.63,7.11,13.67
122.68,0,,66.95,13.69,0,1,66.60,-1.43,-1.58,7.24,13.70
122.78,0,,66.85,13.69,0,1,66.66,-1.44,-1.57,7.24,13.68
122.89,0,,66.73,13.70,0,1,66.80,-1.44,-1.64,7.17,13.75
122.98,0,,66.73,13.73,1,0,66.89,-1.36,-1.65,7.24,13.84
123.07,0,,66.77,13.78,1,0,66.66,-1.34,-1.60,7.31,13.81
123.19,0,,66.82,13.81,1,0,67.11,-1.38,-1.61,7.26,13.78
123.34,0,,66.87,13.81,1,0,66.69,-1.40,-1.65,7.20,13.80
123.37,0,,66.88,13.82,1,0,67.00,-1.32,-1.67,7.26,13.90
123.52,0,,66.95,13.86,1,0,67.34,-1.29,-1.70,7.26,13.96
123.58,0,,67.12,13.91,0,1,67.26,-1.34,-1.72,7.19,13.93
123.67,0,,67.17,13.95,0,1,66.65,-1.30,-1.71,7.24,13.96
123.82,0,,67.01,13.96,0,1,66.79,-1.24,-1.65,7.36,13.96
123.88,0,,66.85,13.96,0,1,66.87,-1.32,-1.64,7.29,13.87
123.97,0,,66.77,13.92,1,0,66.64,-1.35,-1.67,7.23,13.87
124.09,0,,66.78,13.90,0,1,67.13,-1.26,-1.67,7.32,13.96
124.18,0,,66.92,13.93,0,1,67.28,-1.19,-1.67,7.39,14.03
124.27,0,,67.05,13.98,0,1,66.67,-1.23,-1.67,7.35,13.99
124.39,0,,66.97,14.00,0,1,66.70,-1.27,-1.66,7.32,13.94
124.48,0,,66.82,14.00,1,0,66.80,-1.13,-1.68,7.44,14.10
124.57,0,,66.76,14.04,2,-1,66.85,-1.10,-1.69,7.46,14.14
124.69,0,,66.78,14.09,2,-1,66.80,-1.25,-1.71,7.29,14.01
124.84,0,,66.83,14.08,1,0,67.02,-1.22,-1.72,7.31,14.05
124.87,0,,66.89,14.07,1,0,66.84,-1.14,-1.67,7.44,14.08
124.99,0,,66.94,14.07,1,0,67.11,-1.21,-1.71,7.33,14.05
125.08,0,,66.91,14.07,1,0,66.39,-1.22,-1.77,7.26,14.10
125.17,0,,66.80,14.08,1,0,66.92,-1.16,-1.69,7.40,14.08
125.32,0,,66.77,14.09,1,0,67.01,-1.13,-1.69,7.43,14.11
125.38,0,,66.88,14.10,1,0,67.04,-1.17,-1.76,7.32,14.14
125.47,0,,67.01,14.13,0,1,67.17,-1.10,-1.74,7.41,14.19
125.62,0,,67.07,14.18,0,1,66.87,-1.00,-1.73,7.52,14.28
125.68,0,,67.05,14.22,1,0,67.06,-1.11,-1.73,7.41,14.17
125.77,0,,67.03,14.23,1,0,67.14,-1.10,-1.75,7.40,14.20
125.89,0,,67.05,14.23,1,0,66.98,-1.02,-1.77,7.46,14.30
125.98,0,,67.09,14.25,0,1,67.33,-1.03,-1.75,7.47,14.27
126.07,0,,67.12,14.28,0,2,66.89,-1.00,-1.78,7.47,14.33
126.19,0,,67.06,14.30,0,1,66.80,-1.08,-1.77,7.40,14.24
126.34,0,,66.93,14.28,1,0,66.91,-1.09,-1.73,7.43,14.19
126.37,0,,66.94,14.26,1,0,67.43,-0.96,-1.80,7.49,14.39
126.49,0,,67.07,14.29,1,0,66.99,-1.04,-1.81,7.40,14.32
126.58,0,,67.15,14.31,1,0,67.20,-1.10,-1.77,7.38,14.22
126.67,0,,67.18,14.31,0,1,67.27,-0.92,-1.75,7.58,14.38
126.82,0,,67.31,14.33,0,1,67.93,-0.94,-1.76,7.55,14.37
126.88,0,,67.49,14.35,0,1,67.17,-1.05,-1.79,7.41,14.29
126.97,0,,67.44,14.35,0,1,66.94,-0.89,-1.77,7.59,14.43
127.09,0,,67.24,14.38,0,1,67.31,-0.88,-1.75,7.62,14.42
127.18,0,,67.20,14.39,0,1,67.51,-1.03,-1.76,7.46,14.28
127.27,0,,67.29,14.39,0,1,67.22,-0.87,-1.82,7.56,14.50
127.39,0,,67.36,14.44,0,1,67.58,-0.76,-1.81,7.68,14.60
127.48,0,,67.41,14.49,0,1,67.28,-0.93,-1.74,7.58,14.36
127.57,0,,67.34,14.48,0,1,66.84,-0.96,-1.80,7.49,14.39
127.75,0,,67.13,14.45,0,1,66.97,-0.89,-1.85,7.51,14.51
127.84,0,,66.96,14.45,2,-1,66.82,-0.87,-1.78,7.60,14.46
127.87,0,,66.91,14.47,4,-2,67.26,-0.85,-1.81,7.59,14.51
127.99,0,,67.03,14.50,4,-2,67.28,-0.87,-1.87,7.51,14.55
128.08,0,,67.15,14.52,4,-2,66.96,-0.87,-1.82,7.56,14.50
128.17,0,,67.10,14.53,4,-2,66.79,-0.85,-1.81,7.59,14.51
128.32,0,,66.93,14.51,4,-2,66.68,-0.96,-1.82,7.47,14.41
128.38,0,,66.87,14.46,4,-2,67.42,-0.99,-1.82,7.44,14.38
128.47,0,,67.08,14.45,2,-1,67.70,-0.81,-1.88,7.56,14.62
128.59,0,,67.39,14.50,1,0,67.44,-0.80,-1.87,7.58,14.62
128.68,0,,67.45,14.56,0,2,66.81,-0.94,-1.86,7.45,14.47
128.77,0,,67.25,14.57,0,2,67.10,-1.03,-2.05,7.17,14.57
128.95,0,,67.10,14.57,0,1,67.28,-1.15,-2.24,6.86,14.64
128.98,0,,67.11,14.59,0,1,67.09,-1.28,-2.28,6.69,14.55
129.10,0,,67.09,14.55,0,1,66.86,-1.57,-2.28,6.40,14.26
129.19,0,,66.94,14.40,0,1,66.45,-1.59,-2.07,6.59,14.03
129.34,0,,66.73,14.19,2,-1,66.70,-1.42,-1.87,6.96,14.00
129.37,0,,66.64,14.06,2,-1,66.81,-1.42,-2.01,6.82,14.14
129.49,0,,66.70,14.08,4,-2,66.87,-1.27,-2.08,6.90,14.36
129.58,0,,66.78,14.22,4,-2,66.79,-1.08,-2.03,7.14,14.50
129.67,0,,66.86,14.40,4,-2,67.11,-0.96,-2.01,7.28,14.60
129.82,0,,66.91,14.53,2,-1,66.61,-0.91,-1.84,7.50,14.48
129.88,0,,66.89,14.56,2,-1,67.07,-0.85,-1.74,7.66,14.44
129.97,0,,66.89,14.53,2,-1,66.89,-0.78,-1.81,7.66,14.58
130.09,0,,66.92,14.52,2,-1,66.95,-0.81,-1.75,7.69,14.49
130.18,0,,66.96,14.51,2,-1,67.13,-0.69,-1.58,7.98,14.44
130.27,0,,67.01,14.50,0,2,66.94,-0.56,-1.60,8.09,14.59
130.39,0,,67.00,14.53,0,1,66.89,-0.51,-1.60,8.14,14.64
130.48,0,,66.96,14.60,0,1,66.97,-0.41,-1.50,8.34,14.64
130.57,0,,66.89,14.66,0,1,66.54,-0.25,-1.48,8.52,14.78
130.69,0,,66.79,14.73,1,0,66.93,-0.14,-1.40,8.71,14.81
130.84,0,,66.74,14.77,2,-1,66.58,-0.17,-1.34,8.74,14.72
130.87,0,,66.75,14.78,1,0,67.05,-0.16,-1.40,8.69,14.79
130.99,0,,66.84,14.79,1,0,66.96,-0.14,-1.49,8.62,14.90
131.08,0,,67.03,14.84,2,-1,67.64,-0.28,-1.62,8.35,14.89
131.17,0,,67.21,14.88,2,-1,66.82,-0.38,-1.74,8.13,14.91
131.32,0,,67.19,14.91,0,1,67.01,-0.37,-1.70,8.18,14.88
131.38,0,,67.08,14.91,0,1,67.12,-0.33,-1.67,8.25,14.89
131.47,0,,67.03,14.91,0,1,66.95,-0.31,-1.77,8.17,15.01
131.62,0,,67.04,14.94,0,1,67.25,-0.40,-1.78,8.07,14.93
131.68,0,,67.13,14.95,0,2,67.38,-0.49,-1.84,7.92,14.90
131.77,0,,67.17,14.94,0,1,66.68,-0.60,-2.01,7.64,14.96
131.92,0,,67.13,14.93,0,1,67.55,-0.83,-2.09,7.33,14.81
131.98,0,,67.15,14.88,0,1,66.99,-0.85,-2.07,7.33,14.77
132.07,0,,67.08,14.83,0,1,66.48,-0.65,-2.00,7.60,14.90
132.19,0,,66.86,14.83,0,1,66.81,-0.76,-1.99,7.50,14.78
132.34,0,,66.69,14.80,2,-1,66.53,-0.91,-2.02,7.32,14.66
132.37,0,,66.62,14.75,4,-2,66.66,-0.80,-2.01,7.44,14.76
132.49,0,,66.60,14.73,4,-2,66.64,-0.81,-2.00,7.44,14.74
132.58,0,,66.64,14.72,4,-2,66.79,-0.94,-2.01,7.30,14.62
132.67,0,,66.74,14.69,4,-2,67.02,-0.91,-2.07,7.27,14.71
132.82,0,,66.84,14.69,4,-2,66.67,-1.01,-2.16,7.08,14.70
132.88,0,,66.82,14.67,2,-1,66.65,-1.22,-2.19,6.84,14.52
132.97,0,,66.84,14.63,2,-1,67.49,-1.12,-2.21,6.92,14.64
133.09,0,,66.99,14.61,2,-1,66.87,-1.09,-2.16,7.00,14.62
133.18,0,,67.03,14.62,0,2,66.69,-0.94,-2.05,7.26,14.66
133.27,0,,66.94,14.71,0,2,67.12,-0.32,-1.93,8.00,15.16
133.39,0,,66.91,14.93,0,2,66.81,0.07,-1.72,8.60,15.34
133.48,0,,66.91,15.17,0,1,66.92,0.08,-1.62,8.71,15.25
133.57,0,,66.91,15.29,0,1,67.02,-0.08,-1.76,8.41,15.23
133.69,0,,66.92,15.26,0,1,66.72,-0.64,-1.98,7.63,14.89
133.84,0,,66.85,15.06,1,0,66.67,-1.12,-2.15,6.98,14.58
133.87,0,,66.79,14.83,2,-1,66.98,-0.84,-2.12,7.29,14.83
134.02,0,,66.84,14.76,2,-1,67.03,-0.53,-2.00,7.72,15.02
134.08,0,,66.90,14.84,2,-1,66.65,-0.59,-1.95,7.71,14.91
134.17,0,,66.90,14.95,1,0,67.13,-0.32,-1.94,7.99,15.17
134.32,0,,66.96,15.08,1,0,67.12,-0.04,-1.81,8.40,15.32
134.38,0,,67.06,15.22,0,1,67.13,-0.09,-1.78,8.38,15.24
134.47,0,,67.16,15.30,0,1,67.41,0.03,-1.84,8.44,15.42
134.59,0,,67.20,15.37,0,1,66.80,0.17,-1.73,8.69,15.45
134.68,0,,67.16,15.41,0,2,67.36,0.17,-1.62,8.80,15.34
134.77,0,,67.15,15.42,0,2,67.14,0.30,-1.60,8.95,15.45
134.89,0,,67.20,15.42,0,2,67.37,0.35,-1.54,9.06,15.44
134.98,0,,67.29,15.42,0,2,67.53,0.34,-1.44,9.15,15.33
135.07,0,,67.38,15.40,0,2,67.21,0.45,-1.43,9.27,15.43
135.19,0,,67.37,15.40,0,2,67.35,0.42,-1.47,9.20,15.44
135.34,0,,67.29,15.42,0,1,66.98,0.39,-1.45,9.19,15.39
135.37,0,,67.20,15.43,0,1,67.27,0.52,-1.43,9.34,15.50
135.49,0,,67.17,15.46,0,1,67.25,0.50,-1.43,9.32,15.48
135.58,0,,67.23,15.48,1,0,67.48,0.47,-1.39,9.33,15.41
135.67,0,,67.33,15.47,1,0,67.31,0.55,-1.40,9.40,15.50
135.82,0,,67.34,15.47,1,0,67.11,0.52,-1.39,9.38,15.46
135.88,0,,67.27,15.46,1,0,67.23,0.44,-1.34,9.35,15.33
136.00,0,,67.18,15.42,2,-1,66.98,0.53,-1.34,9.44,15.42
136.09,0,,67.10,15.40,2,-1,67.11,0.62,-1.31,9.56,15.48
136.18,0,,67.07,15.43,2,-1,67.17,0.60,-1.29,9.56,15.44
136.27,0,,67.16,15.47,2,-1,67.60,0.67,-1.33,9.59,15.55
136.39,0,,67.32,15.51,0,1,67.25,0.76,-1.27,9.74,15.58
136.48,0,,67.35,15.56,0,1,67.09,0.81,-1.24,9.82,15.60
136.57,0,,67.21,15.60,1,0,66.80,0.86,-1.25,9.86,15.66
136.69,0,,67.07,15.61,1,0,67.39,0.75,-1.18,9.82,15.48
136.84,0,,67.14,15.57,1,0,67.55,0.75,-1.17,9.83,15.47
136.87,0,,67.26,15.52,2,-1,66.79,0.85,-1.20,9.90,15.60
136.99,0,,67.18,15.52,0,1,67.09,0.73,-1.16,9.82,15.44
137.08,0,,67.07,15.50,2,-1,67.04,0.77,-1.15,9.87,15.47
137.17,0,,67.07,15.50,2,-1,67.37,0.97,-1.14,10.08,15.66
137.32,0,,67.17,15.55,2,-1,67.24,0.90,-1.14,10.01,15.59
137.38,0,,67.21,15.59,1,0,66.95,0.78,-1.17,9.86,15.50
137.47,0,,67.09,15.57,1,0,66.68,0.80,-1.17,9.88,15.52
137.59,0,,66.95,15.55,1,0,67.24,0.90,-1.15,10.00,15.60
137.68,0,,67.00,15.58,2,-1,67.33,1.05,-1.09,10.21,15.69
137.77,0,,67.15,15.64,2,-1,67.10,1.15,-1.03,10.37,15.73
137.89,0,,67.14,15.70,2,-1,66.68,1.16,-0.99,10.42,15.70
137.98,0,,67.02,15.72,2,-1,67.23,1.21,-0.97,10.49,15.73
138.07,0,,67.02,15.75,2,-1,67.16,1.26,-1.01,10.50,15.82
138.25,0,,67.09,15.77,2,-1,67.08,1.23,-0.99,10.49,15.77
138.34,0,,67.13,15.79,2,-1,67.22,1.27,-0.97,10.55,15.79
138.37,0,,67.14,15.81,1,0,67.01,1.32,-1.05,10.52,15.92
138.49,0,,67.11,15.85,1,0,67.10,1.25,-1.04,10.46,15.84
138.58,0,,67.14,15.85,1,0,67.49,1.19,-0.97,10.47,15.71
138.67,0,,67.25,15.82,1,0,67.29,1.32,-0.98,10.59,15.85
138.82,0,,67.33,15.81,0,1,67.31,1.30,-0.99,10.56,15.84
138.88,0,,67.30,15.80,0,1,66.96,1.14,-0.94,10.45,15.63
138.97,0,,67.17,15.76,1,0,67.02,1.29,-0.97,10.57,15.81
139.09,0,,67.07,15.77,1,0,67.18,1.34,-1.00,10.59,15.89
139.18,0,,67.05,15.81,1,0,66.96,1.24,-0.95,10.54,15.74
139.27,0,,67.00,15.82,1,0,66.76,1.33,-0.96,10.62,15.84
139.39,0,,66.99,15.83,2,-1,67.53,1.37,-0.95,10.67,15.87
139.48,0,,67.18,15.85,2,-1,67.61,1.37,-0.91,10.71,15.83
139.57,0,,67.39,15.86,1,0,67.14,1.41,-0.93,10.73,15.89
139.69,0,,67.41,15.87,1,0,67.41,1.39,-0.91,10.73,15.85
139.87,0,,67.38,15.87,0,1,67.39,1.49,-0.88,10.86,15.92
139.87,0,,67.32,15.91,0,1,66.96,1.61,-0.89,10.97,16.05
139.99,0,,67.20,15.97,0,1,67.19,1.55,-0.83,10.97,15.93
140.08,0,,67.17,15.99,0,1,67.45,1.62,-0.80,11.07,15.97
140.20,0,,67.26,16.00,0,1,67.33,1.73,-0.83,11.15,16.11
140.32,0,,67.33,16.04,0,1,67.28,1.71,-0.83,11.13,16.09
140.38,0,,67.32,16.09,0,1,67.21,1.75,-0.79,11.21,16.09
140.47,0,,67.33,16.12,0,1,67.64,1.85,-0.79,11.31,16.19
140.59,0,,67.42,16.16,0,1,67.54,1.92,-0.82,11.35,16.29
140.68,0,,67.48,16.22,0,1,67.20,1.83,-0.82,11.26,16.20
140.77,0,,67.40,16.22,0,1,67.27,1.55,-0.94,10.86,16.04
140.92,0,,67.31,16.12,0,1,67.33,1.29,-0.99,10.55,15.83
140.98,0,,67.20,15.93,0,1,66.66,1.06,-0.91,10.40,15.52
141.07,0,,66.98,15.70,2,-1,66.74,0.98,-0.96,10.27,15.49
141.22,0,,66.77,15.54,4,-2,66.56,0.99,-1.00,10.24,15.54
141.34,0,,66.62,15.48,4,-2,66.53,1.04,-0.88,10.41,15.47
141.37,0,,66.62,15.50,4,-2,67.14,1.36,-0.79,10.82,15.70
141.49,0,,66.81,15.60,4,-2,67.18,1.51,-0.79,10.97,15.85
141.58,0,,67.02,15.72,4,-2,66.92,1.28,-0.86,10.67,15.69
141.67,0,,67.02,15.74,4,-2,66.65,0.94,-1.05,10.14,15.54
141.82,0,,66.87,15.63,2,-1,66.67,0.49,-1.23,9.51,15.27
141.88,0,,66.75,15.42,2,-1,66.95,0.27,-1.30,9.22,15.12
141.97,0,,66.84,15.26,2,-1,67.37,0.43,-1.36,9.32,15.34
142.09,0,,67.00,15.26,0,1,66.72,0.58,-1.41,9.42,15.54
142.18,0,,66.98,15.39,0,2,66.71,0.62,-1.45,9.42,15.62
142.27,0,,66.94,15.58,0,1,67.50,0.99,-1.40,9.84,15.94
142.42,0,,67.09,15.81,0,1,67.33,1.40,-1.15,10.50,16.10
142.48,0,,67.34,15.99,0,1,67.74,1.47,-1.00,10.72,16.02
142.57,0,,67.60,16.11,0,2,68.01,1.60,-1.16,10.69,16.31
142.69,0,,67.81,16.21,0,2,67.70,1.58,-1.18,10.65,16.31
142.87,0,,67.82,16.28,0,2,67.50,1.70,-0.99,10.96,16.24
142.87,0,,67.65,16.33,0,2,67.28,2.07,-0.92,11.40,16.54
143.02,0,,67.50,16.41,0,2,67.76,2.18,-0.78,11.65,16.51
143.08,0,,67.51,16.51,0,2,67.59,2.41,-0.69,11.97,16.65
143.20,0,,67.62,16.62,0,2,67.89,2.40,-0.86,11.79,16.81
143.38,0,,67.73,16.68,0,2,67.72,2.11,-0.80,11.56,16.46
143.38,0,,67.73,16.68,0,2,67.72,2.11,-0.80,11.56,16.46
143.47,0,,67.78,16.39,0,2,67.24,1.70,-0.81,11.14,16.06
143.59,0,,67.65,16.16,1,0,67.81,1.43,-0.91,10.77,15.89
143.68,0,,67.58,15.96,1,0,67.42,1.18,-1.02,10.41,15.75
143.78,0,,67.57,15.80,1,0,67.77,0.91,-1.18,9.98,15.64
143.92,0,,67.57,15.68,1,0,67.34,0.70,-1.32,9.63,15.57
143.98,0,,67.49,15.59,2,-1,67.24,0.57,-1.37,9.45,15.49
144.07,0,,67.41,15.53,2,-1,67.67,0.53,-1.41,9.37,15.49
144.19,0,,67.42,15.49,4,-2,67.29,0.52,-1.40,9.37,15.47
144.34,0,,67.41,15.47,4,-2,67.33,0.44,-1.40,9.29,15.39
144.37,0,,67.38,15.43,4,-2,67.51,0.33,-1.49,9.09,15.37
144.49,0,,67.45,15.38,2,-1,67.80,0.22,-1.50,8.97,15.27
144.58,0,,67.58,15.31,2,-1,67.50,0.22,-1.42,9.05,15.19
144.67,0,,67.57,15.25,2,-1,67.24,0.21,-1.46,9.00,15.22
144.82,0,,67.42,15.20,2,-1,67.13,0.08,-1.53,8.80,15.16
144.88,0,,67.27,15.17,2,-1,67.35,-0.00,-1.50,8.75,15.05
144.97,0,,67.31,15.11,2,-1,67.89,0.04,-1.49,8.80,15.08
145.09,0,,67.50,15.08,2,-1,67.46,-0.02,-1.53,8.70,15.06
145.18,0,,67.57,15.05,1,0,67.30,-0.13,-1.52,8.60,14.94
145.27,0,,67.49,15.00,1,0,67.50,-0.12,-1.53,8.60,14.96
145.39,0,,67.40,14.97,2,-1,67.15,-0.12,-1.55,8.58,14.98
145.48,0,,67.33,14.95,2,-1,67.43,-0.19,-1.51,8.55,14.87
145.57,0,,67.28,14.93,2,-1,67.06,-0.17,-1.54,8.54,14.92
145.70,0,,67.29,14.91,2,-1,67.77,-0.22,-1.56,8.47,14.89
145.87,0,,67.41,14.88,2,-1,67.42,-0.33,-1.53,8.39,14.75
145.90,0,,67.48,14.82,2,-1,67.32,-0.34,-1.54,8.37,14.75
145.99,0,,67.46,14.77,2,-1,67.59,-0.35,-1.54,8.36,14.74
146.08,0,,67.42,14.74,2,-1,67.02,-0.39,-1.53,8.33,14.69
146.32,0,,67.30,14.71,1,0,67.21,-0.44,-1.55,8.26,14.66
146.32,0,,67.20,14.67,2,-1,67.28,-0.54,-1.54,8.17,14.55
146.38,0,,67.20,14.61,2,-1,67.19,-0.56,-1.53,8.16,14.52
146.50,0,,67.15,14.56,2,-1,66.77,-0.53,-1.55,8.17,14.57
146.59,0,,67.04,14.53,2,-1,67.14,-0.60,-1.52,8.13,14.47
146.68,0,,66.97,14.49,4,-2,66.83,-0.68,-1.50,8.07,14.37
146.77,0,,66.98,14.44,4,-2,67.30,-0.68,-1.52,8.05,14.39
146.98,0,,67.08,14.39,4,-2,67.25,-0.70,-1.50,8.05,14.35
146.98,0,,67.20,14.34,2,-1,67.20,-0.81,-1.45,7.99,14.19
147.07,0,,67.25,14.28,2,-1,67.29,-0.78,-1.49,7.98,14.26
147.19,0,,67.29,14.25,2,-1,67.40,-0.77,-1.52,7.96,14.30
147.37,0,,67.36,14.25,2,-1,67.50,-0.89,-1.50,7.86,14.16
147.37,0,,67.43,14.23,0,2,67.41,-0.87,-1.55,7.83,14.23
147.52,0,,67.43,14.21,0,2,67.28,-0.91,-1.52,7.82,14.16
147.61,0,,67.38,14.17,0,2,67.37,-0.99,-1.47,7.79,14.03
147.76,0,,67.32,14.11,0,2,67.17,-0.96,-1.51,7.78,14.10
147.82,0,,67.25,14.06,0,1,67.15,-1.06,-1.46,7.73,13.95
147.88,0,,67.18,14.00,1,0,67.18,-1.12,-1.43,7.70,13.86
148.00,0,,67.21,13.95,1,0,67.55,-1.04,-1.50,7.71,14.01
148.09,0,,67.32,13.94,1,0,67.36,-1.13,-1.49,7.63,13.91
148.18,0,,67.34,13.92,1,0,66.98,-1.19,-1.45,7.61,13.81
148.27,0,,67.26,13.89,2,-1,67.34,-1.13,-1.47,7.65,13.89
148.39,0,,67.21,13.85,2,-1,67.25,-1.24,-1.45,7.56,13.76
148.48,0,,67.21,13.80,2,-1,67.04,-1.36,-1.44,7.45,13.63
148.57,0,,67.17,13.72,2,-1,67.20,-1.31,-1.46,7.48,13.70
148.69,0,,67.11,13.67,2,-1,66.88,-1.32,-1.40,7.53,13.63
148.84,0,,67.11,13.63,2,-1,67.58,-1.38,-1.38,7.49,13.55
148.88,0,,67.18,13.60,1,0,66.96,-1.38,-1.41,7.46,13.58
148.99,0,,67.22,13.56,1,0,67.36,-1.46,-1.34,7.45,13.43
149.08,0,,67.23,13.49,1,0,67.22,-1.52,-1.31,7.42,13.34
149.17,0,,67.20,13.41,1,0,66.88,-1.51,-1.36,7.38,13.40
149.32,0,,67.04,13.37,1,0,66.67,-1.58,-1.34,7.33,13.31
149.38,0,,66.87,13.34,2,-1,66.97,-1.60,-1.34,7.31,13.29
149.47,0,,66.82,13.32,2,-1,66.82,-1.57,-1.37,7.31,13.35
149.59,0,,66.85,13.31,2,-1,67.03,-1.64,-1.34,7.27,13.25
149.68,0,,66.91,13.28,4,-2,66.93,-1.72,-1.30,7.23,13.13
149.77,0,,66.95,13.21,2,-1,66.96,-1.68,-1.30,7.27,13.17
149.89,0,,66.99,13.16,2,-1,67.12,-1.75,-1.27,7.23,13.07
149.98,0,,67.05,13.09,2,-1,67.14,-1.89,-1.23,7.13,12.89
150.07,0,,67.04,13.01,2,-1,66.59,-1.78,-1.28,7.19,13.05
150.19,0,,66.84,13.00,2,-1,66.31,-1.75,-1.28,7.22,13.08
150.34,0,,66.55,13.01,2,-1,66.36,-1.89,-1.20,7.16,12.86
150.40,0,,66.38,12.96,2,-1,66.49,-1.92,-1.19,7.14,12.82
150.49,0,,66.43,12.89,4,-2,66.91,-1.91,-1.24,7.10,12.88
150.58,0,,66.69,12.86,4,-2,67.27,-1.90,-1.23,7.12,12.88
150.67,0,,66.94,12.86,4,-2,66.71,-1.90,-1.20,7.15,12.85
150.82,0,,66.97,12.85,2,-1,66.75,-1.95,-1.20,7.10,12.80
150.88,0,,66.81,12.83,2,-1,66.36,-1.98,-1.18,7.09,12.75
150.97,0,,66.65,12.78,2,-1,66.92,-2.00,-1.15,7.10,12.70
151.09,0,,66.67,12.73,2,-1,66.90,-2.05,-1.18,7.02,12.68
151.18,0,,66.72,12.69,2,-1,66.31,-2.09,-1.19,6.97,12.65
151.27,0,,66.65,12.67,2,-1,66.70,-2.06,-1.15,7.04,12.64
151.39,0,,66.64,12.65,1,0,66.98,-2.07,-1.16,7.02,12.64
151.48,0,,66.68,12.63,2,-1,66.20,-2.16,-1.14,6.95,12.53
151.57,0,,66.58,12.58,2,-1,66.53,-2.16,-1.11,6.98,12.50
151.72,0,,66.41,12.53,2,-1,65.93,-2.14,-1.07,7.04,12.48
151.84,0,,66.23,12.48,2,-1,66.21,-2.24,-1.05,6.96,12.36
151.87,0,,66.14,12.43,4,-2,66.31,-2.24,-1.10,6.91,12.41
152.02,0,,66.23,12.40,4,-2,66.60,-2.22,-1.08,6.95,12.41
152.08,0,,66.41,12.39,4,-2,66.59,-2.28,-1.05,6.92,12.32
152.17,0,,66.52,12.37,4,-2,66.30,-2.25,-1.04,6.96,12.34
152.32,0,,66.51,12.34,2,-1,66.65,-2.28,-1.01,6.96,12.28
152.38,0,,66.48,12.30,2,-1,66.21,-2.36,-0.97,6.92,12.16
152.47,0,,66.42,12.23,0,1,66.43,-2.38,-0.95,6.92,12.12
152.59,0,,66.32,12.16,0,1,66.02,-2.42,-0.98,6.85,12.11
152.68,0,,66.27,12.12,0,1,66.64,-2.42,-0.99,6.84,12.12
152.77,0,,66.31,12.11,1,0,66.20,-2.39,-0.98,6.88,12.14
152.89,0,,66.34,12.12,2,-1,66.30,-2.40,-0.97,6.88,12.12
152.98,0,,66.30,12.11,2,-1,66.21,-2.48,-0.93,6.84,12.00
153.07,0,,66.26,12.07,2,-1,66.25,-2.50,-0.95,6.80,12.00
153.19,0,,66.26,12.02,2,-1,66.38,-2.48,-0.92,6.85,11.99
153.34,0,,66.30,11.98,2,-1,66.37,-2.55,-0.89,6.81,11.89
153.37,0,,66.34,11.94,2,-1,66.27,-2.55,-0.93,6.77,11.93
153.49,0,,66.33,11.92,2,-1,66.35,-2.53,-0.90,6.82,11.92
153.58,0,,66.37,11.91,1,0,66.66,-2.56,-0.87,6.82,11.86
153.67,0,,66.42,11.90,1,0,66.06,-2.53,-0.90,6.82,11.92
153.82,0,,66.31,11.88,1,0,65.98,-2.63,-0.85,6.77,11.77
153.88,0,,66.16,11.83,2,-1,66.32,-2.68,-0.84,6.73,11.71
153.97,0,,66.13,11.79,2,-1,66.05,-2.52,-0.88,6.85,11.91
154.09,0,,66.16,11.81,2,-1,66.39,-2.59,-0.84,6.82,11.80
154.18,0,,66.21,11.80,2,-1,66.16,-2.72,-0.78,6.75,11.61
154.27,0,,66.32,11.74,2,-1,66.83,-2.64,-0.80,6.81,11.71
154.39,0,,66.41,11.71,1,0,65.95,-2.59,-0.81,6.85,11.77
154.48,0,,66.31,11.71,1,0,65.95,-2.67,-0.81,6.77,11.69
154.57,0,,66.14,11.71,1,0,66.29,-2.72,-0.81,6.72,11.64
154.72,0,,66.19,11.68,1,0,66.79,-2.69,-0.78,6.78,11.64
154.84,0,,66.35,11.65,1,0,66.00,-2.70,-0.76,6.79,11.61
154.87,0,,66.35,11.63,1,0,66.24,-2.74,-0.78,6.73,11.59
154.99,0,,66.28,11.61,1,0,66.44,-2.76,-0.81,6.68,11.60
155.08,0,,66.29,11.60,1,0,66.15,-2.74,-0.79,6.72,11.60
155.17,0,,66.31,11.60,1,0,66.59,-2.71,-0.74,6.80,11.58
155.32,0,,66.38,11.59,1,0,66.39,-2.73,-0.74,6.78,11.56
155.38,0,,66.43,11.57,1,0,66.35,-2.74,-0.72,6.79,11.53
155.47,0,,66.36,11.55,1,0,65.98,-2.70,-0.67,6.88,11.52
155.59,0,,66.21,11.52,1,0,66.15,-2.77,-0.69,6.79,11.47
155.68,0,,66.18,11.49,1,0,66.61,-2.82,-0.70,6.73,11.43
155.77,0,,66.27,11.47,1,0,66.14,-2.76,-0.69,6.80,11.48
155.90,0,,66.27,11.46,1,0,66.01,-2.76,-0.66,6.83,11.45
155.98,0,,66.17,11.46,1,0,66.12,-2.74,-0.64,6.87,11.45
156.07,0,,66.09,11.46,1,0,66.01,-2.76,-0.69,6.80,11.48
156.19,0,,66.06,11.46,1,0,66.16,-2.84,-0.67,6.74,11.38
156.34,0,,66.11,11.42,2,-1,66.31,-2.83,-0.60,6.82,11.32
156.37,0,,66.27,11.38,2,-1,66.75,-2.80,-0.66,6.79,11.41
156.49,0,,66.45,11.38,1,0,66.33,-2.82,-0.69,6.74,11.42
156.58,0,,66.50,11.39,1,0,66.41,-2.81,-0.62,6.82,11.36
156.67,0,,66.43,11.39,0,1,66.21,-2.84,-0.62,6.79,11.33
156.82,0,,66.32,11.36,0,1,66.21,-2.88,-0.62,6.75,11.29
156.88,0,,66.25,11.33,0,1,66.31,-2.84,-0.65,6.76,11.36
156.97,0,,66.29,11.34,0,1,66.63,-2.79,-0.67,6.79,11.43
157.09,0,,66.37,11.38,0,1,66.09,-2.79,-0.63,6.83,11.39
157.18,0,,66.24,11.39,1,0,65.55,-2.86,-0.58,6.81,11.27
157.27,0,,65.96,11.34,1,0,65.88,-2.91,-0.55,6.79,11.19
157.39,0,,65.80,11.28,4,-2,65.95,-2.81,-0.59,6.85,11.33
157.48,0,,65.82,11.28,4,-2,65.88,-2.79,-0.62,6.84,11.38
157.57,0,,65.87,11.31,4,-2,65.95,-2.86,-0.58,6.81,11.27
157.69,0,,65.90,11.32,4,-2,65.81,-2.84,-0.59,6.82,11.30
157.84,0,,65.81,11.31,4,-2,65.30,-2.82,-0.59,6.84,11.32
157.87,0,,65.58,11.30,4,-2,65.29,-2.85,-0.57,6.83,11.27
158.02,0,,65.47,11.28,4,-2,66.07,-2.93,-0.58,6.74,11.20
158.08,0,,65.58,11.24,4,-2,65.54,-2.95,-0.57,6.73,11.17
158.17,0,,65.71,11.21,4,-2,65.91,-2.88,-0.52,6.85,11.19
158.32,0,,65.86,11.19,2,-1,66.32,-2.87,-0.53,6.85,11.21
158.38,0,,65.97,11.19,1,0,65.46,-2.91,-0.55,6.79,11.19
158.47,0,,65.91,11.19,0,1,65.91,-2.91,-0.52,6.82,11.16
158.59,0,,65.88,11.19,0,1,66.26,-2.87,-0.53,6.85,11.21
158.68,0,,65.99,11.20,0,2,66.03,-2.85,-0.52,6.88,11.22
158.77,0,,66.07,11.20,0,2,66.02,-2.94,-0.51,6.80,11.12
158.89,0,,66.07,11.18,0,2,66.08,-2.95,-0.53,6.77,11.13
158.98,0,,66.06,11.15,0,2,65.99,-2.89,-0.52,6.84,11.18
159.07,0,,65.99,11.16,0,1,65.73,-2.91,-0.54,6.80,11.18
159.19,0,,65.89,11.17,0,1,65.88,-2.95,-0.53,6.77,11.13
159.34,0,,65.81,11.15,2,-1,65.70,-2.93,-0.49,6.83,11.11
159.37,0,,65.78,11.14,0,1,65.84,-2.87,-0.51,6.87,11.19
159.49,0,,65.84,11.16,0,1,66.28,-2.86,-0.55,6.84,11.24
159.58,0,,65.98,11.19,2,-1,65.89,-2.92,-0.52,6.81,11.15
159.67,0,,66.08,11.19,2,-1,66.37,-2.94,-0.50,6.81,11.11
159.82,0,,66.08,11.16,1,0,65.48,-2.94,-0.54,6.77,11.15
159.88,0,,65.94,11.13,0,1,65.90,-2.98,-0.49,6.78,11.06
159.97,0,,65.85,11.09,0,1,66.08,-2.99,-0.45,6.81,11.01
160.09,0,,65.88,11.07,0,1,65.80,-2.92,-0.52,6.81,11.15
160.18,0,,65.94,11.09,1,0,66.26,-2.90,-0.51,6.84,11.16
160.27,0,,66.00,11.12,0,1,65.74,-2.96,-0.48,6.81,11.07
160.39,0,,65.94,11.13,0,1,65.67,-2.95,-0.54,6.76,11.14
160.48,0,,65.81,11.13,0,1,65.85,-2.96,-0.51,6.78,11.10
160.57,0,,65.77,11.11,2,-1,65.78,-2.96,-0.46,6.83,11.05
160.69,0,,65.79,11.09,2,-1,65.91,-2.95,-0.49,6.81,11.09
160.87,0,,65.82,11.07,2,-1,65.76,-3.03,-0.47,6.75,10.99
160.87,0,,65.77,11.04,2,-1,65.40,-2.96,-0.46,6.83,11.05
160.99,0,,65.62,11.04,2,-1,65.46,-2.90,-0.46,6.89,11.11
161.08,0,,65.56,11.07,4,-2,66.07,-2.93,-0.49,6.83,11.11
161.17,0,,65.67,11.11,4,-2,65.60,-2.87,-0.50,6.88,11.18
161.32,0,,65.70,11.14,2,-1,65.42,-2.90,-0.39,6.96,11.04
161.38,0,,65.59,11.12,2,-1,65.49,-2.90,-0.40,6.95,11.05
161.47,0,,65.51,11.09,2,-1,65.58,-2.86,-0.49,6.90,11.18
161.62,0,,65.53,11.10,2,-1,65.74,-2.93,-0.43,6.89,11.05
161.68,0,,65.65,11.10,2,-1,65.90,-2.87,-0.40,6.98,11.08
161.77,0,,65.80,11.10,2,-1,65.99,-2.80,-0.44,7.01,11.19
161.89,0,,65.93,11.13,0,1,65.99,-2.86,-0.43,6.96,11.12
161.98,0,,65.99,11.15,0,2,65.94,-2.86,-0.44,6.95,11.13
162.07,0,,65.95,11.14,0,2,65.68,-2.86,-0.43,6.96,11.12
162.19,0,,65.80,11.13,0,2,65.43,-2.85,-0.40,7.00,11.10
162.34,0,,65.65,11.12,0,2,65.84,-2.86,-0.43,6.96,11.12
162.37,0,,65.67,11.12,0,1,65.94,-2.88,-0.43,6.94,11.10
162.49,0,,65.75,11.11,2,-1,65.53,-2.82,-0.37,7.06,11.10
162.58,0,,65.73,11.10,2,-1,65.67,-2.85,-0.36,7.04,11.06
162.67,0,,65.70,11.08,2,-1,65.88,-2.89,-0.42,6.94,11.08
162.82,0,,65.73,11.08,1,0,65.63,-2.82,-0.41,7.02,11.14
162.88,0,,65.71,11.11,2,-1,65.54,-2.78,-0.40,7.07,11.17
162.97,0,,65.60,11.15,2,-1,65.34,-2.76,-0.39,7.10,11.18
163.09,0,,65.48,11.17,2,-1,65.54,-2.75,-0.35,7.15,11.15
163.18,0,,65.46,11.18,2,-1,65.56,-2.72,-0.36,7.17,11.19
163.27,0,,65.57,11.19,2,-1,66.08,-2.66,-0.37,7.22,11.26
163.39,0,,65.73,11.23,2,-1,65.52,-2.65,-0.40,7.20,11.30
163.48,0,,65.76,11.27,1,0,65.66,-2.70,-0.40,7.15,11.25
163.57,0,,65.75,11.27,2,-1,66.11,-2.68,-0.36,7.21,11.23
163.72,0,,65.83,11.26,0,1,65.71,-2.64,-0.36,7.25,11.27
163.84,0,,65.86,11.25,0,1,65.92,-2.70,-0.36,7.19,11.21
163.87,0,,65.85,11.24,0,2,65.75,-2.72,-0.38,7.15,11.21
164.08,0,,65.87,11.22,0,2,66.10,-2.68,-0.35,7.22,11.22
164.08,0,,65.86,11.21,0,2,65.44,-2.68,-0.32,7.25,11.19
164.21,0,,65.71,11.21,0,1,65.35,-2.68,-0.39,7.18,11.26
164.32,0,,65.59,11.23,1,0,66.09,-2.67,-0.41,7.17,11.29
164.38,0,,65.67,11.26,1,0,65.65,-2.67,-0.36,7.22,11.24
164.47,0,,65.73,11.27,1,0,65.57,-2.64,-0.32,7.29,11.23
164.59,0,,65.64,11.26,1,0,65.32,-2.63,-0.35,7.27,11.27
164.68,0,,65.56,11.25,2,-1,65.96,-2.69,-0.35,7.21,11.21
164.83,0,,65.60,11.24,4,-2,65.45,-2.64,-0.31,7.30,11.22
164.89,0,,65.63,11.23,2,-1,65.66,-2.61,-0.35,7.29,11.29
164.98,0,,65.61,11.26,2,-1,65.57,-2.64,-0.39,7.22,11.30
165.07,0,,65.60,11.28,1,0,65.59,-2.63,-0.34,7.28,11.26
165.19,0,,65.58,11.29,1,0,65.56,-2.63,-0.32,7.30,11.24
165.34,0,,65.56,11.28,1,0,65.47,-2.55,-0.35,7.35,11.35
165.37,0,,65.52,11.30,1,0,65.46,-2.56,-0.35,7.34,11.34
165.49,0,,65.48,11.31,1,0,65.50,-2.66,-0.31,7.28,11.20
165.58,0,,65.45,11.29,1,0,65.30,-2.60,-0.33,7.32,11.28
165.67,0,,65.36,11.28,2,-1,65.09,-2.51,-0.31,7.43,11.35
165.82,0,,65.26,11.29,2,-1,65.37,-2.59,-0.24,7.42,11.20
165.88,0,,65.26,11.27,2,-1,65.42,-2.59,-0.29,7.37,11.25
165.97,0,,65.35,11.28,2,-1,65.53,-2.41,-0.35,7.49,11.49
166.09,0,,65.43,11.36,2,-1,65.35,-2.43,-0.29,7.53,11.41
166.18,0,,65.43,11.39,2,-1,65.30,-2.56,-0.25,7.44,11.24
166.33,0,,65.38,11.37,2,-1,65.41,-2.42,-0.30,7.53,11.43
166.39,0,,65.40,11.38,2,-1,65.66,-2.37,-0.34,7.54,11.52
166.48,0,,65.55,11.43,2,-1,65.94,-2.45,-0.30,7.50,11.40
166.57,0,,65.73,11.45,0,2,65.77,-2.40,-0.27,7.58,11.42
166.69,0,,65.87,11.44,0,2,66.06,-2.41,-0.26,7.58,11.40
166.84,0,,65.88,11.42,0,2,65.42,-2.43,-0.27,7.55,11.39
166.87,0,,65.73,11.42,0,2,65.44,-2.33,-0.30,7.62,11.52
166.99,0,,65.53,11.45,0,2,65.38,-2.39,-0.29,7.57,11.45
167.08,0,,65.42,11.46,0,1,65.49,-2.45,-0.27,7.53,11.37
167.17,0,,65.36,11.45,1,0,65.12,-2.27,-0.27,7.71,11.55
167.32,0,,65.30,11.47,1,0,65.37,-2.29,-0.25,7.71,11.51
167.38,0,,65.22,11.49,4,-2,64.86,-2.43,-0.26,7.56,11.38
167.47,0,,65.07,11.47,4,-2,64.82,-2.33,-0.28,7.64,11.50
167.59,0,,65.01,11.47,4,-2,65.59,-2.27,-0.23,7.75,11.51
167.68,0,,65.22,11.48,4,-2,65.81,-2.29,-0.20,7.76,11.46
167.77,0,,65.47,11.50,4,-2,65.14,-2.21,-0.22,7.82,11.56
167.89,0,,65.51,11.52,1,0,65.56,-2.27,-0.24,7.74,11.52
167.98,0,,65.54,11.54,1,0,65.92,-2.26,-0.26,7.73,11.55
168.07,0,,65.62,11.56,1,0,65.32,-2.14,-0.25,7.86,11.66
168.19,0,,65.58,11.59,0,2,65.48,-2.21,-0.23,7.81,11.57
168.34,0,,65.55,11.61,0,2,65.87,-2.22,-0.26,7.77,11.59
168.37,0,,65.59,11.62,0,2,65.33,-2.11,-0.26,7.88,11.70
168.49,0,,65.49,11.63,0,2,65.02,-2.21,-0.22,7.82,11.56
168.58,0,,65.34,11.62,0,1,65.63,-2.27,-0.26,7.72,11.54
168.67,0,,65.29,11.59,2,-1,65.03,-2.18,-0.29,7.78,11.66
168.82,0,,65.34,11.60,1,0,65.95,-2.17,-0.25,7.83,11.63
168.88,0,,65.44,11.63,1,0,65.13,-2.17,-0.31,7.77,11.69
168.97,0,,65.44,11.68,2,-1,65.32,-2.13,-0.36,7.76,11.78
169.09,0,,65.34,11.72,2,-1,65.24,-2.17,-0.26,7.82,11.64
169.18,0,,65.25,11.70,2,-1,65.14,-2.19,-0.23,7.83,11.59
169.27,0,,65.26,11.67,2,-1,65.70,-2.10,-0.29,7.86,11.74
169.39,0,,65.36,11.67,2,-1,65.30,-2.14,-0.26,7.85,11.67
169.48,0,,65.45,11.68,1,0,65.58,-2.20,-0.25,7.80,11.60
169.57,0,,65.48,11.67,2,-1,65.43,-2.09,-0.29,7.87,11.75
169.69,0,,65.47,11.68,2,-1,65.28,-2.15,-0.24,7.86,11.64
169.84,0,,65.38,11.67,1,0,65.23,-2.22,-0.26,7.77,11.59
169.90,0,,65.32,11.67,1,0,65.53,-2.06,-0.35,7.84,11.84
169.99,0,,65.36,11.72,1,0,65.38,-2.06,-0.30,7.89,11.79
170.08,0,,65.35,11.76,1,0,65.02,-2.17,-0.27,7.81,11.65
170.17,0,,65.23,11.74,2,-1,65.07,-2.14,-0.31,7.80,11.72
170.32,0,,65.16,11.71,2,-1,65.43,-2.15,-0.26,7.84,11.66
170.38,0,,65.20,11.68,2,-1,65.18,-2.15,-0.24,7.86,11.64
170.50,0,,65.28,11.68,2,-1,65.48,-2.06,-0.30,7.89,11.79
170.59,0,,65.38,11.71,2,-1,65.57,-2.14,-0.30,7.81,11.71
170.71,0,,65.53,11.72,2,-1,65.82,-2.19,-0.31,7.75,11.67
170.83,0,,65.60,11.72,1,0,65.15,-2.06,-0.30,7.89,11.79
170.89,0,,65.60,11.74,0,1,66.10,-2.08,-0.27,7.90,11.74
170.98,0,,65.66,11.75,0,2,65.51,-2.16,-0.33,7.76,11.72
171.10,0,,65.67,11.76,0,2,65.48,-2.10,-0.34,7.81,11.79
171.19,0,,65.58,11.76,0,2,65.53,-2.07,-0.27,7.91,11.75
171.34,0,,65.50,11.76,0,2,65.36,-2.11,-0.28,7.86,11.72
171.37,0,,65.42,11.74,0,1,65.27,-2.13,-0.28,7.84,11.70
171.49,0,,65.34,11.72,0,1,65.40,-2.14,-0.27,7.84,11.68
171.58,0,,65.28,11.70,1,0,64.93,-2.12,-0.29,7.84,11.72
171.67,0,,65.13,11.72,4,-2,64.91,-2.04,-0.30,7.91,11.81
171.82,0,,65.02,11.75,4,-2,65.22,-2.09,-0.28,7.88,11.74
171.88,0,,65.09,11.76,4,-2,65.48,-2.14,-0.24,7.87,11.65
171.97,0,,65.27,11.74,4,-2,65.42,-2.01,-0.25,7.99,11.79
172.09,0,,65.38,11.75,4,-2,65.22,-2.02,-0.29,7.94,11.82
172.18,0,,65.38,11.78,2,-1,65.41,-2.12,-0.30,7.83,11.73
172.27,0,,65.37,11.79,1,0,65.38,-2.00,-0.28,7.97,11.83
172.39,0,,65.42,11.81,2,-1,65.70,-1.95,-0.30,8.00,11.90
172.48,0,,65.49,11.84,0,2,65.31,-2.05,-0.28,7.92,11.78
172.57,0,,65.53,11.84,0,2,65.83,-2.01,-0.28,7.96,11.82
172.69,0,,65.58,11.83,0,2,65.46,-2.01,-0.28,7.96,11.82
172.84,0,,65.57,11.81,0,2,65.39,-2.03,-0.21,8.01,11.73
172.90,0,,65.44,11.80,0,1,65.07,-1.92,-0.23,8.10,11.86
172.99,0,,65.30,11.81,0,1,65.48,-1.97,-0.28,8.00,11.86
173.08,0,,65.31,11.83,1,0,65.51,-2.03,-0.26,7.96,11.78
173.17,0,,65.47,11.85,1,0,65.99,-1.89,-0.28,8.08,11.94
173.32,0,,65.66,11.89,0,1,65.49,-1.85,-0.30,8.10,12.00
173.38,0,,65.62,11.93,1,0,65.00,-1.96,-0.26,8.03,11.85
173.47,0,,65.38,11.93,1,0,65.21,-1.90,-0.27,8.08,11.92
173.59,0,,65.27,11.93,2,-1,65.78,-1.82,-0.29,8.14,12.02
173.68,0,,65.39,11.95,2,-1,65.41,-1.90,-0.26,8.09,11.91
173.77,0,,65.46,11.96,1,0,65.24,-1.89,-0.30,8.06,11.96
173.89,0,,65.42,11.97,1,0,65.54,-1.85,-0.34,8.06,12.04
173.98,0,,65.43,11.99,1,0,65.48,-1.86,-0.27,8.12,11.96
174.07,0,,65.40,12.00,1,0,64.98,-1.82,-0.24,8.19,11.97
174.19,0,,65.29,11.99,1,0,65.35,-1.86,-0.29,8.10,11.98
174.34,0,,65.28,11.98,1,0,65.61,-1.89,-0.30,8.06,11.96
174.38,0,,65.39,11.98,1,0,65.44,-1.80,-0.30,8.15,12.05
174.49,0,,65.51,12.00,2,-1,65.77,-1.87,-0.29,8.09,11.97
174.58,0,,65.64,12.00,1,0,65.80,-1.90,-0.30,8.05,11.95
174.67,0,,65.74,12.00,0,1,65.69,-1.76,-0.31,8.18,12.10
174.82,0,,65.79,12.03,0,2,65.96,-1.77,-0.25,8.23,12.03
174.88,0,,65.77,12.04,0,2,65.31,-1.83,-0.27,8.15,11.99
174.97,0,,65.65,12.03,0,2,65.60,-1.82,-0.30,8.13,12.03
175.09,0,,65.54,12.03,0,2,65.48,-1.79,-0.29,8.17,12.05
175.18,0,,65.46,12.05,0,1,65.25,-1.73,-0.32,8.20,12.14
175.33,0,,65.33,12.09,0,1,65.01,-1.78,-0.31,8.16,12.08
175.39,0,,65.24,12.09,4,-2,65.62,-1.88,-0.28,8.09,11.95
175.48,0,,65.32,12.04,4,-2,65.47,-1.85,-0.28,8.12,11.98
175.57,0,,65.50,12.01,4,-2,65.96,-1.72,-0.33,8.20,12.16
175.69,0,,65.69,12.06,2,-1,65.65,-1.72,-0.35,8.18,12.18
175.84,0,,65.70,12.12,1,0,65.16,-1.79,-0.29,8.17,12.05
175.90,0,,65.50,12.13,0,1,65.34,-1.70,-0.26,8.29,12.11
175.99,0,,65.36,12.12,0,1,65.52,-1.69,-0.28,8.28,12.14
176.08,0,,65.29,12.11,1,0,64.77,-1.77,-0.26,8.22,12.04
176.17,0,,65.17,12.09,1,0,65.34,-1.74,-0.28,8.23,12.09
176.32,0,,65.19,12.11,1,0,65.66,-1.61,-0.35,8.29,12.29
176.38,0,,65.32,12.17,1,0,65.07,-1.63,-0.28,8.34,12.20
176.47,0,,65.41,12.21,2,-1,65.92,-1.69,-0.24,8.32,12.10
176.59,0,,65.58,12.19,2,-1,65.81,-1.66,-0.32,8.27,12.21
176.68,0,,65.75,12.18,0,1,65.73,-1.66,-0.28,8.31,12.17
176.77,0,,65.72,12.18,0,2,65.18,-1.64,-0.24,8.37,12.15
176.89,0,,65.51,12.17,0,2,65.20,-1.66,-0.26,8.33,12.15
176.98,0,,65.33,12.15,1,0,65.53,-1.70,-0.22,8.33,12.07
177.07,0,,65.35,12.14,1,0,65.62,-1.52,-0.20,8.53,12.23
177.19,0,,65.46,12.15,1,0,65.37,-1.54,-0.16,8.55,12.17
177.34,0,,65.51,12.15,1,0,65.62,-1.71,-0.15,8.39,11.99
177.37,0,,65.54,12.11,1,0,65.57,-1.59,-0.18,8.48,12.14
177.49,0,,65.60,12.11,1,0,65.78,-1.51,-0.16,8.58,12.20
177.58,0,,65.63,12.13,1,0,65.40,-1.59,-0.14,8.52,12.10
177.67,0,,65.52,12.14,0,1,65.00,-1.58,-0.13,8.54,12.10
177.82,0,,65.31,12.12,1,0,65.37,-1.61,-0.12,8.52,12.06
177.88,0,,65.30,12.10,1,0,65.86,-1.54,-0.13,8.58,12.14
178.09,0,,65.53,12.13,2,-1,65.90,-1.43,-0.18,8.64,12.30
178.09,0,,65.53,12.13,2,-1,65.90,-1.43,-0.18,8.64,12.30
178.18,0,,65.65,12.19,1,0,65.58,-1.59,-0.10,8.56,12.06
178.27,0,,65.52,12.17,1,0,65.33,-1.39,-0.16,8.70,12.32
178.39,0,,65.43,12.21,1,0,65.38,-1.38,-0.14,8.73,12.31
178.48,0,,65.37,12.27,1,0,65.38,-1.45,-0.15,8.65,12.25
178.60,0,,65.37,12.31,1,0,65.46,-1.34,-0.20,8.71,12.41
178.69,0,,65.40,12.35,1,0,65.40,-1.28,-0.16,8.81,12.43
178.84,0,,65.40,12.40,1,0,65.30,-1.32,-0.12,8.81,12.35
178.87,0,,65.40,12.39,1,0,65.63,-1.35,-0.11,8.79,12.31
178.99,0,,65.47,12.36,1,0,65.55,-1.29,-0.12,8.84,12.38
179.08,0,,65.52,12.38,1,0,65.35,-1.17,-0.14,8.94,12.52
179.20,0,,65.50,12.44,1,0,65.60,-1.19,-0.12,8.94,12.48
179.32,0,,65.51,12.48,1,0,65.54,-1.26,-0.16,8.83,12.45
179.38,0,,65.47,12.49,1,0,65.07,-1.23,-0.18,8.84,12.50
179.47,0,,65.37,12.49,1,0,65.49,-1.21,-0.10,8.94,12.44
179.59,0,,65.33,12.48,1,0,65.34,-1.22,-0.15,8.88,12.48
179.68,0,,65.40,12.48,1,0,65.76,-1.26,-0.18,8.81,12.47
179.77,0,,65.47,12.47,1,0,65.09,-1.25,-0.10,8.90,12.40
179.89,0,,65.46,12.47,1,0,65.76,-1.12,-0.15,8.98,12.58
179.98,0,,65.42,12.51,1,0,64.96,-1.11,-0.18,8.96,12.62
180.10,0,,65.28,12.55,1,0,65.01,-1.25,-0.12,8.88,12.42
180.19,0,,65.14,12.52,1,0,65.38,-1.24,-0.12,8.89,12.43
180.34,0,,65.21,12.49,2,-1,65.63,-1.13,-0.15,8.97,12.57
180.37,0,,65.41,12.51,2,-1,65.53,-1.12,-0.17,8.96,12.60
180.49,0,,65.50,12.55,2,-1,65.27,-1.18,-0.12,8.95,12.49
180.58,0,,65.43,12.55,1,0,65.20,-1.18,-0.13,8.94,12.50
180.67,0,,65.34,12.54,1,0,65.48,-1.06,-0.16,9.03,12.65
180.82,0,,65.33,12.58,2,-1,65.28,-1.08,-0.12,9.05,12.59
180.88,0,,65.31,12.59,2,-1,65.20,-1.21,-0.14,8.90,12.48
180.97,0,,65.25,12.57,2,-1,65.14,-1.12,-0.18,8.95,12.61
181.09,0,,65.24,12.57,1,0,65.59,-1.06,-0.14,9.05,12.63
181.18,0,,65.33,12.59,1,0,65.34,-1.10,-0.11,9.04,12.56
181.33,0,,65.39,12.61,1,0,65.35,-1.03,-0.16,9.06,12.68
181.39,0,,65.45,12.64,1,0,65.86,-1.01,-0.16,9.08,12.70
181.48,0,,65.56,12.68,1,0,65.43,-0.98,-0.13,9.14,12.70
181.57,0,,65.56,12.72,1,0,65.34,-0.90,-0.14,9.21,12.79
181.69,0,,65.50,12.74,0,1,65.67,-0.97,-0.09,9.19,12.67
181.84,0,,65.55,12.73,0,2,65.80,-0.94,-0.08,9.23,12.69
181.87,0,,65.65,12.74,0,1,65.60,-0.75,-0.13,9.37,12.93
181.99,0,,65.67,12.80,0,1,65.50,-0.78,-0.09,9.38,12.86
182.08,0,,65.62,12.84,0,1,65.64,-0.88,-0.06,9.31,12.73
182.20,0,,65.58,12.83,0,1,65.49,-0.82,-0.10,9.33,12.83
182.32,0,,65.51,12.80,0,1,65.23,-0.84,-0.06,9.35,12.77
182.38,0,,65.42,12.78,0,1,65.53,-0.94,-0.06,9.25,12.67
182.59,0,,65.43,12.75,0,1,65.64,-0.90,-0.13,9.22,12.78
182.59,0,,65.52,12.75,2,-1,65.62,-0.88,-0.13,9.24,12.80
182.68,0,,65.52,12.77,2,-1,64.98,-0.90,-0.08,9.27,12.73
182.83,0,,65.38,12.77,2,-1,65.46,-0.83,-0.05,9.37,12.77
182.89,0,,65.40,12.76,2,-1,66.05,-0.91,-0.06,9.28,12.70
182.98,0,,65.60,12.73,2,-1,65.56,-0.99,-0.10,9.16,12.66
183.07,0,,65.65,12.71,0,1,65.16,-0.93,-0.12,9.20,12.74
183.19,0,,65.50,12.70,0,1,65.51,-1.00,-0.12,9.13,12.67
183.34,0,,65.41,12.69,1,0,65.46,-1.04,-0.12,9.09,12.63
183.37,0,,65.38,12.68,1,0,65.12,-0.98,-0.14,9.13,12.71
183.52,0,,65.37,12.68,1,0,65.81,-0.99,-0.15,9.11,12.71
183.58,0,,65.48,12.69,1,0,65.63,-1.04,-0.13,9.08,12.64
183.67,0,,65.58,12.67,1,0,65.32,-1.06,-0.12,9.07,12.61
183.82,0,,65.52,12.64,2,-1,65.43,-1.09,-0.13,9.03,12.59
183.88,0,,65.41,12.61,1,0,65.18,-1.08,-0.15,9.02,12.62
183.97,0,,65.25,12.60,1,0,64.88,-1.07,-0.10,9.08,12.58
184.09,0,,65.09,12.57,2,-1,65.14,-1.21,-0.05,8.99,12.39
184.18,0,,65.04,12.50,4,-2,65.20,-1.23,-0.09,8.93,12.41
184.33,0,,65.17,12.46,4,-2,65.72,-1.08,-0.10,9.07,12.57
184.39,0,,65.34,12.48,2,-1,65.04,-1.09,-0.07,9.09,12.53
184.48,0,,65.33,12.52,2,-1,65.15,-1.11,-0.06,9.08,12.50
184.57,0,,65.24,12.55,2,-1,65.26,-0.95,-0.07,9.23,12.67
184.69,0,,65.24,12.61,2,-1,65.47,-0.88,-0.07,9.30,12.74
184.84,0,,65.29,12.67,2,-1,65.14,-0.96,0.01,9.30,12.58
184.93,0,,65.23,12.65,2,-1,64.82,-0.98,0.09,9.36,12.48
184.99,0,,65.06,12.58,2,-1,65.02,-0.88,0.12,9.49,12.55
185.08,0,,64.98,12.56,2,-1,65.08,-0.76,0.11,9.60,12.68
185.18,0,,64.97,12.62,2,-1,64.82,-0.72,0.04,9.57,12.79
185.32,0,,64.96,12.72,2,-1,65.11,-0.73,0.01,9.53,12.81
185.38,0,,64.98,12.80,2,-1,64.99,-0.67,0.01,9.59,12.87
185.47,0,,65.08,12.86,2,-1,65.56,-0.64,-0.01,9.60,12.92
185.59,0,,65.31,12.88,2,-1,65.74,-0.75,0.03,9.53,12.77
185.68,0,,65.48,12.84,2,-1,65.01,-0.82,0.02,9.45,12.71
185.77,0,,65.41,12.80,0,2,65.27,-0.76,-0.10,9.39,12.89
185.89,0,,65.26,12.81,0,2,65.11,-0.79,-0.12,9.34,12.88
185.98,0,,65.17,12.85,0,1,65.13,-0.83,-0.11,9.31,12.83
186.10,0,,65.14,12.87,0,1,65.34,-0.74,-0.14,9.37,12.95
186.19,0,,65.24,12.90,0,1,65.58,-0.77,-0.10,9.38,12.88
186.34,0,,65.43,12.90,0,1,65.69,-0.83,-0.10,9.32,12.82
186.37,0,,65.58,12.88,0,1,65.53,-0.80,-0.17,9.28,12.92
186.49,0,,65.56,12.88,0,1,65.11,-0.84,-0.12,9.29,12.83
186.58,0,,65.41,12.87,0,1,65.42,-0.78,-0.06,9.41,12.83
186.70,0,,65.31,12.87,0,1,65.22,-0.69,-0.11,9.45,12.97
186.82,0,,65.33,12.90,1,0,65.74,-0.77,-0.12,9.36,12.90
186.88,0,,65.38,12.91,0,1,65.01,-0.78,-0.07,9.40,12.84
186.97,0,,65.37,12.91,0,1,65.59,-0.66,-0.10,9.49,12.99
187.09,0,,65.36,12.94,1,0,65.22,-0.69,-0.13,9.43,12.99
187.18,0,,65.34,12.95,2,-1,65.27,-0.86,-0.12,9.27,12.81
187.33,0,,65.32,12.93,2,-1,65.53,-0.76,-0.14,9.35,12.93
187.39,0,,65.40,12.92,0,1,65.53,-0.64,-0.13,9.48,13.04
187.48,0,,65.53,12.96,1,0,65.87,-0.70,-0.12,9.43,12.97
187.57,0,,65.63,12.99,0,1,65.28,-0.70,-0.17,9.38,13.02
187.69,0,,65.59,13.01,0,1,65.61,-0.69,-0.14,9.42,13.00
187.78,0,,65.57,13.02,0,1,65.74,-0.62,-0.11,9.52,13.04
187.87,0,,65.59,13.04,0,1,65.39,-0.60,-0.15,9.50,13.10
187.99,0,,65.53,13.06,0,1,65.32,-0.66,-0.19,9.40,13.08
188.08,0,,65.35,13.08,0,1,64.85,-0.60,-0.13,9.52,13.08
188.17,0,,65.20,13.11,0,1,65.58,-0.43,-0.10,9.72,13.22
188.32,0,,65.22,13.15,1,0,65.25,-0.46,-0.12,9.67,13.21
188.38,0,,65.25,13.17,4,-2,64.95,-0.63,-0.06,9.56,12.98
188.47,0,,65.20,13.12,4,-2,65.44,-0.55,-0.11,9.59,13.11
188.59,0,,65.18,13.10,4,-2,64.95,-0.49,-0.13,9.63,13.19
188.68,0,,65.19,13.11,4,-2,65.46,-0.60,-0.06,9.59,13.01
188.77,0,,65.26,13.10,4,-2,65.42,-0.60,-0.15,9.50,13.10
188.89,0,,65.42,13.09,2,-1,65.81,-0.61,-0.18,9.46,13.12
188.98,0,,65.60,13.10,1,0,65.66,-0.59,-0.14,9.52,13.10
189.07,0,,65.64,13.12,1,0,65.23,-0.57,-0.20,9.48,13.18
189.19,0,,65.56,13.13,0,2,65.69,-0.69,-0.20,9.36,13.06
189.28,0,,65.48,13.11,0,2,65.23,-0.72,-0.17,9.36,13.00
189.37,0,,65.40,13.07,0,2,65.33,-0.65,-0.21,9.39,13.11
189.49,0,,65.35,13.06,0,1,65.47,-0.71,-0.20,9.34,13.04
189.58,0,,65.41,13.06,0,1,65.72,-0.71,-0.20,9.34,13.04
189.67,0,,65.46,13.06,1,0,64.97,-0.65,-0.23,9.37,13.13
189.82,0,,65.48,13.09,1,0,66.26,-0.66,-0.22,9.37,13.11
189.88,0,,65.62,13.11,0,1,65.42,-0.67,-0.22,9.36,13.10
190.00,0,,65.69,13.11,1,0,65.62,-0.67,-0.21,9.37,13.09
190.09,0,,65.66,13.11,1,0,65.72,-0.67,-0.21,9.37,13.09
190.18,0,,65.66,13.10,0,1,65.67,-0.64,-0.23,9.38,13.14
190.27,0,,65.66,13.11,0,1,65.54,-0.66,-0.18,9.41,13.07
190.39,0,,65.66,13.09,0,1,65.93,-0.69,-0.17,9.39,13.03
190.48,0,,65.65,13.08,0,1,65.14,-0.61,-0.19,9.45,13.13
190.57,0,,65.56,13.09,0,1,65.73,-0.54,-0.15,9.56,13.16
190.69,0,,65.54,13.13,0,1,65.66,-0.55,-0.15,9.55,13.15
190.78,0,,65.59,13.16,0,1,65.55,-0.53,-0.17,9.55,13.19
190.87,0,,65.61,13.19,0,1,65.61,-0.42,-0.14,9.69,13.27
190.99,0,,65.61,13.23,0,1,65.62,-0.42,-0.13,9.70,13.26
191.08,0,,65.61,13.25,0,1,65.60,-0.49,-0.14,9.62,13.20
191.17,0,,65.60,13.25,2,-1,65.57,-0.46,-0.18,9.61,13.27
191.32,0,,65.64,13.25,1,0,66.00,-0.43,-0.17,9.65,13.29
191.38,0,,65.71,13.26,0,1,65.39,-0.48,-0.11,9.66,13.18
191.47,0,,65.65,13.24,0,1,65.48,-0.50,-0.14,9.61,13.19
191.59,0,,65.55,13.21,0,1,65.58,-0.53,-0.17,9.55,13.19
191.68,0,,65.46,13.18,1,0,65.13,-0.57,-0.12,9.56,13.10
191.77,0,,65.39,13.15,1,0,65.61,-0.59,-0.14,9.52,13.10
191.89,0,,65.45,13.11,1,0,65.84,-0.70,-0.16,9.39,13.01
192.01,0,,65.60,13.06,1,0,65.53,-0.71,-0.15,9.39,12.99
192.07,0,,65.63,13.03,2,-1,65.41,-0.63,-0.20,9.42,13.12
192.19,0,,65.57,13.04,1,0,65.64,-0.71,-0.19,9.35,13.03
192.28,0,,65.51,13.04,1,0,65.29,-0.76,-0.16,9.33,12.95
192.37,0,,65.49,13.03,1,0,65.75,-0.68,-0.20,9.37,13.07
192.49,0,,65.52,13.02,1,0,65.46,-0.71,-0.16,9.38,13.00
192.58,0,,65.51,13.02,1,0,65.28,-0.78,-0.17,9.30,12.94
192.67,0,,65.43,13.00,1,0,65.41,-0.74,-0.25,9.26,13.06
192.82,0,,65.39,13.01,1,0,65.52,-0.76,-0.20,9.29,12.99
192.88,0,,65.39,13.00,2,-1,65.20,-0.80,-0.13,9.32,12.88
193.00,0,,65.37,12.96,2,-1,65.50,-0.74,-0.20,9.31,13.01
193.09,0,,65.44,12.96,2,-1,65.82,-0.76,-0.18,9.31,12.97
193.18,0,,65.52,12.96,2,-1,65.07,-0.75,-0.09,9.41,12.89
193.33,0,,65.43,12.97,2,-1,65.29,-0.57,-0.13,9.55,13.11
193.39,0,,65.37,13.04,2,-1,65.81,-0.46,-0.19,9.60,13.28
193.48,0,,65.47,13.16,2,-1,65.47,-0.42,-0.12,9.71,13.25
193.57,0,,65.55,13.24,2,-1,65.54,-0.37,-0.06,9.82,13.24
193.69,0,,65.57,13.28,2,-1,65.60,-0.27,-0.05,9.93,13.33
193.78,0,,65.57,13.33,0,1,65.49,-0.15,-0.05,10.05,13.45
193.87,0,,65.54,13.41,0,1,65.48,-0.06,-0.08,10.11,13.57
193.99,0,,65.52,13.50,0,1,65.65,-0.08,-0.07,10.10,13.54
194.08,0,,65.55,13.54,1,0,65.52,-0.12,0.01,10.14,13.42
194.17,0,,65.59,13.52,1,0,65.77,-0.05,-0.02,10.18,13.52
194.32,0,,65.63,13.51,1,0,65.55,-0.01,-0.05,10.19,13.59
194.38,0,,65.62,13.53,1,0,65.48,-0.05,-0.01,10.19,13.51
194.47,0,,65.65,13.55,1,0,66.21,0.03,0.00,10.28,13.58
194.59,0,,65.74,13.56,1,0,65.34,0.04,0.04,10.33,13.55
194.68,0,,65.71,13.56,1,0,65.62,0.01,0.07,10.33,13.49
194.77,0,,65.62,13.56,0,1,65.68,0.14,0.02,10.41,13.67
194.89,0,,65.68,13.61,0,1,66.14,0.21,0.03,10.49,13.73
194.98,0,,65.83,13.67,0,1,65.75,0.17,0.08,10.50,13.64
195.10,0,,65.87,13.69,0,1,65.70,0.23,0.09,10.57,13.69
195.19,0,,65.87,13.70,0,1,66.21,0.28,0.10,10.63,13.73
195.28,0,,65.92,13.71,0,1,65.75,0.25,0.12,10.62,13.68
195.40,0,,65.88,13.70,0,1,65.56,0.25,0.16,10.66,13.64
195.49,0,,65.69,13.66,0,1,65.31,0.16,0.16,10.57,13.55
195.58,0,,65.49,13.61,0,1,65.47,0.12,0.08,10.45,13.59
195.67,0,,65.46,13.60,2,-1,65.86,0.20,0.05,10.50,13.70
195.82,0,,65.63,13.62,4,-2,66.06,0.09,0.11,10.45,13.53
195.88,0,,65.82,13.57,2,-1,65.59,-0.12,0.13,10.26,13.30
195.97,0,,65.81,13.46,2,-1,65.56,-0.14,0.05,10.16,13.36
196.10,0,,65.68,13.37,2,-1,65.57,-0.13,0.02,10.14,13.40
196.18,0,,65.60,13.35,2,-1,65.69,-0.23,0.02,10.04,13.30
196.27,0,,65.70,13.33,1,0,66.34,-0.31,-0.05,9.89,13.29
196.39,0,,65.91,13.29,0,1,65.90,-0.41,-0.05,9.79,13.19
196.48,0,,65.92,13.23,0,1,65.15,-0.51,-0.01,9.73,13.05
196.57,0,,65.68,13.14,0,1,65.64,-0.55,-0.07,9.63,13.07
196.69,0,,65.51,13.07,1,0,65.51,-0.68,-0.14,9.43,13.01
196.78,0,,65.51,13.02,2,-1,65.71,-0.77,-0.17,9.31,12.95
196.87,0,,65.61,12.98,2,-1,65.87,-0.80,-0.16,9.29,12.91
196.99,0,,65.74,12.92,1,0,65.81,-0.92,-0.12,9.21,12.75
197.08,0,,65.75,12.83,1,0,65.26,-0.99,-0.13,9.13,12.69
197.17,0,,65.62,12.74,1,0,65.63,-1.03,-0.18,9.04,12.70
197.32,0,,65.52,12.69,1,0,65.51,-1.09,-0.18,8.98,12.64
197.38,0,,65.43,12.64,2,-1,64.91,-1.17,-0.13,8.95,12.51
197.47,0,,65.25,12.58,2,-1,65.21,-1.17,-0.16,8.92,12.54
197.59,0,,65.18,12.54,4,-2,65.50,-1.20,-0.19,8.86,12.54
197.68,0,,65.28,12.52,4,-2,65.45,-1.27,-0.17,8.81,12.45
197.77,0,,65.41,12.50,2,-1,65.48,-1.23,-0.20,8.82,12.52
197.89,0,,65.50,12.49,2,-1,65.62,-1.26,-0.21,8.78,12.50
197.98,0,,65.50,12.49,2,-1,65.08,-1.29,-0.16,8.80,12.42
198.07,0,,65.51,12.47,2,-1,66.30,-1.24,-0.16,8.85,12.47
198.19,0,,65.69,12.46,0,1,65.72,-1.27,-0.21,8.77,12.49
198.28,0,,65.82,12.47,0,2,65.64,-1.32,-0.25,8.68,12.48
198.37,0,,65.73,12.48,0,2,65.31,-1.28,-0.19,8.78,12.46
198.49,0,,65.46,12.48,0,2,64.84,-1.28,-0.17,8.80,12.44
198.58,0,,65.25,12.46,0,1,65.77,-1.34,-0.22,8.69,12.43
198.67,0,,65.27,12.46,2,-1,65.24,-1.28,-0.26,8.71,12.53
198.82,0,,65.35,12.48,2,-1,65.37,-1.27,-0.25,8.73,12.53
198.88,0,,65.38,12.49,2,-1,65.46,-1.41,-0.17,8.67,12.31
198.97,0,,65.41,12.42,2,-1,65.38,-1.43,-0.17,8.65,12.29
199.09,0,,65.40,12.35,4,-2,65.28,-1.38,-0.22,8.65,12.39
199.18,0,,65.40,12.34,4,-2,65.68,-1.31,-0.16,8.78,12.40
199.27,0,,65.43,12.37,2,-1,65.23,-1.28,-0.15,8.82,12.42
199.39,0,,65.41,12.41,0,1,65.35,-1.31,-0.19,8.75,12.43
199.48,0,,65.33,12.43,0,1,65.14,-1.26,-0.17,8.82,12.46
199.57,0,,65.23,12.45,2,-1,65.09,-1.20,-0.12,8.93,12.47
199.69,0,,65.12,12.46,2,-1,64.95,-1.25,-0.11,8.89,12.41
199.78,0,,65.07,12.44,2,-1,65.33,-1.31,-0.14,8.80,12.38
199.87,0,,65.14,12.42,2,-1,65.35,-1.24,-0.13,8.88,12.44
199.99,0,,65.24,12.43,2,-1,65.14,-1.17,-0.11,8.97,12.49
200.08,0,,65.27,12.45,2,-1,65.34,-1.23,-0.12,8.90,12.44
200.17,0,,65.36,12.47,2,-1,65.92,-1.23,-0.17,8.85,12.49
200.32,0,,65.55,12.49,1,0,65.51,-1.14,-0.16,8.95,12.57
200.38,0,,65.61,12.53,1,0,65.30,-1.12,-0.11,9.02,12.54
200.47,0,,65.50,12.55,0,2,65.36,-1.13,-0.15,8.97,12.57
200.59,0,,65.37,12.56,0,2,65.20,-1.19,-0.16,8.90,12.52
200.68,0,,65.23,12.55,0,1,64.95,-1.21,-0.13,8.91,12.47
200.83,0,,65.17,12.53,1,0,65.59,-1.09,-0.16,9.00,12.62
200.89,0,,65.25,12.54,1,0,65.30,-1.15,-0.13,8.97,12.53
200.98,0,,65.30,12.54,1,0,65.01,-1.25,-0.13,8.87,12.43
201.07,0,,65.27,12.52,2,-1,65.55,-1.08,-0.16,9.01,12.63
201.19,0,,65.35,12.56,2,-1,65.62,-1.04,-0.15,9.06,12.66
201.28,0,,65.39,12.60,1,0,64.77,-1.20,-0.17,8.88,12.52
201.37,0,,65.25,12.61,1,0,65.23,-1.15,-0.20,8.90,12.60
201.49,0,,65.15,12.60,1,0,65.30,-1.07,-0.18,9.00,12.66
201.58,0,,65.18,12.61,1,0,65.18,-1.17,-0.17,8.91,12.55
201.67,0,,65.23,12.61,2,-1,65.41,-1.13,-0.22,8.90,12.64
201.82,0,,65.33,12.63,1,0,65.56,-1.06,-0.21,8.98,12.70
201.88,0,,65.45,12.65,2,-1,65.50,-1.09,-0.17,8.99,12.63
201.97,0,,65.49,12.66,2,-1,65.35,-1.06,-0.13,9.06,12.62
202.09,0,,65.42,12.62,0,1,65.10,-1.17,-0.09,8.99,12.47
202.18,0,,65.32,12.54,0,1,65.51,-1.21,-0.03,9.01,12.37
202.27,0,,65.32,12.47,0,1,65.42,-0.94,0.02,9.33,12.59
202.39,0,,65.38,12.49,1,0,65.36,-0.90,0.02,9.37,12.63
202.48,0,,65.35,12.55,1,0,65.00,-1.06,0.02,9.21,12.47
202.60,0,,65.27,12.55,1,0,65.50,-0.97,0.05,9.33,12.53
202.69,0,,65.28,12.55,1,0,65.33,-0.90,0.04,9.39,12.61
202.78,0,,65.29,12.56,1,0,65.05,-0.99,0.07,9.33,12.49
202.90,0,,65.24,12.54,1,0,65.33,-0.99,0.07,9.33,12.49
202.99,0,,65.22,12.52,1,0,65.20,-0.99,0.04,9.30,12.52
203.08,0,,65.21,12.50,1,0,65.09,-1.03,0.09,9.31,12.43
203.20,0,,65.12,12.48,2,-1,64.84,-1.01,0.07,9.31,12.47
203.32,0,,65.02,12.46,2,-1,65.13,-1.15,0.01,9.11,12.39
203.38,0,,65.00,12.41,4,-2,65.05,-1.24,0.06,9.07,12.25
203.50,0,,65.03,12.35,4,-2,65.03,-1.10,0.10,9.25,12.35
203.59,0,,65.04,12.30,2,-1,65.05,-1.20,0.14,9.19,12.21
203.68,0,,65.06,12.22,2,-1,65.15,-1.47,0.21,8.99,11.87
203.83,0,,65.03,12.05,2,-1,64.65,-1.61,0.15,8.79,11.79
203.89,0,,64.84,11.87,2,-1,64.27,-1.57,0.22,8.90,11.76
203.98,0,,64.72,11.73,2,-1,65.66,-1.26,0.88,9.87,11.41
204.07,0,,65.07,11.55,2,-1,66.23,-1.03,1.23,10.45,11.29
204.19,0,,65.65,11.42,0,1,65.85,-0.96,0.99,10.28,11.60
204.28,0,,65.99,11.46,0,2,66.10,-0.83,0.96,10.38,11.76
204.43,0,,66.09,11.65,0,2,65.92,-0.82,0.67,10.10,12.06
204.49,0,,66.06,11.96,0,2,66.04,-0.82,0.08,9.51,12.65
204.58,0,,66.04,12.42,0,2,66.11,-0.72,-0.47,9.06,13.30
204.67,0,,66.08,12.95,0,2,66.27,-0.72,-0.70,8.83,13.53
204.82,0,,66.12,13.30,0,2,65.87,-0.95,-0.40,8.90,13.00
204.88,0,,66.08,13.25,0,2,66.10,-1.20,-0.21,8.84,12.56
204.97,0,,65.99,12.94,0,2,65.61,-1.19,-0.20,8.86,12.56
205.12,0,,65.82,12.66,0,1,65.56,-1.21,-0.24,8.80,12.58
205.18,0,,65.71,12.56,2,-1,66.05,-1.35,-0.50,8.40,12.70
205.27,0,,65.84,12.63,4,-2,66.36,-1.45,-0.85,7.95,12.95
205.39,0,,66.06,12.80,2,-1,66.05,-1.59,-1.08,7.58,13.04
205.57,0,,66.16,12.95,2,-1,66.05,-1.64,-1.01,7.60,12.92
205.57,0,,66.09,12.99,1,0,65.80,-1.53,-0.86,7.86,12.88
205.69,0,,66.02,12.94,1,0,66.28,-1.56,-0.82,7.87,12.81
205.78,0,,65.99,12.87,0,1,65.65,-1.60,-0.85,7.80,12.80
205.88,0,,65.88,12.83,0,1,65.61,-1.51,-0.83,7.91,12.87
205.99,0,,65.74,12.81,0,1,65.77,-1.57,-0.74,7.94,12.72
206.08,0,,65.76,12.76,0,2,66.32,-1.67,-0.74,7.84,12.62
206.17,0,,65.92,12.70,2,-1,65.76,-1.63,-0.75,7.87,12.67
206.32,0,,65.99,12.65,2,-1,66.07,-1.63,-0.68,7.94,12.60
206.38,0,,65.90,12.58,2,-1,65.20,-1.74,-0.52,7.99,12.33
206.53,0,,65.74,12.42,2,-1,66.10,-1.93,-0.35,7.97,11.97
206.59,0,,65.73,12.17,2,-1,65.83,-2.16,-0.42,7.67,11.81
206.68,0,,65.85,11.90,1,0,66.10,-2.40,-0.43,7.42,11.58
206.86,0,,65.93,11.67,1,0,65.74,-2.54,-0.39,7.32,11.40
206.89,0,,65.94,11.52,1,0,65.99,-2.57,-0.59,7.09,11.57
206.98,0,,65.99,11.50,1,0,66.43,-2.55,-0.70,7.00,11.70
207.07,0,,66.18,11.63,1,0,66.44,-2.44,-0.90,6.91,12.01
207.19,0,,66.44,11.88,0,2,66.99,-2.44,-1.33,6.48,12.44
207.28,0,,66.69,12.26,0,2,66.70,-2.35,-1.76,6.14,12.96
207.40,0,,66.81,12.73,0,2,66.82,-2.05,-1.94,6.26,13.44
207.49,0,,66.89,13.19,0,2,67.23,-1.98,-2.02,6.25,13.59
207.58,0,,66.97,13.52,0,2,66.78,-2.01,-2.14,6.10,13.68
207.67,0,,67.05,13.71,0,2,67.54,-1.84,-2.16,6.25,13.87
207.82,0,,67.18,13.86,0,2,67.16,-1.65,-2.23,6.37,14.13
207.88,0,,67.24,14.01,0,2,67.06,-1.67,-2.27,6.31,14.15
207.97,0,,67.20,14.12,0,2,67.26,-1.71,-2.30,6.24,14.14
208.09,0,,67.23,14.19,0,2,67.50,-1.60,-2.37,6.28,14.32
208.18,0,,67.32,14.27,0,2,67.29,-1.51,-2.34,6.40,14.38
208.27,0,,67.36,14.35,0,2,67.32,-1.50,-2.38,6.37,14.43
208.39,0,,67.38,14.43,0,2,67.59,-1.47,-2.46,6.32,14.54
208.48,0,,67.37,14.51,0,2,66.86,-1.36,-2.46,6.43,14.65
208.57,0,,67.20,14.60,0,1,66.93,-1.29,-2.45,6.51,14.71
208.69,0,,67.05,14.68,1,0,67.30,-1.32,-2.49,6.44,14.72
208.78,0,,67.11,14.73,2,-1,67.43,-1.32,-2.58,6.35,14.81
208.87,0,,67.23,14.79,2,-1,67.06,-1.25,-2.58,6.42,14.88
208.99,0,,67.28,14.85,2,-1,67.51,-1.18,-2.52,6.55,14.89
209.08,0,,67.38,14.88,2,-1,67.70,-1.21,-2.54,6.50,14.88
209.18,0,,67.54,14.90,1,0,67.61,-1.24,-2.59,6.42,14.90
209.32,0,,67.61,14.91,0,1,67.47,-1.16,-2.55,6.54,14.94
209.38,0,,67.56,14.94,0,1,67.36,-1.09,-2.54,6.62,15.00
209.47,0,,67.45,14.98,0,1,67.26,-1.07,-2.58,6.60,15.06
209.59,0,,67.35,15.04,0,1,67.40,-0.99,-2.58,6.68,15.14
209.71,0,,67.33,15.11,0,1,67.41,-0.90,-2.56,6.79,15.21
209.83,0,,67.35,15.18,0,1,67.24,-0.83,-2.54,6.88,15.26
209.92,0,,67.34,15.23,1,0,67.43,-0.85,-2.52,6.88,15.22
209.98,0,,67.37,15.25,1,0,67.48,-0.85,-2.51,6.89,15.21
210.10,0,,67.43,15.26,1,0,67.52,-0.64,-2.50,7.11,15.41
210.20,0,,67.49,15.33,0,1,67.52,-0.52,-2.50,7.23,15.53
210.28,0,,67.53,15.43,0,1,67.60,-0.60,-2.48,7.17,15.43
210.37,0,,67.58,15.48,0,1,67.68,-0.62,-2.52,7.11,15.45
210.49,0,,67.64,15.49,0,1,67.70,-0.53,-2.56,7.16,15.58
210.58,0,,67.66,15.53,0,1,67.53,-0.50,-2.52,7.23,15.57
210.73,0,,67.61,15.56,0,1,67.46,-0.55,-2.54,7.16,15.54
210.82,0,,67.58,15.58,0,1,67.83,-0.53,-2.65,7.07,15.67
210.88,0,,67.65,15.64,0,1,67.80,-0.43,-2.65,7.17,15.77
210.97,0,,67.75,15.71,0,1,67.74,-0.42,-2.62,7.21,15.75
211.12,0,,67.75,15.75,0,1,67.54,-0.52,-2.66,7.07,15.69
211.21,0,,67.64,15.75,0,1,67.30,-0.46,-2.70,7.09,15.79
211.33,0,,67.57,15.78,0,1,68.15,-0.36,-2.68,7.21,15.87
211.39,0,,67.69,15.83,0,1,67.71,-0.37,-2.72,7.16,15.90
211.48,0,,67.77,15.89,0,1,67.59,-0.40,-2.79,7.06,15.94
211.60,0,,67.75,15.93,0,1,67.87,-0.41,-2.77,7.07,15.91
211.72,0,,67.76,15.94,0,1,67.79,-0.33,-2.72,7.20,15.94
211.78,0,,67.81,15.95,0,1,67.94,-0.27,-2.70,7.28,15.98
211.87,0,,67.85,15.98,0,1,67.80,-0.22,-2.72,7.31,16.05
211.99,0,,67.79,16.02,0,1,67.30,-0.16,-2.69,7.40,16.08
212.08,0,,67.63,16.06,0,1,67.70,-0.13,-2.60,7.52,16.02
212.17,0,,67.60,16.07,0,1,67.93,-0.04,-2.60,7.61,16.11
212.32,0,,67.74,16.08,0,1,67.98,-0.04,-2.61,7.60,16.12
212.38,0,,67.88,16.10,0,1,67.85,-0.08,-2.56,7.61,16.03
212.47,0,,67.94,16.09,0,1,68.00,0.03,-2.54,7.74,16.12
212.59,0,,67.90,16.10,0,1,67.51,0.12,-2.49,7.88,16.16
212.68,0,,67.77,16.12,0,1,67.69,0.07,-2.44,7.88,16.06
212.83,0,,67.71,16.12,0,1,68.00,0.10,-2.50,7.85,16.15
212.89,0,,67.78,16.15,0,1,67.84,0.24,-2.56,7.93,16.35
212.98,0,,67.86,16.22,0,1,67.87,0.13,-2.55,7.83,16.23
213.07,0,,67.87,16.25,0,1,67.81,-0.00,-2.59,7.66,16.14
213.19,0,,67.81,16.23,0,1,67.50,0.11,-2.60,7.76,16.26
213.28,0,,67.75,16.23,0,1,68.09,0.17,-2.54,7.88,16.26
213.43,0,,67.83,16.25,1,0,68.06,0.17,-2.59,7.83,16.31
213.49,0,,67.93,16.29,0,1,67.72,0.19,-2.61,7.83,16.35
213.58,0,,67.91,16.32,0,1,67.87,0.23,-2.52,7.96,16.30
213.73,0,,67.89,16.33,0,1,68.07,0.32,-2.46,8.11,16.33
213.82,0,,67.97,16.33,0,1,68.21,0.36,-2.41,8.20,16.32
213.88,0,,68.05,16.32,0,1,67.85,0.32,-2.38,8.19,16.25
213.97,0,,68.02,16.30,0,1,67.88,0.40,-2.35,8.30,16.30
214.09,0,,67.96,16.30,0,1,68.08,0.52,-2.32,8.45,16.39
214.18,0,,67.93,16.33,0,1,67.72,0.50,-2.29,8.46,16.34
214.33,0,,67.88,16.34,0,1,67.82,0.50,-2.22,8.53,16.27
214.39,0,,67.84,16.32,0,1,68.01,0.57,-2.17,8.65,16.29
214.48,0,,67.87,16.31,0,1,67.77,0.69,-2.16,8.78,16.40
214.60,0,,67.82,16.35,2,-1,67.53,0.75,-2.13,8.87,16.43
214.69,0,,67.73,16.40,2,-1,67.89,0.81,-2.07,8.99,16.43
214.78,0,,67.72,16.43,4,-2,67.71,0.88,-2.00,9.13,16.43
214.87,0,,67.77,16.43,2,-1,67.98,0.91,-1.93,9.23,16.39
215.02,0,,67.80,16.43,2,-1,67.57,0.98,-1.92,9.31,16.45
215.08,0,,67.84,16.44,2,-1,68.29,0.98,-1.94,9.29,16.47
215.21,0,,67.91,16.44,1,0,67.70,0.94,-1.88,9.31,16.37
215.32,0,,67.97,16.42,1,0,68.21,0.97,-1.85,9.37,16.37
215.38,0,,68.03,16.39,1,0,68.12,0.96,-1.83,9.38,16.34
215.50,0,,68.04,16.34,0,2,67.59,0.93,-1.74,9.44,16.22
215.59,0,,67.88,16.28,0,1,67.63,0.90,-1.72,9.43,16.17
215.68,0,,67.74,16.22,0,1,67.91,0.90,-1.73,9.42,16.18
215.77,0,,67.83,16.18,1,0,68.48,0.96,-1.69,9.52,16.20
215.89,0,,68.01,16.18,1,0,67.69,0.98,-1.69,9.54,16.22
215.98,0,,68.03,16.20,1,0,67.90,0.96,-1.66,9.55,16.17
216.07,0,,67.93,16.19,1,0,67.87,1.01,-1.58,9.68,16.14
216.19,0,,67.84,16.17,1,0,67.55,1.05,-1.54,9.76,16.14
216.28,0,,67.72,16.15,1,0,67.66,1.09,-1.50,9.84,16.14
216.37,0,,67.67,16.14,2,-1,67.85,1.13,-1.47,9.91,16.15
216.49,0,,67.64,16.14,2,-1,67.21,1.08,-1.46,9.87,16.09
216.58,0,,67.62,16.12,2,-1,68.16,1.09,-1.43,9.91,16.07
216.67,0,,67.75,16.09,4,-2,68.02,1.10,-1.38,9.97,16.03
216.82,0,,67.94,16.05,2,-1,67.97,1.07,-1.34,9.98,15.96
216.88,0,,67.93,16.01,1,0,67.35,1.09,-1.34,10.00,15.98
217.00,0,,67.76,15.97,1,0,67.76,1.04,-1.29,10.00,15.88
217.09,0,,67.70,15.93,1,0,68.08,1.05,-1.27,10.03,15.87
217.18,0,,67.76,15.90,1,0,67.44,1.05,-1.33,9.97,15.93
217.27,0,,67.68,15.89,1,0,67.37,0.91,-1.34,9.82,15.80
217.39,0,,67.56,15.87,1,0,67.80,0.87,-1.44,9.68,15.86
217.48,0,,67.63,15.86,2,-1,68.07,0.83,-1.56,9.52,15.94
217.60,0,,67.76,15.87,2,-1,67.42,0.69,-1.55,9.39,15.79
217.69,0,,67.77,15.85,2,-1,67.94,0.63,-1.57,9.31,15.75
217.84,0,,67.72,15.81,2,-1,67.37,0.57,-1.69,9.13,15.81
217.87,0,,67.63,15.77,2,-1,67.60,0.40,-1.70,8.95,15.65
217.99,0,,67.56,15.72,2,-1,67.65,0.38,-1.70,8.93,15.63
218.08,0,,67.59,15.67,2,-1,67.72,0.40,-1.76,8.89,15.71
218.17,0,,67.64,15.65,2,-1,67.59,0.27,-1.72,8.80,15.54
218.32,0,,67.65,15.61,2,-1,67.59,0.19,-1.77,8.67,15.51
218.38,0,,67.65,15.57,2,-1,67.84,0.20,-1.86,8.59,15.61
218.47,0,,67.68,15.56,2,-1,67.54,0.14,-1.83,8.56,15.52
218.59,0,,67.64,15.55,2,-1,67.48,0.06,-1.92,8.39,15.53
218.71,0,,67.61,15.54,2,-1,67.87,-0.00,-2.02,8.23,15.57
218.77,0,,67.69,15.54,2,-1,67.92,-0.07,-1.98,8.20,15.46
218.89,0,,67.74,15.50,1,0,67.27,-0.16,-1.99,8.10,15.38
218.98,0,,67.63,15.44,1,0,67.55,-0.25,-2.09,7.91,15.39
219.07,0,,67.59,15.40,1,0,68.08,-0.34,-2.13,7.78,15.34
219.19,0,,67.73,15.36,1,0,67.79,-0.38,-2.15,7.72,15.32
219.34,0,,67.81,15.34,1,0,67.59,-0.37,-2.21,7.67,15.39
219.40,0,,67.72,15.34,1,0,67.38,-0.51,-2.24,7.50,15.28
219.49,0,,67.55,15.32,1,0,67.42,-0.64,-2.31,7.30,15.22
219.58,0,,67.43,15.28,1,0,67.41,-0.63,-2.35,7.27,15.27
219.67,0,,67.42,15.25,1,0,67.67,-0.63,-2.29,7.33,15.21
219.82,0,,67.50,15.23,2,-1,67.53,-0.70,-2.37,7.18,15.22
219.88,0,,67.56,15.23,1,0,67.62,-0.77,-2.48,7.00,15.26
219.97,0,,67.60,15.24,1,0,67.62,-0.73,-2.43,7.09,15.25
220.09,0,,67.58,15.26,1,0,67.31,-0.65,-2.44,7.16,15.34
220.18,0,,67.50,15.30,1,0,67.53,-0.72,-2.51,7.02,15.34
220.27,0,,67.47,15.33,1,0,67.59,-0.81,-2.53,6.91,15.27
220.39,0,,67.58,15.34,1,0,68.09,-0.65,-2.56,7.04,15.46
220.48,0,,67.77,15.40,1,0,67.74,-0.51,-2.55,7.19,15.59
220.57,0,,67.85,15.47,0,1,67.71,-0.65,-2.50,7.10,15.40
220.69,0,,67.82,15.49,0,2,67.91,-0.65,-2.53,7.07,15.43
220.84,0,,67.79,15.49,0,1,67.56,-0.44,-2.55,7.26,15.66
220.87,0,,67.76,15.55,0,1,67.95,-0.37,-2.47,7.41,15.65
220.99,0,,67.77,15.63,0,2,67.71,-0.37,-2.51,7.37,15.69
221.11,0,,67.75,15.69,0,1,67.51,-0.31,-2.52,7.42,15.76
221.17,0,,67.72,15.74,0,1,68.10,-0.17,-2.42,7.66,15.80
221.32,0,,67.81,15.81,1,0,67.94,-0.00,-2.46,7.79,16.01
221.38,0,,67.90,15.91,1,0,67.74,-0.01,-2.45,7.79,15.99
221.47,0,,67.91,15.97,1,0,68.05,-0.03,-2.35,7.87,15.87
221.59,0,,67.89,15.98,1,0,67.67,0.12,-2.37,8.00,16.04
221.68,0,,67.87,16.00,0,1,68.03,0.19,-2.39,8.05,16.13
221.77,0,,67.88,16.06,0,1,67.83,0.15,-2.36,8.04,16.06
221.89,0,,67.90,16.10,0,1,67.96,0.26,-2.33,8.18,16.14
221.98,0,,67.89,16.15,0,1,67.72,0.45,-2.31,8.39,16.31
222.07,0,,67.86,16.23,0,1,68.00,0.49,-2.29,8.45,16.33
222.19,0,,67.80,16.30,0,1,67.31,0.46,-2.31,8.40,16.32
222.34,0,,67.71,16.34,0,1,68.02,0.54,-2.27,8.52,16.36
222.37,0,,67.71,16.35,0,1,67.70,0.65,-2.14,8.76,16.34
222.49,0,,67.77,16.36,1,0,67.82,0.70,-2.15,8.80,16.40
222.58,0,,67.77,16.39,1,0,67.63,0.71,-2.22,8.74,16.48
222.67,0,,67.76,16.43,1,0,67.91,0.76,-2.11,8.90,16.42
222.82,0,,67.84,16.46,1,0,68.24,0.91,-2.05,9.11,16.51
222.88,0,,67.95,16.49,1,0,67.65,0.90,-2.10,9.05,16.55
223.09,0,,67.96,16.51,1,0,68.08,0.80,-2.08,8.97,16.43
223.09,0,,67.93,16.51,1,0,67.83,0.91,-2.11,9.05,16.57
223.18,0,,67.89,16.53,1,0,67.68,0.98,-2.10,9.13,16.63
223.36,0,,67.77,16.56,1,0,67.56,0.85,-2.06,9.04,16.46
223.39,0,,67.69,16.55,1,0,67.92,0.81,-2.17,8.89,16.53
223.48,0,,67.76,16.54,1,0,68.00,0.88,-2.17,8.96,16.60
223.60,0,,67.90,16.56,1,0,68.07,0.91,-2.14,9.02,16.60
223.69,0,,68.06,16.60,1,0,68.35,0.90,-2.22,8.93,16.67
223.87,0,,68.14,16.64,1,0,67.79,0.88,-2.24,8.89,16.67
223.87,0,,68.10,16.66,1,0,68.14,0.89,-2.21,8.93,16.65
223.99,0,,68.10,16.67,1,0,68.39,0.93,-2.20,8.98,16.68
224.11,0,,68.21,16.69,0,1,68.33,0.99,-2.22,9.02,16.76
224.17,0,,68.33,16.73,0,2,68.52,1.03,-2.21,9.07,16.79
224.32,0,,68.42,16.77,0,2,68.35,1.07,-2.16,9.16,16.78
224.38,0,,68.39,16.80,0,2,68.07,1.20,-2.11,9.34,16.86
224.47,0,,68.26,16.85,0,2,68.17,1.33,-2.07,9.51,16.95
224.59,0,,68.15,16.92,0,1,68.05,1.41,-2.08,9.58,17.04
224.68,0,,68.11,16.99,0,1,68.26,1.46,-2.03,9.68,17.04
224.77,0,,68.12,17.04,0,1,68.01,1.53,-1.96,9.82,17.04
224.89,0,,68.11,17.06,2,-1,68.13,1.61,-1.96,9.90,17.12
224.98,0,,68.04,17.08,2,-1,67.66,1.58,-1.91,9.92,17.04
225.10,0,,67.96,17.07,4,-2,68.28,1.62,-1.82,10.05,16.99
225.19,0,,68.01,17.05,4,-2,68.19,1.76,-1.80,10.21,17.11
225.29,0,,68.10,17.06,2,-1,67.98,1.79,-1.77,10.27,17.11
225.37,0,,68.11,17.09,2,-1,68.15,1.78,-1.73,10.30,17.06
225.49,0,,68.04,17.10,1,0,67.59,1.86,-1.72,10.39,17.13
225.58,0,,67.92,17.12,2,-1,68.06,1.96,-1.67,10.54,17.18
225.70,0,,67.95,17.15,0,1,68.45,1.95,-1.66,10.54,17.16
225.82,0,,68.15,17.16,0,1,68.32,1.91,-1.67,10.49,17.13
225.89,0,,68.31,17.17,0,1,68.29,2.04,-1.63,10.66,17.22
225.97,0,,68.32,17.20,0,1,68.13,2.12,-1.64,10.73,17.31
226.09,0,,68.18,17.23,0,1,67.65,1.96,-1.64,10.57,17.15
226.18,0,,67.98,17.20,0,1,68.06,1.80,-1.63,10.42,16.98
226.27,0,,67.85,17.11,1,0,67.61,1.84,-1.64,10.45,17.03
226.42,0,,67.82,17.03,2,-1,68.15,1.86,-1.63,10.48,17.04
226.51,0,,67.91,17.01,2,-1,68.11,1.74,-1.71,10.28,17.00
226.57,0,,68.03,17.00,2,-1,68.02,1.62,-1.78,10.09,16.95
226.69,0,,68.13,16.97,2,-1,68.45,1.53,-1.81,9.97,16.89
226.78,0,,68.28,16.93,2,-1,68.55,1.46,-1.89,9.82,16.90
226.87,0,,68.43,16.89,2,-1,68.40,1.29,-1.95,9.59,16.79
226.99,0,,68.43,16.84,0,1,68.05,1.14,-2.05,9.34,16.74
227.08,0,,68.27,16.78,0,2,67.98,1.05,-2.11,9.19,16.71
227.17,0,,68.10,16.71,0,2,68.14,0.91,-2.09,9.07,16.55
227.32,0,,68.05,16.63,0,1,68.12,0.77,-2.20,8.82,16.52
227.38,0,,68.08,16.55,1,0,68.15,0.64,-2.26,8.63,16.45
227.47,0,,68.11,16.48,1,0,68.03,0.61,-2.29,8.57,16.45
227.59,0,,68.08,16.46,1,0,67.98,0.60,-2.35,8.50,16.50
227.68,0,,68.04,16.46,1,0,68.03,0.46,-2.40,8.31,16.41
227.77,0,,68.02,16.44,1,0,68.11,0.33,-2.49,8.09,16.37
227.89,0,,68.06,16.41,2,-1,68.18,0.34,-2.51,8.08,16.40
227.98,0,,68.14,16.41,2,-1,68.27,0.40,-2.53,8.12,16.48
228.07,0,,68.18,16.43,1,0,68.02,0.32,-2.54,8.03,16.41
228.19,0,,68.16,16.42,0,1,68.19,0.20,-2.52,7.93,16.27
228.28,0,,68.11,16.38,1,0,67.87,0.31,-2.53,8.03,16.39
228.37,0,,68.05,16.37,1,0,68.14,0.46,-2.50,8.21,16.51
228.49,0,,68.03,16.44,1,0,68.07,0.50,-2.49,8.26,16.54
228.61,0,,68.08,16.51,1,0,68.25,0.53,-2.49,8.29,16.57
228.67,0,,68.14,16.56,1,0,68.12,0.58,-2.43,8.40,16.56
228.82,0,,68.11,16.58,1,0,67.70,0.68,-2.40,8.53,16.63
228.88,0,,67.99,16.61,1,0,68.05,0.75,-2.40,8.60,16.70
228.97,0,,67.93,16.66,1,0,67.92,0.76,-2.40,8.61,16.71
229.09,0,,67.93,16.69,1,0,67.96,0.74,-2.37,8.62,16.66
229.18,0,,67.97,16.69,1,0,68.20,0.78,-2.30,8.73,16.63
229.27,0,,68.00,16.67,2,-1,67.62,0.90,-2.25,8.90,16.70
229.39,0,,67.98,16.68,2,-1,68.32,0.93,-2.25,8.93,16.73
229.48,0,,68.02,16.71,2,-1,68.07,0.98,-2.25,8.98,16.78
229.57,0,,68.11,16.76,2,-1,68.20,1.11,-2.18,9.18,16.84
229.69,0,,68.12,16.82,1,0,67.85,1.20,-2.14,9.31,16.89
229.79,0,,68.05,16.88,1,0,68.07,1.30,-2.14,9.41,16.99
229.87,0,,68.03,16.95,1,0,68.17,1.40,-2.12,9.53,17.07
229.99,0,,68.12,17.04,1,0,68.49,1.52,-2.09,9.68,17.16
230.08,0,,68.27,17.11,0,1,68.26,1.51,-2.05,9.71,17.11
230.17,0,,68.34,17.13,0,1,68.30,1.50,-2.00,9.75,17.05
230.32,0,,68.26,17.12,0,2,67.73,1.67,-1.96,9.96,17.18
230.38,0,,68.08,17.14,1,0,68.11,1.77,-1.94,10.08,17.26
230.47,0,,68.04,17.19,1,0,68.37,1.74,-1.91,10.08,17.20
230.59,0,,68.22,17.23,1,0,68.78,1.77,-1.95,10.07,17.27
230.68,0,,68.38,17.25,1,0,67.78,1.77,-1.94,10.08,17.26
230.77,0,,68.34,17.26,1,0,68.57,1.72,-1.88,10.09,17.15
230.89,0,,68.27,17.23,1,0,67.98,1.73,-1.97,10.01,17.25
230.98,0,,68.16,17.22,1,0,67.84,1.62,-2.04,9.83,17.21
231.07,0,,68.04,17.19,1,0,68.30,1.44,-1.99,9.70,16.98
231.19,0,,68.04,17.10,1,0,67.99,1.38,-2.04,9.59,16.97
231.29,0,,68.15,17.02,1,0,68.66,1.30,-2.18,9.37,17.03
231.37,0,,68.29,16.98,0,1,68.14,1.11,-2.22,9.14,16.88
231.49,0,,68.35,16.94,0,1,68.42,1.02,-2.30,8.97,16.87
231.58,0,,68.27,16.90,0,1,67.70,1.00,-2.39,8.86,16.94
231.67,0,,68.03,16.88,0,1,67.59,0.80,-2.36,8.69,16.71
231.82,0,,67.82,16.80,2,-1,68.18,0.63,-2.42,8.46,16.60
231.88,0,,67.84,16.70,2,-1,67.93,0.60,-2.56,8.29,16.71
231.97,0,,67.94,16.67,2,-1,68.05,0.57,-2.57,8.25,16.69
232.09,0,,68.03,16.67,2,-1,68.24,0.51,-2.63,8.13,16.69
232.19,0,,68.17,16.68,2,-1,68.44,0.41,-2.70,7.96,16.66
232.27,0,,68.23,16.67,2,-1,67.74,0.34,-2.70,7.89,16.59
232.40,0,,68.14,16.64,1,0,68.18,0.36,-2.71,7.90,16.62
232.48,0,,68.07,16.62,1,0,68.10,0.36,-2.67,7.94,16.58
232.57,0,,68.09,16.59,1,0,68.16,0.30,-2.64,7.91,16.49
232.69,0,,68.10,16.54,0,1,67.98,0.28,-2.68,7.85,16.51
232.78,0,,68.03,16.53,1,0,67.73,0.37,-2.68,7.94,16.60
232.87,0,,67.96,16.55,1,0,68.30,0.37,-2.63,7.99,16.55
232.99,0,,68.01,16.56,2,-1,68.08,0.28,-2.71,7.82,16.54
233.08,0,,68.08,16.57,2,-1,67.94,0.28,-2.75,7.78,16.58
233.17,0,,68.05,16.56,2,-1,68.03,0.31,-2.66,7.90,16.52
233.32,0,,68.03,16.57,1,0,68.05,0.37,-2.71,7.91,16.63
233.38,0,,68.04,16.59,1,0,68.16,0.30,-2.76,7.79,16.61
233.47,0,,68.12,16.59,2,-1,68.35,0.18,-2.72,7.71,16.45
233.59,0,,68.21,16.55,1,0,68.12,0.25,-2.76,7.74,16.56
233.68,0,,68.17,16.54,1,0,67.82,0.24,-2.80,7.69,16.59
233.77,0,,68.05,16.54,1,0,68.08,0.12,-2.78,7.59,16.45
233.89,0,,68.01,16.52,1,0,68.15,0.09,-2.80,7.54,16.44
233.98,0,,68.03,16.49,1,0,67.95,0.17,-2.85,7.57,16.57
234.07,0,,68.05,16.51,1,0,68.16,0.18,-2.83,7.60,16.56
234.19,0,,68.11,16.53,1,0,68.35,0.06,-2.83,7.48,16.44
234.28,0,,68.18,16.51,1,0,68.00,0.02,-2.91,7.36,16.48
234.38,0,,68.20,16.49,1,0,68.36,0.07,-2.88,7.44,16.50
234.49,0,,68.25,16.50,1,0,68.45,0.08,-2.89,7.44,16.52
234.58,0,,68.38,16.51,1,0,68.61,0.03,-2.96,7.32,16.54
234.67,0,,68.44,16.53,0,1,68.00,0.01,-2.94,7.32,16.50
234.82,0,,68.33,16.54,0,1,68.19,0.10,-2.97,7.38,16.62
234.88,0,,68.16,16.57,0,1,67.87,0.10,-2.97,7.38,16.62
235.00,0,,68.05,16.59,1,0,68.22,0.03,-2.91,7.37,16.49
235.09,0,,68.05,16.57,1,0,68.13,0.11,-2.93,7.43,16.59
235.18,0,,68.08,16.59,1,0,67.92,0.24,-2.92,7.57,16.71
235.27,0,,68.07,16.63,1,0,68.25,0.25,-2.85,7.65,16.65
235.40,0,,68.16,16.67,1,0,68.58,0.27,-2.87,7.65,16.69
235.48,0,,68.35,16.71,2,-1,68.50,0.40,-2.91,7.74,16.86
235.57,0,,68.43,16.79,1,0,68.00,0.55,-2.80,8.00,16.90
235.69,0,,68.30,16.87,1,0,68.09,0.66,-2.74,8.17,16.95
235.84,0,,68.17,16.93,1,0,68.29,0.65,-2.77,8.13,16.97
235.87,0,,68.20,16.97,1,0,68.55,0.72,-2.68,8.29,16.95
235.99,0,,68.30,17.00,0,1,68.06,1.00,-2.63,8.62,17.18
236.08,0,,68.33,17.10,0,1,68.54,1.16,-2.64,8.77,17.35
236.17,0,,68.34,17.22,0,1,68.23,1.10,-2.56,8.79,17.21
236.32,0,,68.35,17.28,0,1,68.38,1.20,-2.58,8.87,17.33
236.38,0,,68.35,17.34,0,1,68.39,1.41,-2.58,9.08,17.54
236.47,0,,68.42,17.43,0,1,68.77,1.50,-2.42,9.33,17.47
236.59,0,,68.50,17.49,0,1,68.24,1.52,-2.40,9.37,17.47
236.68,0,,68.52,17.50,0,1,68.74,1.53,-2.46,9.32,17.54
236.77,0,,68.48,17.52,0,1,68.01,1.58,-2.37,9.46,17.50
236.89,0,,68.34,17.51,0,1,68.17,1.62,-2.29,9.58,17.46
237.01,0,,68.21,17.50,0,1,68.35,1.64,-2.31,9.58,17.50
237.07,0,,68.23,17.50,2,-1,68.34,1.71,-2.29,9.67,17.55
237.19,0,,68.29,17.52,2,-1,68.35,1.78,-2.26,9.77,17.59
237.34,0,,68.35,17.56,1,0,68.46,1.81,-2.22,9.84,17.58
237.37,0,,68.39,17.57,1,0,68.29,1.77,-2.17,9.85,17.49
237.49,0,,68.40,17.55,1,0,68.51,1.83,-2.17,9.91,17.55
237.58,0,,68.39,17.56,2,-1,68.20,1.95,-2.14,10.06,17.64
237.67,0,,68.37,17.58,0,1,68.53,1.86,-2.10,10.01,17.51
237.82,0,,68.40,17.56,0,1,68.46,1.75,-2.19,9.81,17.49
237.97,0,,68.43,17.54,0,1,68.37,1.78,-2.25,9.78,17.58
237.97,0,,68.43,17.53,0,1,68.46,1.76,-2.18,9.83,17.49
238.09,0,,68.42,17.51,0,1,68.34,1.66,-2.20,9.71,17.41
238.18,0,,68.38,17.46,0,1,68.29,1.52,-2.30,9.47,17.37
238.27,0,,68.35,17.40,1,0,68.47,1.38,-2.36,9.27,17.29
238.39,0,,68.44,17.34,1,0,68.92,1.30,-2.44,9.11,17.29
238.48,0,,68.55,17.29,1,0,68.10,1.18,-2.49,8.94,17.22
238.57,0,,68.49,17.24,1,0,68.41,1.01,-2.57,8.69,17.13
238.69,0,,68.42,17.18,1,0,68.60,0.91,-2.68,8.48,17.14
238.79,0,,68.47,17.14,1,0,68.63,0.82,-2.71,8.36,17.08
238.87,0,,68.51,17.11,1,0,68.20,0.76,-2.76,8.25,17.07
238.99,0,,68.49,17.08,1,0,68.76,0.64,-2.83,8.06,17.02
239.09,0,,68.54,17.02,1,0,68.65,0.46,-2.83,7.88,16.84
239.17,0,,68.54,16.94,1,0,68.00,0.43,-2.85,7.83,16.83
239.32,0,,68.41,16.87,1,0,68.47,0.43,-2.89,7.79,16.87
239.47,0,,68.38,16.84,1,0,68.76,0.33,-2.94,7.64,16.82
239.47,0,,68.51,16.82,1,0,68.59,0.20,-2.95,7.50,16.70
239.65,0,,68.57,16.77,1,0,68.31,0.24,-2.96,7.53,16.75
239.68,0,,68.48,16.75,0,1,68.23,0.30,-2.98,7.57,16.83
239.83,0,,68.32,16.76,1,0,68.13,0.17,-2.97,7.45,16.69
239.89,0,,68.23,16.75,1,0,68.41,0.12,-3.02,7.35,16.69
239.99,0,,68.29,16.73,2,-1,68.66,0.21,-3.06,7.40,16.82
240.13,0,,68.40,16.76,2,-1,68.11,0.23,-3.00,7.48,16.78
240.19,0,,68.42,16.77,1,0,68.62,0.15,-2.97,7.43,16.67
240.34,0,,68.36,16.74,1,0,67.87,0.07,-3.03,7.29,16.65
240.37,0,,68.28,16.70,1,0,68.59,0.11,-3.06,7.30,16.72
240.49,0,,68.30,16.70,1,0,68.42,0.18,-3.05,7.38,16.78
240.59,0,,68.38,16.73,1,0,68.30,0.10,-3.05,7.30,16.70
240.70,0,,68.40,16.72,1,0,68.53,-0.04,-3.06,7.15,16.57
240.85,0,,68.41,16.67,1,0,68.22,0.01,-3.10,7.16,16.66
240.88,0,,68.39,16.65,1,0,68.48,0.09,-3.12,7.22,16.76
241.00,0,,68.41,16.68,1,0,68.62,-0.02,-3.08,7.15,16.61
241.09,0,,68.52,16.67,1,0,68.69,-0.08,-3.11,7.06,16.58
241.21,0,,68.57,16.64,1,0,68.27,-0.01,-3.18,7.06,16.72
241.36,0,,68.47,16.66,0,1,68.12,-0.00,-3.13,7.12,16.68
241.39,0,,68.37,16.68,0,1,68.88,-0.05,-3.16,7.04,16.66
241.48,0,,68.48,16.69,1,0,68.65,-0.04,-3.24,6.97,16.75
241.60,0,,68.63,16.72,1,0,68.63,-0.01,-3.21,7.03,16.75
241.69,0,,68.61,16.75,1,0,68.18,0.01,-3.21,7.05,16.77
241.84,0,,68.50,16.77,1,0,68.62,0.02,-3.24,7.03,16.81
241.88,0,,68.44,16.78,1,0,68.34,-0.02,-3.21,7.02,16.74
241.99,0,,68.39,16.78,1,0,68.20,0.03,-3.19,7.09,16.77
242.08,0,,68.34,16.79,1,0,68.51,0.20,-3.15,7.30,16.90
242.17,0,,68.32,16.83,2,-1,68.14,0.25,-3.11,7.39,16.91
242.32,0,,68.31,16.88,2,-1,68.42,0.21,-3.13,7.33,16.89
242.48,0,,68.34,16.92,2,-1,68.54,0.37,-3.10,7.52,17.02
242.48,0,,68.34,16.92,2,-1,68.54,0.37,-3.10,7.52,17.02
242.59,0,,68.36,17.07,1,0,68.45,0.74,-2.94,8.05,17.23
242.68,0,,68.38,17.19,1,0,68.63,0.83,-2.98,8.10,17.36
242.77,0,,68.50,17.30,1,0,68.69,0.92,-2.89,8.28,17.36
242.89,0,,68.57,17.38,1,0,68.30,1.15,-2.80,8.60,17.50
242.98,0,,68.50,17.47,0,1,68.31,1.31,-2.79,8.77,17.65
243.07,0,,68.33,17.55,1,0,67.94,1.23,-2.72,8.76,17.50
243.19,0,,68.21,17.56,1,0,68.51,1.28,-2.65,8.88,17.48
243.37,0,,68.20,17.56,2,-1,68.11,1.54,-2.63,9.16,17.72
243.37,0,,68.26,17.62,2,-1,68.53,1.68,-2.56,9.37,17.79
243.49,0,,68.36,17.72,1,0,68.49,1.67,-2.53,9.39,17.75
243.64,0,,68.51,17.78,1,0,68.89,1.74,-2.51,9.48,17.80
243.67,0,,68.62,17.80,1,0,68.27,1.86,-2.39,9.72,17.80
243.82,0,,68.62,17.82,1,0,68.81,1.97,-2.36,9.86,17.88
243.88,0,,68.66,17.87,0,1,68.86,2.08,-2.39,9.94,18.02
243.97,0,,68.76,17.94,0,1,68.79,2.13,-2.31,10.07,17.99
244.09,0,,68.71,18.00,0,2,68.00,2.24,-2.24,10.25,18.03
244.21,0,,68.55,18.04,0,2,68.91,2.36,-2.21,10.40,18.12
244.27,0,,68.53,18.08,0,1,68.56,2.38,-2.15,10.48,18.08
244.39,0,,68.58,18.10,0,1,68.56,2.45,-2.10,10.60,18.10
244.48,0,,68.62,18.12,0,1,68.84,2.58,-2.05,10.78,18.18
244.57,0,,68.69,18.15,0,1,68.67,2.70,-1.97,10.98,18.22
244.69,0,,68.69,18.19,0,1,68.43,2.74,-1.93,11.06,18.22
244.79,0,,68.59,18.21,0,1,68.45,2.72,-1.91,11.06,18.18
244.87,0,,68.51,18.21,2,-1,68.63,2.81,-1.84,11.22,18.20
245.21,0,,68.64,18.26,1,0,68.26,2.88,-1.66,11.47,18.09
245.21,0,,68.64,18.26,1,0,68.26,2.88,-1.66,11.47,18.09
245.21,0,,68.64,18.26,1,0,68.26,2.88,-1.66,11.47,18.09
245.38,0,,68.49,18.21,1,0,68.34,2.95,-1.64,11.56,18.14
245.38,0,,68.37,18.17,0,1,68.44,3.04,-1.67,11.62,18.26
245.47,0,,68.41,18.18,1,0,68.78,2.93,-1.68,11.50,18.16
245.59,0,,68.54,18.18,0,1,68.55,2.80,-1.74,11.31,18.09
245.68,0,,68.67,18.14,0,1,68.97,2.74,-1.78,11.21,18.07
245.83,0,,68.71,18.09,0,1,68.23,2.66,-1.77,11.14,17.98
245.89,0,,68.55,18.02,1,0,68.12,2.56,-1.80,11.01,17.91
245.98,0,,68.31,17.94,1,0,68.25,2.41,-1.86,10.80,17.82
246.07,0,,68.27,17.87,1,0,68.78,2.33,-1.91,10.67,17.79
246.19,0,,68.36,17.81,2,-1,68.07,2.29,-1.97,10.57,17.81
246.37,0,,68.38,17.78,2,-1,68.50,2.17,-1.96,10.46,17.68
246.38,0,,68.38,17.72,1,0,68.39,2.05,-1.97,10.33,17.57
246.49,0,,68.36,17.65,2,-1,68.07,2.00,-2.05,10.20,17.60
246.58,0,,68.27,17.60,2,-1,68.27,1.96,-2.09,10.12,17.60
246.70,0,,68.20,17.59,2,-1,68.18,1.94,-2.06,10.13,17.55
246.94,0,,68.24,17.58,2,-1,68.61,1.95,-2.11,10.09,17.61
246.95,0,,68.40,17.59,2,-1,68.72,1.95,-2.13,10.07,17.63
247.00,0,,68.55,17.59,2,-1,68.33,1.88,-2.00,10.13,17.43
247.15,0,,68.56,17.52,0,1,68.62,1.84,-1.93,10.16,17.32
247.21,0,,68.52,17.43,0,1,68.31,1.90,-1.96,10.19,17.41
247.27,0,,68.46,17.38,0,1,68.47,1.90,-1.94,10.21,17.39
247.39,0,,68.44,17.39,0,1,68.53,1.98,-1.94,10.29,17.47
247.49,0,,68.47,17.43,0,1,68.54,2.08,-1.90,10.43,17.53
247.66,0,,68.56,17.49,0,1,68.86,2.11,-1.88,10.48,17.54
247.75,0,,68.55,17.52,0,1,67.73,2.11,-1.81,10.55,17.47
247.79,0,,68.35,17.50,1,0,68.39,2.11,-1.70,10.66,17.36
247.87,0,,68.30,17.47,1,0,68.92,2.29,-1.74,10.80,17.58
247.99,0,,68.48,17.51,1,0,68.41,2.43,-1.75,10.93,17.73
248.08,0,,68.56,17.60,1,0,68.41,2.37,-1.65,10.97,17.57
248.17,0,,68.53,17.62,1,0,68.61,2.36,-1.56,11.05,17.47
248.32,0,,68.53,17.57,1,0,68.52,2.45,-1.55,11.15,17.55
248.38,0,,68.53,17.56,1,0,68.44,2.55,-1.56,11.24,17.66
248.48,0,,68.48,17.58,0,1,68.35,2.55,-1.49,11.31,17.59
248.59,0,,68.40,17.60,0,1,68.25,2.55,-1.46,11.34,17.56
248.68,0,,68.33,17.60,1,0,68.35,2.69,-1.41,11.53,17.65
248.77,0,,68.30,17.63,1,0,68.34,2.79,-1.36,11.68,17.70
248.92,0,,68.32,17.67,1,0,68.37,2.80,-1.35,11.70,17.70
248.98,0,,68.35,17.69,2,-1,68.39,2.79,-1.32,11.72,17.66
249.07,0,,68.33,17.69,2,-1,68.06,2.84,-1.27,11.82,17.66
249.19,0,,68.26,17.68,2,-1,68.32,2.92,-1.20,11.97,17.67
249.28,0,,68.28,17.67,2,-1,68.62,2.96,-1.17,12.04,17.68
249.37,0,,68.41,17.68,2,-1,68.54,2.99,-1.18,12.06,17.72
249.49,0,,68.50,17.70,1,0,68.32,3.00,-1.17,12.08,17.72
249.61,0,,68.48,17.72,1,0,68.50,2.96,-1.18,12.03,17.69
249.67,0,,68.45,17.70,1,0,68.41,2.78,-1.28,11.75,17.61
249.85,0,,68.45,17.66,1,0,68.53,2.58,-1.42,11.41,17.55
249.88,0,,68.46,17.60,0,1,68.43,2.53,-1.49,11.29,17.57
249.97,0,,68.40,17.57,0,1,67.92,2.48,-1.53,11.20,17.56
250.15,0,,68.20,17.55,1,0,67.96,2.32,-1.64,10.93,17.51
250.24,0,,68.08,17.52,1,0,68.46,2.17,-1.71,10.71,17.43
250.27,0,,68.13,17.48,2,-1,68.03,2.16,-1.72,10.69,17.43
250.45,0,,68.22,17.45,2,-1,68.60,2.19,-1.77,10.67,17.51
250.49,0,,68.33,17.47,2,-1,68.27,2.12,-1.82,10.55,17.49
250.57,0,,68.37,17.47,2,-1,68.31,2.03,-1.78,10.50,17.36
250.69,0,,68.35,17.44,2,-1,68.35,2.06,-1.77,10.54,17.38
250.87,0,,68.37,17.41,2,-1,68.60,2.15,-1.76,10.64,17.46
250.90,0,,68.43,17.42,1,0,68.36,2.20,-1.71,10.74,17.46
250.99,0,,68.39,17.44,1,0,67.93,2.18,-1.69,10.74,17.42
251.12,0,,68.23,17.44,1,0,68.26,2.19,-1.68,10.76,17.42
251.17,0,,68.17,17.44,1,0,68.34,2.30,-1.63,10.92,17.48
251.35,0,,68.25,17.46,1,0,68.46,2.39,-1.61,11.03,17.55
251.38,0,,68.32,17.50,1,0,68.10,2.37,-1.56,11.06,17.48
251.48,0,,68.30,17.50,1,0,68.34,2.34,-1.50,11.09,17.39
251.59,0,,68.32,17.47,1,0,68.61,2.46,-1.51,11.20,17.52
251.68,0,,68.40,17.49,1,0,68.30,2.59,-1.48,11.36,17.62
251.77,0,,68.44,17.54,1,0,68.52,2.53,-1.40,11.38,17.48
251.92,0,,68.41,17.54,1,0,68.12,2.49,-1.41,11.33,17.45
251.98,0,,68.36,17.51,1,0,68.51,2.60,-1.37,11.48,17.52
252.07,0,,68.34,17.50,1,0,68.26,2.69,-1.27,11.67,17.51
252.19,0,,68.31,17.52,1,0,68.17,2.73,-1.32,11.66,17.60
252.28,0,,68.31,17.56,1,0,68.68,2.73,-1.35,11.63,17.63
252.37,0,,68.39,17.60,1,0,68.32,2.77,-1.27,11.75,17.59
252.49,0,,68.41,17.62,1,0,68.22,2.87,-1.22,11.90,17.64
252.58,0,,68.34,17.62,1,0,68.31,2.82,-1.17,11.90,17.54
252.67,0,,68.35,17.59,1,0,68.74,2.79,-1.17,11.87,17.51
252.82,0,,68.46,17.56,1,0,68.42,2.88,-1.20,11.93,17.63
252.88,0,,68.48,17.57,1,0,68.22,2.89,-1.13,12.01,17.57
252.97,0,,68.42,17.58,1,0,68.52,2.86,-1.16,11.95,17.57
253.09,0,,68.43,17.59,1,0,68.65,2.82,-1.24,11.83,17.61
253.18,0,,68.48,17.60,1,0,68.29,2.82,-1.25,11.82,17.62
253.36,0,,68.49,17.63,1,0,68.64,2.86,-1.28,11.83,17.69
253.39,0,,68.48,17.66,1,0,68.31,2.75,-1.39,11.61,17.69
253.49,0,,68.45,17.67,1,0,68.47,2.52,-1.49,11.28,17.56
253.60,0,,68.42,17.62,1,0,68.33,2.34,-1.57,11.02,17.46
253.69,0,,68.38,17.54,1,0,68.30,2.26,-1.64,10.87,17.45
253.87,0,,68.32,17.46,1,0,68.19,2.10,-1.72,10.63,17.37
253.87,0,,68.32,17.46,1,0,68.19,2.10,-1.72,10.63,17.37
253.99,0,,68.36,17.36,2,-1,68.70,1.86,-1.96,10.15,17.37
254.08,0,,68.53,17.35,1,0,68.73,1.77,-2.01,10.01,17.33
254.17,0,,68.70,17.33,1,0,68.91,1.67,-2.03,9.89,17.25
254.32,0,,68.77,17.29,1,0,68.44,1.51,-2.13,9.63,17.19
254.38,0,,68.70,17.23,0,1,68.58,1.36,-2.26,9.35,17.17
254.48,0,,68.55,17.18,0,1,68.20,1.26,-2.25,9.26,17.06
254.59,0,,68.42,17.10,0,1,68.55,1.15,-2.27,9.13,16.97
254.68,0,,68.43,17.02,0,1,68.73,1.00,-2.36,8.89,16.91
254.83,0,,68.48,16.94,0,1,68.07,0.88,-2.40,8.73,16.83
254.89,0,,68.43,16.87,0,1,68.52,0.86,-2.44,8.67,16.85
254.98,0,,68.37,16.86,1,0,68.30,0.91,-2.49,8.67,16.95
255.07,0,,68.37,16.87,1,0,68.49,0.79,-2.47,8.57,16.81
255.19,0,,68.33,16.84,4,-2,67.87,0.60,-2.52,8.33,16.67
255.34,0,,68.29,16.77,2,-1,68.91,0.61,-2.60,8.26,16.76
255.37,0,,68.38,16.74,2,-1,68.22,0.59,-2.59,8.25,16.73
255.49,0,,68.51,16.72,2,-1,68.96,0.44,-2.68,8.01,16.67
255.58,0,,68.61,16.70,1,0,68.38,0.34,-2.78,7.81,16.67
255.70,0,,68.64,16.67,1,0,68.80,0.29,-2.74,7.80,16.58
255.82,0,,68.67,16.63,1,0,68.75,0.31,-2.76,7.80,16.62
255.88,0,,68.64,16.62,0,2,68.12,0.26,-2.82,7.69,16.63
256.00,0,,68.45,16.60,0,2,68.16,0.11,-2.80,7.56,16.46
256.12,0,,68.24,16.56,0,1,68.17,0.20,-2.81,7.64,16.56
256.21,0,,68.25,16.57,1,0,68.98,0.34,-2.88,7.71,16.77
256.27,0,,68.43,16.62,2,-1,68.17,0.19,-2.85,7.59,16.59
256.42,0,,68.42,16.63,2,-1,67.99,0.03,-2.86,7.42,16.44
256.48,0,,68.32,16.57,1,0,68.75,0.08,-2.93,7.40,16.56
256.57,0,,68.36,16.54,4,-2,68.35,0.11,-2.91,7.45,16.57
256.69,0,,68.41,16.54,2,-1,68.24,0.02,-2.95,7.32,16.52
256.84,0,,68.38,16.54,2,-1,68.49,-0.07,-3.01,7.17,16.49
256.87,0,,68.36,16.49,2,-1,68.22,-0.16,-2.92,7.17,16.31
256.99,0,,68.34,16.41,1,0,68.35,-0.12,-2.90,7.23,16.33
257.08,0,,68.24,16.37,1,0,67.73,-0.05,-2.99,7.21,16.49
257.17,0,,68.14,16.38,2,-1,68.58,-0.20,-2.97,7.08,16.32
257.32,0,,68.20,16.37,2,-1,68.30,-0.21,-2.95,7.09,16.29
257.38,0,,68.33,16.35,1,0,68.52,-0.11,-2.95,7.19,16.39
257.47,0,,68.33,16.33,1,0,67.70,-0.19,-2.90,7.16,16.26
257.62,0,,68.15,16.30,1,0,68.03,-0.26,-2.94,7.05,16.23
257.71,0,,68.01,16.27,2,-1,68.13,-0.27,-2.98,7.00,16.26
257.77,0,,68.03,16.24,2,-1,68.22,-0.23,-2.90,7.12,16.22
257.89,0,,68.14,16.23,2,-1,68.29,-0.25,-2.91,7.09,16.21
258.07,0,,68.27,16.22,2,-1,68.53,-0.36,-3.00,6.89,16.19
258.10,0,,68.39,16.20,2,-1,68.38,-0.38,-2.97,6.90,16.14
258.22,0,,68.44,16.17,2,-1,68.39,-0.35,-2.95,6.95,16.15
258.34,0,,68.41,16.16,0,1,68.26,-0.36,-2.99,6.90,16.18
258.37,0,,68.30,16.16,0,1,67.96,-0.45,-3.00,6.80,16.10
258.52,0,,68.14,16.13,0,1,68.06,-0.54,-3.00,6.71,16.01
258.58,0,,68.09,16.08,1,0,68.45,-0.48,-3.00,6.77,16.07
258.67,0,,68.16,16.06,2,-1,68.02,-0.48,-3.00,6.77,16.07
258.82,0,,68.14,16.04,1,0,67.84,-0.65,-2.98,6.62,15.88
258.88,0,,68.00,15.97,2,-1,67.86,-0.68,-2.98,6.59,15.85
258.97,0,,67.99,15.92,4,-2,68.65,-0.56,-3.00,6.69,15.99
259.09,0,,68.13,15.93,4,-2,67.90,-0.55,-2.98,6.72,15.98
259.21,0,,68.14,15.94,2,-1,67.83,-0.68,-2.95,6.62,15.82
259.27,0,,67.97,15.90,2,-1,67.71,-0.71,-2.94,6.60,15.78
259.39,0,,67.87,15.85,2,-1,68.20,-0.58,-2.93,6.74,15.90
259.48,0,,67.99,15.85,2,-1,68.47,-0.55,-2.91,6.79,15.91
259.57,0,,68.22,15.86,2,-1,68.33,-0.70,-2.92,6.63,15.77
259.69,0,,68.35,15.84,2,-1,68.20,-0.76,-2.97,6.52,15.76
259.84,0,,68.28,15.79,0,1,67.92,-0.72,-2.95,6.58,15.78
259.87,0,,68.13,15.76,0,1,68.01,-0.77,-2.91,6.57,15.69
259.99,0,,68.03,15.72,0,1,68.13,-0.87,-2.93,6.45,15.61
260.08,0,,68.06,15.66,0,1,68.31,-0.92,-2.97,6.36,15.60
260.17,0,,68.15,15.62,0,1,68.12,-0.89,-2.98,6.38,15.64
260.32,0,,68.16,15.62,1,0,67.95,-0.82,-2.96,6.47,15.69
260.38,0,,68.07,15.64,1,0,67.87,-0.93,-2.96,6.36,15.58
260.47,0,,67.90,15.61,1,0,67.51,-1.09,-2.96,6.20,15.42
260.59,0,,67.70,15.53,4,-2,67.53,-1.02,-2.94,6.29,15.47
260.71,0,,67.59,15.48,4,-2,67.83,-0.96,-2.93,6.36,15.52
260.77,0,,67.61,15.48,4,-2,67.49,-1.04,-2.95,6.26,15.46
260.89,0,,67.61,15.47,4,-2,67.64,-1.14,-2.99,6.12,15.40
260.98,0,,67.65,15.45,4,-2,67.95,-1.08,-2.99,6.18,15.46
261.07,0,,67.80,15.45,4,-2,68.11,-0.96,-2.95,6.34,15.54
261.19,0,,68.01,15.48,2,-1,68.30,-1.06,-2.98,6.21,15.47
261.34,0,,68.12,15.48,2,-1,67.71,-1.17,-3.00,6.08,15.38
261.37,0,,68.02,15.44,0,2,67.77,-1.14,-2.97,6.14,15.38
261.49,0,,67.88,15.41,0,2,67.97,-1.06,-2.98,6.21,15.47
261.58,0,,67.89,15.44,0,2,68.16,-1.03,-3.03,6.19,15.55
261.67,0,,68.00,15.48,0,2,68.13,-1.11,-3.01,6.13,15.45
261.82,0,,68.11,15.50,0,2,68.20,-1.07,-2.99,6.19,15.47
261.88,0,,68.08,15.50,0,1,67.42,-1.01,-3.01,6.23,15.55
261.97,0,,67.92,15.52,0,1,68.19,-1.07,-3.05,6.13,15.53
262.09,0,,67.89,15.53,2,-1,67.94,-1.14,-3.08,6.03,15.49
262.21,0,,67.92,15.51,1,0,67.78,-1.12,-3.01,6.12,15.44
262.27,0,,67.89,15.48,2,-1,67.89,-1.06,-2.99,6.20,15.48
262.39,0,,67.89,15.47,1,0,68.04,-1.11,-3.03,6.11,15.47
262.48,0,,67.91,15.46,2,-1,67.74,-1.19,-3.04,6.02,15.40
262.57,0,,67.87,15.44,2,-1,67.76,-1.20,-3.05,6.00,15.40
262.69,0,,67.79,15.41,2,-1,67.69,-1.19,-3.06,6.00,15.42
262.84,0,,67.73,15.42,2,-1,67.75,-1.18,-3.09,5.98,15.46
262.88,0,,67.72,15.44,2,-1,67.76,-1.25,-3.14,5.86,15.44
262.99,0,,67.73,15.44,2,-1,67.73,-1.27,-3.12,5.86,15.40
263.11,0,,67.73,15.44,2,-1,67.66,-1.19,-3.10,5.96,15.46
263.17,0,,67.74,15.44,1,0,67.98,-1.21,-3.11,5.93,15.45
263.32,0,,67.85,15.45,1,0,68.16,-1.24,-3.13,5.88,15.44
263.41,0,,67.97,15.46,2,-1,67.83,-1.20,-3.13,5.92,15.48
263.47,0,,68.03,15.48,0,1,68.27,-1.12,-3.10,6.03,15.53
263.59,0,,68.08,15.52,0,2,67.98,-1.09,-3.14,6.02,15.60
263.68,0,,68.05,15.56,0,2,67.74,-1.15,-3.19,5.91,15.59
263.77,0,,67.96,15.60,0,2,68.13,-1.10,-3.16,5.99,15.61
263.89,0,,67.96,15.62,0,2,68.02,-1.02,-3.15,6.08,15.68
263.98,0,,68.00,15.65,0,1,67.97,-1.08,-3.20,5.97,15.67
264.07,0,,67.99,15.66,0,1,67.89,-1.17,-3.21,5.87,15.59
264.19,0,,67.95,15.65,1,0,67.94,-1.11,-3.19,5.95,15.63
264.34,0,,67.95,15.65,1,0,68.14,-0.94,-3.19,6.12,15.80
264.37,0,,67.98,15.71,1,0,67.81,-0.98,-3.21,6.06,15.78
264.49,0,,67.95,15.75,1,0,67.86,-1.13,-3.22,5.90,15.64
264.58,0,,67.91,15.74,1,0,68.04,-1.02,-3.22,6.01,15.75
264.67,0,,67.93,15.75,1,0,67.93,-0.86,-3.22,6.17,15.91
264.83,0,,68.00,15.82,1,0,68.28,-0.89,-3.21,6.15,15.87
264.88,0,,68.07,15.86,1,0,67.91,-0.99,-3.21,6.05,15.77
264.97,0,,68.02,15.84,1,0,67.62,-0.96,-3.22,6.07,15.81
265.09,0,,67.87,15.83,1,0,67.89,-0.89,-3.23,6.13,15.89
265.18,0,,67.85,15.85,1,0,68.28,-0.90,-3.22,6.13,15.87
265.27,0,,67.98,15.87,0,1,67.92,-0.93,-3.25,6.07,15.87
265.39,0,,68.06,15.88,0,1,68.16,-0.93,-3.28,6.04,15.90
265.48,0,,68.11,15.90,0,1,68.18,-0.86,-3.30,6.09,15.99
265.58,0,,68.08,15.95,0,1,67.62,-0.83,-3.31,6.11,16.03
265.69,0,,67.95,15.98,1,0,67.94,-0.96,-3.30,5.99,15.89
265.84,0,,67.89,15.96,1,0,68.10,-0.95,-3.28,6.02,15.88
265.87,0,,67.96,15.93,1,0,68.07,-0.81,-3.27,6.17,16.01
265.99,0,,68.07,15.95,1,0,68.33,-0.83,-3.27,6.15,15.99
266.08,0,,68.15,15.97,1,0,67.92,-0.95,-3.34,5.96,15.94
266.17,0,,68.11,15.97,1,0,67.96,-0.97,-3.36,5.92,15.94
266.32,0,,68.08,15.97,1,0,68.43,-0.85,-3.32,6.08,16.02
266.38,0,,68.15,15.99,1,0,68.09,-0.86,-3.32,6.07,16.01
266.47,0,,68.21,16.01,1,0,68.33,-0.97,-3.39,5.89,15.97
266.60,0,,68.21,16.01,0,1,67.93,-0.88,-3.40,5.97,16.07
266.68,0,,68.15,16.04,0,1,68.18,-0.79,-3.35,6.11,16.11
266.77,0,,68.11,16.08,0,1,68.15,-0.80,-3.37,6.08,16.12
266.89,0,,68.14,16.12,0,1,68.24,-0.78,-3.40,6.07,16.17
266.98,0,,68.15,16.16,0,1,67.96,-0.72,-3.37,6.16,16.20
267.07,0,,68.14,16.20,0,1,68.33,-0.64,-3.34,6.27,16.25
267.19,0,,68.18,16.24,0,1,68.26,-0.59,-3.34,6.32,16.30
267.34,0,,68.26,16.27,0,1,68.41,-0.64,-3.37,6.24,16.28
267.37,0,,68.32,16.29,0,1,68.24,-0.60,-3.33,6.32,16.28
267.49,0,,68.36,16.31,0,1,68.57,-0.41,-3.27,6.57,16.41
267.58,0,,68.43,16.36,0,1,68.48,-0.38,-3.29,6.58,16.46
267.67,0,,68.45,16.41,0,1,68.21,-0.46,-3.28,6.51,16.37
267.82,0,,68.41,16.42,0,1,68.52,-0.38,-3.25,6.62,16.42
267.89,0,,68.41,16.43,0,1,68.47,-0.28,-3.23,6.74,16.50
267.97,0,,68.44,16.46,0,1,68.46,-0.26,-3.23,6.76,16.52
268.09,0,,68.42,16.50,0,1,68.13,-0.27,-3.23,6.75,16.51
268.18,0,,68.42,16.51,0,1,69.03,-0.31,-3.22,6.72,16.46
268.27,0,,68.58,16.51,0,1,68.72,-0.29,-3.26,6.70,16.52
268.39,0,,68.67,16.50,0,1,68.16,-0.34,-3.25,6.66,16.46
268.57,0,,68.52,16.47,0,1,68.30,-0.50,-3.24,6.51,16.29
268.58,0,,68.36,16.41,0,1,68.44,-0.48,-3.35,6.42,16.42
268.69,0,,68.34,16.39,1,0,68.43,-0.45,-3.40,6.40,16.50
268.84,0,,68.35,16.43,2,-1,68.14,-0.51,-3.40,6.34,16.44
268.87,0,,68.31,16.45,2,-1,68.41,-0.57,-3.44,6.24,16.42
268.99,0,,68.32,16.44,2,-1,68.43,-0.61,-3.46,6.18,16.40
269.08,0,,68.39,16.43,2,-1,68.51,-0.59,-3.47,6.19,16.43
269.17,0,,68.40,16.42,2,-1,68.09,-0.63,-3.48,6.14,16.40
269.32,0,,68.30,16.40,2,-1,68.13,-0.73,-3.49,6.03,16.31
269.38,0,,68.18,16.37,2,-1,68.16,-0.71,-3.50,6.04,16.34
269.47,0,,68.19,16.35,2,-1,68.58,-0.62,-3.48,6.15,16.41
269.59,0,,68.31,16.38,2,-1,68.28,-0.61,-3.50,6.14,16.44
269.68,0,,68.35,16.41,2,-1,68.20,-0.70,-3.54,6.01,16.39
269.77,0,,68.35,16.42,2,-1,68.56,-0.65,-3.50,6.10,16.40
269.89,0,,68.39,16.43,2,-1,68.41,-0.49,-3.46,6.30,16.52
269.98,0,,68.42,16.47,1,0,68.33,-0.54,-3.49,6.22,16.50
270.07,0,,68.39,16.49,0,1,68.34,-0.63,-3.52,6.10,16.44
270.19,0,,68.37,16.48,0,1,68.47,-0.60,-3.49,6.16,16.44
270.34,0,,68.31,16.47,0,1,67.80,-0.53,-3.49,6.23,16.51
270.37,0,,68.21,16.49,1,0,68.51,-0.50,-3.52,6.23,16.57
270.49,0,,68.24,16.53,1,0,68.46,-0.53,-3.53,6.19,16.55
270.58,0,,68.39,16.56,1,0,68.56,-0.52,-3.52,6.21,16.55
270.67,0,,68.47,16.57,1,0,68.33,-0.44,-3.53,6.28,16.64
270.82,0,,68.42,16.61,1,0,68.10,-0.40,-3.55,6.30,16.70
270.89,0,,68.32,16.66,1,0,68.46,-0.45,-3.55,6.25,16.65
270.97,0,,68.29,16.68,1,0,68.28,-0.42,-3.55,6.28,16.68
271.09,0,,68.37,16.70,1,0,68.76,-0.26,-3.54,6.45,16.83
271.18,0,,68.53,16.77,0,1,68.76,-0.21,-3.56,6.48,16.90
271.27,0,,68.65,16.84,0,1,68.41,-0.26,-3.54,6.45,16.83
271.39,0,,68.58,16.88,0,1,68.22,-0.12,-3.54,6.59,16.97
271.48,0,,68.48,16.94,0,1,68.89,0.01,-3.52,6.74,17.08
271.57,0,,68.57,17.01,1,0,68.78,-0.03,-3.49,6.73,17.01
271.69,0,,68.68,17.03,0,1,68.46,-0.09,-3.51,6.65,16.97
271.84,0,,68.61,17.02,0,2,68.30,-0.07,-3.51,6.67,16.99
271.87,0,,68.48,17.01,0,1,68.48,0.03,-3.50,6.78,17.08
271.99,0,,68.36,17.04,0,1,68.03,-0.02,-3.56,6.67,17.09
272.17,0,,68.28,17.06,0,1,68.54,-0.18,-3.61,6.46,16.98
272.17,0,,68.28,17.06,0,1,68.54,-0.18,-3.61,6.46,16.98
272.32,0,,68.33,17.08,2,-1,68.74,0.10,-3.61,6.74,17.26
272.38,0,,68.45,17.16,2,-1,68.52,0.12,-3.61,6.76,17.28
272.62,0,,68.58,17.24,2,-1,68.77,-0.00,-3.63,6.62,17.18
272.62,0,,68.58,17.24,2,-1,68.77,-0.00,-3.63,6.62,17.18
272.68,0,,68.64,17.22,1,0,68.41,0.14,-3.59,6.80,17.28
272.77,0,,68.53,17.23,1,0,68.34,0.11,-3.57,6.79,17.23
272.89,0,,68.40,17.24,1,0,68.26,0.10,-3.60,6.75,17.25
272.98,0,,68.35,17.26,1,0,68.66,0.22,-3.58,6.89,17.35
273.07,0,,68.45,17.31,0,1,68.64,0.35,-3.53,7.07,17.43
273.19,0,,68.58,17.38,1,0,68.66,0.31,-3.58,6.98,17.44
273.34,0,,68.63,17.42,0,1,68.46,0.12,-3.67,6.70,17.34
273.37,0,,68.57,17.40,1,0,68.41,0.07,-3.69,6.63,17.31
273.49,0,,68.49,17.36,1,0,68.49,0.10,-3.69,6.66,17.34
273.61,0,,68.51,17.33,1,0,68.91,0.02,-3.75,6.52,17.32
273.67,0,,68.62,17.32,1,0,68.54,-0.07,-3.81,6.37,17.29
273.82,0,,68.69,17.32,1,0,68.79,-0.05,-3.83,6.37,17.33
273.88,0,,68.79,17.34,1,0,69.23,0.02,-3.91,6.36,17.48
273.97,0,,68.97,17.40,0,1,69.13,-0.08,-3.99,6.18,17.46
274.09,0,,69.07,17.45,0,2,68.74,-0.21,-4.06,5.98,17.40
274.18,0,,68.98,17.45,0,2,68.79,-0.18,-4.11,5.96,17.48
274.27,0,,68.88,17.47,0,2,69.02,-0.11,-4.14,6.00,17.58
274.39,0,,68.84,17.52,0,2,68.54,-0.12,-4.12,6.01,17.55
274.48,0,,68.73,17.54,0,1,68.57,-0.07,-3.98,6.20,17.46
274.57,0,,68.60,17.52,0,1,68.44,-0.00,-3.90,6.35,17.45
274.69,0,,68.56,17.48,2,-1,68.95,0.01,-3.89,6.37,17.45
274.84,0,,68.59,17.44,4,-2,68.22,0.05,-3.71,6.59,17.31
274.87,0,,68.48,17.35,4,-2,68.10,-0.05,-3.60,6.60,17.10
274.99,0,,68.30,17.22,4,-2,68.31,-0.09,-3.59,6.57,17.05
275.08,0,,68.23,17.12,4,-2,68.33,0.04,-3.57,6.72,17.16
275.17,0,,68.19,17.10,4,-2,67.76,-0.05,-3.66,6.54,17.16
275.32,0,,68.05,17.12,4,-2,67.97,-0.18,-3.67,6.40,17.04
275.42,0,,68.01,17.10,4,-2,68.45,-0.12,-3.62,6.51,17.05
275.47,0,,68.08,17.09,4,-2,67.81,-0.07,-3.69,6.49,17.17
275.59,0,,68.07,17.11,4,-2,67.98,-0.14,-3.67,6.44,17.08
275.68,0,,68.02,17.10,4,-2,68.21,-0.22,-3.64,6.39,16.97
275.77,0,,68.08,17.07,4,-2,68.22,-0.16,-3.70,6.39,17.09
275.89,0,,68.13,17.06,2,-1,67.89,-0.16,-3.68,6.41,17.07
275.98,0,,68.08,17.04,2,-1,68.07,-0.31,-3.61,6.33,16.85
276.07,0,,68.00,16.97,1,0,67.79,-0.34,-3.68,6.23,16.89
276.19,0,,67.94,16.91,1,0,68.04,-0.30,-3.70,6.25,16.95
276.34,0,,67.93,16.91,2,-1,67.92,-0.26,-3.62,6.37,16.91
276.37,0,,67.93,16.92,2,-1,67.88,-0.24,-3.62,6.39,16.93
276.49,0,,67.94,16.93,2,-1,68.15,-0.28,-3.65,6.32,16.92
276.61,0,,68.00,16.93,2,-1,68.02,-0.21,-3.60,6.44,16.94
276.67,0,,68.05,16.93,2,-1,68.01,-0.12,-3.50,6.63,16.93
276.82,0,,68.05,16.93,2,-1,68.09,-0.18,-3.51,6.56,16.88
276.88,0,,68.01,16.90,2,-1,67.72,-0.27,-3.54,6.44,16.82
276.97,0,,67.90,16.85,2,-1,67.73,-0.27,-3.48,6.50,16.76
277.09,0,,67.80,16.82,2,-1,67.89,-0.17,-3.51,6.57,16.89
277.19,0,,67.73,16.84,2,-1,67.39,-0.19,-3.59,6.47,16.95
277.27,0,,67.62,16.89,2,-1,67.51,-0.28,-3.57,6.40,16.84
277.39,0,,67.49,16.89,4,-2,67.35,-0.24,-3.53,6.48,16.84
277.48,0,,67.51,16.87,4,-2,68.18,-0.17,-3.51,6.57,16.89
277.57,0,,67.74,16.88,4,-2,67.98,-0.16,-3.55,6.54,16.94
277.70,0,,67.94,16.89,2,-1,67.92,-0.27,-3.54,6.44,16.82
277.84,0,,67.97,16.88,2,-1,67.71,-0.23,-3.49,6.53,16.81
277.87,0,,67.88,16.85,2,-1,67.77,-0.09,-3.45,6.71,16.91
277.99,0,,67.82,16.86,2,-1,68.01,-0.10,-3.45,6.70,16.90
278.08,0,,67.89,16.89,0,1,68.14,-0.12,-3.48,6.65,16.91
278.17,0,,67.90,16.90,0,2,67.20,-0.13,-3.44,6.68,16.86
278.32,0,,67.73,16.89,0,2,67.74,-0.12,-3.44,6.69,16.87
278.38,0,,67.66,16.89,1,0,68.09,-0.09,-3.49,6.67,16.95
278.47,0,,67.78,16.90,2,-1,67.75,-0.17,-3.46,6.62,16.84
278.59,0,,67.83,16.90,2,-1,67.68,-0.11,-3.48,6.66,16.92
278.68,0,,67.78,16.91,2,-1,67.71,-0.02,-3.48,6.75,17.01
278.77,0,,67.78,16.93,2,-1,68.11,-0.15,-3.41,6.69,16.81
278.89,0,,67.89,16.92,2,-1,68.02,-0.13,-3.50,6.62,16.92
278.98,0,,67.92,16.92,2,-1,67.46,-0.01,-3.51,6.73,17.05
279.07,0,,67.83,16.96,2,-1,67.98,-0.05,-3.42,6.78,16.92
279.19,0,,67.74,16.97,2,-1,67.39,-0.06,-3.46,6.73,16.95
279.34,0,,67.67,16.96,1,0,67.88,-0.06,-3.46,6.73,16.95
279.37,0,,67.68,16.94,1,0,67.71,-0.05,-3.37,6.83,16.87
279.49,0,,67.78,16.93,2,-1,68.18,0.07,-3.40,6.92,17.02
279.58,0,,67.87,16.96,2,-1,67.52,0.05,-3.45,6.85,17.05
279.67,0,,67.88,17.00,1,0,68.13,-0.02,-3.41,6.82,16.94
279.83,0,,67.84,17.02,1,0,67.42,0.09,-3.45,6.89,17.09
279.88,0,,67.74,17.04,1,0,67.74,0.09,-3.44,6.90,17.08
279.97,0,,67.64,17.04,1,0,67.50,-0.04,-3.34,6.87,16.85
280.09,0,,67.65,16.98,1,0,68.10,-0.02,-3.40,6.83,16.93
280.18,0,,67.70,16.94,1,0,67.28,0.02,-3.43,6.84,17.00
280.27,0,,67.67,16.94,1,0,67.74,-0.01,-3.33,6.91,16.87
280.39,0,,67.68,16.94,1,0,68.05,0.02,-3.42,6.85,16.99
280.48,0,,67.81,16.97,1,0,67.82,0.06,-3.48,6.83,17.09
280.57,0,,67.87,17.01,1,0,67.78,0.06,-3.35,6.96,16.96
280.69,0,,67.86,17.02,1,0,67.84,0.08,-3.37,6.96,17.00
280.84,0,,67.83,17.02,1,0,67.77,0.07,-3.42,6.90,17.04
280.87,0,,67.78,17.02,1,0,67.65,0.07,-3.35,6.97,16.97
280.99,0,,67.67,17.01,1,0,67.32,0.13,-3.35,7.03,17.03
281.08,0,,67.55,17.02,1,0,67.73,0.12,-3.38,6.99,17.05
281.17,0,,67.53,17.03,1,0,67.49,0.07,-3.39,6.93,17.01
281.32,0,,67.55,17.03,1,0,67.59,0.09,-3.38,6.96,17.02
281.38,0,,67.53,17.03,2,-1,67.33,0.12,-3.37,7.00,17.04
281.47,0,,67.50,17.03,2,-1,67.73,0.07,-3.36,6.96,16.98
281.59,0,,67.61,17.01,2,-1,68.07,-0.02,-3.40,6.83,16.93
281.68,0,,67.76,16.98,2,-1,67.51,-0.01,-3.47,6.77,17.01
281.77,0,,67.79,16.98,2,-1,67.88,0.06,-3.41,6.90,17.02
281.89,0,,67.71,16.99,2,-1,67.17,0.09,-3.32,7.02,16.96
281.98,0,,67.55,16.99,2,-1,67.59,0.05,-3.36,6.94,16.96
282.07,0,,67.51,16.99,2,-1,67.83,0.10,-3.38,6.97,17.03
282.19,0,,67.59,17.01,1,0,67.49,0.16,-3.37,7.04,17.08
282.34,0,,67.65,17.03,1,0,67.85,0.06,-3.36,6.95,16.97
282.37,0,,67.70,17.01,1,0,67.62,-0.00,-3.36,6.89,16.91
282.49,0,,67.70,16.98,1,0,67.62,0.08,-3.39,6.94,17.02
282.58,0,,67.64,16.98,1,0,67.49,0.09,-3.38,6.96,17.02
282.70,0,,67.58,16.99,1,0,67.61,-0.01,-3.35,6.89,16.89
282.82,0,,67.61,16.96,1,0,67.93,-0.02,-3.39,6.84,16.92
282.92,0,,67.69,16.94,1,0,67.54,0.04,-3.41,6.88,17.00
282.97,0,,67.75,16.94,1,0,68.02,0.02,-3.36,6.91,16.93
283.12,0,,67.79,16.95,1,0,67.58,-0.00,-3.38,6.87,16.93
283.19,0,,67.80,16.94,1,0,67.98,-0.05,-3.40,6.80,16.90
283.27,0,,67.79,16.92,0,1,67.57,-0.03,-3.32,6.90,16.84
283.39,0,,67.72,16.90,1,0,67.55,0.11,-3.34,7.02,17.00
283.48,0,,67.60,16.93,1,0,67.42,0.05,-3.37,6.93,16.97
283.57,0,,67.52,16.94,1,0,67.63,-0.06,-3.34,6.85,16.83
283.69,0,,67.51,16.92,1,0,67.54,0.07,-3.35,6.97,16.97
283.84,0,,67.55,16.92,1,0,67.62,0.05,-3.36,6.94,16.96
283.87,0,,67.54,16.93,2,-1,67.27,-0.05,-3.32,6.88,16.82
283.99,0,,67.41,16.90,4,-2,67.06,-0.04,-3.34,6.87,16.85
284.08,0,,67.27,16.86,4,-2,67.41,-0.14,-3.43,6.68,16.84
284.17,0,,67.28,16.84,4,-2,67.62,-0.16,-3.42,6.67,16.81
284.32,0,,67.45,16.82,4,-2,67.71,-0.15,-3.41,6.69,16.81
284.38,0,,67.59,16.81,2,-1,67.52,-0.25,-3.47,6.53,16.77
284.48,0,,67.59,16.79,2,-1,67.28,-0.25,-3.44,6.56,16.74
284.59,0,,67.50,16.77,2,-1,67.59,-0.21,-3.46,6.58,16.80
284.71,0,,67.44,16.78,2,-1,67.29,-0.28,-3.53,6.44,16.80
284.77,0,,67.39,16.79,1,0,67.29,-0.32,-3.53,6.40,16.76
284.89,0,,67.44,16.84,0,1,68.18,0.04,-3.60,6.69,17.19
284.98,0,,67.70,17.05,0,1,68.00,0.45,-3.64,7.06,17.64
285.07,0,,67.90,17.33,0,1,67.62,0.34,-3.54,7.05,17.43
285.19,0,,67.92,17.48,0,2,68.09,0.22,-3.55,6.92,17.32
285.34,0,,67.94,17.47,0,2,68.04,0.28,-3.61,6.92,17.44
285.37,0,,67.97,17.42,0,2,67.75,0.20,-3.58,6.87,17.33
285.49,0,,67.89,17.35,0,2,67.69,0.04,-3.57,6.72,17.16
285.58,0,,67.78,17.25,0,2,67.78,0.01,-3.57,6.69,17.13
285.67,0,,67.74,17.17,0,2,67.80,0.16,-3.48,6.93,17.19
285.85,0,,67.73,17.16,0,1,67.57,0.20,-3.46,6.99,17.21
285.88,0,,67.67,17.16,1,0,67.58,0.01,-3.46,6.80,17.02
285.97,0,,67.66,17.09,2,-1,67.94,-0.15,-3.45,6.65,16.85
286.09,0,,67.76,16.98,2,-1,68.00,-0.23,-3.61,6.41,16.93
286.18,0,,67.84,16.92,2,-1,67.48,-0.20,-3.65,6.40,17.00
286.27,0,,67.78,16.94,2,-1,67.82,-0.07,-3.50,6.68,16.98
286.39,0,,67.68,16.98,1,0,67.34,-0.04,-3.57,6.64,17.08
286.51,0,,67.64,17.05,2,-1,68.10,-0.03,-3.63,6.59,17.15
286.57,0,,67.71,17.09,1,0,67.63,-0.05,-3.52,6.68,17.02
286.69,0,,67.81,17.09,1,0,68.11,-0.13,-3.60,6.52,17.02
286.84,0,,67.90,17.07,0,1,67.88,-0.03,-3.69,6.53,17.21
286.87,0,,67.98,17.12,0,1,68.13,0.06,-3.62,6.69,17.23
286.99,0,,68.02,17.18,0,1,67.89,-0.01,-3.59,6.65,17.13
287.08,0,,67.96,17.17,0,1,67.67,-0.10,-3.57,6.58,17.02
287.17,0,,67.88,17.11,0,2,68.09,-0.02,-3.54,6.69,17.07
287.32,0,,67.83,17.10,0,1,67.43,0.18,-3.56,6.87,17.29
287.38,0,,67.70,17.15,0,1,67.48,0.07,-3.53,6.79,17.15
287.47,0,,67.57,17.17,1,0,67.71,-0.04,-3.52,6.69,17.03
287.59,0,,67.55,17.14,4,-2,67.44,0.11,-3.55,6.81,17.21
287.71,0,,67.57,17.15,4,-2,67.79,0.18,-3.49,6.94,17.22
287.77,0,,67.69,17.18,4,-2,68.12,0.12,-3.49,6.88,17.16
287.89,0,,67.82,17.19,4,-2,67.49,0.01,-3.58,6.68,17.14
287.98,0,,67.81,17.17,2,-1,67.82,0.07,-3.57,6.75,17.19
288.07,0,,67.73,17.18,2,-1,67.50,0.16,-3.49,6.92,17.20
288.19,0,,67.61,17.19,1,0,67.34,0.10,-3.53,6.82,17.18
288.34,0,,67.53,17.20,1,0,67.89,0.05,-3.60,6.70,17.20
288.37,0,,67.60,17.20,1,0,67.72,0.10,-3.53,6.82,17.18
288.49,0,,67.67,17.21,1,0,67.45,0.25,-3.52,6.98,17.32
288.58,0,,67.70,17.27,1,0,68.11,0.26,-3.60,6.91,17.41
288.67,0,,67.78,17.31,2,-1,67.67,0.03,-3.56,6.72,17.14
288.82,0,,67.76,17.28,1,0,67.38,0.10,-3.58,6.77,17.23
288.89,0,,67.66,17.26,1,0,67.84,0.29,-3.59,6.95,17.43
288.97,0,,67.63,17.28,1,0,67.55,0.10,-3.44,6.91,17.09
289.09,0,,67.68,17.24,1,0,67.99,0.07,-3.53,6.79,17.15
289.18,0,,67.73,17.21,1,0,67.47,0.23,-3.64,6.84,17.42
289.27,0,,67.73,17.27,1,0,67.86,0.23,-3.53,6.95,17.31
289.39,0,,67.77,17.33,1,0,68.01,0.20,-3.59,6.86,17.34
289.49,0,,67.84,17.36,2,-1,67.64,0.15,-3.70,6.70,17.40
289.57,0,,67.79,17.36,1,0,67.56,0.12,-3.53,6.84,17.20
289.69,0,,67.72,17.31,1,0,67.98,0.21,-3.50,6.96,17.26
289.85,0,,67.77,17.28,1,0,67.87,0.20,-3.63,6.82,17.38
289.87,0,,67.83,17.29,0,1,67.70,0.07,-3.60,6.72,17.22
289.99,0,,67.87,17.29,1,0,68.23,0.15,-3.60,6.80,17.30
290.08,0,,67.99,17.31,1,0,68.18,0.30,-3.62,6.93,17.47
290.17,0,,68.10,17.37,0,1,67.96,0.25,-3.58,6.92,17.38
290.32,0,,68.02,17.40,0,1,67.45,0.16,-3.61,6.80,17.32
290.38,0,,67.82,17.39,0,1,67.90,0.21,-3.63,6.83,17.39
290.47,0,,67.72,17.38,0,1,67.64,0.29,-3.58,6.96,17.42
290.59,0,,67.71,17.39,0,1,67.87,0.19,-3.60,6.84,17.34
290.68,0,,67.72,17.38,0,1,67.53,0.14,-3.63,6.76,17.32
290.77,0,,67.73,17.37,2,-1,68.01,0.27,-3.60,6.92,17.42
290.89,0,,67.85,17.40,2,-1,68.30,0.39,-3.63,7.01,17.57
290.98,0,,67.96,17.48,2,-1,67.35,0.34,-3.67,6.92,17.56
291.07,0,,67.81,17.52,2,-1,67.46,0.15,-3.64,6.76,17.34
291.19,0,,67.64,17.48,2,-1,67.98,0.23,-3.67,6.81,17.45
291.34,0,,67.63,17.46,2,-1,67.46,0.40,-3.66,6.99,17.61
291.37,0,,67.66,17.49,2,-1,67.84,0.24,-3.59,6.90,17.38
291.49,0,,67.75,17.47,1,0,68.15,0.17,-3.65,6.77,17.37
291.61,0,,67.94,17.44,1,0,68.08,0.34,-3.65,6.94,17.54
291.67,0,,68.04,17.47,1,0,67.82,0.42,-3.59,7.08,17.56
291.83,0,,68.02,17.54,0,1,68.11,0.38,-3.71,6.92,17.64
291.88,0,,68.02,17.60,0,1,68.07,0.33,-3.76,6.82,17.64
291.97,0,,68.04,17.63,0,2,68.00,0.39,-3.62,7.02,17.56
292.12,0,,68.03,17.63,0,2,67.98,0.49,-3.63,7.11,17.67
292.18,0,,67.95,17.64,0,2,67.60,0.42,-3.70,6.97,17.67
292.27,0,,67.80,17.64,0,1,67.67,0.30,-3.65,6.90,17.50
292.39,0,,67.78,17.61,0,1,68.45,0.45,-3.64,7.06,17.64
292.48,0,,67.92,17.63,0,1,67.61,0.62,-3.62,7.25,17.79
292.57,0,,67.97,17.67,1,0,68.10,0.45,-3.59,7.11,17.59
292.69,0,,68.02,17.68,1,0,68.32,0.43,-3.68,7.00,17.66
292.85,0,,68.08,17.69,1,0,67.73,0.57,-3.72,7.10,17.84
292.88,0,,68.05,17.74,0,1,68.15,0.57,-3.63,7.19,17.75
292.99,0,,67.99,17.77,0,1,67.79,0.53,-3.67,7.11,17.75
293.11,0,,67.92,17.77,0,1,67.84,0.48,-3.74,6.99,17.77
293.17,0,,67.90,17.77,0,1,68.17,0.55,-3.65,7.15,17.75
293.32,0,,67.95,17.78,0,1,67.84,0.68,-3.64,7.29,17.87
293.38,0,,67.94,17.81,0,1,67.72,0.58,-3.66,7.17,17.79
293.47,0,,67.90,17.81,0,1,68.20,0.56,-3.62,7.19,17.73
293.59,0,,67.97,17.81,0,1,68.10,0.74,-3.66,7.33,17.95
293.72,0,,68.08,17.86,0,1,68.14,0.76,-3.69,7.32,18.00
293.77,0,,68.14,17.93,0,1,68.19,0.67,-3.64,7.28,17.86
293.89,0,,68.15,17.93,0,1,67.98,0.64,-3.66,7.23,17.85
293.98,0,,68.08,17.90,0,1,67.89,0.72,-3.63,7.34,17.90
294.07,0,,68.03,17.90,0,1,68.36,0.85,-3.60,7.50,18.00
294.19,0,,68.12,17.94,0,1,68.28,0.77,-3.65,7.37,17.97
294.34,0,,68.17,17.97,0,1,67.72,0.72,-3.64,7.33,17.91
294.37,0,,68.03,17.97,1,0,67.84,0.83,-3.62,7.46,18.00
294.50,0,,67.89,17.97,1,0,67.87,0.84,-3.60,7.49,17.99
294.58,0,,67.86,17.98,1,0,68.04,0.80,-3.58,7.47,17.93
294.67,0,,67.88,17.97,1,0,67.72,0.78,-3.63,7.40,17.96
294.83,0,,67.87,17.97,2,-1,67.92,0.86,-3.65,7.46,18.06
294.88,0,,67.90,18.02,2,-1,68.18,0.93,-3.61,7.57,18.09
294.97,0,,67.99,18.06,2,-1,67.91,0.87,-3.62,7.50,18.04
295.09,0,,68.05,18.08,2,-1,68.22,0.84,-3.70,7.39,18.09
295.18,0,,68.09,18.09,1,0,68.05,0.93,-3.66,7.52,18.14
295.27,0,,68.10,18.11,1,0,68.02,1.01,-3.58,7.68,18.14
295.39,0,,68.07,18.14,1,0,68.08,0.96,-3.63,7.58,18.14
295.52,0,,68.00,18.15,1,0,67.62,0.92,-3.67,7.50,18.14
295.57,0,,67.84,18.16,0,1,67.62,1.01,-3.62,7.64,18.18
295.69,0,,67.70,18.16,1,0,67.79,1.02,-3.58,7.69,18.15
295.85,0,,67.70,18.16,2,-1,67.91,0.95,-3.61,7.59,18.11
295.87,0,,67.78,18.15,2,-1,67.78,0.95,-3.66,7.54,18.16
295.99,0,,67.82,18.15,2,-1,67.75,1.02,-3.63,7.64,18.20
296.11,0,,67.80,18.18,2,-1,67.76,1.07,-3.57,7.75,18.19
296.17,0,,67.87,18.19,2,-1,68.49,1.04,-3.61,7.68,18.20
296.32,0,,68.07,18.20,2,-1,68.12,0.98,-3.64,7.59,18.17
296.41,0,,68.22,18.20,2,-1,68.24,1.07,-3.59,7.73,18.21
296.47,0,,68.22,18.21,0,1,67.99,1.14,-3.58,7.81,18.27
296.59,0,,68.13,18.23,0,2,67.96,1.03,-3.58,7.70,18.16
296.68,0,,68.05,18.20,0,2,68.22,0.95,-3.58,7.62,18.08
296.83,0,,68.09,18.17,0,2,68.25,1.08,-3.62,7.71,18.25
296.90,0,,68.17,18.20,0,2,68.14,1.16,-3.64,7.77,18.35
296.98,0,,68.18,18.26,0,1,68.10,1.07,-3.66,7.66,18.28
297.07,0,,68.18,18.30,0,1,68.37,1.05,-3.66,7.64,18.26
297.19,0,,68.15,18.29,0,1,67.66,1.10,-3.62,7.73,18.27
297.34,0,,68.06,18.28,0,1,68.29,1.10,-3.60,7.75,18.25
297.37,0,,68.06,18.26,0,1,68.24,1.08,-3.63,7.70,18.26
297.49,0,,68.10,18.25,1,0,67.78,1.03,-3.62,7.66,18.20
297.58,0,,68.03,18.24,1,0,68.00,1.11,-3.61,7.75,18.27
297.67,0,,67.97,18.26,2,-1,68.00,1.20,-3.64,7.81,18.39
297.82,0,,67.92,18.31,2,-1,67.67,1.09,-3.66,7.68,18.30
297.91,0,,67.91,18.34,2,-1,68.37,1.07,-3.69,7.63,18.31
297.97,0,,68.04,18.34,2,-1,68.24,1.17,-3.66,7.76,18.38
298.09,0,,68.19,18.35,1,0,68.17,1.17,-3.60,7.82,18.32
298.18,0,,68.25,18.34,1,0,68.29,1.09,-3.63,7.71,18.27
298.27,0,,68.22,18.31,0,1,67.94,1.08,-3.67,7.66,18.30
298.39,0,,68.17,18.30,0,1,68.39,1.13,-3.64,7.74,18.32
298.48,0,,68.20,18.29,0,1,68.29,1.07,-3.57,7.75,18.19
298.57,0,,68.25,18.25,0,2,68.17,1.01,-3.62,7.64,18.18
298.69,0,,68.29,18.23,0,2,68.53,1.08,-3.69,7.64,18.32
298.84,0,,68.33,18.26,0,1,68.17,1.13,-3.68,7.70,18.36
298.88,0,,68.34,18.31,0,1,68.42,1.09,-3.68,7.66,18.32
298.99,0,,68.34,18.33,0,1,68.30,1.04,-3.68,7.61,18.27
299.08,0,,68.34,18.30,0,1,68.36,1.01,-3.64,7.62,18.20
299.17,0,,68.27,18.27,0,1,67.80,1.10,-3.65,7.70,18.30
299.32,0,,68.11,18.27,1,0,68.05,1.16,-3.64,7.77,18.35
299.38,0,,68.02,18.29,2,-1,68.19,1.03,-3.65,7.63,18.23
299.47,0,,68.06,18.28,2,-1,68.11,0.97,-3.69,7.53,18.21
299.59,0,,68.10,18.26,4,-2,68.03,1.10,-3.70,7.65,18.35
299.68,0,,68.08,18.28,4,-2,67.99,1.12,-3.63,7.74,18.30
299.77,0,,67.99,18.29,4,-2,67.65,1.01,-3.60,7.66,18.16
299.89,0,,67.84,18.25,4,-2,67.75,0.98,-3.65,7.58,18.18
299.98,0,,67.81,18.21,4,-2,68.22,1.07,-3.64,7.68,18.26
300.07,0,,67.91,18.22,4,-2,67.91,1.10,-3.58,7.77,18.23
300.19,0,,68.04,18.22,2,-1,68.37,0.98,-3.59,7.64,18.12
300.34,0,,68.08,18.19,1,0,67.55,0.97,-3.67,7.55,18.19
300.37,0,,68.06,18.19,1,0,68.62,1.06,-3.68,7.63,18.29
300.49,0,,68.15,18.23,1,0,68.19,1.09,-3.62,7.72,18.26
300.58,0,,68.19,18.25,0,1,67.69,0.99,-3.64,7.60,18.18
300.67,0,,68.07,18.23,0,2,68.22,0.89,-3.67,7.47,18.11
300.82,0,,68.00,18.18,0,1,67.86,0.98,-3.66,7.57,18.19
300.88,0,,67.98,18.18,0,1,68.02,1.06,-3.66,7.65,18.27
300.97,0,,67.97,18.21,1,0,67.97,0.97,-3.69,7.53,18.21
301.09,0,,68.00,18.22,2,-1,68.17,0.87,-3.70,7.42,18.12
301.18,0,,68.15,18.18,2,-1,68.79,0.91,-3.68,7.48,18.14
301.27,0,,68.32,18.16,2,-1,67.81,1.01,-3.68,7.58,18.24
301.39,0,,68.25,18.17,2,-1,68.01,0.91,-3.68,7.48,18.14
301.48,0,,68.12,18.16,0,1,68.34,0.81,-3.66,7.40,18.02
301.57,0,,68.13,18.12,0,1,68.15,0.93,-3.68,7.50,18.16
301.69,0,,68.16,18.12,0,1,68.07,1.02,-3.67,7.60,18.24
301.84,0,,68.10,18.16,0,1,67.86,0.93,-3.65,7.53,18.13
301.87,0,,68.05,18.17,0,1,68.35,0.87,-3.71,7.41,18.13
301.99,0,,68.08,18.17,1,0,68.02,0.94,-3.71,7.48,18.20
302.08,0,,68.17,18.17,1,0,68.56,0.97,-3.64,7.58,18.16
302.17,0,,68.26,18.17,1,0,67.98,0.87,-3.67,7.45,18.09
302.32,0,,68.27,18.13,0,1,68.44,0.81,-3.71,7.35,18.07
302.38,0,,68.29,18.09,0,1,68.37,0.85,-3.66,7.44,18.06
302.47,0,,68.30,18.08,0,1,68.02,0.92,-3.62,7.55,18.09
302.59,0,,68.22,18.07,0,1,68.13,0.85,-3.66,7.44,18.06
302.68,0,,68.11,18.07,0,1,67.92,0.72,-3.73,7.24,18.00
302.77,0,,68.09,18.04,0,1,68.58,0.78,-3.71,7.32,18.04
302.89,0,,68.23,18.05,0,1,68.36,0.89,-3.68,7.46,18.12
302.98,0,,68.35,18.08,0,1,68.23,0.82,-3.74,7.33,18.11
303.07,0,,68.32,18.09,0,1,68.11,0.69,-3.76,7.18,18.00
303.19,0,,68.21,18.06,0,1,68.01,0.70,-3.71,7.24,17.96
303.34,0,,68.09,18.01,1,0,68.04,0.80,-3.67,7.38,18.02
303.37,0,,68.10,18.00,1,0,68.60,0.77,-3.71,7.31,18.03
303.52,0,,68.22,18.00,1,0,68.01,0.65,-3.74,7.16,17.94
303.58,0,,68.19,17.98,1,0,67.80,0.69,-3.69,7.25,17.93
303.67,0,,68.05,17.96,1,0,68.12,0.78,-3.65,7.38,17.98
303.82,0,,67.99,17.95,2,-1,68.03,0.70,-3.69,7.26,17.94
303.88,0,,68.05,17.95,2,-1,68.36,0.63,-3.74,7.14,17.92
303.97,0,,68.11,17.94,1,0,67.79,0.68,-3.71,7.22,17.94
304.09,0,,68.03,17.93,1,0,67.75,0.70,-3.68,7.27,17.93
304.18,0,,67.90,17.93,1,0,68.03,0.67,-3.71,7.21,17.93
304.27,0,,67.93,17.93,2,-1,68.30,0.64,-3.71,7.18,17.90
304.39,0,,68.02,17.92,2,-1,67.70,0.65,-3.69,7.21,17.89
304.49,0,,68.05,17.91,1,0,68.38,0.72,-3.66,7.31,17.93
304.57,0,,68.13,17.92,1,0,68.28,0.68,-3.70,7.23,17.93
304.69,0,,68.23,17.92,1,0,68.20,0.55,-3.75,7.05,17.85
304.85,0,,68.18,17.89,0,1,67.63,0.57,-3.73,7.09,17.85
304.87,0,,67.97,17.87,0,1,67.74,0.65,-3.70,7.20,17.90
304.99,0,,67.78,17.87,2,-1,67.78,0.59,-3.70,7.14,17.84
305.11,0,,67.83,17.85,2,-1,68.55,0.49,-3.74,7.00,17.78
305.17,0,,68.06,17.83,2,-1,68.13,0.52,-3.75,7.02,17.82
305.32,0,,68.17,17.82,2,-1,67.79,0.61,-3.74,7.12,17.90
305.41,0,,68.10,17.85,2,-1,68.19,0.57,-3.74,7.08,17.86
305.47,0,,68.05,17.86,2,-1,68.00,0.48,-3.75,6.98,17.78
305.59,0,,68.01,17.83,2,-1,67.79,0.47,-3.75,6.97,17.77
305.68,0,,67.95,17.80,2,-1,68.08,0.54,-3.73,7.06,17.82
305.77,0,,67.95,17.81,1,0,68.00,0.62,-3.74,7.13,17.91
305.92,0,,67.99,17.85,1,0,68.00,0.53,-3.75,7.03,17.83
305.98,0,,68.03,17.86,1,0,68.22,0.48,-3.74,6.99,17.77
306.07,0,,68.10,17.85,1,0,68.09,0.65,-3.73,7.17,17.93
306.19,0,,68.13,17.87,1,0,68.12,0.68,-3.71,7.22,17.94
306.34,0,,68.10,17.91,1,0,67.91,0.61,-3.69,7.17,17.85
306.40,0,,68.01,17.90,1,0,67.86,0.63,-3.70,7.18,17.88
306.49,0,,67.99,17.90,1,0,68.39,0.73,-3.67,7.31,17.95
306.58,0,,68.04,17.93,1,0,67.80,0.84,-3.63,7.46,18.02
306.67,0,,68.06,17.97,1,0,68.19,0.75,-3.65,7.35,17.95
306.82,0,,68.06,17.98,1,0,67.99,0.72,-3.64,7.33,17.91
306.88,0,,68.10,17.96,1,0,68.38,0.87,-3.59,7.53,18.01
306.98,0,,68.15,17.98,1,0,67.91,0.91,-3.54,7.62,18.00
307.09,0,,68.11,17.98,1,0,67.99,0.81,-3.54,7.52,17.90
307.18,0,,68.02,17.95,1,0,67.99,0.74,-3.59,7.40,17.88
307.27,0,,67.96,17.92,1,0,67.80,0.81,-3.60,7.46,17.96
307.39,0,,67.88,17.94,1,0,67.79,0.88,-3.62,7.51,18.05
307.48,0,,67.83,17.99,1,0,67.91,0.79,-3.64,7.40,17.98
307.57,0,,67.85,17.99,2,-1,67.93,0.70,-3.61,7.34,17.86
307.69,0,,67.84,17.95,4,-2,67.54,0.79,-3.60,7.44,17.94
307.84,0,,67.74,17.94,4,-2,67.57,0.89,-3.58,7.56,18.02
307.87,0,,67.67,17.96,4,-2,67.93,0.86,-3.53,7.58,17.94
307.99,0,,67.73,17.96,4,-2,67.84,0.81,-3.52,7.54,17.88
308.09,0,,67.87,17.94,2,-1,68.28,0.84,-3.56,7.53,17.95
308.17,0,,68.01,17.94,2,-1,67.81,0.94,-3.56,7.63,18.05
308.32,0,,68.04,17.98,2,-1,68.08,0.91,-3.54,7.62,18.00
308.38,0,,68.02,18.00,0,1,67.97,0.75,-3.60,7.40,17.90
308.47,0,,68.03,17.98,0,1,68.21,0.77,-3.64,7.38,17.96
308.59,0,,68.05,17.95,0,2,67.83,0.80,-3.58,7.47,17.93
308.68,0,,68.03,17.93,0,2,68.16,0.70,-3.61,7.34,17.86
308.78,0,,68.02,17.90,0,2,67.90,0.65,-3.65,7.25,17.85
308.89,0,,67.99,17.86,0,1,67.90,0.64,-3.63,7.26,17.82
308.99,0,,67.94,17.84,1,0,67.95,0.62,-3.65,7.22,17.82
309.07,0,,67.93,17.82,1,0,68.00,0.63,-3.63,7.25,17.81
309.19,0,,67.95,17.80,1,0,67.91,0.55,-3.62,7.18,17.72
309.34,0,,67.95,17.77,1,0,67.96,0.45,-3.69,7.01,17.69
309.38,0,,67.99,17.74,2,-1,68.24,0.53,-3.72,7.06,17.80
309.49,0,,68.05,17.76,1,0,67.91,0.61,-3.70,7.16,17.86
309.58,0,,68.06,17.80,1,0,68.12,0.48,-3.74,6.99,17.77
309.67,0,,68.10,17.80,0,1,68.34,0.37,-3.76,6.86,17.68
309.83,0,,68.17,17.76,0,1,68.04,0.46,-3.70,7.01,17.71
309.88,0,,68.16,17.73,0,1,68.08,0.54,-3.69,7.10,17.78
309.98,0,,68.10,17.74,0,1,67.99,0.48,-3.71,7.02,17.74
310.10,0,,68.05,17.74,1,0,68.10,0.39,-3.72,6.92,17.66
310.18,0,,68.04,17.71,0,1,68.05,0.46,-3.70,7.01,17.71
310.27,0,,68.01,17.72,0,1,67.73,0.61,-3.69,7.17,17.85
310.42,0,,67.87,17.77,1,0,67.57,0.53,-3.70,7.08,17.78
310.48,0,,67.75,17.78,1,0,68.00,0.37,-3.71,6.91,17.63
310.57,0,,67.78,17.73,4,-2,67.87,0.45,-3.70,7.00,17.70
310.69,0,,67.89,17.71,4,-2,68.20,0.59,-3.65,7.19,17.79
310.84,0,,68.02,17.74,2,-1,68.06,0.53,-3.68,7.10,17.76
310.87,0,,68.10,17.77,2,-1,68.06,0.46,-3.75,6.96,17.76
311.00,0,,68.05,17.78,1,0,67.72,0.50,-3.75,7.00,17.80
311.08,0,,67.90,17.79,1,0,67.62,0.51,-3.71,7.05,17.77
311.17,0,,67.77,17.79,1,0,67.96,0.55,-3.73,7.07,17.83
311.32,0,,67.77,17.81,1,0,67.81,0.52,-3.77,7.00,17.84
311.38,0,,67.81,17.81,1,0,67.82,0.43,-3.72,6.96,17.70
311.47,0,,67.79,17.77,1,0,67.53,0.48,-3.67,7.06,17.70
311.62,0,,67.71,17.74,2,-1,67.69,0.53,-3.70,7.08,17.78
311.68,0,,67.76,17.74,2,-1,68.49,0.47,-3.73,6.99,17.75
311.77,0,,67.99,17.75,2,-1,68.06,0.49,-3.75,6.99,17.79
311.89,0,,68.13,17.79,2,-1,67.90,0.60,-3.77,7.08,17.92
311.98,0,,68.04,17.86,2,-1,67.69,0.67,-3.72,7.20,17.94
312.07,0,,67.90,17.90,2,-1,67.96,0.58,-3.69,7.14,17.82
312.20,0,,67.91,17.89,2,-1,68.36,0.53,-3.75,7.03,17.83
312.34,0,,68.04,17.86,2,-1,67.96,0.62,-3.73,7.14,17.90
312.37,0,,68.10,17.87,0,2,68.02,0.67,-3.68,7.24,17.90
312.49,0,,68.05,17.88,0,1,67.93,0.59,-3.71,7.13,17.85
312.64,0,,67.98,17.87,0,1,67.86,0.54,-3.73,7.06,17.82
312.67,0,,67.94,17.85,1,0,68.14,0.62,-3.68,7.19,17.85
312.82,0,,67.95,17.86,1,0,67.75,0.74,-3.65,7.34,17.94
312.88,0,,67.93,17.89,1,0,68.02,0.69,-3.70,7.24,17.94
312.97,0,,67.88,17.92,1,0,67.60,0.59,-3.71,7.13,17.85
313.12,0,,67.87,17.92,2,-1,68.37,0.66,-3.70,7.21,17.91
313.18,0,,67.97,17.93,2,-1,67.88,0.79,-3.72,7.32,18.06
313.27,0,,68.05,17.97,2,-1,68.22,0.68,-3.70,7.23,17.93
313.39,0,,68.08,17.96,1,0,67.91,0.52,-3.70,7.07,17.77
313.48,0,,68.04,17.89,1,0,67.96,0.58,-3.70,7.13,17.83
313.57,0,,67.99,17.84,1,0,68.01,0.63,-3.70,7.18,17.88
313.73,0,,67.98,17.83,1,0,68.00,0.58,-3.70,7.13,17.83
313.84,0,,67.99,17.83,1,0,67.98,0.52,-3.71,7.06,17.78
313.87,0,,68.01,17.83,0,1,68.15,0.55,-3.79,7.01,17.89
314.00,0,,68.05,17.87,0,1,67.99,0.69,-3.78,7.16,18.02
314.08,0,,68.02,17.93,0,1,67.82,0.65,-3.70,7.20,17.90
314.20,0,,67.98,17.94,1,0,68.16,0.53,-3.75,7.03,17.83
314.32,0,,67.95,17.89,1,0,67.67,0.51,-3.78,6.98,17.84
314.38,0,,67.91,17.85,1,0,68.05,0.52,-3.71,7.06,17.78
314.51,0,,67.87,17.82,1,0,67.70,0.59,-3.72,7.12,17.86
314.59,0,,67.91,17.83,1,0,68.39,0.52,-3.79,6.98,17.86
314.68,0,,68.00,17.83,1,0,67.76,0.38,-3.81,6.82,17.74
314.83,0,,68.00,17.80,1,0,67.91,0.37,-3.74,6.88,17.66
314.89,0,,67.94,17.73,1,0,67.98,0.43,-3.70,6.98,17.68
314.99,0,,67.94,17.70,1,0,68.02,0.44,-3.76,6.93,17.75
315.10,0,,68.02,17.70,1,0,68.34,0.35,-3.78,6.82,17.68
315.19,0,,68.12,17.70,1,0,68.02,0.35,-3.74,6.86,17.64
315.34,0,,68.10,17.68,1,0,67.72,0.41,-3.76,6.90,17.72
315.40,0,,67.96,17.68,1,0,67.91,0.32,-3.76,6.81,17.63
315.49,0,,67.85,17.65,1,0,67.75,0.21,-3.78,6.68,17.54
315.58,0,,67.83,17.60,1,0,68.10,0.22,-3.83,6.64,17.60
315.70,0,,67.93,17.59,1,0,68.14,0.30,-3.84,6.71,17.69
315.82,0,,68.02,17.63,1,0,67.90,0.29,-3.83,6.71,17.67
315.88,0,,68.03,17.65,1,0,68.04,0.16,-3.86,6.55,17.57
316.00,0,,67.99,17.62,1,0,67.79,0.10,-3.89,6.46,17.54
316.10,0,,67.95,17.58,1,0,68.14,0.11,-3.85,6.51,17.51
316.18,0,,67.97,17.54,1,0,67.98,0.16,-3.85,6.56,17.56
316.33,0,,68.03,17.53,1,0,68.15,0.10,-3.89,6.46,17.54
316.39,0,,68.08,17.53,1,0,68.11,0.01,-3.89,6.37,17.45
316.48,0,,68.09,17.51,1,0,67.87,0.10,-3.88,6.47,17.53
316.60,0,,68.03,17.52,1,0,68.03,0.17,-3.86,6.56,17.58
316.69,0,,67.96,17.54,1,0,67.79,0.11,-3.87,6.49,17.53
316.84,0,,67.87,17.54,1,0,67.68,-0.00,-3.90,6.35,17.45
316.90,0,,67.82,17.50,1,0,68.12,-0.02,-3.87,6.36,17.40
317.00,0,,67.90,17.46,1,0,68.07,0.09,-3.86,6.48,17.50
317.08,0,,67.99,17.45,1,0,67.84,0.04,-3.89,6.40,17.48
317.20,0,,67.98,17.46,1,0,67.95,-0.04,-3.91,6.30,17.42
317.32,0,,67.92,17.47,1,0,67.73,0.07,-3.92,6.40,17.54
317.38,0,,67.85,17.50,2,-1,67.87,0.15,-3.90,6.50,17.60
317.50,0,,67.80,17.55,1,0,67.73,0.11,-3.87,6.49,17.53
317.62,0,,67.79,17.57,1,0,67.84,0.07,-3.94,6.38,17.56
317.68,0,,67.77,17.57,1,0,67.69,0.07,-3.92,6.40,17.54
317.83,0,,67.77,17.55,1,0,67.90,0.14,-3.81,6.58,17.50
317.89,0,,67.81,17.54,1,0,67.85,0.21,-3.81,6.65,17.57
317.98,0,,67.85,17.55,2,-1,67.86,0.19,-3.87,6.57,17.61
318.10,0,,67.83,17.58,2,-1,67.57,0.16,-3.85,6.56,17.56
318.20,0,,67.78,17.59,2,-1,68.01,0.21,-3.86,6.60,17.62
318.34,0,,67.82,17.61,1,0,67.91,0.28,-3.86,6.67,17.69
318.40,0,,67.90,17.65,1,0,68.00,0.24,-3.85,6.64,17.64
318.49,0,,67.90,17.65,1,0,67.55,0.12,-3.86,6.51,17.53
318.58,0,,67.88,17.62,2,-1,68.34,0.22,-3.84,6.63,17.61
318.70,0,,67.95,17.60,2,-1,67.87,0.32,-3.80,6.77,17.67
318.82,0,,67.98,17.62,1,0,67.83,0.21,-3.82,6.64,17.58
318.88,0,,67.90,17.61,0,1,67.70,0.13,-3.87,6.51,17.55
319.00,0,,67.85,17.58,0,1,68.15,0.15,-3.87,6.53,17.57
319.09,0,,67.95,17.58,1,0,68.24,0.22,-3.85,6.62,17.62
319.18,0,,68.13,17.60,1,0,68.36,0.28,-3.86,6.67,17.69
319.33,0,,68.16,17.64,0,1,67.37,0.17,-3.88,6.54,17.60
319.39,0,,67.93,17.64,0,1,67.75,0.10,-3.88,6.47,17.53
319.48,0,,67.81,17.62,1,0,68.38,0.29,-3.90,6.64,17.74
319.60,0,,67.97,17.66,1,0,68.19,0.31,-3.93,6.63,17.79
319.70,0,,68.13,17.71,1,0,67.98,0.13,-3.91,6.47,17.59
319.85,0,,68.14,17.70,0,1,68.16,0.15,-3.93,6.47,17.63
319.90,0,,68.15,17.67,0,1,68.29,0.26,-3.96,6.55,17.77
320.02,0,,68.14,17.70,0,1,67.77,0.28,-3.89,6.64,17.72
320.11,0,,68.03,17.72,0,1,67.89,0.23,-3.89,6.59,17.67
320.20,0,,67.89,17.70,0,1,67.79,0.12,-3.96,6.41,17.63
320.35,0,,67.83,17.67,0,1,67.94,0.18,-3.90,6.53,17.63
320.38,0,,67.87,17.66,2,-1,68.06,0.31,-3.89,6.67,17.75
320.50,0,,67.96,17.69,1,0,68.04,0.26,-3.94,6.57,17.75
320.65,0,,68.03,17.72,1,0,68.02,0.19,-3.91,6.53,17.65
320.68,0,,68.03,17.72,1,0,67.94,0.29,-3.90,6.64,17.74
320.83,0,,68.02,17.73,2,-1,68.10,0.32,-3.90,6.67,17.77
320.90,0,,68.01,17.74,1,0,67.89,0.25,-3.87,6.63,17.67
320.98,0,,67.96,17.73,1,0,67.77,0.26,-3.91,6.60,17.72
321.10,0,,67.91,17.71,1,0,68.12,0.22,-3.94,6.53,17.71
321.19,0,,67.96,17.70,1,0,68.12,0.23,-3.89,6.59,17.67
321.34,0,,68.06,17.71,1,0,68.12,0.33,-3.90,6.68,17.78
321.40,0,,68.05,17.72,1,0,67.63,0.25,-3.92,6.58,17.72
321.49,0,,67.95,17.72,1,0,68.08,0.13,-3.93,6.45,17.61
321.58,0,,67.98,17.70,1,0,68.48,0.25,-3.97,6.53,17.77
321.70,0,,68.18,17.72,1,0,68.30,0.33,-3.94,6.64,17.82
321.82,0,,68.28,17.76,0,1,68.03,0.20,-3.95,6.50,17.70
321.88,0,,68.24,17.75,0,2,68.23,0.10,-3.98,6.37,17.63
322.00,0,,68.21,17.70,1,0,68.29,0.16,-3.95,6.46,17.66
322.10,0,,68.15,17.67,1,0,67.67,0.23,-3.92,6.56,17.70
322.18,0,,67.97,17.68,1,0,67.70,0.19,-3.96,6.48,17.70
322.33,0,,67.79,17.68,1,0,67.80,0.10,-3.98,6.37,17.63
322.39,0,,67.76,17.67,1,0,68.01,0.12,-3.93,6.44,17.60
322.51,0,,67.81,17.64,4,-2,67.71,0.24,-3.89,6.60,17.68
322.60,0,,67.84,17.65,4,-2,67.93,0.22,-3.89,6.58,17.66
322.72,0,,67.91,17.65,4,-2,68.26,0.10,-3.96,6.39,17.61
322.84,0,,68.05,17.65,4,-2,68.14,0.15,-3.97,6.43,17.67
322.90,0,,68.17,17.65,2,-1,68.25,0.20,-3.92,6.53,17.67
322.99,0,,68.21,17.67,1,0,68.12,0.19,-3.96,6.48,17.70
323.08,0,,68.17,17.69,0,1,67.97,0.16,-3.98,6.43,17.69
323.20,0,,68.06,17.68,0,2,67.87,0.06,-3.97,6.34,17.58
323.33,0,,67.99,17.64,0,2,68.20,0.09,-3.95,6.39,17.59
323.38,0,,67.98,17.63,0,1,67.81,0.26,-3.91,6.60,17.72
323.50,0,,68.02,17.66,0,1,68.36,0.24,-3.96,6.53,17.75
323.62,0,,68.11,17.71,1,0,68.21,0.13,-4.02,6.36,17.70
323.68,0,,68.16,17.73,1,0,67.85,0.22,-3.97,6.50,17.74
323.83,0,,68.12,17.75,1,0,68.27,0.33,-3.94,6.64,17.82
323.89,0,,68.07,17.79,0,1,67.84,0.33,-3.98,6.60,17.86
323.98,0,,68.00,17.82,0,1,67.90,0.22,-3.97,6.50,17.74
324.10,0,,67.99,17.80,1,0,68.41,0.21,-3.93,6.53,17.69
324.20,0,,68.10,17.77,1,0,68.16,0.37,-3.92,6.70,17.84
324.34,0,,68.19,17.79,1,0,68.09,0.39,-3.94,6.70,17.88
324.40,0,,68.18,17.82,0,1,68.22,0.27,-3.95,6.57,17.77
324.50,0,,68.14,17.83,1,0,67.92,0.31,-3.93,6.63,17.79
324.61,0,,68.05,17.82,1,0,67.92,0.40,-3.90,6.75,17.85
324.70,0,,67.97,17.82,1,0,68.02,0.38,-3.88,6.75,17.81
324.83,0,,67.94,17.83,1,0,67.86,0.35,-3.91,6.69,17.81
324.88,0,,67.98,17.83,1,0,68.37,0.33,-3.97,6.61,17.85
325.00,0,,68.09,17.84,1,0,68.11,0.37,-3.95,6.67,17.87
325.10,0,,68.14,17.87,1,0,67.93,0.47,-3.93,6.79,17.95
325.18,0,,68.09,17.89,1,0,68.10,0.33,-3.94,6.64,17.82
325.33,0,,68.00,17.86,1,0,67.64,0.18,-3.94,6.49,17.67
325.42,0,,67.92,17.80,1,0,68.25,0.30,-3.96,6.59,17.81
325.51,0,,67.95,17.78,1,0,67.90,0.40,-3.96,6.69,17.91
325.60,0,,67.99,17.82,1,0,68.01,0.31,-3.94,6.62,17.80
325.70,0,,67.95,17.83,1,0,67.64,0.19,-3.98,6.46,17.72
325.84,0,,67.84,17.79,1,0,67.76,0.21,-4.03,6.43,17.79
325.90,0,,67.78,17.78,2,-1,67.97,0.28,-4.01,6.52,17.84
325.99,0,,67.85,17.80,2,-1,68.08,0.29,-3.99,6.55,17.83
326.08,0,,67.93,17.82,2,-1,67.73,0.24,-4.01,6.48,17.80
326.20,0,,67.88,17.81,2,-1,67.61,0.15,-4.03,6.37,17.73
326.32,0,,67.80,17.79,2,-1,68.06,0.20,-4.05,6.40,17.80
326.38,0,,67.84,17.79,2,-1,67.91,0.28,-4.02,6.51,17.85
326.50,0,,67.95,17.81,2,-1,68.22,0.22,-4.04,6.43,17.81
326.60,0,,68.03,17.82,2,-1,67.84,0.12,-4.10,6.27,17.77
326.68,0,,68.00,17.81,2,-1,67.85,0.17,-4.06,6.36,17.78
326.83,0,,67.89,17.80,0,1,67.63,0.27,-4.03,6.49,17.85
326.92,0,,67.84,17.81,1,0,68.36,0.23,-4.02,6.46,17.80
326.98,0,,67.97,17.81,1,0,68.06,0.18,-4.01,6.42,17.74
327.14,0,,68.10,17.79,0,1,68.14,0.27,-3.99,6.53,17.81
327.19,0,,68.16,17.80,0,1,68.27,0.42,-3.96,6.71,17.93
327.34,0,,68.19,17.86,0,1,68.04,0.48,-3.95,6.78,17.98
327.40,0,,68.16,17.94,0,1,68.09,0.49,-3.92,6.82,17.96
327.49,0,,68.15,17.97,0,1,68.40,0.54,-3.88,6.91,17.97
327.58,0,,68.21,17.99,0,1,68.20,0.61,-3.85,7.01,18.01
327.70,0,,68.26,18.01,0,1,68.29,0.69,-3.79,7.15,18.03
327.82,0,,68.28,18.01,0,1,68.33,0.61,-3.80,7.06,17.96
327.88,0,,68.26,17.99,0,1,67.97,0.49,-3.85,6.89,17.89
328.00,0,,68.18,17.96,0,1,68.18,0.60,-3.81,7.04,17.96
328.12,0,,68.11,17.95,0,1,68.07,0.67,-3.82,7.10,18.04
328.19,0,,68.03,17.99,2,-1,67.65,0.60,-3.89,6.96,18.04
328.33,0,,67.96,18.02,2,-1,68.37,0.55,-3.88,6.92,17.98
328.39,0,,68.02,18.02,2,-1,68.08,0.57,-3.86,6.96,17.98
328.48,0,,68.11,18.00,2,-1,68.06,0.61,-3.85,7.01,18.01
328.60,0,,68.08,17.99,2,-1,67.82,0.53,-3.87,6.91,17.95
328.72,0,,67.99,17.96,2,-1,68.01,0.37,-3.91,6.71,17.83
328.84,0,,67.98,17.91,2,-1,68.25,0.41,-3.89,6.77,17.85
328.90,0,,68.04,17.88,2,-1,67.85,0.52,-3.91,6.86,17.98
329.02,0,,68.03,17.90,1,0,68.05,0.47,-3.89,6.83,17.91
329.08,0,,68.02,17.92,1,0,68.09,0.37,-3.92,6.70,17.84
329.20,0,,68.06,17.89,1,0,68.18,0.31,-3.99,6.57,17.85
329.32,0,,68.10,17.86,1,0,68.04,0.36,-3.93,6.68,17.84
329.38,0,,68.17,17.85,0,1,68.58,0.43,-3.90,6.78,17.88
329.50,0,,68.20,17.86,0,1,67.57,0.42,-3.94,6.73,17.91
329.60,0,,68.10,17.88,0,1,68.24,0.37,-3.92,6.70,17.84
329.68,0,,68.00,17.88,0,1,67.82,0.44,-3.90,6.79,17.89
329.84,0,,68.01,17.90,1,0,68.39,0.56,-3.88,6.93,17.99
329.89,0,,68.13,17.94,1,0,68.36,0.56,-3.83,6.98,17.94
329.98,0,,68.26,17.96,1,0,68.16,0.55,-3.83,6.97,17.93
330.10,0,,68.27,17.96,1,0,68.21,0.61,-3.78,7.08,17.94
330.20,0,,68.26,17.96,1,0,68.35,0.77,-3.71,7.31,18.03
330.34,0,,68.28,18.00,0,1,68.34,0.85,-3.70,7.40,18.10
330.40,0,,68.29,18.04,0,1,68.12,0.75,-3.66,7.34,17.96
330.52,0,,68.28,18.03,0,1,68.46,0.80,-3.61,7.44,17.96
330.58,0,,68.29,18.01,0,1,68.18,0.96,-3.59,7.62,18.10
330.70,0,,68.28,18.04,0,1,68.24,1.06,-3.52,7.79,18.13
330.82,0,,68.20,18.09,0,1,67.91,1.06,-3.48,7.83,18.09
330.88,0,,68.09,18.11,0,1,68.03,1.10,-3.49,7.86,18.14
331.00,0,,67.99,18.14,0,1,67.89,1.28,-3.38,8.15,18.21
331.10,0,,67.98,18.19,4,-2,68.25,1.47,-3.29,8.43,18.31
331.18,0,,68.03,18.27,4,-2,67.93,1.57,-3.30,8.52,18.42
331.33,0,,68.09,18.35,4,-2,68.42,1.51,-3.25,8.51,18.31
331.40,0,,68.12,18.36,2,-1,67.68,1.57,-3.18,8.64,18.30
331.48,0,,68.02,18.36,2,-1,67.83,1.73,-3.17,8.81,18.45
331.60,0,,67.91,18.38,2,-1,68.10,1.63,-3.20,8.68,18.38
331.69,0,,67.99,18.39,2,-1,68.41,1.50,-3.30,8.45,18.35
331.84,0,,68.10,18.38,1,0,67.73,1.45,-3.33,8.37,18.33
331.90,0,,68.10,18.34,1,0,68.27,1.44,-3.25,8.44,18.24
332.00,0,,68.09,18.30,1,0,68.07,1.48,-3.26,8.47,18.29
332.08,0,,68.19,18.28,1,0,68.74,1.39,-3.36,8.28,18.30
332.20,0,,68.31,18.29,0,1,67.95,1.37,-3.39,8.23,18.31
332.32,0,,68.33,18.30,0,2,68.49,1.37,-3.36,8.26,18.28
332.39,0,,68.30,18.29,0,2,68.12,1.29,-3.36,8.18,18.20
332.50,0,,68.23,18.24,0,2,67.99,1.20,-3.35,8.10,18.10
332.60,0,,68.06,18.16,0,1,67.70,1.11,-3.34,8.02,18.00
332.68,0,,67.93,18.08,1,0,68.17,1.16,-3.37,8.04,18.08
332.83,0,,67.95,18.06,1,0,68.12,1.16,-3.41,8.00,18.12
332.89,0,,68.06,18.08,2,-1,68.15,1.07,-3.45,7.87,18.07
332.98,0,,68.14,18.08,2,-1,68.21,1.00,-3.48,7.77,18.03
333.10,0,,68.18,18.06,1,0,68.12,0.93,-3.50,7.68,17.98
333.20,0,,68.15,18.02,1,0,67.99,0.96,-3.50,7.71,18.01
333.34,0,,68.07,18.00,2,-1,67.92,0.94,-3.48,7.71,17.97
333.40,0,,68.04,17.98,1,0,68.39,0.84,-3.55,7.54,17.94
333.50,0,,68.06,17.96,1,0,67.64,0.76,-3.59,7.42,17.90
333.58,0,,68.01,17.92,1,0,68.15,0.72,-3.57,7.40,17.84
333.70,0,,67.97,17.89,1,0,67.95,0.79,-3.64,7.40,17.98
333.82,0,,68.01,17.91,1,0,68.19,0.72,-3.65,7.32,17.92
333.89,0,,68.04,17.91,1,0,67.88,0.55,-3.64,7.16,17.74
334.00,0,,68.03,17.86,1,0,68.05,0.61,-3.68,7.18,17.84
334.09,0,,67.99,17.84,1,0,67.87,0.73,-3.65,7.33,17.93
334.18,0,,67.94,17.86,1,0,67.85,0.66,-3.61,7.30,17.82
334.33,0,,67.92,17.86,2,-1,68.14,0.60,-3.67,7.18,17.82
334.42,0,,67.96,17.85,1,0,67.91,0.64,-3.67,7.22,17.86
334.49,0,,67.98,17.84,1,0,67.95,0.66,-3.63,7.28,17.84
334.60,0,,67.98,17.84,2,-1,68.04,0.66,-3.61,7.30,17.82
334.69,0,,68.01,17.84,2,-1,68.14,0.61,-3.67,7.19,17.83
334.85,0,,68.02,17.83,2,-1,67.72,0.58,-3.70,7.13,17.83
334.91,0,,68.00,17.82,2,-1,68.31,0.61,-3.62,7.24,17.78
334.99,0,,68.05,17.81,1,0,68.06,0.68,-3.61,7.32,17.84
335.08,0,,68.10,17.82,1,0,68.04,0.65,-3.68,7.22,17.88
335.20,0,,68.12,17.84,1,0,68.35,0.56,-3.69,7.12,17.80
335.32,0,,68.20,17.84,0,1,68.25,0.62,-3.70,7.17,17.87
335.39,0,,68.25,17.86,0,1,68.21,0.71,-3.68,7.28,17.94
335.51,0,,68.27,17.89,0,1,68.37,0.65,-3.65,7.25,17.85
335.60,0,,68.32,17.89,0,2,68.45,0.55,-3.71,7.09,17.81
335.68,0,,68.37,17.87,0,2,68.27,0.60,-3.77,7.08,17.92
335.83,0,,68.35,17.87,0,2,68.25,0.62,-3.72,7.15,17.89
335.92,0,,68.26,17.88,0,1,67.97,0.57,-3.68,7.14,17.80
335.98,0,,68.16,17.87,0,1,68.29,0.65,-3.76,7.14,17.96
336.10,0,,68.18,17.89,0,1,68.46,0.63,-3.74,7.14,17.92
336.20,0,,68.30,17.91,0,1,68.36,0.63,-3.66,7.22,17.84
336.34,0,,68.42,17.92,0,1,68.72,0.82,-3.67,7.40,18.04
336.40,0,,68.52,17.97,0,1,68.36,0.85,-3.67,7.43,18.07
336.49,0,,68.49,18.03,0,1,68.20,0.82,-3.67,7.40,18.04
336.58,0,,68.37,18.07,0,1,68.39,0.97,-3.62,7.60,18.14
336.70,0,,68.26,18.11,0,1,67.90,1.11,-3.53,7.83,18.19
336.83,0,,68.15,18.16,0,1,68.26,1.10,-3.51,7.84,18.16
336.88,0,,68.09,18.18,1,0,67.92,1.11,-3.50,7.86,18.16
337.00,0,,68.06,18.18,2,-1,68.21,1.22,-3.41,8.06,18.18
337.09,0,,68.09,18.19,4,-2,68.17,1.35,-3.36,8.24,18.26
337.18,0,,68.10,18.24,4,-2,67.83,1.44,-3.39,8.30,18.38
337.33,0,,68.02,18.30,4,-2,67.96,1.35,-3.36,8.24,18.26
337.40,0,,67.98,18.31,4,-2,68.16,1.36,-3.33,8.28,18.24
337.48,0,,67.97,18.31,4,-2,67.65,1.56,-3.37,8.44,18.48
337.61,0,,67.90,18.36,2,-1,67.89,1.49,-3.34,8.40,18.38
337.70,0,,67.88,18.37,2,-1,68.17,1.34,-3.33,8.26,18.22
337.84,0,,68.01,18.33,2,-1,68.32,1.38,-3.38,8.25,18.31
337.90,0,,68.19,18.31,2,-1,68.36,1.46,-3.40,8.31,18.41
337.99,0,,68.26,18.35,0,1,67.89,1.48,-3.39,8.34,18.42
338.08,0,,68.15,18.39,0,1,67.89,1.38,-3.43,8.20,18.36
338.20,0,,68.00,18.38,0,1,68.05,1.26,-3.46,8.05,18.27
338.33,0,,67.90,18.33,0,1,67.59,1.26,-3.42,8.09,18.23
338.39,0,,67.78,18.29,1,0,67.60,1.34,-3.42,8.17,18.31
338.50,0,,67.64,18.28,2,-1,67.57,1.27,-3.46,8.06,18.28
338.60,0,,67.63,18.27,2,-1,68.01,1.14,-3.49,7.90,18.18
338.68,0,,67.76,18.24,4,-2,67.97,1.17,-3.51,7.91,18.23
338.83,0,,67.93,18.21,4,-2,68.07,1.15,-3.45,7.95,18.15
338.89,0,,67.98,18.18,2,-1,67.62,1.14,-3.42,7.97,18.11
338.98,0,,67.87,18.16,2,-1,67.68,1.18,-3.46,7.97,18.19
339.10,0,,67.81,18.15,2,-1,68.26,1.12,-3.44,7.93,18.11
339.19,0,,67.90,18.14,1,0,67.84,1.14,-3.44,7.95,18.13
339.34,0,,67.96,18.14,1,0,67.91,1.24,-3.44,8.05,18.23
339.40,0,,67.94,18.17,0,2,67.91,1.20,-3.41,8.04,18.16
339.52,0,,67.91,18.18,0,1,67.85,1.18,-3.41,8.02,18.14
339.58,0,,67.94,18.18,1,0,68.31,1.30,-3.39,8.16,18.24
339.70,0,,68.04,18.20,1,0,67.96,1.35,-3.30,8.30,18.20
339.83,0,,68.10,18.20,0,1,68.17,1.29,-3.24,8.30,18.08
339.88,0,,68.10,18.15,0,1,67.99,1.30,-3.25,8.30,18.10
340.00,0,,68.05,18.12,0,1,67.89,1.32,-3.26,8.31,18.13
340.10,0,,67.96,18.10,1,0,67.84,1.26,-3.25,8.26,18.06
340.18,0,,67.90,18.09,1,0,68.03,1.28,-3.27,8.26,18.10
340.33,0,,67.97,18.09,1,0,68.31,1.21,-3.32,8.14,18.08
340.39,0,,68.09,18.07,1,0,68.02,1.00,-3.38,7.87,17.93
340.48,0,,68.08,18.02,1,0,67.71,1.04,-3.36,7.93,17.95
340.60,0,,67.99,17.98,0,1,68.20,1.14,-3.34,8.05,18.03
340.70,0,,68.04,17.97,0,1,68.45,0.96,-3.39,7.82,17.90
340.84,0,,68.19,17.95,0,1,68.09,0.90,-3.42,7.73,17.87
340.90,0,,68.19,17.91,0,1,67.86,0.92,-3.45,7.72,17.92
340.99,0,,68.06,17.89,0,1,67.94,0.84,-3.45,7.64,17.84
341.08,0,,67.96,17.87,0,1,68.02,0.79,-3.47,7.57,17.81
341.20,0,,67.99,17.83,0,1,68.32,0.67,-3.55,7.37,17.77
341.38,0,,68.12,17.78,0,1,68.23,0.58,-3.55,7.28,17.68
341.39,0,,68.21,17.74,0,1,68.10,0.64,-3.56,7.33,17.75
341.51,0,,68.15,17.73,0,1,67.75,0.61,-3.61,7.25,17.77
341.60,0,,67.98,17.73,0,1,67.87,0.52,-3.53,7.24,17.60
341.68,0,,67.87,17.70,1,0,67.96,0.60,-3.53,7.32,17.68
341.83,0,,67.90,17.69,1,0,68.09,0.70,-3.53,7.42,17.78
341.92,0,,67.95,17.71,2,-1,67.78,0.71,-3.44,7.52,17.70
341.98,0,,67.93,17.73,2,-1,67.89,0.74,-3.46,7.53,17.75
342.10,0,,67.89,17.74,2,-1,67.88,0.72,-3.45,7.52,17.72
342.19,0,,67.84,17.74,2,-1,67.65,0.81,-3.37,7.69,17.73
342.34,0,,67.82,17.76,2,-1,68.08,0.99,-3.33,7.91,17.87
342.40,0,,67.91,17.80,1,0,68.21,0.97,-3.28,7.94,17.80
342.50,0,,68.03,17.82,1,0,67.89,0.97,-3.28,7.94,17.80
342.58,0,,68.04,17.82,1,0,67.94,1.01,-3.24,8.02,17.80
342.70,0,,67.97,17.81,1,0,67.80,1.05,-3.19,8.11,17.79
342.82,0,,67.91,17.82,1,0,68.07,1.17,-3.24,8.18,17.96
342.89,0,,67.95,17.88,1,0,68.13,1.16,-3.28,8.13,17.99
343.01,0,,68.04,17.94,1,0,68.05,1.04,-3.28,8.01,17.87
343.10,0,,68.06,17.94,0,1,67.91,1.07,-3.26,8.06,17.88
343.18,0,,68.02,17.93,0,1,68.07,1.22,-3.29,8.18,18.06
343.34,0,,68.07,17.96,0,1,68.48,1.11,-3.30,8.06,17.96
343.39,0,,68.14,17.98,1,0,67.65,1.00,-3.32,7.93,17.87
343.48,0,,68.08,17.96,1,0,68.21,1.13,-3.34,8.04,18.02
343.61,0,,68.00,17.96,1,0,67.74,1.10,-3.32,8.03,17.97
343.70,0,,67.98,17.97,1,0,68.32,1.02,-3.35,7.92,17.92
343.84,0,,68.06,17.96,1,0,68.16,1.03,-3.41,7.87,17.99
343.90,0,,68.17,17.96,1,0,68.30,0.97,-3.38,7.84,17.90
343.99,0,,68.22,17.95,1,0,68.03,1.00,-3.37,7.88,17.92
344.08,0,,68.13,17.94,0,1,67.71,1.11,-3.36,8.00,18.02
344.20,0,,67.98,17.96,0,1,68.14,1.05,-3.34,7.96,17.94
344.32,0,,67.96,17.96,1,0,68.05,1.02,-3.35,7.92,17.92
344.39,0,,68.03,17.96,1,0,68.22,1.15,-3.34,8.06,18.04
344.51,0,,68.14,17.98,0,1,68.30,1.14,-3.31,8.08,18.00
344.59,0,,68.24,17.99,0,1,68.27,1.02,-3.32,7.95,17.89
344.68,0,,68.24,17.96,0,1,67.95,0.99,-3.39,7.85,17.93
344.84,0,,68.10,17.93,0,1,67.74,0.94,-3.38,7.81,17.87
344.89,0,,67.89,17.89,1,0,67.66,0.93,-3.36,7.82,17.84
344.98,0,,67.76,17.89,1,0,67.95,0.98,-3.46,7.77,17.99
345.11,0,,67.72,17.91,2,-1,67.49,0.85,-3.48,7.62,17.88
345.22,0,,67.71,17.90,4,-2,67.94,0.73,-3.50,7.48,17.78
345.34,0,,67.77,17.87,4,-2,67.94,0.82,-3.54,7.53,17.91
345.40,0,,67.88,17.87,4,-2,68.00,0.89,-3.44,7.70,17.88
345.49,0,,67.92,17.88,4,-2,67.66,0.86,-3.46,7.65,17.87
345.58,0,,67.87,17.89,2,-1,67.86,0.86,-3.49,7.62,17.90
345.70,0,,67.92,17.89,2,-1,68.60,0.95,-3.38,7.82,17.88
345.82,0,,68.07,17.90,2,-1,67.69,1.07,-3.34,7.98,17.96
345.89,0,,68.06,17.93,0,2,67.86,1.10,-3.34,8.01,17.99
346.01,0,,67.87,17.96,0,2,67.42,1.08,-3.32,8.01,17.95
346.10,0,,67.77,17.97,0,1,68.39,1.17,-3.27,8.15,17.99
346.18,0,,67.86,18.00,1,0,67.79,1.36,-3.21,8.40,18.12
346.33,0,,67.95,18.05,1,0,67.96,1.35,-3.19,8.41,18.09
346.40,0,,67.92,18.08,1,0,67.66,1.25,-3.18,8.32,17.98
346.48,0,,67.80,18.06,2,-1,67.59,1.31,-3.17,8.39,18.03
346.61,0,,67.70,18.04,1,0,67.80,1.37,-3.14,8.48,18.06
346.70,0,,67.67,18.05,4,-2,67.60,1.40,-3.13,8.52,18.08
346.84,0,,67.74,18.08,2,-1,68.30,1.39,-3.21,8.43,18.15
346.90,0,,67.91,18.11,2,-1,67.94,1.31,-3.26,8.30,18.12
346.99,0,,68.00,18.13,2,-1,67.75,1.31,-3.24,8.32,18.10
347.08,0,,67.96,18.13,2,-1,68.14,1.39,-3.24,8.40,18.18
347.20,0,,67.96,18.14,1,0,67.86,1.29,-3.27,8.27,18.11
347.32,0,,67.96,18.12,1,0,67.96,1.13,-3.27,8.11,17.95
347.39,0,,67.94,18.06,1,0,67.89,1.21,-3.27,8.19,18.03
347.50,0,,67.88,18.03,0,1,67.64,1.24,-3.28,8.21,18.07
347.60,0,,67.85,18.03,0,1,68.22,1.13,-3.31,8.07,17.99
347.68,0,,67.99,18.03,1,0,68.45,1.13,-3.33,8.05,18.01
347.83,0,,68.18,18.01,1,0,68.03,1.07,-3.32,8.00,17.94
347.89,0,,68.19,17.98,0,1,67.86,1.03,-3.32,7.96,17.90
347.98,0,,68.04,17.94,1,0,67.89,1.05,-3.37,7.93,17.97
348.11,0,,67.93,17.93,1,0,67.94,0.92,-3.43,7.74,17.90
348.20,0,,67.91,17.92,1,0,68.02,0.85,-3.46,7.64,17.86
348.34,0,,67.90,17.91,1,0,67.67,0.96,-3.47,7.74,17.98
348.41,0,,67.86,17.92,1,0,67.92,0.91,-3.48,7.68,17.94
348.49,0,,67.86,17.92,2,-1,67.98,0.75,-3.50,7.50,17.80
348.58,0,,67.93,17.88,2,-1,68.11,0.71,-3.55,7.41,17.81
348.70,0,,68.05,17.83,1,0,68.29,0.70,-3.54,7.41,17.79
348.83,0,,68.17,17.80,1,0,68.19,0.72,-3.52,7.45,17.79
348.89,0,,68.21,17.80,0,1,68.04,0.71,-3.59,7.37,17.85
349.01,0,,68.16,17.80,0,1,68.12,0.55,-3.64,7.16,17.74
349.10,0,,68.15,17.78,0,1,68.40,0.50,-3.65,7.10,17.70
349.18,0,,68.18,17.76,0,2,67.93,0.61,-3.69,7.17,17.85
349.33,0,,68.13,17.78,0,1,68.07,0.56,-3.70,7.11,17.81
349.39,0,,68.04,17.78,0,1,67.85,0.39,-3.70,6.94,17.64
349.48,0,,67.98,17.74,0,1,68.12,0.41,-3.74,6.92,17.70
349.61,0,,68.01,17.71,0,1,68.17,0.46,-3.72,6.99,17.73
349.70,0,,68.04,17.70,0,1,67.78,0.43,-3.67,7.01,17.65
349.85,0,,67.94,17.69,1,0,67.60,0.42,-3.75,6.92,17.72
349.91,0,,67.84,17.70,2,-1,68.18,0.39,-3.80,6.84,17.74
350.00,0,,67.87,17.73,4,-2,67.83,0.46,-3.78,6.93,17.79
350.08,0,,67.89,17.77,4,-2,67.73,0.56,-3.75,7.06,17.86
350.20,0,,67.87,17.81,2,-1,68.10,0.51,-3.72,7.04,17.78
350.33,0,,67.89,17.82,2,-1,67.72,0.49,-3.72,7.02,17.76
350.39,0,,67.88,17.81,2,-1,67.88,0.64,-3.67,7.22,17.86
350.51,0,,67.83,17.84,1,0,67.73,0.80,-3.61,7.44,17.96
350.60,0,,67.78,17.90,1,0,67.69,0.79,-3.61,7.43,17.95
350.68,0,,67.79,17.95,1,0,68.19,0.80,-3.63,7.42,17.98
350.83,0,,67.93,17.98,1,0,68.15,0.84,-3.59,7.50,17.98
350.89,0,,68.03,17.99,1,0,67.68,0.89,-3.53,7.61,17.97
350.98,0,,67.97,17.99,0,1,67.92,0.98,-3.50,7.73,18.03
351.14,0,,67.93,18.00,0,1,68.16,0.92,-3.47,7.70,17.94
351.20,0,,67.98,17.97,0,1,67.99,0.82,-3.48,7.59,17.85
351.35,0,,68.06,17.94,0,1,68.22,0.94,-3.55,7.64,18.04
351.40,0,,68.05,17.96,0,1,67.61,0.98,-3.53,7.70,18.06
351.49,0,,67.89,18.00,0,1,67.55,0.83,-3.55,7.53,17.93
351.58,0,,67.75,17.99,2,-1,68.11,0.75,-3.64,7.36,17.94
351.70,0,,67.81,17.97,2,-1,67.97,0.76,-3.64,7.37,17.95
351.83,0,,67.92,17.94,2,-1,67.96,0.72,-3.58,7.39,17.85
351.89,0,,68.02,17.90,2,-1,68.27,0.69,-3.61,7.33,17.85
352.01,0,,68.08,17.86,1,0,67.88,0.60,-3.67,7.18,17.82
352.10,0,,68.11,17.84,0,1,68.39,0.58,-3.69,7.14,17.82
352.18,0,,68.14,17.84,0,1,67.97,0.68,-3.75,7.18,17.98
352.33,0,,68.15,17.89,0,1,68.23,0.58,-3.75,7.08,17.88
352.39,0,,68.17,17.89,0,1,68.33,0.43,-3.76,6.92,17.74
352.48,0,,68.23,17.85,0,1,68.19,0.50,-3.83,6.92,17.88
352.61,0,,68.19,17.83,0,2,67.80,0.49,-3.77,6.97,17.81
352.70,0,,68.07,17.81,0,1,68.14,0.40,-3.75,6.90,17.70
352.85,0,,68.04,17.78,0,1,68.21,0.43,-3.83,6.85,17.81
352.90,0,,68.12,17.78,0,1,68.30,0.42,-3.84,6.83,17.81
352.99,0,,68.18,17.79,0,1,67.96,0.40,-3.85,6.80,17.80
353.08,0,,68.12,17.81,0,1,67.91,0.47,-3.84,6.88,17.86
353.20,0,,68.06,17.82,0,1,68.35,0.44,-3.78,6.91,17.77
353.32,0,,68.07,17.81,2,-1,67.86,0.36,-3.80,6.81,17.71
353.39,0,,68.03,17.78,2,-1,67.85,0.50,-3.78,6.97,17.83
353.51,0,,67.88,17.80,2,-1,67.50,0.68,-3.67,7.26,17.90
353.60,0,,67.71,17.84,2,-1,67.71,0.64,-3.62,7.27,17.81
353.68,0,,67.67,17.85,4,-2,67.95,0.66,-3.63,7.28,17.84
353.83,0,,67.76,17.86,4,-2,67.84,0.79,-3.58,7.46,17.92
353.89,0,,67.86,17.89,4,-2,67.97,0.85,-3.53,7.57,17.93
353.98,0,,67.98,17.93,1,0,68.34,0.92,-3.53,7.64,18.00
354.11,0,,68.12,17.96,1,0,68.10,0.87,-3.53,7.59,17.95
354.20,0,,68.18,17.96,1,0,68.09,0.82,-3.49,7.58,17.86
354.35,0,,68.18,17.95,0,2,68.31,0.97,-3.53,7.69,18.05
354.41,0,,68.21,17.98,0,2,68.23,0.96,-3.58,7.63,18.09
354.49,0,,68.20,18.01,0,2,67.92,0.74,-3.55,7.44,17.84
354.58,0,,68.13,17.97,0,2,68.25,0.69,-3.59,7.35,17.83
354.70,0,,68.06,17.90,0,2,67.71,0.74,-3.61,7.38,17.90
354.83,0,,67.94,17.87,0,1,67.83,0.73,-3.58,7.40,17.86
354.92,0,,67.88,17.86,1,0,68.16,0.68,-3.61,7.32,17.84
355.10,0,,67.88,17.85,1,0,67.56,0.63,-3.61,7.27,17.79
355.10,0,,67.85,17.83,1,0,68.00,0.66,-3.60,7.31,17.81
355.18,0,,67.85,17.82,4,-2,67.86,0.70,-3.62,7.33,17.87
355.33,0,,67.90,17.83,4,-2,68.06,0.72,-3.57,7.40,17.84
355.39,0,,67.99,17.84,2,-1,68.20,0.73,-3.55,7.43,17.83
355.49,0,,68.11,17.85,1,0,68.25,0.77,-3.53,7.49,17.85
355.61,0,,68.17,17.86,0,1,67.93,0.91,-3.44,7.72,17.90
355.70,0,,68.13,17.88,1,0,68.15,1.00,-3.38,7.87,17.93
355.85,0,,68.14,17.92,1,0,68.45,1.03,-3.38,7.90,17.96
355.91,0,,68.18,17.95,0,2,67.81,1.10,-3.38,7.97,18.03
355.99,0,,68.09,18.00,0,2,67.86,1.21,-3.31,8.15,18.07
356.08,0,,67.91,18.06,0,1,67.63,1.36,-3.25,8.36,18.16
356.20,0,,67.84,18.12,2,-1,68.40,1.39,-3.21,8.43,18.15
356.33,0,,67.96,18.15,2,-1,68.00,1.37,-3.18,8.44,18.10
356.39,0,,68.08,18.14,1,0,68.13,1.38,-3.17,8.46,18.10
356.60,0,,68.14,18.12,1,0,68.30,1.43,-3.13,8.55,18.11
356.60,0,,68.18,18.12,0,1,68.03,1.52,-3.08,8.69,18.15
356.68,0,,68.12,18.12,0,1,67.78,1.47,-3.04,8.68,18.06
356.83,0,,67.99,18.09,1,0,68.06,1.40,-2.99,8.66,17.94
356.89,0,,67.97,18.04,1,0,68.14,1.49,-3.02,8.72,18.06
356.98,0,,68.02,18.03,0,1,68.01,1.52,-3.03,8.74,18.10
357.11,0,,68.04,18.06,1,0,67.98,1.54,-2.97,8.82,18.06
357.20,0,,68.01,18.09,1,0,67.89,1.70,-2.95,9.00,18.20
357.35,0,,67.98,18.16,1,0,68.12,1.87,-2.92,9.20,18.34
357.44,0,,67.94,18.25,1,0,67.54,1.88,-2.86,9.27,18.29
357.50,0,,67.85,18.30,1,0,67.94,1.88,-2.82,9.31,18.25
357.58,0,,67.83,18.30,2,-1,68.04,1.94,-2.79,9.40,18.28
357.70,0,,67.90,18.29,2,-1,67.88,2.01,-2.76,9.50,18.32
357.83,0,,67.96,18.31,2,-1,68.09,2.08,-2.73,9.60,18.36
357.89,0,,67.98,18.32,1,0,67.79,2.06,-2.66,9.65,18.27
358.01,0,,67.88,18.30,1,0,67.49,2.00,-2.63,9.62,18.18
358.10,0,,67.78,18.26,2,-1,68.16,2.06,-2.69,9.62,18.30
358.18,0,,67.87,18.26,2,-1,68.19,2.10,-2.69,9.66,18.34
358.33,0,,68.01,18.28,2,-1,67.81,1.98,-2.63,9.60,18.16
358.39,0,,67.95,18.24,0,1,67.50,1.83,-2.71,9.37,18.09
358.48,0,,67.84,18.16,1,0,68.24,1.72,-2.82,9.15,18.09
358.61,0,,67.82,18.11,2,-1,67.50,1.67,-2.84,9.08,18.06
358.70,0,,67.80,18.06,2,-1,67.90,1.60,-2.81,9.04,17.96
358.85,0,,67.78,18.00,2,-1,67.82,1.41,-2.91,8.75,17.87
358.91,0,,67.82,17.93,2,-1,67.92,1.29,-3.06,8.48,17.90
358.99,0,,67.80,17.89,2,-1,67.37,1.15,-3.12,8.28,17.82
359.08,0,,67.70,17.83,2,-1,67.83,0.94,-3.15,8.04,17.64
359.20,0,,67.71,17.73,2,-1,68.07,0.84,-3.20,7.89,17.59
359.35,0,,67.83,17.63,2,-1,67.79,0.74,-3.28,7.71,17.57
359.39,0,,67.92,17.56,2,-1,68.06,0.57,-3.35,7.47,17.47
359.51,0,,68.01,17.51,1,0,68.26,0.51,-3.41,7.35,17.47
359.60,0,,68.09,17.48,0,1,67.93,0.47,-3.45,7.27,17.47
359.68,0,,68.05,17.44,0,2,67.77,0.24,-3.45,7.04,17.24
359.83,0,,67.91,17.34,0,1,67.71,0.08,-3.48,6.85,17.11
359.89,0,,67.76,17.21,1,0,67.62,0.07,-3.54,6.78,17.16
359.98,0,,67.63,17.14,1,0,67.41,0.05,-3.53,6.77,17.13
360.11,0,,67.50,17.11,1,0,67.38,-0.04,-3.55,6.66,17.06
360.20,0,,67.53,17.09,2,-1,68.34,-0.14,-3.64,6.47,17.05
360.29,0,,67.79,17.08,4,-2,67.96,-0.08,-3.69,6.48,17.16
360.41,0,,67.98,17.11,4,-2,67.79,-0.02,-3.65,6.58,17.18
360.49,0,,67.92,17.14,1,0,67.58,-0.09,-3.60,6.56,17.06
360.58,0,,67.76,17.11,2,-1,67.56,-0.22,-3.62,6.41,16.95
360.73,0,,67.58,17.04,1,0,67.35,-0.23,-3.68,6.34,17.00
360.83,0,,67.55,17.02,2,-1,68.14,-0.06,-3.70,6.49,17.19
360.89,0,,67.66,17.08,1,0,67.49,-0.03,-3.68,6.54,17.20
361.01,0,,67.75,17.14,1,0,67.96,-0.22,-3.69,6.34,17.02
361.10,0,,67.80,17.11,1,0,67.79,-0.28,-3.74,6.23,17.01
361.18,0,,67.85,17.07,2,-1,67.92,-0.19,-3.72,6.34,17.08
361.33,0,,67.88,17.06,1,0,67.94,-0.16,-3.71,6.38,17.10
361.42,0,,67.89,17.08,0,1,67.73,-0.20,-3.74,6.31,17.09
361.48,0,,67.85,17.08,0,1,67.85,-0.25,-3.73,6.27,17.03
361.64,0,,67.80,17.07,0,2,67.65,-0.24,-3.72,6.29,17.03
361.70,0,,67.77,17.06,1,0,67.93,-0.19,-3.75,6.31,17.11
361.79,0,,67.78,17.08,1,0,67.76,-0.19,-3.80,6.26,17.16
361.93,0,,67.80,17.12,1,0,67.78,-0.23,-3.83,6.19,17.15
361.99,0,,67.78,17.15,1,0,67.68,-0.23,-3.79,6.23,17.11
362.08,0,,67.75,17.15,1,0,67.81,-0.14,-3.79,6.32,17.20
362.20,0,,67.76,17.18,1,0,67.81,-0.11,-3.83,6.31,17.27
362.33,0,,67.79,17.22,1,0,67.84,-0.20,-3.82,6.23,17.17
362.39,0,,67.79,17.22,1,0,67.58,-0.15,-3.83,6.27,17.23
362.51,0,,67.67,17.24,1,0,67.24,-0.02,-3.81,6.42,17.34
362.60,0,,67.51,17.28,2,-1,67.62,0.01,-3.74,6.52,17.30
362.68,0,,67.47,17.31,2,-1,67.60,0.01,-3.77,6.49,17.33
362.83,0,,67.58,17.34,4,-2,67.96,0.06,-3.78,6.53,17.39
362.89,0,,67.73,17.38,1,0,67.71,0.20,-3.72,6.73,17.47
362.98,0,,67.80,17.44,1,0,67.79,0.32,-3.70,6.87,17.57
363.11,0,,67.79,17.50,1,0,67.72,0.25,-3.66,6.84,17.46
363.20,0,,67.76,17.51,1,0,67.68,0.20,-3.68,6.77,17.43
363.29,0,,67.73,17.49,1,0,67.78,0.29,-3.71,6.83,17.55
363.40,0,,67.74,17.51,1,0,67.81,0.40,-3.65,7.00,17.60
363.52,0,,67.73,17.55,1,0,67.49,0.39,-3.63,7.01,17.57
363.59,0,,67.70,17.57,0,1,67.93,0.30,-3.63,6.92,17.48
363.71,0,,67.77,17.55,1,0,68.02,0.44,-3.63,7.06,17.62
363.83,0,,67.92,17.59,1,0,68.15,0.62,-3.60,7.27,17.77
363.89,0,,68.01,17.66,0,1,67.68,0.57,-3.53,7.29,17.65
364.01,0,,67.87,17.69,1,0,67.31,0.55,-3.55,7.25,17.65
364.10,0,,67.64,17.70,1,0,67.72,0.67,-3.53,7.39,17.75
364.18,0,,67.58,17.72,1,0,67.84,0.80,-3.45,7.60,17.80
364.33,0,,67.67,17.77,1,0,67.69,0.83,-3.45,7.63,17.83
364.39,0,,67.75,17.81,2,-1,67.91,0.78,-3.47,7.56,17.80
364.49,0,,67.84,17.82,1,0,67.96,0.78,-3.45,7.58,17.78
364.61,0,,67.94,17.81,1,0,68.10,0.83,-3.46,7.62,17.84
364.70,0,,67.98,17.83,1,0,67.73,0.87,-3.52,7.60,17.94
364.85,0,,67.94,17.87,0,1,67.93,0.77,-3.56,7.46,17.88
364.93,0,,67.91,17.88,0,1,68.00,0.63,-3.57,7.31,17.75
364.99,0,,67.95,17.84,0,1,68.11,0.64,-3.59,7.30,17.78
365.08,0,,68.04,17.80,0,1,68.18,0.71,-3.58,7.38,17.84
365.23,0,,68.09,17.81,0,2,67.89,0.66,-3.63,7.28,17.84
365.33,0,,68.02,17.81,0,1,67.75,0.50,-3.65,7.10,17.70
365.38,0,,67.94,17.77,0,1,68.22,0.52,-3.62,7.15,17.69
365.51,0,,68.01,17.75,0,1,68.30,0.67,-3.72,7.20,17.94
365.60,0,,68.14,17.80,0,1,68.06,0.57,-3.75,7.07,17.87
365.68,0,,68.14,17.83,0,1,67.90,0.36,-3.70,6.91,17.61
365.83,0,,68.08,17.76,0,1,68.24,0.35,-3.74,6.86,17.64
365.89,0,,68.06,17.69,0,1,67.93,0.43,-3.75,6.93,17.73
365.98,0,,68.06,17.67,1,0,68.15,0.35,-3.76,6.84,17.66
366.11,0,,67.99,17.67,1,0,67.53,0.25,-3.82,6.68,17.62
366.20,0,,67.85,17.65,1,0,67.78,0.23,-3.84,6.64,17.62
366.29,0,,67.77,17.63,2,-1,68.03,0.22,-3.80,6.67,17.57
366.40,0,,67.87,17.61,4,-2,68.10,0.22,-3.84,6.63,17.61
366.49,0,,67.96,17.59,4,-2,67.76,0.15,-3.84,6.56,17.54
366.58,0,,67.98,17.56,0,1,68.18,0.06,-3.84,6.47,17.45
366.70,0,,67.98,17.53,2,-1,67.78,0.13,-3.90,6.48,17.58
366.83,0,,67.93,17.53,1,0,67.75,0.13,-3.88,6.50,17.56
366.89,0,,67.84,17.53,1,0,67.86,0.01,-3.85,6.41,17.41
367.04,0,,67.83,17.49,2,-1,67.99,-0.04,-3.90,6.31,17.41
367.10,0,,67.88,17.45,2,-1,67.90,0.01,-3.96,6.30,17.52
367.18,0,,67.89,17.47,2,-1,67.67,0.08,-3.95,6.38,17.58
367.33,0,,67.86,17.51,2,-1,68.06,-0.02,-3.90,6.33,17.43
367.39,0,,67.86,17.48,1,0,67.75,-0.14,-3.94,6.17,17.35
367.48,0,,67.87,17.43,1,0,67.94,-0.08,-3.96,6.21,17.43
367.61,0,,67.81,17.42,1,0,67.35,-0.01,-3.94,6.30,17.48
367.70,0,,67.73,17.44,1,0,68.14,-0.03,-3.96,6.26,17.48
367.79,0,,67.80,17.45,2,-1,67.99,-0.15,-3.94,6.16,17.34
367.90,0,,67.97,17.41,2,-1,68.22,-0.19,-3.93,6.13,17.29
368.02,0,,68.06,17.35,2,-1,67.79,-0.13,-3.97,6.15,17.39
368.08,0,,67.99,17.34,2,-1,67.76,-0.18,-3.98,6.09,17.35
368.21,0,,67.86,17.34,2,-1,67.74,-0.25,-3.98,6.02,17.28
368.33,0,,67.83,17.33,2,-1,68.24,-0.25,-4.03,5.97,17.33
368.42,0,,67.93,17.32,1,0,67.92,-0.23,-4.00,6.02,17.32
368.51,0,,67.97,17.32,1,0,67.76,-0.18,-3.97,6.10,17.34
368.60,0,,67.95,17.33,1,0,68.21,-0.24,-4.04,5.97,17.35
368.68,0,,67.95,17.34,1,0,67.70,-0.36,-4.09,5.80,17.28
368.83,0,,67.96,17.32,1,0,68.24,-0.38,-4.06,5.81,17.23
368.92,0,,68.00,17.28,1,0,67.94,-0.32,-4.01,5.92,17.24
369.02,0,,68.00,17.25,1,0,67.83,-0.37,-4.07,5.81,17.25
369.14,0,,67.95,17.24,1,0,67.97,-0.44,-4.11,5.70,17.22
369.20,0,,67.85,17.23,1,0,67.39,-0.38,-4.04,5.83,17.21
369.29,0,,67.67,17.23,1,0,67.49,-0.30,-4.02,5.93,17.27
369.40,0,,67.58,17.25,4,-2,67.97,-0.30,-4.08,5.87,17.33
369.49,0,,67.60,17.28,4,-2,67.26,-0.39,-4.10,5.76,17.26
369.58,0,,67.67,17.30,4,-2,68.42,-0.34,-4.08,5.83,17.29
369.71,0,,67.86,17.31,4,-2,67.84,-0.17,-4.03,6.05,17.41
369.86,0,,67.96,17.35,1,0,67.78,-0.23,-4.03,5.99,17.35
369.89,0,,67.97,17.36,1,0,68.29,-0.33,-4.02,5.90,17.24
370.04,0,,68.01,17.32,1,0,67.77,-0.27,-4.00,5.98,17.28
370.09,0,,67.97,17.31,1,0,67.82,-0.15,-4.02,6.08,17.42
370.18,0,,67.91,17.35,0,2,68.08,-0.12,-4.01,6.12,17.44
370.33,0,,67.98,17.39,0,2,68.28,-0.17,-3.95,6.13,17.33
370.39,0,,68.09,17.41,0,2,68.00,-0.06,-3.99,6.20,17.48
370.48,0,,68.12,17.45,0,1,68.08,0.07,-3.97,6.35,17.59
370.61,0,,68.12,17.51,0,1,68.24,0.08,-3.89,6.44,17.52
370.73,0,,68.14,17.56,0,1,68.11,0.10,-3.93,6.42,17.58
370.79,0,,68.10,17.58,0,1,67.72,0.12,-3.92,6.45,17.59
370.90,0,,67.94,17.58,1,0,67.74,0.18,-3.81,6.62,17.54
370.99,0,,67.83,17.58,1,0,68.04,0.26,-3.79,6.72,17.60
371.11,0,,67.88,17.59,2,-1,68.08,0.26,-3.86,6.65,17.67
371.20,0,,68.01,17.62,2,-1,68.19,0.24,-3.86,6.63,17.65
371.32,0,,68.10,17.65,2,-1,68.03,0.33,-3.80,6.78,17.68
371.42,0,,68.10,17.68,2,-1,67.93,0.41,-3.77,6.89,17.73
371.51,0,,68.08,17.70,1,0,68.36,0.33,-3.80,6.78,17.68
371.60,0,,68.14,17.70,0,1,68.22,0.28,-3.83,6.70,17.66
371.68,0,,68.22,17.69,0,1,68.26,0.37,-3.79,6.83,17.71
371.83,0,,68.19,17.69,0,1,67.71,0.38,-3.77,6.86,17.70
371.89,0,,67.97,17.69,0,1,67.49,0.28,-3.77,6.76,17.60
371.98,0,,67.71,17.65,0,1,67.65,0.22,-3.77,6.70,17.54
372.10,0,,67.66,17.61,1,0,68.17,0.31,-3.80,6.76,17.66
372.20,0,,67.86,17.62,2,-1,68.32,0.40,-3.78,6.87,17.73
372.29,0,,68.08,17.67,2,-1,67.91,0.36,-3.77,6.84,17.68
372.40,0,,68.15,17.69,2,-1,68.25,0.31,-3.81,6.75,17.67
372.52,0,,68.15,17.70,1,0,68.08,0.36,-3.79,6.82,17.70
372.61,0,,68.16,17.70,1,0,68.23,0.45,-3.72,6.98,17.72
372.70,0,,68.15,17.71,1,0,68.04,0.46,-3.68,7.03,17.69
372.83,0,,68.13,17.70,1,0,68.13,0.41,-3.66,7.00,17.62
372.89,0,,68.11,17.68,0,1,68.11,0.46,-3.70,7.01,17.71
373.01,0,,68.14,17.70,0,2,68.38,0.58,-3.69,7.14,17.82
373.10,0,,68.17,17.74,0,1,67.83,0.57,-3.60,7.22,17.72
373.19,0,,68.09,17.75,1,0,68.01,0.50,-3.64,7.11,17.69
373.33,0,,68.01,17.73,1,0,68.07,0.47,-3.65,7.07,17.67
373.39,0,,67.91,17.69,1,0,67.32,0.50,-3.58,7.17,17.63
373.52,0,,67.72,17.66,1,0,67.70,0.56,-3.55,7.26,17.66
373.61,0,,67.73,17.66,4,-2,68.61,0.60,-3.56,7.29,17.71
373.70,0,,67.95,17.67,4,-2,67.67,0.59,-3.54,7.30,17.68
373.79,0,,67.98,17.68,4,-2,67.63,0.56,-3.48,7.33,17.59
373.90,0,,67.84,17.66,2,-1,67.84,0.67,-3.47,7.45,17.69
373.99,0,,67.82,17.67,2,-1,68.14,0.75,-3.46,7.54,17.76
374.09,0,,67.92,17.70,2,-1,68.00,0.66,-3.43,7.48,17.64
374.20,0,,68.01,17.71,2,-1,68.03,0.78,-3.42,7.61,17.75
374.32,0,,68.06,17.74,0,1,68.15,0.97,-3.39,7.83,17.91
374.39,0,,68.09,17.81,0,2,68.03,0.96,-3.30,7.91,17.81
374.51,0,,68.11,17.84,0,1,68.24,0.97,-3.25,7.97,17.77
374.60,0,,68.06,17.83,0,1,67.52,1.06,-3.27,8.04,17.88
374.71,0,,67.93,17.86,0,1,68.11,1.21,-3.21,8.25,17.97
374.83,0,,67.92,17.92,0,1,68.11,1.34,-3.13,8.46,18.02
374.90,0,,67.95,17.98,1,0,67.61,1.26,-3.11,8.40,17.92
375.02,0,,67.83,17.95,1,0,67.51,1.11,-3.08,8.28,17.74
375.11,0,,67.74,17.87,1,0,68.22,1.13,-3.11,8.27,17.79
375.23,0,,67.84,17.80,4,-2,67.96,1.11,-3.17,8.19,17.83
375.35,0,,68.01,17.78,2,-1,68.34,0.95,-3.24,7.96,17.74
375.40,0,,68.18,17.76,1,0,68.30,0.85,-3.30,7.80,17.70
375.49,0,,68.26,17.73,0,1,68.02,0.81,-3.34,7.72,17.70
375.59,0,,68.20,17.71,0,1,68.12,0.78,-3.40,7.63,17.73
375.70,0,,68.13,17.71,0,1,68.07,0.71,-3.47,7.49,17.73
375.83,0,,68.03,17.72,0,1,67.69,0.59,-3.53,7.31,17.67
375.89,0,,67.92,17.70,0,1,67.98,0.51,-3.53,7.23,17.59
376.01,0,,67.88,17.64,1,0,68.00,0.48,-3.51,7.22,17.54
376.10,0,,67.94,17.58,0,1,68.09,0.37,-3.57,7.05,17.49
376.18,0,,68.04,17.52,0,1,68.19,0.28,-3.64,6.89,17.47
376.33,0,,68.11,17.47,1,0,68.07,0.19,-3.66,6.78,17.40
376.39,0,,68.11,17.43,1,0,67.92,0.14,-3.66,6.73,17.35
376.52,0,,68.03,17.40,1,0,67.99,0.19,-3.73,6.71,17.47
376.61,0,,67.98,17.40,1,0,67.96,0.08,-3.77,6.56,17.40
376.70,0,,67.97,17.40,1,0,68.07,-0.04,-3.76,6.45,17.27
376.85,0,,68.02,17.37,1,0,68.20,0.09,-3.75,6.59,17.39
376.90,0,,68.03,17.37,1,0,67.58,0.20,-3.73,6.72,17.48
376.99,0,,67.99,17.41,1,0,68.42,0.17,-3.73,6.69,17.45
377.09,0,,67.99,17.45,1,0,67.67,0.17,-3.73,6.69,17.45
377.20,0,,67.91,17.46,1,0,67.55,0.24,-3.64,6.85,17.43
377.33,0,,67.78,17.48,1,0,68.01,0.46,-3.60,7.11,17.61
377.39,0,,67.79,17.55,1,0,67.93,0.61,-3.57,7.29,17.73
377.60,0,,67.86,17.63,2,-1,67.80,0.55,-3.49,7.31,17.59
377.60,0,,67.91,17.67,2,-1,68.12,0.66,-3.48,7.43,17.69
377.68,0,,67.98,17.71,1,0,68.06,0.91,-3.42,7.74,17.88
377.83,0,,68.07,17.79,1,0,68.25,0.98,-3.37,7.86,17.90
377.89,0,,68.12,17.87,1,0,67.94,0.95,-3.37,7.83,17.87
378.02,0,,68.14,17.90,1,0,68.34,1.02,-3.32,7.95,17.89
378.11,0,,68.13,17.92,0,2,67.87,1.20,-3.31,8.14,18.06
378.20,0,,68.04,17.98,0,2,67.73,1.21,-3.26,8.20,18.02
378.35,0,,67.87,18.00,0,1,67.73,1.10,-3.22,8.13,17.87
378.40,0,,67.75,17.98,1,0,67.71,1.12,-3.29,8.08,17.96
378.49,0,,67.72,17.97,1,0,67.88,1.20,-3.29,8.16,18.04
378.59,0,,67.83,17.99,2,-1,68.33,1.19,-3.28,8.16,18.02
378.71,0,,67.99,18.02,2,-1,67.80,1.15,-3.30,8.10,18.00
378.83,0,,68.02,18.02,1,0,67.91,1.11,-3.31,8.05,17.97
378.89,0,,67.94,18.00,1,0,67.80,1.16,-3.31,8.10,18.02
379.01,0,,67.85,18.01,2,-1,67.72,1.24,-3.31,8.18,18.10
379.10,0,,67.80,18.05,1,0,67.94,1.16,-3.33,8.08,18.04
379.19,0,,67.84,18.06,2,-1,68.03,1.12,-3.36,8.01,18.03
379.33,0,,67.99,18.06,1,0,68.40,1.21,-3.34,8.12,18.10
379.39,0,,68.13,18.07,1,0,67.91,1.26,-3.27,8.24,18.08
379.48,0,,68.16,18.09,0,1,68.24,1.31,-3.22,8.34,18.08
379.61,0,,68.18,18.10,0,1,68.32,1.34,-3.25,8.34,18.14
379.70,0,,68.28,18.12,0,2,68.57,1.37,-3.20,8.42,18.12
379.85,0,,68.40,18.14,0,2,68.31,1.53,-3.14,8.64,18.22
379.90,0,,68.41,18.19,0,2,68.27,1.64,-3.14,8.75,18.33
379.99,0,,68.31,18.24,0,2,68.02,1.54,-3.06,8.73,18.15
380.11,0,,68.23,18.22,0,2,68.48,1.50,-3.03,8.72,18.08
380.20,0,,68.22,18.17,0,1,68.05,1.63,-3.02,8.86,18.20
380.33,0,,68.23,18.16,0,1,68.39,1.74,-2.93,9.06,18.22
380.39,0,,68.22,18.19,0,1,68.02,1.74,-2.94,9.05,18.23
380.51,0,,68.14,18.22,0,1,67.85,1.73,-2.93,9.05,18.21
380.63,0,,68.02,18.23,2,-1,68.06,1.87,-2.83,9.29,18.25
380.71,0,,68.01,18.25,4,-2,68.31,1.98,-2.82,9.41,18.35
380.83,0,,68.14,18.29,4,-2,68.36,1.93,-2.82,9.36,18.30
380.89,0,,68.26,18.31,2,-1,68.20,1.98,-2.76,9.47,18.29
381.02,0,,68.28,18.32,1,0,68.15,2.06,-2.75,9.56,18.36
381.11,0,,68.27,18.34,1,0,68.53,2.09,-2.71,9.63,18.35
381.20,0,,68.23,18.35,0,1,67.58,2.10,-2.65,9.70,18.30
381.35,0,,68.09,18.33,0,1,68.23,2.07,-2.65,9.67,18.27
381.40,0,,68.02,18.30,0,1,68.08,2.13,-2.61,9.77,18.29
381.49,0,,68.07,18.30,0,1,68.25,2.21,-2.59,9.87,18.35
381.58,0,,68.14,18.33,0,1,68.10,2.25,-2.61,9.89,18.41
381.70,0,,68.10,18.36,2,-1,67.64,2.24,-2.54,9.95,18.33
381.83,0,,67.96,18.36,2,-1,68.02,2.21,-2.52,9.94,18.28
381.89,0,,67.88,18.34,2,-1,67.86,2.33,-2.51,10.07,18.39
382.01,0,,67.94,18.35,4,-2,68.38,2.42,-2.43,10.24,18.40
382.10,0,,68.01,18.38,2,-1,67.58,2.42,-2.45,10.22,18.42
382.21,0,,68.03,18.41,2,-1,68.52,2.41,-2.47,10.19,18.43
382.33,0,,68.12,18.43,2,-1,68.11,2.48,-2.40,10.33,18.43
382.39,0,,68.23,18.45,2,-1,68.44,2.57,-2.39,10.43,18.51
382.48,0,,68.28,18.46,2,-1,68.09,2.47,-2.37,10.35,18.39
382.61,0,,68.30,18.44,0,2,68.55,2.45,-2.34,10.36,18.34
382.69,0,,68.30,18.40,0,2,67.99,2.56,-2.31,10.50,18.42
382.85,0,,68.23,18.39,0,2,68.16,2.60,-2.24,10.61,18.39
382.90,0,,68.09,18.39,0,1,67.67,2.63,-2.19,10.69,18.37
382.99,0,,67.97,18.38,1,0,68.23,2.65,-2.15,10.75,18.35
383.11,0,,68.02,18.38,1,0,68.39,2.74,-2.16,10.83,18.45
383.20,0,,68.15,18.43,1,0,67.93,2.89,-2.18,10.96,18.62
383.33,0,,68.17,18.51,1,0,68.23,2.88,-2.08,11.05,18.51
383.42,0,,68.15,18.54,1,0,68.05,2.86,-2.03,11.08,18.44
383.51,0,,68.08,18.52,2,-1,67.81,2.95,-2.06,11.14,18.56
383.60,0,,67.94,18.52,2,-1,67.70,3.00,-2.01,11.24,18.56
383.69,0,,67.86,18.55,2,-1,68.22,3.08,-1.95,11.38,18.58
383.83,0,,68.01,18.57,2,-1,68.64,3.12,-1.90,11.47,18.57
383.89,0,,68.28,18.58,1,0,68.28,3.10,-1.89,11.46,18.54
383.98,0,,68.41,18.57,1,0,68.33,3.11,-1.88,11.48,18.54
384.11,0,,68.40,18.54,0,1,68.36,3.08,-1.83,11.50,18.46
384.20,0,,68.35,18.51,0,2,68.21,3.12,-1.86,11.51,18.53
384.35,0,,68.27,18.50,0,2,68.13,3.06,-1.87,11.44,18.48
384.40,0,,68.19,18.48,0,2,68.18,2.97,-1.86,11.36,18.38
384.50,0,,68.11,18.45,0,2,67.84,3.01,-1.88,11.38,18.44
384.59,0,,68.00,18.42,0,1,67.92,2.97,-1.85,11.37,18.37
384.70,0,,67.98,18.40,1,0,68.41,2.94,-1.86,11.33,18.35
384.83,0,,68.09,18.38,1,0,68.06,2.95,-1.95,11.25,18.45
384.89,0,,68.15,18.39,4,-2,68.04,2.84,-1.93,11.16,18.32
385.01,0,,68.09,18.36,2,-1,67.92,2.78,-1.88,11.15,18.21
385.10,0,,68.00,18.30,2,-1,67.89,2.76,-1.93,11.08,18.24
385.19,0,,67.88,18.23,2,-1,67.57,2.61,-1.99,10.87,18.15
385.33,0,,67.77,18.17,2,-1,67.90,2.50,-1.97,10.78,18.02
385.39,0,,67.78,18.10,2,-1,68.06,2.49,-1.99,10.75,18.03
385.49,0,,67.98,18.06,2,-1,68.58,2.51,-2.09,10.67,18.15
385.61,0,,68.19,18.07,2,-1,67.93,2.43,-2.10,10.58,18.08
385.70,0,,68.17,18.08,1,0,67.76,2.29,-2.09,10.45,17.93
385.85,0,,68.00,18.02,1,0,67.99,2.20,-2.12,10.33,17.87
385.90,0,,67.91,17.93,1,0,67.95,2.11,-2.18,10.18,17.84
385.99,0,,67.95,17.86,0,1,68.26,2.01,-2.25,10.01,17.81
386.09,0,,68.00,17.81,0,1,67.61,1.90,-2.31,9.84,17.76
386.20,0,,67.92,17.77,0,1,67.80,1.81,-2.33,9.73,17.69
386.33,0,,67.81,17.73,2,-1,67.85,1.78,-2.35,9.68,17.68
386.42,0,,67.80,17.70,2,-1,67.90,1.74,-2.40,9.59,17.69
386.51,0,,67.86,17.68,2,-1,68.01,1.69,-2.41,9.53,17.65
386.60,0,,67.90,17.66,2,-1,67.74,1.70,-2.35,9.60,17.60
386.68,0,,67.93,17.64,2,-1,68.23,1.80,-2.29,9.76,17.64
386.83,0,,68.00,17.65,1,0,67.99,1.89,-2.33,9.81,17.77
386.89,0,,68.05,17.70,1,0,68.07,1.85,-2.34,9.76,17.74
387.02,0,,68.08,17.74,0,1,68.20,1.92,-2.25,9.92,17.72
387.11,0,,68.12,17.77,0,1,68.05,2.09,-2.22,10.12,17.86
387.19,0,,68.10,17.82,1,0,67.98,2.18,-2.20,10.23,17.93
387.35,0,,68.03,17.88,0,1,67.91,2.21,-2.16,10.30,17.92
387.40,0,,67.95,17.92,0,1,67.86,2.23,-2.14,10.34,17.92
387.49,0,,67.91,17.94,1,0,68.06,2.34,-2.08,10.51,17.97
387.61,0,,67.94,17.97,1,0,67.92,2.51,-2.01,10.75,18.07
387.70,0,,67.99,18.03,1,0,68.23,2.65,-1.97,10.93,18.17
387.83,0,,68.03,18.12,1,0,67.79,2.69,-1.97,10.97,18.21
387.89,0,,68.03,18.19,1,0,68.22,2.78,-1.89,11.14,18.22
388.01,0,,68.05,18.24,1,0,67.99,2.98,-1.83,11.40,18.36
388.10,0,,68.04,18.31,1,0,67.89,3.03,-1.81,11.47,18.39
388.19,0,,68.01,18.36,1,0,68.15,3.01,-1.77,11.49,18.33
388.33,0,,68.01,18.38,1,0,67.93,3.13,-1.72,11.66,18.40
388.39,0,,68.01,18.40,1,0,67.98,3.29,-1.64,11.90,18.48
388.49,0,,67.99,18.45,1,0,68.06,3.40,-1.61,12.04,18.56
388.61,0,,67.97,18.51,1,0,67.71,3.43,-1.55,12.13,18.53
388.70,0,,67.95,18.55,1,0,68.31,3.55,-1.49,12.31,18.59
388.85,0,,67.99,18.60,1,0,67.80,3.72,-1.47,12.50,18.74
388.90,0,,67.91,18.67,1,0,67.38,3.74,-1.41,12.58,18.70
388.99,0,,67.71,18.70,2,-1,67.69,3.73,-1.34,12.64,18.62
389.09,0,,67.61,18.68,4,-2,67.79,3.78,-1.30,12.73,18.63
389.23,0,,67.72,18.66,4,-2,68.21,3.86,-1.29,12.82,18.70
389.33,0,,67.99,18.68,2,-1,68.48,3.96,-1.27,12.94,18.78
389.39,0,,68.18,18.74,1,0,67.68,4.03,-1.26,13.02,18.84
389.51,0,,68.15,18.80,1,0,68.24,4.08,-1.20,13.13,18.83
389.63,0,,68.09,18.84,1,0,68.03,4.17,-1.13,13.29,18.85
389.68,0,,68.05,18.86,0,1,67.91,4.27,-1.10,13.42,18.92
389.83,0,,68.02,18.90,0,2,68.21,4.33,-1.05,13.53,18.93
389.92,0,,68.10,18.93,0,2,68.40,4.33,-1.08,13.50,18.96
389.99,0,,68.20,18.95,0,2,67.99,4.23,-1.19,13.29,18.97
390.16,0,,68.22,18.96,0,1,68.39,4.16,-1.20,13.21,18.91
390.20,0,,68.20,18.95,0,1,67.92,4.12,-1.23,13.14,18.90
390.38,0,,68.16,18.92,0,1,68.28,4.00,-1.35,12.90,18.90
390.41,0,,68.14,18.89,1,0,68.07,3.87,-1.39,12.73,18.81
390.52,0,,68.10,18.85,1,0,67.89,3.83,-1.40,12.68,18.78
390.62,0,,68.00,18.81,1,0,67.81,3.81,-1.43,12.63,18.79
390.70,0,,67.91,18.78,2,-1,68.00,3.65,-1.52,12.38,18.72
390.83,0,,67.87,18.73,2,-1,67.69,3.38,-1.61,12.02,18.54
390.89,0,,67.84,18.61,4,-2,67.99,3.16,-1.64,11.77,18.35
391.01,0,,67.88,18.46,4,-2,68.03,3.00,-1.73,11.52,18.28
391.10,0,,67.97,18.32,4,-2,68.11,2.81,-1.83,11.23,18.19
391.19,0,,68.06,18.23,2,-1,68.15,2.65,-1.95,10.95,18.15
391.33,0,,68.12,18.16,1,0,68.08,2.44,-2.11,10.58,18.10
391.39,0,,68.10,18.10,1,0,67.94,2.18,-2.19,10.24,17.92
391.49,0,,68.04,18.00,1,0,68.03,2.02,-2.26,10.01,17.83
391.61,0,,67.96,17.89,1,0,67.71,1.86,-2.37,9.74,17.78
391.70,0,,67.86,17.80,1,0,67.78,1.62,-2.48,9.39,17.65
391.85,0,,67.81,17.70,2,-1,67.97,1.44,-2.54,9.15,17.53
391.90,0,,67.82,17.61,2,-1,67.71,1.36,-2.63,8.98,17.54
391.99,0,,67.81,17.54,2,-1,67.83,1.20,-2.72,8.73,17.47
392.09,0,,67.88,17.47,2,-1,68.41,1.00,-2.74,8.51,17.29
392.21,0,,68.04,17.38,2,-1,67.96,0.92,-2.77,8.40,17.24
392.33,0,,68.12,17.29,2,-1,68.12,0.88,-2.83,8.30,17.26
392.39,0,,68.04,17.25,2,-1,67.52,0.85,-2.88,8.22,17.28
392.51,0,,67.90,17.25,2,-1,68.11,0.73,-2.95,8.03,17.23
392.60,0,,67.87,17.24,2,-1,67.86,0.58,-3.01,7.82,17.14
392.69,0,,67.87,17.19,2,-1,67.73,0.59,-2.99,7.85,17.13
392.84,0,,67.84,17.16,1,0,67.91,0.65,-2.99,7.91,17.19
392.90,0,,67.81,17.16,2,-1,67.65,0.55,-3.04,7.76,17.14
392.98,0,,67.84,17.14,2,-1,68.33,0.44,-3.07,7.62,17.06
393.11,0,,67.91,17.12,1,0,67.53,0.47,-3.10,7.62,17.12
393.20,0,,67.90,17.11,1,0,67.97,0.51,-3.10,7.66,17.16
393.35,0,,67.89,17.13,1,0,68.12,0.45,-3.15,7.55,17.15
393.40,0,,67.99,17.14,1,0,68.15,0.33,-3.24,7.34,17.12
393.53,0,,68.06,17.15,1,0,67.83,0.34,-3.25,7.34,17.14
393.59,0,,67.98,17.15,1,0,67.68,0.43,-3.22,7.46,17.20
393.71,0,,67.82,17.17,1,0,67.68,0.40,-3.26,7.39,17.21
393.83,0,,67.73,17.19,1,0,67.90,0.29,-3.32,7.22,17.16
393.89,0,,67.75,17.18,1,0,67.76,0.26,-3.29,7.22,17.10
394.01,0,,67.73,17.16,1,0,67.43,0.37,-3.30,7.32,17.22
394.10,0,,67.68,17.18,1,0,67.90,0.40,-3.37,7.28,17.32
394.19,0,,67.73,17.23,1,0,68.01,0.30,-3.35,7.20,17.20
394.33,0,,67.85,17.24,1,0,67.84,0.26,-3.35,7.16,17.16
394.39,0,,67.92,17.22,1,0,67.98,0.33,-3.37,7.21,17.25
394.49,0,,67.98,17.23,1,0,68.18,0.42,-3.37,7.30,17.34
394.58,0,,68.01,17.28,1,0,67.70,0.38,-3.40,7.23,17.33
394.70,0,,67.96,17.31,1,0,68.01,0.27,-3.40,7.12,17.22
394.85,0,,67.98,17.29,0,2,68.37,0.34,-3.39,7.20,17.28
394.88,0,,68.13,17.29,0,2,68.27,0.46,-3.39,7.32,17.40
394.99,0,,68.23,17.33,0,2,68.06,0.42,-3.39,7.28,17.36
395.11,0,,68.14,17.35,0,2,67.66,0.32,-3.40,7.17,17.27
395.17,0,,67.94,17.34,0,1,67.83,0.37,-3.40,7.22,17.32
395.33,0,,67.82,17.33,1,0,67.94,0.45,-3.40,7.30,17.40
395.39,0,,67.81,17.35,1,0,67.74,0.37,-3.42,7.20,17.34
395.48,0,,67.82,17.34,0,1,67.88,0.24,-3.43,7.06,17.22
395.60,0,,67.85,17.31,2,-1,68.01,0.27,-3.49,7.03,17.31
395.69,0,,67.93,17.30,2,-1,68.02,0.33,-3.53,7.05,17.41
395.77,0,,67.96,17.34,4,-2,67.77,0.30,-3.51,7.04,17.36
395.89,0,,67.91,17.36,2,-1,67.84,0.25,-3.52,6.98,17.32
396.02,0,,67.84,17.36,2,-1,67.78,0.24,-3.57,6.92,17.36
396.11,0,,67.80,17.35,1,0,67.78,0.24,-3.55,6.94,17.34
396.20,0,,67.74,17.34,1,0,67.46,0.23,-3.52,6.96,17.30
396.35,0,,67.64,17.32,1,0,67.64,0.15,-3.55,6.85,17.25
396.38,0,,67.67,17.28,1,0,68.21,0.10,-3.58,6.77,17.23
396.49,0,,67.86,17.26,2,-1,68.06,0.16,-3.57,6.84,17.28
396.61,0,,68.04,17.27,2,-1,68.07,0.20,-3.58,6.87,17.33
396.67,0,,68.09,17.30,0,1,67.97,0.15,-3.63,6.77,17.33
396.83,0,,68.08,17.32,0,1,68.19,0.06,-3.67,6.64,17.28
396.92,0,,68.08,17.32,0,2,68.00,0.07,-3.67,6.65,17.29
396.98,0,,68.08,17.30,0,2,68.11,0.11,-3.64,6.72,17.30
397.10,0,,68.05,17.30,0,2,67.89,0.07,-3.65,6.67,17.27
397.19,0,,68.04,17.28,0,2,68.26,-0.02,-3.70,6.53,17.23
397.27,0,,68.09,17.25,0,1,68.16,-0.05,-3.66,6.54,17.16
397.39,0,,68.19,17.22,0,1,68.44,0.03,-3.67,6.61,17.25
397.52,0,,68.28,17.22,0,1,68.24,0.02,-3.71,6.56,17.28
397.58,0,,68.33,17.23,0,1,68.41,-0.09,-3.68,6.48,17.14
397.70,0,,68.35,17.22,0,1,68.27,-0.07,-3.73,6.45,17.21
397.84,0,,68.28,17.22,0,1,67.89,-0.03,-3.78,6.44,17.30
397.88,0,,68.08,17.24,0,2,67.69,-0.08,-3.73,6.44,17.20
397.99,0,,67.86,17.23,1,0,67.78,-0.17,-3.73,6.35,17.11
398.09,0,,67.83,17.18,2,-1,68.41,-0.19,-3.80,6.26,17.16
398.17,0,,68.02,17.16,4,-2,68.21,-0.10,-3.79,6.36,17.24
398.33,0,,68.18,17.18,4,-2,68.10,-0.14,-3.73,6.38,17.14
398.39,0,,68.23,17.17,2,-1,68.31,-0.22,-3.77,6.26,17.10
398.51,0,,68.23,17.15,0,1,68.15,-0.22,-3.86,6.17,17.19
398.60,0,,68.20,17.15,0,1,68.06,-0.26,-3.83,6.16,17.12
398.69,0,,68.11,17.14,0,1,67.88,-0.24,-3.79,6.22,17.10
398.78,0,,67.99,17.12,0,1,67.89,-0.27,-3.82,6.16,17.10
398.89,0,,67.88,17.09,0,1,67.73,-0.37,-3.84,6.04,17.02
398.99,0,,67.80,17.06,2,-1,67.79,-0.34,-3.83,6.08,17.04
399.08,0,,67.75,17.05,2,-1,67.66,-0.32,-3.83,6.10,17.06
399.20,0,,67.75,17.04,2,-1,68.03,-0.35,-3.84,6.06,17.04
399.35,0,,67.81,17.03,2,-1,67.75,-0.45,-3.85,5.95,16.95
399.40,0,,67.87,17.00,2,-1,68.02,-0.48,-3.88,5.89,16.95
399.49,0,,67.94,16.99,2,-1,68.08,-0.36,-3.92,5.97,17.11
399.59,0,,67.98,17.03,2,-1,67.78,-0.39,-3.92,5.94,17.08
399.67,0,,67.95,17.05,2,-1,67.92,-0.55,-3.93,5.77,16.93
399.83,0,,67.89,17.02,2,-1,67.79,-0.55,-3.95,5.75,16.95
399.89,0,,67.87,16.97,2,-1,68.06,-0.50,-3.90,5.85,16.95
399.98,0,,67.93,16.96,2,-1,68.01,-0.45,-3.93,5.87,17.03
400.10,0,,67.94,17.00,0,1,67.64,-0.45,-4.02,5.78,17.12
400.21,0,,67.89,17.05,1,0,68.06,-0.56,-3.99,5.70,16.98
400.27,0,,67.88,17.04,1,0,67.85,-0.54,-3.95,5.76,16.96
400.39,0,,67.91,17.01,2,-1,67.97,-0.47,-3.95,5.83,17.03
400.49,0,,67.88,17.01,2,-1,67.60,-0.50,-3.95,5.80,17.00
400.58,0,,67.79,17.01,2,-1,67.72,-0.54,-4.00,5.71,17.01
400.70,0,,67.74,17.02,2,-1,67.91,-0.47,-4.04,5.74,17.12
400.85,0,,67.77,17.08,2,-1,67.78,-0.35,-4.01,5.89,17.21
400.87,0,,67.85,17.14,2,-1,68.12,-0.39,-3.98,5.88,17.14
400.99,0,,67.92,17.16,2,-1,67.78,-0.50,-4.01,5.74,17.06
401.12,0,,67.95,17.13,1,0,68.06,-0.42,-3.98,5.85,17.11
401.17,0,,67.96,17.13,1,0,67.91,-0.27,-3.96,6.02,17.24
401.33,0,,67.93,17.18,1,0,67.70,-0.26,-4.01,5.98,17.30
401.39,0,,67.91,17.25,1,0,68.32,-0.32,-4.03,5.90,17.26
401.48,0,,67.99,17.28,1,0,67.96,-0.27,-3.97,6.01,17.25
401.63,0,,68.06,17.28,1,0,68.08,-0.20,-3.93,6.12,17.28
401.69,0,,68.06,17.28,0,1,67.96,-0.21,-3.95,6.09,17.29
401.77,0,,68.00,17.28,0,1,67.82,-0.26,-3.99,6.00,17.28
401.89,0,,67.91,17.29,1,0,67.81,-0.26,-3.99,6.00,17.28
402.02,0,,67.83,17.29,1,0,67.80,-0.20,-3.96,6.09,17.31
402.08,0,,67.79,17.31,1,0,67.78,-0.19,-3.98,6.08,17.34
402.20,0,,67.86,17.33,1,0,68.41,-0.23,-4.03,5.99,17.35
402.35,0,,68.01,17.35,1,0,67.85,-0.30,-4.08,5.87,17.33
402.38,0,,68.07,17.35,1,0,68.08,-0.30,-4.07,5.88,17.32
402.49,0,,68.06,17.35,1,0,68.10,-0.22,-4.06,5.97,17.39
402.58,0,,68.05,17.35,1,0,67.88,-0.31,-4.08,5.86,17.32
402.67,0,,67.99,17.34,1,0,67.92,-0.40,-4.07,5.78,17.22
402.83,0,,67.94,17.30,0,1,68.00,-0.35,-4.09,5.81,17.29
402.89,0,,67.95,17.28,1,0,68.04,-0.37,-4.11,5.77,17.29
403.01,0,,67.98,17.28,0,1,67.91,-0.40,-4.07,5.78,17.22
403.10,0,,67.92,17.26,0,1,67.55,-0.45,-4.11,5.69,17.21
403.22,0,,67.81,17.23,1,0,68.01,-0.50,-4.13,5.62,17.18
403.33,0,,67.85,17.19,2,-1,68.14,-0.51,-4.07,5.67,17.11
403.39,0,,67.95,17.14,2,-1,67.85,-0.57,-4.07,5.61,17.05
403.48,0,,67.95,17.08,1,0,67.76,-0.59,-4.02,5.64,16.98
403.61,0,,67.88,17.02,1,0,67.90,-0.53,-3.92,5.80,16.94
403.70,0,,67.88,16.98,1,0,68.10,-0.44,-3.91,5.90,17.02
403.82,0,,67.90,17.00,1,0,67.60,-0.39,-3.98,5.88,17.14
403.90,0,,67.83,17.04,1,0,67.69,-0.56,-3.98,5.71,16.97
404.00,0,,67.72,17.04,1,0,67.64,-0.57,-3.95,5.73,16.93
404.09,0,,67.71,17.01,1,0,68.06,-0.40,-3.96,5.89,17.11
404.20,0,,67.77,17.02,1,0,67.59,-0.47,-3.96,5.82,17.04
404.33,0,,67.81,17.04,1,0,68.03,-0.57,-3.97,5.71,16.95
404.39,0,,67.87,17.01,1,0,67.94,-0.56,-3.97,5.72,16.96
404.51,0,,67.91,16.99,1,0,67.77,-0.49,-3.95,5.81,17.01
404.60,0,,67.84,16.99,1,0,67.56,-0.47,-3.96,5.82,17.04
404.69,0,,67.71,17.01,1,0,67.60,-0.59,-4.02,5.64,16.98
404.83,0,,67.64,17.00,2,-1,67.82,-0.64,-4.02,5.59,16.93
404.90,0,,67.68,16.98,2,-1,67.80,-0.54,-3.99,5.72,17.00
404.99,0,,67.76,17.00,2,-1,67.83,-0.45,-4.03,5.77,17.13
405.11,0,,67.83,17.05,2,-1,67.89,-0.52,-4.05,5.68,17.08
405.20,0,,67.88,17.07,2,-1,67.98,-0.61,-4.01,5.63,16.95
405.32,0,,67.94,17.05,2,-1,68.01,-0.54,-4.01,5.70,17.02
405.40,0,,68.01,17.03,1,0,68.13,-0.44,-4.02,5.79,17.13
405.49,0,,68.03,17.06,0,2,67.80,-0.47,-4.00,5.78,17.08
405.59,0,,68.01,17.08,0,2,68.23,-0.52,-3.99,5.74,17.02
405.70,0,,68.01,17.07,0,2,67.78,-0.47,-3.98,5.80,17.06
405.83,0,,67.93,17.07,0,1,67.63,-0.33,-3.92,6.00,17.14
405.92,0,,67.81,17.09,1,0,67.90,-0.35,-3.90,6.00,17.10
406.01,0,,67.77,17.11,1,0,67.81,-0.45,-3.95,5.85,17.05
406.10,0,,67.84,17.10,1,0,68.14,-0.35,-3.92,5.98,17.12
406.18,0,,67.93,17.10,1,0,67.81,-0.30,-3.88,6.07,17.13
406.33,0,,68.04,17.12,1,0,68.57,-0.34,-3.92,5.99,17.13
406.39,0,,68.13,17.13,1,0,67.72,-0.39,-3.93,5.93,17.09
406.52,0,,68.06,17.11,1,0,67.76,-0.46,-3.92,5.87,17.01
406.61,0,,67.95,17.08,1,0,68.35,-0.40,-3.95,5.90,17.10
406.70,0,,67.98,17.07,1,0,67.80,-0.42,-3.95,5.88,17.08
406.82,0,,68.02,17.06,0,1,68.24,-0.57,-4.00,5.68,16.98
406.90,0,,68.07,17.05,0,1,68.06,-0.53,-4.04,5.68,17.06
406.99,0,,68.10,17.05,0,1,68.05,-0.48,-4.04,5.73,17.11
407.09,0,,68.05,17.07,0,1,67.80,-0.57,-4.07,5.61,17.05
407.20,0,,67.94,17.06,0,1,67.80,-0.67,-4.08,5.50,16.96
407.33,0,,67.85,17.02,0,1,67.90,-0.70,-4.10,5.45,16.95
407.39,0,,67.84,16.97,0,1,67.94,-0.69,-4.10,5.46,16.96
407.51,0,,67.96,16.94,1,0,68.51,-0.74,-4.06,5.45,16.87
407.60,0,,68.19,16.91,1,0,68.38,-0.80,-4.10,5.35,16.85
407.68,0,,68.34,16.88,0,1,68.16,-0.80,-4.15,5.30,16.90
407.83,0,,68.31,16.87,0,1,68.10,-0.78,-4.11,5.36,16.88
407.89,0,,68.24,16.90,1,0,68.41,-0.65,-4.11,5.49,17.01
407.99,0,,68.24,16.95,0,1,68.22,-0.64,-4.10,5.51,17.01
408.11,0,,68.23,16.99,0,2,68.04,-0.74,-4.13,5.38,16.94
408.20,0,,68.11,16.99,0,2,67.73,-0.72,-4.15,5.38,16.98
408.32,0,,67.93,16.97,0,1,67.80,-0.68,-4.03,5.54,16.90
408.40,0,,67.79,16.94,0,1,67.66,-0.70,-4.04,5.51,16.89
408.49,0,,67.70,16.90,4,-2,67.69,-0.80,-4.12,5.33,16.87
408.59,0,,67.69,16.88,4,-2,67.86,-0.76,-4.10,5.39,16.89
408.70,0,,67.77,16.89,4,-2,67.99,-0.67,-4.10,5.48,16.98
408.83,0,,67.90,16.93,4,-2,68.08,-0.75,-4.16,5.34,16.96
408.89,0,,68.00,16.95,4,-2,67.96,-0.78,-4.16,5.31,16.93
409.01,0,,68.04,16.95,2,-1,68.10,-0.74,-4.10,5.41,16.91
409.10,0,,68.04,16.93,0,1,67.89,-0.75,-4.09,5.41,16.89
409.19,0,,67.90,16.91,2,-1,67.27,-0.74,-4.11,5.40,16.92
409.33,0,,67.69,16.90,2,-1,67.84,-0.81,-4.13,5.31,16.87
409.40,0,,67.65,16.90,1,0,67.91,-0.75,-4.13,5.37,16.93
409.49,0,,67.76,16.92,2,-1,67.90,-0.58,-4.07,5.60,17.04
409.61,0,,67.93,16.98,2,-1,68.38,-0.59,-4.07,5.59,17.03
409.70,0,,68.12,17.02,1,0,68.14,-0.67,-4.10,5.48,16.98
409.82,0,,68.17,17.02,1,0,67.78,-0.64,-4.08,5.53,16.99
409.90,0,,68.07,17.02,0,1,68.12,-0.52,-4.05,5.68,17.08
410.00,0,,68.02,17.05,0,1,68.08,-0.48,-4.05,5.72,17.12
410.09,0,,68.02,17.08,1,0,67.88,-0.58,-4.08,5.59,17.05
410.20,0,,67.94,17.08,1,0,67.68,-0.60,-4.05,5.60,17.00
410.33,0,,67.84,17.05,2,-1,67.85,-0.53,-4.05,5.67,17.07
410.39,0,,67.78,17.05,2,-1,67.72,-0.54,-4.07,5.64,17.08
410.51,0,,67.78,17.05,2,-1,67.94,-0.61,-4.07,5.57,17.01
410.60,0,,67.81,17.04,2,-1,67.80,-0.62,-4.08,5.55,17.01
410.69,0,,67.88,17.03,2,-1,68.15,-0.55,-4.06,5.64,17.06
410.84,0,,67.94,17.05,1,0,67.72,-0.52,-4.09,5.64,17.12
410.90,0,,67.91,17.09,1,0,67.84,-0.56,-4.14,5.55,17.13
410.99,0,,67.89,17.11,1,0,68.15,-0.63,-4.11,5.51,17.03
411.11,0,,67.92,17.09,1,0,67.71,-0.58,-4.10,5.57,17.07
411.20,0,,67.89,17.08,1,0,67.81,-0.51,-4.07,5.67,17.11
411.32,0,,67.87,17.07,1,0,68.17,-0.60,-4.08,5.57,17.03
411.41,0,,67.97,17.07,1,0,68.08,-0.65,-4.21,5.39,17.11
411.50,0,,68.07,17.09,0,1,68.15,-0.58,-4.19,5.48,17.16
411.58,0,,68.11,17.12,0,1,67.99,-0.56,-4.12,5.57,17.11
411.71,0,,68.10,17.13,0,1,68.12,-0.65,-4.14,5.46,17.04
411.83,0,,68.03,17.10,0,1,67.68,-0.64,-4.15,5.46,17.06
411.89,0,,67.96,17.09,1,0,68.27,-0.51,-4.14,5.60,17.18
412.01,0,,67.99,17.12,1,0,67.96,-0.48,-4.13,5.64,17.20
412.10,0,,68.02,17.16,1,0,67.97,-0.57,-4.13,5.55,17.11
412.18,0,,67.97,17.16,0,1,67.76,-0.61,-4.13,5.51,17.07
412.34,0,,67.94,17.13,1,0,68.27,-0.52,-4.11,5.62,17.14
412.40,0,,67.97,17.13,1,0,67.77,-0.46,-4.13,5.66,17.22
412.49,0,,68.01,17.16,1,0,68.27,-0.53,-4.16,5.56,17.18
412.61,0,,68.04,17.18,1,0,67.90,-0.59,-4.18,5.48,17.14
412.70,0,,68.07,17.18,1,0,68.22,-0.55,-4.15,5.55,17.15
412.82,0,,68.06,17.17,1,0,67.85,-0.46,-4.12,5.67,17.21
412.90,0,,68.02,17.19,1,0,68.05,-0.49,-4.17,5.59,17.23
413.00,0,,68.02,17.21,1,0,68.18,-0.61,-4.19,5.45,17.13
413.09,0,,68.08,17.19,0,1,68.15,-0.53,-4.15,5.57,17.17
413.20,0,,68.15,17.19,0,1,68.23,-0.41,-4.14,5.70,17.28
413.33,0,,68.18,17.22,0,1,68.09,-0.45,-4.17,5.63,17.27
413.42,0,,68.17,17.26,0,1,68.14,-0.50,-4.20,5.55,17.25
413.51,0,,68.09,17.27,0,1,67.79,-0.47,-4.19,5.59,17.27
413.60,0,,68.04,17.27,0,1,68.38,-0.47,-4.14,5.64,17.22
413.68,0,,68.10,17.25,0,1,68.21,-0.49,-4.15,5.61,17.21
413.83,0,,68.15,17.23,0,1,67.83,-0.50,-4.20,5.55,17.25
413.90,0,,68.08,17.23,1,0,68.14,-0.49,-4.20,5.56,17.26
413.98,0,,68.04,17.25,1,0,68.00,-0.44,-4.19,5.62,17.30
414.11,0,,67.97,17.26,1,0,67.64,-0.52,-4.17,5.56,17.20
414.20,0,,67.89,17.23,2,-1,68.14,-0.65,-4.17,5.43,17.07
414.32,0,,67.96,17.18,2,-1,68.30,-0.56,-4.23,5.46,17.22
414.40,0,,68.05,17.18,1,0,67.64,-0.47,-4.24,5.54,17.32
414.50,0,,68.03,17.24,1,0,68.31,-0.51,-4.24,5.50,17.28
414.58,0,,68.02,17.28,1,0,67.75,-0.56,-4.24,5.45,17.23
414.70,0,,68.02,17.27,1,0,68.33,-0.56,-4.23,5.46,17.22
414.83,0,,68.07,17.25,1,0,68.05,-0.51,-4.23,5.51,17.27
414.89,0,,68.12,17.26,1,0,68.14,-0.48,-4.24,5.53,17.31
415.01,0,,68.15,17.28,1,0,68.28,-0.55,-4.31,5.39,17.31
415.13,0,,68.23,17.30,0,1,68.46,-0.57,-4.31,5.37,17.29
415.18,0,,68.29,17.31,0,1,67.98,-0.49,-4.24,5.52,17.30
415.33,0,,68.20,17.31,0,1,67.95,-0.46,-4.25,5.54,17.34
415.39,0,,68.06,17.31,0,1,68.07,-0.56,-4.28,5.41,17.27
415.49,0,,68.00,17.30,1,0,67.97,-0.57,-4.29,5.39,17.27
415.61,0,,67.97,17.30,1,0,67.89,-0.49,-4.31,5.45,17.37
415.70,0,,67.95,17.32,1,0,68.04,-0.50,-4.32,5.43,17.37
415.82,0,,67.95,17.34,1,0,67.85,-0.57,-4.29,5.39,17.27
415.90,0,,67.94,17.32,4,-2,68.00,-0.62,-4.31,5.32,17.24
416.00,0,,67.99,17.30,4,-2,68.34,-0.48,-4.33,5.44,17.40
416.09,0,,68.04,17.33,2,-1,67.51,-0.42,-4.25,5.58,17.38
416.21,0,,67.91,17.34,2,-1,67.70,-0.60,-4.25,5.40,17.20
416.33,0,,67.83,17.31,2,-1,68.41,-0.56,-4.32,5.37,17.31
416.39,0,,67.99,17.31,1,0,68.17,-0.44,-4.30,5.51,17.41
416.51,0,,68.15,17.35,1,0,68.07,-0.46,-4.30,5.49,17.39
416.60,0,,68.16,17.39,1,0,68.06,-0.47,-4.33,5.45,17.41
416.68,0,,68.12,17.41,0,1,68.07,-0.52,-4.32,5.41,17.35
416.83,0,,68.06,17.39,0,1,67.90,-0.52,-4.32,5.41,17.35
416.90,0,,68.04,17.38,0,1,68.35,-0.46,-4.31,5.48,17.40
416.98,0,,68.08,17.38,0,1,67.92,-0.48,-4.31,5.46,17.38
417.08,0,,68.09,17.37,0,1,68.07,-0.58,-4.30,5.37,17.27
417.23,0,,68.06,17.33,1,0,68.05,-0.59,-4.30,5.36,17.26
417.32,0,,68.08,17.31,1,0,68.29,-0.48,-4.34,5.43,17.41
417.38,0,,68.16,17.33,1,0,68.21,-0.49,-4.33,5.43,17.39
417.50,0,,68.20,17.36,1,0,68.09,-0.57,-4.34,5.34,17.32
417.59,0,,68.17,17.37,1,0,68.11,-0.52,-4.34,5.39,17.37
417.68,0,,68.11,17.37,1,0,68.01,-0.46,-4.30,5.49,17.39
417.83,0,,68.08,17.38,0,1,68.20,-0.49,-4.31,5.45,17.37
417.89,0,,68.12,17.37,0,1,68.29,-0.59,-4.35,5.31,17.31
417.98,0,,68.19,17.35,0,1,68.16,-0.58,-4.32,5.35,17.29
418.13,0,,68.19,17.34,0,1,68.04,-0.41,-4.31,5.53,17.45
418.19,0,,68.17,17.38,1,0,68.36,-0.45,-4.35,5.45,17.45
418.27,0,,68.19,17.41,0,1,68.12,-0.58,-4.35,5.32,17.32
418.40,0,,68.19,17.41,0,1,68.11,-0.47,-4.34,5.44,17.42
418.49,0,,68.11,17.41,0,1,67.84,-0.36,-4.29,5.60,17.48
418.58,0,,68.03,17.44,0,1,68.20,-0.38,-4.26,5.61,17.43
418.70,0,,68.01,17.45,1,0,67.87,-0.41,-4.30,5.54,17.44
418.82,0,,68.01,17.46,1,0,68.15,-0.35,-4.29,5.61,17.49
418.88,0,,68.03,17.47,1,0,68.01,-0.27,-4.24,5.74,17.52
418.99,0,,68.05,17.49,1,0,68.11,-0.30,-4.23,5.72,17.48
419.09,0,,68.12,17.49,1,0,68.44,-0.39,-4.26,5.60,17.42
419.18,0,,68.20,17.46,1,0,68.00,-0.39,-4.27,5.59,17.43
419.33,0,,68.28,17.45,1,0,68.77,-0.32,-4.29,5.64,17.52
419.39,0,,68.39,17.47,1,0,68.29,-0.37,-4.31,5.57,17.49
419.48,0,,68.41,17.48,0,2,68.13,-0.50,-4.31,5.44,17.36
419.60,0,,68.30,17.43,0,2,68.24,-0.58,-4.32,5.35,17.29
419.69,0,,68.17,17.35,0,2,67.79,-0.61,-4.35,5.29,17.29
419.78,0,,68.04,17.30,0,1,68.20,-0.62,-4.34,5.29,17.27
419.90,0,,68.02,17.27,1,0,68.05,-0.65,-4.35,5.25,17.25
419.99,0,,68.05,17.26,1,0,68.06,-0.69,-4.38,5.18,17.24
420.08,0,,68.11,17.26,1,0,68.45,-0.64,-4.40,5.21,17.31
420.20,0,,68.25,17.29,1,0,68.38,-0.57,-4.41,5.27,17.39
420.32,0,,68.32,17.34,1,0,68.04,-0.62,-4.40,5.23,17.33
420.38,0,,68.22,17.34,1,0,67.96,-0.69,-4.37,5.19,17.23
420.50,0,,68.08,17.30,1,0,68.05,-0.63,-4.33,5.29,17.25
420.59,0,,68.02,17.28,1,0,68.03,-0.57,-4.37,5.31,17.35
420.68,0,,68.00,17.29,1,0,67.99,-0.63,-4.40,5.22,17.32
420.83,0,,68.02,17.31,1,0,68.15,-0.66,-4.38,5.21,17.27
420.89,0,,68.08,17.32,1,0,68.26,-0.56,-4.40,5.29,17.39
420.98,0,,68.19,17.35,1,0,68.35,-0.54,-4.41,5.30,17.42
421.10,0,,68.23,17.37,1,0,67.92,-0.66,-4.40,5.19,17.29
421.19,0,,68.19,17.35,1,0,68.35,-0.74,-4.46,5.05,17.27
421.28,0,,68.21,17.32,1,0,68.33,-0.70,-4.48,5.07,17.33
421.43,0,,68.28,17.31,1,0,68.37,-0.63,-4.42,5.20,17.34
421.49,0,,68.29,17.32,1,0,68.00,-0.69,-4.45,5.11,17.31
421.58,0,,68.18,17.32,1,0,67.88,-0.80,-4.48,4.97,17.23
421.70,0,,68.06,17.29,1,0,68.33,-0.74,-4.45,5.06,17.26
421.82,0,,68.11,17.28,1,0,68.28,-0.63,-4.48,5.14,17.40
421.88,0,,68.23,17.32,1,0,68.34,-0.69,-4.50,5.06,17.36
422.03,0,,68.25,17.35,1,0,67.86,-0.80,-4.50,4.95,17.25
422.09,0,,68.15,17.32,1,0,68.13,-0.77,-4.48,5.00,17.26
422.21,0,,68.07,17.29,1,0,68.07,-0.65,-4.44,5.16,17.34
422.33,0,,68.06,17.30,2,-1,68.08,-0.65,-4.46,5.14,17.36
422.39,0,,68.07,17.33,2,-1,68.11,-0.76,-4.51,4.98,17.30
422.51,0,,68.09,17.34,1,0,68.13,-0.70,-4.48,5.07,17.33
422.63,0,,68.13,17.34,1,0,68.22,-0.58,-4.43,5.24,17.40
422.69,0,,68.19,17.37,1,0,68.37,-0.64,-4.49,5.12,17.40
422.78,0,,68.30,17.39,1,0,68.47,-0.71,-4.51,5.03,17.35
422.90,0,,68.40,17.39,1,0,68.42,-0.64,-4.47,5.14,17.38
422.99,0,,68.44,17.40,0,2,68.44,-0.50,-4.48,5.27,17.53
423.08,0,,68.43,17.45,0,2,68.28,-0.56,-4.49,5.20,17.48
423.23,0,,68.33,17.48,0,2,67.94,-0.67,-4.51,5.07,17.39
423.32,0,,68.15,17.45,0,1,68.00,-0.67,-4.51,5.07,17.39
423.41,0,,68.01,17.43,0,1,67.93,-0.56,-4.48,5.21,17.47
423.50,0,,67.95,17.45,1,0,68.03,-0.52,-4.49,5.24,17.52
423.59,0,,67.97,17.47,4,-2,68.07,-0.66,-4.48,5.11,17.37
423.71,0,,68.02,17.46,4,-2,68.06,-0.60,-4.50,5.15,17.45
423.83,0,,68.10,17.46,4,-2,68.39,-0.49,-4.51,5.25,17.57
423.89,0,,68.20,17.50,4,-2,68.15,-0.53,-4.49,5.23,17.51
424.01,0,,68.22,17.53,2,-1,68.06,-0.53,-4.54,5.18,17.56
424.13,0,,68.18,17.55,1,0,68.30,-0.52,-4.54,5.19,17.57
424.22,0,,68.19,17.58,1,0,68.20,-0.42,-4.51,5.32,17.64
424.37,0,,68.17,17.61,1,0,67.93,-0.37,-4.46,5.42,17.64
424.40,0,,68.14,17.62,1,0,68.38,-0.50,-4.44,5.31,17.49
424.49,0,,68.18,17.59,0,1,68.26,-0.47,-4.51,5.27,17.59
424.61,0,,68.22,17.60,0,1,68.06,-0.29,-4.52,5.44,17.78
424.73,0,,68.16,17.68,1,0,67.96,-0.25,-4.50,5.50,17.80
424.82,0,,68.09,17.75,1,0,68.21,-0.32,-4.50,5.43,17.73
424.91,0,,68.09,17.77,1,0,68.10,-0.36,-4.51,5.38,17.70
425.00,0,,68.12,17.75,1,0,68.19,-0.30,-4.50,5.45,17.75
425.09,0,,68.17,17.75,1,0,68.32,-0.20,-4.49,5.56,17.84
425.20,0,,68.26,17.79,0,1,68.42,-0.23,-4.54,5.48,17.86
425.33,0,,68.32,17.82,1,0,68.17,-0.32,-4.54,5.39,17.77
425.42,0,,68.32,17.83,1,0,68.35,-0.22,-4.51,5.52,17.84
425.51,0,,68.31,17.85,0,1,68.38,-0.09,-4.53,5.63,17.99
425.60,0,,68.34,17.90,0,1,68.32,-0.15,-4.54,5.56,17.94
425.69,0,,68.31,17.93,0,1,68.09,-0.25,-4.54,5.46,17.84
425.83,0,,68.25,17.92,0,1,68.35,-0.16,-4.55,5.54,17.94
425.90,0,,68.25,17.93,0,1,68.34,-0.04,-4.54,5.67,18.05
425.99,0,,68.30,17.97,0,1,68.33,-0.11,-4.52,5.62,17.96
426.11,0,,68.37,17.99,0,1,68.62,-0.16,-4.56,5.53,17.95
426.20,0,,68.45,17.99,0,1,68.39,-0.04,-4.56,5.65,18.07
426.32,0,,68.45,18.02,0,1,68.21,0.06,-4.48,5.83,18.09
426.41,0,,68.39,18.06,0,1,68.51,0.03,-4.48,5.80,18.06
426.50,0,,68.39,18.07,0,1,68.48,-0.06,-4.53,5.66,18.02
426.59,0,,68.35,18.06,0,1,67.79,-0.00,-4.53,5.72,18.08
426.70,0,,68.13,18.06,0,1,67.69,0.07,-4.50,5.82,18.12
426.83,0,,67.89,18.08,2,-1,67.99,0.02,-4.49,5.78,18.06
426.89,0,,67.86,18.08,4,-2,68.17,-0.02,-4.54,5.69,18.07
427.01,0,,67.96,18.08,4,-2,67.92,0.04,-4.53,5.76,18.12
427.10,0,,68.04,18.11,4,-2,68.27,0.12,-4.51,5.86,18.18
427.19,0,,68.16,18.14,4,-2,68.38,0.08,-4.52,5.81,18.15
427.33,0,,68.28,18.16,2,-1,68.27,0.02,-4.54,5.73,18.11
427.40,0,,68.31,18.15,1,0,68.22,0.04,-4.55,5.74,18.14
427.49,0,,68.30,18.14,1,0,68.32,0.07,-4.56,5.76,18.18
427.61,0,,68.25,18.16,1,0,68.05,0.05,-4.57,5.73,18.17
427.70,0,,68.22,18.16,0,2,68.46,-0.03,-4.57,5.65,18.09
427.85,0,,68.28,18.14,0,2,68.39,-0.03,-4.56,5.66,18.08
427.91,0,,68.32,18.11,0,1,68.07,0.03,-4.54,5.74,18.12
428.00,0,,68.27,18.10,0,1,68.27,-0.01,-4.51,5.73,18.05
428.09,0,,68.21,18.07,1,0,68.13,-0.10,-4.53,5.62,17.98
428.21,0,,68.15,18.03,2,-1,67.94,-0.09,-4.56,5.60,18.02
428.33,0,,68.05,18.02,1,0,67.93,0.01,-4.54,5.72,18.10
428.39,0,,67.98,18.06,1,0,68.06,0.05,-4.53,5.77,18.13
428.51,0,,68.02,18.10,2,-1,68.32,-0.06,-4.59,5.60,18.08
428.60,0,,68.12,18.11,2,-1,68.09,-0.11,-4.62,5.52,18.06
428.69,0,,68.20,18.09,2,-1,68.37,-0.04,-4.58,5.63,18.09
428.84,0,,68.34,18.10,1,0,68.88,0.06,-4.57,5.74,18.18
428.93,0,,68.48,18.12,1,0,68.00,-0.03,-4.57,5.65,18.09
428.99,0,,68.42,18.11,1,0,68.30,-0.20,-4.57,5.48,17.92
429.11,0,,68.30,18.05,0,2,68.28,-0.08,-4.61,5.56,18.08
429.23,0,,68.30,18.04,0,2,68.61,0.01,-4.60,5.66,18.16
429.32,0,,68.38,18.08,0,2,68.35,-0.13,-4.64,5.48,18.06
429.41,0,,68.39,18.08,0,1,68.11,-0.23,-4.64,5.38,17.96
429.52,0,,68.29,18.03,0,1,68.24,-0.21,-4.56,5.48,17.90
429.62,0,,68.26,17.98,1,0,68.54,-0.06,-4.59,5.60,18.08
429.71,0,,68.32,18.00,1,0,68.25,-0.09,-4.62,5.54,18.08
429.83,0,,68.30,18.02,0,1,67.94,-0.28,-4.60,5.37,17.87
429.89,0,,68.19,17.99,0,1,68.27,-0.17,-4.63,5.45,18.01
430.01,0,,68.16,17.99,2,-1,68.26,-0.04,-4.62,5.59,18.13
430.10,0,,68.20,18.04,2,-1,68.28,-0.15,-4.62,5.48,18.02
430.19,0,,68.27,18.05,2,-1,68.39,-0.21,-4.63,5.41,17.97
430.34,0,,68.35,18.03,1,0,68.53,-0.15,-4.64,5.46,18.04
430.40,0,,68.44,18.03,1,0,68.45,-0.10,-4.64,5.51,18.09
430.49,0,,68.43,18.06,1,0,68.10,-0.10,-4.62,5.53,18.07
430.61,0,,68.27,18.06,1,0,67.91,-0.21,-4.59,5.45,17.93
430.70,0,,68.10,18.02,1,0,68.16,-0.21,-4.60,5.44,17.94
430.82,0,,68.05,17.98,1,0,68.19,-0.09,-4.56,5.60,18.02
430.91,0,,68.14,17.98,1,0,68.46,-0.15,-4.56,5.54,17.96
431.00,0,,68.25,17.97,2,-1,68.12,-0.25,-4.63,5.37,17.93
431.09,0,,68.32,17.96,2,-1,68.62,-0.25,-4.66,5.34,17.96
431.21,0,,68.41,17.96,1,0,68.45,-0.22,-4.62,5.41,17.95
431.33,0,,68.45,17.96,1,0,68.23,-0.19,-4.60,5.46,17.96
431.39,0,,68.38,17.95,1,0,68.25,-0.25,-4.61,5.39,17.91
431.51,0,,68.25,17.93,1,0,67.99,-0.34,-4.63,5.28,17.84
431.60,0,,68.15,17.89,1,0,68.22,-0.32,-4.61,5.32,17.84
431.69,0,,68.14,17.87,1,0,68.35,-0.24,-4.61,5.40,17.92
431.84,0,,68.23,17.88,1,0,68.30,-0.31,-4.63,5.31,17.87
431.90,0,,68.29,17.87,1,0,68.24,-0.43,-4.64,5.18,17.76
432.02,0,,68.33,17.84,1,0,68.59,-0.34,-4.66,5.25,17.87
432.11,0,,68.41,17.85,1,0,68.42,-0.25,-4.66,5.34,17.96
432.20,0,,68.44,17.89,1,0,68.25,-0.34,-4.66,5.25,17.87
432.32,0,,68.32,17.89,1,0,67.88,-0.42,-4.66,5.17,17.79
432.41,0,,68.15,17.85,1,0,68.24,-0.40,-4.65,5.20,17.80
432.50,0,,68.09,17.82,1,0,68.08,-0.36,-4.61,5.28,17.80
432.59,0,,68.13,17.80,2,-1,68.41,-0.38,-4.63,5.24,17.80
432.71,0,,68.23,17.80,1,0,68.30,-0.47,-4.69,5.09,17.77
432.83,0,,68.36,17.79,1,0,68.71,-0.42,-4.70,5.13,17.83
432.89,0,,68.48,17.82,1,0,68.33,-0.31,-4.68,5.26,17.92
433.01,0,,68.46,17.86,1,0,68.21,-0.37,-4.68,5.20,17.86
433.10,0,,68.36,17.87,1,0,68.31,-0.49,-4.74,5.02,17.80
433.18,0,,68.35,17.79,0,1,68.78,-0.65,-4.48,5.12,17.38
433.34,0,,68.51,17.52,0,1,68.77,-0.84,-3.94,5.47,16.65
433.40,0,,68.67,17.09,0,1,68.61,-0.84,-3.95,5.46,16.66
433.49,0,,68.71,16.77,0,2,68.66,-0.86,-4.12,5.27,16.81
433.64,0,,68.72,16.66,0,2,68.94,-0.91,-4.01,5.33,16.65
433.70,0,,68.71,16.68,0,2,68.23,-0.77,-4.05,5.43,16.83
433.82,0,,68.62,16.73,0,2,68.76,-0.79,-4.01,5.45,16.77
433.91,0,,68.61,16.75,0,2,68.85,-0.92,-3.95,5.38,16.58
434.00,0,,68.69,16.71,0,1,68.63,-0.89,-4.03,5.33,16.69
434.09,0,,68.74,16.69,0,1,68.87,-0.80,-4.03,5.42,16.78
434.27,0,,68.79,16.73,0,1,68.85,-0.74,-4.02,5.49,16.83
434.33,0,,68.85,16.79,0,1,68.97,-0.78,-4.06,5.41,16.83
434.39,0,,68.89,16.82,0,1,68.80,-0.85,-4.06,5.34,16.76
434.51,0,,68.86,16.80,0,1,68.69,-0.83,-4.00,5.42,16.72
434.60,0,,68.74,16.77,0,1,68.42,-0.76,-3.99,5.50,16.78
434.72,0,,68.62,16.75,0,1,68.73,-0.82,-4.02,5.41,16.75
434.84,0,,68.63,16.75,1,0,68.99,-0.87,-4.06,5.32,16.74
434.90,0,,68.79,16.76,2,-1,68.97,-0.77,-4.07,5.41,16.85
434.99,0,,68.91,16.80,0,1,68.83,-0.74,-4.00,5.51,16.81
435.11,0,,68.97,16.81,0,1,69.20,-0.82,-3.98,5.45,16.71
435.20,0,,69.02,16.77,0,1,68.93,-0.89,-4.02,5.34,16.68
435.32,0,,68.99,16.72,0,1,68.68,-0.86,-4.01,5.38,16.70
435.41,0,,68.84,16.70,0,1,68.60,-0.80,-3.98,5.47,16.73
435.50,0,,68.74,16.71,0,1,69.02,-0.80,-3.98,5.47,16.73
435.59,0,,68.70,16.72,0,1,68.23,-0.85,-4.01,5.39,16.71
435.68,0,,68.65,16.73,1,0,68.98,-0.84,-4.01,5.40,16.72
435.83,0,,68.67,16.74,1,0,68.68,-0.71,-3.99,5.55,16.83
435.89,0,,68.75,16.77,1,0,68.89,-0.76,-3.97,5.52,16.76
436.01,0,,68.80,16.77,2,-1,68.81,-0.89,-3.98,5.38,16.64
436.10,0,,68.85,16.74,1,0,68.92,-0.83,-4.01,5.41,16.73
436.19,0,,68.87,16.72,1,0,68.88,-0.79,-4.02,5.44,16.78
436.34,0,,68.91,16.74,1,0,69.04,-0.81,-3.99,5.45,16.73
436.40,0,,68.92,16.75,1,0,68.73,-0.80,-4.01,5.44,16.76
436.49,0,,68.86,16.75,1,0,68.69,-0.87,-4.00,5.38,16.68
436.61,0,,68.71,16.72,1,0,68.32,-0.86,-3.97,5.42,16.66
436.70,0,,68.55,16.70,1,0,68.64,-0.78,-3.99,5.48,16.76
436.82,0,,68.52,16.70,1,0,68.72,-0.87,-4.00,5.38,16.68
436.94,0,,68.65,16.69,1,0,69.01,-0.96,-4.01,5.28,16.60
437.00,0,,68.79,16.67,1,0,68.69,-0.85,-4.03,5.37,16.73
437.08,0,,68.82,16.69,1,0,68.68,-0.77,-4.02,5.46,16.80
437.21,0,,68.80,16.73,1,0,68.99,-0.88,-4.02,5.35,16.69
437.33,0,,68.80,16.72,1,0,68.61,-0.98,-4.01,5.26,16.58
437.39,0,,68.77,16.67,1,0,68.79,-0.92,-4.00,5.33,16.63
437.48,0,,68.75,16.64,1,0,68.78,-0.84,-3.99,5.42,16.70
437.60,0,,68.72,16.66,1,0,68.47,-0.85,-3.98,5.42,16.68
437.69,0,,68.67,16.67,1,0,68.82,-0.92,-4.01,5.32,16.64
437.78,0,,68.72,16.67,1,0,69.10,-0.90,-4.01,5.34,16.66
437.90,0,,68.83,16.67,1,0,68.61,-0.83,-3.95,5.47,16.67
437.98,0,,68.84,16.66,1,0,68.82,-0.90,-3.96,5.39,16.61
438.14,0,,68.74,16.64,1,0,68.35,-1.00,-4.02,5.23,16.57
438.20,0,,68.58,16.61,1,0,68.44,-0.92,-4.02,5.31,16.65
438.32,0,,68.48,16.63,1,0,68.70,-0.80,-4.00,5.45,16.75
438.38,0,,68.57,16.69,1,0,68.93,-0.83,-4.01,5.41,16.73
438.49,0,,68.75,16.71,2,-1,68.91,-0.96,-4.02,5.27,16.61
438.59,0,,68.80,16.69,1,0,68.29,-0.97,-4.04,5.24,16.62
438.68,0,,68.68,16.66,1,0,68.69,-0.90,-4.03,5.32,16.68
438.83,0,,68.59,16.65,2,-1,68.65,-0.92,-3.97,5.36,16.60
438.89,0,,68.58,16.63,2,-1,68.44,-0.96,-4.01,5.28,16.60
438.98,0,,68.57,16.62,1,0,68.74,-0.97,-4.02,5.26,16.60
439.10,0,,68.61,16.61,1,0,68.68,-0.94,-4.00,5.31,16.61
439.19,0,,68.68,16.61,1,0,68.83,-0.91,-3.99,5.35,16.63
439.28,0,,68.75,16.61,1,0,68.76,-0.99,-4.02,5.24,16.58
439.40,0,,68.72,16.60,1,0,68.23,-1.11,-4.06,5.08,16.50
439.49,0,,68.59,16.56,1,0,68.78,-1.04,-4.03,5.18,16.54
439.58,0,,68.58,16.55,1,0,68.74,-0.90,-4.01,5.34,16.66
439.70,0,,68.66,16.59,1,0,68.70,-0.98,-4.03,5.24,16.60
439.82,0,,68.68,16.60,1,0,68.50,-1.12,-4.06,5.07,16.49
439.88,0,,68.66,16.57,1,0,68.82,-1.04,-4.07,5.14,16.58
440.00,0,,68.66,16.57,1,0,68.55,-0.94,-4.03,5.28,16.64
440.12,0,,68.70,16.59,1,0,69.03,-1.05,-4.06,5.14,16.56
440.18,0,,68.82,16.59,1,0,69.02,-1.13,-4.11,5.01,16.53
440.33,0,,68.97,16.57,1,0,69.14,-1.07,-4.06,5.12,16.54
440.39,0,,69.01,16.55,0,2,68.54,-1.01,-4.02,5.22,16.56
440.51,0,,68.91,16.55,0,2,68.96,-1.02,-4.04,5.19,16.57
440.60,0,,68.82,16.56,0,1,68.70,-1.15,-4.09,5.01,16.49
440.69,0,,68.80,16.54,1,0,68.96,-1.12,-4.09,5.04,16.52
440.78,0,,68.76,16.54,1,0,68.33,-0.98,-4.03,5.24,16.60
440.90,0,,68.63,16.55,0,1,68.54,-1.05,-4.02,5.18,16.52
440.99,0,,68.58,16.55,0,1,69.02,-1.10,-4.07,5.08,16.52
441.08,0,,68.66,16.54,4,-2,68.42,-1.07,-4.06,5.12,16.54
441.20,0,,68.61,16.53,4,-2,68.30,-1.07,-4.02,5.16,16.50
441.32,0,,68.46,16.52,4,-2,68.31,-1.05,-4.03,5.17,16.53
441.38,0,,68.38,16.52,4,-2,68.61,-1.08,-4.05,5.12,16.52
441.50,0,,68.44,16.52,4,-2,68.64,-1.10,-4.08,5.07,16.53
441.59,0,,68.55,16.54,4,-2,68.60,-1.02,-4.08,5.15,16.61
441.68,0,,68.59,16.56,2,-1,68.44,-1.02,-3.99,5.24,16.52
441.83,0,,68.60,16.55,1,0,68.85,-1.12,-4.00,5.13,16.43
441.89,0,,68.68,16.50,1,0,68.85,-1.15,-4.06,5.04,16.46
441.98,0,,68.70,16.47,0,1,68.13,-1.09,-4.04,5.12,16.50
442.10,0,,68.54,16.48,0,1,68.45,-1.05,-4.01,5.19,16.51
442.18,0,,68.51,16.50,0,1,69.26,-1.08,-4.01,5.16,16.48
442.28,0,,68.70,16.50,0,1,68.58,-1.14,-4.05,5.06,16.46
442.40,0,,68.75,16.49,0,1,68.33,-1.10,-4.03,5.12,16.48
442.49,0,,68.61,16.49,0,1,68.63,-1.00,-4.02,5.23,16.57
442.61,0,,68.53,16.52,1,0,68.52,-1.09,-4.05,5.11,16.51
442.70,0,,68.51,16.51,1,0,68.48,-1.20,-4.03,5.02,16.38
442.82,0,,68.51,16.48,2,-1,68.57,-1.07,-4.05,5.13,16.53
442.88,0,,68.58,16.50,2,-1,68.95,-0.97,-4.07,5.21,16.65
443.00,0,,68.63,16.55,2,-1,68.13,-1.05,-4.02,5.18,16.52
443.12,0,,68.58,16.56,1,0,68.82,-1.07,-4.02,5.16,16.50
443.21,0,,68.64,16.55,0,1,69.10,-1.02,-4.04,5.19,16.57
443.33,0,,68.81,16.56,0,1,68.76,-0.95,-3.99,5.31,16.59
443.39,0,,68.91,16.58,0,1,68.99,-0.91,-3.97,5.37,16.61
443.51,0,,68.87,16.61,0,1,68.40,-0.95,-4.04,5.26,16.64
443.60,0,,68.68,16.61,0,2,68.34,-1.03,-4.01,5.21,16.53
443.69,0,,68.49,16.59,1,0,68.61,-0.97,-3.95,5.33,16.53
443.78,0,,68.46,16.59,1,0,68.52,-0.82,-4.01,5.42,16.74
443.90,0,,68.45,16.63,1,0,68.21,-0.92,-4.01,5.32,16.64
443.99,0,,68.41,16.64,2,-1,68.58,-1.05,-3.98,5.22,16.48
444.08,0,,68.40,16.60,4,-2,68.26,-0.95,-3.99,5.31,16.59
444.20,0,,68.41,16.58,4,-2,68.61,-0.86,-3.98,5.41,16.67
444.32,0,,68.49,16.60,4,-2,68.75,-0.92,-3.97,5.36,16.60
444.41,0,,68.61,16.61,2,-1,68.57,-1.03,-3.99,5.23,16.51
444.50,0,,68.73,16.59,0,1,69.24,-0.96,-4.00,5.29,16.59
444.59,0,,68.89,16.59,1,0,68.81,-0.81,-4.00,5.44,16.74
444.71,0,,68.90,16.64,0,2,68.44,-0.88,-3.99,5.38,16.66
444.83,0,,68.72,16.66,0,2,68.55,-1.02,-3.98,5.25,16.51
444.89,0,,68.52,16.61,0,2,68.16,-0.95,-3.96,5.34,16.56
445.01,0,,68.39,16.58,0,1,68.67,-0.82,-3.95,5.48,16.68
445.10,0,,68.47,16.62,1,0,68.94,-0.85,-3.99,5.41,16.69
445.19,0,,68.61,16.65,2,-1,68.22,-0.92,-4.00,5.33,16.63
445.34,0,,68.59,16.66,1,0,68.61,-0.89,-3.96,5.40,16.62
445.40,0,,68.54,16.66,1,0,68.59,-0.82,-3.98,5.45,16.71
445.49,0,,68.52,16.67,4,-2,68.34,-0.85,-3.97,5.43,16.67
445.61,0,,68.44,16.67,2,-1,68.23,-0.92,-3.94,5.39,16.57
445.70,0,,68.32,16.63,2,-1,68.23,-0.96,-3.94,5.35,16.53
445.82,0,,68.27,16.58,2,-1,68.45,-0.92,-3.95,5.38,16.58
445.94,0,,68.35,16.58,2,-1,68.70,-0.83,-3.95,5.47,16.67
446.00,0,,68.46,16.62,2,-1,68.24,-0.87,-4.00,5.38,16.68
446.09,0,,68.47,16.65,2,-1,68.53,-0.98,-4.00,5.27,16.57
446.21,0,,68.43,16.64,2,-1,68.26,-0.93,-3.96,5.36,16.58
446.33,0,,68.36,16.62,2,-1,68.25,-0.82,-3.97,5.46,16.70
446.39,0,,68.30,16.63,1,0,68.35,-0.94,-4.00,5.31,16.61
446.51,0,,68.34,16.62,1,0,68.74,-1.06,-3.98,5.21,16.47
446.60,0,,68.49,16.58,0,1,68.51,-0.93,-3.98,5.34,16.60
446.69,0,,68.59,16.57,2,-1,68.65,-0.88,-3.99,5.38,16.66
446.83,0,,68.62,16.60,1,0,68.56,-0.99,-4.00,5.26,16.56
446.89,0,,68.56,16.59,0,1,68.23,-1.06,-3.99,5.20,16.48
446.98,0,,68.51,16.55,0,1,68.95,-1.00,-3.97,5.28,16.52
447.11,0,,68.59,16.54,0,1,68.65,-0.88,-3.99,5.38,16.66
447.20,0,,68.64,16.58,0,1,68.29,-0.93,-4.00,5.32,16.62
447.32,0,,68.59,16.61,0,1,68.87,-1.00,-4.00,5.25,16.55
447.41,0,,68.61,16.60,0,1,68.61,-0.97,-3.98,5.30,16.56
447.50,0,,68.63,16.58,0,1,68.45,-0.91,-3.94,5.40,16.58
447.59,0,,68.54,16.57,1,0,68.29,-0.91,-3.93,5.41,16.57
447.71,0,,68.41,16.56,1,0,68.33,-1.04,-3.97,5.24,16.48
447.83,0,,68.38,16.54,1,0,68.75,-1.05,-4.04,5.16,16.54
447.89,0,,68.53,16.54,2,-1,68.90,-0.97,-4.06,5.22,16.64
448.01,0,,68.73,16.57,1,0,68.79,-0.97,-3.99,5.29,16.57
448.10,0,,68.81,16.58,1,0,68.59,-1.05,-3.98,5.22,16.48
448.19,0,,68.75,16.54,0,1,68.63,-1.09,-3.99,5.17,16.45
448.40,0,,68.65,16.49,0,1,68.51,-1.05,-3.96,5.24,16.46
448.40,0,,68.62,16.46,0,1,68.90,-1.04,-3.96,5.25,16.47
448.49,0,,68.69,16.46,0,1,68.79,-1.07,-3.99,5.19,16.47
448.61,0,,68.79,16.47,0,2,68.90,-1.13,-4.05,5.07,16.47
448.70,0,,68.88,16.48,0,1,69.04,-1.07,-4.07,5.11,16.55
448.82,0,,68.94,16.53,0,1,68.81,-0.94,-4.04,5.27,16.65
448.91,0,,68.88,16.58,0,1,68.52,-1.03,-4.02,5.20,16.54
449.03,0,,68.70,16.58,0,1,68.44,-1.13,-4.03,5.09,16.45
449.09,0,,68.52,16.53,0,1,68.39,-1.10,-4.02,5.13,16.47
449.21,0,,68.40,16.49,2,-1,68.32,-1.04,-3.99,5.22,16.50
449.33,0,,68.37,16.49,4,-2,68.59,-0.98,-3.99,5.28,16.56
449.39,0,,68.43,16.51,4,-2,68.54,-1.09,-4.00,5.16,16.46
449.51,0,,68.57,16.50,4,-2,69.00,-1.13,-4.02,5.10,16.44
449.60,0,,68.77,16.50,4,-2,68.97,-0.96,-4.01,5.28,16.60
449.69,0,,68.91,16.53,2,-1,68.79,-0.94,-3.96,5.35,16.57
449.84,0,,68.88,16.55,1,0,68.60,-1.04,-3.97,5.24,16.48
449.90,0,,68.69,16.53,1,0,68.17,-1.10,-3.99,5.16,16.44
449.99,0,,68.50,16.49,1,0,68.71,-1.03,-3.98,5.24,16.50
450.11,0,,68.54,16.50,1,0,69.13,-0.91,-4.00,5.34,16.64
450.20,0,,68.69,16.55,1,0,68.29,-0.98,-3.99,5.28,16.56
450.32,0,,68.64,16.57,1,0,68.35,-1.07,-3.97,5.21,16.45
450.41,0,,68.44,16.54,2,-1,68.20,-0.97,-3.99,5.29,16.57
450.50,0,,68.34,16.55,2,-1,68.65,-0.84,-3.97,5.44,16.68
450.59,0,,68.41,16.60,2,-1,68.62,-0.92,-3.97,5.36,16.60
450.71,0,,68.50,16.62,2,-1,68.24,-1.02,-3.99,5.24,16.52
450.83,0,,68.45,16.59,2,-1,68.38,-0.96,-3.97,5.32,16.56
450.89,0,,68.38,16.57,2,-1,68.38,-0.87,-3.95,5.43,16.63
451.01,0,,68.39,16.59,2,-1,68.60,-0.88,-3.96,5.41,16.63
451.10,0,,68.45,16.61,2,-1,68.40,-0.98,-3.99,5.28,16.56
451.19,0,,68.51,16.61,2,-1,68.78,-0.95,-3.99,5.31,16.59
451.34,0,,68.57,16.60,2,-1,68.42,-0.86,-3.93,5.46,16.62
451.40,0,,68.55,16.60,0,1,68.35,-0.91,-3.93,5.41,16.57
451.49,0,,68.50,16.60,0,1,68.78,-0.96,-3.99,5.30,16.58
451.61,0,,68.54,16.59,0,1,68.48,-0.93,-4.00,5.32,16.62
451.70,0,,68.58,16.61,0,1,68.67,-0.84,-3.96,5.45,16.67
451.82,0,,68.62,16.64,0,1,68.69,-0.82,-3.93,5.50,16.66
451.91,0,,68.63,16.65,0,1,68.46,-0.93,-3.95,5.37,16.57
452.00,0,,68.61,16.62,0,1,68.68,-1.00,-3.98,5.27,16.53
452.09,0,,68.56,16.59,1,0,68.33,-0.90,-3.96,5.39,16.61
452.21,0,,68.52,16.59,1,0,68.67,-0.80,-3.94,5.51,16.69
452.33,0,,68.54,16.63,1,0,68.69,-0.91,-3.97,5.37,16.61
452.39,0,,68.65,16.63,1,0,68.89,-1.04,-3.98,5.23,16.49
452.51,0,,68.72,16.58,0,1,68.42,-0.98,-3.96,5.31,16.53
452.60,0,,68.69,16.55,0,1,68.80,-0.87,-3.98,5.40,16.66
452.69,0,,68.66,16.58,0,1,68.56,-0.95,-3.99,5.31,16.59
452.83,0,,68.69,16.59,1,0,68.97,-1.05,-3.99,5.21,16.49
452.90,0,,68.72,16.57,0,1,68.42,-0.97,-3.99,5.29,16.57
453.02,0,,68.64,16.56,0,1,68.45,-0.92,-3.97,5.36,16.60
453.11,0,,68.53,16.56,0,1,68.53,-1.02,-3.94,5.29,16.47
453.20,0,,68.50,16.53,0,1,68.65,-1.09,-3.97,5.19,16.43
453.32,0,,68.53,16.49,1,0,68.45,-1.05,-4.03,5.17,16.53
453.41,0,,68.57,16.50,1,0,68.78,-0.96,-4.03,5.26,16.62
453.53,0,,68.58,16.55,1,0,68.26,-0.97,-3.97,5.31,16.55
453.59,0,,68.53,16.57,1,0,68.62,-1.04,-3.98,5.23,16.49
453.71,0,,68.44,16.54,1,0,68.04,-1.05,-4.00,5.20,16.50
453.83,0,,68.33,16.52,2,-1,68.37,-1.01,-3.96,5.28,16.50
453.89,0,,68.29,16.51,2,-1,68.47,-0.96,-3.97,5.32,16.56
454.01,0,,68.36,16.52,2,-1,68.47,-1.00,-3.98,5.27,16.53
454.10,0,,68.46,16.53,1,0,68.61,-1.07,-3.97,5.21,16.45
454.19,0,,68.55,16.51,1,0,68.64,-1.01,-4.00,5.24,16.54
454.28,0,,68.63,16.52,1,0,68.68,-0.95,-3.99,5.31,16.59
454.39,0,,68.70,16.55,0,1,68.90,-1.01,-4.01,5.23,16.55
454.49,0,,68.73,16.55,0,2,68.34,-1.13,-4.05,5.07,16.47
454.58,0,,68.64,16.52,0,2,68.61,-1.12,-4.03,5.10,16.46
454.70,0,,68.56,16.49,0,2,68.54,-1.02,-4.00,5.23,16.53
454.82,0,,68.56,16.49,0,1,68.76,-1.06,-3.99,5.20,16.48
454.88,0,,68.63,16.49,0,1,68.68,-1.16,-4.02,5.07,16.41
455.00,0,,68.68,16.46,0,1,68.66,-1.14,-4.03,5.08,16.44
455.08,0,,68.64,16.44,1,0,68.32,-1.10,-3.99,5.16,16.44
455.21,0,,68.53,16.44,1,0,68.51,-1.14,-4.01,5.10,16.42
455.33,0,,68.51,16.44,1,0,68.82,-1.13,-4.05,5.07,16.47
455.39,0,,68.57,16.45,1,0,68.44,-1.16,-4.04,5.05,16.43
455.48,0,,68.62,16.45,1,0,68.83,-1.17,-4.02,5.06,16.40
455.60,0,,68.65,16.44,1,0,68.54,-1.08,-4.03,5.14,16.50
455.69,0,,68.64,16.45,1,0,68.50,-1.15,-4.04,5.06,16.44
455.78,0,,68.56,16.45,1,0,68.45,-1.26,-4.06,4.93,16.35
455.90,0,,68.51,16.42,1,0,68.65,-1.16,-4.08,5.01,16.47
455.99,0,,68.57,16.43,1,0,68.80,-1.08,-4.06,5.11,16.53
456.14,0,,68.66,16.46,1,0,68.61,-1.20,-4.03,5.02,16.38
456.20,0,,68.65,16.44,0,1,68.33,-1.26,-4.05,4.94,16.34
456.32,0,,68.54,16.41,0,1,68.51,-1.17,-4.08,5.00,16.46
456.38,0,,68.49,16.41,1,0,68.64,-1.12,-4.04,5.09,16.47
456.50,0,,68.55,16.45,1,0,68.72,-1.15,-4.09,5.01,16.49
456.59,0,,68.67,16.48,1,0,68.93,-1.24,-4.17,4.84,16.48
456.68,0,,68.76,16.48,1,0,68.52,-1.22,-4.08,4.95,16.41
456.83,0,,68.78,16.47,1,0,68.99,-1.10,-4.08,5.07,16.53
456.92,0,,68.80,16.49,1,0,68.73,-1.13,-4.13,4.99,16.55
456.98,0,,68.80,16.51,1,0,68.67,-1.25,-4.11,4.89,16.41
457.10,0,,68.77,16.50,1,0,68.94,-1.17,-4.14,4.94,16.52
457.19,0,,68.76,16.50,0,1,68.49,-1.11,-4.14,5.00,16.58
457.28,0,,68.71,16.53,0,1,68.79,-1.14,-4.10,5.01,16.51
457.40,0,,68.70,16.54,1,0,68.79,-1.13,-4.10,5.02,16.52
457.49,0,,68.75,16.53,0,1,68.86,-1.16,-4.11,4.98,16.50
457.61,0,,68.74,16.52,0,1,68.30,-1.13,-4.07,5.05,16.49
457.70,0,,68.64,16.51,1,0,68.76,-1.01,-4.02,5.22,16.56
457.82,0,,68.61,16.52,2,-1,68.71,-1.08,-4.05,5.12,16.52
457.88,0,,68.60,16.53,2,-1,68.24,-1.19,-4.12,4.94,16.48
458.00,0,,68.49,16.52,2,-1,68.38,-1.13,-4.10,5.02,16.52
458.09,0,,68.42,16.53,2,-1,68.66,-1.00,-4.08,5.17,16.63
458.18,0,,68.51,16.57,2,-1,68.85,-1.03,-4.07,5.15,16.59
458.33,0,,68.62,16.57,2,-1,68.34,-1.17,-4.03,5.05,16.41
458.39,0,,68.64,16.53,1,0,68.85,-1.09,-4.08,5.08,16.54
458.48,0,,68.64,16.53,1,0,68.51,-0.93,-4.09,5.23,16.71
458.63,0,,68.66,16.59,1,0,68.84,-1.01,-4.06,5.18,16.60
458.68,0,,68.64,16.62,1,0,68.20,-1.13,-4.08,5.04,16.50
458.78,0,,68.48,16.58,1,0,68.14,-1.09,-4.06,5.10,16.52
458.90,0,,68.36,16.55,1,0,68.85,-0.96,-4.05,5.24,16.64
458.99,0,,68.45,16.59,2,-1,68.54,-0.90,-4.06,5.29,16.71
459.11,0,,68.57,16.65,2,-1,68.62,-0.98,-4.08,5.19,16.65
459.23,0,,68.60,16.66,2,-1,68.50,-1.08,-4.11,5.06,16.58
459.32,0,,68.53,16.64,2,-1,68.20,-1.02,-4.07,5.16,16.60
459.38,0,,68.42,16.62,2,-1,68.52,-0.92,-4.02,5.31,16.65
459.50,0,,68.42,16.62,2,-1,68.72,-0.99,-4.07,5.19,16.63
459.59,0,,68.53,16.64,2,-1,68.53,-1.03,-4.14,5.08,16.66
459.68,0,,68.61,16.65,2,-1,68.72,-0.96,-4.09,5.20,16.68
459.83,0,,68.63,16.68,1,0,68.47,-0.87,-4.03,5.35,16.71
459.89,0,,68.60,16.70,2,-1,68.59,-0.89,-4.02,5.34,16.68
459.98,0,,68.55,16.70,2,-1,68.39,-0.98,-4.07,5.20,16.64
460.10,0,,68.51,16.68,1,0,68.68,-0.92,-4.07,5.26,16.70
460.25,0,,68.56,16.69,1,0,68.76,-0.83,-4.03,5.39,16.75
460.34,0,,68.67,16.72,1,0,68.76,-0.84,-4.03,5.38,16.74
460.40,0,,68.73,16.73,0,1,68.61,-0.92,-4.03,5.30,16.66
460.49,0,,68.65,16.71,1,0,68.25,-0.91,-4.02,5.32,16.66
460.58,0,,68.54,16.70,1,0,68.76,-0.82,-4.03,5.40,16.76
460.70,0,,68.55,16.73,1,0,68.73,-0.75,-4.03,5.47,16.83
460.82,0,,68.66,16.77,1,0,68.77,-0.81,-4.02,5.42,16.76
460.88,0,,68.74,16.78,1,0,68.76,-0.89,-4.02,5.34,16.68
461.00,0,,68.72,16.76,1,0,68.37,-0.78,-4.04,5.43,16.81
461.09,0,,68.62,16.77,1,0,68.69,-0.69,-4.00,5.56,16.86
461.18,0,,68.56,16.81,1,0,68.49,-0.72,-3.99,5.54,16.82
461.33,0,,68.56,16.84,1,0,68.72,-0.74,-4.06,5.45,16.87
461.39,0,,68.57,16.85,1,0,68.37,-0.77,-4.04,5.44,16.82
461.48,0,,68.54,16.85,1,0,68.58,-0.70,-3.98,5.57,16.83
461.60,0,,68.51,16.85,1,0,68.44,-0.66,-4.00,5.59,16.89
461.69,0,,68.46,16.86,1,0,68.31,-0.79,-4.05,5.41,16.81
461.84,0,,68.40,16.85,2,-1,68.38,-0.82,-4.08,5.35,16.81
461.90,0,,68.39,16.84,2,-1,68.61,-0.70,-4.04,5.51,16.89
461.99,0,,68.46,16.86,2,-1,68.49,-0.66,-4.02,5.57,16.91
462.11,0,,68.58,16.88,1,0,69.02,-0.72,-4.01,5.52,16.84
462.20,0,,68.74,16.87,1,0,68.76,-0.74,-4.03,5.48,16.84
462.32,0,,68.78,16.86,1,0,68.41,-0.70,-4.02,5.53,16.87
462.38,0,,68.64,16.86,1,0,68.36,-0.63,-3.95,5.67,16.87
462.50,0,,68.51,16.88,1,0,68.77,-0.62,-3.99,5.64,16.92
462.59,0,,68.58,16.89,0,1,68.91,-0.71,-4.02,5.52,16.86
462.71,0,,68.74,16.89,0,1,68.78,-0.72,-3.99,5.54,16.82
462.83,0,,68.83,16.87,0,1,68.86,-0.60,-3.99,5.66,16.94
462.89,0,,68.76,16.89,0,1,68.07,-0.60,-3.97,5.68,16.92
463.07,0,,68.61,16.90,1,0,69.07,-0.71,-3.99,5.55,16.83
463.10,0,,68.62,16.89,1,0,68.55,-0.67,-4.03,5.55,16.91
463.19,0,,68.65,16.90,1,0,68.50,-0.60,-4.00,5.65,16.95
463.40,0,,68.62,16.92,1,0,68.75,-0.60,-3.96,5.69,16.91
463.40,0,,68.62,16.93,1,0,68.58,-0.65,-4.01,5.59,16.91
463.52,0,,68.69,16.91,2,-1,69.10,-0.73,-4.00,5.52,16.82
463.58,0,,68.79,16.88,1,0,68.58,-0.69,-3.97,5.59,16.83
463.70,0,,68.78,16.86,1,0,68.63,-0.57,-4.01,5.67,16.99
463.82,0,,68.71,16.89,0,1,68.74,-0.64,-3.99,5.62,16.90
463.88,0,,68.63,16.90,1,0,68.26,-0.77,-3.97,5.51,16.75
463.99,0,,68.53,16.86,1,0,68.64,-0.69,-4.01,5.55,16.87
464.09,0,,68.48,16.85,0,1,68.38,-0.62,-4.04,5.59,16.97
464.18,0,,68.46,16.88,1,0,68.49,-0.69,-3.99,5.57,16.85
464.33,0,,68.49,16.89,2,-1,68.77,-0.77,-4.01,5.47,16.79
464.39,0,,68.62,16.85,2,-1,68.85,-0.78,-4.05,5.42,16.82
464.48,0,,68.76,16.83,2,-1,68.80,-0.73,-4.01,5.51,16.83
464.60,0,,68.79,16.83,1,0,68.56,-0.71,-4.04,5.50,16.88
464.69,0,,68.74,16.85,1,0,68.79,-0.78,-4.08,5.39,16.85
464.87,0,,68.67,16.85,1,0,68.40,-0.85,-4.05,5.35,16.75
464.89,0,,68.55,16.82,1,0,68.31,-0.79,-4.04,5.42,16.80
464.99,0,,68.40,16.80,1,0,68.34,-0.70,-3.99,5.56,16.84
465.08,0,,68.39,16.80,1,0,68.82,-0.78,-3.98,5.49,16.75
465.20,0,,68.53,16.79,1,0,68.67,-0.87,-4.05,5.33,16.73
465.32,0,,68.60,16.77,2,-1,68.22,-0.80,-4.05,5.40,16.80
465.38,0,,68.60,16.78,1,0,69.17,-0.75,-4.04,5.46,16.84
465.50,0,,68.68,16.81,1,0,68.46,-0.77,-4.07,5.41,16.85
465.59,0,,68.73,16.84,1,0,68.82,-0.86,-4.08,5.31,16.77
465.68,0,,68.75,16.82,1,0,68.89,-0.85,-4.04,5.36,16.74
465.83,0,,68.75,16.80,1,0,68.36,-0.75,-4.05,5.45,16.85
465.89,0,,68.65,16.81,1,0,68.63,-0.78,-4.08,5.39,16.85
465.98,0,,68.59,16.83,1,0,68.71,-0.83,-4.08,5.34,16.80
466.10,0,,68.59,16.82,1,0,68.48,-0.90,-4.07,5.28,16.72
466.19,0,,68.56,16.77,1,0,68.48,-0.91,-4.06,5.28,16.70
466.34,0,,68.55,16.74,1,0,68.74,-0.80,-4.03,5.42,16.78
466.40,0,,68.61,16.74,1,0,68.72,-0.83,-4.05,5.37,16.77
466.49,0,,68.68,16.76,1,0,68.73,-0.94,-4.11,5.20,16.72
466.58,0,,68.73,16.75,1,0,68.78,-0.92,-4.09,5.24,16.72
466.70,0,,68.71,16.74,1,0,68.32,-0.88,-4.07,5.30,16.74
466.82,0,,68.61,16.74,1,0,68.72,-0.90,-4.09,5.26,16.74
466.88,0,,68.55,16.73,1,0,68.47,-0.99,-4.11,5.15,16.67
467.00,0,,68.55,16.71,1,0,68.61,-1.00,-4.12,5.13,16.67
467.09,0,,68.53,16.70,1,0,68.40,-0.86,-4.12,5.27,16.81
467.18,0,,68.52,16.74,1,0,68.66,-0.82,-4.09,5.34,16.82
467.33,0,,68.56,16.78,1,0,68.68,-0.94,-4.09,5.22,16.70
467.39,0,,68.60,16.76,1,0,68.43,-1.02,-4.11,5.12,16.64
467.48,0,,68.56,16.71,1,0,68.52,-0.92,-4.09,5.24,16.72
467.60,0,,68.55,16.73,1,0,68.76,-0.72,-4.13,5.40,16.96
467.69,0,,68.61,16.81,1,0,68.68,-0.82,-4.13,5.30,16.86
467.84,0,,68.67,16.84,1,0,68.63,-1.03,-4.07,5.15,16.59
467.90,0,,68.66,16.77,1,0,68.54,-0.93,-4.05,5.27,16.67
467.99,0,,68.62,16.71,1,0,68.63,-0.80,-4.05,5.40,16.80
468.08,0,,68.62,16.72,1,0,68.78,-0.84,-4.06,5.35,16.77
468.20,0,,68.65,16.75,1,0,68.51,-0.95,-4.11,5.19,16.71
468.32,0,,68.69,16.75,1,0,69.04,-0.95,-4.13,5.17,16.73
468.38,0,,68.76,16.75,0,1,68.65,-0.82,-4.07,5.36,16.80
468.50,0,,68.77,16.76,1,0,68.61,-0.86,-4.04,5.35,16.73
468.59,0,,68.70,16.75,1,0,68.66,-0.99,-4.10,5.16,16.66
468.68,0,,68.68,16.72,1,0,68.84,-0.98,-4.14,5.13,16.71
468.83,0,,68.69,16.71,1,0,68.54,-0.89,-4.13,5.23,16.79
468.89,0,,68.66,16.74,1,0,68.57,-0.90,-4.08,5.27,16.73
468.98,0,,68.64,16.74,1,0,68.88,-0.99,-4.06,5.20,16.62
469.10,0,,68.68,16.70,1,0,68.54,-0.98,-4.12,5.15,16.69
469.19,0,,68.64,16.69,1,0,68.41,-0.94,-4.12,5.19,16.73
469.34,0,,68.53,16.70,1,0,68.42,-0.91,-4.06,5.28,16.70
469.40,0,,68.47,16.71,2,-1,68.68,-0.93,-4.09,5.23,16.71
469.49,0,,68.55,16.72,2,-1,68.82,-0.97,-4.15,5.13,16.73
469.58,0,,68.66,16.73,1,0,68.52,-0.93,-4.12,5.20,16.74
469.70,0,,68.69,16.74,1,0,68.82,-0.88,-4.10,5.27,16.77
469.82,0,,68.71,16.75,1,0,68.69,-0.89,-4.07,5.29,16.73
469.88,0,,68.68,16.74,1,0,68.33,-0.99,-4.09,5.17,16.65
470.00,0,,68.59,16.71,1,0,68.77,-1.02,-4.16,5.07,16.69
470.09,0,,68.61,16.69,1,0,68.85,-0.93,-4.14,5.18,16.76
470.18,0,,68.70,16.72,1,0,68.62,-0.89,-4.07,5.29,16.73
470.33,0,,68.71,16.73,1,0,68.58,-0.95,-4.11,5.19,16.71
470.39,0,,68.60,16.72,1,0,68.24,-1.04,-4.13,5.08,16.64
470.51,0,,68.46,16.68,1,0,68.48,-1.02,-4.07,5.16,16.60
470.60,0,,68.44,16.65,1,0,68.75,-0.95,-4.07,5.23,16.67
470.69,0,,68.61,16.65,1,0,69.14,-0.97,-4.15,5.13,16.73
470.84,0,,68.77,16.68,1,0,68.28,-1.08,-4.16,5.01,16.63
470.90,0,,68.71,16.66,1,0,68.58,-1.12,-4.12,5.01,16.55
470.99,0,,68.60,16.62,1,0,68.68,-1.01,-4.10,5.14,16.64
471.08,0,,68.54,16.61,1,0,68.26,-1.00,-4.07,5.18,16.62
471.20,0,,68.51,16.61,1,0,68.83,-1.10,-4.13,5.02,16.58
471.32,0,,68.63,16.61,1,0,69.07,-1.12,-4.20,4.93,16.63
471.41,0,,68.80,16.62,1,0,68.63,-1.07,-4.12,5.06,16.60
471.50,0,,68.82,16.62,1,0,68.64,-0.97,-4.09,5.19,16.67
471.59,0,,68.80,16.65,0,1,69.19,-1.01,-4.17,5.07,16.71
471.68,0,,68.88,16.66,0,1,68.84,-1.16,-4.15,4.94,16.54
471.83,0,,68.89,16.63,0,1,68.50,-1.10,-4.15,5.00,16.60
471.89,0,,68.72,16.61,1,0,68.46,-0.99,-4.13,5.13,16.69
471.98,0,,68.57,16.62,1,0,68.60,-1.07,-4.05,5.13,16.53
472.10,0,,68.50,16.60,1,0,68.44,-1.10,-4.10,5.05,16.55
472.25,0,,68.49,16.58,1,0,68.61,-1.07,-4.14,5.04,16.62
472.34,0,,68.55,16.59,4,-2,68.72,-1.04,-4.11,5.10,16.62
472.40,0,,68.69,16.62,4,-2,69.13,-1.01,-4.13,5.11,16.67
472.49,0,,68.85,16.64,2,-1,68.72,-1.06,-4.11,5.08,16.60
472.58,0,,68.88,16.63,1,0,68.71,-1.15,-4.13,4.97,16.53
472.70,0,,68.71,16.59,1,0,68.04,-1.13,-4.16,4.96,16.58
472.82,0,,68.55,16.59,1,0,69.15,-1.01,-4.15,5.09,16.69
472.88,0,,68.59,16.61,1,0,68.52,-1.12,-4.11,5.02,16.54
473.00,0,,68.66,16.59,1,0,68.58,-1.24,-4.13,4.88,16.44
473.09,0,,68.61,16.55,1,0,68.41,-1.11,-4.20,4.94,16.64
473.18,0,,68.57,16.56,1,0,68.84,-1.05,-4.13,5.07,16.63
473.33,0,,68.61,16.60,2,-1,68.61,-1.09,-4.11,5.05,16.57
473.39,0,,68.66,16.61,2,-1,68.65,-1.12,-4.21,4.92,16.64
473.48,0,,68.64,16.61,1,0,68.49,-1.18,-4.17,4.90,16.54
473.60,0,,68.65,16.60,1,0,68.99,-1.07,-4.14,5.04,16.62
473.72,0,,68.66,16.62,1,0,68.18,-0.97,-4.18,5.10,16.76
473.84,0,,68.59,16.66,1,0,68.76,-1.13,-4.13,4.99,16.55
473.90,0,,68.61,16.64,1,0,68.94,-1.20,-4.17,4.88,16.52
473.99,0,,68.72,16.59,1,0,68.57,-1.15,-4.19,4.91,16.59
474.08,0,,68.67,16.56,1,0,68.21,-1.12,-4.11,5.02,16.54
474.20,0,,68.54,16.57,1,0,68.82,-1.06,-4.17,5.02,16.66
474.35,0,,68.59,16.61,1,0,68.94,-1.11,-4.23,4.91,16.67
474.41,0,,68.77,16.64,1,0,68.91,-1.13,-4.16,4.96,16.58
474.50,0,,68.77,16.65,1,0,67.97,-1.00,-4.15,5.10,16.70
474.59,0,,68.60,16.66,1,0,68.93,-1.02,-4.16,5.07,16.69
474.68,0,,68.57,16.66,1,0,68.67,-1.18,-4.14,4.93,16.51
474.83,0,,68.65,16.60,1,0,68.71,-1.20,-4.16,4.89,16.51
474.89,0,,68.70,16.56,1,0,68.72,-1.08,-4.21,4.96,16.68
474.98,0,,68.67,16.59,1,0,68.30,-1.06,-4.19,5.00,16.68
475.10,0,,68.55,16.62,1,0,68.56,-1.21,-4.15,4.89,16.49
475.19,0,,68.52,16.59,1,0,68.75,-1.26,-4.19,4.80,16.48
475.34,0,,68.61,16.53,1,0,68.83,-1.16,-4.14,4.95,16.53
475.40,0,,68.73,16.52,1,0,68.74,-1.08,-4.11,5.06,16.58
475.49,0,,68.79,16.55,1,0,68.86,-1.11,-4.17,4.97,16.61
475.58,0,,68.80,16.58,1,0,68.65,-1.20,-4.21,4.84,16.56
475.70,0,,68.76,16.59,1,0,68.73,-1.19,-4.18,4.88,16.54
475.85,0,,68.61,16.57,1,0,67.83,-1.14,-4.10,5.01,16.51
475.88,0,,68.42,16.54,1,0,68.95,-1.13,-4.13,4.99,16.55
476.00,0,,68.44,16.54,1,0,68.51,-1.18,-4.21,4.86,16.58
476.12,0,,68.57,16.54,1,0,68.76,-1.25,-4.16,4.84,16.46
476.18,0,,68.68,16.52,1,0,68.77,-1.18,-4.10,4.97,16.47
476.33,0,,68.67,16.50,1,0,68.13,-1.08,-4.12,5.05,16.59
476.39,0,,68.53,16.53,1,0,68.58,-1.13,-4.12,5.00,16.54
476.48,0,,68.46,16.54,2,-1,68.62,-1.20,-4.13,4.92,16.48
476.60,0,,68.55,16.53,1,0,68.81,-1.17,-4.14,4.94,16.52
476.69,0,,68.65,16.53,1,0,68.60,-1.07,-4.16,5.02,16.64
476.84,0,,68.65,16.57,1,0,68.36,-1.08,-4.17,5.00,16.64
476.90,0,,68.54,16.60,1,0,68.44,-1.23,-4.13,4.89,16.45
476.99,0,,68.49,16.56,1,0,68.76,-1.21,-4.14,4.90,16.48
477.08,0,,68.51,16.52,1,0,68.27,-1.10,-4.15,5.00,16.60
477.20,0,,68.52,16.54,1,0,68.81,-1.10,-4.11,5.04,16.56
477.32,0,,68.58,16.56,1,0,68.61,-1.13,-4.11,5.01,16.53
477.38,0,,68.65,16.55,1,0,68.72,-1.19,-4.16,4.90,16.52
477.50,0,,68.72,16.54,1,0,68.91,-1.16,-4.15,4.94,16.54
477.59,0,,68.75,16.55,1,0,68.46,-1.05,-4.10,5.10,16.60
477.68,0,,68.69,16.56,1,0,68.66,-1.16,-4.13,4.96,16.52
477.83,0,,68.65,16.55,1,0,68.76,-1.23,-4.19,4.83,16.51
477.89,0,,68.69,16.53,1,0,68.80,-1.16,-4.14,4.95,16.53
477.98,0,,68.73,16.52,1,0,68.62,-1.12,-4.07,5.06,16.50
478.10,0,,68.77,16.53,0,1,69.12,-1.08,-4.15,5.02,16.62
478.19,0,,68.82,16.56,0,1,68.48,-1.14,-4.21,4.90,16.62
478.37,0,,68.77,16.59,1,0,68.74,-1.22,-4.19,4.84,16.52
478.39,0,,68.76,16.58,1,0,69.12,-1.17,-4.16,4.92,16.54
478.49,0,,68.83,16.56,0,1,68.63,-1.10,-4.13,5.02,16.58
478.58,0,,68.82,16.56,0,1,68.69,-1.15,-4.17,4.93,16.57
478.70,0,,68.71,16.56,0,1,68.47,-1.24,-4.20,4.81,16.51
478.82,0,,68.55,16.54,0,1,68.18,-1.26,-4.18,4.81,16.47
478.88,0,,68.41,16.52,2,-1,68.61,-1.17,-4.20,4.88,16.58
479.00,0,,68.41,16.54,4,-2,68.54,-1.14,-4.21,4.90,16.62
479.09,0,,68.47,16.56,4,-2,68.41,-1.29,-4.21,4.75,16.47
479.18,0,,68.46,16.54,4,-2,68.35,-1.35,-4.21,4.69,16.41
479.33,0,,68.47,16.49,4,-2,68.85,-1.24,-4.21,4.80,16.52
479.39,0,,68.61,16.49,4,-2,68.82,-1.15,-4.21,4.89,16.61
479.48,0,,68.76,16.53,1,0,68.86,-1.24,-4.21,4.80,16.52
479.60,0,,68.78,16.54,1,0,68.32,-1.35,-4.23,4.67,16.43
479.69,0,,68.61,16.50,1,0,68.29,-1.30,-4.19,4.76,16.44
479.84,0,,68.46,16.47,1,0,68.73,-1.20,-4.17,4.88,16.52
479.90,0,,68.52,16.49,0,1,68.84,-1.16,-4.24,4.85,16.63
479.99,0,,68.66,16.55,0,1,68.66,-1.23,-4.20,4.82,16.52
480.08,0,,68.68,16.55,0,1,68.36,-1.27,-4.13,4.85,16.41
480.20,0,,68.71,16.52,0,1,69.51,-1.17,-4.18,4.90,16.56
480.32,0,,68.86,16.53,1,0,68.56,-1.12,-4.22,4.91,16.65
480.38,0,,68.92,16.57,0,1,68.97,-1.21,-4.21,4.83,16.55
480.50,0,,68.88,16.58,0,2,68.72,-1.25,-4.20,4.80,16.50
480.59,0,,68.86,16.56,1,0,69.02,-1.18,-4.22,4.85,16.59
480.68,0,,68.89,16.57,1,0,68.93,-1.09,-4.19,4.97,16.65
480.83,0,,68.91,16.60,0,1,68.79,-1.12,-4.19,4.94,16.62
480.92,0,,68.85,16.61,0,1,68.61,-1.29,-4.21,4.75,16.47
480.98,0,,68.77,16.56,0,1,68.87,-1.26,-4.19,4.80,16.48
481.10,0,,68.73,16.52,0,1,68.59,-1.15,-4.20,4.90,16.60
481.19,0,,68.74,16.54,0,1,69.06,-1.14,-4.22,4.89,16.63
481.34,0,,68.78,16.58,0,1,68.54,-1.24,-4.20,4.81,16.51
481.40,0,,68.74,16.56,0,1,68.57,-1.34,-4.19,4.72,16.40
481.52,0,,68.66,16.50,2,-1,68.74,-1.25,-4.22,4.78,16.52
481.58,0,,68.59,16.49,2,-1,68.23,-1.16,-4.18,4.91,16.57
481.70,0,,68.53,16.52,2,-1,68.88,-1.22,-4.21,4.82,16.54
481.85,0,,68.62,16.56,2,-1,68.94,-1.25,-4.34,4.66,16.64
481.88,0,,68.76,16.60,2,-1,68.54,-1.23,-4.29,4.73,16.61
482.00,0,,68.70,16.62,1,0,68.28,-1.18,-4.21,4.86,16.58
482.09,0,,68.55,16.61,1,0,68.65,-1.19,-4.24,4.82,16.60
482.18,0,,68.51,16.59,1,0,68.67,-1.29,-4.20,4.76,16.46
482.33,0,,68.60,16.55,1,0,68.78,-1.23,-4.23,4.79,16.55
482.39,0,,68.71,16.54,1,0,68.81,-1.16,-4.25,4.84,16.64
482.48,0,,68.75,16.56,0,1,68.57,-1.16,-4.15,4.94,16.54
482.60,0,,68.70,16.58,0,1,68.56,-1.20,-4.23,4.82,16.58
482.69,0,,68.62,16.58,2,-1,68.59,-1.29,-4.28,4.68,16.54
482.83,0,,68.59,16.56,2,-1,68.68,-1.22,-4.18,4.85,16.51
482.90,0,,68.63,16.55,2,-1,68.75,-1.11,-4.15,4.99,16.59
482.99,0,,68.62,16.55,2,-1,68.19,-1.18,-4.15,4.92,16.52
483.08,0,,68.54,16.53,2,-1,68.74,-1.28,-4.18,4.79,16.45
483.20,0,,68.51,16.51,2,-1,68.41,-1.21,-4.22,4.82,16.56
483.35,0,,68.52,16.53,2,-1,68.61,-1.10,-4.21,4.94,16.66
483.38,0,,68.48,16.58,2,-1,68.18,-1.16,-4.18,4.91,16.57
483.50,0,,68.39,16.60,2,-1,68.33,-1.21,-4.22,4.82,16.56
483.62,0,,68.36,16.59,2,-1,68.64,-1.20,-4.25,4.80,16.60
483.68,0,,68.44,16.58,2,-1,68.51,-1.21,-4.16,4.88,16.50
483.83,0,,68.61,16.56,2,-1,69.20,-1.10,-4.15,5.00,16.60
483.92,0,,68.75,16.57,2,-1,68.21,-1.15,-4.20,4.90,16.60
483.98,0,,68.74,16.56,1,0,68.99,-1.30,-4.16,4.79,16.41
484.10,0,,68.71,16.53,1,0,68.54,-1.17,-4.20,4.88,16.58
484.19,0,,68.73,16.54,0,2,69.01,-1.10,-4.22,4.93,16.67
484.34,0,,68.75,16.59,0,2,68.47,-1.15,-4.18,4.92,16.58
484.40,0,,68.69,16.61,0,2,68.55,-1.20,-4.20,4.85,16.55
484.49,0,,68.62,16.58,0,1,68.80,-1.25,-4.21,4.79,16.51
484.58,0,,68.67,16.56,0,1,68.82,-1.16,-4.19,4.90,16.58
484.70,0,,68.73,16.57,1,0,68.62,-1.04,-4.19,5.02,16.70
484.82,0,,68.70,16.62,1,0,68.50,-1.11,-4.21,4.93,16.65
484.88,0,,68.60,16.64,1,0,68.49,-1.26,-4.20,4.79,16.49
485.00,0,,68.55,16.60,2,-1,68.73,-1.19,-4.18,4.88,16.54
485.15,0,,68.57,16.58,2,-1,68.57,-1.01,-4.22,5.02,16.76
485.18,0,,68.60,16.64,2,-1,68.61,-1.02,-4.19,5.04,16.72
485.33,0,,68.56,16.68,2,-1,68.26,-1.14,-4.14,4.97,16.55
485.42,0,,68.52,16.64,2,-1,68.88,-1.16,-4.09,5.00,16.48
485.48,0,,68.58,16.57,2,-1,68.61,-1.07,-4.08,5.10,16.56
485.60,0,,68.65,16.56,1,0,68.64,-0.94,-4.10,5.21,16.71
485.69,0,,68.62,16.61,1,0,68.35,-0.98,-4.10,5.17,16.67
485.84,0,,68.54,16.66,1,0,68.58,-1.11,-4.14,5.00,16.58
485.90,0,,68.53,16.66,1,0,68.77,-1.03,-4.15,5.07,16.67
485.99,0,,68.64,16.67,1,0,68.86,-0.90,-4.11,5.24,16.76
486.08,0,,68.73,16.70,1,0,68.50,-0.97,-4.12,5.16,16.70
486.20,0,,68.68,16.71,1,0,68.53,-1.06,-4.11,5.08,16.60
486.32,0,,68.58,16.67,1,0,68.51,-1.05,-4.10,5.10,16.60
486.38,0,,68.59,16.64,1,0,69.06,-0.98,-4.11,5.16,16.68
486.50,0,,68.70,16.64,1,0,68.56,-0.95,-4.09,5.21,16.69
486.59,0,,68.77,16.66,1,0,68.96,-1.05,-4.13,5.07,16.63
486.68,0,,68.78,16.65,1,0,68.52,-1.17,-4.15,4.93,16.53
486.83,0,,68.68,16.59,1,0,68.30,-1.17,-4.11,4.97,16.49
486.89,0,,68.54,16.54,1,0,68.78,-1.05,-4.10,5.10,16.60
486.98,0,,68.55,16.56,1,0,68.64,-1.06,-4.16,5.03,16.65
487.10,0,,68.60,16.59,1,0,68.51,-1.17,-4.18,4.90,16.56
487.19,0,,68.61,16.60,1,0,68.69,-1.11,-4.17,4.97,16.61
487.34,0,,68.58,16.61,1,0,68.29,-1.04,-4.14,5.07,16.65
487.40,0,,68.55,16.62,1,0,68.88,-1.09,-4.12,5.04,16.58
487.49,0,,68.62,16.61,1,0,68.76,-1.15,-4.15,4.95,16.55
487.58,0,,68.71,16.57,1,0,68.59,-1.22,-4.17,4.86,16.50
487.70,0,,68.69,16.54,1,0,68.61,-1.17,-4.15,4.93,16.53
487.82,0,,68.63,16.53,1,0,68.51,-1.12,-4.14,4.99,16.57
487.88,0,,68.60,16.54,1,0,68.81,-1.19,-4.15,4.91,16.51
488.00,0,,68.65,16.54,1,0,68.71,-1.23,-4.21,4.81,16.53
488.09,0,,68.67,16.53,1,0,68.41,-1.22,-4.18,4.85,16.51
488.18,0,,68.59,16.52,1,0,68.53,-1.20,-4.11,4.94,16.46
488.33,0,,68.53,16.50,1,0,68.57,-1.18,-4.14,4.93,16.51
488.39,0,,68.51,16.48,1,0,68.40,-1.27,-4.15,4.83,16.43
488.48,0,,68.48,16.46,1,0,68.52,-1.33,-4.16,4.76,16.38
488.60,0,,68.51,16.43,2,-1,68.77,-1.27,-4.20,4.78,16.48
488.69,0,,68.62,16.45,1,0,68.75,-1.16,-4.20,4.89,16.59
488.84,0,,68.72,16.50,1,0,68.79,-1.25,-4.18,4.82,16.48
488.90,0,,68.78,16.50,1,0,68.78,-1.37,-4.18,4.70,16.36
488.99,0,,68.75,16.45,1,0,68.43,-1.32,-4.18,4.75,16.41
489.08,0,,68.66,16.41,1,0,68.70,-1.30,-4.19,4.76,16.44
489.20,0,,68.59,16.41,1,0,68.52,-1.33,-4.20,4.72,16.42
489.32,0,,68.56,16.41,1,0,68.50,-1.40,-4.23,4.62,16.38
489.38,0,,68.57,16.39,1,0,68.88,-1.47,-4.21,4.57,16.29
489.50,0,,68.64,16.35,1,0,68.55,-1.40,-4.18,4.67,16.33
489.59,0,,68.63,16.34,1,0,68.35,-1.32,-4.19,4.74,16.42
489.68,0,,68.53,16.35,1,0,68.51,-1.43,-4.19,4.63,16.31
489.83,0,,68.51,16.34,1,0,68.81,-1.50,-4.22,4.53,16.27
489.89,0,,68.62,16.32,1,0,68.79,-1.38,-4.20,4.67,16.37
489.98,0,,68.71,16.33,1,0,68.58,-1.33,-4.17,4.75,16.39
490.10,0,,68.65,16.36,1,0,68.26,-1.42,-4.21,4.62,16.34
490.25,0,,68.55,16.36,1,0,68.86,-1.46,-4.23,4.56,16.32
490.34,0,,68.53,16.35,1,0,68.29,-1.43,-4.23,4.59,16.35
490.40,0,,68.53,16.36,1,0,68.69,-1.35,-4.24,4.66,16.44
490.49,0,,68.60,16.40,1,0,69.01,-1.28,-4.22,4.75,16.49
490.58,0,,68.72,16.45,1,0,68.43,-1.36,-4.22,4.67,16.41
490.70,0,,68.67,16.45,1,0,68.41,-1.42,-4.24,4.59,16.37
490.82,0,,68.58,16.43,1,0,68.81,-1.33,-4.22,4.70,16.44
490.88,0,,68.57,16.42,1,0,68.37,-1.26,-4.16,4.83,16.45
491.00,0,,68.54,16.43,1,0,68.53,-1.30,-4.15,4.80,16.40
491.09,0,,68.46,16.42,1,0,68.16,-1.39,-4.19,4.67,16.35
491.18,0,,68.41,16.40,1,0,68.76,-1.35,-4.20,4.70,16.40
491.33,0,,68.52,16.40,1,0,68.92,-1.24,-4.19,4.82,16.50
491.39,0,,68.73,16.45,1,0,68.84,-1.20,-4.20,4.85,16.55
491.48,0,,68.81,16.50,1,0,68.47,-1.28,-4.20,4.77,16.47
491.60,0,,68.66,16.50,1,0,68.17,-1.35,-4.18,4.72,16.38
491.72,0,,68.48,16.47,1,0,68.81,-1.25,-4.19,4.81,16.49
491.84,0,,68.51,16.47,1,0,68.75,-1.16,-4.18,4.91,16.57
491.90,0,,68.67,16.50,1,0,68.85,-1.22,-4.15,4.88,16.48
492.02,0,,68.75,16.51,1,0,68.53,-1.30,-4.19,4.76,16.44
492.08,0,,68.75,16.49,1,0,68.93,-1.27,-4.21,4.77,16.49
492.20,0,,68.70,16.48,1,0,68.25,-1.20,-4.16,4.89,16.51
492.32,0,,68.59,16.49,1,0,68.60,-1.23,-4.14,4.88,16.46
492.38,0,,68.45,16.48,1,0,68.08,-1.31,-4.19,4.75,16.43
492.50,0,,68.31,16.46,1,0,68.27,-1.30,-4.21,4.74,16.46
492.62,0,,68.29,16.46,2,-1,68.73,-1.22,-4.19,4.84,16.52
492.68,0,,68.42,16.50,4,-2,68.44,-1.11,-4.19,4.95,16.63
492.83,0,,68.49,16.55,4,-2,68.33,-1.18,-4.16,4.91,16.53
492.89,0,,68.48,16.55,4,-2,68.65,-1.31,-4.15,4.79,16.39
492.98,0,,68.51,16.50,2,-1,68.48,-1.21,-4.17,4.87,16.51
493.10,0,,68.53,16.49,2,-1,68.55,-1.12,-4.14,4.99,16.57
493.19,0,,68.55,16.52,1,0,68.64,-1.14,-4.15,4.96,16.56
493.34,0,,68.61,16.55,0,1,68.75,-1.20,-4.19,4.86,16.54
493.40,0,,68.64,16.56,0,2,68.42,-1.22,-4.21,4.82,16.54
493.49,0,,68.61,16.55,0,1,68.66,-1.22,-4.15,4.88,16.48
493.58,0,,68.55,16.51,0,1,68.30,-1.23,-4.10,4.92,16.42
493.70,0,,68.51,16.47,0,1,68.80,-1.27,-4.15,4.83,16.43
493.82,0,,68.62,16.44,0,1,69.01,-1.31,-4.18,4.76,16.42
493.88,0,,68.78,16.43,0,1,68.68,-1.23,-4.17,4.85,16.49
494.00,0,,68.81,16.46,0,1,68.67,-1.13,-4.15,4.97,16.57
494.12,0,,68.76,16.52,0,1,68.75,-1.16,-4.17,4.92,16.56
494.18,0,,68.68,16.55,1,0,68.33,-1.26,-4.18,4.81,16.47
494.33,0,,68.57,16.52,1,0,68.69,-1.26,-4.13,4.86,16.42
494.39,0,,68.60,16.49,1,0,68.95,-1.12,-4.15,4.98,16.58
494.48,0,,68.73,16.51,1,0,68.75,-1.09,-4.11,5.05,16.57
494.60,0,,68.76,16.53,0,1,68.43,-1.22,-4.09,4.94,16.42
494.69,0,,68.67,16.50,0,1,68.63,-1.26,-4.15,4.84,16.44
494.84,0,,68.62,16.47,1,0,68.85,-1.16,-4.13,4.96,16.52
494.90,0,,68.70,16.50,1,0,68.84,-1.06,-4.13,5.06,16.62
494.99,0,,68.78,16.55,0,1,68.73,-1.14,-4.15,4.96,16.56
495.08,0,,68.78,16.56,0,1,68.66,-1.26,-4.13,4.86,16.42
495.20,0,,68.70,16.52,0,1,68.49,-1.22,-4.13,4.90,16.46
495.32,0,,68.58,16.47,0,1,68.38,-1.21,-4.10,4.94,16.44
495.38,0,,68.51,16.45,1,0,68.81,-1.22,-4.10,4.93,16.43
495.50,0,,68.58,16.44,1,0,68.72,-1.27,-4.15,4.83,16.43
495.59,0,,68.70,16.42,1,0,68.86,-1.35,-4.14,4.76,16.34
495.68,0,,68.78,16.41,1,0,68.73,-1.23,-4.16,4.86,16.48
495.83,0,,68.79,16.44,1,0,68.73,-1.18,-4.19,4.88,16.56
495.89,0,,68.75,16.48,1,0,68.65,-1.31,-4.17,4.77,16.41
495.98,0,,68.71,16.47,1,0,68.72,-1.36,-4.15,4.74,16.34
496.10,0,,68.68,16.42,1,0,68.64,-1.31,-4.12,4.82,16.36
496.19,0,,68.60,16.37,1,0,68.18,-1.31,-4.10,4.84,16.34
496.34,0,,68.47,16.34,1,0,68.56,-1.34,-4.09,4.82,16.30
496.40,0,,68.45,16.33,1,0,68.73,-1.34,-4.12,4.79,16.33
496.49,0,,68.52,16.33,2,-1,68.30,-1.36,-4.18,4.71,16.37
496.58,0,,68.46,16.35,2,-1,68.14,-1.37,-4.18,4.70,16.36
496.70,0,,68.35,16.38,4,-2,68.59,-1.23,-4.15,4.87,16.47
496.82,0,,68.44,16.42,4,-2,68.97,-1.22,-4.12,4.91,16.45
496.88,0,,68.67,16.43,2,-1,68.83,-1.34,-4.11,4.80,16.32
497.00,0,,68.80,16.41,2,-1,68.58,-1.27,-4.11,4.87,16.39
497.09,0,,68.75,16.39,1,0,68.58,-1.16,-4.04,5.05,16.43
497.18,0,,68.67,16.40,1,0,68.77,-1.20,-4.04,5.01,16.39
497.33,0,,68.62,16.40,1,0,68.31,-1.22,-4.07,4.96,16.40
497.39,0,,68.58,16.41,0,1,68.90,-1.19,-4.04,5.02,16.40
497.48,0,,68.62,16.41,0,1,68.62,-1.13,-4.04,5.08,16.46
497.60,0,,68.66,16.44,0,1,68.57,-1.02,-3.99,5.24,16.52
497.69,0,,68.59,16.47,1,0,68.27,-1.06,-3.94,5.25,16.43
497.84,0,,68.48,16.46,1,0,68.53,-1.19,-4.00,5.06,16.36
497.93,0,,68.54,16.43,1,0,69.30,-1.11,-4.02,5.12,16.46
497.99,0,,68.77,16.44,1,0,68.66,-0.99,-3.99,5.27,16.55
498.08,0,,68.86,16.48,1,0,68.62,-1.06,-4.01,5.18,16.50
498.20,0,,68.75,16.50,1,0,68.51,-1.18,-4.05,5.02,16.42
498.32,0,,68.60,16.47,1,0,68.49,-1.27,-4.08,4.90,16.36
498.38,0,,68.45,16.41,1,0,68.01,-1.24,-4.07,4.94,16.38
498.50,0,,68.33,16.39,2,-1,68.74,-1.15,-4.03,5.07,16.43
498.62,0,,68.43,16.40,2,-1,68.81,-1.19,-4.08,4.98,16.44
498.68,0,,68.61,16.43,1,0,68.50,-1.25,-4.15,4.85,16.45
498.83,0,,68.68,16.45,1,0,68.85,-1.21,-4.13,4.91,16.47
498.92,0,,68.69,16.47,1,0,68.42,-1.17,-4.12,4.96,16.50
498.98,0,,68.67,16.49,1,0,68.92,-1.20,-4.12,4.93,16.47
499.10,0,,68.64,16.48,1,0,68.23,-1.32,-4.14,4.79,16.37
499.19,0,,68.56,16.42,1,0,68.63,-1.44,-4.16,4.65,16.27
499.34,0,,68.52,16.34,1,0,68.60,-1.42,-4.13,4.70,16.26
499.40,0,,68.54,16.30,1,0,68.48,-1.31,-4.14,4.80,16.38
499.49,0,,68.56,16.31,1,0,68.70,-1.38,-4.19,4.68,16.36
499.58,0,,68.57,16.33,1,0,68.44,-1.52,-4.18,4.55,16.21
499.70,0,,68.56,16.30,1,0,68.62,-1.48,-4.18,4.59,16.25
499.82,0,,68.57,16.28,1,0,68.65,-1.40,-4.19,4.66,16.34
499.88,0,,68.63,16.29,1,0,68.79,-1.45,-4.18,4.62,16.28
500.00,0,,68.71,16.29,1,0,68.77,-1.54,-4.22,4.49,16.23
500.09,0,,68.74,16.28,1,0,68.60,-1.55,-4.26,4.44,16.26
500.18,0,,68.69,16.26,1,0,68.52,-1.53,-4.21,4.51,16.23
500.33,0,,68.61,16.26,1,0,68.64,-1.44,-4.20,4.61,16.31
500.39,0,,68.64,16.29,1,0,69.04,-1.46,-4.30,4.49,16.39
500.48,0,,68.78,16.34,1,0,68.80,-1.56,-4.35,4.34,16.34
500.60,0,,68.83,16.37,0,1,68.63,-1.45,-4.28,4.52,16.38
500.69,0,,68.78,16.39,0,1,68.74,-1.35,-4.22,4.68,16.42
500.84,0,,68.72,16.40,1,0,68.65,-1.42,-4.21,4.62,16.34
500.90,0,,68.68,16.37,1,0,68.69,-1.49,-4.23,4.53,16.29
500.99,0,,68.62,16.34,1,0,68.28,-1.44,-4.24,4.57,16.35
501.08,0,,68.53,16.34,1,0,68.66,-1.31,-4.21,4.73,16.45
501.20,0,,68.47,16.39,2,-1,68.27,-1.27,-4.19,4.79,16.47
501.32,0,,68.48,16.43,4,-2,68.88,-1.36,-4.21,4.68,16.40
501.38,0,,68.57,16.42,4,-2,68.58,-1.45,-4.20,4.60,16.30
501.50,0,,68.68,16.37,2,-1,68.85,-1.39,-4.16,4.70,16.32
501.59,0,,68.74,16.35,1,0,68.74,-1.22,-4.14,4.89,16.47
501.68,0,,68.76,16.40,1,0,68.64,-1.21,-4.15,4.89,16.49
501.83,0,,68.73,16.44,1,0,68.73,-1.33,-4.18,4.74,16.40
501.89,0,,68.76,16.45,1,0,69.13,-1.28,-4.17,4.80,16.44
501.98,0,,68.85,16.45,0,2,68.70,-1.22,-4.14,4.89,16.47
502.10,0,,68.84,16.46,0,2,68.60,-1.22,-4.12,4.91,16.45
502.22,0,,68.69,16.45,0,1,68.35,-1.27,-4.11,4.87,16.39
502.34,0,,68.54,16.42,1,0,68.59,-1.31,-4.10,4.84,16.34
502.40,0,,68.53,16.39,1,0,68.86,-1.24,-4.13,4.88,16.44
502.49,0,,68.62,16.41,1,0,68.51,-1.18,-4.10,4.97,16.47
502.58,0,,68.62,16.43,1,0,68.40,-1.26,-4.08,4.91,16.37
502.70,0,,68.59,16.42,1,0,68.94,-1.37,-4.15,4.73,16.33
502.82,0,,68.64,16.38,2,-1,68.55,-1.32,-4.13,4.80,16.36
502.88,0,,68.69,16.36,2,-1,68.75,-1.23,-4.08,4.94,16.40
503.00,0,,68.71,16.38,1,0,68.81,-1.22,-4.10,4.93,16.43
503.09,0,,68.77,16.40,1,0,68.85,-1.31,-4.15,4.79,16.39
503.18,0,,68.77,16.40,1,0,68.45,-1.40,-4.14,4.71,16.29
503.33,0,,68.66,16.36,1,0,68.51,-1.37,-4.12,4.76,16.30
503.39,0,,68.58,16.34,1,0,68.82,-1.19,-4.12,4.94,16.48
503.48,0,,68.58,16.38,1,0,68.36,-1.23,-4.10,4.92,16.42
503.60,0,,68.58,16.40,1,0,68.74,-1.38,-4.09,4.78,16.26
503.69,0,,68.62,16.37,1,0,68.79,-1.28,-4.12,4.85,16.39
503.84,0,,68.66,16.37,1,0,68.39,-1.18,-4.10,4.97,16.47
503.90,0,,68.57,16.39,1,0,68.29,-1.24,-4.03,4.98,16.34
503.99,0,,68.50,16.40,1,0,68.95,-1.29,-4.11,4.85,16.37
504.08,0,,68.53,16.39,2,-1,68.21,-1.32,-4.17,4.76,16.40
504.20,0,,68.56,16.38,2,-1,68.91,-1.31,-4.09,4.85,16.33
504.32,0,,68.71,16.38,2,-1,69.25,-1.21,-4.10,4.94,16.44
504.38,0,,68.90,16.39,1,0,68.60,-1.24,-4.11,4.90,16.42
504.50,0,,68.92,16.40,1,0,68.89,-1.37,-4.12,4.76,16.30
504.59,0,,68.85,16.38,0,2,68.72,-1.32,-4.18,4.75,16.41
504.68,0,,68.77,16.39,0,2,68.60,-1.21,-4.15,4.89,16.49
504.83,0,,68.73,16.43,0,2,69.03,-1.22,-4.12,4.91,16.45
504.89,0,,68.77,16.45,0,1,68.60,-1.30,-4.15,4.80,16.40
504.98,0,,68.77,16.44,0,1,68.76,-1.29,-4.17,4.79,16.43
505.10,0,,68.74,16.44,0,1,68.74,-1.22,-4.17,4.86,16.50
505.19,0,,68.74,16.47,0,1,68.79,-1.13,-4.11,5.01,16.53
505.34,0,,68.78,16.50,0,1,68.94,-1.15,-4.07,5.03,16.47
505.40,0,,68.78,16.49,1,0,68.40,-1.22,-4.06,4.97,16.39
505.49,0,,68.73,16.45,1,0,68.97,-1.15,-4.02,5.08,16.42
505.58,0,,68.70,16.44,1,0,68.51,-0.99,-3.98,5.28,16.54
505.70,0,,68.70,16.49,1,0,68.81,-0.92,-3.97,5.36,16.60
505.82,0,,68.66,16.55,2,-1,68.44,-0.97,-3.98,5.30,16.56
505.88,0,,68.66,16.58,2,-1,69.01,-0.93,-3.93,5.39,16.55
506.00,0,,68.72,16.59,1,0,68.69,-0.77,-3.88,5.60,16.66
506.09,0,,68.76,16.63,1,0,68.68,-0.67,-3.87,5.71,16.75
506.18,0,,68.77,16.69,1,0,68.95,-0.72,-3.85,5.68,16.68
506.33,0,,68.79,16.70,1,0,68.64,-0.83,-3.84,5.58,16.56
506.39,0,,68.78,16.66,0,1,68.81,-0.75,-3.84,5.66,16.64
506.48,0,,68.69,16.65,1,0,68.18,-0.60,-3.85,5.80,16.80
506.60,0,,68.55,16.70,1,0,68.71,-0.67,-3.89,5.69,16.77
506.72,0,,68.55,16.74,1,0,68.90,-0.81,-3.91,5.53,16.65
506.81,0,,68.68,16.72,2,-1,68.67,-0.86,-3.91,5.48,16.60
506.90,0,,68.72,16.67,2,-1,68.53,-0.82,-3.98,5.45,16.71
506.99,0,,68.66,16.67,1,0,68.61,-0.79,-4.00,5.46,16.76
507.08,0,,68.64,16.69,1,0,68.86,-0.90,-3.92,5.43,16.57
507.20,0,,68.66,16.65,2,-1,68.42,-0.99,-3.95,5.31,16.51
507.32,0,,68.63,16.58,2,-1,68.68,-0.96,-3.98,5.31,16.57
507.38,0,,68.60,16.56,1,0,68.61,-0.90,-3.99,5.36,16.64
507.50,0,,68.57,16.59,1,0,68.33,-0.93,-4.04,5.28,16.66
507.59,0,,68.51,16.62,1,0,68.63,-1.09,-4.04,5.12,16.50
507.68,0,,68.46,16.57,2,-1,68.16,-1.17,-4.03,5.05,16.41
507.83,0,,68.45,16.50,2,-1,68.96,-1.14,-4.04,5.07,16.45
507.89,0,,68.59,16.46,2,-1,68.80,-1.09,-4.07,5.09,16.53
507.98,0,,68.73,16.47,2,-1,68.60,-1.16,-4.08,5.01,16.47
508.10,0,,68.70,16.46,1,0,68.40,-1.32,-4.09,4.84,16.32
508.19,0,,68.59,16.42,1,0,68.61,-1.27,-4.15,4.83,16.43
508.31,0,,68.53,16.41,1,0,68.56,-1.23,-4.13,4.89,16.45
508.40,0,,68.57,16.41,1,0,68.80,-1.29,-4.10,4.86,16.36
508.49,0,,68.64,16.41,1,0,68.60,-1.29,-4.16,4.80,16.42
508.58,0,,68.72,16.41,1,0,69.02,-1.28,-4.15,4.82,16.42
508.70,0,,68.84,16.43,0,1,69.00,-1.19,-4.10,4.96,16.46
508.82,0,,68.88,16.45,0,1,68.40,-1.10,-4.06,5.09,16.51
508.88,0,,68.74,16.47,0,1,68.60,-1.18,-4.04,5.03,16.41
509.00,0,,68.57,16.45,1,0,68.32,-1.21,-4.01,5.03,16.35
509.09,0,,68.45,16.41,1,0,68.50,-1.11,-3.96,5.18,16.40
509.18,0,,68.43,16.41,1,0,68.54,-0.97,-3.93,5.35,16.51
509.33,0,,68.51,16.45,1,0,68.78,-0.97,-3.94,5.34,16.52
509.39,0,,68.65,16.49,2,-1,68.87,-1.04,-3.96,5.25,16.47
509.48,0,,68.67,16.50,2,-1,67.88,-0.98,-3.92,5.35,16.49
509.60,0,,68.51,16.50,2,-1,68.78,-0.91,-3.89,5.45,16.53
509.69,0,,68.49,16.52,2,-1,68.79,-0.89,-3.93,5.43,16.59
509.81,0,,68.62,16.55,1,0,68.57,-0.92,-3.92,5.41,16.55
509.90,0,,68.67,16.55,1,0,68.70,-1.02,-3.92,5.31,16.45
509.99,0,,68.72,16.51,1,0,68.92,-1.00,-3.91,5.34,16.46
510.11,0,,68.73,16.48,1,0,68.32,-0.91,-3.85,5.49,16.49
510.20,0,,68.63,16.47,1,0,68.58,-1.00,-3.90,5.35,16.45
510.35,0,,68.54,16.47,1,0,68.60,-1.11,-3.99,5.15,16.43
510.41,0,,68.59,16.46,1,0,68.91,-1.05,-3.99,5.21,16.49
510.50,0,,68.67,16.47,0,1,68.48,-1.04,-3.95,5.26,16.46
510.59,0,,68.66,16.46,1,0,68.54,-1.13,-3.95,5.17,16.37
510.71,0,,68.58,16.43,1,0,68.50,-1.21,-4.03,5.01,16.37
510.83,0,,68.52,16.38,1,0,68.54,-1.29,-4.03,4.93,16.29
510.89,0,,68.50,16.34,2,-1,68.45,-1.23,-4.01,5.01,16.33
511.01,0,,68.53,16.34,2,-1,68.82,-1.11,-4.03,5.11,16.47
511.10,0,,68.62,16.38,1,0,68.68,-1.20,-4.06,4.99,16.41
511.19,0,,68.69,16.40,1,0,68.67,-1.32,-4.08,4.85,16.31
511.31,0,,68.71,16.38,1,0,68.75,-1.24,-4.06,4.95,16.37
511.40,0,,68.65,16.37,1,0,68.14,-1.18,-4.04,5.03,16.41
511.52,0,,68.44,16.37,1,0,68.16,-1.28,-4.02,4.95,16.29
511.61,0,,68.31,16.33,1,0,68.70,-1.35,-4.03,4.87,16.23
511.70,0,,68.41,16.28,1,0,68.71,-1.35,-4.07,4.83,16.27
511.82,0,,68.62,16.27,1,0,68.92,-1.31,-4.11,4.83,16.35
511.91,0,,68.78,16.30,1,0,68.72,-1.29,-4.11,4.85,16.37
512.00,0,,68.86,16.35,1,0,68.99,-1.32,-4.16,4.77,16.39
512.09,0,,68.84,16.38,1,0,68.42,-1.39,-4.18,4.68,16.34
512.21,0,,68.75,16.37,1,0,68.90,-1.38,-4.11,4.76,16.28
512.33,0,,68.67,16.34,0,1,68.37,-1.27,-4.10,4.88,16.38
512.39,0,,68.55,16.35,1,0,68.32,-1.27,-4.14,4.84,16.42
512.51,0,,68.50,16.38,1,0,69.06,-1.34,-4.14,4.77,16.35
512.60,0,,68.63,16.39,1,0,68.67,-1.29,-4.14,4.82,16.40
512.72,0,,68.68,16.40,1,0,68.25,-1.19,-4.07,4.99,16.43
512.81,0,,68.59,16.42,1,0,68.76,-1.13,-4.03,5.09,16.45
512.90,0,,68.59,16.44,1,0,68.77,-1.15,-4.05,5.05,16.45
512.99,0,,68.66,16.45,1,0,68.64,-1.16,-4.02,5.07,16.41
513.11,0,,68.61,16.45,1,0,68.05,-1.06,-3.95,5.24,16.44
513.20,0,,68.43,16.46,1,0,68.43,-0.89,-3.93,5.43,16.59
513.32,0,,68.32,16.51,2,-1,68.35,-0.89,-3.91,5.45,16.57
513.41,0,,68.40,16.55,2,-1,68.97,-0.96,-3.89,5.40,16.48
513.50,0,,68.61,16.55,2,-1,68.75,-0.82,-3.87,5.56,16.60
513.59,0,,68.71,16.58,1,0,68.31,-0.66,-3.81,5.78,16.70
513.71,0,,68.60,16.63,1,0,68.37,-0.69,-3.77,5.79,16.63
513.83,0,,68.47,16.64,1,0,68.58,-0.77,-3.77,5.71,16.55
513.89,0,,68.39,16.62,1,0,68.03,-0.74,-3.80,5.71,16.61
514.01,0,,68.28,16.62,1,0,68.26,-0.64,-3.80,5.81,16.71
514.10,0,,68.26,16.66,1,0,68.66,-0.58,-3.78,5.89,16.75
514.19,0,,68.42,16.71,2,-1,68.74,-0.66,-3.82,5.77,16.71
514.34,0,,68.62,16.72,2,-1,68.73,-0.78,-3.84,5.63,16.61
514.40,0,,68.74,16.68,2,-1,68.80,-0.75,-3.81,5.69,16.61
514.49,0,,68.78,16.65,0,1,68.65,-0.67,-3.84,5.74,16.72
514.61,0,,68.68,16.66,0,1,68.19,-0.74,-3.83,5.68,16.64
514.70,0,,68.52,16.66,0,2,68.67,-0.81,-3.86,5.58,16.60
514.82,0,,68.49,16.64,0,2,68.69,-0.83,-3.91,5.51,16.63
514.91,0,,68.57,16.63,0,1,68.60,-0.85,-3.89,5.51,16.59
515.00,0,,68.67,16.61,0,1,68.99,-0.79,-3.88,5.58,16.64
515.09,0,,68.73,16.61,1,0,68.36,-0.85,-3.89,5.51,16.59
515.21,0,,68.67,16.59,1,0,68.59,-0.97,-3.90,5.38,16.48
515.33,0,,68.63,16.56,1,0,68.96,-0.91,-3.90,5.44,16.54
515.42,0,,68.71,16.54,1,0,68.70,-0.89,-3.92,5.44,16.58
515.51,0,,68.71,16.55,0,1,68.34,-0.99,-3.96,5.30,16.52
515.60,0,,68.57,16.54,1,0,68.41,-1.04,-4.00,5.21,16.51
515.69,0,,68.48,16.53,1,0,68.67,-1.05,-4.00,5.20,16.50
515.81,0,,68.56,16.51,2,-1,69.02,-1.05,-3.96,5.24,16.46
515.90,0,,68.66,16.49,2,-1,68.13,-0.98,-3.93,5.34,16.50
515.99,0,,68.57,16.48,1,0,68.43,-1.02,-3.95,5.28,16.48
516.11,0,,68.38,16.47,1,0,68.07,-1.08,-3.93,5.24,16.40
516.20,0,,68.30,16.46,1,0,68.68,-0.94,-3.91,5.40,16.52
516.32,0,,68.48,16.49,1,0,69.33,-0.80,-3.88,5.57,16.63
516.41,0,,68.79,16.55,1,0,68.55,-0.83,-3.82,5.60,16.54
516.50,0,,68.88,16.57,1,0,68.78,-0.88,-3.82,5.55,16.49
516.59,0,,68.80,16.54,1,0,68.62,-0.84,-3.78,5.63,16.49
516.71,0,,68.74,16.50,1,0,68.86,-0.81,-3.70,5.74,16.44
516.83,0,,68.69,16.48,0,1,68.38,-0.75,-3.71,5.79,16.51
516.95,0,,68.59,16.50,0,2,68.48,-0.72,-3.78,5.75,16.61
517.01,0,,68.52,16.53,0,1,68.66,-0.85,-3.79,5.61,16.49
517.10,0,,68.54,16.53,1,0,68.62,-0.83,-3.74,5.68,16.46
517.19,0,,68.61,16.52,1,0,68.72,-0.64,-3.72,5.89,16.63
517.31,0,,68.67,16.54,1,0,68.69,-0.73,-3.73,5.79,16.55
517.40,0,,68.74,16.55,1,0,69.01,-0.91,-3.80,5.54,16.44
517.49,0,,68.88,16.53,1,0,69.13,-0.82,-3.84,5.59,16.57
517.61,0,,69.01,16.53,1,0,68.98,-0.80,-3.81,5.64,16.56
517.70,0,,69.01,16.54,0,1,68.67,-0.89,-3.81,5.55,16.47
517.82,0,,68.86,16.53,0,1,68.62,-0.87,-3.86,5.52,16.54
517.91,0,,68.70,16.52,0,1,68.57,-0.92,-3.89,5.44,16.52
518.00,0,,68.58,16.51,0,1,68.51,-0.97,-3.88,5.40,16.46
518.09,0,,68.54,16.49,0,1,68.65,-0.92,-3.81,5.52,16.44
518.21,0,,68.55,16.47,0,1,68.51,-0.93,-3.85,5.47,16.47
518.36,0,,68.53,16.46,1,0,68.41,-1.00,-3.90,5.35,16.45
518.39,0,,68.50,16.45,4,-2,68.58,-0.93,-3.84,5.48,16.46
518.51,0,,68.49,16.45,4,-2,68.41,-0.89,-3.79,5.57,16.45
518.60,0,,68.45,16.45,4,-2,68.34,-0.91,-3.77,5.57,16.41
518.69,0,,68.43,16.46,4,-2,68.59,-0.81,-3.83,5.61,16.57
518.81,0,,68.50,16.49,2,-1,68.78,-0.86,-3.80,5.59,16.49
518.90,0,,68.59,16.49,2,-1,68.38,-0.88,-3.67,5.70,16.34
518.99,0,,68.65,16.48,1,0,69.09,-0.59,-3.68,5.98,16.64
519.11,0,,68.75,16.53,1,0,68.69,-0.58,-3.72,5.95,16.69
519.20,0,,68.82,16.60,0,1,68.87,-0.73,-3.67,5.85,16.49
519.32,0,,68.78,16.60,0,2,68.39,-0.58,-3.63,6.04,16.60
519.41,0,,68.64,16.60,0,2,68.46,-0.46,-3.58,6.21,16.67
519.50,0,,68.51,16.63,0,1,68.59,-0.45,-3.54,6.26,16.64
519.59,0,,68.49,16.65,1,0,68.45,-0.46,-3.59,6.20,16.68
519.71,0,,68.51,16.66,1,0,68.68,-0.53,-3.60,6.12,16.62
519.83,0,,68.62,16.66,1,0,69.03,-0.47,-3.57,6.21,16.65
519.92,0,,68.75,16.67,1,0,68.48,-0.34,-3.57,6.34,16.78
520.01,0,,68.81,16.70,2,-1,69.24,-0.45,-3.59,6.21,16.69
520.10,0,,68.89,16.70,2,-1,68.72,-0.58,-3.63,6.04,16.60
520.22,0,,68.92,16.69,0,1,68.95,-0.50,-3.69,6.06,16.74
520.31,0,,68.91,16.70,0,1,68.93,-0.50,-3.70,6.05,16.75
520.40,0,,68.88,16.72,0,1,68.59,-0.61,-3.70,5.94,16.64
520.49,0,,68.78,16.69,0,1,68.71,-0.68,-3.72,5.85,16.59
520.61,0,,68.65,16.63,0,1,68.34,-0.74,-3.71,5.80,16.52
520.70,0,,68.55,16.57,0,1,68.72,-0.72,-3.72,5.81,16.55
520.82,0,,68.61,16.56,0,1,69.08,-0.61,-3.75,5.89,16.69
520.91,0,,68.70,16.60,0,1,68.14,-0.72,-3.77,5.76,16.60
521.00,0,,68.61,16.61,1,0,68.54,-0.84,-3.79,5.62,16.50
521.12,0,,68.52,16.58,4,-2,68.78,-0.79,-3.82,5.64,16.58
521.21,0,,68.57,16.56,4,-2,68.50,-0.81,-3.81,5.63,16.55
521.33,0,,68.63,16.55,2,-1,68.91,-0.84,-3.83,5.58,16.54
521.39,0,,68.74,16.56,1,0,68.90,-0.87,-3.93,5.45,16.61
521.51,0,,68.83,16.56,1,0,68.72,-0.97,-3.93,5.35,16.51
521.60,0,,68.77,16.54,1,0,68.34,-0.99,-3.91,5.35,16.47
521.69,0,,68.63,16.52,1,0,68.73,-0.91,-3.93,5.41,16.57
521.81,0,,68.57,16.51,1,0,68.52,-1.04,-3.90,5.31,16.41
521.90,0,,68.57,16.47,1,0,68.65,-1.17,-3.96,5.12,16.34
521.99,0,,68.60,16.43,1,0,68.69,-1.02,-4.02,5.21,16.55
522.11,0,,68.67,16.45,1,0,68.85,-1.00,-3.96,5.29,16.51
522.23,0,,68.72,16.48,2,-1,68.51,-1.17,-3.97,5.11,16.35
522.32,0,,68.70,16.45,1,0,68.74,-1.19,-4.05,5.01,16.41
522.41,0,,68.60,16.42,1,0,68.09,-1.14,-4.04,5.07,16.45
522.50,0,,68.48,16.42,1,0,68.78,-1.11,-4.00,5.14,16.44
522.59,0,,68.49,16.45,2,-1,68.56,-1.07,-4.03,5.15,16.51
522.71,0,,68.59,16.47,2,-1,68.84,-1.15,-4.06,5.04,16.46
522.83,0,,68.72,16.47,2,-1,68.93,-1.20,-4.00,5.05,16.35
522.89,0,,68.83,16.44,1,0,68.75,-1.06,-4.01,5.18,16.50
523.01,0,,68.81,16.46,1,0,68.46,-0.98,-3.99,5.28,16.56
523.10,0,,68.66,16.49,1,0,68.46,-1.05,-3.96,5.24,16.46
523.19,0,,68.62,16.51,1,0,69.27,-0.99,-3.99,5.27,16.55
523.31,0,,68.76,16.54,1,0,68.64,-0.84,-3.94,5.47,16.65
523.40,0,,68.80,16.60,0,1,68.52,-0.75,-3.90,5.60,16.70
523.52,0,,68.65,16.66,1,0,68.30,-0.76,-3.86,5.63,16.65
523.61,0,,68.49,16.66,1,0,68.54,-0.82,-3.82,5.61,16.55
523.70,0,,68.46,16.63,1,0,68.71,-0.75,-3.84,5.66,16.64
523.82,0,,68.58,16.63,1,0,68.83,-0.60,-3.82,5.83,16.77
523.91,0,,68.69,16.69,1,0,68.55,-0.60,-3.81,5.84,16.76
524.00,0,,68.70,16.74,1,0,68.64,-0.66,-3.82,5.77,16.71
524.09,0,,68.60,16.75,1,0,68.18,-0.65,-3.82,5.78,16.72
524.21,0,,68.47,16.76,2,-1,68.63,-0.53,-3.84,5.88,16.86
524.33,0,,68.49,16.80,2,-1,68.84,-0.38,-3.77,6.10,16.94
524.42,0,,68.62,16.87,1,0,68.59,-0.43,-3.74,6.08,16.86
524.51,0,,68.65,16.88,1,0,68.45,-0.53,-3.77,5.95,16.79
524.60,0,,68.61,16.86,1,0,68.69,-0.42,-3.75,6.08,16.88
524.69,0,,68.60,16.86,1,0,68.63,-0.34,-3.70,6.21,16.91
524.81,0,,68.57,16.88,1,0,68.29,-0.34,-3.70,6.21,16.91
524.90,0,,68.52,16.90,1,0,68.71,-0.37,-3.72,6.16,16.90
524.99,0,,68.58,16.91,1,0,68.96,-0.39,-3.72,6.14,16.88
525.11,0,,68.73,16.90,1,0,68.68,-0.36,-3.71,6.18,16.90
525.20,0,,68.81,16.90,0,1,68.89,-0.28,-3.66,6.31,16.93
525.32,0,,68.81,16.91,0,1,68.63,-0.30,-3.65,6.30,16.90
525.41,0,,68.77,16.91,1,0,68.75,-0.35,-3.69,6.21,16.89
525.50,0,,68.71,16.91,1,0,68.59,-0.27,-3.65,6.33,16.93
525.59,0,,68.67,16.92,1,0,68.72,-0.18,-3.61,6.46,16.98
525.71,0,,68.72,16.95,0,1,69.10,-0.20,-3.61,6.44,16.96
525.83,0,,68.78,16.95,0,1,68.34,-0.27,-3.58,6.40,16.86
525.89,0,,68.71,16.92,1,0,68.71,-0.28,-3.56,6.41,16.83
526.01,0,,68.66,16.89,1,0,68.82,-0.14,-3.54,6.57,16.95
526.10,0,,68.72,16.91,1,0,68.89,-0.04,-3.55,6.66,17.06
526.19,0,,68.80,16.97,1,0,68.77,-0.15,-3.56,6.54,16.96
526.31,0,,68.86,16.99,1,0,69.05,-0.21,-3.55,6.49,16.89
526.40,0,,68.89,16.96,0,1,68.70,-0.12,-3.51,6.62,16.94
526.52,0,,68.85,16.94,0,1,68.70,-0.04,-3.42,6.79,16.93
526.61,0,,68.72,16.93,0,1,68.44,-0.05,-3.43,6.77,16.93
526.70,0,,68.60,16.93,0,1,68.62,-0.11,-3.48,6.66,16.92
526.82,0,,68.55,16.92,1,0,68.61,-0.09,-3.41,6.75,16.87
526.91,0,,68.59,16.92,1,0,68.74,0.10,-3.39,6.96,17.04
527.00,0,,68.66,16.98,1,0,68.75,0.21,-3.38,7.08,17.14
527.09,0,,68.76,17.05,2,-1,68.99,0.15,-3.31,7.09,17.01
527.21,0,,68.83,17.07,1,0,68.63,0.16,-3.32,7.09,17.03
527.33,0,,68.75,17.06,1,0,68.32,0.22,-3.27,7.20,17.04
527.42,0,,68.60,17.05,1,0,68.78,0.31,-3.19,7.37,17.05
527.51,0,,68.54,17.05,1,0,68.35,0.34,-3.16,7.43,17.05
527.60,0,,68.51,17.04,1,0,68.61,0.27,-3.14,7.38,16.96
527.69,0,,68.47,17.02,1,0,68.19,0.37,-3.12,7.50,17.04
527.84,0,,68.42,17.03,2,-1,68.65,0.53,-3.07,7.71,17.15
527.90,0,,68.50,17.09,2,-1,68.84,0.59,-3.04,7.80,17.18
527.99,0,,68.61,17.15,2,-1,68.38,0.55,-3.06,7.74,17.16
528.11,0,,68.63,17.17,2,-1,68.78,0.51,-3.04,7.72,17.10
528.20,0,,68.60,17.14,2,-1,68.31,0.57,-2.95,7.87,17.07
528.32,0,,68.58,17.12,2,-1,68.92,0.71,-2.89,8.07,17.15
528.41,0,,68.68,17.12,2,-1,68.94,0.73,-2.90,8.08,17.18
528.50,0,,68.78,17.15,1,0,68.52,0.72,-2.89,8.08,17.16
528.59,0,,68.67,17.17,0,1,68.10,0.78,-2.83,8.20,17.16
528.71,0,,68.50,17.17,2,-1,68.86,0.79,-2.77,8.27,17.11
528.83,0,,68.50,17.16,2,-1,68.54,0.86,-2.77,8.34,17.18
528.89,0,,68.60,17.17,1,0,68.82,0.94,-2.79,8.40,17.28
529.01,0,,68.72,17.21,1,0,68.91,0.92,-2.69,8.48,17.16
529.10,0,,68.86,17.21,0,1,69.08,0.96,-2.67,8.54,17.18
529.19,0,,68.92,17.21,0,1,68.52,1.07,-2.69,8.63,17.31
529.31,0,,68.84,17.24,1,0,68.85,1.05,-2.61,8.69,17.21
529.40,0,,68.81,17.24,1,0,69.04,1.04,-2.60,8.69,17.19
529.52,0,,68.85,17.23,0,1,68.71,1.09,-2.60,8.74,17.24
529.61,0,,68.82,17.23,0,1,68.64,1.13,-2.56,8.82,17.24
529.70,0,,68.81,17.25,0,1,69.25,1.18,-2.59,8.84,17.32
529.82,0,,68.90,17.28,0,1,68.86,1.14,-2.59,8.80,17.28
529.91,0,,68.92,17.29,0,1,68.59,1.09,-2.56,8.78,17.20
530.00,0,,68.75,17.25,0,1,68.31,1.15,-2.50,8.90,17.20
530.09,0,,68.60,17.21,0,1,68.99,1.16,-2.41,9.00,17.12
530.21,0,,68.65,17.16,2,-1,68.80,1.12,-2.44,8.93,17.11
530.33,0,,68.83,17.13,2,-1,69.28,1.14,-2.47,8.92,17.16
530.42,0,,68.92,17.14,0,1,68.29,1.22,-2.42,9.05,17.19
530.51,0,,68.75,17.17,1,0,68.30,1.26,-2.37,9.14,17.18
530.60,0,,68.46,17.18,2,-1,68.30,1.26,-2.33,9.18,17.14
530.69,0,,68.34,17.17,4,-2,68.62,1.27,-2.36,9.16,17.18
530.81,0,,68.44,17.17,4,-2,68.83,1.21,-2.40,9.06,17.16
530.93,0,,68.72,17.17,1,0,69.41,1.22,-2.37,9.10,17.14
530.99,0,,69.01,17.17,1,0,68.87,1.30,-2.37,9.18,17.22
531.11,0,,69.11,17.18,1,0,69.02,1.22,-2.39,9.08,17.16
531.20,0,,68.99,17.17,0,1,68.45,1.13,-2.37,9.01,17.05
531.32,0,,68.78,17.12,0,2,68.71,1.14,-2.34,9.05,17.03
531.41,0,,68.63,17.07,0,2,68.55,1.21,-2.34,9.12,17.10
531.50,0,,68.53,17.08,1,0,68.23,1.29,-2.33,9.21,17.17
531.59,0,,68.51,17.11,1,0,69.22,1.21,-2.36,9.10,17.12
531.71,0,,68.64,17.13,2,-1,68.36,1.08,-2.39,8.94,17.02
531.83,0,,68.73,17.09,2,-1,69.08,1.09,-2.39,8.95,17.03
531.89,0,,68.79,17.05,2,-1,68.64,1.10,-2.39,8.96,17.04
532.01,0,,68.78,17.03,2,-1,68.64,1.00,-2.43,8.82,16.98
532.10,0,,68.71,17.00,2,-1,68.70,0.88,-2.50,8.63,16.93
532.19,0,,68.64,16.96,2,-1,68.42,0.74,-2.56,8.43,16.85
532.31,0,,68.60,16.89,1,0,68.85,0.58,-2.62,8.21,16.75
532.40,0,,68.64,16.81,1,0,68.67,0.48,-2.72,8.01,16.75
532.49,0,,68.62,16.75,1,0,68.14,0.34,-2.77,7.82,16.66
532.61,0,,68.46,16.69,1,0,68.33,0.24,-2.80,7.69,16.59
532.70,0,,68.34,16.64,2,-1,68.46,0.20,-2.86,7.59,16.61
532.82,0,,68.29,16.60,2,-1,67.98,0.12,-2.89,7.48,16.56
532.91,0,,68.28,16.57,2,-1,68.75,-0.01,-2.94,7.30,16.48
533.00,0,,68.36,16.53,2,-1,68.28,-0.12,-3.02,7.11,16.45
533.09,0,,68.46,16.48,2,-1,68.71,-0.15,-3.04,7.06,16.44
533.21,0,,68.60,16.45,2,-1,68.98,-0.20,-3.10,6.95,16.45
533.33,0,,68.72,16.45,2,-1,68.32,-0.27,-3.18,6.80,16.46
533.39,0,,68.65,16.43,2,-1,68.46,-0.40,-3.16,6.69,16.31
533.51,0,,68.52,16.38,0,2,68.56,-0.50,-3.17,6.58,16.22
533.60,0,,68.46,16.29,0,1,68.27,-0.56,-3.23,6.46,16.22
533.69,0,,68.41,16.23,0,1,68.52,-0.59,-3.24,6.42,16.20
533.81,0,,68.42,16.20,0,1,68.49,-0.65,-3.29,6.31,16.19
533.90,0,,68.47,16.17,1,0,68.50,-0.82,-3.34,6.09,16.07
533.99,0,,68.42,16.12,2,-1,67.94,-0.84,-3.33,6.08,16.04
534.11,0,,68.28,16.09,2,-1,68.31,-0.75,-3.35,6.15,16.15
534.20,0,,68.20,16.10,2,-1,68.27,-0.81,-3.40,6.04,16.14
534.32,0,,68.27,16.12,4,-2,68.64,-0.93,-3.45,5.87,16.07
534.41,0,,68.40,16.11,2,-1,68.41,-0.95,-3.47,5.83,16.07
534.50,0,,68.50,16.10,1,0,68.63,-0.90,-3.47,5.88,16.12
534.59,0,,68.55,16.09,2,-1,68.50,-0.93,-3.44,5.88,16.06
534.71,0,,68.58,16.08,1,0,68.71,-1.02,-3.50,5.73,16.03
534.83,0,,68.62,16.07,1,0,68.65,-0.99,-3.55,5.71,16.11
534.89,0,,68.64,16.09,0,2,68.56,-0.89,-3.54,5.82,16.20
535.01,0,,68.58,16.14,0,2,68.33,-0.89,-3.53,5.83,16.19
535.10,0,,68.48,16.17,0,2,68.44,-1.01,-3.52,5.72,16.06
535.19,0,,68.46,16.13,0,1,68.81,-1.06,-3.55,5.64,16.04
535.31,0,,68.58,16.10,1,0,68.69,-0.94,-3.59,5.72,16.20
535.40,0,,68.67,16.14,0,1,68.55,-0.83,-3.58,5.84,16.30
535.49,0,,68.61,16.22,1,0,68.28,-0.90,-3.59,5.76,16.24
535.61,0,,68.48,16.25,0,1,68.39,-0.99,-3.59,5.67,16.15
535.70,0,,68.38,16.23,0,1,68.42,-0.89,-3.57,5.79,16.23
535.82,0,,68.38,16.23,2,-1,68.46,-0.78,-3.56,5.91,16.33
535.91,0,,68.39,16.27,2,-1,68.25,-0.81,-3.56,5.88,16.30
536.00,0,,68.41,16.30,2,-1,68.74,-0.87,-3.59,5.79,16.27
536.09,0,,68.52,16.31,2,-1,68.67,-0.78,-3.59,5.88,16.36
536.21,0,,68.62,16.35,1,0,68.58,-0.65,-3.57,6.03,16.47
536.33,0,,68.65,16.40,1,0,68.66,-0.63,-3.53,6.09,16.45
536.39,0,,68.58,16.44,1,0,68.11,-0.68,-3.52,6.05,16.39
536.51,0,,68.47,16.44,1,0,68.75,-0.67,-3.53,6.05,16.41
536.60,0,,68.46,16.43,0,1,68.45,-0.52,-3.48,6.25,16.51
536.69,0,,68.47,16.48,0,1,68.23,-0.32,-3.40,6.53,16.63
536.81,0,,68.35,16.55,1,0,68.08,-0.31,-3.38,6.56,16.62
536.90,0,,68.26,16.61,2,-1,68.53,-0.35,-3.41,6.49,16.61
536.99,0,,68.33,16.64,2,-1,68.63,-0.24,-3.34,6.67,16.65
537.11,0,,68.47,16.66,2,-1,68.45,-0.10,-3.26,6.89,16.71
537.20,0,,68.59,16.69,1,0,68.99,-0.09,-3.30,6.86,16.76
537.32,0,,68.72,16.73,1,0,68.69,-0.13,-3.30,6.82,16.72
537.41,0,,68.73,16.74,1,0,68.29,-0.07,-3.23,6.95,16.71
537.56,0,,68.63,16.74,1,0,68.87,0.05,-3.21,7.09,16.81
537.59,0,,68.60,16.77,0,1,68.45,0.10,-3.20,7.15,16.85
537.71,0,,68.59,16.81,0,1,68.64,0.05,-3.16,7.14,16.76
537.83,0,,68.62,16.80,0,1,68.86,0.03,-3.14,7.14,16.72
537.89,0,,68.68,16.78,0,1,68.54,0.10,-3.14,7.21,16.79
538.01,0,,68.73,16.78,0,1,69.01,0.18,-3.15,7.28,16.88
538.13,0,,68.80,16.83,0,1,68.77,0.14,-3.18,7.21,16.87
538.19,0,,68.81,16.85,0,1,68.59,-0.00,-3.22,7.03,16.77
538.31,0,,68.69,16.83,0,1,68.32,-0.02,-3.24,6.99,16.77
538.40,0,,68.52,16.80,0,1,68.49,-0.02,-3.24,6.99,16.77
538.49,0,,68.43,16.77,2,-1,68.40,-0.06,-3.24,6.95,16.73
538.61,0,,68.45,16.74,2,-1,68.74,-0.15,-3.25,6.85,16.65
538.70,0,,68.55,16.69,2,-1,68.69,-0.24,-3.29,6.72,16.60
538.82,0,,68.68,16.64,2,-1,68.78,-0.24,-3.32,6.69,16.63
538.91,0,,68.67,16.62,2,-1,68.19,-0.27,-3.35,6.63,16.63
539.06,0,,68.53,16.61,1,0,68.45,-0.36,-3.37,6.52,16.56
539.09,0,,68.48,16.59,1,0,68.93,-0.44,-3.39,6.42,16.50
539.21,0,,68.60,16.55,1,0,68.66,-0.48,-3.44,6.33,16.51
539.33,0,,68.62,16.52,1,0,68.05,-0.46,-3.44,6.35,16.53
539.39,0,,68.49,16.51,0,1,68.72,-0.49,-3.40,6.36,16.46
539.51,0,,68.50,16.48,2,-1,68.79,-0.58,-3.41,6.26,16.38
539.60,0,,68.62,16.43,2,-1,68.59,-0.62,-3.44,6.19,16.37
539.69,0,,68.67,16.39,2,-1,68.71,-0.59,-3.43,6.23,16.39
539.81,0,,68.69,16.39,0,1,68.71,-0.51,-3.42,6.32,16.46
539.90,0,,68.67,16.42,0,1,68.44,-0.54,-3.47,6.24,16.48
539.99,0,,68.60,16.44,1,0,68.60,-0.69,-3.45,6.11,16.31
540.11,0,,68.54,16.40,1,0,68.48,-0.63,-3.39,6.23,16.31
540.23,0,,68.50,16.36,1,0,68.38,-0.54,-3.42,6.29,16.43
540.32,0,,68.43,16.37,1,0,68.30,-0.64,-3.43,6.18,16.34
540.41,0,,68.39,16.36,2,-1,68.55,-0.72,-3.46,6.07,16.29
540.56,0,,68.50,16.35,1,0,69.12,-0.68,-3.52,6.05,16.39
540.59,0,,68.72,16.36,1,0,68.68,-0.64,-3.52,6.09,16.43
540.71,0,,68.82,16.39,1,0,68.71,-0.65,-3.51,6.09,16.41
540.83,0,,68.79,16.41,1,0,68.70,-0.72,-3.53,6.00,16.36
540.89,0,,68.70,16.39,0,1,68.43,-0.79,-3.51,5.95,16.27
541.01,0,,68.61,16.34,0,1,68.78,-0.76,-3.51,5.98,16.30
541.10,0,,68.55,16.32,0,1,68.17,-0.66,-3.51,6.08,16.40
541.19,0,,68.47,16.34,1,0,68.62,-0.68,-3.51,6.06,16.38
541.31,0,,68.48,16.37,1,0,68.70,-0.77,-3.56,5.92,16.34
541.43,0,,68.56,16.37,1,0,68.52,-0.76,-3.58,5.91,16.37
541.49,0,,68.63,16.38,1,0,68.85,-0.66,-3.53,6.06,16.42
541.61,0,,68.66,16.40,1,0,68.37,-0.64,-3.52,6.09,16.43
541.73,0,,68.56,16.41,1,0,68.27,-0.74,-3.53,5.98,16.34
541.82,0,,68.45,16.40,1,0,68.68,-0.65,-3.51,6.09,16.41
541.91,0,,68.43,16.41,2,-1,68.25,-0.45,-3.46,6.34,16.56
542.00,0,,68.41,16.48,2,-1,68.43,-0.36,-3.41,6.48,16.60
542.09,0,,68.41,16.56,2,-1,68.58,-0.33,-3.40,6.52,16.62
542.21,0,,68.54,16.61,1,0,69.01,-0.34,-3.41,6.50,16.62
542.33,0,,68.70,16.64,1,0,68.58,-0.23,-3.37,6.65,16.69
542.39,0,,68.73,16.68,1,0,68.49,-0.05,-3.31,6.89,16.81
542.51,0,,68.62,16.74,0,1,68.44,-0.06,-3.28,6.91,16.77
542.60,0,,68.50,16.77,0,1,68.44,-0.14,-3.27,6.84,16.68
542.69,0,,68.45,16.74,1,0,68.52,-0.11,-3.23,6.91,16.67
542.81,0,,68.48,16.71,1,0,68.65,-0.00,-3.18,7.07,16.73
542.90,0,,68.52,16.70,1,0,68.37,-0.04,-3.19,7.02,16.70
543.08,0,,68.55,16.70,1,0,68.81,-0.17,-3.23,6.85,16.61
543.11,0,,68.62,16.67,1,0,68.71,-0.16,-3.26,6.83,16.65
543.23,0,,68.71,16.66,1,0,68.75,-0.11,-3.26,6.88,16.70
543.32,0,,68.73,16.68,1,0,68.59,-0.06,-3.25,6.94,16.74
543.41,0,,68.71,16.72,0,1,68.81,-0.09,-3.28,6.88,16.74
543.50,0,,68.71,16.72,0,1,68.71,-0.27,-3.31,6.67,16.59
543.59,0,,68.73,16.67,0,1,68.75,-0.32,-3.33,6.60,16.56
543.71,0,,68.67,16.62,0,1,68.25,-0.24,-3.37,6.64,16.68
543.86,0,,68.56,16.62,1,0,68.72,-0.28,-3.37,6.60,16.64
543.89,0,,68.58,16.63,1,0,68.89,-0.37,-3.39,6.49,16.57
544.01,0,,68.71,16.62,1,0,68.79,-0.41,-3.45,6.39,16.59
544.10,0,,68.75,16.59,1,0,68.41,-0.43,-3.40,6.42,16.52
544.19,0,,68.63,16.56,1,0,68.36,-0.40,-3.36,6.49,16.51
544.31,0,,68.47,16.53,1,0,68.45,-0.42,-3.43,6.40,16.56
544.40,0,,68.44,16.53,2,-1,68.73,-0.48,-3.43,6.34,16.50
544.49,0,,68.58,16.52,2,-1,68.99,-0.44,-3.39,6.42,16.50
544.64,0,,68.77,16.52,1,0,68.78,-0.38,-3.42,6.45,16.59
544.70,0,,68.80,16.54,1,0,68.33,-0.44,-3.42,6.39,16.53
544.82,0,,68.65,16.54,1,0,68.58,-0.51,-3.37,6.37,16.41
544.91,0,,68.56,16.50,1,0,68.75,-0.45,-3.36,6.44,16.46
545.00,0,,68.55,16.47,1,0,68.26,-0.36,-3.32,6.57,16.51
545.09,0,,68.52,16.48,1,0,68.74,-0.34,-3.29,6.62,16.50
545.21,0,,68.56,16.51,1,0,68.70,-0.34,-3.37,6.54,16.58
545.36,0,,68.61,16.54,1,0,68.38,-0.39,-3.37,6.49,16.53
545.39,0,,68.60,16.55,1,0,68.79,-0.38,-3.33,6.54,16.50
545.51,0,,68.54,16.54,1,0,68.00,-0.27,-3.30,6.68,16.58
545.60,0,,68.46,16.54,2,-1,68.85,-0.34,-3.28,6.63,16.49
545.69,0,,68.49,16.53,2,-1,68.58,-0.41,-3.32,6.52,16.46
545.81,0,,68.61,16.50,1,0,68.79,-0.31,-3.29,6.65,16.53
545.90,0,,68.69,16.51,1,0,68.69,-0.24,-3.24,6.77,16.55
545.99,0,,68.74,16.53,1,0,68.77,-0.25,-3.24,6.76,16.54
546.11,0,,68.74,16.54,1,0,68.63,-0.33,-3.28,6.64,16.50
546.20,0,,68.68,16.53,1,0,68.48,-0.36,-3.35,6.54,16.54
546.32,0,,68.60,16.53,1,0,68.65,-0.31,-3.32,6.62,16.56
546.41,0,,68.55,16.55,1,0,68.44,-0.26,-3.26,6.73,16.55
546.50,0,,68.55,16.56,1,0,68.72,-0.28,-3.32,6.65,16.59
546.59,0,,68.55,16.56,1,0,68.33,-0.38,-3.33,6.54,16.50
546.71,0,,68.55,16.54,1,0,68.80,-0.38,-3.30,6.57,16.47
546.83,0,,68.63,16.52,1,0,68.89,-0.32,-3.37,6.56,16.60
546.89,0,,68.77,16.53,1,0,68.83,-0.39,-3.39,6.47,16.55
547.01,0,,68.76,16.54,1,0,68.20,-0.50,-3.38,6.37,16.43
547.10,0,,68.58,16.50,1,0,68.41,-0.53,-3.39,6.33,16.41
547.19,0,,68.41,16.46,1,0,68.40,-0.50,-3.42,6.33,16.47
547.31,0,,68.38,16.45,1,0,68.51,-0.50,-3.46,6.29,16.51
547.43,0,,68.43,16.48,2,-1,68.59,-0.57,-3.50,6.18,16.48
547.49,0,,68.51,16.48,1,0,68.52,-0.67,-3.52,6.06,16.40
547.61,0,,68.56,16.45,1,0,68.60,-0.69,-3.53,6.03,16.39
547.70,0,,68.59,16.43,1,0,68.69,-0.61,-3.56,6.08,16.50
547.82,0,,68.62,16.44,1,0,68.57,-0.64,-3.52,6.09,16.43
547.91,0,,68.58,16.44,1,0,68.26,-0.72,-3.53,6.00,16.36
548.06,0,,68.50,16.43,1,0,68.70,-0.68,-3.58,5.99,16.45
548.12,0,,68.49,16.42,1,0,68.42,-0.60,-3.48,6.17,16.43
548.21,0,,68.50,16.44,1,0,68.50,-0.53,-3.49,6.23,16.51
548.33,0,,68.52,16.48,1,0,68.73,-0.53,-3.54,6.18,16.56
548.39,0,,68.57,16.52,1,0,68.43,-0.52,-3.47,6.26,16.50
548.51,0,,68.56,16.55,1,0,68.56,-0.38,-3.47,6.40,16.64
548.60,0,,68.55,16.59,1,0,68.57,-0.32,-3.47,6.46,16.70
548.69,0,,68.56,16.64,1,0,68.66,-0.43,-3.40,6.42,16.52
548.81,0,,68.59,16.61,1,0,68.50,-0.47,-3.42,6.36,16.50
548.90,0,,68.62,16.56,1,0,68.87,-0.42,-3.45,6.38,16.58
548.99,0,,68.73,16.55,1,0,69.06,-0.40,-3.44,6.41,16.59
549.17,0,,68.91,16.58,1,0,69.01,-0.41,-3.51,6.33,16.65
549.20,0,,69.01,16.62,0,2,68.99,-0.46,-3.54,6.25,16.63
549.32,0,,69.00,16.63,0,2,68.80,-0.47,-3.48,6.30,16.56
549.41,0,,68.88,16.63,0,2,68.49,-0.37,-3.49,6.39,16.67
549.50,0,,68.68,16.64,0,2,68.49,-0.34,-3.50,6.41,16.71
549.59,0,,68.50,16.66,0,1,68.30,-0.46,-3.47,6.32,16.56
549.71,0,,68.37,16.64,0,1,68.30,-0.49,-3.55,6.21,16.61
549.83,0,,68.31,16.63,4,-2,68.38,-0.41,-3.56,6.28,16.70
549.92,0,,68.37,16.65,4,-2,68.82,-0.38,-3.50,6.37,16.67
550.01,0,,68.48,16.66,4,-2,68.17,-0.44,-3.53,6.28,16.64
550.10,0,,68.54,16.66,4,-2,68.97,-0.52,-3.59,6.14,16.62
550.19,0,,68.63,16.65,4,-2,68.66,-0.50,-3.60,6.15,16.65
550.31,0,,68.72,16.66,2,-1,68.67,-0.37,-3.58,6.30,16.76
550.40,0,,68.72,16.71,1,0,68.71,-0.34,-3.60,6.31,16.81
550.58,0,,68.67,16.76,1,0,68.38,-0.47,-3.62,6.16,16.70
550.61,0,,68.61,16.75,1,0,68.88,-0.47,-3.59,6.19,16.67
550.70,0,,68.70,16.74,0,2,69.11,-0.29,-3.58,6.38,16.84
550.82,0,,68.86,16.77,0,2,68.74,-0.21,-3.53,6.51,16.87
550.91,0,,68.92,16.82,0,2,68.99,-0.26,-3.52,6.47,16.81
551.00,0,,68.83,16.85,0,1,68.12,-0.23,-3.56,6.46,16.88
551.09,0,,68.58,16.87,0,1,68.41,-0.08,-3.46,6.71,16.93
551.21,0,,68.41,16.91,1,0,68.61,0.09,-3.34,7.00,16.98
551.33,0,,68.45,16.96,1,0,68.67,0.18,-3.36,7.07,17.09
551.39,0,,68.52,17.03,2,-1,68.32,0.13,-3.36,7.02,17.04
551.57,0,,68.55,17.07,2,-1,68.83,0.25,-3.33,7.17,17.13
551.60,0,,68.67,17.13,4,-2,69.06,0.46,-3.33,7.38,17.34
551.69,0,,68.85,17.21,2,-1,68.86,0.39,-3.24,7.40,17.18
551.84,0,,68.82,17.23,1,0,68.04,0.30,-3.20,7.35,17.05
551.90,0,,68.60,17.17,1,0,68.69,0.34,-3.25,7.34,17.14
551.99,0,,68.56,17.14,1,0,69.15,0.41,-3.29,7.37,17.25
552.11,0,,68.73,17.18,1,0,68.61,0.41,-3.34,7.32,17.30
552.20,0,,68.82,17.23,0,1,68.87,0.23,-3.37,7.11,17.15
552.32,0,,68.83,17.21,0,1,68.82,0.09,-3.40,6.94,17.04
552.41,0,,68.81,17.13,0,1,68.61,0.09,-3.40,6.94,17.04
552.50,0,,68.72,17.06,1,0,68.60,0.09,-3.37,6.97,17.01
552.59,0,,68.64,17.03,1,0,68.60,0.04,-3.45,6.84,17.04
552.71,0,,68.58,17.02,1,0,68.53,-0.03,-3.52,6.70,17.04
552.83,0,,68.53,17.03,1,0,68.40,-0.10,-3.53,6.62,16.98
552.92,0,,68.48,17.02,2,-1,68.48,-0.10,-3.55,6.60,17.00
553.07,0,,68.49,17.00,4,-2,68.77,-0.12,-3.54,6.59,16.97
553.10,0,,68.52,16.97,4,-2,68.11,-0.26,-3.54,6.45,16.83
553.19,0,,68.47,16.91,4,-2,68.64,-0.32,-3.61,6.32,16.84
553.31,0,,68.44,16.87,2,-1,68.40,-0.29,-3.66,6.30,16.92
553.40,0,,68.48,16.88,2,-1,68.66,-0.24,-3.67,6.34,16.98
553.49,0,,68.58,16.92,2,-1,68.90,-0.32,-3.66,6.27,16.89
553.61,0,,68.74,16.91,2,-1,68.86,-0.45,-3.68,6.12,16.78
553.70,0,,68.88,16.87,1,0,69.08,-0.41,-3.72,6.12,16.86
553.82,0,,68.91,16.85,0,2,68.44,-0.38,-3.70,6.17,16.87
553.91,0,,68.83,16.86,0,2,69.00,-0.41,-3.73,6.11,16.87
554.00,0,,68.77,16.88,0,2,68.61,-0.42,-3.80,6.03,16.93
554.09,0,,68.75,16.89,0,2,68.78,-0.50,-3.74,6.01,16.79
554.21,0,,68.74,16.86,0,2,68.82,-0.49,-3.72,6.04,16.78
554.33,0,,68.79,16.84,0,1,68.99,-0.34,-3.80,6.11,17.01
554.39,0,,68.85,16.88,1,0,68.67,-0.47,-3.79,5.99,16.87
554.51,0,,68.73,16.89,1,0,68.08,-0.64,-3.79,5.82,16.70
554.60,0,,68.49,16.84,1,0,68.48,-0.50,-3.81,5.94,16.86
554.69,0,,68.40,16.83,4,-2,68.74,-0.36,-3.77,6.12,16.96
554.81,0,,68.48,16.89,4,-2,68.44,-0.38,-3.81,6.06,16.98
554.90,0,,68.56,16.94,4,-2,68.74,-0.48,-3.82,5.95,16.89
554.99,0,,68.60,16.93,2,-1,68.44,-0.50,-3.75,6.00,16.80
555.11,0,,68.62,16.88,2,-1,68.82,-0.46,-3.77,6.02,16.86
555.20,0,,68.65,16.86,2,-1,68.61,-0.45,-3.80,6.00,16.90
555.35,0,,68.67,16.87,1,0,68.63,-0.46,-3.81,5.98,16.90
555.41,0,,68.66,16.89,2,-1,68.77,-0.50,-3.86,5.89,16.91
555.50,0,,68.67,16.90,0,1,68.51,-0.52,-3.85,5.88,16.88
555.59,0,,68.57,16.90,0,1,68.16,-0.47,-3.82,5.96,16.90
555.71,0,,68.44,16.91,1,0,68.62,-0.49,-3.88,5.88,16.94
555.83,0,,68.49,16.91,2,-1,69.02,-0.59,-3.88,5.78,16.84
555.89,0,,68.65,16.89,2,-1,68.44,-0.61,-3.85,5.79,16.79
556.01,0,,68.69,16.86,2,-1,68.65,-0.50,-3.88,5.87,16.93
556.10,0,,68.67,16.88,2,-1,68.77,-0.46,-3.91,5.88,17.00
556.19,0,,68.65,16.94,1,0,68.42,-0.54,-3.94,5.77,16.95
556.34,0,,68.56,16.97,2,-1,68.31,-0.52,-3.92,5.81,16.95
556.40,0,,68.50,16.98,2,-1,68.98,-0.43,-3.88,5.94,17.00
556.49,0,,68.57,16.99,2,-1,68.41,-0.42,-3.87,5.96,17.00
556.64,0,,68.66,17.00,2,-1,69.03,-0.45,-3.90,5.90,17.00
556.70,0,,68.76,17.01,1,0,68.72,-0.43,-3.95,5.87,17.07
556.82,0,,68.84,17.04,1,0,69.03,-0.40,-3.91,5.94,17.06
556.91,0,,68.98,17.07,0,1,69.42,-0.34,-3.88,6.03,17.09
557.00,0,,69.08,17.08,0,2,68.58,-0.37,-3.90,5.98,17.08
557.09,0,,68.99,17.07,0,2,68.86,-0.48,-3.90,5.87,16.97
557.21,0,,68.85,17.05,0,2,68.81,-0.36,-3.89,6.00,17.08
557.33,0,,68.85,17.07,0,2,69.16,-0.18,-3.88,6.19,17.25
557.39,0,,68.94,17.14,0,1,69.02,-0.22,-3.85,6.18,17.18
557.51,0,,69.02,17.18,0,1,68.94,-0.30,-3.87,6.08,17.12
557.60,0,,68.94,17.18,0,1,68.41,-0.22,-3.88,6.15,17.21
557.69,0,,68.72,17.19,0,1,68.55,-0.14,-3.80,6.31,17.21
557.81,0,,68.64,17.21,4,-2,69.16,-0.13,-3.82,6.30,17.24
557.90,0,,68.79,17.23,4,-2,69.03,-0.21,-3.89,6.15,17.23
557.99,0,,68.90,17.22,2,-1,68.47,-0.34,-3.85,6.06,17.06
558.11,0,,68.76,17.17,2,-1,68.32,-0.24,-3.82,6.19,17.13
558.23,0,,68.56,17.14,2,-1,68.73,-0.14,-3.82,6.29,17.23
558.32,0,,68.50,17.16,4,-2,68.38,-0.26,-3.87,6.12,17.16
558.41,0,,68.53,17.18,4,-2,68.88,-0.32,-3.93,6.00,17.16
558.50,0,,68.66,17.18,2,-1,68.87,-0.26,-3.90,6.09,17.19
558.59,0,,68.78,17.19,1,0,68.69,-0.18,-3.86,6.21,17.23
558.71,0,,68.81,17.21,1,0,68.80,-0.22,-3.87,6.16,17.20
558.83,0,,68.78,17.20,1,0,68.68,-0.34,-3.87,6.04,17.08
558.89,0,,68.76,17.16,1,0,68.86,-0.32,-3.88,6.05,17.11
559.01,0,,68.71,17.14,0,1,68.31,-0.19,-3.93,6.13,17.29
559.10,0,,68.64,17.19,2,-1,68.95,-0.16,-3.89,6.20,17.28
559.19,0,,68.62,17.24,0,1,68.37,-0.25,-3.84,6.16,17.14
559.31,0,,68.60,17.21,1,0,68.70,-0.32,-3.85,6.08,17.08
559.40,0,,68.57,17.16,2,-1,68.45,-0.26,-3.87,6.12,17.16
559.49,0,,68.55,17.16,2,-1,68.60,-0.12,-3.89,6.24,17.32
559.61,0,,68.53,17.23,2,-1,68.42,-0.15,-3.91,6.19,17.31
559.70,0,,68.53,17.28,2,-1,68.75,-0.28,-3.92,6.05,17.19
559.88,0,,68.60,17.26,2,-1,68.75,-0.27,-3.92,6.06,17.20
559.94,0,,68.77,17.24,2,-1,69.29,-0.16,-3.92,6.17,17.31
560.00,0,,68.92,17.26,1,0,68.55,-0.19,-3.96,6.10,17.32
560.09,0,,68.93,17.28,0,1,69.01,-0.30,-3.95,6.00,17.20
560.21,0,,68.90,17.26,0,1,68.91,-0.30,-3.89,6.06,17.14
560.33,0,,68.94,17.21,0,2,69.12,-0.23,-3.91,6.11,17.23
560.39,0,,68.96,17.21,0,2,68.69,-0.18,-3.91,6.16,17.28
560.51,0,,68.88,17.24,0,2,68.69,-0.22,-3.92,6.11,17.25
560.60,0,,68.79,17.25,0,1,68.90,-0.30,-3.94,6.01,17.19
560.69,0,,68.79,17.24,0,1,68.87,-0.20,-3.89,6.16,17.24
560.81,0,,68.82,17.24,0,1,68.71,-0.10,-3.83,6.32,17.28
560.90,0,,68.78,17.24,0,1,68.64,-0.16,-3.80,6.29,17.19
560.99,0,,68.71,17.23,2,-1,68.70,-0.16,-3.81,6.28,17.20
561.11,0,,68.66,17.22,2,-1,68.53,-0.09,-3.79,6.37,17.25
561.20,0,,68.60,17.24,4,-2,68.57,0.03,-3.74,6.54,17.32
561.32,0,,68.63,17.29,2,-1,69.09,0.09,-3.75,6.59,17.39
561.44,0,,68.81,17.34,2,-1,69.08,0.02,-3.75,6.52,17.32
561.50,0,,68.89,17.36,1,0,68.21,0.05,-3.75,6.55,17.35
561.59,0,,68.73,17.37,1,0,68.69,0.14,-3.75,6.64,17.44
561.71,0,,68.62,17.40,1,0,68.80,0.17,-3.72,6.70,17.44
561.83,0,,68.65,17.41,1,0,68.65,0.13,-3.64,6.74,17.32
561.89,0,,68.73,17.39,1,0,69.07,0.14,-3.66,6.73,17.35
562.01,0,,68.86,17.38,0,1,68.94,0.22,-3.71,6.76,17.48
562.10,0,,68.92,17.42,0,1,68.70,0.30,-3.65,6.90,17.50
562.19,0,,68.88,17.48,0,1,68.86,0.33,-3.66,6.92,17.54
562.31,0,,68.86,17.51,0,1,69.03,0.25,-3.66,6.84,17.46
562.40,0,,68.86,17.51,0,1,68.58,0.34,-3.60,6.99,17.49
562.49,0,,68.79,17.52,1,0,68.73,0.55,-3.58,7.22,17.68
562.61,0,,68.75,17.57,1,0,68.92,0.45,-3.58,7.12,17.58
562.70,0,,68.75,17.60,1,0,68.56,0.32,-3.62,6.95,17.49
562.82,0,,68.79,17.57,1,0,69.20,0.36,-3.61,7.00,17.52
562.91,0,,68.91,17.54,1,0,69.09,0.43,-3.59,7.09,17.57
563.06,0,,69.04,17.56,1,0,68.96,0.48,-3.66,7.07,17.69
563.09,0,,69.05,17.61,0,1,68.97,0.35,-3.71,6.89,17.61
563.21,0,,68.98,17.61,0,1,68.77,0.15,-3.69,6.71,17.39
563.33,0,,68.89,17.52,0,1,68.87,0.16,-3.68,6.73,17.39
563.39,0,,68.84,17.45,0,1,68.84,0.24,-3.70,6.79,17.49
563.51,0,,68.83,17.44,0,1,68.86,0.18,-3.76,6.67,17.49
563.63,0,,68.85,17.45,0,1,68.87,0.02,-3.79,6.48,17.36
563.69,0,,68.85,17.43,0,1,68.79,0.05,-3.79,6.51,17.39
563.81,0,,68.88,17.39,0,1,69.18,0.03,-3.76,6.52,17.34
563.90,0,,68.88,17.35,0,1,68.29,-0.08,-3.75,6.42,17.22
563.99,0,,68.77,17.31,1,0,68.90,-0.00,-3.82,6.43,17.37
564.11,0,,68.61,17.30,2,-1,68.01,-0.07,-3.83,6.35,17.31
564.20,0,,68.46,17.29,2,-1,68.69,-0.18,-3.75,6.32,17.12
564.32,0,,68.49,17.25,4,-2,68.99,-0.01,-3.77,6.47,17.31
564.44,0,,68.75,17.27,4,-2,69.21,0.05,-3.85,6.45,17.45
564.50,0,,68.93,17.34,2,-1,68.39,-0.03,-3.83,6.39,17.35
564.59,0,,68.89,17.39,1,0,69.07,0.08,-3.79,6.54,17.42
564.71,0,,68.86,17.42,1,0,68.92,0.17,-3.72,6.70,17.44
564.83,0,,68.95,17.43,0,1,69.25,0.15,-3.65,6.75,17.35
564.89,0,,69.05,17.41,0,2,68.96,0.15,-3.71,6.69,17.41
565.01,0,,69.05,17.41,0,2,68.82,0.15,-3.72,6.68,17.42
565.10,0,,68.96,17.42,0,2,68.93,0.23,-3.68,6.80,17.46
565.19,0,,68.89,17.44,0,1,68.86,0.27,-3.70,6.82,17.52
565.31,0,,68.89,17.46,0,1,69.01,0.05,-3.71,6.59,17.31
565.40,0,,68.88,17.40,1,0,68.66,-0.09,-3.74,6.42,17.20
565.49,0,,68.79,17.32,1,0,68.52,0.06,-3.79,6.52,17.40
565.61,0,,68.70,17.32,1,0,68.98,0.11,-3.76,6.60,17.42
565.70,0,,68.76,17.35,4,-2,68.98,-0.02,-3.70,6.53,17.23
565.82,0,,68.83,17.33,4,-2,68.52,-0.06,-3.77,6.42,17.26
565.91,0,,68.76,17.29,2,-1,68.63,-0.06,-3.81,6.38,17.30
566.00,0,,68.71,17.29,2,-1,69.02,-0.02,-3.80,6.43,17.33
566.09,0,,68.80,17.32,2,-1,68.98,0.01,-3.84,6.42,17.40
566.21,0,,68.92,17.35,1,0,68.89,-0.12,-3.85,6.28,17.28
566.33,0,,68.96,17.32,1,0,68.99,-0.24,-3.85,6.16,17.16
566.39,0,,68.88,17.26,1,0,68.24,-0.15,-3.86,6.24,17.26
566.51,0,,68.64,17.23,1,0,68.43,-0.11,-3.83,6.31,17.27
566.60,0,,68.53,17.24,1,0,69.13,-0.19,-3.85,6.21,17.21
566.69,0,,68.67,17.24,1,0,68.73,-0.21,-3.90,6.14,17.24
566.81,0,,68.81,17.24,1,0,68.89,-0.14,-3.84,6.27,17.25
566.90,0,,68.80,17.25,2,-1,68.37,-0.02,-3.79,6.44,17.32
566.99,0,,68.72,17.30,2,-1,69.03,0.03,-3.80,6.48,17.38
567.11,0,,68.79,17.35,1,0,69.11,0.02,-3.81,6.46,17.38
567.20,0,,68.95,17.38,1,0,69.00,0.12,-3.76,6.61,17.43
567.32,0,,69.00,17.42,1,0,68.79,0.27,-3.70,6.82,17.52
567.41,0,,68.93,17.47,0,1,68.74,0.30,-3.64,6.91,17.49
567.50,0,,68.81,17.49,0,1,68.72,0.25,-3.60,6.90,17.40
567.59,0,,68.70,17.46,1,0,68.48,0.28,-3.61,6.92,17.44
567.71,0,,68.65,17.45,1,0,68.98,0.37,-3.59,7.03,17.51
567.83,0,,68.72,17.49,1,0,68.83,0.46,-3.57,7.14,17.58
567.89,0,,68.84,17.53,1,0,68.98,0.36,-3.63,6.98,17.54
568.01,0,,68.86,17.55,1,0,68.44,0.25,-3.66,6.84,17.46
568.10,0,,68.77,17.52,1,0,68.85,0.32,-3.64,6.93,17.51
568.19,0,,68.74,17.51,1,0,68.92,0.36,-3.62,6.99,17.53
568.31,0,,68.80,17.51,1,0,68.76,0.27,-3.66,6.86,17.48
568.40,0,,68.86,17.49,0,1,69.13,0.14,-3.71,6.68,17.40
568.49,0,,68.97,17.44,1,0,69.12,0.08,-3.71,6.62,17.34
568.61,0,,69.05,17.39,0,1,68.94,0.03,-3.73,6.55,17.31
568.70,0,,69.07,17.34,0,1,69.19,0.01,-3.78,6.48,17.34
568.82,0,,69.06,17.32,0,1,68.79,-0.07,-3.84,6.34,17.32
568.91,0,,68.95,17.31,0,1,68.69,-0.20,-3.84,6.21,17.19
569.00,0,,68.84,17.27,0,1,69.02,-0.13,-3.83,6.29,17.25
569.09,0,,68.89,17.26,0,1,69.25,-0.10,-3.87,6.28,17.32
569.21,0,,69.01,17.27,0,1,68.86,-0.19,-3.87,6.19,17.23
569.33,0,,69.01,17.25,0,1,68.79,-0.30,-3.87,6.08,17.12
569.39,0,,68.86,17.20,0,1,68.52,-0.31,-3.89,6.05,17.13
569.51,0,,68.69,17.16,2,-1,68.61,-0.22,-3.90,6.13,17.23
569.60,0,,68.64,17.16,4,-2,69.00,-0.28,-3.89,6.08,17.16
569.69,0,,68.78,17.17,2,-1,69.11,-0.38,-3.95,5.92,17.12
569.81,0,,68.94,17.17,2,-1,68.78,-0.34,-4.03,5.88,17.24
569.90,0,,68.94,17.19,1,0,68.78,-0.31,-4.00,5.94,17.24
569.99,0,,68.88,17.22,1,0,68.93,-0.35,-3.96,5.94,17.16
570.11,0,,68.83,17.20,1,0,68.60,-0.39,-3.99,5.87,17.15
570.20,0,,68.77,17.16,1,0,68.88,-0.47,-3.97,5.81,17.05
570.32,0,,68.79,17.11,1,0,68.97,-0.45,-3.96,5.84,17.06
570.41,0,,68.86,17.09,1,0,68.86,-0.28,-3.98,5.99,17.25
570.50,0,,68.92,17.15,0,1,69.08,-0.26,-4.00,5.99,17.29
570.59,0,,68.92,17.22,1,0,68.52,-0.36,-3.97,5.92,17.16
570.71,0,,68.85,17.22,1,0,69.04,-0.33,-3.91,6.01,17.13
570.83,0,,68.81,17.20,1,0,68.62,-0.21,-3.92,6.12,17.26
570.89,0,,68.82,17.21,1,0,69.12,-0.18,-3.91,6.16,17.28
571.01,0,,68.88,17.24,1,0,68.86,-0.29,-3.89,6.07,17.15
571.10,0,,68.95,17.22,1,0,69.07,-0.28,-3.93,6.04,17.20
571.19,0,,69.00,17.21,1,0,69.05,-0.17,-3.90,6.18,17.28
571.31,0,,69.01,17.23,1,0,68.85,-0.14,-3.84,6.27,17.25
571.40,0,,68.99,17.25,1,0,69.13,-0.18,-3.85,6.22,17.22
571.49,0,,69.00,17.24,0,1,68.93,-0.22,-3.86,6.17,17.19
571.61,0,,69.03,17.23,0,1,69.25,-0.12,-3.84,6.29,17.27
571.70,0,,69.12,17.25,0,1,69.31,0.02,-3.84,6.43,17.41
571.82,0,,69.16,17.33,0,1,68.69,-0.03,-3.89,6.33,17.41
571.91,0,,69.00,17.37,0,1,68.62,-0.18,-3.86,6.21,17.23
572.00,0,,68.81,17.34,0,1,68.95,-0.12,-3.83,6.30,17.26
572.09,0,,68.74,17.31,1,0,68.61,-0.01,-3.88,6.36,17.42
572.21,0,,68.76,17.33,2,-1,69.03,-0.05,-3.86,6.34,17.36
572.36,0,,68.78,17.35,2,-1,68.55,-0.11,-3.84,6.30,17.28
572.39,0,,68.81,17.34,4,-2,69.15,-0.12,-3.89,6.24,17.32
572.51,0,,68.93,17.32,4,-2,69.26,-0.10,-3.90,6.25,17.35
572.60,0,,69.06,17.33,2,-1,68.81,-0.06,-3.88,6.31,17.37
572.69,0,,69.02,17.35,1,0,68.76,-0.11,-3.90,6.24,17.34
572.81,0,,68.88,17.34,1,0,68.75,-0.24,-3.94,6.07,17.25
572.90,0,,68.79,17.31,1,0,68.85,-0.22,-3.92,6.11,17.25
572.99,0,,68.90,17.28,1,0,69.79,-0.11,-3.93,6.21,17.37
573.11,0,,69.14,17.31,0,1,68.74,-0.15,-3.97,6.13,17.37
573.23,0,,69.14,17.33,0,1,68.82,-0.28,-3.91,6.06,17.18
573.32,0,,68.97,17.29,0,1,68.89,-0.22,-3.92,6.11,17.25
573.44,0,,68.85,17.27,1,0,68.71,-0.13,-3.96,6.16,17.38
573.50,0,,68.81,17.30,1,0,69.07,-0.15,-3.94,6.16,17.34
573.59,0,,68.89,17.33,1,0,69.08,-0.22,-3.96,6.07,17.29
573.71,0,,68.97,17.31,1,0,68.80,-0.27,-3.88,6.10,17.16
573.83,0,,68.98,17.25,1,0,69.06,-0.18,-3.83,6.24,17.20
573.89,0,,68.92,17.23,0,1,68.59,-0.07,-3.87,6.31,17.35
574.01,0,,68.84,17.26,2,-1,68.90,-0.14,-3.85,6.26,17.26
574.10,0,,68.79,17.28,2,-1,68.78,-0.16,-3.86,6.23,17.25
574.19,0,,68.79,17.29,2,-1,68.83,-0.01,-3.86,6.38,17.40
574.31,0,,68.80,17.33,1,0,68.81,0.07,-3.78,6.54,17.40
574.40,0,,68.80,17.37,1,0,68.76,-0.00,-3.78,6.47,17.33
574.49,0,,68.79,17.37,1,0,68.79,-0.03,-3.80,6.42,17.32
574.61,0,,68.78,17.35,1,0,68.75,-0.00,-3.81,6.44,17.36
574.70,0,,68.82,17.35,1,0,69.21,0.05,-3.80,6.50,17.40
574.82,0,,68.98,17.37,1,0,69.25,0.10,-3.75,6.60,17.40
574.91,0,,69.12,17.39,0,1,68.93,0.03,-3.75,6.53,17.33
575.00,0,,69.04,17.36,0,2,68.44,-0.04,-3.77,6.44,17.28
575.09,0,,68.88,17.33,0,1,69.29,0.06,-3.72,6.59,17.33
575.21,0,,68.92,17.33,1,0,69.12,0.18,-3.69,6.74,17.42
575.33,0,,69.05,17.36,1,0,69.03,0.13,-3.72,6.66,17.40
575.39,0,,69.07,17.39,0,1,68.90,0.06,-3.68,6.63,17.29
575.51,0,,68.97,17.36,0,1,68.63,0.12,-3.63,6.74,17.30
575.60,0,,68.83,17.34,1,0,68.87,0.18,-3.68,6.75,17.41
575.69,0,,68.72,17.36,1,0,68.35,0.17,-3.67,6.75,17.39
575.81,0,,68.67,17.37,4,-2,69.17,0.10,-3.64,6.71,17.29
575.90,0,,68.79,17.35,2,-1,69.01,0.05,-3.71,6.59,17.31
575.99,0,,68.96,17.33,2,-1,68.98,0.10,-3.71,6.64,17.36
576.11,0,,69.07,17.34,2,-1,69.34,0.14,-3.67,6.72,17.36
576.23,0,,69.17,17.35,1,0,69.19,0.12,-3.68,6.69,17.35
576.32,0,,69.16,17.36,1,0,68.65,0.09,-3.72,6.62,17.36
576.41,0,,69.01,17.37,0,1,69.05,0.11,-3.68,6.68,17.34
576.50,0,,68.93,17.36,0,1,68.97,0.21,-3.59,6.87,17.35
576.59,0,,68.97,17.36,0,1,69.17,0.23,-3.58,6.90,17.36
576.71,0,,68.99,17.36,0,1,68.65,0.17,-3.65,6.77,17.37
576.83,0,,68.96,17.38,1,0,69.20,0.24,-3.64,6.85,17.43
576.89,0,,68.93,17.40,1,0,68.62,0.31,-3.55,7.01,17.41
577.01,0,,68.85,17.42,1,0,68.75,0.32,-3.52,7.05,17.39
577.13,0,,68.74,17.41,1,0,68.64,0.31,-3.52,7.04,17.38
577.19,0,,68.73,17.39,4,-2,69.02,0.29,-3.51,7.03,17.35
577.31,0,,68.81,17.38,2,-1,68.88,0.36,-3.53,7.08,17.44
577.40,0,,68.90,17.41,2,-1,68.99,0.46,-3.47,7.24,17.48
577.49,0,,68.96,17.44,2,-1,69.01,0.39,-3.45,7.19,17.39
577.61,0,,68.97,17.44,1,0,68.76,0.34,-3.53,7.06,17.42
577.70,0,,68.88,17.43,1,0,68.66,0.38,-3.50,7.13,17.43
577.85,0,,68.82,17.43,2,-1,69.15,0.47,-3.43,7.29,17.45
577.91,0,,68.85,17.46,2,-1,68.70,0.55,-3.45,7.35,17.55
578.06,0,,68.83,17.50,0,1,68.62,0.50,-3.43,7.32,17.48
578.09,0,,68.75,17.51,1,0,68.84,0.53,-3.41,7.37,17.49
578.21,0,,68.74,17.52,1,0,68.76,0.66,-3.40,7.51,17.61
578.33,0,,68.78,17.55,2,-1,68.95,0.74,-3.32,7.67,17.61
578.39,0,,68.83,17.59,2,-1,68.75,0.74,-3.27,7.72,17.56
578.51,0,,68.84,17.59,2,-1,68.84,0.71,-3.28,7.68,17.54
578.60,0,,68.86,17.58,1,0,69.02,0.83,-3.22,7.86,17.60
578.69,0,,68.94,17.60,1,0,69.12,1.01,-3.18,8.08,17.74
578.84,0,,69.02,17.66,2,-1,68.94,0.91,-3.22,7.94,17.68
578.90,0,,68.98,17.68,0,1,68.62,0.74,-3.23,7.76,17.52
578.99,0,,68.87,17.64,0,1,69.00,0.81,-3.27,7.79,17.63
579.11,0,,68.81,17.60,1,0,68.61,0.79,-3.24,7.80,17.58
579.23,0,,68.75,17.57,1,0,68.76,0.67,-3.24,7.68,17.46
579.32,0,,68.74,17.53,1,0,68.91,0.63,-3.35,7.53,17.53
579.41,0,,68.83,17.50,1,0,69.06,0.49,-3.38,7.36,17.42
579.50,0,,68.90,17.46,1,0,68.67,0.45,-3.38,7.32,17.38
579.59,0,,68.87,17.43,1,0,68.81,0.48,-3.44,7.29,17.47
579.71,0,,68.86,17.42,1,0,69.21,0.34,-3.48,7.11,17.37
579.80,0,,68.93,17.40,1,0,68.71,0.27,-3.50,7.02,17.32
579.92,0,,68.94,17.36,1,0,69.04,0.29,-3.51,7.03,17.35
580.01,0,,68.88,17.34,1,0,68.47,0.25,-3.51,6.99,17.31
580.10,0,,68.78,17.32,1,0,68.90,0.23,-3.49,6.99,17.27
580.19,0,,68.74,17.28,1,0,68.76,0.12,-3.51,6.86,17.18
580.31,0,,68.81,17.24,1,0,69.15,0.08,-3.59,6.74,17.22
580.40,0,,68.86,17.22,1,0,68.44,0.15,-3.59,6.81,17.29
580.55,0,,68.88,17.24,1,0,69.46,0.14,-3.56,6.83,17.25
580.61,0,,68.92,17.25,1,0,68.44,-0.00,-3.60,6.65,17.15
580.70,0,,68.88,17.20,1,0,68.92,-0.12,-3.66,6.47,17.09
580.82,0,,68.86,17.15,1,0,69.22,-0.10,-3.71,6.44,17.16
580.91,0,,68.93,17.13,1,0,68.59,-0.14,-3.70,6.41,17.11
581.00,0,,68.91,17.11,1,0,69.07,-0.23,-3.67,6.35,16.99
581.09,0,,68.88,17.07,1,0,68.66,-0.26,-3.77,6.22,17.06
581.21,0,,68.82,17.05,1,0,68.76,-0.31,-3.82,6.12,17.06
581.30,0,,68.79,17.04,1,0,69.00,-0.30,-3.75,6.20,17.00
581.39,0,,68.86,17.04,1,0,68.96,-0.27,-3.74,6.24,17.02
581.51,0,,68.89,17.02,1,0,68.58,-0.39,-3.79,6.07,16.95
581.60,0,,68.84,16.99,1,0,69.03,-0.43,-3.83,5.99,16.95
581.69,0,,68.79,16.98,1,0,68.41,-0.32,-3.85,6.08,17.08
581.81,0,,68.68,17.02,1,0,68.64,-0.26,-3.80,6.19,17.09
581.90,0,,68.63,17.06,2,-1,68.83,-0.34,-3.78,6.13,16.99
581.99,0,,68.72,17.04,2,-1,69.03,-0.41,-3.81,6.03,16.95
582.11,0,,68.80,17.00,1,0,68.40,-0.37,-3.79,6.09,16.97
582.20,0,,68.79,16.97,1,0,69.13,-0.34,-3.77,6.14,16.98
582.32,0,,68.83,16.98,1,0,68.80,-0.32,-3.81,6.12,17.04
582.41,0,,68.84,17.01,1,0,68.64,-0.34,-3.81,6.10,17.02
582.50,0,,68.85,17.03,1,0,69.28,-0.36,-3.82,6.07,17.01
582.59,0,,68.94,17.04,1,0,68.86,-0.32,-3.84,6.09,17.07
582.71,0,,69.03,17.05,0,2,69.26,-0.34,-3.82,6.09,17.03
582.83,0,,69.06,17.04,0,2,68.75,-0.40,-3.84,6.01,16.99
582.89,0,,68.94,17.01,0,1,68.51,-0.45,-3.85,5.95,16.95
583.01,0,,68.74,16.99,0,1,68.72,-0.40,-3.85,6.00,17.00
583.13,0,,68.64,16.99,1,0,68.69,-0.36,-3.85,6.04,17.04
583.19,0,,68.64,17.00,1,0,68.63,-0.42,-3.84,5.99,16.97
583.31,0,,68.70,17.00,1,0,69.09,-0.43,-3.82,6.00,16.94
583.40,0,,68.83,16.98,1,0,68.86,-0.38,-3.82,6.05,16.99
583.49,0,,68.91,16.98,2,-1,68.88,-0.36,-3.84,6.05,17.03
583.61,0,,68.90,17.01,2,-1,68.77,-0.34,-3.85,6.06,17.06
583.70,0,,68.88,17.05,1,0,69.04,-0.34,-3.87,6.04,17.08
583.82,0,,68.88,17.07,1,0,68.74,-0.41,-3.91,5.93,17.05
583.91,0,,68.87,17.08,1,0,68.90,-0.33,-3.89,6.03,17.11
584.00,0,,68.81,17.10,1,0,68.52,-0.22,-3.86,6.17,17.19
584.09,0,,68.75,17.13,1,0,68.97,-0.37,-3.84,6.04,17.02
584.21,0,,68.77,17.09,1,0,68.79,-0.47,-3.86,5.92,16.94
584.30,0,,68.77,17.04,1,0,68.55,-0.33,-3.88,6.04,17.10
584.39,0,,68.74,17.05,1,0,68.90,-0.21,-3.86,6.18,17.20
584.51,0,,68.75,17.12,1,0,68.76,-0.22,-3.85,6.18,17.18
584.60,0,,68.81,17.16,2,-1,69.04,-0.31,-3.85,6.09,17.09
584.69,0,,68.86,17.16,1,0,68.66,-0.28,-3.86,6.11,17.13
584.81,0,,68.84,17.15,1,0,68.81,-0.15,-3.86,6.24,17.26
584.90,0,,68.77,17.20,1,0,68.61,-0.08,-3.84,6.33,17.31
584.99,0,,68.75,17.27,1,0,69.01,-0.06,-3.84,6.35,17.33
585.11,0,,68.85,17.32,1,0,69.18,-0.09,-3.85,6.31,17.31
585.20,0,,68.94,17.33,1,0,68.49,-0.07,-3.83,6.35,17.31
585.32,0,,68.87,17.32,1,0,68.87,-0.01,-3.77,6.47,17.31
585.41,0,,68.80,17.31,1,0,68.89,-0.04,-3.78,6.43,17.29
585.56,0,,68.78,17.29,1,0,68.51,-0.18,-3.83,6.24,17.20
585.59,0,,68.74,17.25,1,0,68.97,-0.17,-3.83,6.25,17.21
585.74,0,,68.77,17.25,1,0,68.78,-0.00,-3.85,6.40,17.40
585.80,0,,68.82,17.31,1,0,68.88,-0.00,-3.88,6.37,17.43
585.89,0,,68.79,17.36,1,0,68.39,-0.14,-3.82,6.29,17.23
586.01,0,,68.65,17.33,1,0,68.53,-0.17,-3.81,6.27,17.19
586.10,0,,68.55,17.27,1,0,68.64,-0.10,-3.85,6.30,17.30
586.19,0,,68.56,17.27,2,-1,68.70,-0.03,-3.82,6.40,17.34
586.31,0,,68.60,17.30,2,-1,68.48,-0.08,-3.86,6.31,17.33
586.40,0,,68.58,17.32,2,-1,68.53,-0.21,-3.91,6.13,17.25
586.49,0,,68.55,17.31,2,-1,68.58,-0.14,-3.87,6.24,17.28
586.61,0,,68.59,17.31,2,-1,68.91,-0.02,-3.89,6.34,17.42
586.70,0,,68.80,17.35,2,-1,69.48,-0.07,-3.95,6.23,17.43
586.82,0,,69.07,17.40,1,0,68.93,-0.15,-3.98,6.12,17.38
586.91,0,,69.14,17.41,0,2,68.91,-0.16,-3.97,6.12,17.36
587.00,0,,68.98,17.39,0,2,68.45,-0.13,-3.92,6.20,17.34
587.09,0,,68.79,17.36,0,2,68.99,-0.13,-3.91,6.21,17.33
587.21,0,,68.77,17.33,0,2,68.98,-0.21,-3.93,6.11,17.27
587.33,0,,68.85,17.30,0,1,68.76,-0.27,-3.97,6.01,17.25
587.39,0,,68.87,17.28,0,1,68.92,-0.19,-3.97,6.09,17.33
587.51,0,,68.87,17.30,1,0,68.85,-0.10,-3.95,6.20,17.40
587.60,0,,68.91,17.34,1,0,69.13,-0.21,-3.94,6.10,17.28
587.69,0,,69.01,17.33,1,0,69.26,-0.26,-3.96,6.03,17.25
587.81,0,,69.08,17.31,1,0,68.69,-0.20,-3.98,6.07,17.33
587.93,0,,68.95,17.30,1,0,68.58,-0.18,-3.92,6.15,17.29
587.99,0,,68.73,17.30,0,1,68.53,-0.17,-3.91,6.17,17.29
588.11,0,,68.61,17.30,2,-1,68.80,-0.22,-3.96,6.07,17.29
588.20,0,,68.67,17.30,2,-1,69.00,-0.24,-3.96,6.05,17.27
588.32,0,,68.84,17.30,2,-1,69.08,-0.10,-3.95,6.20,17.40
588.44,0,,68.93,17.34,2,-1,68.48,-0.03,-3.91,6.31,17.43
588.50,0,,68.81,17.39,1,0,68.60,-0.09,-3.93,6.23,17.39
588.59,0,,68.62,17.40,1,0,68.39,-0.14,-3.92,6.19,17.33
588.71,0,,68.53,17.38,1,0,68.80,-0.05,-3.86,6.34,17.36
588.80,0,,68.61,17.38,2,-1,68.91,0.10,-3.86,6.49,17.51
588.89,0,,68.70,17.43,2,-1,68.31,0.05,-3.87,6.43,17.47
589.01,0,,68.66,17.46,2,-1,68.78,-0.04,-3.87,6.34,17.38
589.10,0,,68.68,17.46,2,-1,69.00,0.06,-3.91,6.40,17.52
589.19,0,,68.78,17.49,2,-1,68.67,0.14,-3.92,6.47,17.61
589.31,0,,68.83,17.54,1,0,68.97,0.07,-3.87,6.45,17.49
589.40,0,,68.90,17.53,0,1,69.12,-0.05,-3.86,6.34,17.36
589.49,0,,69.02,17.46,0,2,69.18,-0.07,-3.92,6.26,17.40
589.61,0,,69.05,17.42,0,2,68.56,0.03,-3.96,6.32,17.54
589.70,0,,68.89,17.46,0,2,68.59,0.10,-3.93,6.42,17.58
589.82,0,,68.69,17.52,0,1,68.68,0.01,-3.91,6.35,17.47
589.94,0,,68.59,17.51,1,0,68.43,-0.08,-3.92,6.25,17.39
590.00,0,,68.61,17.47,1,0,69.20,-0.02,-3.94,6.29,17.47
590.09,0,,68.80,17.46,1,0,69.04,0.07,-3.96,6.36,17.58
590.21,0,,68.99,17.51,1,0,68.95,0.05,-3.96,6.34,17.56
590.30,0,,69.01,17.54,1,0,68.79,-0.08,-4.01,6.16,17.48
590.39,0,,68.91,17.53,1,0,68.68,-0.10,-4.01,6.14,17.46
590.51,0,,68.78,17.50,1,0,68.71,-0.02,-3.97,6.26,17.50
590.63,0,,68.76,17.50,0,1,69.11,0.04,-4.01,6.28,17.60
590.69,0,,68.85,17.54,0,1,68.84,-0.03,-4.03,6.19,17.55
590.81,0,,68.87,17.55,0,1,68.56,-0.12,-4.03,6.10,17.46
590.90,0,,68.77,17.53,1,0,68.72,-0.03,-4.02,6.20,17.54
590.99,0,,68.69,17.52,1,0,68.66,-0.00,-3.98,6.27,17.53
591.11,0,,68.68,17.53,1,0,68.83,-0.01,-3.99,6.25,17.53
591.20,0,,68.72,17.54,1,0,68.70,-0.00,-4.04,6.21,17.59
591.32,0,,68.77,17.56,1,0,68.98,0.03,-4.01,6.27,17.59
591.41,0,,68.85,17.60,1,0,68.88,0.15,-3.97,6.43,17.67
591.50,0,,68.90,17.64,1,0,68.87,0.20,-3.97,6.48,17.72
591.59,0,,68.83,17.68,1,0,68.37,0.12,-3.97,6.40,17.64
591.71,0,,68.73,17.68,1,0,69.07,0.12,-3.95,6.42,17.62
591.80,0,,68.76,17.66,1,0,68.85,0.20,-3.92,6.53,17.67
591.89,0,,68.89,17.67,1,0,69.21,0.29,-3.91,6.63,17.75
592.07,0,,68.97,17.71,0,1,68.59,0.25,-3.95,6.55,17.75
592.10,0,,68.95,17.74,0,1,69.17,0.15,-3.97,6.43,17.67
592.19,0,,68.93,17.73,0,1,68.77,0.25,-3.94,6.56,17.74
592.31,0,,68.86,17.74,1,0,68.54,0.35,-3.89,6.71,17.79
592.43,0,,68.79,17.75,1,0,69.16,0.28,-3.91,6.62,17.74
592.49,0,,68.88,17.76,1,0,69.18,0.23,-3.98,6.50,17.76
592.61,0,,68.98,17.77,1,0,68.58,0.28,-3.97,6.56,17.80
592.73,0,,68.97,17.79,1,0,69.24,0.38,-3.95,6.68,17.88
592.85,0,,69.03,17.84,1,0,69.36,0.40,-3.95,6.70,17.90
592.91,0,,69.16,17.88,1,0,69.03,0.32,-3.97,6.60,17.84
593.00,0,,69.14,17.87,0,1,68.77,0.26,-4.00,6.51,17.81
593.09,0,,69.03,17.85,0,1,69.19,0.31,-4.01,6.55,17.87
593.21,0,,69.06,17.87,0,1,69.42,0.42,-3.99,6.68,17.96
593.33,0,,69.11,17.90,0,1,68.53,0.37,-3.95,6.67,17.87
593.39,0,,68.97,17.90,0,1,68.81,0.26,-3.98,6.53,17.79
593.51,0,,68.89,17.87,0,1,69.40,0.36,-4.01,6.60,17.92
593.60,0,,68.99,17.89,0,1,68.88,0.50,-3.99,6.76,18.04
593.69,0,,69.00,17.95,0,1,68.67,0.48,-3.96,6.77,17.99
593.81,0,,68.90,17.98,0,1,69.00,0.36,-3.95,6.66,17.86
593.93,0,,68.90,17.95,0,1,69.19,0.39,-3.94,6.70,17.88
593.99,0,,69.04,17.92,2,-1,69.25,0.52,-3.92,6.85,17.99
594.11,0,,69.09,17.94,1,0,68.58,0.56,-3.92,6.89,18.03
594.20,0,,68.98,17.99,1,0,69.00,0.55,-3.95,6.85,18.05
594.32,0,,68.81,18.02,1,0,68.29,0.48,-3.92,6.81,17.95
594.41,0,,68.73,18.01,1,0,69.41,0.53,-3.84,6.94,17.92
594.50,0,,68.89,17.99,1,0,69.21,0.73,-3.83,7.15,18.11
594.59,0,,69.09,18.02,1,0,68.92,0.72,-3.84,7.13,18.11
594.71,0,,69.13,18.07,1,0,69.24,0.63,-3.85,7.03,18.03
594.80,0,,69.12,18.10,0,1,68.95,0.79,-3.87,7.17,18.21
594.95,0,,69.09,18.15,1,0,69.15,0.91,-3.80,7.36,18.26
595.01,0,,69.03,18.21,1,0,68.70,0.90,-3.77,7.38,18.22
595.10,0,,68.95,18.24,1,0,69.09,0.84,-3.79,7.30,18.18
595.19,0,,68.89,18.23,1,0,68.58,0.87,-3.78,7.34,18.20
595.31,0,,68.91,18.23,1,0,69.63,1.02,-3.79,7.48,18.36
595.40,0,,69.07,18.29,1,0,68.93,1.15,-3.74,7.66,18.44
595.55,0,,69.07,18.36,1,0,68.51,1.07,-3.67,7.65,18.29
595.58,0,,68.81,18.35,1,0,68.34,0.97,-3.68,7.54,18.20
595.70,0,,68.61,18.31,2,-1,69.01,1.11,-3.71,7.65,18.37
595.82,0,,68.65,18.32,4,-2,68.80,1.25,-3.66,7.84,18.46
595.88,0,,68.76,18.38,4,-2,68.80,1.21,-3.62,7.84,18.38
596.00,0,,68.81,18.40,2,-1,68.76,1.15,-3.63,7.77,18.33
596.09,0,,68.76,18.37,2,-1,68.44,1.11,-3.62,7.74,18.28
596.18,0,,68.67,18.33,4,-2,68.80,1.17,-3.63,7.79,18.35
596.30,0,,68.69,18.33,4,-2,68.98,1.22,-3.64,7.83,18.41
596.39,0,,68.84,18.36,2,-1,69.12,1.13,-3.68,7.70,18.36
596.48,0,,68.93,18.38,2,-1,68.51,1.08,-3.72,7.61,18.35
596.60,0,,68.85,18.38,0,1,68.78,1.16,-3.69,7.72,18.40
596.69,0,,68.80,18.39,0,1,69.11,1.23,-3.68,7.80,18.46
596.81,0,,68.88,18.42,0,1,68.92,1.17,-3.67,7.75,18.39
596.90,0,,68.93,18.42,0,1,68.76,1.08,-3.70,7.63,18.33
597.08,0,,68.92,18.40,0,1,69.10,1.16,-3.74,7.67,18.45
597.08,0,,68.95,18.42,0,1,69.00,1.24,-3.75,7.74,18.54
597.20,0,,69.04,18.47,0,1,69.27,1.18,-3.72,7.71,18.45
597.32,0,,69.05,18.48,0,1,68.58,1.14,-3.71,7.68,18.40
597.38,0,,68.95,18.45,1,0,68.95,1.12,-3.72,7.65,18.39
597.50,0,,68.85,18.41,1,0,68.75,1.15,-3.64,7.76,18.34
597.62,0,,68.82,18.39,1,0,68.93,1.35,-3.60,8.00,18.50
597.68,0,,68.84,18.43,1,0,68.89,1.37,-3.61,8.01,18.53
597.80,0,,68.86,18.48,1,0,68.71,1.29,-3.58,7.96,18.42
597.89,0,,68.88,18.48,1,0,69.22,1.41,-3.52,8.14,18.48
597.98,0,,68.95,18.50,2,-1,68.90,1.60,-3.49,8.36,18.64
598.13,0,,69.03,18.57,2,-1,69.19,1.68,-3.45,8.48,18.68
598.19,0,,69.03,18.64,0,1,68.72,1.68,-3.42,8.51,18.65
598.31,0,,68.96,18.68,0,1,68.90,1.74,-3.38,8.61,18.67
598.40,0,,68.94,18.69,0,1,69.35,1.85,-3.33,8.77,18.73
598.49,0,,69.01,18.72,0,1,68.72,1.95,-3.27,8.93,18.77
598.58,0,,68.99,18.75,0,1,68.95,1.97,-3.25,8.97,18.77
598.70,0,,68.89,18.78,0,1,68.64,1.99,-3.31,8.93,18.85
598.82,0,,68.81,18.82,0,1,68.93,2.04,-3.28,9.01,18.87
598.88,0,,68.83,18.85,1,0,69.05,2.07,-3.21,9.11,18.83
599.06,0,,68.95,18.86,1,0,69.13,2.00,-3.26,8.99,18.81
599.09,0,,69.01,18.82,1,0,68.72,1.80,-3.34,8.71,18.69
599.18,0,,68.92,18.76,1,0,68.67,1.74,-3.37,8.62,18.66
599.30,0,,68.79,18.70,1,0,68.78,1.73,-3.40,8.58,18.68
599.42,0,,68.75,18.66,2,-1,68.93,1.62,-3.40,8.47,18.57
599.48,0,,68.82,18.61,1,0,68.95,1.50,-3.46,8.29,18.51
599.60,0,,68.94,18.56,1,0,69.25,1.41,-3.57,8.09,18.53
599.69,0,,69.04,18.52,1,0,68.84,1.30,-3.59,7.96,18.44
599.81,0,,69.06,18.47,1,0,69.15,1.23,-3.59,7.89,18.37
599.90,0,,69.03,18.42,1,0,68.82,1.21,-3.66,7.80,18.42
599.99,0,,69.00,18.40,0,1,69.16,1.12,-3.71,7.66,18.38
600.08,0,,69.04,18.38,1,0,69.22,1.03,-3.73,7.55,18.31
600.20,0,,69.13,18.36,0,2,69.16,1.03,-3.77,7.51,18.35
600.32,0,,69.15,18.33,0,2,68.95,1.01,-3.74,7.52,18.30
600.38,0,,69.08,18.31,0,1,68.93,0.91,-3.77,7.39,18.23
600.50,0,,68.99,18.26,1,0,69.01,0.78,-3.84,7.19,18.17
600.59,0,,68.92,18.20,1,0,68.66,0.75,-3.82,7.18,18.12
600.68,0,,68.86,18.16,1,0,69.02,0.78,-3.82,7.21,18.15
600.80,0,,68.92,18.14,1,0,69.32,0.78,-3.86,7.17,18.19
600.89,0,,69.07,18.15,1,0,69.05,0.67,-3.86,7.06,18.08
600.98,0,,69.19,18.13,1,0,69.46,0.68,-3.85,7.08,18.08
601.10,0,,69.22,18.12,1,0,68.78,0.82,-3.85,7.22,18.22
601.19,0,,69.09,18.15,1,0,68.81,0.78,-3.83,7.20,18.16
601.37,0,,68.87,18.16,1,0,68.58,0.67,-3.84,7.08,18.06
601.43,0,,68.72,18.13,1,0,68.77,0.65,-3.87,7.03,18.07
601.49,0,,68.73,18.10,1,0,69.20,0.74,-3.84,7.15,18.13
601.58,0,,68.89,18.11,1,0,68.93,0.87,-3.80,7.32,18.22
601.73,0,,68.98,18.16,2,-1,68.85,0.79,-3.82,7.22,18.16
601.82,0,,69.00,18.17,2,-1,69.27,0.67,-3.86,7.06,18.08
601.88,0,,69.08,18.14,1,0,69.16,0.70,-3.85,7.10,18.10
602.00,0,,69.15,18.13,1,0,69.15,0.80,-3.85,7.20,18.20
602.09,0,,69.13,18.14,1,0,68.85,0.76,-3.81,7.20,18.12
602.18,0,,69.06,18.13,1,0,69.14,0.63,-3.80,7.08,17.98
602.30,0,,68.99,18.08,1,0,68.72,0.67,-3.86,7.06,18.08
602.39,0,,68.94,18.06,1,0,69.17,0.71,-3.87,7.09,18.13
602.48,0,,68.94,18.09,1,0,68.76,0.69,-3.85,7.09,18.09
602.60,0,,68.91,18.11,1,0,68.83,0.66,-3.88,7.03,18.09
602.69,0,,68.89,18.11,1,0,69.13,0.62,-3.93,6.94,18.10
602.81,0,,68.96,18.12,1,0,69.09,0.72,-3.95,7.02,18.22
602.90,0,,69.06,18.17,1,0,69.11,0.81,-3.91,7.15,18.27
602.99,0,,69.04,18.22,1,0,68.59,0.72,-3.91,7.06,18.18
603.08,0,,68.96,18.22,1,0,69.31,0.62,-3.94,6.93,18.11
603.20,0,,69.02,18.18,0,1,69.26,0.66,-3.93,6.98,18.14
603.32,0,,69.18,18.16,1,0,69.33,0.75,-3.91,7.09,18.21
603.38,0,,69.27,18.17,0,1,69.18,0.70,-3.90,7.05,18.15
603.50,0,,69.20,18.17,0,2,68.64,0.62,-3.93,6.94,18.10
603.62,0,,69.02,18.14,0,1,69.12,0.59,-3.94,6.90,18.08
603.68,0,,68.95,18.10,1,0,69.07,0.60,-3.93,6.92,18.08
603.80,0,,69.03,18.10,1,0,69.29,0.68,-3.94,6.99,18.17
603.89,0,,69.09,18.12,1,0,68.80,0.64,-3.94,6.95,18.13
603.98,0,,69.10,18.12,0,1,69.43,0.51,-3.93,6.83,17.99
604.10,0,,69.12,18.08,1,0,68.82,0.55,-3.92,6.88,18.02
604.19,0,,69.08,18.05,0,1,69.13,0.68,-3.94,6.99,18.17
604.31,0,,69.03,18.10,0,1,68.94,0.68,-4.00,6.93,18.23
604.40,0,,69.03,18.16,1,0,69.17,0.51,-4.00,6.76,18.06
604.55,0,,69.08,18.14,1,0,69.22,0.47,-3.98,6.74,18.00
604.58,0,,69.17,18.08,1,0,69.32,0.56,-3.99,6.82,18.10
604.70,0,,69.20,18.07,1,0,68.89,0.58,-3.96,6.87,18.09
604.82,0,,69.13,18.06,1,0,69.08,0.45,-3.96,6.74,17.96
604.88,0,,69.04,18.02,1,0,68.92,0.38,-4.00,6.63,17.93
605.00,0,,68.93,17.99,1,0,68.59,0.51,-4.03,6.73,18.09
605.09,0,,68.76,18.02,1,0,68.58,0.60,-4.00,6.85,18.15
605.18,0,,68.67,18.08,2,-1,68.93,0.52,-3.97,6.80,18.04
605.30,0,,68.76,18.09,4,-2,69.10,0.43,-4.02,6.66,18.00
605.39,0,,68.95,18.06,4,-2,69.23,0.48,-4.03,6.70,18.06
605.48,0,,69.07,18.05,2,-1,68.69,0.57,-3.97,6.85,18.09
605.60,0,,68.92,18.07,2,-1,68.28,0.56,-3.98,6.83,18.09
605.69,0,,68.70,18.08,2,-1,69.08,0.46,-4.01,6.70,18.02
605.81,0,,68.71,18.06,2,-1,68.91,0.46,-4.00,6.71,18.01
605.90,0,,68.83,18.05,2,-1,68.84,0.52,-4.03,6.74,18.10
605.99,0,,68.91,18.06,2,-1,69.05,0.55,-3.99,6.81,18.09
606.08,0,,68.91,18.07,2,-1,68.60,0.50,-3.96,6.79,18.01
606.20,0,,68.88,18.05,2,-1,69.11,0.40,-4.02,6.63,17.97
606.32,0,,68.90,18.02,2,-1,68.97,0.47,-4.03,6.69,18.05
606.38,0,,68.95,18.03,1,0,68.85,0.59,-3.99,6.85,18.13
606.50,0,,68.92,18.08,0,1,68.81,0.56,-4.04,6.77,18.15
606.59,0,,68.86,18.12,0,1,68.83,0.46,-4.07,6.64,18.08
606.68,0,,68.89,18.10,2,-1,69.32,0.40,-4.00,6.65,17.95
606.80,0,,68.98,18.04,2,-1,68.70,0.43,-3.99,6.69,17.97
606.89,0,,68.93,17.99,2,-1,68.64,0.41,-3.99,6.67,17.95
606.98,0,,68.79,17.96,2,-1,68.79,0.38,-4.03,6.60,17.96
607.10,0,,68.68,17.96,2,-1,68.34,0.38,-4.10,6.53,18.03
607.22,0,,68.56,17.98,2,-1,68.61,0.34,-4.05,6.54,17.94
607.31,0,,68.53,17.98,2,-1,68.66,0.39,-4.01,6.63,17.95
607.43,0,,68.58,17.97,4,-2,68.67,0.38,-4.05,6.58,17.98
607.55,0,,68.67,17.95,4,-2,68.85,0.24,-4.04,6.45,17.83
607.58,0,,68.79,17.90,4,-2,69.07,0.21,-4.03,6.43,17.79
607.70,0,,68.92,17.85,2,-1,68.92,0.32,-4.05,6.52,17.92
607.82,0,,68.93,17.87,2,-1,68.55,0.37,-4.10,6.52,18.02
607.88,0,,68.81,17.93,1,0,68.81,0.25,-4.11,6.39,17.91
608.00,0,,68.77,17.95,1,0,69.03,0.20,-4.13,6.32,17.88
608.09,0,,68.83,17.93,0,1,68.71,0.29,-4.13,6.41,17.97
608.18,0,,68.87,17.93,0,1,69.08,0.35,-4.03,6.57,17.93
608.30,0,,68.92,17.94,0,1,68.91,0.30,-4.05,6.50,17.90
608.39,0,,68.94,17.93,0,1,68.82,0.26,-4.16,6.35,17.97
608.48,0,,68.92,17.94,1,0,69.06,0.30,-4.08,6.47,17.93
608.60,0,,68.93,17.96,1,0,68.86,0.42,-4.06,6.61,18.03
608.69,0,,68.87,17.99,1,0,68.46,0.44,-4.05,6.64,18.04
608.81,0,,68.73,18.00,1,0,68.75,0.30,-4.00,6.55,17.85
608.90,0,,68.66,17.97,2,-1,68.72,0.31,-4.08,6.48,17.94
609.05,0,,68.62,17.94,2,-1,68.34,0.35,-4.06,6.54,17.96
609.08,0,,68.65,17.93,4,-2,69.38,0.37,-3.99,6.63,17.91
609.20,0,,68.86,17.95,2,-1,69.05,0.42,-4.12,6.55,18.09
609.32,0,,69.04,17.99,2,-1,68.91,0.28,-4.16,6.37,17.99
609.38,0,,69.12,18.01,1,0,69.48,0.29,-4.08,6.46,17.92
609.50,0,,69.21,18.01,0,1,69.18,0.49,-4.09,6.65,18.13
609.59,0,,69.24,18.04,0,2,68.98,0.41,-4.15,6.51,18.11
609.71,0,,69.13,18.07,0,2,68.97,0.24,-4.10,6.39,17.89
609.80,0,,69.02,18.02,0,2,68.96,0.29,-4.08,6.46,17.92
609.89,0,,68.94,17.97,0,2,68.82,0.40,-4.11,6.54,18.06
610.01,0,,68.92,17.98,0,1,69.18,0.38,-4.06,6.57,17.99
610.10,0,,68.96,18.00,1,0,68.81,0.31,-4.09,6.47,17.95
610.19,0,,68.96,17.99,1,0,68.92,0.31,-4.14,6.42,18.00
610.31,0,,68.89,17.98,1,0,68.67,0.29,-4.08,6.46,17.92
610.40,0,,68.79,17.97,4,-2,68.65,0.38,-4.08,6.55,18.01
610.49,0,,68.66,17.98,4,-2,68.40,0.37,-4.06,6.56,17.98
610.58,0,,68.52,17.97,4,-2,68.38,0.23,-4.08,6.40,17.86
610.70,0,,68.49,17.95,4,-2,68.96,0.30,-4.16,6.39,18.01
610.82,0,,68.66,17.97,4,-2,69.04,0.38,-4.15,6.48,18.08
610.88,0,,68.90,18.02,4,-2,69.05,0.35,-4.10,6.50,18.00
611.00,0,,68.98,18.02,1,0,68.59,0.28,-4.09,6.44,17.92
611.09,0,,68.88,17.98,2,-1,68.73,0.24,-4.10,6.39,17.89
611.18,0,,68.77,17.95,0,1,68.88,0.36,-4.11,6.50,18.02
611.30,0,,68.75,17.97,0,1,68.63,0.48,-4.10,6.63,18.13
611.42,0,,68.74,18.04,0,1,68.87,0.39,-4.11,6.53,18.05
611.57,0,,68.77,18.06,0,1,68.85,0.30,-4.07,6.48,17.92
611.63,0,,68.80,18.03,0,1,68.70,0.45,-4.07,6.63,18.07
611.69,0,,68.79,18.05,2,-1,68.85,0.59,-4.08,6.76,18.22
611.81,0,,68.80,18.12,2,-1,68.85,0.56,-4.03,6.78,18.14
611.93,0,,68.84,18.16,2,-1,68.96,0.51,-4.04,6.72,18.10
611.99,0,,68.88,18.14,2,-1,68.79,0.51,-4.00,6.76,18.06
612.08,0,,68.92,18.10,2,-1,69.23,0.57,-3.95,6.87,18.07
612.20,0,,69.02,18.09,0,1,69.13,0.64,-4.03,6.86,18.22
612.32,0,,69.05,18.13,0,1,68.57,0.59,-4.03,6.81,18.17
612.38,0,,68.91,18.16,0,1,68.84,0.51,-3.98,6.78,18.04
612.50,0,,68.74,18.13,0,1,68.38,0.54,-4.02,6.77,18.11
612.59,0,,68.60,18.13,1,0,68.60,0.67,-4.04,6.88,18.26
612.68,0,,68.58,18.17,1,0,68.95,0.64,-4.00,6.89,18.19
612.80,0,,68.73,18.19,1,0,68.99,0.48,-4.05,6.68,18.08
612.89,0,,68.90,18.17,1,0,68.96,0.55,-4.11,6.69,18.21
612.98,0,,68.97,18.18,1,0,68.87,0.67,-4.05,6.87,18.27
613.10,0,,68.90,18.22,1,0,68.52,0.65,-4.03,6.87,18.23
613.22,0,,68.78,18.25,1,0,68.88,0.58,-4.09,6.74,18.22
613.37,0,,68.71,18.23,1,0,68.58,0.53,-4.06,6.72,18.14
613.40,0,,68.72,18.19,1,0,69.02,0.57,-4.02,6.80,18.14
613.49,0,,68.83,18.18,1,0,69.08,0.67,-4.05,6.87,18.27
613.58,0,,68.95,18.20,1,0,68.81,0.61,-4.06,6.80,18.22
613.70,0,,68.99,18.21,0,1,69.19,0.50,-4.09,6.66,18.14
613.82,0,,69.03,18.20,0,1,68.96,0.58,-4.10,6.73,18.23
613.88,0,,68.99,18.20,0,1,68.65,0.63,-4.02,6.86,18.20
614.00,0,,68.85,18.20,0,1,68.73,0.62,-4.03,6.84,18.20
614.09,0,,68.79,18.22,1,0,69.08,0.61,-4.12,6.74,18.28
614.18,0,,68.83,18.23,1,0,68.70,0.57,-4.06,6.76,18.18
614.30,0,,68.88,18.23,1,0,69.17,0.67,-4.02,6.90,18.24
614.39,0,,68.90,18.25,0,1,68.49,0.79,-4.02,7.02,18.36
614.48,0,,68.78,18.27,2,-1,68.51,0.69,-3.95,6.99,18.19
614.60,0,,68.62,18.25,2,-1,68.62,0.60,-3.94,6.91,18.09
614.69,0,,68.60,18.19,4,-2,68.93,0.71,-3.96,7.00,18.22
614.84,0,,68.71,18.18,2,-1,68.78,0.82,-3.92,7.15,18.29
614.93,0,,68.81,18.23,1,0,68.90,0.78,-3.94,7.09,18.27
614.99,0,,68.86,18.25,1,0,68.81,0.64,-3.97,6.92,18.16
615.08,0,,68.86,18.22,1,0,68.86,0.62,-3.95,6.92,18.12
615.23,0,,68.81,18.18,1,0,68.51,0.72,-3.95,7.02,18.22
615.32,0,,68.71,18.19,1,0,68.70,0.78,-3.97,7.06,18.30
615.38,0,,68.64,18.22,1,0,68.64,0.65,-3.95,6.95,18.15
615.50,0,,68.61,18.20,1,0,68.52,0.50,-3.98,6.77,18.03
615.59,0,,68.58,18.13,1,0,68.56,0.54,-4.03,6.76,18.12
615.68,0,,68.62,18.10,1,0,69.07,0.59,-3.97,6.87,18.11
615.80,0,,68.78,18.10,2,-1,68.91,0.56,-4.00,6.81,18.11
615.89,0,,68.91,18.11,1,0,68.89,0.48,-4.10,6.63,18.13
615.98,0,,68.90,18.11,1,0,68.64,0.42,-4.04,6.63,18.01
616.10,0,,68.80,18.08,1,0,68.65,0.45,-4.01,6.69,18.01
616.19,0,,68.69,18.05,1,0,68.66,0.47,-4.10,6.62,18.12
616.31,0,,68.68,18.06,1,0,68.89,0.39,-4.10,6.54,18.04
616.40,0,,68.70,18.05,1,0,68.45,0.30,-4.07,6.48,17.92
616.49,0,,68.70,18.00,1,0,68.97,0.31,-4.07,6.49,17.93
616.58,0,,68.72,17.96,1,0,68.55,0.42,-4.03,6.64,18.00
616.73,0,,68.76,17.97,1,0,69.09,0.44,-4.07,6.62,18.06
616.82,0,,68.84,18.01,1,0,68.84,0.33,-4.13,6.45,18.01
616.88,0,,68.94,18.03,1,0,69.13,0.37,-4.09,6.53,18.01
617.09,0,,69.02,18.04,0,1,69.10,0.50,-4.09,6.66,18.14
617.09,0,,69.03,18.07,0,1,68.63,0.42,-4.10,6.57,18.07
617.21,0,,68.95,18.07,0,1,69.16,0.25,-4.08,6.42,17.88
617.30,0,,68.92,18.01,1,0,68.79,0.27,-4.13,6.39,17.95
617.39,0,,68.96,17.97,0,1,69.30,0.37,-4.14,6.48,18.06
617.48,0,,69.04,17.99,0,1,68.95,0.43,-4.07,6.61,18.05
617.60,0,,69.00,18.03,0,1,68.52,0.35,-4.10,6.50,18.00
617.69,0,,68.91,18.03,0,1,69.40,0.29,-4.16,6.38,18.00
617.87,0,,68.95,18.03,0,1,68.85,0.39,-4.12,6.52,18.06
617.93,0,,68.98,18.04,0,1,68.80,0.45,-4.08,6.62,18.08
617.99,0,,68.85,18.06,1,0,68.47,0.40,-4.09,6.56,18.04
618.08,0,,68.74,18.06,2,-1,69.06,0.32,-4.11,6.46,17.98
618.23,0,,68.77,18.03,2,-1,68.87,0.32,-4.16,6.41,18.03
618.32,0,,68.86,18.03,2,-1,68.92,0.42,-4.15,6.52,18.12
618.38,0,,68.93,18.07,2,-1,69.04,0.46,-4.10,6.61,18.11
618.50,0,,68.92,18.10,2,-1,68.54,0.38,-4.13,6.50,18.06
618.62,0,,68.78,18.09,1,0,68.49,0.33,-4.13,6.45,18.01
618.68,0,,68.64,18.05,1,0,68.85,0.34,-4.07,6.52,17.96
618.80,0,,68.63,18.02,1,0,68.58,0.46,-4.06,6.65,18.07
618.89,0,,68.66,18.03,1,0,68.71,0.47,-4.06,6.66,18.08
618.98,0,,68.65,18.04,2,-1,68.50,0.35,-4.07,6.53,17.97
619.13,0,,68.65,18.04,2,-1,68.89,0.40,-4.11,6.54,18.06
619.19,0,,68.70,18.05,2,-1,68.70,0.49,-4.09,6.65,18.13
619.37,0,,68.74,18.08,2,-1,68.71,0.50,-4.02,6.73,18.07
619.46,0,,68.75,18.09,2,-1,68.83,0.43,-4.06,6.62,18.04
619.49,0,,68.75,18.07,2,-1,68.65,0.39,-4.11,6.53,18.05
619.58,0,,68.72,18.06,2,-1,68.62,0.46,-4.07,6.64,18.08
619.73,0,,68.72,18.09,2,-1,69.09,0.61,-4.07,6.79,18.23
619.82,0,,68.90,18.15,0,1,69.42,0.54,-4.10,6.69,18.19
619.88,0,,69.06,18.17,0,1,68.53,0.37,-4.08,6.54,18.00
620.00,0,,69.00,18.13,0,2,68.95,0.51,-4.06,6.70,18.12
620.09,0,,68.87,18.12,0,1,68.71,0.65,-4.05,6.85,18.25
620.18,0,,68.79,18.15,0,1,68.75,0.58,-4.02,6.81,18.15
620.36,0,,68.73,18.17,0,1,68.68,0.49,-4.05,6.69,18.09
620.39,0,,68.68,18.14,1,0,68.57,0.43,-4.11,6.57,18.09
620.48,0,,68.65,18.11,1,0,68.75,0.46,-4.04,6.67,18.05
620.60,0,,68.70,18.09,2,-1,68.97,0.56,-4.01,6.80,18.12
620.69,0,,68.84,18.11,4,-2,69.09,0.56,-4.11,6.70,18.22
620.81,0,,68.96,18.15,2,-1,68.85,0.47,-4.10,6.62,18.12
620.90,0,,68.99,18.16,1,0,68.97,0.50,-4.07,6.68,18.12
621.05,0,,68.96,18.16,0,1,68.87,0.59,-4.09,6.75,18.23
621.08,0,,68.90,18.17,0,1,68.71,0.54,-4.08,6.71,18.17
621.20,0,,68.88,18.17,0,1,69.33,0.45,-4.10,6.60,18.10
621.32,0,,68.99,18.15,0,1,68.98,0.46,-4.13,6.58,18.14
621.38,0,,68.99,18.13,0,1,68.47,0.46,-4.13,6.58,18.14
621.50,0,,68.86,18.14,0,1,69.08,0.52,-4.11,6.66,18.18
621.59,0,,68.83,18.17,0,1,68.85,0.51,-4.16,6.60,18.22
621.68,0,,68.85,18.18,0,1,68.76,0.41,-4.15,6.51,18.11
621.80,0,,68.85,18.17,0,1,69.00,0.47,-4.12,6.60,18.14
621.89,0,,68.90,18.16,1,0,69.03,0.54,-4.16,6.63,18.25
621.98,0,,68.99,18.19,0,1,69.11,0.53,-4.12,6.66,18.20
622.10,0,,69.07,18.20,1,0,69.14,0.46,-4.14,6.57,18.15
622.19,0,,69.12,18.19,1,0,69.07,0.41,-4.21,6.45,18.17
622.31,0,,69.08,18.18,1,0,68.85,0.46,-4.15,6.56,18.16
622.40,0,,69.00,18.18,1,0,68.99,0.56,-4.14,6.67,18.25
622.49,0,,68.98,18.21,0,1,69.23,0.50,-4.17,6.58,18.22
622.58,0,,69.01,18.21,0,1,68.69,0.37,-4.13,6.49,18.05
622.73,0,,68.93,18.16,1,0,68.83,0.43,-4.15,6.53,18.13
622.82,0,,68.89,18.15,0,1,69.21,0.57,-4.20,6.62,18.32
622.88,0,,68.99,18.20,0,1,69.20,0.56,-4.13,6.68,18.24
623.00,0,,69.09,18.24,1,0,68.88,0.46,-4.14,6.57,18.15
623.09,0,,69.08,18.23,0,1,69.15,0.48,-4.20,6.53,18.23
623.18,0,,69.02,18.22,0,1,68.72,0.59,-4.15,6.69,18.29
623.33,0,,68.87,18.26,0,1,68.46,0.63,-4.13,6.75,18.31
623.39,0,,68.64,18.28,2,-1,68.41,0.56,-4.12,6.69,18.23
623.48,0,,68.51,18.27,4,-2,68.78,0.52,-4.14,6.63,18.21
623.60,0,,68.57,18.25,4,-2,68.77,0.60,-4.14,6.71,18.29
623.69,0,,68.67,18.26,4,-2,68.61,0.70,-4.08,6.87,18.33
623.81,0,,68.68,18.28,4,-2,68.58,0.66,-4.04,6.87,18.25
623.90,0,,68.67,18.28,4,-2,68.81,0.61,-4.05,6.81,18.21
623.99,0,,68.80,18.26,2,-1,69.47,0.67,-4.07,6.85,18.29
624.08,0,,69.02,18.27,2,-1,68.85,0.71,-4.05,6.91,18.31
624.23,0,,69.04,18.30,2,-1,68.62,0.80,-4.02,7.03,18.37
624.32,0,,68.89,18.34,0,2,68.91,0.80,-4.06,6.99,18.41
624.38,0,,68.84,18.38,0,2,69.05,0.66,-4.09,6.82,18.30
624.50,0,,68.89,18.37,0,1,68.85,0.70,-4.06,6.89,18.31
624.59,0,,68.93,18.35,0,1,68.99,0.83,-4.01,7.07,18.39
624.68,0,,68.97,18.34,0,1,69.08,0.74,-3.99,7.00,18.28
624.80,0,,68.99,18.31,0,1,68.78,0.60,-4.05,6.80,18.20
624.89,0,,68.90,18.27,1,0,68.59,0.63,-4.10,6.78,18.28
624.98,0,,68.75,18.25,1,0,68.71,0.66,-4.06,6.85,18.27
625.10,0,,68.74,18.27,1,0,69.21,0.71,-4.04,6.92,18.30
625.19,0,,68.91,18.29,2,-1,69.15,0.68,-4.06,6.87,18.29
625.31,0,,69.01,18.29,1,0,68.52,0.59,-4.07,6.77,18.21
625.40,0,,68.87,18.26,1,0,68.61,0.62,-4.04,6.83,18.21
625.49,0,,68.72,18.24,2,-1,68.87,0.74,-4.01,6.98,18.30
625.58,0,,68.71,18.25,2,-1,68.80,0.76,-3.99,7.02,18.30
625.70,0,,68.81,18.27,2,-1,69.10,0.65,-4.00,6.90,18.20
625.82,0,,68.94,18.26,1,0,69.03,0.66,-4.06,6.85,18.27
625.88,0,,69.03,18.26,1,0,69.03,0.71,-4.00,6.96,18.26
626.00,0,,69.06,18.27,1,0,69.09,0.79,-3.97,7.07,18.31
626.09,0,,69.06,18.30,0,1,68.93,0.73,-4.10,6.88,18.38
626.18,0,,68.98,18.32,0,1,68.69,0.57,-4.06,6.76,18.18
626.33,0,,68.87,18.29,0,1,68.92,0.65,-4.03,6.87,18.23
626.39,0,,68.80,18.27,0,1,68.65,0.76,-4.09,6.92,18.40
626.48,0,,68.79,18.29,1,0,69.08,0.67,-4.02,6.90,18.24
626.60,0,,68.85,18.29,1,0,68.81,0.59,-4.04,6.80,18.18
626.69,0,,68.90,18.25,1,0,68.92,0.56,-4.14,6.67,18.25
626.81,0,,68.87,18.23,1,0,68.63,0.58,-4.09,6.74,18.22
626.90,0,,68.79,18.23,2,-1,68.79,0.66,-4.08,6.83,18.29
626.99,0,,68.75,18.25,2,-1,68.78,0.56,-4.11,6.70,18.22
627.08,0,,68.73,18.22,1,0,68.58,0.36,-4.12,6.49,18.03
627.26,0,,68.74,18.16,1,0,69.09,0.44,-4.19,6.50,18.18
627.32,0,,68.85,18.15,1,0,69.01,0.58,-4.20,6.63,18.33
627.38,0,,68.95,18.21,1,0,68.86,0.53,-4.13,6.65,18.21
627.50,0,,68.94,18.23,1,0,68.74,0.44,-4.16,6.53,18.15
627.59,0,,68.89,18.21,2,-1,69.06,0.41,-4.20,6.46,18.16
627.68,0,,68.88,18.18,0,1,68.73,0.43,-4.17,6.51,18.15
627.80,0,,68.86,18.18,0,1,68.82,0.57,-4.16,6.66,18.28
627.89,0,,68.77,18.21,0,1,68.41,0.50,-4.19,6.56,18.24
627.98,0,,68.65,18.22,1,0,68.69,0.32,-4.19,6.38,18.06
628.10,0,,68.60,18.18,2,-1,68.72,0.44,-4.20,6.49,18.19
628.19,0,,68.61,18.17,2,-1,68.44,0.55,-4.19,6.61,18.29
628.31,0,,68.59,18.20,4,-2,68.70,0.48,-4.12,6.61,18.15
628.40,0,,68.61,18.20,4,-2,68.70,0.45,-4.14,6.56,18.14
628.49,0,,68.68,18.17,2,-1,68.82,0.40,-4.19,6.46,18.14
628.58,0,,68.77,18.15,2,-1,68.90,0.40,-4.17,6.48,18.12
628.70,0,,68.85,18.15,2,-1,68.88,0.54,-4.19,6.60,18.28
628.82,0,,68.88,18.20,1,0,68.76,0.50,-4.20,6.55,18.25
628.88,0,,68.85,18.23,1,0,68.82,0.36,-4.22,6.39,18.13
629.06,0,,68.83,18.22,0,1,68.91,0.45,-4.22,6.48,18.22
629.09,0,,68.86,18.22,0,1,68.92,0.57,-4.19,6.63,18.31
629.18,0,,68.88,18.24,0,1,68.80,0.49,-4.14,6.60,18.18
629.30,0,,68.90,18.23,0,1,69.11,0.43,-4.20,6.48,18.18
629.39,0,,68.96,18.21,0,1,69.02,0.42,-4.25,6.42,18.22
629.48,0,,68.99,18.20,0,1,68.81,0.40,-4.18,6.47,18.13
629.63,0,,68.94,18.18,0,1,68.87,0.47,-4.17,6.55,18.19
629.69,0,,68.87,18.18,1,0,68.81,0.45,-4.20,6.50,18.20
629.81,0,,68.85,18.17,1,0,68.93,0.30,-4.19,6.36,18.04
629.93,0,,68.85,18.13,1,0,68.83,0.35,-4.22,6.38,18.12
629.99,0,,68.82,18.12,1,0,68.59,0.42,-4.21,6.46,18.18
630.08,0,,68.80,18.13,2,-1,69.19,0.35,-4.15,6.45,18.05
630.20,0,,68.92,18.11,2,-1,69.21,0.31,-4.23,6.33,18.09
630.32,0,,69.03,18.11,0,1,68.66,0.31,-4.32,6.24,18.18
630.38,0,,68.92,18.12,1,0,68.52,0.30,-4.25,6.30,18.10
630.56,0,,68.72,18.13,1,0,68.68,0.33,-4.22,6.36,18.10
630.59,0,,68.68,18.12,1,0,69.14,0.28,-4.27,6.26,18.10
630.68,0,,68.75,18.09,0,1,68.36,0.17,-4.26,6.16,17.98
630.80,0,,68.65,18.05,2,-1,68.26,0.23,-4.23,6.25,18.01
630.89,0,,68.47,18.04,2,-1,68.55,0.39,-4.25,6.39,18.19
630.98,0,,68.46,18.09,4,-2,68.81,0.37,-4.23,6.39,18.15
631.10,0,,68.65,18.14,4,-2,69.09,0.28,-4.26,6.27,18.09
631.19,0,,68.85,18.14,2,-1,68.78,0.32,-4.28,6.29,18.15
631.31,0,,68.93,18.15,1,0,68.96,0.41,-4.20,6.46,18.16
631.40,0,,68.93,18.17,1,0,68.82,0.47,-4.20,6.52,18.22
631.49,0,,68.86,18.20,1,0,68.58,0.42,-4.25,6.42,18.22
631.58,0,,68.76,18.21,0,1,68.84,0.32,-4.22,6.35,18.09
631.70,0,,68.71,18.19,0,1,68.65,0.41,-4.26,6.40,18.22
631.82,0,,68.73,18.20,0,1,68.93,0.54,-4.25,6.54,18.34
631.88,0,,68.83,18.25,0,1,69.14,0.49,-4.20,6.54,18.24
632.06,0,,68.94,18.27,1,0,68.73,0.41,-4.26,6.40,18.22
632.09,0,,68.91,18.26,1,0,68.70,0.37,-4.29,6.33,18.21
632.18,0,,68.77,18.22,1,0,68.55,0.39,-4.22,6.42,18.16
632.30,0,,68.68,18.21,1,0,68.83,0.50,-4.23,6.52,18.28
632.39,0,,68.69,18.22,1,0,68.82,0.44,-4.28,6.41,18.27
632.48,0,,68.74,18.24,1,0,68.63,0.34,-4.25,6.34,18.14
632.63,0,,68.74,18.22,1,0,68.81,0.42,-4.25,6.42,18.22
632.69,0,,68.78,18.22,2,-1,68.99,0.51,-4.29,6.47,18.35
632.81,0,,68.90,18.27,2,-1,69.16,0.49,-4.26,6.48,18.30
632.93,0,,68.98,18.29,1,0,68.71,0.38,-4.25,6.38,18.18
632.99,0,,68.94,18.26,1,0,68.84,0.35,-4.27,6.33,18.17
633.08,0,,68.88,18.22,1,0,69.01,0.46,-4.27,6.44,18.28
633.20,0,,68.88,18.23,1,0,68.82,0.51,-4.25,6.51,18.31
633.32,0,,68.88,18.26,0,1,68.82,0.40,-4.24,6.41,18.19
633.38,0,,68.83,18.25,0,1,68.67,0.36,-4.28,6.33,18.19
633.50,0,,68.76,18.23,0,1,68.69,0.42,-4.28,6.39,18.25
633.59,0,,68.73,18.23,1,0,68.90,0.51,-4.22,6.54,18.28
633.68,0,,68.75,18.26,1,0,68.65,0.50,-4.24,6.51,18.29
633.80,0,,68.72,18.27,1,0,68.51,0.39,-4.28,6.36,18.22
633.89,0,,68.67,18.26,1,0,68.89,0.36,-4.27,6.34,18.18
633.98,0,,68.68,18.22,2,-1,68.54,0.42,-4.21,6.46,18.18
634.10,0,,68.65,18.20,2,-1,68.49,0.49,-4.19,6.55,18.23
634.19,0,,68.64,18.21,2,-1,69.07,0.47,-4.28,6.44,18.30
634.31,0,,68.73,18.25,2,-1,68.62,0.36,-4.30,6.31,18.21
634.43,0,,68.80,18.25,1,0,68.93,0.40,-4.25,6.40,18.20
634.49,0,,68.87,18.25,1,0,69.12,0.53,-4.24,6.54,18.32
634.58,0,,69.00,18.26,0,1,69.14,0.48,-4.24,6.49,18.27
634.70,0,,69.05,18.27,0,2,68.70,0.38,-4.28,6.35,18.21
634.82,0,,68.97,18.26,0,2,68.95,0.43,-4.27,6.41,18.25
634.88,0,,68.89,18.25,0,2,68.84,0.50,-4.21,6.54,18.26
635.06,0,,68.89,18.25,0,1,69.08,0.52,-4.20,6.57,18.27
635.09,0,,68.92,18.27,0,1,68.79,0.49,-4.24,6.50,18.28
635.18,0,,68.90,18.28,0,1,68.77,0.46,-4.24,6.47,18.25
635.30,0,,68.80,18.28,1,0,68.59,0.55,-4.19,6.61,18.29
635.39,0,,68.71,18.30,0,1,68.78,0.66,-4.19,6.72,18.40
635.48,0,,68.73,18.34,4,-2,69.06,0.59,-4.19,6.65,18.33
635.63,0,,68.85,18.36,2,-1,68.88,0.60,-4.22,6.63,18.37
635.69,0,,68.92,18.38,2,-1,68.88,0.69,-4.19,6.75,18.43
635.81,0,,68.94,18.40,1,0,69.08,0.69,-4.11,6.83,18.35
635.90,0,,68.94,18.39,1,0,68.64,0.71,-4.12,6.84,18.38
635.99,0,,68.91,18.37,0,1,69.16,0.61,-4.13,6.73,18.29
636.08,0,,68.91,18.33,0,1,68.78,0.54,-4.16,6.63,18.25
636.20,0,,68.81,18.30,1,0,68.12,0.61,-4.17,6.69,18.33
636.32,0,,68.67,18.30,1,0,69.38,0.65,-4.12,6.78,18.32
636.38,0,,68.76,18.31,0,1,68.75,0.63,-4.13,6.75,18.31
636.50,0,,68.94,18.31,0,1,69.36,0.55,-4.17,6.63,18.27
636.59,0,,69.02,18.30,0,1,68.52,0.56,-4.21,6.60,18.32
636.68,0,,68.98,18.31,0,1,69.24,0.62,-4.20,6.67,18.37
636.80,0,,68.96,18.34,1,0,68.81,0.69,-4.16,6.78,18.40
636.89,0,,68.92,18.38,1,0,68.78,0.63,-4.22,6.66,18.40
636.98,0,,68.86,18.39,1,0,68.89,0.46,-4.25,6.46,18.26
637.13,0,,68.81,18.35,1,0,68.63,0.54,-4.22,6.57,18.31
637.19,0,,68.75,18.34,1,0,68.76,0.70,-4.21,6.74,18.46
637.31,0,,68.71,18.37,1,0,68.64,0.61,-4.21,6.65,18.37
637.43,0,,68.73,18.38,1,0,69.00,0.48,-4.22,6.51,18.25
637.49,0,,68.81,18.33,1,0,68.87,0.52,-4.20,6.57,18.27
637.58,0,,68.89,18.29,1,0,68.93,0.56,-4.21,6.60,18.32
637.70,0,,68.92,18.29,1,0,68.91,0.56,-4.23,6.58,18.34
637.82,0,,68.85,18.31,1,0,68.36,0.47,-4.25,6.47,18.27
637.88,0,,68.68,18.29,1,0,68.59,0.35,-4.25,6.35,18.15
638.06,0,,68.57,18.24,1,0,68.66,0.42,-4.23,6.44,18.20
638.09,0,,68.60,18.22,1,0,68.87,0.56,-4.23,6.58,18.34
638.18,0,,68.66,18.25,2,-1,68.39,0.49,-4.24,6.50,18.28
638.30,0,,68.64,18.28,1,0,68.72,0.40,-4.29,6.36,18.24
638.39,0,,68.66,18.28,2,-1,68.95,0.44,-4.33,6.36,18.32
638.48,0,,68.74,18.30,2,-1,68.57,0.53,-4.31,6.47,18.39
638.60,0,,68.79,18.35,2,-1,69.09,0.58,-4.29,6.54,18.42
638.69,0,,68.83,18.38,2,-1,68.61,0.48,-4.29,6.44,18.32
638.81,0,,68.83,18.36,1,0,68.93,0.40,-4.25,6.40,18.20
638.90,0,,68.78,18.29,1,0,68.49,0.46,-4.23,6.48,18.24
638.99,0,,68.68,18.26,1,0,68.58,0.55,-4.29,6.51,18.39
639.08,0,,68.57,18.30,1,0,68.46,0.49,-4.35,6.39,18.39
639.20,0,,68.56,18.36,2,-1,68.93,0.43,-4.40,6.28,18.38
639.32,0,,68.64,18.40,2,-1,68.60,0.47,-4.42,6.30,18.44
639.41,0,,68.72,18.43,2,-1,68.88,0.54,-4.36,6.43,18.45
639.50,0,,68.83,18.46,2,-1,69.20,0.64,-4.33,6.56,18.52
639.59,0,,68.92,18.49,1,0,68.54,0.61,-4.35,6.51,18.51
639.68,0,,68.89,18.50,1,0,68.94,0.49,-4.33,6.41,18.37
639.80,0,,68.85,18.47,1,0,68.95,0.63,-4.32,6.56,18.50
639.89,0,,68.87,18.49,0,1,68.76,0.83,-4.31,6.77,18.69
639.98,0,,68.79,18.56,0,1,68.37,0.73,-4.24,6.74,18.52
640.10,0,,68.64,18.57,1,0,68.71,0.60,-4.29,6.56,18.44
640.19,0,,68.61,18.53,1,0,68.85,0.61,-4.38,6.48,18.54
640.31,0,,68.75,18.52,1,0,69.19,0.66,-4.35,6.56,18.56
640.43,0,,68.95,18.55,1,0,69.01,0.84,-4.31,6.78,18.70
640.49,0,,69.06,18.63,1,0,69.02,0.88,-4.32,6.81,18.75
640.58,0,,69.06,18.71,1,0,68.93,0.89,-4.34,6.80,18.78
640.70,0,,68.99,18.80,0,1,68.87,1.18,-4.32,7.11,19.05
640.82,0,,68.92,18.95,0,1,68.88,1.40,-4.26,7.39,19.21
640.88,0,,68.92,19.10,0,1,69.19,1.47,-4.14,7.58,19.16
641.00,0,,69.02,19.19,0,1,69.22,1.60,-4.06,7.79,19.21
641.09,0,,69.07,19.20,0,1,68.63,1.54,-3.96,7.83,19.05
641.18,0,,68.92,19.10,0,1,68.50,1.44,-3.70,7.99,18.69
641.30,0,,68.73,18.92,0,1,68.98,1.59,-3.67,8.17,18.81
641.39,0,,68.68,18.82,0,1,68.44,1.65,-3.76,8.14,18.96
641.48,0,,68.68,18.82,4,-2,68.96,1.51,-3.66,8.10,18.72
641.60,0,,68.67,18.82,4,-2,68.30,1.56,-3.70,8.11,18.81
641.69,0,,68.65,18.83,4,-2,68.95,1.68,-3.76,8.17,18.99
641.81,0,,68.66,18.87,4,-2,68.49,1.60,-3.68,8.17,18.83
641.93,0,,68.62,18.88,4,-2,68.39,1.52,-3.70,8.07,18.77
641.99,0,,68.55,18.84,4,-2,68.76,1.54,-3.74,8.05,18.83
642.08,0,,68.59,18.83,2,-1,68.73,1.61,-3.74,8.12,18.90
642.20,0,,68.65,18.87,2,-1,68.47,1.68,-3.73,8.20,18.96
642.32,0,,68.66,18.92,2,-1,68.90,1.64,-3.77,8.12,18.96
642.38,0,,68.69,18.95,1,0,68.54,1.61,-3.75,8.11,18.91
642.50,0,,68.66,18.94,1,0,68.53,1.65,-3.69,8.21,18.89
642.59,0,,68.67,18.95,1,0,69.15,1.80,-3.73,8.32,19.08
642.68,0,,68.74,18.99,0,1,68.40,1.80,-3.72,8.33,19.07
642.80,0,,68.74,19.03,0,1,68.83,1.70,-3.67,8.28,18.92
642.89,0,,68.65,19.02,0,1,68.22,1.79,-3.70,8.34,19.04
642.98,0,,68.54,19.01,1,0,68.69,1.80,-3.66,8.39,19.01
643.10,0,,68.55,19.02,1,0,68.82,1.85,-3.66,8.44,19.06
643.19,0,,68.68,19.06,2,-1,68.85,1.94,-3.73,8.46,19.22
643.31,0,,68.78,19.10,2,-1,68.68,1.79,-3.64,8.40,18.98
643.40,0,,68.76,19.08,1,0,68.58,1.81,-3.61,8.45,18.97
643.49,0,,68.79,19.06,1,0,69.40,1.99,-3.69,8.55,19.23
643.58,0,,69.00,19.10,0,1,69.34,1.97,-3.66,8.56,19.18
643.70,0,,69.18,19.16,0,2,68.80,1.90,-3.68,8.47,19.13
643.82,0,,69.12,19.17,0,2,68.98,1.91,-3.68,8.48,19.14
643.88,0,,68.99,19.16,0,2,68.81,1.98,-3.62,8.61,19.15
644.00,0,,68.85,19.17,0,2,68.54,2.09,-3.63,8.71,19.27
644.09,0,,68.71,19.20,0,1,68.75,2.01,-3.63,8.63,19.19
644.18,0,,68.70,19.20,0,1,69.00,1.88,-3.60,8.53,19.03
644.30,0,,68.77,19.15,0,1,68.60,1.99,-3.64,8.60,19.18
644.39,0,,68.77,19.14,2,-1,68.72,2.09,-3.62,8.72,19.26
644.48,0,,68.80,19.18,4,-2,69.24,2.04,-3.57,8.72,19.16
644.60,0,,68.94,19.20,4,-2,68.99,2.04,-3.63,8.66,19.22
644.69,0,,69.03,19.22,2,-1,68.93,2.10,-3.61,8.74,19.26
644.81,0,,68.96,19.23,0,1,68.58,2.11,-3.53,8.83,19.19
644.90,0,,68.84,19.23,0,1,68.96,2.13,-3.55,8.83,19.23
644.99,0,,68.85,19.23,0,1,69.19,2.13,-3.60,8.78,19.28
645.08,0,,68.97,19.24,0,1,68.98,2.08,-3.57,8.76,19.20
645.20,0,,68.98,19.24,0,1,68.52,2.11,-3.57,8.79,19.23
645.32,0,,68.86,19.24,0,1,69.02,2.11,-3.64,8.72,19.30
645.38,0,,68.79,19.25,0,1,68.55,1.87,-3.71,8.41,19.13
645.56,0,,68.77,19.20,0,1,69.07,1.60,-3.89,7.96,19.04
645.62,0,,68.89,19.14,2,-1,69.34,1.50,-4.13,7.62,19.18
645.68,0,,69.12,19.11,1,0,69.31,1.32,-4.18,7.39,19.05
645.80,0,,69.28,19.08,0,1,69.30,1.13,-4.27,7.11,18.95
645.89,0,,69.28,19.01,0,1,68.83,0.80,-4.55,6.50,18.90
645.98,0,,69.09,18.91,0,1,68.71,0.43,-4.65,6.03,18.63
646.10,0,,68.93,18.79,1,0,69.26,0.62,-4.59,6.28,18.76
646.22,0,,68.97,18.76,1,0,69.15,0.96,-4.50,6.71,19.01
646.31,0,,69.09,18.83,0,1,69.16,0.88,-4.42,6.71,18.85
646.40,0,,69.15,18.87,0,1,69.11,0.77,-4.41,6.61,18.73
646.49,0,,69.09,18.82,0,1,68.64,0.79,-4.35,6.69,18.69
646.58,0,,68.97,18.74,0,1,69.16,0.86,-4.28,6.83,18.69
646.70,0,,69.03,18.72,0,1,69.70,1.01,-4.30,6.96,18.86
646.82,0,,69.21,18.77,0,1,68.79,0.99,-4.32,6.92,18.86
646.88,0,,69.14,18.81,0,1,68.65,0.89,-4.22,6.92,18.66
647.00,0,,68.94,18.77,0,1,69.07,0.93,-4.20,6.98,18.68
647.09,0,,68.87,18.72,2,-1,68.85,0.99,-4.24,7.00,18.78
647.18,0,,68.91,18.71,2,-1,69.17,0.87,-4.24,6.88,18.66
647.30,0,,69.01,18.70,2,-1,69.10,0.76,-4.34,6.67,18.65
647.39,0,,69.10,18.68,1,0,69.16,0.77,-4.36,6.66,18.68
647.48,0,,69.16,18.66,1,0,69.25,0.77,-4.27,6.75,18.59
647.60,0,,69.18,18.65,1,0,69.02,0.81,-4.35,6.71,18.71
647.69,0,,69.11,18.65,0,1,68.85,0.71,-4.36,6.60,18.62
647.81,0,,69.04,18.63,0,1,69.32,0.56,-4.32,6.49,18.43
647.90,0,,69.04,18.55,0,1,68.85,0.60,-4.34,6.51,18.49
647.99,0,,69.04,18.51,1,0,69.08,0.69,-4.34,6.60,18.58
648.08,0,,69.00,18.52,1,0,68.86,0.62,-4.37,6.50,18.54
648.23,0,,68.94,18.53,1,0,68.83,0.52,-4.39,6.38,18.46
648.32,0,,68.88,18.53,2,-1,68.87,0.62,-4.43,6.44,18.60
648.38,0,,68.90,18.56,2,-1,69.23,0.72,-4.39,6.58,18.66
648.50,0,,68.99,18.61,1,0,68.89,0.73,-4.31,6.67,18.59
648.59,0,,69.02,18.63,1,0,69.02,0.72,-4.41,6.56,18.68
648.68,0,,69.06,18.65,1,0,69.41,0.65,-4.44,6.46,18.64
648.80,0,,69.19,18.66,1,0,69.27,0.71,-4.38,6.58,18.64
648.89,0,,69.17,18.66,1,0,68.40,0.84,-4.34,6.75,18.73
649.07,0,,68.95,18.68,1,0,68.97,0.78,-4.32,6.71,18.65
649.10,0,,68.83,18.68,1,0,68.99,0.69,-4.36,6.58,18.60
649.19,0,,68.84,18.65,1,0,68.73,0.74,-4.36,6.63,18.65
649.31,0,,68.82,18.65,1,0,68.74,0.85,-4.31,6.79,18.71
649.40,0,,68.77,18.68,1,0,68.67,0.93,-4.32,6.86,18.80
649.49,0,,68.74,18.74,2,-1,68.92,0.82,-4.36,6.71,18.73
649.58,0,,68.77,18.75,4,-2,68.71,0.78,-4.37,6.66,18.70
649.70,0,,68.76,18.75,4,-2,68.60,0.92,-4.36,6.81,18.83
649.82,0,,68.64,18.78,4,-2,68.25,0.99,-4.33,6.91,18.87
649.88,0,,68.54,18.81,2,-1,68.91,0.91,-4.27,6.89,18.73
650.00,0,,68.65,18.80,2,-1,69.13,0.85,-4.32,6.78,18.72
650.09,0,,68.87,18.77,2,-1,68.88,0.89,-4.38,6.76,18.82
650.18,0,,68.95,18.77,2,-1,68.72,0.92,-4.31,6.86,18.78
650.30,0,,68.84,18.79,0,1,68.45,0.93,-4.32,6.86,18.80
650.39,0,,68.75,18.80,0,1,69.33,0.91,-4.40,6.76,18.86
650.48,0,,68.91,18.83,0,1,69.27,0.87,-4.40,6.72,18.82
650.60,0,,69.13,18.84,0,2,69.13,0.91,-4.38,6.78,18.84
650.69,0,,69.21,18.85,0,2,69.16,0.98,-4.34,6.89,18.87
650.81,0,,69.19,18.85,0,2,69.09,0.89,-4.34,6.80,18.78
650.90,0,,69.15,18.82,0,2,69.17,0.77,-4.41,6.61,18.73
650.99,0,,69.14,18.79,0,2,69.13,0.86,-4.41,6.70,18.82
651.08,0,,69.11,18.79,0,2,68.94,0.95,-4.39,6.81,18.89
651.20,0,,69.01,18.83,0,1,68.76,0.87,-4.39,6.73,18.81
651.32,0,,68.88,18.82,1,0,68.80,0.69,-4.40,6.54,18.64
651.38,0,,68.84,18.74,2,-1,69.14,0.63,-4.42,6.46,18.60
651.50,0,,68.98,18.67,4,-2,69.39,0.75,-4.44,6.56,18.74
651.62,0,,69.13,18.69,2,-1,68.89,0.87,-4.43,6.69,18.85
651.68,0,,69.16,18.75,2,-1,69.26,0.80,-4.39,6.66,18.74
651.80,0,,69.15,18.77,1,0,69.11,0.68,-4.40,6.53,18.63
651.89,0,,69.09,18.73,1,0,68.69,0.73,-4.43,6.55,18.71
651.98,0,,68.90,18.69,0,1,68.55,0.71,-4.38,6.58,18.64
652.10,0,,68.80,18.67,1,0,69.42,0.69,-4.41,6.53,18.65
652.19,0,,68.95,18.67,1,0,69.16,0.70,-4.50,6.45,18.75
652.31,0,,69.12,18.68,0,1,69.04,0.58,-4.45,6.38,18.58
652.40,0,,69.13,18.66,0,1,69.00,0.62,-4.42,6.45,18.59
652.49,0,,69.07,18.63,0,1,68.97,0.71,-4.44,6.52,18.70
652.58,0,,69.00,18.62,2,-1,68.93,0.55,-4.43,6.37,18.53
652.70,0,,68.95,18.60,1,0,68.95,0.48,-4.54,6.19,18.57
652.82,0,,68.97,18.59,1,0,69.24,0.56,-4.57,6.24,18.68
652.88,0,,69.07,18.62,1,0,69.21,0.63,-4.48,6.40,18.66
653.06,0,,69.14,18.65,1,0,68.92,0.61,-4.48,6.38,18.64
653.09,0,,69.10,18.65,1,0,69.09,0.51,-4.51,6.25,18.57
653.18,0,,69.07,18.62,1,0,69.16,0.48,-4.53,6.20,18.56
653.30,0,,69.14,18.60,1,0,69.50,0.57,-4.56,6.26,18.68
653.39,0,,69.18,18.64,1,0,68.53,0.70,-4.55,6.40,18.80
653.48,0,,69.02,18.69,1,0,68.88,0.56,-4.48,6.33,18.59
653.63,0,,68.84,18.67,1,0,68.73,0.39,-4.52,6.12,18.46
653.69,0,,68.78,18.60,1,0,68.96,0.57,-4.57,6.25,18.69
653.81,0,,68.85,18.60,4,-2,69.13,0.65,-4.49,6.41,18.69
653.90,0,,68.97,18.64,2,-1,68.93,0.60,-4.46,6.39,18.61
653.99,0,,68.99,18.65,2,-1,68.82,0.55,-4.49,6.31,18.59
654.08,0,,68.98,18.62,1,0,69.23,0.46,-4.52,6.19,18.53
654.20,0,,69.00,18.59,1,0,68.81,0.56,-4.56,6.25,18.67
654.32,0,,68.96,18.62,1,0,68.85,0.67,-4.52,6.40,18.74
654.38,0,,68.94,18.67,1,0,69.22,0.58,-4.49,6.34,18.62
654.56,0,,68.96,18.67,1,0,68.67,0.48,-4.57,6.16,18.60
654.59,0,,68.96,18.64,1,0,69.26,0.51,-4.57,6.19,18.63
654.68,0,,69.02,18.64,1,0,69.08,0.62,-4.53,6.34,18.70
654.80,0,,69.11,18.68,0,1,69.25,0.67,-4.57,6.35,18.79
654.89,0,,69.11,18.72,0,1,68.64,0.55,-4.55,6.25,18.65
654.98,0,,69.03,18.71,0,1,69.31,0.50,-4.53,6.22,18.58
655.13,0,,69.01,18.67,1,0,68.88,0.65,-4.57,6.33,18.77
655.19,0,,68.99,18.71,1,0,68.87,0.79,-4.53,6.51,18.87
655.31,0,,68.93,18.77,1,0,68.94,0.69,-4.50,6.44,18.74
655.40,0,,68.93,18.78,1,0,69.08,0.59,-4.52,6.32,18.66
655.49,0,,68.95,18.74,1,0,68.78,0.66,-4.51,6.40,18.72
655.58,0,,68.96,18.73,1,0,69.25,0.78,-4.51,6.52,18.84
655.74,0,,69.05,18.79,1,0,69.16,0.85,-4.53,6.57,18.93
655.82,0,,69.13,18.86,1,0,69.07,0.73,-4.55,6.43,18.83
655.88,0,,69.09,18.85,1,0,68.74,0.59,-4.53,6.31,18.67
656.00,0,,68.98,18.80,1,0,69.09,0.72,-4.56,6.41,18.83
656.09,0,,68.96,18.80,1,0,69.09,0.89,-4.54,6.60,18.98
656.21,0,,69.04,18.85,1,0,69.20,0.74,-4.45,6.54,18.74
656.30,0,,69.10,18.83,1,0,69.00,0.67,-4.50,6.42,18.72
656.39,0,,69.12,18.80,1,0,69.23,0.79,-4.53,6.51,18.87
656.48,0,,69.18,18.80,0,1,69.40,0.82,-4.45,6.62,18.82
656.60,0,,69.21,18.84,0,1,68.86,0.93,-4.49,6.69,18.97
656.69,0,,69.12,18.91,1,0,68.97,0.93,-4.50,6.68,18.98
656.81,0,,69.00,18.93,1,0,68.93,0.82,-4.39,6.68,18.76
656.90,0,,68.86,18.89,1,0,68.32,0.91,-4.35,6.81,18.81
656.99,0,,68.70,18.85,2,-1,68.93,1.09,-4.34,7.00,18.98
657.08,0,,68.67,18.90,4,-2,68.69,1.13,-4.34,7.04,19.02
657.20,0,,68.72,18.97,4,-2,68.82,1.10,-4.35,7.00,19.00
657.35,0,,68.75,19.02,4,-2,68.69,1.19,-4.31,7.13,19.05
657.38,0,,68.82,19.06,4,-2,69.30,1.37,-4.25,7.37,19.17
657.50,0,,69.00,19.13,4,-2,69.17,1.47,-4.23,7.49,19.25
657.59,0,,69.14,19.19,2,-1,69.08,1.40,-4.23,7.42,19.18
657.68,0,,69.20,19.20,1,0,69.39,1.38,-4.17,7.46,19.10
657.80,0,,69.27,19.18,0,2,69.35,1.49,-4.13,7.61,19.17
657.89,0,,69.30,19.18,0,2,69.10,1.66,-4.09,7.82,19.30
658.07,0,,69.20,19.22,0,2,68.85,1.66,-4.04,7.87,19.25
658.10,0,,69.02,19.25,0,2,68.83,1.60,-4.05,7.80,19.20
658.19,0,,68.92,19.25,0,1,69.16,1.73,-4.05,7.93,19.33
658.31,0,,68.97,19.29,1,0,69.16,1.78,-4.04,7.99,19.37
658.40,0,,69.00,19.33,2,-1,68.52,1.72,-4.02,7.95,19.29
658.49,0,,68.90,19.33,1,0,68.96,1.62,-4.07,7.80,19.24
658.61,0,,68.80,19.28,4,-2,68.57,1.49,-4.14,7.60,19.18
658.70,0,,68.75,19.23,4,-2,68.92,1.49,-4.18,7.56,19.22
658.82,0,,68.78,19.22,4,-2,68.91,1.55,-4.19,7.61,19.29
658.88,0,,68.86,19.23,4,-2,68.90,1.46,-4.16,7.55,19.17
659.00,0,,68.88,19.21,2,-1,68.74,1.33,-4.19,7.39,19.07
659.09,0,,68.84,19.15,2,-1,68.79,1.29,-4.28,7.26,19.12
659.18,0,,68.80,19.10,2,-1,68.80,1.22,-4.23,7.24,19.00
659.30,0,,68.88,19.06,2,-1,69.49,1.27,-4.20,7.32,19.02
659.39,0,,69.07,19.04,2,-1,69.01,1.26,-4.31,7.20,19.12
659.48,0,,69.16,19.04,0,2,69.09,1.07,-4.32,7.00,18.94
659.60,0,,69.16,19.02,0,2,69.25,1.05,-4.34,6.96,18.94
659.69,0,,69.13,18.98,0,2,68.82,1.11,-4.37,6.99,19.03
659.81,0,,69.06,18.96,0,2,69.16,0.99,-4.29,6.95,18.83
659.90,0,,69.06,18.92,0,1,69.25,0.89,-4.37,6.77,18.81
659.99,0,,69.12,18.86,0,1,69.03,0.89,-4.46,6.68,18.90
660.11,0,,69.08,18.84,0,1,68.74,0.85,-4.38,6.72,18.78
660.20,0,,69.00,18.82,1,0,69.25,0.86,-4.36,6.75,18.77
660.32,0,,69.02,18.81,1,0,69.10,0.89,-4.50,6.64,18.94
660.38,0,,69.06,18.84,1,0,68.86,0.78,-4.50,6.53,18.83
660.50,0,,69.09,18.86,2,-1,69.59,0.81,-4.45,6.61,18.81
660.59,0,,69.19,18.87,1,0,69.02,0.98,-4.46,6.77,18.99
660.68,0,,69.20,18.89,0,1,68.95,0.89,-4.34,6.80,18.78
660.83,0,,69.10,18.86,0,1,69.11,0.81,-4.35,6.71,18.71
660.89,0,,69.01,18.81,0,1,68.73,0.91,-4.41,6.75,18.87
661.07,0,,68.90,18.80,1,0,68.79,0.94,-4.29,6.90,18.78
661.10,0,,68.79,18.82,2,-1,68.73,1.08,-4.27,7.06,18.90
661.19,0,,68.79,18.87,2,-1,69.11,1.15,-4.32,7.08,19.02
661.31,0,,68.88,18.93,1,0,68.87,1.06,-4.27,7.04,18.88
661.40,0,,68.93,18.96,2,-1,68.89,1.17,-4.23,7.19,18.95
661.49,0,,68.90,18.97,2,-1,68.71,1.35,-4.19,7.41,19.09
661.61,0,,68.86,19.02,2,-1,69.06,1.37,-4.14,7.48,19.06
661.70,0,,68.90,19.06,2,-1,68.96,1.34,-4.16,7.43,19.05
661.82,0,,68.95,19.08,2,-1,68.91,1.40,-4.17,7.48,19.12
661.88,0,,69.02,19.10,1,0,69.45,1.49,-4.09,7.65,19.13
662.00,0,,69.14,19.14,1,0,69.02,1.59,-4.09,7.75,19.23
662.09,0,,69.09,19.18,0,1,68.48,1.52,-4.14,7.63,19.21
662.18,0,,68.93,19.19,0,1,69.21,1.37,-4.11,7.51,19.03
662.30,0,,68.90,19.15,0,1,68.98,1.43,-4.16,7.52,19.14
662.39,0,,68.96,19.14,1,0,68.88,1.49,-4.23,7.51,19.27
662.48,0,,68.99,19.16,1,0,69.24,1.35,-4.17,7.43,19.07
662.60,0,,69.04,19.13,1,0,68.92,1.21,-4.20,7.26,18.96
662.69,0,,69.04,19.05,1,0,68.99,1.16,-4.27,7.14,18.98
662.81,0,,69.02,18.99,1,0,69.07,1.18,-4.24,7.19,18.97
662.90,0,,68.99,18.98,1,0,68.79,1.27,-4.25,7.27,19.07
662.99,0,,68.91,19.01,1,0,68.78,1.15,-4.28,7.12,18.98
663.08,0,,68.85,19.00,1,0,69.02,1.04,-4.31,6.98,18.90
663.23,0,,68.85,18.97,1,0,68.67,1.09,-4.32,7.02,18.96
663.35,0,,68.82,18.94,1,0,68.86,1.05,-4.29,7.01,18.89
663.38,0,,68.88,18.92,1,0,69.35,1.03,-4.34,6.94,18.92
663.50,0,,69.02,18.90,1,0,68.96,0.90,-4.38,6.77,18.83
663.59,0,,69.06,18.86,1,0,68.79,0.76,-4.40,6.61,18.71
663.68,0,,68.98,18.80,1,0,69.05,0.87,-4.39,6.73,18.81
663.80,0,,69.00,18.78,1,0,69.32,0.91,-4.40,6.76,18.86
663.89,0,,69.11,18.81,1,0,69.09,0.82,-4.45,6.62,18.82
664.07,0,,69.17,18.81,0,1,69.16,0.72,-4.44,6.53,18.71
664.13,0,,69.14,18.78,0,2,68.93,0.74,-4.44,6.55,18.73
664.19,0,,69.06,18.76,0,1,69.03,0.84,-4.46,6.63,18.85
664.31,0,,68.95,18.78,1,0,68.53,0.79,-4.40,6.64,18.74
664.40,0,,68.90,18.77,1,0,69.58,0.68,-4.43,6.50,18.66
664.49,0,,68.98,18.73,1,0,68.63,0.64,-4.50,6.39,18.69
664.61,0,,68.98,18.69,1,0,68.88,0.68,-4.45,6.48,18.68
664.70,0,,68.97,18.69,1,0,69.45,0.79,-4.43,6.61,18.77
664.82,0,,69.12,18.73,1,0,69.25,0.79,-4.51,6.53,18.85
664.88,0,,69.22,18.78,1,0,69.02,0.69,-4.50,6.44,18.74
665.00,0,,69.13,18.78,1,0,68.65,0.65,-4.48,6.42,18.68
665.09,0,,68.97,18.75,1,0,69.20,0.74,-4.50,6.49,18.79
665.21,0,,68.94,18.75,1,0,68.92,0.77,-4.48,6.54,18.80
665.30,0,,68.95,18.77,1,0,68.82,0.64,-4.51,6.38,18.70
665.42,0,,68.87,18.75,1,0,68.61,0.57,-4.54,6.28,18.66
665.48,0,,68.75,18.71,1,0,68.65,0.56,-4.52,6.29,18.63
665.60,0,,68.64,18.68,4,-2,68.54,0.65,-4.52,6.38,18.72
665.69,0,,68.62,18.67,4,-2,68.91,0.59,-4.51,6.33,18.65
665.81,0,,68.77,18.65,4,-2,69.32,0.42,-4.50,6.17,18.47
665.90,0,,69.03,18.58,2,-1,69.16,0.49,-4.51,6.23,18.55
665.99,0,,69.15,18.55,1,0,68.90,0.56,-4.50,6.31,18.61
666.11,0,,69.11,18.57,1,0,69.06,0.57,-4.53,6.29,18.65
666.20,0,,69.10,18.62,1,0,69.45,0.55,-4.59,6.21,18.69
666.38,0,,69.13,18.65,0,2,68.70,0.44,-4.57,6.12,18.56
666.38,0,,69.11,18.63,0,2,69.44,0.45,-4.50,6.20,18.50
666.50,0,,69.09,18.58,0,2,68.74,0.59,-4.51,6.33,18.65
666.59,0,,68.96,18.59,0,1,68.52,0.49,-4.56,6.18,18.60
666.68,0,,68.75,18.57,2,-1,68.71,0.31,-4.52,6.04,18.38
666.80,0,,68.72,18.52,1,0,69.26,0.41,-4.56,6.10,18.52
666.89,0,,68.88,18.51,1,0,68.93,0.52,-4.61,6.16,18.68
666.98,0,,69.03,18.56,2,-1,69.20,0.49,-4.54,6.20,18.58
667.10,0,,69.11,18.59,2,-1,69.07,0.42,-4.55,6.12,18.52
667.19,0,,69.12,18.57,1,0,69.03,0.37,-4.60,6.02,18.52
667.31,0,,69.12,18.55,0,1,69.34,0.42,-4.58,6.09,18.55
667.40,0,,69.18,18.56,0,1,69.24,0.56,-4.59,6.22,18.70
667.49,0,,69.19,18.62,0,1,68.87,0.52,-4.59,6.18,18.66
667.58,0,,69.02,18.63,0,1,68.47,0.32,-4.54,6.03,18.41
667.70,0,,68.87,18.56,1,0,69.48,0.38,-4.57,6.06,18.50
667.82,0,,68.96,18.53,1,0,69.08,0.53,-4.59,6.19,18.67
667.88,0,,69.15,18.57,2,-1,69.45,0.47,-4.58,6.14,18.60
668.00,0,,69.22,18.60,0,1,68.76,0.40,-4.62,6.03,18.57
668.09,0,,69.09,18.60,0,1,68.81,0.38,-4.61,6.02,18.54
668.18,0,,68.95,18.57,1,0,69.16,0.37,-4.58,6.04,18.50
668.30,0,,68.96,18.54,0,1,69.07,0.41,-4.57,6.09,18.53
668.39,0,,69.04,18.52,1,0,69.10,0.40,-4.57,6.08,18.52
668.48,0,,69.05,18.52,0,1,68.82,0.34,-4.59,6.00,18.48
668.60,0,,69.01,18.51,1,0,69.15,0.39,-4.61,6.03,18.55
668.69,0,,69.03,18.53,1,0,69.18,0.43,-4.59,6.09,18.57
668.81,0,,69.05,18.55,1,0,68.71,0.44,-4.58,6.11,18.57
668.90,0,,68.94,18.57,1,0,68.72,0.42,-4.60,6.07,18.57
668.99,0,,68.79,18.56,1,0,68.75,0.30,-4.59,5.96,18.44
669.08,0,,68.77,18.50,1,0,69.10,0.27,-4.55,5.97,18.37
669.20,0,,68.86,18.45,1,0,68.85,0.41,-4.57,6.09,18.53
669.32,0,,68.89,18.46,2,-1,68.65,0.39,-4.61,6.03,18.55
669.38,0,,68.85,18.49,2,-1,69.04,0.27,-4.59,5.93,18.41
669.50,0,,68.85,18.48,2,-1,68.74,0.29,-4.58,5.96,18.42
669.59,0,,68.84,18.45,2,-1,68.80,0.32,-4.57,6.00,18.44
669.74,0,,68.81,18.44,2,-1,68.83,0.32,-4.60,5.97,18.47
669.80,0,,68.82,18.45,2,-1,68.89,0.26,-4.64,5.87,18.45
669.89,0,,68.90,18.45,2,-1,69.30,0.23,-4.62,5.86,18.40
669.98,0,,69.09,18.45,2,-1,69.39,0.33,-4.65,5.93,18.53
670.10,0,,69.28,18.48,0,1,69.33,0.39,-4.64,6.00,18.58
670.19,0,,69.31,18.53,0,2,68.91,0.30,-4.62,5.93,18.47
670.31,0,,69.19,18.51,0,2,69.14,0.18,-4.64,5.79,18.37
670.40,0,,69.15,18.45,0,2,69.47,0.23,-4.61,5.87,18.39
670.49,0,,69.21,18.43,0,2,69.05,0.39,-4.64,6.00,18.58
670.58,0,,69.23,18.47,0,2,69.34,0.34,-4.63,5.96,18.52
670.70,0,,69.15,18.51,0,2,68.52,0.21,-4.65,5.81,18.41
670.82,0,,68.97,18.49,1,0,69.04,0.25,-4.69,5.81,18.49
670.91,0,,68.93,18.49,1,0,69.30,0.34,-4.68,5.91,18.57
671.00,0,,69.02,18.52,4,-2,68.86,0.36,-4.67,5.94,18.58
671.09,0,,69.05,18.55,2,-1,69.11,0.25,-4.65,5.85,18.45
671.18,0,,69.01,18.51,2,-1,68.75,0.13,-4.64,5.74,18.32
671.30,0,,68.94,18.42,2,-1,68.99,0.21,-4.62,5.84,18.38
671.39,0,,68.95,18.39,2,-1,69.22,0.31,-4.64,5.92,18.50
671.48,0,,69.02,18.42,2,-1,68.88,0.28,-4.64,5.89,18.47
671.63,0,,68.96,18.45,1,0,68.55,0.19,-4.64,5.80,18.38
671.69,0,,68.83,18.43,1,0,69.01,0.15,-4.67,5.73,18.37
671.81,0,,68.82,18.40,1,0,68.94,0.20,-4.64,5.81,18.39
671.90,0,,68.94,18.40,1,0,69.34,0.26,-4.67,5.84,18.48
671.99,0,,69.02,18.43,1,0,68.50,0.18,-4.70,5.73,18.43
672.08,0,,68.92,18.43,1,0,68.78,0.10,-4.66,5.69,18.31
672.20,0,,68.78,18.40,2,-1,68.81,0.20,-4.68,5.77,18.43
672.32,0,,68.77,18.41,2,-1,68.90,0.30,-4.69,5.86,18.54
672.38,0,,68.85,18.45,2,-1,69.10,0.20,-4.63,5.82,18.38
672.50,0,,68.96,18.44,2,-1,68.98,0.12,-4.66,5.71,18.33
672.59,0,,69.03,18.40,2,-1,69.07,0.19,-4.71,5.73,18.45
672.68,0,,69.09,18.41,2,-1,69.32,0.26,-4.68,5.83,18.49
672.80,0,,69.10,18.45,2,-1,68.63,0.30,-4.69,5.86,18.54
672.89,0,,68.99,18.49,0,1,68.93,0.20,-4.67,5.78,18.42
672.98,0,,68.84,18.46,1,0,68.59,0.08,-4.66,5.67,18.29
673.10,0,,68.74,18.40,1,0,68.75,0.17,-4.68,5.74,18.40
673.19,0,,68.71,18.38,2,-1,68.89,0.28,-4.65,5.88,18.48
673.31,0,,68.79,18.42,2,-1,68.95,0.25,-4.67,5.83,18.47
673.40,0,,68.86,18.45,2,-1,68.72,0.15,-4.71,5.69,18.41
673.49,0,,68.86,18.45,2,-1,68.93,0.18,-4.67,5.76,18.40
673.61,0,,68.90,18.44,2,-1,69.17,0.32,-4.65,5.92,18.52
673.70,0,,68.96,18.47,2,-1,68.68,0.32,-4.67,5.90,18.54
673.82,0,,68.98,18.51,1,0,69.34,0.24,-4.72,5.77,18.51
673.91,0,,69.03,18.52,1,0,68.88,0.19,-4.72,5.72,18.46
674.00,0,,68.98,18.49,0,1,68.54,0.20,-4.68,5.77,18.43
674.09,0,,68.82,18.47,1,0,68.83,0.34,-4.65,5.94,18.54
674.18,0,,68.78,18.48,1,0,69.14,0.29,-4.65,5.89,18.49
674.30,0,,68.93,18.49,1,0,69.18,0.17,-4.69,5.73,18.41
674.39,0,,69.01,18.47,1,0,68.58,0.28,-4.69,5.84,18.52
674.48,0,,68.90,18.49,1,0,68.62,0.35,-4.64,5.96,18.54
674.69,0,,68.70,18.52,1,0,68.52,0.32,-4.69,5.88,18.56
674.69,0,,68.65,18.55,1,0,69.19,0.24,-4.71,5.78,18.50
674.84,0,,68.76,18.53,2,-1,68.64,0.19,-4.67,5.77,18.41
674.90,0,,68.85,18.48,2,-1,69.02,0.21,-4.68,5.78,18.44
674.99,0,,68.89,18.46,1,0,68.87,0.27,-4.73,5.79,18.55
675.11,0,,68.95,18.49,1,0,69.12,0.24,-4.74,5.75,18.53
675.20,0,,68.97,18.51,1,0,68.78,0.14,-4.74,5.65,18.43
675.32,0,,68.94,18.51,1,0,68.90,0.25,-4.76,5.74,18.56
675.38,0,,68.85,18.53,1,0,68.53,0.34,-4.73,5.86,18.62
675.50,0,,68.77,18.56,1,0,69.08,0.27,-4.72,5.80,18.54
675.59,0,,68.84,18.57,1,0,69.05,0.24,-4.77,5.72,18.56
675.71,0,,68.92,18.56,1,0,68.68,0.23,-4.70,5.78,18.48
675.80,0,,68.96,18.54,1,0,69.39,0.33,-4.70,5.88,18.58
675.89,0,,69.04,18.55,1,0,68.94,0.38,-4.73,5.90,18.66
675.98,0,,69.14,18.58,1,0,69.51,0.28,-4.66,5.87,18.49
676.10,0,,69.19,18.57,1,0,68.78,0.26,-4.69,5.82,18.50
676.19,0,,69.06,18.52,0,2,68.58,0.22,-4.69,5.78,18.46
676.31,0,,68.82,18.48,1,0,68.73,0.29,-4.61,5.93,18.45
676.40,0,,68.73,18.48,1,0,69.03,0.38,-4.67,5.96,18.60
676.49,0,,68.83,18.52,2,-1,69.04,0.28,-4.74,5.79,18.57
676.58,0,,68.94,18.57,1,0,68.87,0.33,-4.68,5.90,18.56
676.70,0,,68.92,18.58,1,0,68.57,0.34,-4.66,5.93,18.55
676.82,0,,68.84,18.57,1,0,69.11,0.32,-4.68,5.89,18.55
676.88,0,,68.82,18.57,4,-2,68.55,0.33,-4.70,5.88,18.58
677.00,0,,68.76,18.56,2,-1,68.66,0.26,-4.71,5.80,18.52
677.09,0,,68.73,18.55,2,-1,69.09,0.31,-4.69,5.87,18.55
677.18,0,,68.82,18.56,1,0,68.83,0.42,-4.66,6.01,18.63
677.30,0,,68.92,18.59,1,0,69.09,0.45,-4.67,6.03,18.67
677.39,0,,69.02,18.64,1,0,69.21,0.38,-4.71,5.92,18.64
677.48,0,,69.07,18.64,1,0,68.72,0.30,-4.67,5.88,18.52
677.60,0,,69.01,18.61,0,1,69.07,0.39,-4.65,5.99,18.59
677.69,0,,68.94,18.59,0,1,68.76,0.46,-4.66,6.05,18.67
677.81,0,,68.84,18.60,0,1,68.56,0.33,-4.62,5.96,18.50
677.90,0,,68.77,18.57,0,1,69.12,0.28,-4.64,5.89,18.47
677.99,0,,68.85,18.54,1,0,69.08,0.39,-4.68,5.96,18.62
678.08,0,,69.01,18.56,1,0,69.16,0.49,-4.61,6.13,18.65
678.20,0,,69.13,18.61,1,0,69.19,0.43,-4.64,6.04,18.62
678.32,0,,69.16,18.64,1,0,69.01,0.35,-4.73,5.87,18.63
678.38,0,,69.13,18.63,1,0,69.13,0.33,-4.68,5.90,18.56
678.50,0,,69.09,18.61,0,1,69.04,0.40,-4.68,5.97,18.63
678.62,0,,69.05,18.62,0,1,68.90,0.41,-4.72,5.94,18.68
678.68,0,,69.03,18.63,0,1,69.30,0.30,-4.69,5.86,18.54
678.80,0,,69.11,18.61,0,1,69.24,0.31,-4.70,5.86,18.56
678.89,0,,69.20,18.59,0,1,69.24,0.37,-4.73,5.89,18.65
678.98,0,,69.24,18.59,0,1,69.14,0.35,-4.66,5.94,18.56
679.10,0,,69.14,18.59,0,1,68.64,0.29,-4.65,5.89,18.49
679.19,0,,68.95,18.55,0,1,68.84,0.24,-4.74,5.75,18.53
679.31,0,,68.81,18.52,0,1,68.82,0.22,-4.73,5.74,18.50
679.43,0,,68.82,18.52,2,-1,69.11,0.30,-4.70,5.85,18.55
679.49,0,,68.90,18.54,2,-1,68.78,0.37,-4.72,5.90,18.64
679.58,0,,68.93,18.58,2,-1,68.99,0.24,-4.78,5.71,18.57
679.70,0,,68.93,18.59,4,-2,68.94,0.15,-4.84,5.56,18.54
679.82,0,,68.99,18.58,2,-1,69.25,0.25,-4.82,5.68,18.62
679.88,0,,69.03,18.59,1,0,68.70,0.35,-4.75,5.85,18.65
680.06,0,,68.95,18.61,1,0,68.80,0.29,-4.73,5.81,18.57
680.09,0,,68.85,18.61,1,0,68.89,0.24,-4.79,5.70,18.58
680.24,0,,68.84,18.61,1,0,68.97,0.31,-4.79,5.77,18.65
680.30,0,,68.89,18.63,1,0,68.90,0.41,-4.75,5.91,18.71
680.42,0,,68.96,18.68,1,0,69.20,0.46,-4.78,5.93,18.79
680.57,0,,69.02,18.72,1,0,68.84,0.33,-4.75,5.83,18.63
680.60,0,,69.02,18.71,1,0,69.09,0.31,-4.74,5.82,18.60
680.69,0,,69.01,18.67,1,0,68.96,0.47,-4.73,5.99,18.75
680.84,0,,69.02,18.67,0,1,69.17,0.47,-4.64,6.08,18.66
680.90,0,,69.00,18.67,0,1,68.55,0.36,-4.68,5.93,18.59
680.99,0,,68.90,18.65,1,0,69.05,0.35,-4.73,5.87,18.63
681.08,0,,68.87,18.63,1,0,68.93,0.44,-4.68,6.01,18.67
681.20,0,,68.92,18.66,2,-1,69.02,0.54,-4.64,6.15,18.73
681.32,0,,68.96,18.71,2,-1,68.92,0.65,-4.58,6.32,18.78
681.38,0,,68.99,18.75,1,0,69.10,0.65,-4.54,6.36,18.74
681.50,0,,69.01,18.77,1,0,68.98,0.65,-4.57,6.33,18.77
681.59,0,,69.03,18.78,1,0,69.07,0.70,-4.59,6.36,18.84
681.68,0,,69.01,18.79,1,0,68.86,0.66,-4.54,6.37,18.75
681.80,0,,68.98,18.79,1,0,69.01,0.62,-4.59,6.28,18.76
681.89,0,,68.93,18.78,1,0,68.77,0.58,-4.67,6.16,18.80
682.07,0,,68.86,18.77,1,0,68.75,0.58,-4.59,6.24,18.72
682.10,0,,68.81,18.77,1,0,68.94,0.67,-4.62,6.30,18.84
682.19,0,,68.88,18.80,1,0,69.25,0.61,-4.70,6.16,18.86
682.31,0,,68.99,18.81,1,0,68.78,0.41,-4.66,6.00,18.62
682.40,0,,68.94,18.73,1,0,68.53,0.31,-4.68,5.88,18.54
682.49,0,,68.83,18.64,1,0,69.20,0.37,-4.71,5.91,18.63
682.58,0,,68.93,18.62,1,0,69.35,0.53,-4.69,6.09,18.77
682.70,0,,69.13,18.68,1,0,69.15,0.51,-4.71,6.05,18.77
682.82,0,,69.22,18.73,1,0,69.15,0.36,-4.75,5.86,18.66
682.88,0,,69.24,18.73,0,2,69.34,0.45,-4.72,5.98,18.72
683.00,0,,69.25,18.74,0,2,69.22,0.60,-4.69,6.16,18.84
683.12,0,,69.26,18.79,0,2,69.20,0.60,-4.71,6.14,18.86
683.18,0,,69.21,18.82,0,2,69.01,0.49,-4.67,6.07,18.71
683.30,0,,69.07,18.78,0,2,68.68,0.40,-4.65,6.00,18.60
683.39,0,,68.91,18.71,0,1,68.98,0.46,-4.72,5.99,18.73
683.48,0,,68.91,18.70,0,1,69.31,0.56,-4.70,6.11,18.81
683.60,0,,69.04,18.73,0,1,69.07,0.47,-4.66,6.06,18.68
683.69,0,,69.14,18.72,0,1,69.16,0.38,-4.68,5.95,18.61
683.81,0,,69.13,18.68,2,-1,68.89,0.46,-4.64,6.07,18.65
683.90,0,,69.09,18.66,2,-1,69.31,0.53,-4.61,6.17,18.69
683.99,0,,69.16,18.67,2,-1,69.44,0.53,-4.64,6.14,18.72
684.08,0,,69.27,18.69,1,0,69.11,0.43,-4.64,6.04,18.62
684.20,0,,69.24,18.66,0,1,68.96,0.33,-4.64,5.94,18.52
684.32,0,,69.15,18.61,0,1,69.33,0.37,-4.66,5.96,18.58
684.44,0,,69.14,18.59,0,1,69.11,0.51,-4.67,6.09,18.73
684.50,0,,69.16,18.63,0,1,69.19,0.44,-4.68,6.01,18.67
684.59,0,,69.13,18.65,1,0,68.83,0.30,-4.68,5.87,18.53
684.68,0,,69.05,18.61,0,1,69.18,0.29,-4.67,5.87,18.51
684.86,0,,69.05,18.55,1,0,69.11,0.34,-4.63,5.96,18.52
684.90,0,,69.07,18.53,1,0,68.96,0.36,-4.66,5.95,18.57
684.98,0,,69.04,18.53,1,0,68.98,0.25,-4.71,5.79,18.51
685.16,0,,69.04,18.52,1,0,69.25,0.21,-4.70,5.76,18.46
685.22,0,,69.13,18.51,2,-1,69.39,0.29,-4.70,5.84,18.54
685.31,0,,69.21,18.52,1,0,68.88,0.34,-4.67,5.92,18.56
685.40,0,,69.17,18.53,1,0,69.22,0.28,-4.65,5.88,18.48
685.49,0,,69.10,18.52,1,0,68.96,0.17,-4.72,5.70,18.44
685.58,0,,69.04,18.48,1,0,68.93,0.16,-4.73,5.68,18.44
685.70,0,,69.06,18.46,1,0,69.57,0.26,-4.67,5.84,18.48
685.82,0,,69.15,18.47,1,0,68.84,0.28,-4.72,5.81,18.55
685.88,0,,69.17,18.49,1,0,69.32,0.16,-4.74,5.67,18.45
686.00,0,,69.15,18.48,1,0,68.98,0.09,-4.69,5.65,18.33
686.09,0,,69.14,18.42,1,0,69.32,0.08,-4.71,5.62,18.34
686.21,0,,69.18,18.38,1,0,69.22,0.16,-4.77,5.64,18.48
686.30,0,,69.19,18.40,1,0,68.96,0.08,-4.78,5.55,18.41
686.39,0,,69.13,18.39,1,0,69.14,-0.11,-4.76,5.38,18.20
686.57,0,,69.02,18.34,1,0,68.60,0.02,-4.79,5.48,18.36
686.60,0,,68.83,18.32,1,0,68.50,0.11,-4.74,5.62,18.40
686.69,0,,68.72,18.34,4,-2,69.25,0.05,-4.69,5.61,18.29
686.81,0,,68.83,18.34,4,-2,68.98,-0.00,-4.78,5.47,18.33
686.90,0,,69.01,18.32,4,-2,69.21,-0.08,-4.78,5.39,18.25
686.99,0,,69.09,18.30,2,-1,68.89,0.03,-4.77,5.51,18.35
687.08,0,,69.06,18.33,2,-1,68.95,0.19,-4.78,5.66,18.52
687.20,0,,68.99,18.41,2,-1,68.97,0.11,-4.79,5.57,18.45
687.32,0,,68.96,18.45,1,0,68.98,-0.01,-4.82,5.42,18.36
687.38,0,,68.97,18.43,1,0,69.03,0.05,-4.81,5.49,18.41
687.50,0,,68.95,18.42,1,0,68.69,0.13,-4.79,5.59,18.47
687.59,0,,68.87,18.43,1,0,68.78,0.08,-4.80,5.53,18.43
687.68,0,,68.72,18.43,1,0,68.27,-0.02,-4.80,5.43,18.33
687.80,0,,68.60,18.38,2,-1,68.94,-0.09,-4.78,5.38,18.24
687.89,0,,68.60,18.32,2,-1,68.49,-0.02,-4.76,5.47,18.29
687.98,0,,68.66,18.31,2,-1,68.91,0.16,-4.78,5.63,18.49
688.10,0,,68.75,18.38,2,-1,68.93,0.13,-4.80,5.58,18.48
688.22,0,,68.93,18.44,2,-1,69.36,0.01,-4.80,5.46,18.36
688.31,0,,69.08,18.44,2,-1,68.89,0.11,-4.80,5.56,18.46
688.40,0,,69.08,18.46,2,-1,68.89,0.23,-4.80,5.68,18.58
688.49,0,,68.95,18.51,1,0,68.63,0.21,-4.75,5.71,18.51
688.61,0,,68.78,18.53,1,0,68.66,0.16,-4.74,5.67,18.45
688.70,0,,68.65,18.50,0,1,68.52,0.11,-4.78,5.58,18.44
688.82,0,,68.62,18.46,1,0,68.95,0.14,-4.76,5.63,18.45
688.88,0,,68.74,18.46,2,-1,69.03,0.26,-4.73,5.78,18.54
689.00,0,,68.93,18.48,2,-1,69.15,0.21,-4.73,5.73,18.49
689.09,0,,69.08,18.49,1,0,69.11,0.08,-4.74,5.59,18.37
689.18,0,,69.10,18.46,1,0,68.76,0.18,-4.77,5.66,18.50
689.30,0,,69.03,18.47,1,0,69.23,0.24,-4.76,5.73,18.55
689.39,0,,69.01,18.50,1,0,68.84,0.24,-4.72,5.77,18.51
689.60,0,,69.01,18.53,1,0,69.24,0.22,-4.76,5.71,18.53
689.66,0,,69.05,18.52,0,1,69.00,0.09,-4.81,5.53,18.45
689.69,0,,69.01,18.50,0,1,68.57,0.13,-4.79,5.59,18.47
689.81,0,,68.88,18.48,0,1,69.04,0.21,-4.75,5.71,18.51
689.93,0,,68.90,18.48,1,0,69.28,0.15,-4.78,5.62,18.48
689.99,0,,69.00,18.47,1,0,68.72,0.05,-4.77,5.53,18.37
690.08,0,,68.96,18.42,1,0,68.75,-0.00,-4.74,5.51,18.29
690.20,0,,68.92,18.37,0,1,69.38,0.04,-4.79,5.50,18.38
690.32,0,,69.03,18.36,0,1,69.10,0.13,-4.75,5.63,18.43
690.38,0,,69.08,18.38,1,0,68.70,0.11,-4.74,5.62,18.40
690.50,0,,68.92,18.40,1,0,68.49,-0.00,-4.79,5.46,18.34
690.59,0,,68.72,18.37,1,0,68.77,-0.01,-4.76,5.48,18.30
690.71,0,,68.65,18.35,2,-1,68.72,0.05,-4.76,5.54,18.36
690.83,0,,68.69,18.34,4,-2,68.82,0.04,-4.74,5.55,18.33
690.89,0,,68.75,18.33,1,0,68.78,-0.05,-4.75,5.45,18.25
691.07,0,,68.81,18.29,1,0,68.98,-0.14,-4.79,5.32,18.20
691.10,0,,68.85,18.25,1,0,68.69,-0.05,-4.80,5.40,18.30
691.19,0,,68.87,18.28,1,0,69.06,0.08,-4.82,5.51,18.45
691.31,0,,68.95,18.35,1,0,69.25,-0.01,-4.82,5.42,18.36
691.40,0,,69.06,18.38,1,0,68.91,-0.10,-4.82,5.33,18.27
691.49,0,,69.06,18.35,0,2,68.90,-0.02,-4.80,5.43,18.33
691.58,0,,69.00,18.34,0,2,69.08,0.10,-4.74,5.61,18.39
691.70,0,,68.96,18.35,0,2,68.77,0.13,-4.68,5.70,18.36
691.82,0,,68.88,18.36,0,1,68.67,0.08,-4.69,5.64,18.32
691.88,0,,68.81,18.36,1,0,69.04,0.06,-4.74,5.57,18.35
692.00,0,,68.89,18.36,1,0,69.25,0.14,-4.72,5.67,18.41
692.15,0,,69.03,18.39,1,0,68.89,0.25,-4.69,5.81,18.49
692.24,0,,69.07,18.44,1,0,69.15,0.20,-4.70,5.75,18.45
692.30,0,,69.06,18.45,1,0,68.92,0.07,-4.70,5.62,18.32
692.39,0,,68.99,18.41,1,0,68.73,0.08,-4.69,5.64,18.32
692.48,0,,68.89,18.37,1,0,69.02,0.24,-4.68,5.81,18.47
692.60,0,,68.95,18.40,0,1,69.42,0.29,-4.69,5.85,18.53
692.69,0,,69.13,18.46,0,1,69.20,0.19,-4.72,5.72,18.46
692.81,0,,69.21,18.49,0,1,68.90,0.19,-4.70,5.74,18.44
692.90,0,,69.13,18.47,0,1,69.12,0.24,-4.66,5.83,18.45
693.05,0,,69.05,18.46,0,1,68.92,0.29,-4.62,5.92,18.46
693.08,0,,69.03,18.45,0,1,69.24,0.22,-4.61,5.86,18.38
693.20,0,,69.06,18.41,0,1,69.02,0.10,-4.63,5.72,18.28
693.32,0,,69.09,18.35,0,1,69.12,0.15,-4.63,5.77,18.33
693.38,0,,69.10,18.32,0,1,69.11,0.18,-4.63,5.80,18.36
693.50,0,,69.10,18.34,0,1,69.04,0.19,-4.61,5.83,18.35
693.59,0,,69.10,18.35,0,1,69.24,0.17,-4.65,5.77,18.37
693.68,0,,69.05,18.35,0,1,68.47,0.04,-4.68,5.61,18.27
693.80,0,,68.94,18.31,1,0,69.30,-0.00,-4.65,5.60,18.20
693.89,0,,68.99,18.27,1,0,69.27,0.12,-4.67,5.70,18.34
693.98,0,,69.11,18.28,1,0,68.91,0.06,-4.71,5.60,18.32
694.10,0,,69.11,18.28,1,0,69.09,-0.14,-4.74,5.37,18.15
694.19,0,,69.05,18.24,1,0,68.89,-0.18,-4.76,5.31,18.13
694.31,0,,68.96,18.18,1,0,68.74,-0.12,-4.76,5.37,18.19
694.40,0,,68.83,18.17,1,0,68.68,-0.10,-4.77,5.38,18.22
694.49,0,,68.72,18.19,1,0,68.62,-0.15,-4.80,5.30,18.20
694.58,0,,68.66,18.20,2,-1,68.71,-0.24,-4.80,5.21,18.11
694.70,0,,68.69,18.17,4,-2,68.95,-0.23,-4.80,5.22,18.12
694.85,0,,68.81,18.14,4,-2,68.97,-0.15,-4.76,5.34,18.16
694.88,0,,68.95,18.14,2,-1,69.21,-0.14,-4.75,5.36,18.16
695.00,0,,69.09,18.15,2,-1,69.18,-0.20,-4.80,5.25,18.15
695.09,0,,69.15,18.15,2,-1,68.95,-0.23,-4.79,5.23,18.11
695.18,0,,69.06,18.14,0,2,68.75,-0.14,-4.75,5.36,18.16
695.30,0,,68.88,18.16,0,2,68.59,-0.05,-4.75,5.45,18.25
695.39,0,,68.74,18.19,0,1,68.94,-0.16,-4.75,5.34,18.14
695.57,0,,68.75,18.18,0,1,68.85,-0.26,-4.79,5.20,18.08
695.60,0,,68.79,18.14,2,-1,68.62,-0.20,-4.78,5.27,18.13
695.69,0,,68.73,18.13,2,-1,68.53,-0.10,-4.73,5.42,18.18
695.81,0,,68.69,18.15,2,-1,69.05,-0.09,-4.76,5.40,18.22
695.90,0,,68.72,18.19,2,-1,68.48,-0.16,-4.80,5.29,18.19
695.99,0,,68.76,18.20,2,-1,69.09,-0.15,-4.77,5.33,18.17
696.11,0,,68.83,18.21,2,-1,68.86,-0.04,-4.78,5.43,18.29
696.20,0,,68.92,18.24,2,-1,69.07,0.01,-4.72,5.54,18.28
696.32,0,,69.00,18.26,2,-1,69.09,-0.09,-4.73,5.43,18.19
696.38,0,,68.99,18.26,0,1,68.56,-0.14,-4.83,5.28,18.24
696.50,0,,68.88,18.25,1,0,68.91,-0.07,-4.79,5.39,18.27
696.59,0,,68.87,18.27,0,1,69.33,0.06,-4.76,5.55,18.37
696.68,0,,69.03,18.32,0,1,69.12,0.04,-4.76,5.53,18.35
696.80,0,,69.12,18.34,0,1,68.92,-0.10,-4.76,5.39,18.21
696.89,0,,69.04,18.31,0,1,68.73,-0.06,-4.81,5.38,18.30
696.98,0,,68.92,18.29,0,1,69.02,0.01,-4.76,5.50,18.32
697.10,0,,68.89,18.31,1,0,68.96,0.06,-4.76,5.55,18.37
697.19,0,,68.88,18.35,0,1,68.61,0.05,-4.83,5.47,18.43
697.31,0,,68.77,18.37,0,1,68.56,-0.10,-4.78,5.37,18.23
697.40,0,,68.69,18.34,2,-1,68.93,-0.06,-4.77,5.42,18.26
697.49,0,,68.75,18.31,4,-2,68.98,0.08,-4.78,5.55,18.41
697.61,0,,68.90,18.32,4,-2,69.11,0.03,-4.74,5.54,18.32
697.70,0,,68.93,18.34,2,-1,68.35,-0.06,-4.80,5.39,18.29
697.82,0,,68.78,18.32,2,-1,68.68,-0.08,-4.79,5.38,18.26
697.88,0,,68.65,18.30,2,-1,68.74,0.01,-4.73,5.53,18.29
698.00,0,,68.68,18.30,2,-1,68.90,0.05,-4.76,5.54,18.36
698.09,0,,68.81,18.31,1,0,69.12,-0.07,-4.80,5.38,18.28
698.18,0,,68.95,18.31,1,0,68.88,-0.12,-4.80,5.33,18.23
698.30,0,,68.99,18.28,1,0,68.96,-0.05,-4.80,5.40,18.30
698.39,0,,68.98,18.29,0,1,69.03,0.04,-4.81,5.48,18.40
698.57,0,,69.02,18.34,0,1,69.24,-0.02,-4.80,5.43,18.33
698.60,0,,69.03,18.35,0,1,68.57,-0.08,-4.79,5.38,18.26
698.69,0,,68.95,18.32,0,2,69.13,-0.04,-4.77,5.44,18.28
698.81,0,,69.05,18.30,0,2,69.89,-0.00,-4.76,5.49,18.31
698.90,0,,69.29,18.30,0,2,68.92,-0.01,-4.79,5.45,18.33
698.99,0,,69.31,18.30,0,2,69.07,-0.16,-4.80,5.29,18.19
699.11,0,,69.15,18.25,0,2,68.95,-0.24,-4.79,5.22,18.10
699.20,0,,69.01,18.18,1,0,68.83,-0.15,-4.78,5.32,18.18
699.32,0,,68.89,18.16,1,0,68.86,-0.11,-4.74,5.40,18.18
699.38,0,,68.87,18.16,1,0,69.05,-0.18,-4.75,5.32,18.12
699.50,0,,68.88,18.15,2,-1,68.68,-0.21,-4.81,5.23,18.15
699.59,0,,68.83,18.16,2,-1,68.70,-0.14,-4.80,5.31,18.21
699.68,0,,68.77,18.19,4,-2,68.85,-0.08,-4.76,5.41,18.23
699.80,0,,68.75,18.21,4,-2,68.65,-0.14,-4.79,5.32,18.20
699.89,0,,68.79,18.21,4,-2,69.20,-0.23,-4.84,5.18,18.16
700.07,0,,68.93,18.20,2,-1,69.04,-0.21,-4.84,5.20,18.18
700.10,0,,69.07,18.18,1,0,69.25,-0.15,-4.80,5.30,18.20
700.19,0,,69.07,18.18,1,0,68.42,-0.14,-4.76,5.35,18.17
700.31,0,,68.88,18.18,1,0,68.76,-0.22,-4.78,5.25,18.11
700.40,0,,68.74,18.14,1,0,68.86,-0.32,-4.81,5.12,18.04
700.49,0,,68.74,18.10,1,0,68.80,-0.29,-4.81,5.15,18.07
700.58,0,,68.82,18.08,1,0,69.13,-0.19,-4.78,5.28,18.14
700.70,0,,68.93,18.10,1,0,68.90,-0.19,-4.80,5.26,18.16
700.82,0,,68.93,18.12,1,0,68.57,-0.29,-4.79,5.17,18.05
700.91,0,,68.80,18.10,2,-1,68.69,-0.34,-4.79,5.12,18.00
701.00,0,,68.65,18.06,2,-1,68.40,-0.28,-4.81,5.16,18.08
701.09,0,,68.59,18.06,2,-1,68.97,-0.21,-4.80,5.24,18.14
701.18,0,,68.69,18.09,2,-1,68.88,-0.27,-4.80,5.18,18.08
701.30,0,,68.84,18.09,2,-1,68.97,-0.39,-4.81,5.05,17.97
701.39,0,,68.89,18.05,2,-1,68.60,-0.34,-4.79,5.12,18.00
701.48,0,,68.88,18.03,2,-1,69.18,-0.20,-4.79,5.26,18.14
701.60,0,,68.97,18.06,1,0,69.28,-0.22,-4.78,5.25,18.11
701.69,0,,69.07,18.09,1,0,68.71,-0.33,-4.77,5.15,17.99
701.81,0,,68.99,18.05,0,2,68.75,-0.36,-4.76,5.13,17.95
701.90,0,,68.78,18.01,0,2,68.30,-0.30,-4.78,5.17,18.03
701.99,0,,68.52,17.99,0,1,68.24,-0.30,-4.73,5.22,17.98
702.08,0,,68.37,17.98,2,-1,68.72,-0.40,-4.72,5.13,17.87
702.20,0,,68.50,17.95,4,-2,69.08,-0.39,-4.85,5.01,18.01
702.32,0,,68.73,17.97,4,-2,68.67,-0.33,-4.86,5.06,18.08
702.41,0,,68.86,18.01,2,-1,68.99,-0.33,-4.78,5.14,18.00
702.50,0,,68.90,18.04,2,-1,68.85,-0.31,-4.80,5.14,18.04
702.59,0,,68.91,18.03,2,-1,68.86,-0.41,-4.81,5.03,17.95
702.68,0,,68.84,17.99,2,-1,68.54,-0.49,-4.80,4.96,17.86
702.80,0,,68.72,17.94,0,1,68.66,-0.41,-4.84,5.00,17.98
702.89,0,,68.67,17.95,1,0,68.89,-0.33,-4.85,5.07,18.07
703.07,0,,68.76,18.00,1,0,69.02,-0.37,-4.83,5.05,18.01
703.10,0,,68.91,18.01,0,1,69.08,-0.51,-4.82,4.92,17.86
703.19,0,,69.02,17.96,0,1,68.96,-0.51,-4.84,4.90,17.88
703.31,0,,69.01,17.92,0,1,68.78,-0.41,-4.87,4.97,18.01
703.40,0,,68.96,17.94,0,1,69.13,-0.43,-4.88,4.94,18.00
703.49,0,,68.99,17.98,0,1,69.17,-0.45,-4.89,4.91,17.99
703.58,0,,69.04,18.00,0,2,68.79,-0.45,-4.89,4.91,17.99
703.70,0,,68.98,18.00,0,1,68.88,-0.43,-4.88,4.94,18.00
703.82,0,,68.91,18.01,0,1,68.92,-0.32,-4.84,5.09,18.07
703.88,0,,68.96,18.03,0,1,69.49,-0.36,-4.84,5.05,18.03
704.00,0,,69.15,18.04,1,0,69.25,-0.45,-4.86,4.94,17.96
704.09,0,,69.26,18.01,0,1,69.06,-0.40,-4.86,4.99,18.01
704.24,0,,69.18,18.00,0,1,68.79,-0.37,-4.82,5.06,18.00
704.30,0,,68.98,18.00,0,1,68.73,-0.35,-4.80,5.10,18.00
704.39,0,,68.83,18.00,0,1,68.94,-0.41,-4.83,5.01,17.97
704.48,0,,68.73,17.97,2,-1,68.24,-0.51,-4.83,4.91,17.87
704.60,0,,68.63,17.94,2,-1,68.93,-0.46,-4.84,4.95,17.93
704.69,0,,68.69,17.94,4,-2,69.09,-0.32,-4.85,5.08,18.08
704.81,0,,68.85,18.00,4,-2,68.79,-0.32,-4.86,5.07,18.09
704.90,0,,68.95,18.06,4,-2,69.12,-0.43,-4.90,4.92,18.02
704.99,0,,69.02,18.07,2,-1,69.08,-0.36,-4.86,5.03,18.05
705.08,0,,69.00,18.06,1,0,68.50,-0.28,-4.80,5.17,18.07
705.20,0,,68.91,18.07,1,0,69.26,-0.22,-4.78,5.25,18.11
705.32,0,,68.90,18.10,1,0,68.74,-0.15,-4.77,5.33,18.17
705.38,0,,68.88,18.14,1,0,68.71,-0.16,-4.77,5.32,18.16
705.50,0,,68.93,18.17,0,1,69.79,-0.05,-4.72,5.48,18.22
705.59,0,,69.13,18.21,0,1,68.87,0.10,-4.67,5.68,18.32
705.71,0,,69.18,18.25,0,1,68.98,0.02,-4.64,5.63,18.21
705.80,0,,69.07,18.26,0,1,68.93,0.05,-4.63,5.67,18.23
705.89,0,,69.01,18.27,0,1,69.24,0.18,-4.63,5.80,18.36
705.98,0,,68.98,18.30,0,1,68.50,0.21,-4.56,5.90,18.32
706.10,0,,68.89,18.33,1,0,69.06,0.24,-4.54,5.95,18.33
706.19,0,,68.89,18.34,1,0,69.14,0.25,-4.54,5.96,18.34
706.31,0,,68.94,18.34,2,-1,68.61,0.27,-4.51,6.01,18.33
706.40,0,,68.92,18.34,2,-1,69.12,0.31,-4.47,6.09,18.33
706.49,0,,68.92,18.34,2,-1,68.89,0.41,-4.43,6.23,18.39
706.58,0,,68.97,18.37,2,-1,69.10,0.47,-4.42,6.30,18.44
706.70,0,,68.98,18.39,1,0,68.80,0.38,-4.41,6.22,18.34
706.82,0,,68.89,18.38,1,0,68.47,0.37,-4.36,6.26,18.28
706.88,0,,68.75,18.34,1,0,68.97,0.43,-4.36,6.32,18.34
707.00,0,,68.75,18.32,1,0,68.88,0.43,-4.38,6.30,18.36
707.09,0,,68.79,18.32,1,0,68.59,0.29,-4.40,6.14,18.24
707.18,0,,68.74,18.28,2,-1,68.61,0.19,-4.43,6.01,18.17
707.30,0,,68.69,18.23,2,-1,68.92,0.18,-4.47,5.96,18.20
707.39,0,,68.76,18.19,2,-1,68.95,0.14,-4.50,5.89,18.19
707.48,0,,68.90,18.18,2,-1,69.11,0.07,-4.53,5.79,18.15
707.60,0,,68.98,18.16,1,0,68.80,-0.06,-4.57,5.62,18.06
707.72,0,,68.94,18.11,1,0,68.72,-0.14,-4.61,5.50,18.02
707.81,0,,68.84,18.06,1,0,68.90,-0.18,-4.66,5.41,18.03
707.90,0,,68.78,18.03,2,-1,68.59,-0.20,-4.67,5.38,18.02
707.99,0,,68.76,18.00,2,-1,69.04,-0.30,-4.64,5.31,17.89
708.11,0,,68.85,17.95,1,0,69.12,-0.39,-4.71,5.15,17.87
708.20,0,,68.95,17.90,1,0,68.66,-0.44,-4.76,5.05,17.87
708.32,0,,68.91,17.86,1,0,68.85,-0.49,-4.72,5.04,17.78
708.38,0,,68.83,17.83,2,-1,68.78,-0.46,-4.76,5.03,17.85
708.50,0,,68.82,17.82,2,-1,69.01,-0.53,-4.80,4.92,17.82
708.59,0,,68.91,17.82,1,0,69.16,-0.59,-4.81,4.85,17.77
708.68,0,,69.03,17.81,1,0,69.02,-0.51,-4.80,4.94,17.84
708.80,0,,69.07,17.81,1,0,69.00,-0.48,-4.73,5.04,17.80
708.89,0,,69.05,17.81,1,0,68.98,-0.52,-4.74,4.99,17.77
708.98,0,,68.99,17.78,1,0,68.83,-0.64,-4.77,4.84,17.68
709.10,0,,68.89,17.74,1,0,68.71,-0.62,-4.75,4.88,17.68
709.19,0,,68.79,17.70,1,0,68.72,-0.54,-4.74,4.97,17.75
709.31,0,,68.78,17.71,1,0,69.14,-0.60,-4.75,4.90,17.70
709.40,0,,68.93,17.70,1,0,69.33,-0.69,-4.79,4.77,17.65
709.49,0,,69.04,17.68,1,0,68.45,-0.75,-4.80,4.70,17.60
709.58,0,,68.91,17.64,1,0,68.73,-0.70,-4.75,4.80,17.60
709.70,0,,68.71,17.62,2,-1,68.48,-0.60,-4.71,4.94,17.66
709.82,0,,68.60,17.63,2,-1,68.71,-0.61,-4.75,4.89,17.69
709.91,0,,68.58,17.66,4,-2,68.62,-0.72,-4.81,4.72,17.64
710.00,0,,68.68,17.67,2,-1,69.17,-0.70,-4.78,4.77,17.63
710.09,0,,68.86,17.68,1,0,68.95,-0.58,-4.81,4.86,17.78
710.18,0,,68.95,17.72,1,0,68.68,-0.57,-4.82,4.86,17.80
710.30,0,,68.83,17.75,1,0,68.43,-0.68,-4.74,4.83,17.61
710.39,0,,68.71,17.72,1,0,69.09,-0.65,-4.77,4.83,17.67
710.57,0,,68.78,17.71,1,0,69.01,-0.47,-4.79,4.99,17.87
710.60,0,,68.95,17.78,0,1,69.18,-0.33,-4.73,5.19,17.95
710.69,0,,69.06,17.89,0,2,68.92,-0.29,-4.76,5.20,18.02
710.81,0,,69.04,17.97,0,2,68.79,-0.32,-4.72,5.21,17.95
710.90,0,,68.93,17.99,0,1,68.88,-0.23,-4.65,5.37,17.97
710.99,0,,68.92,18.02,0,1,69.36,0.02,-4.67,5.60,18.24
711.08,0,,69.00,18.11,1,0,68.65,0.09,-4.60,5.74,18.24
711.20,0,,68.92,18.19,0,1,68.62,0.05,-4.54,5.76,18.14
711.32,0,,68.75,18.21,1,0,68.65,0.09,-4.55,5.79,18.19
711.38,0,,68.63,18.20,1,0,68.49,0.15,-4.49,5.91,18.19
711.50,0,,68.66,18.21,4,-2,69.34,0.29,-4.46,6.08,18.30
711.59,0,,68.83,18.26,4,-2,68.75,0.30,-4.52,6.03,18.37
711.68,0,,68.92,18.31,2,-1,68.74,0.20,-4.53,5.92,18.28
711.80,0,,68.82,18.33,2,-1,68.55,0.29,-4.52,6.02,18.36
711.89,0,,68.69,18.34,2,-1,68.64,0.33,-4.50,6.08,18.38
711.98,0,,68.60,18.35,2,-1,68.52,0.21,-4.50,5.96,18.26
712.10,0,,68.56,18.32,2,-1,68.57,0.14,-4.52,5.87,18.21
712.19,0,,68.60,18.25,2,-1,68.96,0.08,-4.54,5.79,18.17
712.31,0,,68.75,18.21,1,0,68.97,0.09,-4.57,5.77,18.21
712.40,0,,68.85,18.20,1,0,68.58,0.16,-4.57,5.84,18.28
712.49,0,,68.83,18.22,1,0,68.94,0.05,-4.56,5.74,18.16
712.58,0,,68.88,18.21,1,0,69.28,-0.03,-4.62,5.60,18.14
712.70,0,,69.00,18.18,0,1,68.84,-0.02,-4.64,5.59,18.17
712.82,0,,69.02,18.16,0,2,68.93,-0.08,-4.63,5.54,18.10
712.88,0,,68.96,18.14,0,2,68.86,-0.07,-4.66,5.52,18.14
713.00,0,,68.85,18.13,0,2,68.50,-0.12,-4.67,5.46,18.10
713.09,0,,68.72,18.11,0,1,68.75,-0.23,-4.67,5.35,17.99
713.18,0,,68.76,18.07,1,0,69.47,-0.16,-4.66,5.43,18.05
713.30,0,,68.97,18.05,1,0,68.85,-0.05,-4.65,5.55,18.15
713.39,0,,69.04,18.09,1,0,68.83,-0.11,-4.67,5.47,18.11
713.57,0,,69.04,18.09,0,1,69.54,-0.27,-4.66,5.32,17.94
713.60,0,,69.13,18.04,0,1,68.89,-0.27,-4.65,5.33,17.93
713.69,0,,69.13,17.99,0,1,69.00,-0.17,-4.70,5.38,18.08
713.81,0,,69.03,18.01,0,1,68.91,-0.18,-4.69,5.38,18.06
713.90,0,,68.89,18.03,0,1,68.46,-0.26,-4.69,5.30,17.98
713.99,0,,68.78,18.02,0,1,69.20,-0.35,-4.71,5.19,17.91
714.08,0,,68.83,17.97,0,1,68.89,-0.32,-4.68,5.25,17.91
714.20,0,,68.95,17.93,0,1,69.16,-0.23,-4.64,5.38,17.96
714.32,0,,68.95,17.93,0,1,68.33,-0.31,-4.68,5.26,17.92
714.41,0,,68.80,17.92,0,1,68.82,-0.45,-4.73,5.07,17.83
714.50,0,,68.72,17.89,4,-2,68.91,-0.39,-4.72,5.14,17.88
714.59,0,,68.78,17.89,4,-2,68.90,-0.24,-4.69,5.32,18.00
714.68,0,,68.82,17.94,2,-1,68.62,-0.26,-4.71,5.28,18.00
714.83,0,,68.77,17.97,1,0,68.63,-0.40,-4.76,5.09,17.91
714.89,0,,68.68,17.96,2,-1,68.60,-0.45,-4.76,5.04,17.86
714.98,0,,68.64,17.93,2,-1,68.78,-0.32,-4.76,5.17,17.99
715.10,0,,68.68,17.94,2,-1,68.80,-0.21,-4.72,5.32,18.06
715.19,0,,68.74,17.98,2,-1,68.69,-0.32,-4.70,5.23,17.93
715.31,0,,68.79,17.98,2,-1,69.02,-0.39,-4.75,5.11,17.91
715.40,0,,68.87,17.96,1,0,68.93,-0.29,-4.75,5.21,18.01
715.49,0,,68.91,17.97,0,1,68.71,-0.26,-4.75,5.24,18.04
715.61,0,,68.89,18.00,0,1,69.05,-0.28,-4.72,5.25,17.99
715.70,0,,68.94,18.01,0,1,69.16,-0.30,-4.72,5.23,17.97
715.82,0,,69.04,18.00,0,2,69.04,-0.34,-4.76,5.15,17.97
715.91,0,,69.07,17.98,0,2,68.94,-0.32,-4.74,5.19,17.97
716.00,0,,69.06,17.98,0,2,69.23,-0.22,-4.70,5.33,18.03
716.09,0,,69.03,18.00,0,2,68.63,-0.25,-4.71,5.29,18.01
716.18,0,,68.89,18.01,0,1,68.64,-0.34,-4.74,5.17,17.95
716.30,0,,68.79,18.01,1,0,69.17,-0.24,-4.74,5.27,18.05
716.39,0,,68.89,18.03,1,0,69.13,-0.13,-4.73,5.39,18.15
716.48,0,,68.92,18.08,1,0,68.15,-0.19,-4.72,5.34,18.08
716.60,0,,68.77,18.09,2,-1,69.03,-0.30,-4.72,5.23,17.97
716.69,0,,68.74,18.05,2,-1,68.95,-0.32,-4.76,5.17,17.99
716.81,0,,68.82,18.01,4,-2,68.70,-0.27,-4.75,5.23,18.03
716.90,0,,68.88,18.01,2,-1,69.18,-0.18,-4.71,5.36,18.08
716.99,0,,68.92,18.05,1,0,68.69,-0.23,-4.75,5.27,18.07
717.11,0,,68.91,18.06,1,0,68.95,-0.31,-4.76,5.18,18.00
717.20,0,,68.85,18.05,1,0,68.65,-0.24,-4.75,5.26,18.06
717.32,0,,68.80,18.06,1,0,68.86,-0.19,-4.76,5.30,18.12
717.41,0,,68.78,18.07,1,0,68.80,-0.24,-4.69,5.32,18.00
717.50,0,,68.81,18.06,1,0,68.95,-0.27,-4.74,5.24,18.02
717.59,0,,68.84,18.04,1,0,68.68,-0.31,-4.82,5.12,18.06
717.68,0,,68.81,18.04,2,-1,68.75,-0.30,-4.78,5.17,18.03
717.80,0,,68.81,18.06,2,-1,69.17,-0.19,-4.78,5.28,18.14
717.89,0,,68.92,18.09,1,0,68.92,-0.23,-4.83,5.19,18.15
717.98,0,,68.95,18.11,1,0,68.68,-0.33,-4.80,5.12,18.02
718.10,0,,68.85,18.09,1,0,68.70,-0.34,-4.79,5.12,18.00
718.19,0,,68.76,18.05,1,0,68.85,-0.30,-4.79,5.16,18.04
718.31,0,,68.78,18.03,1,0,68.95,-0.28,-4.75,5.22,18.02
718.40,0,,68.88,18.03,1,0,69.10,-0.32,-4.82,5.11,18.05
718.51,0,,69.01,18.03,1,0,69.18,-0.38,-4.86,5.01,18.03
718.58,0,,69.05,18.03,1,0,68.56,-0.39,-4.82,5.04,17.98
718.70,0,,68.95,18.02,1,0,69.06,-0.32,-4.83,5.10,18.06
718.82,0,,68.88,18.03,1,0,68.82,-0.34,-4.85,5.06,18.06
718.88,0,,68.88,18.03,1,0,68.99,-0.45,-4.83,4.97,17.93
719.00,0,,68.88,18.02,1,0,68.75,-0.41,-4.90,4.94,18.04
719.09,0,,68.92,18.02,1,0,69.35,-0.34,-4.91,5.00,18.12
719.18,0,,69.04,18.05,1,0,69.04,-0.39,-4.80,5.06,17.96
719.30,0,,69.07,18.03,1,0,68.74,-0.44,-4.87,4.94,17.98
719.39,0,,68.91,18.00,1,0,68.49,-0.49,-4.94,4.82,18.00
719.48,0,,68.72,17.98,1,0,68.79,-0.50,-4.87,4.88,17.92
719.60,0,,68.67,17.97,2,-1,68.80,-0.38,-4.89,4.98,18.06
719.69,0,,68.73,18.00,2,-1,68.86,-0.41,-4.93,4.91,18.07
719.81,0,,68.88,18.02,1,0,69.45,-0.58,-4.90,4.77,17.87
719.90,0,,69.09,17.98,1,0,69.01,-0.55,-4.90,4.80,17.90
719.99,0,,69.17,17.93,1,0,69.10,-0.49,-4.88,4.88,17.94
720.14,0,,69.10,17.92,1,0,68.73,-0.49,-4.83,4.93,17.89
720.20,0,,68.93,17.91,1,0,68.69,-0.49,-4.88,4.88,17.94
720.32,0,,68.80,17.92,1,0,68.98,-0.56,-4.96,4.73,17.95
720.41,0,,68.84,17.94,1,0,69.10,-0.55,-4.92,4.78,17.92
720.50,0,,68.96,17.95,1,0,69.05,-0.45,-4.87,4.93,17.97
720.59,0,,69.00,17.96,1,0,68.64,-0.47,-4.90,4.88,17.98
720.68,0,,68.88,17.95,1,0,68.69,-0.62,-4.91,4.72,17.84
720.80,0,,68.79,17.92,1,0,69.09,-0.57,-4.95,4.73,17.93
720.89,0,,68.85,17.93,1,0,68.94,-0.43,-4.95,4.87,18.07
720.98,0,,68.97,17.97,1,0,69.18,-0.48,-4.83,4.94,17.90
721.10,0,,69.09,17.97,1,0,69.25,-0.47,-4.86,4.92,17.94
721.19,0,,69.18,17.97,1,0,69.11,-0.43,-4.92,4.90,18.04
721.34,0,,69.16,17.99,1,0,68.94,-0.41,-4.85,4.99,17.99
721.40,0,,69.09,18.01,1,0,69.11,-0.31,-4.77,5.17,18.01
721.49,0,,69.06,18.02,0,1,69.14,-0.28,-4.74,5.23,18.01
721.64,0,,69.10,18.01,0,1,69.16,-0.34,-4.73,5.18,17.94
721.70,0,,69.13,17.99,0,1,69.11,-0.28,-4.74,5.23,18.01
721.82,0,,69.12,18.01,0,1,69.01,-0.16,-4.77,5.32,18.16
721.88,0,,69.10,18.07,1,0,69.23,-0.15,-4.69,5.41,18.09
722.00,0,,69.10,18.11,0,1,68.98,-0.12,-4.67,5.46,18.10
722.09,0,,69.08,18.13,0,1,69.07,-0.11,-4.71,5.43,18.15
722.18,0,,69.06,18.13,0,1,69.05,-0.09,-4.63,5.53,18.09
722.30,0,,69.04,18.14,0,1,69.00,0.04,-4.63,5.66,18.22
722.39,0,,69.08,18.17,0,1,69.45,0.09,-4.61,5.73,18.25
722.48,0,,69.14,18.20,0,1,68.77,-0.00,-4.54,5.71,18.09
722.60,0,,69.08,18.18,1,0,68.98,0.01,-4.58,5.68,18.14
722.69,0,,69.00,18.16,1,0,69.17,0.12,-4.55,5.82,18.22
722.81,0,,69.02,18.18,1,0,68.98,0.22,-4.43,6.04,18.20
722.90,0,,69.00,18.20,1,0,68.79,0.26,-4.43,6.08,18.24
722.99,0,,68.93,18.22,1,0,68.96,0.20,-4.43,6.02,18.18
723.08,0,,68.98,18.21,1,0,69.51,0.23,-4.38,6.10,18.16
723.20,0,,69.09,18.21,2,-1,68.68,0.36,-4.43,6.18,18.34
723.32,0,,69.06,18.26,1,0,69.02,0.41,-4.41,6.25,18.37
723.38,0,,68.94,18.31,1,0,68.70,0.34,-4.32,6.27,18.21
723.50,0,,68.81,18.30,2,-1,68.55,0.30,-4.37,6.18,18.22
723.59,0,,68.71,18.26,2,-1,68.95,0.34,-4.32,6.27,18.21
723.68,0,,68.78,18.22,2,-1,69.10,0.40,-4.22,6.43,18.17
723.80,0,,68.96,18.20,2,-1,69.21,0.40,-4.32,6.33,18.27
723.89,0,,69.06,18.21,2,-1,68.69,0.26,-4.40,6.11,18.21
723.98,0,,68.99,18.20,2,-1,68.89,0.10,-4.38,5.97,18.03
724.10,0,,68.88,18.13,2,-1,68.84,0.08,-4.41,5.92,18.04
724.19,0,,68.82,18.07,2,-1,68.67,0.06,-4.43,5.88,18.04
724.31,0,,68.72,18.02,2,-1,68.51,-0.07,-4.42,5.76,17.90
724.40,0,,68.57,17.96,2,-1,68.25,-0.17,-4.46,5.62,17.84
724.49,0,,68.50,17.89,2,-1,69.08,-0.21,-4.49,5.55,17.83
724.58,0,,68.63,17.86,2,-1,68.69,-0.16,-4.53,5.56,17.92
724.70,0,,68.75,17.88,2,-1,68.74,-0.15,-4.56,5.54,17.96
724.82,0,,68.82,17.91,2,-1,69.10,-0.26,-4.57,5.42,17.86
724.97,0,,68.95,17.91,2,-1,69.14,-0.31,-4.61,5.33,17.85
725.00,0,,69.03,17.87,2,-1,68.74,-0.38,-4.60,5.27,17.77
725.09,0,,68.99,17.82,0,2,69.06,-0.39,-4.63,5.23,17.79
725.18,0,,68.94,17.80,0,2,68.75,-0.37,-4.65,5.23,17.83
725.30,0,,68.88,17.78,0,2,68.87,-0.53,-4.63,5.09,17.65
725.39,0,,68.85,17.73,0,2,68.94,-0.61,-4.67,4.97,17.61
725.48,0,,68.89,17.67,0,1,69.03,-0.53,-4.69,5.03,17.71
725.60,0,,68.94,17.67,0,1,68.86,-0.47,-4.70,5.08,17.78
725.69,0,,68.93,17.72,1,0,68.78,-0.56,-4.73,4.96,17.72
725.81,0,,68.87,17.72,1,0,68.91,-0.71,-4.76,4.78,17.60
725.90,0,,68.87,17.68,1,0,68.99,-0.70,-4.78,4.77,17.63
725.99,0,,68.89,17.65,1,0,68.75,-0.63,-4.73,4.89,17.65
726.08,0,,68.83,17.64,1,0,68.54,-0.61,-4.68,4.96,17.62
726.20,0,,68.71,17.63,2,-1,68.75,-0.67,-4.71,4.87,17.59
726.32,0,,68.71,17.61,2,-1,69.00,-0.72,-4.75,4.78,17.58
726.38,0,,68.78,17.60,2,-1,68.68,-0.65,-4.78,4.82,17.68
726.50,0,,68.82,17.64,2,-1,68.92,-0.56,-4.76,4.93,17.75
726.59,0,,68.86,17.70,2,-1,68.93,-0.55,-4.76,4.94,17.76
726.68,0,,68.90,17.75,2,-1,68.92,-0.62,-4.79,4.84,17.72
726.80,0,,68.88,17.75,2,-1,68.57,-0.66,-4.76,4.83,17.65
726.89,0,,68.79,17.72,1,0,68.79,-0.58,-4.74,4.93,17.71
726.98,0,,68.77,17.72,1,0,69.06,-0.43,-4.71,5.11,17.83
727.13,0,,68.88,17.76,1,0,69.03,-0.44,-4.71,5.10,17.82
727.19,0,,68.98,17.80,1,0,68.97,-0.53,-4.76,4.96,17.78
727.31,0,,69.02,17.82,0,1,69.06,-0.48,-4.78,4.99,17.85
727.40,0,,69.03,17.84,0,1,69.00,-0.38,-4.76,5.11,17.93
727.49,0,,69.01,17.89,0,1,68.88,-0.32,-4.69,5.24,17.92
727.58,0,,68.94,17.91,1,0,68.78,-0.42,-4.72,5.11,17.85
727.70,0,,68.81,17.89,1,0,68.48,-0.49,-4.74,5.02,17.80
727.82,0,,68.69,17.86,1,0,68.87,-0.39,-4.71,5.15,17.87
727.88,0,,68.73,17.86,1,0,69.09,-0.30,-4.71,5.24,17.96
728.00,0,,68.90,17.91,2,-1,69.07,-0.27,-4.75,5.23,18.03
728.09,0,,69.04,17.97,1,0,69.07,-0.34,-4.74,5.17,17.95
728.18,0,,69.08,17.98,1,0,68.97,-0.39,-4.72,5.14,17.88
728.30,0,,69.00,17.96,1,0,68.58,-0.31,-4.75,5.19,17.99
728.39,0,,68.87,17.96,1,0,69.06,-0.21,-4.70,5.34,18.04
728.48,0,,68.83,17.99,1,0,68.75,-0.27,-4.71,5.27,17.99
728.60,0,,68.83,18.00,1,0,68.85,-0.39,-4.76,5.10,17.92
728.69,0,,68.86,17.97,1,0,69.07,-0.35,-4.72,5.18,17.92
728.84,0,,68.92,17.95,1,0,68.88,-0.22,-4.70,5.33,18.03
728.90,0,,68.95,17.98,1,0,68.97,-0.24,-4.70,5.31,18.01
728.99,0,,68.98,17.99,1,0,69.16,-0.33,-4.71,5.21,17.93
729.08,0,,69.00,17.98,1,0,68.75,-0.35,-4.76,5.14,17.96
729.20,0,,69.00,17.97,1,0,69.30,-0.31,-4.76,5.18,18.00
729.32,0,,69.01,17.99,1,0,68.70,-0.19,-4.71,5.35,18.07
729.38,0,,68.95,18.02,1,0,68.89,-0.25,-4.70,5.30,18.00
729.50,0,,68.83,18.02,1,0,68.53,-0.36,-4.72,5.17,17.91
729.59,0,,68.66,17.98,1,0,68.32,-0.27,-4.68,5.30,17.96
729.68,0,,68.57,17.96,4,-2,69.13,-0.19,-4.64,5.42,18.00
729.80,0,,68.74,17.99,4,-2,69.17,-0.16,-4.73,5.36,18.12
729.89,0,,69.05,18.04,1,0,69.47,-0.28,-4.74,5.23,18.01
729.98,0,,69.27,18.03,1,0,69.16,-0.36,-4.67,5.22,17.86
730.10,0,,69.29,17.98,1,0,68.97,-0.22,-4.71,5.32,18.04
730.19,0,,69.10,17.98,0,1,68.54,-0.19,-4.71,5.35,18.07
730.31,0,,68.90,18.00,1,0,69.24,-0.32,-4.69,5.24,17.92
730.40,0,,68.91,17.98,1,0,69.08,-0.39,-4.72,5.14,17.88
730.49,0,,69.03,17.94,1,0,69.11,-0.35,-4.74,5.16,17.94
730.58,0,,69.08,17.92,0,1,68.98,-0.32,-4.71,5.22,17.94
730.73,0,,69.07,17.92,1,0,69.03,-0.32,-4.68,5.25,17.91
730.82,0,,69.03,17.93,1,0,69.00,-0.39,-4.73,5.13,17.89
730.88,0,,68.95,17.90,1,0,68.56,-0.49,-4.75,5.01,17.81
731.00,0,,68.82,17.87,1,0,68.85,-0.43,-4.73,5.09,17.85
731.09,0,,68.80,17.86,2,-1,69.12,-0.34,-4.74,5.17,17.95
731.18,0,,68.91,17.88,2,-1,69.03,-0.42,-4.73,5.10,17.86
731.30,0,,68.97,17.87,2,-1,68.68,-0.51,-4.70,5.04,17.74
731.39,0,,68.86,17.82,2,-1,68.54,-0.54,-4.74,4.97,17.75
731.48,0,,68.71,17.78,2,-1,68.75,-0.50,-4.78,4.97,17.83
731.63,0,,68.71,17.79,4,-2,69.12,-0.43,-4.73,5.09,17.85
731.69,0,,68.85,17.81,1,0,68.87,-0.51,-4.72,5.02,17.76
731.81,0,,68.98,17.81,2,-1,69.22,-0.58,-4.78,4.89,17.75
731.90,0,,69.03,17.78,0,1,68.75,-0.56,-4.77,4.92,17.76
731.99,0,,68.98,17.76,0,1,68.91,-0.56,-4.72,4.97,17.71
732.08,0,,68.93,17.74,1,0,69.05,-0.51,-4.73,5.01,17.77
732.20,0,,68.95,17.75,1,0,69.00,-0.56,-4.79,4.90,17.78
732.32,0,,68.99,17.76,0,1,68.95,-0.64,-4.79,4.82,17.70
732.38,0,,68.98,17.74,0,1,68.94,-0.63,-4.76,4.86,17.68
732.50,0,,68.95,17.72,0,1,68.86,-0.54,-4.76,4.95,17.77
732.59,0,,68.89,17.73,1,0,68.77,-0.53,-4.76,4.96,17.78
732.68,0,,68.85,17.74,1,0,68.93,-0.66,-4.73,4.86,17.62
732.80,0,,68.90,17.71,1,0,69.21,-0.65,-4.73,4.87,17.63
732.89,0,,69.00,17.67,1,0,68.91,-0.57,-4.76,4.92,17.74
732.98,0,,68.97,17.68,1,0,68.51,-0.60,-4.75,4.90,17.70
733.10,0,,68.81,17.70,1,0,68.78,-0.65,-4.80,4.80,17.70
733.19,0,,68.70,17.71,2,-1,68.64,-0.72,-4.86,4.67,17.69
733.31,0,,68.67,17.70,2,-1,68.76,-0.74,-4.82,4.69,17.63
733.40,0,,68.70,17.68,2,-1,68.80,-0.64,-4.80,4.81,17.71
733.49,0,,68.82,17.68,2,-1,69.31,-0.63,-4.82,4.80,17.74
733.61,0,,68.95,17.70,1,0,68.59,-0.75,-4.82,4.68,17.62
733.70,0,,68.92,17.68,1,0,68.85,-0.76,-4.86,4.63,17.65
733.85,0,,68.82,17.68,1,0,68.65,-0.66,-4.87,4.72,17.76
733.88,0,,68.79,17.71,1,0,69.10,-0.61,-4.80,4.84,17.74
734.00,0,,68.88,17.73,1,0,69.05,-0.66,-4.81,4.78,17.70
734.09,0,,68.95,17.73,1,0,68.68,-0.71,-4.86,4.68,17.70
734.18,0,,68.86,17.71,0,1,68.55,-0.71,-4.79,4.75,17.63
734.30,0,,68.71,17.68,1,0,68.69,-0.62,-4.78,4.85,17.71
734.39,0,,68.60,17.69,2,-1,68.37,-0.59,-4.83,4.83,17.79
734.48,0,,68.59,17.73,2,-1,69.16,-0.67,-4.83,4.75,17.71
734.63,0,,68.73,17.75,2,-1,68.76,-0.66,-4.87,4.72,17.76
734.69,0,,68.86,17.77,2,-1,68.94,-0.59,-4.89,4.77,17.85
734.81,0,,68.91,17.80,2,-1,68.90,-0.52,-4.82,4.91,17.85
734.90,0,,68.94,17.83,2,-1,69.08,-0.57,-4.82,4.86,17.80
734.99,0,,68.93,17.81,1,0,68.55,-0.70,-4.84,4.71,17.69
735.08,0,,68.88,17.76,1,0,69.15,-0.71,-4.82,4.72,17.66
735.20,0,,68.94,17.71,0,1,69.21,-0.65,-4.85,4.75,17.75
735.32,0,,69.06,17.71,0,2,69.02,-0.60,-4.85,4.80,17.80
735.38,0,,69.07,17.75,0,2,68.83,-0.66,-4.84,4.75,17.73
735.50,0,,68.95,17.76,0,1,68.64,-0.71,-4.88,4.66,17.72
735.62,0,,68.80,17.74,1,0,68.82,-0.74,-4.87,4.64,17.68
735.68,0,,68.79,17.71,1,0,69.12,-0.76,-4.84,4.65,17.63
735.80,0,,68.96,17.68,1,0,69.41,-0.75,-4.88,4.62,17.68
735.89,0,,69.13,17.67,1,0,68.89,-0.82,-4.93,4.50,17.66
735.98,0,,69.18,17.66,0,1,69.29,-0.88,-4.93,4.44,17.60
736.10,0,,69.15,17.65,0,1,68.98,-0.85,-4.99,4.41,17.69
736.19,0,,69.07,17.67,0,1,68.75,-0.82,-4.99,4.44,17.72
736.34,0,,68.92,17.66,1,0,68.88,-0.94,-4.87,4.44,17.48
736.43,0,,68.84,17.61,0,1,68.85,-0.97,-4.96,4.32,17.54
736.49,0,,68.81,17.57,1,0,68.74,-0.90,-5.03,4.32,17.68
736.58,0,,68.84,17.59,0,1,69.16,-0.90,-4.96,4.39,17.61
736.70,0,,68.90,17.62,0,1,68.77,-0.85,-4.92,4.48,17.62
736.82,0,,68.90,17.63,0,1,68.70,-0.89,-4.92,4.44,17.58
736.88,0,,68.89,17.60,2,-1,69.36,-0.98,-4.91,4.36,17.48
737.00,0,,69.04,17.57,1,0,69.29,-0.85,-4.96,4.44,17.66
737.09,0,,69.14,17.60,1,0,68.66,-0.73,-4.96,4.56,17.78
737.18,0,,69.03,17.67,0,1,68.92,-0.81,-4.88,4.56,17.62
737.30,0,,68.92,17.69,0,1,68.97,-0.86,-4.94,4.45,17.63
737.39,0,,68.89,17.68,1,0,68.80,-0.79,-4.98,4.48,17.74
737.48,0,,68.84,17.68,1,0,68.71,-0.78,-4.89,4.58,17.66
737.60,0,,68.81,17.70,1,0,68.99,-0.71,-4.95,4.59,17.79
737.69,0,,68.87,17.75,1,0,69.07,-0.68,-4.99,4.58,17.86
737.81,0,,68.98,17.79,1,0,69.05,-0.79,-4.95,4.51,17.71
737.90,0,,69.02,17.77,1,0,68.81,-0.83,-4.89,4.53,17.61
737.99,0,,68.98,17.70,1,0,69.05,-0.77,-4.83,4.65,17.61
738.08,0,,68.92,17.65,1,0,68.57,-0.70,-4.88,4.67,17.73
738.20,0,,68.80,17.67,1,0,68.75,-0.74,-4.93,4.58,17.74
738.32,0,,68.78,17.71,1,0,69.23,-0.80,-4.96,4.49,17.71
738.38,0,,68.92,17.73,1,0,69.04,-0.75,-4.96,4.54,17.76
738.50,0,,69.01,17.76,1,0,68.72,-0.64,-4.91,4.70,17.82
738.59,0,,68.98,17.79,1,0,69.15,-0.71,-4.93,4.61,17.77
738.68,0,,68.96,17.77,1,0,68.79,-0.86,-4.92,4.47,17.61
738.80,0,,68.90,17.72,1,0,68.69,-0.79,-4.93,4.53,17.69
738.89,0,,68.87,17.69,1,0,69.37,-0.69,-4.93,4.63,17.79
738.98,0,,69.02,17.72,1,0,69.21,-0.73,-4.89,4.63,17.71
739.10,0,,69.20,17.74,1,0,69.33,-0.76,-4.97,4.52,17.76
739.22,0,,69.28,17.76,1,0,69.17,-0.78,-5.03,4.44,17.80
739.31,0,,69.24,17.76,0,2,68.94,-0.82,-4.90,4.53,17.63
739.40,0,,69.13,17.73,1,0,69.21,-0.70,-4.88,4.67,17.73
739.49,0,,69.11,17.72,1,0,69.18,-0.67,-4.96,4.62,17.84
739.58,0,,69.09,17.75,0,1,68.78,-0.81,-4.93,4.51,17.67
739.70,0,,68.99,17.74,0,1,68.89,-0.80,-4.93,4.52,17.68
739.82,0,,68.87,17.71,0,1,68.72,-0.75,-4.95,4.55,17.75
739.88,0,,68.82,17.71,4,-2,69.01,-0.79,-4.88,4.58,17.64
740.00,0,,68.87,17.69,4,-2,69.06,-0.81,-4.92,4.52,17.66
740.12,0,,68.93,17.69,4,-2,68.67,-0.79,-5.02,4.44,17.78
740.18,0,,68.93,17.71,2,-1,69.21,-0.80,-4.94,4.51,17.69
740.30,0,,68.99,17.72,2,-1,69.11,-0.74,-4.90,4.61,17.71
740.39,0,,69.06,17.74,2,-1,68.91,-0.68,-4.96,4.61,17.83
740.48,0,,69.03,17.76,1,0,68.95,-0.78,-4.91,4.56,17.68
740.63,0,,69.01,17.75,1,0,69.19,-0.80,-4.94,4.51,17.69
740.69,0,,69.07,17.74,1,0,69.20,-0.70,-4.98,4.57,17.83
740.81,0,,69.12,17.76,1,0,68.97,-0.68,-4.89,4.68,17.76
740.90,0,,69.03,17.77,0,1,68.54,-0.74,-4.89,4.62,17.70
740.99,0,,68.84,17.75,1,0,68.79,-0.79,-4.95,4.51,17.71
741.08,0,,68.80,17.73,2,-1,69.32,-0.75,-4.95,4.55,17.75
741.20,0,,68.99,17.75,2,-1,69.35,-0.62,-4.93,4.70,17.86
741.32,0,,69.17,17.81,1,0,68.90,-0.56,-4.91,4.78,17.90
741.38,0,,69.15,17.85,1,0,69.03,-0.73,-4.91,4.61,17.73
741.50,0,,69.06,17.82,1,0,69.00,-0.76,-4.94,4.55,17.73
741.59,0,,68.98,17.78,1,0,68.77,-0.69,-4.93,4.63,17.79
741.68,0,,68.89,17.76,1,0,68.90,-0.71,-4.89,4.65,17.73
741.80,0,,68.93,17.77,1,0,69.44,-0.67,-4.97,4.61,17.85
741.92,0,,69.05,17.80,1,0,68.82,-0.69,-4.99,4.57,17.85
741.98,0,,69.12,17.82,1,0,69.37,-0.73,-4.90,4.62,17.72
742.10,0,,69.18,17.82,1,0,69.22,-0.59,-4.99,4.67,17.95
742.22,0,,69.20,17.87,1,0,68.97,-0.56,-5.01,4.68,18.00
742.31,0,,69.21,17.92,1,0,69.62,-0.71,-4.91,4.63,17.75
742.40,0,,69.26,17.88,0,1,68.99,-0.72,-4.96,4.57,17.79
742.55,0,,69.26,17.82,0,1,69.37,-0.72,-4.95,4.58,17.78
742.58,0,,69.23,17.78,0,2,69.07,-0.69,-4.89,4.67,17.75
742.70,0,,69.20,17.77,0,1,69.21,-0.67,-4.98,4.60,17.86
742.82,0,,69.19,17.78,0,1,69.28,-0.81,-4.98,4.46,17.72
742.88,0,,69.19,17.77,0,1,68.99,-0.79,-4.92,4.54,17.68
743.00,0,,69.14,17.75,0,1,69.15,-0.69,-4.97,4.59,17.83
743.09,0,,69.08,17.76,0,1,68.92,-0.72,-4.98,4.55,17.81
743.18,0,,69.03,17.78,1,0,69.07,-0.82,-4.94,4.49,17.67
743.30,0,,69.01,17.76,2,-1,69.02,-0.80,-4.99,4.46,17.74
743.39,0,,69.02,17.75,2,-1,69.00,-0.68,-5.01,4.56,17.88
743.48,0,,69.04,17.79,2,-1,69.17,-0.69,-4.91,4.65,17.77
743.60,0,,69.02,17.80,2,-1,68.68,-0.73,-4.89,4.63,17.71
743.69,0,,68.88,17.76,2,-1,68.50,-0.78,-4.95,4.52,17.72
743.81,0,,68.73,17.73,4,-2,69.04,-0.79,-4.91,4.55,17.67
743.90,0,,68.75,17.71,4,-2,68.76,-0.71,-4.91,4.63,17.75
743.99,0,,68.84,17.72,2,-1,69.09,-0.73,-4.92,4.60,17.74
744.08,0,,68.96,17.73,1,0,69.14,-0.81,-4.93,4.51,17.67
744.20,0,,69.00,17.72,1,0,68.55,-0.79,-4.97,4.49,17.73
744.32,0,,68.90,17.71,2,-1,68.89,-0.78,-4.92,4.55,17.69
744.38,0,,68.83,17.71,2,-1,69.00,-0.73,-4.89,4.63,17.71
744.56,0,,68.86,17.71,2,-1,68.81,-0.75,-4.97,4.53,17.77
744.62,0,,68.93,17.73,0,1,69.24,-0.84,-5.02,4.39,17.73
744.68,0,,68.96,17.74,0,1,68.54,-0.84,-4.95,4.46,17.66
744.80,0,,68.91,17.72,0,1,69.07,-0.78,-4.95,4.52,17.72
744.92,0,,68.87,17.73,1,0,68.71,-0.70,-5.02,4.53,17.87
744.98,0,,68.85,17.76,2,-1,68.92,-0.83,-4.97,4.45,17.69
745.10,0,,68.84,17.76,2,-1,68.87,-0.90,-4.98,4.37,17.63
745.19,0,,68.84,17.72,2,-1,68.68,-0.78,-5.04,4.43,17.81
745.31,0,,68.80,17.72,2,-1,68.86,-0.80,-4.93,4.52,17.68
745.40,0,,68.79,17.71,2,-1,68.76,-0.85,-4.89,4.51,17.59
745.49,0,,68.76,17.66,2,-1,68.58,-0.91,-4.96,4.38,17.60
745.58,0,,68.68,17.61,2,-1,68.61,-0.94,-4.93,4.38,17.54
745.70,0,,68.70,17.59,2,-1,69.22,-0.82,-4.95,4.48,17.68
745.82,0,,68.89,17.63,2,-1,69.16,-0.79,-5.01,4.45,17.77
745.88,0,,69.10,17.69,1,0,69.22,-0.90,-5.01,4.34,17.66
746.00,0,,69.20,17.70,0,1,69.14,-0.94,-5.00,4.31,17.61
746.09,0,,69.21,17.67,0,2,69.12,-0.89,-5.00,4.36,17.66
746.18,0,,69.13,17.66,0,2,68.89,-0.83,-4.99,4.43,17.71
746.30,0,,69.05,17.67,0,2,69.16,-0.87,-4.97,4.41,17.65
746.39,0,,69.01,17.67,0,2,68.84,-0.94,-5.01,4.30,17.62
746.48,0,,69.00,17.66,0,2,69.25,-0.91,-5.03,4.31,17.67
746.60,0,,69.05,17.66,0,1,69.00,-0.84,-4.96,4.45,17.67
746.69,0,,69.10,17.67,0,1,69.20,-0.77,-4.95,4.53,17.73
746.81,0,,69.08,17.71,0,1,68.72,-0.79,-4.99,4.47,17.75
746.90,0,,68.99,17.73,1,0,69.07,-0.87,-5.00,4.38,17.68
746.99,0,,68.95,17.72,2,-1,68.93,-0.83,-4.97,4.45,17.69
747.08,0,,68.98,17.72,2,-1,69.23,-0.70,-4.97,4.58,17.82
747.20,0,,68.98,17.76,2,-1,68.45,-0.70,-4.98,4.57,17.83
747.32,0,,68.89,17.79,2,-1,69.13,-0.79,-4.96,4.50,17.72
747.38,0,,68.91,17.79,2,-1,69.13,-0.70,-4.95,4.60,17.80
747.50,0,,69.01,17.81,2,-1,68.99,-0.56,-4.94,4.75,17.93
747.59,0,,69.06,17.85,1,0,69.08,-0.59,-4.86,4.80,17.82
747.68,0,,69.04,17.86,1,0,68.81,-0.64,-4.88,4.73,17.79
747.80,0,,68.95,17.84,0,1,68.81,-0.66,-4.94,4.65,17.83
747.89,0,,68.86,17.82,0,1,68.89,-0.66,-4.88,4.71,17.77
747.98,0,,68.88,17.81,2,-1,69.22,-0.54,-4.85,4.86,17.86
748.10,0,,69.01,17.84,2,-1,69.11,-0.53,-4.90,4.82,17.92
748.19,0,,69.09,17.87,1,0,68.97,-0.63,-4.91,4.71,17.83
748.31,0,,69.06,17.88,1,0,68.90,-0.60,-4.89,4.76,17.84
748.40,0,,68.96,17.86,1,0,68.77,-0.58,-4.89,4.78,17.86
748.49,0,,68.84,17.86,1,0,68.69,-0.60,-4.93,4.72,17.88
748.58,0,,68.76,17.86,1,0,68.83,-0.67,-4.93,4.65,17.81
748.70,0,,68.82,17.84,1,0,69.29,-0.73,-4.95,4.57,17.77
748.82,0,,68.98,17.82,2,-1,69.00,-0.67,-5.00,4.58,17.88
748.88,0,,69.06,17.83,1,0,68.87,-0.61,-4.93,4.71,17.87
749.00,0,,69.01,17.85,1,0,68.97,-0.67,-4.92,4.66,17.80
749.09,0,,68.96,17.83,1,0,68.94,-0.79,-4.98,4.48,17.74
749.18,0,,68.94,17.79,1,0,68.93,-0.77,-4.98,4.50,17.76
749.30,0,,68.92,17.77,1,0,68.85,-0.73,-5.00,4.52,17.82
749.39,0,,68.93,17.78,1,0,69.16,-0.75,-4.98,4.52,17.78
749.48,0,,68.99,17.79,1,0,68.99,-0.78,-5.00,4.47,17.77
749.60,0,,69.02,17.78,1,0,68.91,-0.87,-5.05,4.33,17.73
749.72,0,,68.97,17.76,1,0,68.88,-0.86,-5.04,4.35,17.73
749.81,0,,68.93,17.75,1,0,68.94,-0.75,-5.02,4.48,17.82
749.90,0,,68.92,17.77,1,0,69.02,-0.83,-5.03,4.39,17.75
749.99,0,,68.96,17.77,1,0,69.00,-0.93,-5.08,4.24,17.70
750.08,0,,68.94,17.75,1,0,68.60,-0.89,-5.07,4.29,17.73
750.20,0,,68.87,17.74,1,0,69.03,-0.80,-5.04,4.41,17.79
750.32,0,,68.93,17.76,1,0,69.43,-0.74,-5.05,4.46,17.86
750.38,0,,69.10,17.80,1,0,68.98,-0.81,-5.04,4.40,17.78
750.50,0,,69.18,17.80,1,0,69.26,-0.90,-5.05,4.30,17.70
750.62,0,,69.16,17.78,1,0,68.88,-0.81,-5.06,4.38,17.80
750.68,0,,69.08,17.77,1,0,69.06,-0.74,-5.01,4.50,17.82
750.80,0,,69.04,17.79,1,0,69.19,-0.80,-5.01,4.44,17.76
750.89,0,,69.08,17.79,1,0,69.08,-0.84,-5.07,4.34,17.78
750.98,0,,69.12,17.79,1,0,69.19,-0.81,-5.05,4.39,17.79
751.10,0,,69.11,17.79,0,1,68.88,-0.77,-4.98,4.50,17.76
751.19,0,,69.07,17.77,0,1,69.15,-0.80,-4.97,4.48,17.72
751.31,0,,69.05,17.75,0,1,69.02,-0.81,-5.02,4.42,17.76
751.40,0,,69.05,17.74,0,1,69.08,-0.87,-5.03,4.35,17.71
751.49,0,,69.09,17.73,1,0,69.31,-0.90,-5.04,4.31,17.69
751.58,0,,69.14,17.72,1,0,68.97,-0.81,-5.04,4.40,17.78
751.70,0,,69.13,17.72,1,0,69.12,-0.90,-5.00,4.35,17.65
751.82,0,,69.10,17.70,1,0,69.09,-0.98,-5.06,4.21,17.63
751.88,0,,69.06,17.68,1,0,68.86,-0.90,-5.08,4.27,17.73
752.00,0,,68.98,17.68,1,0,68.87,-0.91,-5.02,4.32,17.66
752.09,0,,68.87,17.68,1,0,68.67,-0.88,-5.00,4.37,17.67
752.18,0,,68.84,17.67,1,0,69.24,-0.93,-5.02,4.30,17.64
752.30,0,,68.96,17.65,1,0,69.24,-1.05,-5.06,4.14,17.56
752.42,0,,69.09,17.61,1,0,68.86,-1.03,-5.02,4.20,17.54
752.48,0,,69.08,17.57,1,0,69.06,-0.96,-4.98,4.31,17.57
752.60,0,,69.02,17.57,1,0,68.95,-0.94,-5.08,4.23,17.69
752.69,0,,68.98,17.61,1,0,68.95,-1.04,-5.09,4.12,17.60
752.81,0,,68.98,17.62,1,0,69.17,-1.07,-5.04,4.14,17.52
752.90,0,,68.98,17.59,1,0,68.60,-0.96,-5.04,4.25,17.63
752.99,0,,68.93,17.59,1,0,69.17,-0.96,-5.00,4.29,17.59
753.08,0,,68.91,17.60,1,0,68.76,-1.03,-5.07,4.15,17.59
753.20,0,,68.90,17.60,1,0,68.90,-1.06,-5.12,4.07,17.61
753.32,0,,68.90,17.60,2,-1,69.07,-1.03,-5.06,4.16,17.58
753.38,0,,68.93,17.61,2,-1,68.82,-0.93,-5.07,4.25,17.69
753.50,0,,68.90,17.64,2,-1,68.69,-0.96,-5.08,4.21,17.67
753.62,0,,68.83,17.65,2,-1,68.98,-1.07,-5.10,4.08,17.58
753.68,0,,68.90,17.65,2,-1,69.29,-0.97,-5.11,4.17,17.69
753.80,0,,68.99,17.67,2,-1,68.60,-0.84,-5.08,4.33,17.79
753.89,0,,68.94,17.72,2,-1,68.85,-0.84,-5.04,4.37,17.75
753.98,0,,68.88,17.75,2,-1,69.12,-0.88,-5.04,4.33,17.71
754.10,0,,68.98,17.74,2,-1,69.28,-0.93,-5.07,4.25,17.69
754.22,0,,69.04,17.73,1,0,68.53,-0.88,-5.06,4.31,17.73
754.31,0,,68.99,17.73,0,1,69.31,-0.80,-5.01,4.44,17.76
754.40,0,,69.02,17.74,0,1,69.15,-0.85,-5.04,4.36,17.74
754.49,0,,69.11,17.75,1,0,69.08,-0.90,-5.08,4.27,17.73
754.58,0,,69.12,17.74,1,0,69.08,-0.88,-5.05,4.32,17.72
754.70,0,,69.14,17.74,0,1,69.38,-0.81,-5.08,4.36,17.82
754.82,0,,69.19,17.78,0,1,69.08,-0.74,-5.08,4.43,17.89
754.88,0,,69.21,17.82,1,0,69.24,-0.85,-5.01,4.39,17.71
755.00,0,,69.20,17.80,1,0,69.14,-0.90,-5.06,4.29,17.71
755.12,0,,69.22,17.77,0,1,69.46,-0.78,-5.11,4.36,17.88
755.18,0,,69.26,17.79,0,1,69.04,-0.76,-5.02,4.47,17.81
755.30,0,,69.24,17.80,0,1,69.30,-0.83,-4.99,4.43,17.71
755.39,0,,69.19,17.78,0,1,68.93,-0.86,-5.06,4.33,17.75
755.48,0,,69.09,17.75,0,1,68.93,-0.90,-5.07,4.28,17.72
755.60,0,,69.02,17.74,0,1,69.27,-0.88,-5.10,4.27,17.77
755.72,0,,69.07,17.76,2,-1,69.12,-0.79,-5.11,4.35,17.87
755.81,0,,69.09,17.80,2,-1,68.85,-0.85,-5.07,4.33,17.77
755.90,0,,68.96,17.80,2,-1,68.47,-0.96,-5.12,4.17,17.71
756.05,0,,68.78,17.77,4,-2,68.96,-0.91,-5.11,4.23,17.75
756.08,0,,68.73,17.75,4,-2,68.74,-0.85,-5.05,4.35,17.75
756.20,0,,68.84,17.75,4,-2,69.43,-0.84,-5.12,4.29,17.83
756.32,0,,69.08,17.79,2,-1,69.39,-0.88,-5.17,4.20,17.84
756.38,0,,69.22,17.81,1,0,68.68,-0.96,-5.13,4.16,17.72
756.50,0,,69.08,17.79,1,0,68.76,-0.93,-5.10,4.22,17.72
756.59,0,,68.94,17.77,1,0,69.40,-0.77,-5.12,4.36,17.90
756.68,0,,69.05,17.81,1,0,69.30,-0.81,-5.11,4.33,17.85
756.80,0,,69.19,17.83,0,1,69.05,-0.95,-5.10,4.20,17.70
756.89,0,,69.21,17.80,0,2,69.20,-0.87,-5.12,4.26,17.80
756.98,0,,69.17,17.79,0,2,69.06,-0.77,-5.07,4.41,17.85
757.10,0,,69.10,17.81,0,1,68.91,-0.81,-5.06,4.38,17.80
757.22,0,,69.04,17.82,1,0,69.20,-0.88,-5.11,4.26,17.78
757.31,0,,69.07,17.79,1,0,69.22,-0.95,-5.05,4.25,17.65
757.40,0,,69.08,17.74,1,0,68.67,-0.90,-5.07,4.28,17.72
757.49,0,,68.94,17.72,1,0,68.69,-0.82,-5.06,4.37,17.79
757.58,0,,68.83,17.72,2,-1,69.15,-0.92,-5.00,4.33,17.63
757.70,0,,68.88,17.71,4,-2,68.92,-0.98,-5.13,4.14,17.70
757.82,0,,68.98,17.71,4,-2,69.16,-0.90,-5.16,4.19,17.81
757.88,0,,69.02,17.74,2,-1,68.78,-0.89,-5.07,4.29,17.73
758.00,0,,69.03,17.75,2,-1,69.33,-0.92,-5.08,4.25,17.71
758.09,0,,69.08,17.74,1,0,69.09,-0.97,-5.13,4.15,17.71
758.18,0,,69.15,17.71,1,0,69.19,-1.02,-5.11,4.12,17.64
758.30,0,,69.16,17.69,1,0,69.10,-0.95,-5.13,4.17,17.73
758.39,0,,69.18,17.70,1,0,69.38,-0.90,-5.14,4.21,17.79
758.51,0,,69.21,17.73,0,2,69.08,-1.00,-5.09,4.16,17.64
758.60,0,,69.14,17.71,0,1,68.69,-1.07,-5.14,4.04,17.62
758.69,0,,69.02,17.67,0,1,69.32,-1.05,-5.17,4.03,17.67
758.81,0,,69.02,17.65,1,0,69.03,-1.03,-5.12,4.10,17.64
758.90,0,,69.05,17.65,1,0,68.90,-1.04,-5.13,4.08,17.64
759.02,0,,68.96,17.63,1,0,68.63,-1.17,-5.17,3.91,17.55
759.08,0,,68.91,17.60,1,0,69.50,-1.21,-5.20,3.84,17.54
759.20,0,,69.04,17.58,2,-1,69.10,-1.15,-5.24,3.86,17.64
759.32,0,,69.15,17.60,2,-1,69.05,-1.08,-5.23,3.94,17.70
759.38,0,,69.11,17.64,1,0,68.88,-1.17,-5.18,3.90,17.56
759.50,0,,69.01,17.61,1,0,68.93,-1.30,-5.20,3.75,17.45
759.59,0,,68.93,17.55,1,0,68.94,-1.26,-5.23,3.76,17.52
759.68,0,,68.93,17.51,1,0,69.03,-1.24,-5.20,3.81,17.51
759.80,0,,68.99,17.50,1,0,69.19,-1.24,-5.23,3.78,17.54
759.89,0,,69.09,17.52,1,0,69.21,-1.28,-5.28,3.69,17.55
759.98,0,,69.15,17.53,1,0,69.00,-1.41,-5.28,3.56,17.42
760.10,0,,69.14,17.50,1,0,69.15,-1.40,-5.31,3.54,17.46
760.19,0,,69.12,17.48,1,0,69.16,-1.30,-5.35,3.60,17.60
760.31,0,,69.10,17.51,1,0,68.89,-1.39,-5.34,3.52,17.50
760.40,0,,69.03,17.51,1,0,68.95,-1.51,-5.32,3.42,17.36
760.49,0,,68.96,17.46,1,0,68.95,-1.45,-5.35,3.45,17.45
760.58,0,,68.94,17.44,1,0,69.02,-1.40,-5.38,3.47,17.53
760.70,0,,69.01,17.49,1,0,69.32,-1.29,-5.41,3.55,17.67
760.82,0,,69.09,17.58,1,0,68.84,-1.28,-5.39,3.58,17.66
760.88,0,,69.08,17.63,1,0,69.15,-1.35,-5.30,3.60,17.50
761.00,0,,69.07,17.62,1,0,69.10,-1.16,-5.28,3.81,17.67
761.09,0,,69.09,17.64,1,0,69.08,-1.05,-5.25,3.95,17.75
761.18,0,,69.07,17.67,1,0,68.91,-1.12,-5.15,3.98,17.58
761.30,0,,69.00,17.65,1,0,68.95,-1.14,-5.12,3.99,17.53
761.39,0,,68.92,17.60,1,0,68.68,-1.12,-5.16,3.97,17.59
761.48,0,,68.88,17.58,1,0,69.26,-1.07,-5.13,4.05,17.61
761.60,0,,68.97,17.59,1,0,69.07,-1.05,-5.10,4.10,17.60
761.69,0,,69.07,17.60,1,0,69.07,-1.13,-5.16,3.96,17.58
761.81,0,,69.10,17.58,1,0,69.05,-1.24,-5.14,3.87,17.45
761.90,0,,69.10,17.53,1,0,69.21,-1.20,-5.13,3.92,17.48
761.99,0,,69.16,17.50,1,0,69.41,-1.12,-5.17,3.96,17.60
762.08,0,,69.20,17.53,1,0,68.74,-1.11,-5.13,4.01,17.57
762.20,0,,69.06,17.55,1,0,68.82,-1.20,-5.12,3.93,17.47
762.32,0,,68.96,17.53,1,0,69.39,-1.23,-5.13,3.89,17.45
762.38,0,,69.00,17.50,1,0,68.78,-1.15,-5.13,3.97,17.53
762.50,0,,68.95,17.50,1,0,68.61,-1.13,-5.12,4.00,17.54
762.59,0,,68.82,17.52,1,0,68.92,-1.22,-5.13,3.90,17.46
762.68,0,,68.81,17.50,1,0,69.00,-1.30,-5.16,3.79,17.41
762.80,0,,68.90,17.47,4,-2,69.08,-1.24,-5.18,3.83,17.49
762.89,0,,69.02,17.48,1,0,69.15,-1.17,-5.18,3.90,17.56
762.98,0,,69.09,17.52,1,0,68.99,-1.15,-5.16,3.94,17.56
763.10,0,,69.06,17.55,1,0,68.83,-1.18,-5.16,3.91,17.53
763.22,0,,69.01,17.55,1,0,69.29,-1.27,-5.17,3.81,17.45
763.31,0,,69.06,17.51,1,0,69.14,-1.25,-5.18,3.82,17.48
763.40,0,,69.13,17.50,1,0,69.09,-1.13,-5.15,3.97,17.57
763.49,0,,69.12,17.52,0,2,69.02,-1.14,-5.10,4.01,17.51
763.58,0,,69.05,17.53,0,1,68.81,-1.17,-5.12,3.96,17.50
763.70,0,,68.94,17.53,1,0,68.92,-1.16,-5.17,3.92,17.56
763.82,0,,68.88,17.53,1,0,68.90,-1.16,-5.13,3.96,17.52
763.88,0,,68.87,17.55,1,0,68.80,-1.06,-5.11,4.08,17.60
764.00,0,,68.83,17.58,2,-1,68.74,-1.06,-5.14,4.05,17.63
764.09,0,,68.80,17.59,2,-1,68.85,-1.21,-5.12,3.92,17.46
764.18,0,,68.77,17.56,4,-2,68.58,-1.18,-5.14,3.93,17.51
764.30,0,,68.67,17.54,4,-2,68.40,-1.05,-5.17,4.03,17.67
764.39,0,,68.62,17.58,4,-2,69.14,-1.03,-5.13,4.09,17.65
764.48,0,,68.75,17.63,4,-2,68.87,-1.11,-5.15,3.99,17.59
764.60,0,,68.91,17.64,2,-1,69.09,-1.12,-5.18,3.95,17.61
764.69,0,,69.02,17.63,2,-1,69.11,-1.06,-5.17,4.02,17.66
764.81,0,,69.06,17.63,0,1,68.83,-1.08,-5.10,4.07,17.57
764.90,0,,69.03,17.61,0,1,69.13,-1.08,-5.09,4.08,17.56
764.99,0,,69.06,17.60,0,2,69.36,-1.08,-5.18,3.99,17.65
765.08,0,,69.18,17.61,0,2,69.20,-1.13,-5.19,3.93,17.61
765.20,0,,69.24,17.63,0,2,69.17,-1.04,-5.18,4.03,17.69
765.32,0,,69.17,17.67,0,2,68.78,-0.95,-5.15,4.15,17.75
765.38,0,,69.07,17.70,0,2,69.27,-1.04,-5.14,4.07,17.65
765.56,0,,69.05,17.69,0,1,69.04,-1.14,-5.15,3.96,17.56
765.59,0,,69.05,17.63,1,0,68.90,-1.10,-5.12,4.03,17.57
765.68,0,,69.09,17.59,1,0,69.60,-1.00,-5.05,4.20,17.60
765.80,0,,69.21,17.59,1,0,69.12,-0.98,-5.08,4.19,17.65
765.89,0,,69.21,17.62,1,0,68.73,-1.05,-5.13,4.07,17.63
765.98,0,,69.07,17.64,1,0,69.20,-1.05,-5.14,4.06,17.64
766.10,0,,68.98,17.65,2,-1,68.78,-1.05,-5.12,4.08,17.62
766.19,0,,68.94,17.64,2,-1,69.01,-1.01,-5.07,4.17,17.61
766.31,0,,68.90,17.63,2,-1,68.72,-0.98,-5.09,4.18,17.66
766.40,0,,68.85,17.63,2,-1,68.87,-1.10,-5.13,4.02,17.58
766.49,0,,68.85,17.62,4,-2,69.04,-1.07,-5.14,4.04,17.62
766.58,0,,68.94,17.63,4,-2,69.16,-0.97,-5.15,4.13,17.73
766.70,0,,69.05,17.66,0,1,69.01,-1.02,-5.10,4.13,17.63
766.82,0,,69.10,17.66,0,1,69.20,-1.08,-5.06,4.11,17.53
766.88,0,,69.13,17.60,0,1,69.11,-1.13,-5.10,4.02,17.52
767.06,0,,69.10,17.56,0,1,68.76,-1.11,-5.13,4.01,17.57
767.12,0,,68.97,17.56,1,0,68.87,-1.00,-5.13,4.12,17.68
767.18,0,,68.85,17.61,1,0,68.71,-1.04,-5.12,4.09,17.63
767.30,0,,68.80,17.62,2,-1,68.99,-1.16,-5.13,3.96,17.52
767.39,0,,68.83,17.59,2,-1,68.84,-1.20,-5.16,3.89,17.51
767.48,0,,68.86,17.54,2,-1,68.83,-1.20,-5.14,3.91,17.49
767.60,0,,68.91,17.52,2,-1,69.24,-1.08,-5.11,4.06,17.58
767.69,0,,68.98,17.53,2,-1,68.74,-1.10,-5.13,4.02,17.58
767.87,0,,68.90,17.55,2,-1,68.46,-1.21,-5.13,3.91,17.47
767.90,0,,68.75,17.54,2,-1,68.92,-1.17,-5.18,3.90,17.56
767.99,0,,68.72,17.55,2,-1,68.79,-1.08,-5.17,4.00,17.64
768.08,0,,68.83,17.59,2,-1,69.26,-1.05,-5.12,4.08,17.62
768.20,0,,69.05,17.61,2,-1,69.43,-1.15,-5.14,3.96,17.54
768.32,0,,69.22,17.59,1,0,68.91,-1.23,-5.16,3.86,17.48
768.38,0,,69.22,17.54,0,1,69.25,-1.19,-5.14,3.92,17.50
768.50,0,,69.12,17.51,0,2,68.74,-1.12,-5.14,3.99,17.57
768.59,0,,68.99,17.53,0,1,68.95,-1.15,-5.19,3.91,17.59
768.68,0,,68.90,17.56,0,1,68.89,-1.16,-5.18,3.91,17.57
768.80,0,,68.88,17.57,0,1,68.88,-1.17,-5.11,3.97,17.49
768.89,0,,68.89,17.54,1,0,69.01,-1.20,-5.11,3.94,17.46
768.98,0,,68.91,17.52,1,0,68.76,-1.09,-5.15,4.01,17.61
769.10,0,,68.90,17.54,1,0,68.98,-1.12,-5.17,3.96,17.60
769.22,0,,68.90,17.57,4,-2,68.91,-1.25,-5.18,3.82,17.48
769.31,0,,68.95,17.56,2,-1,69.13,-1.16,-5.20,3.89,17.59
769.40,0,,69.01,17.58,2,-1,69.02,-1.02,-5.20,4.03,17.73
769.55,0,,69.09,17.64,0,1,69.31,-1.05,-5.16,4.04,17.66
769.58,0,,69.14,17.67,0,1,69.01,-1.14,-5.19,3.92,17.60
769.70,0,,69.13,17.66,0,1,69.00,-1.15,-5.22,3.88,17.62
769.82,0,,69.07,17.63,0,1,69.10,-1.13,-5.19,3.93,17.61
769.88,0,,69.07,17.62,1,0,69.16,-1.04,-5.16,4.05,17.67
770.00,0,,69.11,17.63,0,1,69.22,-1.09,-5.15,4.01,17.61
770.09,0,,69.15,17.62,0,1,69.01,-1.19,-5.16,3.90,17.52
770.18,0,,69.12,17.59,0,1,69.10,-1.15,-5.19,3.91,17.59
770.30,0,,69.06,17.58,0,1,68.81,-1.15,-5.19,3.91,17.59
770.39,0,,68.99,17.59,0,1,69.14,-1.08,-5.15,4.02,17.62
770.48,0,,68.99,17.60,0,1,69.00,-1.08,-5.15,4.02,17.62
770.60,0,,69.04,17.61,2,-1,69.18,-1.20,-5.19,3.86,17.54
770.69,0,,69.11,17.60,1,0,69.23,-1.15,-5.21,3.89,17.61
770.81,0,,69.17,17.60,1,0,69.08,-1.05,-5.19,4.01,17.69
770.90,0,,69.14,17.64,1,0,68.90,-1.02,-5.17,4.06,17.70
770.99,0,,69.05,17.68,1,0,69.09,-1.05,-5.17,4.03,17.67
771.08,0,,68.98,17.69,1,0,68.75,-1.09,-5.17,3.99,17.63
771.32,0,,68.94,17.68,1,0,69.18,-1.01,-5.17,4.07,17.71
771.32,0,,68.99,17.70,1,0,69.08,-0.87,-5.14,4.24,17.82
771.38,0,,69.05,17.75,1,0,69.02,-0.88,-5.12,4.25,17.79
771.50,0,,69.06,17.79,1,0,69.01,-0.95,-5.17,4.13,17.77
771.59,0,,69.04,17.80,1,0,69.03,-0.94,-5.20,4.11,17.81
771.68,0,,69.00,17.80,1,0,68.80,-0.91,-5.11,4.23,17.75
771.80,0,,68.93,17.78,1,0,68.96,-0.88,-5.04,4.33,17.71
771.89,0,,68.91,17.75,1,0,68.94,-0.93,-5.08,4.24,17.70
771.98,0,,68.93,17.72,1,0,68.99,-0.98,-5.13,4.14,17.70
772.10,0,,68.98,17.71,1,0,69.14,-0.93,-5.13,4.19,17.75
772.19,0,,69.03,17.73,1,0,68.94,-0.87,-5.09,4.29,17.77
772.34,0,,69.00,17.75,1,0,68.73,-0.89,-5.08,4.28,17.74
772.40,0,,68.87,17.75,2,-1,68.71,-1.01,-5.11,4.13,17.65
772.49,0,,68.83,17.71,2,-1,69.28,-1.04,-5.13,4.08,17.64
772.58,0,,68.96,17.68,1,0,69.11,-0.98,-5.15,4.12,17.72
772.70,0,,69.05,17.68,1,0,68.78,-0.98,-5.12,4.15,17.69
772.82,0,,69.04,17.69,1,0,69.21,-1.01,-5.12,4.12,17.66
772.88,0,,69.06,17.68,1,0,69.17,-1.07,-5.15,4.03,17.63
773.00,0,,69.11,17.64,1,0,69.05,-1.15,-5.14,3.96,17.54
773.09,0,,69.11,17.59,1,0,69.01,-1.15,-5.14,3.96,17.54
773.18,0,,69.07,17.56,0,1,69.09,-1.09,-5.13,4.03,17.59
773.30,0,,69.06,17.57,1,0,69.08,-1.13,-5.16,3.96,17.58
773.39,0,,69.07,17.58,1,0,69.08,-1.23,-5.23,3.79,17.55
773.48,0,,69.08,17.57,1,0,69.05,-1.25,-5.20,3.80,17.50
773.60,0,,69.01,17.54,1,0,68.60,-1.21,-5.17,3.87,17.51
773.69,0,,68.92,17.52,1,0,69.21,-1.17,-5.14,3.94,17.52
773.81,0,,68.95,17.51,1,0,69.13,-1.21,-5.14,3.90,17.48
773.90,0,,69.06,17.49,1,0,69.11,-1.29,-5.19,3.77,17.45
773.99,0,,69.12,17.47,1,0,69.09,-1.28,-5.18,3.79,17.45
774.08,0,,69.15,17.47,1,0,69.36,-1.12,-5.15,3.98,17.58
774.20,0,,69.17,17.52,1,0,68.84,-1.10,-5.17,3.98,17.62
774.32,0,,69.09,17.56,1,0,68.96,-1.23,-5.16,3.86,17.48
774.38,0,,69.01,17.54,1,0,69.14,-1.28,-5.17,3.80,17.44
774.50,0,,69.06,17.49,1,0,69.33,-1.26,-5.18,3.81,17.47
774.59,0,,69.19,17.47,0,1,69.35,-1.18,-5.15,3.92,17.52
774.68,0,,69.26,17.49,0,1,69.02,-1.19,-5.17,3.89,17.53
774.83,0,,69.21,17.51,0,1,69.07,-1.25,-5.19,3.81,17.49
774.89,0,,69.07,17.50,0,1,68.73,-1.29,-5.17,3.79,17.43
774.98,0,,68.96,17.47,1,0,69.18,-1.28,-5.16,3.81,17.43
775.13,0,,68.97,17.47,1,0,69.03,-1.15,-5.19,3.91,17.59
775.19,0,,68.99,17.51,1,0,68.80,-1.20,-5.20,3.85,17.55
775.31,0,,68.95,17.53,1,0,68.97,-1.31,-5.18,3.76,17.42
775.40,0,,68.95,17.50,2,-1,69.12,-1.24,-5.19,3.82,17.50
775.49,0,,68.98,17.48,4,-2,68.87,-1.23,-5.14,3.88,17.46
775.58,0,,69.01,17.47,2,-1,69.18,-1.21,-5.15,3.89,17.49
775.70,0,,69.06,17.48,1,0,69.19,-1.24,-5.22,3.79,17.53
775.82,0,,69.12,17.49,1,0,69.04,-1.36,-5.20,3.69,17.39
775.88,0,,69.12,17.46,1,0,69.07,-1.29,-5.20,3.76,17.46
776.00,0,,69.14,17.46,1,0,69.46,-1.18,-5.19,3.88,17.56
776.09,0,,69.22,17.50,0,1,69.14,-1.24,-5.21,3.80,17.52
776.24,0,,69.26,17.52,0,1,69.28,-1.30,-5.24,3.71,17.49
776.30,0,,69.21,17.51,0,2,68.92,-1.34,-5.18,3.73,17.39
776.39,0,,69.03,17.46,0,1,68.45,-1.31,-5.17,3.77,17.41
776.51,0,,68.81,17.44,1,0,68.99,-1.19,-5.17,3.89,17.53
776.60,0,,68.82,17.46,1,0,69.35,-1.22,-5.16,3.87,17.49
776.69,0,,69.01,17.49,1,0,69.05,-1.27,-5.22,3.76,17.50
776.81,0,,69.11,17.50,1,0,68.96,-1.21,-5.15,3.89,17.49
776.90,0,,69.04,17.51,2,-1,68.73,-1.14,-5.09,4.02,17.50
776.99,0,,68.94,17.52,2,-1,69.09,-1.07,-5.16,4.02,17.64
777.14,0,,68.88,17.56,2,-1,68.62,-1.17,-5.15,3.93,17.53
777.20,0,,68.82,17.55,2,-1,68.88,-1.25,-5.10,3.90,17.40
777.32,0,,68.86,17.51,1,0,69.29,-1.16,-5.13,3.96,17.52
777.41,0,,69.03,17.51,1,0,69.22,-1.05,-5.17,4.03,17.67
777.50,0,,69.16,17.58,2,-1,69.05,-1.04,-5.20,4.01,17.71
777.59,0,,69.09,17.65,1,0,68.47,-1.16,-5.19,3.90,17.58
777.71,0,,68.88,17.64,1,0,68.96,-1.17,-5.16,3.92,17.54
777.80,0,,68.79,17.60,1,0,68.88,-1.13,-5.15,3.97,17.57
777.89,0,,68.84,17.57,1,0,68.99,-1.10,-5.12,4.03,17.57
778.07,0,,68.89,17.57,1,0,68.77,-1.11,-5.15,3.99,17.59
778.10,0,,68.91,17.57,1,0,69.09,-1.18,-5.17,3.90,17.54
778.19,0,,68.98,17.56,1,0,69.18,-1.19,-5.15,3.91,17.51
778.31,0,,69.07,17.55,1,0,68.96,-1.13,-5.15,3.97,17.57
778.40,0,,69.08,17.55,2,-1,69.13,-1.12,-5.12,4.01,17.55
778.49,0,,69.07,17.55,2,-1,68.98,-1.19,-5.15,3.91,17.51
778.61,0,,69.03,17.54,1,0,68.95,-1.22,-5.19,3.84,17.52
778.70,0,,68.96,17.52,1,0,68.80,-1.24,-5.13,3.88,17.44
778.82,0,,68.87,17.48,1,0,68.76,-1.20,-5.07,3.98,17.42
778.91,0,,68.79,17.45,1,0,68.74,-1.19,-5.09,3.97,17.45
779.00,0,,68.77,17.44,1,0,68.92,-1.29,-5.14,3.82,17.40
779.09,0,,68.87,17.43,1,0,69.35,-1.27,-5.17,3.81,17.45
779.18,0,,69.08,17.44,1,0,69.25,-1.21,-5.17,3.87,17.51
779.30,0,,69.17,17.47,1,0,68.75,-1.21,-5.12,3.92,17.46
779.39,0,,69.10,17.48,1,0,69.21,-1.25,-5.15,3.85,17.45
779.48,0,,69.04,17.47,1,0,68.92,-1.30,-5.19,3.76,17.44
779.60,0,,69.07,17.45,1,0,69.44,-1.30,-5.18,3.77,17.43
779.69,0,,69.15,17.44,0,1,69.07,-1.26,-5.14,3.85,17.43
779.81,0,,69.16,17.44,0,1,68.94,-1.24,-5.15,3.86,17.46
779.90,0,,69.07,17.44,0,1,68.98,-1.29,-5.15,3.81,17.41
779.99,0,,69.03,17.43,0,1,69.25,-1.32,-5.16,3.77,17.39
780.08,0,,69.13,17.42,0,1,69.51,-1.31,-5.20,3.74,17.44
780.20,0,,69.25,17.43,0,1,68.96,-1.27,-5.19,3.79,17.47
780.32,0,,69.16,17.45,0,1,68.68,-1.28,-5.20,3.77,17.47
780.38,0,,68.97,17.46,0,1,69.07,-1.36,-5.20,3.69,17.39
780.50,0,,68.92,17.43,2,-1,69.03,-1.38,-5.18,3.69,17.35
780.59,0,,68.93,17.40,2,-1,68.74,-1.34,-5.21,3.70,17.42
780.68,0,,68.90,17.40,2,-1,69.01,-1.30,-5.19,3.76,17.44
780.80,0,,68.91,17.41,2,-1,68.96,-1.32,-5.17,3.76,17.40
780.89,0,,68.95,17.41,2,-1,69.01,-1.37,-5.18,3.70,17.36
780.98,0,,68.99,17.39,2,-1,69.01,-1.36,-5.18,3.71,17.37
781.10,0,,69.05,17.39,1,0,69.30,-1.32,-5.22,3.71,17.45
781.19,0,,69.09,17.41,1,0,68.77,-1.30,-5.20,3.75,17.45
781.31,0,,69.06,17.43,1,0,69.22,-1.39,-5.18,3.68,17.34
781.40,0,,69.02,17.39,1,0,68.77,-1.44,-5.18,3.63,17.29
781.49,0,,68.99,17.35,1,0,69.15,-1.37,-5.17,3.71,17.35
781.61,0,,68.98,17.35,0,1,68.91,-1.31,-5.19,3.75,17.43
781.70,0,,68.97,17.38,1,0,68.89,-1.32,-5.18,3.75,17.41
781.82,0,,68.93,17.39,2,-1,68.88,-1.41,-5.14,3.70,17.28
781.88,0,,68.92,17.35,2,-1,69.07,-1.44,-5.16,3.65,17.27
782.00,0,,68.98,17.31,1,0,69.10,-1.41,-5.20,3.64,17.34
782.09,0,,69.07,17.32,1,0,69.19,-1.32,-5.20,3.73,17.43
782.21,0,,69.08,17.37,1,0,68.67,-1.32,-5.21,3.72,17.44
782.30,0,,68.98,17.40,1,0,69.04,-1.44,-5.20,3.61,17.31
782.39,0,,68.89,17.38,1,0,68.69,-1.44,-5.18,3.63,17.29
782.48,0,,68.83,17.34,2,-1,68.85,-1.36,-5.17,3.72,17.36
782.60,0,,68.75,17.34,2,-1,68.45,-1.31,-5.18,3.76,17.42
782.69,0,,68.69,17.38,2,-1,68.93,-1.34,-5.19,3.72,17.40
782.81,0,,68.73,17.39,2,-1,68.89,-1.40,-5.19,3.66,17.34
782.90,0,,68.86,17.39,2,-1,69.11,-1.32,-5.18,3.75,17.41
782.99,0,,68.98,17.41,2,-1,69.00,-1.19,-5.19,3.87,17.55
783.08,0,,69.01,17.46,2,-1,68.81,-1.23,-5.14,3.88,17.46
783.20,0,,69.02,17.48,1,0,69.39,-1.30,-5.11,3.84,17.36
783.32,0,,69.07,17.45,1,0,68.84,-1.26,-5.19,3.80,17.48
783.38,0,,69.07,17.44,0,2,69.11,-1.23,-5.15,3.87,17.47
783.50,0,,69.07,17.47,0,2,69.20,-1.15,-5.11,3.99,17.51
783.59,0,,69.04,17.50,0,2,68.56,-1.19,-5.18,3.88,17.54
783.68,0,,68.91,17.51,0,1,68.91,-1.31,-5.12,3.82,17.36
783.80,0,,68.83,17.46,1,0,68.89,-1.30,-5.11,3.84,17.36
783.89,0,,68.88,17.41,1,0,69.19,-1.24,-5.18,3.83,17.49
783.98,0,,69.01,17.43,1,0,69.11,-1.18,-5.15,3.92,17.52
784.10,0,,69.08,17.47,1,0,68.95,-1.29,-5.16,3.80,17.42
784.19,0,,69.07,17.46,1,0,69.04,-1.35,-5.18,3.72,17.38
784.31,0,,68.98,17.43,1,0,68.65,-1.28,-5.15,3.82,17.42
784.40,0,,68.88,17.41,1,0,68.98,-1.26,-5.12,3.87,17.41
784.49,0,,68.85,17.42,1,0,68.91,-1.24,-5.13,3.88,17.44
784.58,0,,68.88,17.42,1,0,68.86,-1.30,-5.14,3.81,17.39
784.70,0,,68.92,17.40,1,0,69.11,-1.39,-5.16,3.70,17.32
784.85,0,,68.95,17.37,1,0,68.80,-1.34,-5.19,3.72,17.40
784.88,0,,68.98,17.38,1,0,69.24,-1.22,-5.17,3.86,17.50
785.00,0,,69.02,17.42,1,0,68.90,-1.27,-5.16,3.82,17.44
785.09,0,,69.00,17.44,1,0,68.77,-1.37,-5.17,3.71,17.35
785.18,0,,68.98,17.42,1,0,69.44,-1.34,-5.19,3.72,17.40
785.30,0,,69.08,17.41,1,0,69.12,-1.27,-5.21,3.77,17.49
785.39,0,,69.11,17.44,1,0,68.65,-1.26,-5.14,3.85,17.43
785.48,0,,68.99,17.44,1,0,69.00,-1.35,-5.13,3.77,17.33
785.60,0,,68.92,17.41,1,0,69.04,-1.33,-5.18,3.74,17.40
785.69,0,,68.96,17.40,1,0,69.02,-1.24,-5.16,3.85,17.47
785.81,0,,69.02,17.42,1,0,69.16,-1.27,-5.14,3.84,17.42
785.90,0,,69.07,17.44,1,0,68.96,-1.24,-5.15,3.86,17.46
785.99,0,,69.05,17.45,1,0,68.99,-1.27,-5.16,3.82,17.44
786.08,0,,68.99,17.44,1,0,68.82,-1.37,-5.19,3.69,17.37
786.20,0,,68.94,17.42,1,0,69.11,-1.33,-5.19,3.73,17.41
786.32,0,,68.95,17.42,1,0,68.91,-1.23,-5.17,3.85,17.49
786.38,0,,68.94,17.44,1,0,68.78,-1.28,-5.19,3.78,17.46
786.50,0,,68.91,17.45,1,0,69.11,-1.41,-5.20,3.64,17.34
786.59,0,,68.97,17.43,1,0,69.15,-1.33,-5.25,3.67,17.47
786.68,0,,68.99,17.43,1,0,68.52,-1.27,-5.20,3.78,17.48
786.80,0,,68.86,17.45,1,0,68.71,-1.24,-5.15,3.86,17.46
786.89,0,,68.74,17.48,1,0,68.93,-1.20,-5.20,3.85,17.55
786.98,0,,68.84,17.49,1,0,69.34,-1.32,-5.18,3.75,17.41
787.10,0,,69.02,17.47,1,0,68.98,-1.34,-5.20,3.71,17.41
787.19,0,,69.11,17.46,1,0,69.03,-1.18,-5.24,3.83,17.61
787.31,0,,69.03,17.51,1,0,68.67,-1.15,-5.18,3.92,17.58
787.40,0,,68.93,17.54,1,0,69.11,-1.30,-5.15,3.80,17.40
787.49,0,,68.94,17.50,1,0,69.14,-1.39,-5.18,3.68,17.34
787.58,0,,68.98,17.42,1,0,68.65,-1.29,-5.16,3.80,17.42
787.70,0,,68.91,17.41,1,0,68.85,-1.21,-5.16,3.88,17.50
787.82,0,,68.85,17.43,1,0,68.95,-1.29,-5.15,3.81,17.41
787.88,0,,68.86,17.43,1,0,68.87,-1.35,-5.13,3.77,17.33
788.00,0,,68.94,17.41,1,0,69.37,-1.29,-5.19,3.77,17.45
788.09,0,,69.09,17.42,1,0,69.12,-1.26,-5.24,3.75,17.53
788.18,0,,69.16,17.46,1,0,69.00,-1.25,-5.14,3.86,17.44
788.30,0,,69.15,17.48,1,0,69.27,-1.22,-5.15,3.88,17.48
788.39,0,,69.17,17.49,1,0,69.29,-1.26,-5.24,3.75,17.53
788.48,0,,69.22,17.49,0,1,69.14,-1.34,-5.19,3.72,17.40
788.60,0,,69.21,17.45,0,1,69.14,-1.36,-5.15,3.74,17.34
788.69,0,,69.16,17.41,0,1,69.04,-1.24,-5.17,3.84,17.48
788.81,0,,69.08,17.42,0,1,68.92,-1.26,-5.18,3.81,17.47
788.90,0,,69.00,17.44,0,1,68.97,-1.37,-5.19,3.69,17.37
788.99,0,,68.98,17.43,0,1,69.14,-1.30,-5.17,3.78,17.42
789.08,0,,69.01,17.42,0,1,68.96,-1.21,-5.14,3.90,17.48
789.20,0,,68.99,17.45,2,-1,68.73,-1.16,-5.12,3.97,17.51
789.32,0,,68.92,17.49,2,-1,69.06,-1.19,-5.17,3.89,17.53
789.38,0,,68.92,17.52,4,-2,69.00,-1.24,-5.19,3.82,17.50
789.50,0,,68.98,17.52,2,-1,69.08,-1.20,-5.14,3.91,17.49
789.59,0,,69.00,17.51,2,-1,68.77,-1.16,-5.13,3.96,17.52
789.68,0,,68.93,17.51,1,0,68.79,-1.17,-5.11,3.97,17.49
789.80,0,,68.89,17.50,1,0,69.25,-1.24,-5.11,3.90,17.42
789.89,0,,68.96,17.47,1,0,68.88,-1.23,-5.16,3.86,17.48
789.98,0,,68.97,17.47,1,0,68.79,-1.19,-5.18,3.88,17.54
790.10,0,,68.88,17.50,1,0,68.73,-1.11,-5.12,4.02,17.56
790.19,0,,68.87,17.55,1,0,69.40,-1.05,-5.12,4.08,17.62
790.31,0,,68.97,17.60,1,0,68.72,-1.14,-5.19,3.92,17.60
790.40,0,,68.98,17.60,1,0,68.95,-1.23,-5.19,3.83,17.51
790.49,0,,68.97,17.57,1,0,69.17,-1.17,-5.14,3.94,17.52
790.58,0,,69.05,17.55,1,0,69.27,-1.05,-5.15,4.05,17.65
790.70,0,,69.14,17.58,1,0,68.99,-1.11,-5.18,3.96,17.62
790.82,0,,69.11,17.60,1,0,68.88,-1.21,-5.17,3.87,17.51
790.88,0,,69.01,17.57,1,0,68.97,-1.20,-5.14,3.91,17.49
791.00,0,,68.87,17.53,1,0,68.37,-1.14,-5.12,3.99,17.53
791.09,0,,68.67,17.52,2,-1,68.53,-1.10,-5.09,4.06,17.54
791.18,0,,68.55,17.53,2,-1,68.78,-1.17,-5.12,3.96,17.50
791.30,0,,68.68,17.53,4,-2,69.29,-1.14,-5.17,3.94,17.58
791.39,0,,68.94,17.56,4,-2,69.12,-1.10,-5.17,3.98,17.62
791.48,0,,69.11,17.59,2,-1,68.98,-1.11,-5.17,3.97,17.61
791.60,0,,69.07,17.61,1,0,68.75,-1.10,-5.15,4.00,17.60
791.69,0,,68.98,17.60,1,0,69.22,-1.19,-5.14,3.92,17.50
791.81,0,,68.99,17.56,1,0,68.94,-1.26,-5.14,3.85,17.43
791.90,0,,69.03,17.50,0,1,69.20,-1.19,-5.16,3.90,17.52
791.99,0,,69.07,17.50,0,2,68.97,-1.10,-5.13,4.02,17.58
792.08,0,,69.13,17.52,0,2,69.56,-1.15,-5.12,3.98,17.52
792.20,0,,69.26,17.55,0,1,69.30,-1.20,-5.23,3.82,17.58
792.32,0,,69.31,17.57,0,1,68.99,-1.15,-5.23,3.87,17.63
792.38,0,,69.24,17.60,0,1,69.34,-1.08,-5.16,4.01,17.63
792.50,0,,69.14,17.63,0,1,68.69,-1.04,-5.14,4.07,17.65
792.59,0,,68.98,17.63,0,1,68.84,-1.17,-5.11,3.97,17.49
792.68,0,,68.85,17.57,0,1,68.86,-1.24,-5.13,3.88,17.44
792.80,0,,68.83,17.50,2,-1,69.00,-1.18,-5.14,3.93,17.51
792.89,0,,68.90,17.48,4,-2,68.97,-1.13,-5.09,4.03,17.51
792.98,0,,68.95,17.50,4,-2,68.90,-1.08,-5.11,4.06,17.58
793.10,0,,68.94,17.54,4,-2,68.88,-1.13,-5.18,3.94,17.60
793.19,0,,68.89,17.57,4,-2,68.71,-1.21,-5.15,3.89,17.49
793.31,0,,68.84,17.55,2,-1,69.03,-1.18,-5.11,3.96,17.48
793.40,0,,68.93,17.53,2,-1,69.33,-1.06,-5.11,4.08,17.60
793.49,0,,69.09,17.55,1,0,69.10,-1.06,-5.13,4.06,17.62
793.58,0,,69.12,17.57,1,0,68.67,-1.20,-5.13,3.92,17.48
793.70,0,,69.03,17.54,1,0,69.29,-1.23,-5.13,3.89,17.45
793.82,0,,69.03,17.50,0,1,69.11,-1.18,-5.16,3.91,17.53
793.88,0,,69.14,17.51,0,1,69.44,-1.12,-5.17,3.96,17.60
794.00,0,,69.22,17.55,0,1,68.96,-1.16,-5.18,3.91,17.57
794.09,0,,69.18,17.56,0,2,69.06,-1.29,-5.16,3.80,17.42
794.18,0,,69.06,17.51,0,1,68.82,-1.31,-5.14,3.80,17.38
794.30,0,,69.02,17.45,1,0,69.45,-1.21,-5.18,3.86,17.52
794.39,0,,69.10,17.47,1,0,69.06,-1.14,-5.22,3.89,17.63
794.48,0,,69.14,17.53,1,0,68.96,-1.26,-5.20,3.79,17.49
794.60,0,,69.07,17.53,1,0,69.00,-1.34,-5.20,3.71,17.41
794.69,0,,69.03,17.50,1,0,69.17,-1.23,-5.23,3.79,17.55
794.81,0,,69.06,17.51,2,-1,69.08,-1.14,-5.19,3.92,17.60
794.90,0,,69.06,17.54,1,0,68.85,-1.20,-5.14,3.91,17.49
794.99,0,,68.99,17.53,2,-1,68.95,-1.29,-5.15,3.81,17.41
795.08,0,,68.97,17.49,2,-1,69.21,-1.25,-5.18,3.82,17.48
795.20,0,,69.01,17.48,2,-1,68.89,-1.18,-5.22,3.85,17.59
795.32,0,,69.05,17.53,1,0,69.24,-1.16,-5.22,3.87,17.61
795.38,0,,69.04,17.57,1,0,68.74,-1.25,-5.19,3.81,17.49
795.50,0,,68.99,17.56,1,0,69.02,-1.27,-5.21,3.77,17.49
795.59,0,,68.93,17.53,1,0,68.89,-1.18,-5.21,3.86,17.58
795.68,0,,68.89,17.52,2,-1,68.70,-1.23,-5.13,3.89,17.45
795.80,0,,68.81,17.51,2,-1,68.77,-1.24,-5.17,3.84,17.48
795.89,0,,68.80,17.50,2,-1,69.04,-1.23,-5.26,3.76,17.58
795.98,0,,68.84,17.51,2,-1,68.71,-1.32,-5.20,3.73,17.43
796.10,0,,68.85,17.50,2,-1,68.85,-1.29,-5.22,3.74,17.48
796.19,0,,68.84,17.50,2,-1,68.88,-1.17,-5.24,3.84,17.62
796.31,0,,68.86,17.53,2,-1,68.91,-1.23,-5.18,3.84,17.50
796.40,0,,68.91,17.53,2,-1,69.07,-1.35,-5.17,3.73,17.37
796.49,0,,68.95,17.46,2,-1,68.82,-1.35,-5.18,3.72,17.38
796.58,0,,68.95,17.40,2,-1,69.00,-1.34,-5.16,3.75,17.37
796.70,0,,68.95,17.39,2,-1,68.98,-1.25,-5.18,3.82,17.48
796.82,0,,69.00,17.42,0,1,69.22,-1.24,-5.21,3.80,17.52
796.88,0,,69.07,17.47,0,1,69.05,-1.33,-5.19,3.73,17.41
797.06,0,,69.04,17.47,0,1,68.55,-1.30,-5.23,3.72,17.48
797.09,0,,68.87,17.48,0,1,68.83,-1.25,-5.24,3.76,17.54
797.18,0,,68.77,17.50,1,0,68.82,-1.25,-5.14,3.86,17.44
797.30,0,,68.80,17.50,1,0,69.05,-1.24,-5.19,3.82,17.50
797.39,0,,68.90,17.50,1,0,68.97,-1.26,-5.24,3.75,17.53
797.48,0,,68.99,17.50,1,0,69.12,-1.29,-5.19,3.77,17.45
797.60,0,,69.03,17.50,1,0,68.89,-1.23,-5.21,3.81,17.53
797.72,0,,68.98,17.50,1,0,68.73,-1.22,-5.19,3.84,17.52
797.81,0,,68.89,17.49,1,0,68.98,-1.35,-5.12,3.78,17.32
797.90,0,,68.88,17.43,1,0,69.02,-1.36,-5.15,3.74,17.34
797.99,0,,68.99,17.37,1,0,69.32,-1.31,-5.15,3.79,17.39
798.08,0,,69.14,17.37,1,0,69.22,-1.22,-5.12,3.91,17.45
798.20,0,,69.17,17.42,1,0,68.77,-1.18,-5.18,3.89,17.55
798.32,0,,69.03,17.47,0,1,68.79,-1.30,-5.21,3.74,17.46
798.38,0,,68.92,17.49,1,0,69.19,-1.33,-5.19,3.73,17.41
798.50,0,,68.99,17.48,1,0,69.31,-1.25,-5.23,3.77,17.53
798.59,0,,69.17,17.50,0,1,69.33,-1.17,-5.24,3.84,17.62
798.68,0,,69.26,17.55,0,1,69.06,-1.24,-5.18,3.83,17.49
798.80,0,,69.19,17.54,0,1,68.87,-1.33,-5.23,3.69,17.45
798.89,0,,69.06,17.51,0,1,69.15,-1.29,-5.26,3.70,17.52
798.98,0,,69.07,17.50,0,1,69.40,-1.21,-5.15,3.89,17.49
799.10,0,,69.18,17.51,0,1,69.14,-1.16,-5.21,3.88,17.60
799.19,0,,69.18,17.55,0,1,68.85,-1.25,-5.29,3.71,17.59
799.31,0,,69.07,17.55,0,1,69.03,-1.38,-5.19,3.68,17.36
799.40,0,,69.01,17.50,0,1,69.17,-1.29,-5.18,3.78,17.44
799.49,0,,69.07,17.47,0,1,69.21,-1.14,-5.19,3.92,17.60
799.58,0,,69.14,17.50,0,1,69.09,-1.18,-5.15,3.92,17.52
799.70,0,,69.21,17.53,0,1,69.58,-1.26,-5.23,3.76,17.52
799.82,0,,69.30,17.55,0,1,69.09,-1.21,-5.28,3.76,17.62
799.88,0,,69.24,17.57,0,1,68.83,-1.22,-5.18,3.85,17.51
800.00,0,,69.06,17.56,0,1,68.92,-1.17,-5.14,3.94,17.52
800.09,0,,68.92,17.55,0,1,68.93,-1.15,-5.20,3.90,17.60
800.18,0,,68.86,17.54,2,-1,68.70,-1.30,-5.17,3.78,17.42
800.30,0,,68.83,17.51,2,-1,69.01,-1.25,-5.17,3.83,17.47
800.39,0,,68.90,17.50,2,-1,69.18,-1.15,-5.25,3.85,17.65
800.48,0,,69.00,17.53,2,-1,68.87,-1.23,-5.18,3.84,17.50
800.60,0,,69.01,17.55,2,-1,68.96,-1.25,-5.20,3.80,17.50
800.69,0,,68.95,17.54,2,-1,68.72,-1.28,-5.30,3.67,17.57
800.81,0,,68.88,17.53,2,-1,69.05,-1.31,-5.18,3.76,17.42
800.90,0,,68.91,17.50,2,-1,69.03,-1.21,-5.12,3.92,17.46
800.99,0,,68.99,17.48,2,-1,69.06,-1.22,-5.19,3.84,17.52
801.08,0,,69.03,17.47,1,0,68.96,-1.33,-5.18,3.74,17.40
801.20,0,,69.04,17.46,1,0,69.13,-1.32,-5.23,3.70,17.46
801.32,0,,69.08,17.46,0,1,69.19,-1.25,-5.24,3.76,17.54
801.38,0,,69.14,17.49,0,1,69.20,-1.22,-5.17,3.86,17.50
801.50,0,,69.19,17.51,0,1,69.24,-1.28,-5.19,3.78,17.46
801.62,0,,69.19,17.49,0,2,68.99,-1.34,-5.23,3.68,17.44
801.68,0,,69.15,17.46,0,2,69.26,-1.34,-5.20,3.71,17.41
801.80,0,,69.16,17.45,0,1,69.25,-1.25,-5.21,3.79,17.51
801.89,0,,69.16,17.48,1,0,68.85,-1.16,-5.22,3.87,17.61
801.98,0,,69.09,17.52,1,0,69.18,-1.28,-5.19,3.78,17.46
802.10,0,,69.02,17.52,1,0,68.77,-1.35,-5.23,3.67,17.43
802.19,0,,68.88,17.48,1,0,68.42,-1.33,-5.23,3.69,17.45
802.31,0,,68.73,17.44,4,-2,69.04,-1.34,-5.14,3.77,17.35
802.40,0,,68.70,17.41,4,-2,68.55,-1.27,-5.13,3.85,17.41
802.49,0,,68.78,17.40,4,-2,69.33,-1.31,-5.17,3.77,17.41
802.58,0,,68.96,17.39,4,-2,69.12,-1.39,-5.19,3.67,17.35
802.70,0,,69.07,17.40,2,-1,68.79,-1.32,-5.24,3.69,17.47
802.82,0,,69.02,17.42,2,-1,68.91,-1.28,-5.22,3.75,17.49
802.88,0,,68.96,17.45,1,0,69.17,-1.33,-5.17,3.75,17.39
803.00,0,,68.97,17.45,1,0,68.74,-1.35,-5.23,3.67,17.43
803.09,0,,68.92,17.43,1,0,68.90,-1.39,-5.26,3.60,17.42
803.21,0,,68.90,17.41,0,1,69.08,-1.44,-5.18,3.63,17.29
803.30,0,,68.94,17.38,0,1,68.86,-1.29,-5.20,3.76,17.46
803.39,0,,68.95,17.41,1,0,68.97,-1.24,-5.27,3.74,17.58
803.48,0,,69.00,17.47,2,-1,69.34,-1.40,-5.23,3.62,17.38
803.60,0,,69.13,17.48,1,0,69.28,-1.35,-5.26,3.64,17.46
803.69,0,,69.21,17.48,0,1,68.91,-1.21,-5.27,3.77,17.61
803.81,0,,69.13,17.51,0,1,69.02,-1.23,-5.13,3.89,17.45
803.90,0,,69.06,17.50,1,0,69.15,-1.30,-5.13,3.82,17.38
803.99,0,,69.00,17.46,1,0,68.62,-1.35,-5.22,3.68,17.42
804.08,0,,68.90,17.42,1,0,68.99,-1.34,-5.17,3.74,17.38
804.20,0,,68.85,17.41,1,0,68.87,-1.23,-5.15,3.87,17.47
804.32,0,,68.88,17.44,2,-1,68.97,-1.18,-5.16,3.91,17.53
804.38,0,,68.89,17.48,1,0,68.74,-1.26,-5.14,3.85,17.43
804.50,0,,68.86,17.48,1,0,68.88,-1.30,-5.17,3.78,17.42
804.59,0,,68.90,17.46,4,-2,69.26,-1.22,-5.17,3.86,17.50
804.68,0,,69.01,17.48,2,-1,69.00,-1.13,-5.15,3.97,17.57
804.80,0,,69.06,17.52,1,0,68.89,-1.19,-5.16,3.90,17.52
804.89,0,,69.02,17.53,1,0,69.09,-1.27,-5.20,3.78,17.48
804.98,0,,68.99,17.51,1,0,68.80,-1.33,-5.21,3.71,17.43
805.10,0,,68.98,17.47,1,0,69.28,-1.28,-5.18,3.79,17.45
805.19,0,,69.03,17.47,1,0,68.97,-1.15,-5.19,3.91,17.59
805.31,0,,69.03,17.52,0,1,68.76,-1.18,-5.19,3.88,17.56
805.40,0,,68.90,17.55,0,1,68.65,-1.25,-5.16,3.84,17.46
805.49,0,,68.86,17.53,1,0,69.51,-1.18,-5.15,3.92,17.52
805.58,0,,69.00,17.53,1,0,68.89,-1.07,-5.16,4.02,17.64
805.70,0,,69.10,17.58,1,0,69.16,-1.04,-5.15,4.06,17.66
805.82,0,,69.09,17.62,1,0,68.95,-1.12,-5.13,4.00,17.56
805.88,0,,69.00,17.61,1,0,68.61,-1.17,-5.14,3.94,17.52
806.00,0,,68.87,17.57,1,0,68.98,-1.18,-5.17,3.90,17.54
806.09,0,,68.88,17.55,1,0,69.27,-1.12,-5.17,3.96,17.60
806.18,0,,68.97,17.57,1,0,68.67,-1.06,-5.16,4.03,17.65
806.30,0,,68.99,17.60,1,0,69.26,-1.13,-5.13,3.99,17.55
806.39,0,,69.04,17.59,1,0,69.07,-1.21,-5.14,3.90,17.48
806.48,0,,69.05,17.55,1,0,68.78,-1.17,-5.20,3.88,17.58
806.60,0,,68.98,17.54,1,0,69.00,-1.12,-5.14,3.99,17.57
806.69,0,,68.94,17.55,1,0,68.95,-1.13,-5.11,4.01,17.53
806.81,0,,68.94,17.55,1,0,68.92,-1.15,-5.15,3.95,17.55
806.90,0,,68.88,17.54,1,0,68.53,-1.17,-5.15,3.93,17.53
806.99,0,,68.78,17.53,1,0,68.87,-1.18,-5.12,3.95,17.49
807.08,0,,68.76,17.52,2,-1,68.96,-1.11,-5.12,4.02,17.56
807.20,0,,68.85,17.53,2,-1,68.97,-1.13,-5.16,3.96,17.58
807.32,0,,68.94,17.55,2,-1,68.99,-1.25,-5.17,3.83,17.47
807.38,0,,68.99,17.54,1,0,69.02,-1.20,-5.19,3.86,17.54
807.50,0,,69.05,17.54,1,0,69.30,-1.12,-5.17,3.96,17.60
807.59,0,,69.15,17.56,1,0,69.17,-1.13,-5.15,3.97,17.57
807.68,0,,69.22,17.57,0,2,69.30,-1.21,-5.16,3.88,17.50
807.80,0,,69.24,17.53,0,2,69.11,-1.30,-5.16,3.79,17.41
807.89,0,,69.17,17.48,0,2,68.85,-1.24,-5.18,3.83,17.49
808.01,0,,69.10,17.48,0,2,69.51,-1.13,-5.19,3.93,17.61
808.10,0,,69.10,17.53,0,1,68.66,-1.18,-5.19,3.88,17.56
808.19,0,,69.00,17.56,0,1,68.85,-1.26,-5.23,3.76,17.52
808.31,0,,68.88,17.56,1,0,68.89,-1.29,-5.24,3.72,17.50
808.40,0,,68.84,17.53,1,0,68.88,-1.27,-5.20,3.78,17.48
808.49,0,,68.90,17.50,4,-2,69.27,-1.19,-5.15,3.91,17.51
808.61,0,,69.06,17.50,4,-2,69.29,-1.22,-5.19,3.84,17.52
808.70,0,,69.16,17.50,2,-1,68.83,-1.31,-5.19,3.75,17.43
808.82,0,,69.08,17.48,1,0,68.86,-1.27,-5.17,3.81,17.45
808.88,0,,69.03,17.47,1,0,69.61,-1.19,-5.18,3.88,17.54
809.06,0,,69.20,17.50,1,0,69.39,-1.18,-5.22,3.85,17.59
809.09,0,,69.31,17.55,0,1,68.90,-1.25,-5.23,3.77,17.53
809.21,0,,69.21,17.55,0,2,69.07,-1.31,-5.20,3.74,17.44
809.30,0,,69.10,17.52,0,2,69.20,-1.26,-5.20,3.79,17.49
809.39,0,,69.10,17.50,0,1,69.18,-1.17,-5.21,3.87,17.59
809.51,0,,69.13,17.52,1,0,69.02,-1.22,-5.18,3.85,17.51
809.60,0,,69.09,17.52,1,0,68.95,-1.33,-5.18,3.74,17.40
809.69,0,,69.03,17.48,1,0,69.03,-1.31,-5.21,3.73,17.45
809.81,0,,69.04,17.47,1,0,69.33,-1.21,-5.21,3.83,17.55
809.90,0,,69.17,17.50,0,1,69.41,-1.16,-5.23,3.86,17.62
809.99,0,,69.24,17.56,0,1,68.83,-1.24,-5.24,3.77,17.55
810.08,0,,69.10,17.56,1,0,68.67,-1.34,-5.17,3.74,17.38
810.20,0,,68.91,17.50,1,0,69.07,-1.30,-5.15,3.80,17.40
810.32,0,,68.93,17.45,2,-1,69.34,-1.17,-5.17,3.91,17.55
810.38,0,,69.09,17.47,1,0,69.17,-1.14,-5.13,3.98,17.54
810.50,0,,69.16,17.50,1,0,68.88,-1.24,-5.13,3.88,17.44
810.59,0,,69.13,17.50,2,-1,69.33,-1.27,-5.17,3.81,17.45
810.68,0,,69.20,17.48,1,0,69.60,-1.21,-5.18,3.86,17.52
810.80,0,,69.29,17.49,1,0,68.78,-1.17,-5.14,3.94,17.52
810.89,0,,69.22,17.50,0,1,69.28,-1.23,-5.14,3.88,17.46
810.98,0,,69.19,17.49,0,2,69.44,-1.26,-5.20,3.79,17.49
811.10,0,,69.28,17.50,0,1,69.37,-1.20,-5.24,3.81,17.59
811.19,0,,69.31,17.54,0,1,68.96,-1.20,-5.23,3.82,17.58
811.31,0,,69.19,17.57,0,1,69.02,-1.18,-5.18,3.89,17.55
811.40,0,,69.06,17.57,1,0,68.99,-1.20,-5.15,3.90,17.50
811.49,0,,69.03,17.53,1,0,69.28,-1.29,-5.16,3.80,17.42
811.58,0,,69.12,17.48,1,0,69.31,-1.27,-5.17,3.81,17.45
811.73,0,,69.25,17.46,1,0,69.36,-1.20,-5.20,3.85,17.55
811.82,0,,69.34,17.50,1,0,69.39,-1.19,-5.23,3.83,17.59
811.88,0,,69.30,17.54,1,0,68.72,-1.28,-5.22,3.75,17.49
812.00,0,,69.09,17.54,1,0,68.83,-1.33,-5.20,3.72,17.42
812.12,0,,68.88,17.50,2,-1,68.78,-1.25,-5.19,3.81,17.49
812.18,0,,68.83,17.48,2,-1,69.24,-1.15,-5.15,3.95,17.55
812.30,0,,68.95,17.51,2,-1,69.08,-1.19,-5.17,3.89,17.53
812.39,0,,69.05,17.53,1,0,68.93,-1.26,-5.21,3.78,17.50
812.48,0,,69.05,17.51,1,0,69.06,-1.29,-5.16,3.80,17.42
812.60,0,,69.08,17.48,2,-1,69.39,-1.22,-5.13,3.90,17.46
812.69,0,,69.16,17.47,1,0,69.01,-1.09,-5.14,4.02,17.60
812.81,0,,69.15,17.52,1,0,69.02,-1.16,-5.21,3.88,17.60
812.90,0,,69.08,17.56,1,0,69.04,-1.27,-5.23,3.75,17.51
812.99,0,,69.03,17.57,1,0,68.94,-1.17,-5.21,3.87,17.59
813.11,0,,68.96,17.58,1,0,68.80,-1.10,-5.20,3.95,17.65
813.20,0,,68.91,17.61,1,0,69.07,-1.13,-5.17,3.95,17.59
813.32,0,,69.01,17.61,1,0,69.56,-1.21,-5.19,3.85,17.53
813.38,0,,69.20,17.57,2,-1,69.10,-1.24,-5.20,3.81,17.51
813.50,0,,69.26,17.54,1,0,69.11,-1.19,-5.18,3.88,17.54
813.59,0,,69.18,17.53,0,1,68.95,-1.16,-5.17,3.92,17.56
813.68,0,,69.05,17.54,1,0,68.86,-1.18,-5.16,3.91,17.53
813.83,0,,68.99,17.54,1,0,69.34,-1.22,-5.17,3.86,17.50
813.89,0,,69.04,17.53,1,0,68.95,-1.19,-5.17,3.89,17.53
813.98,0,,69.06,17.52,1,0,68.92,-1.18,-5.16,3.91,17.53
814.10,0,,69.00,17.53,1,0,68.99,-1.19,-5.18,3.88,17.54
814.19,0,,68.99,17.53,1,0,69.10,-1.19,-5.18,3.88,17.54
814.31,0,,69.01,17.53,1,0,69.00,-1.26,-5.18,3.81,17.47
814.40,0,,69.00,17.51,1,0,68.79,-1.23,-5.20,3.82,17.52
814.49,0,,68.99,17.51,1,0,69.38,-1.16,-5.17,3.92,17.56
814.58,0,,69.07,17.52,1,0,69.05,-1.24,-5.15,3.86,17.46
814.70,0,,69.11,17.50,1,0,68.91,-1.32,-5.18,3.75,17.41
814.82,0,,69.01,17.45,1,0,68.75,-1.30,-5.17,3.78,17.42
814.88,0,,68.90,17.43,1,0,68.96,-1.22,-5.17,3.86,17.50
815.00,0,,68.89,17.46,1,0,69.10,-1.14,-5.16,3.95,17.57
815.09,0,,69.05,17.51,1,0,69.63,-1.23,-5.15,3.87,17.47
815.18,0,,69.24,17.51,1,0,68.94,-1.28,-5.19,3.78,17.46
815.33,0,,69.23,17.50,0,1,69.02,-1.20,-5.20,3.85,17.55
815.39,0,,69.17,17.52,0,1,69.51,-1.15,-5.18,3.92,17.58
815.48,0,,69.18,17.55,1,0,68.78,-1.16,-5.18,3.91,17.57
815.60,0,,69.08,17.56,1,0,68.91,-1.27,-5.17,3.81,17.45
815.69,0,,68.97,17.52,1,0,69.06,-1.30,-5.20,3.75,17.45
815.81,0,,68.95,17.50,1,0,68.91,-1.20,-5.24,3.81,17.59
815.90,0,,68.99,17.53,1,0,69.29,-1.16,-5.23,3.86,17.62
815.99,0,,69.09,17.58,1,0,69.14,-1.23,-5.24,3.78,17.56
816.11,0,,69.18,17.58,1,0,69.27,-1.30,-5.23,3.72,17.48
816.20,0,,69.19,17.54,1,0,68.88,-1.27,-5.22,3.76,17.50
816.32,0,,69.06,17.52,1,0,68.79,-1.18,-5.20,3.87,17.57
816.41,0,,68.95,17.53,1,0,69.21,-1.13,-5.14,3.98,17.56
816.50,0,,68.96,17.56,1,0,68.90,-1.17,-5.19,3.89,17.57
816.59,0,,68.95,17.57,1,0,68.71,-1.20,-5.23,3.82,17.58
816.68,0,,68.86,17.59,1,0,68.81,-1.16,-5.22,3.87,17.61
816.83,0,,68.82,17.61,2,-1,69.02,-1.09,-5.20,3.96,17.66
816.89,0,,68.93,17.63,2,-1,69.33,-1.12,-5.16,3.97,17.59
816.98,0,,69.13,17.62,1,0,69.36,-1.20,-5.19,3.86,17.54
817.10,0,,69.23,17.59,1,0,68.76,-1.19,-5.20,3.86,17.56
817.19,0,,69.21,17.57,1,0,69.66,-1.10,-5.19,3.96,17.64
817.31,0,,69.20,17.60,0,2,68.74,-1.00,-5.13,4.12,17.68
817.40,0,,69.11,17.64,0,2,69.02,-1.07,-5.12,4.06,17.60
817.49,0,,69.01,17.64,1,0,69.05,-1.17,-5.18,3.90,17.56
817.58,0,,68.94,17.61,1,0,68.57,-1.12,-5.16,3.97,17.59
817.70,0,,68.81,17.59,1,0,68.71,-1.06,-5.14,4.05,17.63
817.82,0,,68.75,17.61,2,-1,69.10,-0.98,-5.13,4.14,17.70
817.88,0,,68.87,17.65,2,-1,69.09,-1.00,-5.11,4.14,17.66
818.00,0,,68.99,17.67,2,-1,68.87,-1.02,-5.11,4.12,17.64
818.09,0,,69.00,17.68,2,-1,68.94,-0.90,-5.09,4.26,17.74
818.18,0,,68.93,17.71,2,-1,68.72,-0.80,-5.05,4.40,17.80
818.33,0,,68.97,17.77,2,-1,69.73,-0.73,-5.05,4.47,17.87
818.39,0,,69.13,17.83,1,0,68.88,-0.75,-5.07,4.43,17.87
818.48,0,,69.23,17.85,0,1,69.40,-0.82,-4.99,4.44,17.72
818.60,0,,69.23,17.81,0,1,69.04,-0.77,-4.97,4.51,17.75
818.69,0,,69.18,17.79,0,2,69.05,-0.64,-5.01,4.60,17.92
818.81,0,,69.07,17.82,0,1,68.84,-0.69,-4.99,4.57,17.85
818.90,0,,68.97,17.84,0,1,68.98,-0.84,-5.01,4.40,17.72
818.99,0,,68.91,17.81,1,0,68.84,-0.82,-5.05,4.38,17.78
819.08,0,,68.90,17.79,1,0,69.03,-0.74,-5.07,4.44,17.88
819.20,0,,68.98,17.83,1,0,69.33,-0.69,-5.08,4.48,17.94
819.32,0,,69.16,17.88,1,0,69.42,-0.83,-5.11,4.31,17.83
819.38,0,,69.26,17.86,0,1,68.86,-1.00,-5.07,4.18,17.62
819.50,0,,69.18,17.76,1,0,69.05,-0.95,-5.08,4.22,17.68
819.59,0,,69.09,17.72,0,1,69.28,-0.85,-5.20,4.20,17.90
819.68,0,,69.12,17.76,1,0,69.13,-0.92,-5.15,4.18,17.78
819.83,0,,69.15,17.79,0,1,69.13,-0.99,-5.15,4.11,17.71
819.89,0,,69.16,17.78,0,1,69.20,-0.99,-5.26,4.00,17.82
819.98,0,,69.20,17.77,1,0,69.42,-1.08,-5.18,3.99,17.65
820.10,0,,69.21,17.72,1,0,68.77,-1.06,-5.13,4.06,17.62
820.19,0,,69.16,17.68,0,1,69.44,-1.00,-5.19,4.06,17.74
820.31,0,,69.15,17.67,0,1,69.00,-1.10,-5.15,4.00,17.60
820.40,0,,69.13,17.64,0,1,69.07,-1.18,-5.13,3.94,17.50
820.49,0,,69.09,17.59,1,0,69.13,-1.10,-5.19,3.96,17.64
820.58,0,,69.05,17.59,0,1,68.84,-1.04,-5.17,4.04,17.68
820.70,0,,68.93,17.62,2,-1,68.57,-1.17,-5.17,3.91,17.55
820.85,0,,68.79,17.61,4,-2,68.91,-1.21,-5.25,3.79,17.59
820.88,0,,68.83,17.60,4,-2,69.39,-1.11,-5.21,3.93,17.65
821.00,0,,69.04,17.62,4,-2,69.11,-1.04,-5.18,4.03,17.69
821.09,0,,69.15,17.67,1,0,69.00,-1.01,-5.23,4.01,17.77
821.18,0,,69.16,17.70,1,0,69.31,-1.13,-5.15,3.97,17.57
821.33,0,,69.11,17.67,1,0,68.65,-1.20,-5.18,3.87,17.53
821.42,0,,68.96,17.62,1,0,68.74,-1.09,-5.24,3.92,17.70
821.48,0,,68.86,17.62,1,0,69.27,-1.08,-5.15,4.02,17.62
821.63,0,,68.92,17.63,1,0,68.84,-1.13,-5.16,3.96,17.58
821.72,0,,68.97,17.62,1,0,69.00,-1.13,-5.20,3.92,17.62
821.81,0,,68.93,17.61,2,-1,68.66,-1.12,-5.16,3.97,17.59
821.90,0,,68.85,17.61,2,-1,68.85,-1.08,-5.16,4.01,17.63
821.99,0,,68.80,17.62,2,-1,68.86,-1.03,-5.11,4.11,17.63
822.08,0,,68.84,17.62,2,-1,69.04,-1.11,-5.11,4.03,17.55
822.20,0,,68.90,17.60,2,-1,68.76,-1.15,-5.19,3.91,17.59
822.32,0,,68.91,17.60,2,-1,69.03,-1.08,-5.20,3.97,17.67
822.38,0,,68.96,17.63,2,-1,69.17,-1.03,-5.18,4.04,17.70
822.50,0,,69.08,17.68,2,-1,69.27,-0.98,-5.19,4.08,17.76
822.59,0,,69.16,17.72,2,-1,68.95,-1.05,-5.22,3.98,17.72
822.68,0,,69.16,17.72,1,0,69.31,-1.21,-5.19,3.85,17.53
822.83,0,,69.15,17.65,0,2,68.99,-1.13,-5.16,3.96,17.58
822.89,0,,69.14,17.61,0,2,69.21,-1.01,-5.20,4.04,17.74
822.98,0,,69.17,17.63,0,2,69.42,-1.13,-5.17,3.95,17.59
823.10,0,,69.28,17.64,0,2,69.44,-1.19,-5.21,3.85,17.57
823.19,0,,69.35,17.62,0,2,69.07,-1.17,-5.28,3.80,17.66
823.31,0,,69.28,17.62,0,1,69.17,-1.17,-5.19,3.89,17.57
823.40,0,,69.17,17.60,0,1,69.04,-1.12,-5.12,4.01,17.55
823.49,0,,69.11,17.58,0,1,69.23,-1.15,-5.15,3.95,17.55
823.58,0,,69.14,17.56,0,1,69.27,-1.20,-5.18,3.87,17.53
823.70,0,,69.17,17.55,1,0,68.98,-1.14,-5.20,3.91,17.61
823.82,0,,69.12,17.58,2,-1,69.04,-1.08,-5.21,3.96,17.68
823.88,0,,69.06,17.63,2,-1,69.06,-1.07,-5.18,4.00,17.66
824.00,0,,69.05,17.65,2,-1,69.11,-1.13,-5.19,3.93,17.61
824.09,0,,69.07,17.64,2,-1,69.09,-1.19,-5.20,3.86,17.56
824.18,0,,69.11,17.60,2,-1,69.23,-1.17,-5.14,3.94,17.52
824.33,0,,69.18,17.57,1,0,69.33,-1.07,-5.18,4.00,17.66
824.39,0,,69.23,17.60,0,1,69.07,-1.06,-5.23,3.96,17.72
824.48,0,,69.21,17.64,0,1,69.19,-1.16,-5.17,3.92,17.56
824.60,0,,69.20,17.64,0,1,69.32,-1.15,-5.19,3.91,17.59
824.69,0,,69.21,17.62,0,1,69.11,-1.11,-5.21,3.93,17.65
824.81,0,,69.18,17.62,0,1,69.02,-1.10,-5.14,4.01,17.59
824.93,0,,69.13,17.60,0,1,69.28,-1.16,-5.13,3.96,17.52
824.99,0,,69.15,17.56,1,0,69.19,-1.25,-5.16,3.84,17.46
825.08,0,,69.16,17.51,1,0,68.98,-1.21,-5.17,3.87,17.51
825.20,0,,69.09,17.52,1,0,68.95,-1.07,-5.18,4.00,17.66
825.32,0,,68.98,17.58,1,0,68.80,-1.09,-5.19,3.97,17.65
825.38,0,,68.93,17.61,1,0,69.19,-1.26,-5.14,3.85,17.43
825.50,0,,68.96,17.56,2,-1,68.88,-1.28,-5.17,3.80,17.44
825.59,0,,68.95,17.50,2,-1,68.74,-1.18,-5.18,3.89,17.55
825.68,0,,68.94,17.49,2,-1,69.38,-1.17,-5.09,3.99,17.47
825.83,0,,69.06,17.50,2,-1,69.16,-1.15,-5.17,3.93,17.57
825.89,0,,69.11,17.54,2,-1,68.67,-1.17,-5.25,3.83,17.63
825.98,0,,69.02,17.58,2,-1,69.20,-1.23,-5.18,3.84,17.50
826.10,0,,68.97,17.57,2,-1,68.82,-1.19,-5.19,3.87,17.55
826.19,0,,68.93,17.57,1,0,68.84,-1.09,-5.20,3.96,17.66
826.31,0,,68.93,17.59,1,0,69.28,-1.15,-5.18,3.92,17.58
826.40,0,,69.02,17.59,1,0,69.01,-1.25,-5.18,3.82,17.48
826.58,0,,69.04,17.56,1,0,68.78,-1.18,-5.15,3.92,17.52
826.58,0,,68.90,17.53,1,0,68.45,-1.11,-5.12,4.02,17.56
826.70,0,,68.74,17.54,2,-1,69.02,-1.11,-5.13,4.01,17.57
826.82,0,,68.82,17.57,2,-1,69.42,-1.09,-5.21,3.95,17.67
826.88,0,,69.06,17.61,2,-1,69.10,-1.15,-5.19,3.91,17.59
827.00,0,,69.15,17.62,2,-1,68.81,-1.18,-5.15,3.92,17.52
827.09,0,,69.01,17.60,2,-1,68.58,-1.05,-5.17,4.03,17.67
827.18,0,,68.84,17.61,2,-1,69.06,-1.08,-5.10,4.07,17.57
827.33,0,,68.85,17.60,2,-1,69.10,-1.18,-5.14,3.93,17.51
827.39,0,,68.96,17.58,2,-1,68.94,-1.14,-5.21,3.90,17.62
827.48,0,,69.00,17.56,1,0,68.96,-1.17,-5.12,3.96,17.50
827.60,0,,68.99,17.56,1,0,69.01,-1.08,-5.15,4.02,17.62
827.69,0,,68.99,17.59,1,0,68.97,-1.07,-5.23,3.95,17.71
827.81,0,,69.02,17.62,1,0,69.27,-1.25,-5.18,3.82,17.48
827.96,0,,69.08,17.59,1,0,68.95,-1.22,-5.18,3.85,17.51
827.99,0,,69.05,17.55,1,0,68.84,-1.16,-5.17,3.92,17.56
828.08,0,,68.93,17.54,1,0,68.67,-1.15,-5.16,3.94,17.56
828.20,0,,68.88,17.56,1,0,69.41,-1.16,-5.25,3.84,17.64
828.32,0,,69.05,17.59,1,0,69.44,-1.24,-5.25,3.76,17.56
828.38,0,,69.26,17.59,1,0,69.16,-1.22,-5.18,3.85,17.51
828.50,0,,69.32,17.57,1,0,69.29,-1.17,-5.20,3.88,17.58
828.59,0,,69.30,17.57,0,1,69.26,-1.18,-5.25,3.82,17.62
828.68,0,,69.29,17.58,0,2,69.35,-1.25,-5.21,3.79,17.51
828.83,0,,69.23,17.55,0,2,68.79,-1.35,-5.22,3.68,17.42
828.89,0,,69.08,17.50,0,1,68.95,-1.32,-5.25,3.68,17.48
828.98,0,,68.95,17.47,0,1,68.95,-1.25,-5.20,3.80,17.50
829.10,0,,68.93,17.48,0,1,69.03,-1.29,-5.25,3.71,17.51
829.19,0,,68.95,17.50,4,-2,68.89,-1.32,-5.28,3.65,17.51
829.31,0,,68.91,17.50,4,-2,68.67,-1.30,-5.19,3.76,17.44
829.40,0,,68.88,17.48,4,-2,69.23,-1.29,-5.20,3.76,17.46
829.49,0,,68.95,17.47,4,-2,69.04,-1.24,-5.21,3.80,17.52
829.58,0,,69.05,17.48,2,-1,69.12,-1.26,-5.19,3.80,17.48
829.70,0,,69.07,17.49,2,-1,68.89,-1.33,-5.22,3.70,17.44
829.82,0,,69.07,17.48,1,0,69.37,-1.28,-5.21,3.76,17.48
829.88,0,,69.14,17.47,1,0,69.15,-1.28,-5.14,3.83,17.41
830.00,0,,69.19,17.45,1,0,69.13,-1.32,-5.18,3.75,17.41
830.09,0,,69.15,17.44,0,1,68.91,-1.28,-5.27,3.70,17.54
830.18,0,,69.05,17.46,0,1,68.96,-1.33,-5.20,3.72,17.42
830.33,0,,69.01,17.46,0,1,69.33,-1.33,-5.18,3.74,17.40
830.39,0,,69.08,17.46,1,0,69.04,-1.22,-5.24,3.79,17.57
830.48,0,,69.12,17.49,1,0,69.07,-1.27,-5.20,3.78,17.48
830.60,0,,69.12,17.50,1,0,69.18,-1.34,-5.20,3.71,17.41
830.69,0,,69.06,17.47,1,0,68.65,-1.34,-5.23,3.68,17.44
830.81,0,,68.97,17.44,0,1,69.21,-1.32,-5.18,3.75,17.41
830.90,0,,68.93,17.44,2,-1,68.66,-1.22,-5.19,3.84,17.52
830.99,0,,68.95,17.47,2,-1,69.46,-1.27,-5.24,3.74,17.52
831.08,0,,69.01,17.49,2,-1,68.60,-1.39,-5.21,3.65,17.37
831.20,0,,69.02,17.46,2,-1,69.32,-1.33,-5.22,3.70,17.44
831.32,0,,69.07,17.46,1,0,69.24,-1.21,-5.25,3.79,17.59
831.38,0,,69.16,17.50,1,0,69.06,-1.25,-5.22,3.78,17.52
831.50,0,,69.15,17.52,1,0,69.00,-1.37,-5.23,3.65,17.41
831.59,0,,69.11,17.49,1,0,69.23,-1.33,-5.24,3.68,17.46
831.68,0,,69.08,17.46,1,0,68.81,-1.29,-5.21,3.75,17.47
831.83,0,,69.02,17.47,1,0,69.06,-1.21,-5.23,3.81,17.57
831.89,0,,68.99,17.52,1,0,69.05,-1.17,-5.23,3.85,17.61
831.98,0,,69.05,17.56,1,0,69.29,-1.27,-5.21,3.77,17.49
832.10,0,,69.15,17.55,1,0,69.21,-1.26,-5.20,3.79,17.49
832.19,0,,69.15,17.53,1,0,68.70,-1.16,-5.19,3.90,17.58
832.31,0,,69.03,17.54,1,0,69.08,-1.15,-5.17,3.93,17.57
832.40,0,,69.04,17.56,1,0,69.55,-1.19,-5.19,3.87,17.55
832.49,0,,69.21,17.57,1,0,69.27,-1.20,-5.22,3.83,17.57
832.58,0,,69.26,17.57,1,0,68.78,-1.18,-5.18,3.89,17.55
832.70,0,,69.16,17.56,1,0,69.36,-1.14,-5.15,3.96,17.56
832.82,0,,69.19,17.57,1,0,69.57,-1.10,-5.17,3.98,17.62
832.88,0,,69.31,17.60,1,0,69.12,-1.11,-5.19,3.95,17.63
833.00,0,,69.30,17.62,0,1,69.12,-1.15,-5.19,3.91,17.59
833.12,0,,69.20,17.62,0,1,69.08,-1.12,-5.16,3.97,17.59
833.18,0,,69.12,17.62,0,1,69.12,-1.02,-5.15,4.08,17.68
833.33,0,,69.07,17.64,0,1,68.90,-1.06,-5.16,4.03,17.65
833.39,0,,69.02,17.65,1,0,69.12,-1.12,-5.16,3.97,17.59
833.48,0,,69.02,17.64,1,0,69.03,-1.05,-5.19,4.01,17.69
833.60,0,,69.10,17.66,2,-1,69.50,-0.97,-5.19,4.09,17.77
833.69,0,,69.26,17.71,2,-1,69.46,-0.96,-5.15,4.14,17.74
833.81,0,,69.39,17.74,1,0,69.28,-1.03,-5.17,4.05,17.69
833.90,0,,69.37,17.73,1,0,69.11,-1.05,-5.20,4.00,17.70
833.99,0,,69.24,17.72,1,0,69.06,-0.98,-5.18,4.09,17.75
834.08,0,,69.13,17.74,1,0,69.12,-0.93,-5.15,4.17,17.77
834.20,0,,69.07,17.75,1,0,69.03,-0.96,-5.14,4.15,17.73
834.32,0,,69.09,17.74,1,0,69.38,-1.09,-5.15,4.01,17.61
834.38,0,,69.12,17.69,1,0,68.74,-1.07,-5.18,4.00,17.66
834.50,0,,69.08,17.68,1,0,69.23,-0.96,-5.19,4.10,17.78
834.59,0,,69.11,17.72,2,-1,69.48,-0.88,-5.16,4.21,17.83
834.68,0,,69.27,17.79,1,0,69.35,-0.89,-5.23,4.13,17.89
834.83,0,,69.33,17.84,1,0,69.05,-1.02,-5.23,4.00,17.76
834.89,0,,69.23,17.81,1,0,68.95,-1.08,-5.15,4.02,17.62
834.98,0,,69.03,17.74,1,0,68.68,-1.02,-5.17,4.06,17.70
835.10,0,,68.89,17.70,1,0,69.16,-0.96,-5.18,4.11,17.77
835.19,0,,68.98,17.71,1,0,69.50,-1.04,-5.18,4.03,17.69
835.31,0,,69.15,17.71,1,0,68.86,-1.12,-5.20,3.93,17.63
835.40,0,,69.20,17.69,1,0,69.43,-1.09,-5.22,3.94,17.68
835.49,0,,69.25,17.68,1,0,69.33,-1.03,-5.19,4.03,17.71
835.58,0,,69.28,17.68,1,0,69.08,-1.09,-5.19,3.97,17.65
835.70,0,,69.12,17.67,1,0,68.34,-1.21,-5.24,3.80,17.58
835.85,0,,68.87,17.62,1,0,69.12,-1.24,-5.20,3.81,17.51
835.94,0,,68.83,17.57,1,0,69.15,-1.16,-5.14,3.95,17.53
836.00,0,,68.90,17.54,1,0,68.50,-1.07,-5.11,4.07,17.59
836.09,0,,68.89,17.55,2,-1,69.23,-1.07,-5.09,4.09,17.57
836.18,0,,68.90,17.57,2,-1,68.70,-1.06,-5.08,4.11,17.57
836.33,0,,68.95,17.58,2,-1,69.30,-1.04,-5.08,4.13,17.59
836.39,0,,69.04,17.60,2,-1,69.15,-0.98,-5.13,4.14,17.70
836.48,0,,69.14,17.66,2,-1,69.10,-0.86,-5.12,4.27,17.81
836.63,0,,69.18,17.74,2,-1,69.32,-0.79,-5.01,4.45,17.77
836.69,0,,69.21,17.79,0,2,69.10,-0.75,-4.98,4.52,17.78
836.84,0,,69.20,17.80,0,2,69.22,-0.73,-4.97,4.55,17.79
836.90,0,,69.21,17.81,0,2,69.35,-0.48,-4.80,4.97,17.87
837.08,0,,69.31,17.86,0,2,69.68,-0.08,-4.60,5.57,18.07
837.08,0,,69.47,17.99,0,2,69.57,0.17,-4.53,5.89,18.25
837.20,0,,69.56,18.15,0,2,69.37,0.13,-4.63,5.75,18.31
837.32,0,,69.49,18.25,0,2,69.28,-0.18,-4.77,5.30,18.14
837.38,0,,69.42,18.23,0,2,69.57,-0.28,-4.77,5.20,18.04
837.56,0,,69.34,18.14,0,1,68.83,-0.30,-4.76,5.19,18.01
837.60,0,,69.24,18.05,0,1,69.53,-0.45,-4.87,4.93,17.97
837.68,0,,69.25,17.98,1,0,69.37,-0.56,-4.93,4.76,17.92
837.92,0,,69.28,17.92,2,-1,68.92,-0.68,-4.91,4.66,17.78
837.92,0,,69.24,17.86,2,-1,69.60,-0.75,-4.97,4.53,17.77
837.98,0,,69.35,17.81,2,-1,69.73,-0.75,-5.04,4.46,17.84
838.10,0,,69.47,17.80,2,-1,69.03,-0.78,-5.01,4.46,17.78
838.19,0,,69.44,17.79,1,0,69.64,-0.86,-5.02,4.37,17.71
838.31,0,,69.49,17.76,0,1,69.85,-1.00,-5.16,4.09,17.71
838.40,0,,69.61,17.71,0,1,69.50,-1.16,-5.17,3.92,17.56
838.61,0,,69.65,17.61,0,1,69.65,-1.33,-5.15,3.77,17.37
838.61,0,,69.60,17.49,0,1,69.36,-1.43,-5.24,3.58,17.36
838.70,0,,69.45,17.39,0,1,68.98,-1.46,-5.25,3.54,17.34
838.82,0,,69.21,17.33,1,0,68.96,-1.44,-5.19,3.62,17.30
838.88,0,,69.07,17.32,1,0,69.35,-1.34,-5.17,3.74,17.38
839.00,0,,69.06,17.34,2,-1,68.81,-1.37,-5.18,3.70,17.36
839.09,0,,69.04,17.35,4,-2,69.14,-1.49,-5.22,3.54,17.28
839.21,0,,69.09,17.33,4,-2,69.50,-1.50,-5.23,3.52,17.28
839.33,0,,69.27,17.31,4,-2,69.47,-1.45,-5.21,3.59,17.31
839.39,0,,69.37,17.29,4,-2,69.02,-1.52,-5.24,3.49,17.27
839.51,0,,69.25,17.27,2,-1,68.81,-1.65,-5.24,3.36,17.14
839.60,0,,69.04,17.20,1,0,69.03,-1.70,-5.20,3.35,17.05
839.69,0,,68.97,17.13,1,0,69.21,-1.69,-5.24,3.32,17.10
839.81,0,,69.03,17.10,2,-1,69.01,-1.64,-5.27,3.34,17.18
839.90,0,,69.09,17.12,2,-1,69.22,-1.71,-5.27,3.27,17.11
840.11,0,,69.11,17.12,2,-1,68.91,-1.82,-5.32,3.11,17.05
840.11,0,,69.11,17.12,2,-1,68.91,-1.82,-5.32,3.11,17.05
840.23,0,,69.13,17.10,2,-1,69.25,-1.71,-5.31,3.23,17.15
840.32,0,,69.20,17.11,2,-1,69.25,-1.73,-5.30,3.22,17.12
840.38,0,,69.20,17.12,0,1,68.88,-1.80,-5.28,3.17,17.03
840.56,0,,69.07,17.08,0,1,68.82,-1.84,-5.31,3.10,17.02
840.59,0,,69.03,17.05,1,0,69.72,-1.80,-5.30,3.15,17.05
840.68,0,,69.16,17.04,1,0,68.92,-1.71,-5.25,3.29,17.09
840.83,0,,69.23,17.06,2,-1,69.34,-1.75,-5.29,3.21,17.09
840.92,0,,69.23,17.09,1,0,69.19,-1.77,-5.31,3.17,17.09
840.98,0,,69.19,17.10,1,0,68.89,-1.73,-5.28,3.24,17.10
841.10,0,,69.10,17.11,1,0,69.15,-1.67,-5.28,3.30,17.16
841.19,0,,69.06,17.14,1,0,69.08,-1.60,-5.26,3.39,17.21
841.31,0,,69.07,17.17,1,0,69.08,-1.66,-5.27,3.32,17.16
841.40,0,,69.07,17.18,1,0,69.06,-1.73,-5.29,3.23,17.11
841.49,0,,69.04,17.16,1,0,68.83,-1.66,-5.27,3.32,17.16
841.58,0,,68.96,17.16,1,0,68.90,-1.60,-5.26,3.39,17.21
841.70,0,,68.94,17.17,1,0,69.19,-1.63,-5.24,3.38,17.16
841.82,0,,69.00,17.18,1,0,69.04,-1.69,-5.24,3.32,17.10
841.88,0,,69.06,17.15,1,0,69.00,-1.72,-5.26,3.27,17.09
842.00,0,,69.04,17.12,1,0,68.97,-1.71,-5.26,3.28,17.10
842.09,0,,69.01,17.11,1,0,68.98,-1.64,-5.23,3.38,17.14
842.18,0,,68.94,17.11,1,0,68.66,-1.68,-5.23,3.34,17.10
842.36,0,,68.87,17.10,1,0,69.07,-1.80,-5.24,3.21,16.99
842.39,0,,68.92,17.06,1,0,69.18,-1.81,-5.24,3.20,16.98
842.48,0,,69.07,17.02,1,0,69.29,-1.76,-5.27,3.22,17.06
842.60,0,,69.19,17.02,1,0,69.12,-1.76,-5.24,3.25,17.03
842.72,0,,69.22,17.03,0,1,69.20,-1.83,-5.25,3.17,16.97
842.81,0,,69.20,17.01,0,1,69.18,-1.89,-5.30,3.06,16.96
842.90,0,,69.14,16.98,0,1,68.76,-1.89,-5.29,3.07,16.95
842.99,0,,68.99,16.96,1,0,68.89,-1.89,-5.29,3.07,16.95
843.11,0,,68.84,16.95,1,0,68.53,-1.89,-5.29,3.07,16.95
843.20,0,,68.66,16.95,1,0,68.40,-1.91,-5.30,3.04,16.94
843.35,0,,68.57,16.94,4,-2,68.99,-2.00,-5.32,2.93,16.87
843.41,0,,68.66,16.91,4,-2,68.80,-2.00,-5.31,2.94,16.86
843.50,0,,68.83,16.89,4,-2,69.17,-1.89,-5.28,3.08,16.94
843.59,0,,68.99,16.90,4,-2,69.02,-1.91,-5.28,3.06,16.92
843.68,0,,69.05,16.90,2,-1,68.90,-2.03,-5.30,2.92,16.82
843.89,0,,69.00,16.87,2,-1,68.86,-2.07,-5.31,2.87,16.79
843.89,0,,68.92,16.84,1,0,68.88,-2.01,-5.32,2.92,16.86
844.01,0,,68.92,16.83,1,0,69.22,-1.94,-5.26,3.05,16.87
844.10,0,,69.05,16.85,0,2,69.37,-2.00,-5.28,2.97,16.83
844.19,0,,69.18,16.85,0,2,68.92,-2.06,-5.33,2.86,16.82
844.31,0,,69.13,16.83,0,2,68.88,-2.06,-5.29,2.90,16.78
844.40,0,,68.95,16.81,0,1,68.55,-2.02,-5.28,2.95,16.81
844.58,0,,68.80,16.80,2,-1,69.10,-1.99,-5.26,3.00,16.82
844.61,0,,68.83,16.80,1,0,68.98,-2.03,-5.27,2.95,16.79
844.76,0,,68.93,16.79,1,0,68.94,-2.10,-5.28,2.87,16.73
844.82,0,,68.96,16.77,1,0,68.88,-2.06,-5.24,2.95,16.73
844.91,0,,68.94,16.77,2,-1,68.97,-1.91,-5.26,3.08,16.90
845.00,0,,68.92,16.81,2,-1,68.83,-1.96,-5.26,3.03,16.85
845.09,0,,68.92,16.84,2,-1,69.06,-2.05,-5.25,2.95,16.75
845.21,0,,68.94,16.82,1,0,68.94,-2.01,-5.25,2.99,16.79
845.33,0,,68.97,16.80,1,0,69.02,-1.98,-5.27,3.00,16.84
845.39,0,,69.05,16.83,1,0,69.40,-1.86,-5.28,3.11,16.97
845.51,0,,69.12,16.89,1,0,68.80,-1.85,-5.24,3.16,16.94
845.60,0,,69.05,16.92,0,1,68.78,-2.02,-5.19,3.04,16.72
845.69,0,,68.87,16.86,1,0,68.59,-1.98,-5.22,3.05,16.79
845.81,0,,68.75,16.82,1,0,68.99,-1.84,-5.21,3.20,16.92
845.90,0,,68.77,16.83,2,-1,68.81,-1.86,-5.15,3.24,16.84
845.99,0,,68.82,16.85,2,-1,68.79,-1.93,-5.20,3.12,16.82
846.11,0,,68.86,16.85,2,-1,69.08,-1.92,-5.23,3.10,16.86
846.20,0,,68.87,16.85,2,-1,68.47,-1.87,-5.18,3.20,16.86
846.32,0,,68.78,16.87,2,-1,68.74,-1.78,-5.17,3.30,16.94
846.41,0,,68.72,16.91,2,-1,68.91,-1.76,-5.17,3.32,16.96
846.50,0,,68.84,16.94,2,-1,69.35,-1.83,-5.18,3.24,16.90
846.62,0,,69.03,16.94,2,-1,68.94,-1.86,-5.21,3.18,16.90
846.71,0,,69.10,16.92,1,0,69.05,-1.87,-5.19,3.19,16.87
846.83,0,,69.03,16.90,0,1,68.71,-1.77,-5.15,3.33,16.93
846.89,0,,68.91,16.92,0,1,68.86,-1.73,-5.20,3.32,17.02
847.01,0,,68.91,16.96,0,1,69.48,-1.81,-5.23,3.21,16.97
847.13,0,,69.05,16.98,0,1,68.88,-1.84,-5.18,3.23,16.89
847.19,0,,69.08,16.95,0,1,68.92,-1.82,-5.17,3.26,16.90
847.31,0,,68.98,16.93,0,1,68.80,-1.72,-5.18,3.35,17.01
847.40,0,,68.84,16.94,1,0,68.56,-1.80,-5.15,3.30,16.90
847.49,0,,68.76,16.93,1,0,69.12,-1.93,-5.18,3.14,16.80
847.61,0,,68.79,16.89,2,-1,68.61,-1.82,-5.21,3.22,16.94
847.70,0,,68.79,16.89,2,-1,68.79,-1.76,-5.14,3.35,16.93
847.82,0,,68.76,16.91,2,-1,68.73,-1.80,-5.15,3.30,16.90
847.91,0,,68.73,16.91,4,-2,68.58,-1.85,-5.18,3.22,16.88
848.06,0,,68.70,16.89,4,-2,68.84,-1.91,-5.14,3.20,16.78
848.09,0,,68.74,16.84,2,-1,68.93,-1.88,-5.14,3.23,16.81
848.21,0,,68.83,16.83,2,-1,68.84,-1.74,-5.16,3.35,16.97
848.33,0,,68.87,16.89,2,-1,68.83,-1.75,-5.17,3.33,16.97
848.42,0,,68.85,16.93,2,-1,68.75,-1.86,-5.16,3.23,16.85
848.51,0,,68.81,16.92,0,1,68.79,-1.85,-5.14,3.26,16.84
848.60,0,,68.83,16.88,0,1,69.16,-1.81,-5.14,3.30,16.88
848.69,0,,68.90,16.88,0,1,68.70,-1.76,-5.15,3.34,16.94
848.81,0,,68.86,16.90,0,1,68.56,-1.80,-5.18,3.27,16.93
848.90,0,,68.72,16.92,0,1,68.63,-1.88,-5.20,3.17,16.87
848.99,0,,68.62,16.90,1,0,68.56,-1.88,-5.14,3.23,16.81
849.11,0,,68.64,16.86,2,-1,69.08,-1.83,-5.10,3.32,16.82
849.20,0,,68.79,16.84,2,-1,68.92,-1.77,-5.14,3.34,16.92
849.32,0,,68.88,16.86,2,-1,68.62,-1.82,-5.14,3.29,16.87
849.41,0,,68.78,16.86,2,-1,68.40,-1.92,-5.12,3.21,16.75
849.50,0,,68.71,16.83,2,-1,69.36,-1.88,-5.13,3.24,16.80
849.59,0,,68.83,16.81,2,-1,68.78,-1.77,-5.11,3.37,16.89
849.71,0,,68.94,16.83,1,0,68.96,-1.82,-5.10,3.33,16.83
849.83,0,,68.93,16.84,1,0,68.79,-1.90,-5.13,3.22,16.78
849.89,0,,68.85,16.82,1,0,68.60,-1.89,-5.12,3.24,16.78
850.13,0,,68.76,16.80,1,0,68.86,-1.86,-5.14,3.25,16.83
850.13,0,,68.71,16.81,1,0,68.57,-1.80,-5.12,3.33,16.87
850.19,0,,68.72,16.83,1,0,68.96,-1.87,-5.10,3.28,16.78
850.34,0,,68.79,16.82,1,0,68.91,-1.93,-5.14,3.18,16.76
850.40,0,,68.88,16.79,1,0,68.96,-1.91,-5.13,3.21,16.77
850.49,0,,68.92,16.78,1,0,68.79,-1.89,-5.13,3.23,16.79
850.61,0,,68.89,16.79,1,0,68.83,-1.82,-5.12,3.31,16.85
850.70,0,,68.83,16.81,1,0,68.72,-1.87,-5.11,3.27,16.79
850.82,0,,68.76,16.81,1,0,68.60,-1.95,-5.12,3.18,16.72
850.91,0,,68.69,16.78,1,0,68.78,-1.93,-5.12,3.20,16.74
851.00,0,,68.73,16.76,1,0,69.07,-1.87,-5.13,3.25,16.81
851.09,0,,68.83,16.78,1,0,68.64,-1.82,-5.14,3.29,16.87
851.21,0,,68.83,16.81,1,0,68.83,-1.89,-5.12,3.24,16.78
851.33,0,,68.85,16.82,1,0,69.15,-1.94,-5.12,3.19,16.73
851.39,0,,68.88,16.79,1,0,68.47,-1.91,-5.16,3.18,16.80
851.57,0,,68.80,16.78,1,0,68.78,-1.89,-5.13,3.23,16.79
851.60,0,,68.75,16.79,1,0,68.94,-1.86,-5.12,3.27,16.81
851.72,0,,68.78,16.81,1,0,68.68,-1.87,-5.18,3.20,16.86
851.81,0,,68.73,16.82,1,0,68.41,-1.96,-5.13,3.16,16.72
851.90,0,,68.61,16.79,1,0,68.62,-1.94,-5.10,3.21,16.71
852.08,0,,68.61,16.76,2,-1,69.06,-1.83,-5.14,3.28,16.86
852.11,0,,68.72,16.79,1,0,68.57,-1.83,-5.16,3.26,16.88
852.20,0,,68.67,16.84,1,0,68.09,-1.91,-5.16,3.18,16.80
852.32,0,,68.51,16.84,1,0,68.84,-1.98,-5.16,3.11,16.73
852.41,0,,68.54,16.79,2,-1,68.80,-1.98,-5.13,3.14,16.70
852.50,0,,68.67,16.75,2,-1,68.67,-1.87,-5.11,3.27,16.79
852.59,0,,68.71,16.75,2,-1,68.54,-1.87,-5.12,3.26,16.80
852.74,0,,68.67,16.76,2,-1,68.70,-1.99,-5.14,3.12,16.70
852.83,0,,68.65,16.75,2,-1,68.66,-2.01,-5.13,3.11,16.67
852.89,0,,68.67,16.71,2,-1,68.80,-2.00,-5.13,3.12,16.68
853.01,0,,68.70,16.69,2,-1,68.53,-1.92,-5.11,3.22,16.74
853.10,0,,68.69,16.71,0,1,68.82,-1.91,-5.10,3.24,16.74
853.19,0,,68.74,16.72,0,1,68.99,-2.01,-5.12,3.12,16.66
853.31,0,,68.80,16.71,0,1,68.54,-2.04,-5.17,3.04,16.68
853.40,0,,68.74,16.69,0,1,68.52,-2.06,-5.17,3.02,16.66
853.58,0,,68.71,16.68,0,1,69.26,-1.97,-5.13,3.15,16.71
853.61,0,,68.88,16.69,1,0,69.14,-1.96,-5.16,3.13,16.75
853.70,0,,69.03,16.70,1,0,68.82,-2.10,-5.12,3.03,16.57
853.82,0,,68.99,16.66,0,2,68.73,-2.10,-5.11,3.04,16.56
853.91,0,,68.89,16.62,0,2,68.94,-2.02,-5.15,3.08,16.68
854.00,0,,68.85,16.63,0,1,68.90,-1.94,-5.12,3.19,16.73
854.09,0,,68.81,16.68,0,1,68.42,-1.99,-5.11,3.15,16.67
854.36,0,,68.75,16.68,1,0,69.16,-2.13,-5.15,2.97,16.57
854.36,0,,68.78,16.65,1,0,68.56,-2.06,-5.16,3.03,16.65
854.39,0,,68.81,16.64,0,1,69.01,-1.96,-5.14,3.15,16.73
854.51,0,,68.79,16.68,2,-1,68.49,-1.91,-5.12,3.22,16.76
854.60,0,,68.73,16.73,2,-1,68.78,-1.96,-5.15,3.14,16.74
854.69,0,,68.69,16.73,2,-1,68.65,-2.07,-5.13,3.05,16.61
854.81,0,,68.63,16.69,2,-1,68.37,-2.06,-5.14,3.05,16.63
854.90,0,,68.53,16.66,2,-1,68.45,-1.97,-5.15,3.13,16.73
855.11,0,,68.48,16.68,2,-1,68.74,-1.94,-5.12,3.19,16.73
855.11,0,,68.57,16.70,4,-2,68.71,-2.00,-5.13,3.12,16.68
855.20,0,,68.67,16.70,2,-1,68.74,-2.06,-5.12,3.07,16.61
855.32,0,,68.71,16.67,1,0,68.56,-2.03,-5.12,3.10,16.64
855.44,0,,68.63,16.66,1,0,68.29,-1.94,-5.16,3.15,16.77
855.50,0,,68.55,16.70,1,0,68.95,-1.93,-5.16,3.16,16.78
855.59,0,,68.60,16.75,1,0,68.50,-1.99,-5.16,3.10,16.72
855.71,0,,68.61,16.75,1,0,68.43,-2.04,-5.13,3.08,16.64
855.83,0,,68.54,16.70,1,0,68.52,-2.04,-5.09,3.12,16.60
855.92,0,,68.53,16.65,2,-1,68.78,-1.95,-5.09,3.21,16.69
856.13,0,,68.61,16.66,2,-1,68.70,-1.92,-5.10,3.23,16.73
856.13,0,,68.70,16.69,2,-1,68.79,-2.01,-5.13,3.11,16.67
856.22,0,,68.77,16.69,0,1,68.89,-2.04,-5.15,3.06,16.66
856.31,0,,68.85,16.69,0,1,68.99,-1.97,-5.13,3.15,16.71
856.40,0,,68.87,16.70,0,1,68.53,-1.91,-5.12,3.22,16.76
856.49,0,,68.82,16.72,0,2,69.00,-1.97,-5.11,3.17,16.69
856.61,0,,68.85,16.72,0,2,69.08,-2.02,-5.13,3.10,16.66
856.70,0,,68.91,16.70,0,2,68.60,-2.00,-5.15,3.10,16.70
856.82,0,,68.83,16.70,0,1,68.65,-1.99,-5.16,3.10,16.72
856.91,0,,68.68,16.71,0,1,68.48,-1.93,-5.14,3.18,16.76
857.06,0,,68.64,16.74,1,0,69.08,-1.93,-5.12,3.20,16.74
857.09,0,,68.76,16.74,1,0,68.92,-1.97,-5.13,3.15,16.71
857.21,0,,68.89,16.73,1,0,68.86,-1.97,-5.14,3.14,16.72
857.33,0,,68.92,16.72,0,1,68.86,-1.99,-5.12,3.14,16.68
857.42,0,,68.84,16.71,0,1,68.43,-1.96,-5.10,3.19,16.69
857.57,0,,68.72,16.70,1,0,68.89,-1.92,-5.10,3.23,16.73
857.60,0,,68.73,16.71,1,0,68.97,-1.99,-5.10,3.16,16.66
857.69,0,,68.84,16.69,1,0,68.93,-2.02,-5.11,3.12,16.64
857.81,0,,68.92,16.68,0,1,68.90,-1.97,-5.12,3.16,16.70
857.90,0,,68.93,16.69,0,1,68.88,-1.90,-5.12,3.23,16.77
858.08,0,,68.88,16.72,0,1,68.62,-1.92,-5.13,3.20,16.76
858.11,0,,68.73,16.74,0,1,68.35,-2.02,-5.11,3.12,16.64
858.20,0,,68.54,16.71,0,1,68.44,-2.01,-5.10,3.14,16.64
858.35,0,,68.45,16.68,2,-1,68.67,-1.95,-5.11,3.19,16.71
858.41,0,,68.51,16.69,4,-2,68.64,-1.85,-5.11,3.29,16.81
858.50,0,,68.66,16.75,4,-2,69.14,-1.87,-5.14,3.24,16.82
858.59,0,,68.83,16.78,2,-1,68.68,-2.00,-5.12,3.13,16.67
858.71,0,,68.92,16.75,1,0,69.18,-1.97,-5.09,3.19,16.67
858.83,0,,68.96,16.71,1,0,68.74,-1.91,-5.06,3.28,16.70
858.89,0,,68.93,16.69,1,0,68.84,-1.90,-5.03,3.32,16.68
858.98,0,,68.82,16.69,0,2,68.54,-1.94,-5.07,3.24,16.68
859.10,0,,68.64,16.68,0,2,68.25,-2.02,-5.10,3.13,16.63
859.19,0,,68.48,16.66,1,0,68.63,-1.99,-5.08,3.18,16.64
859.31,0,,68.49,16.66,1,0,68.82,-1.88,-5.06,3.31,16.73
859.40,0,,68.62,16.69,2,-1,68.64,-1.87,-5.09,3.29,16.77
859.49,0,,68.72,16.73,2,-1,68.90,-1.94,-5.12,3.19,16.73
859.61,0,,68.74,16.74,1,0,68.40,-2.00,-5.06,3.19,16.61
859.76,0,,68.69,16.70,1,0,68.85,-1.97,-5.07,3.21,16.65
859.82,0,,68.72,16.69,1,0,68.96,-1.80,-5.10,3.35,16.85
859.94,0,,68.89,16.75,1,0,69.35,-1.81,-5.09,3.35,16.83
860.00,0,,69.05,16.80,0,1,68.77,-1.96,-5.10,3.19,16.69
860.09,0,,69.02,16.77,0,1,68.79,-1.97,-5.09,3.19,16.67
860.24,0,,68.89,16.73,0,2,68.78,-1.90,-5.08,3.27,16.73
860.33,0,,68.80,16.72,0,1,68.82,-1.82,-5.06,3.37,16.79
860.39,0,,68.81,16.75,0,1,69.00,-1.85,-5.06,3.34,16.76
860.60,0,,68.86,16.77,0,1,68.81,-1.88,-5.08,3.29,16.75
860.60,0,,68.86,16.77,0,1,68.81,-1.88,-5.08,3.29,16.75
860.74,0,,68.75,16.74,0,1,68.68,-1.92,-5.08,3.25,16.71
860.81,0,,68.71,16.73,0,1,68.91,-1.81,-5.06,3.38,16.80
860.90,0,,68.74,16.75,4,-2,68.66,-1.87,-5.07,3.31,16.75
860.99,0,,68.76,16.76,2,-1,68.78,-1.94,-5.09,3.22,16.70
861.11,0,,68.76,16.74,2,-1,68.76,-1.92,-5.06,3.27,16.69
861.23,0,,68.75,16.71,2,-1,68.71,-1.94,-5.07,3.24,16.68
861.32,0,,68.76,16.70,2,-1,68.89,-1.86,-5.07,3.32,16.76
861.41,0,,68.81,16.72,1,0,68.89,-1.90,-5.07,3.28,16.72
861.50,0,,68.81,16.73,1,0,68.52,-1.99,-5.11,3.15,16.67
861.62,0,,68.71,16.71,2,-1,68.52,-1.98,-5.09,3.18,16.66
861.71,0,,68.63,16.69,1,0,68.86,-1.97,-5.08,3.20,16.66
861.80,0,,68.68,16.67,1,0,68.79,-1.95,-5.05,3.25,16.65
861.89,0,,68.70,16.66,1,0,68.38,-1.96,-5.07,3.22,16.66
862.01,0,,68.63,16.66,2,-1,68.62,-2.00,-5.13,3.12,16.68
862.10,0,,68.60,16.66,2,-1,68.85,-2.05,-5.10,3.10,16.60
862.19,0,,68.69,16.65,2,-1,68.82,-1.99,-5.08,3.18,16.64
862.31,0,,68.75,16.64,2,-1,68.57,-1.93,-5.07,3.25,16.69
862.40,0,,68.69,16.65,2,-1,68.41,-2.02,-5.06,3.17,16.59
862.49,0,,68.62,16.63,2,-1,68.97,-2.08,-5.07,3.10,16.54
862.58,0,,68.68,16.60,2,-1,68.72,-2.07,-5.13,3.05,16.61
862.73,0,,68.76,16.60,2,-1,68.78,-2.02,-5.12,3.11,16.65
862.82,0,,68.79,16.62,1,0,68.82,-2.00,-5.05,3.20,16.60
862.88,0,,68.76,16.63,1,0,68.48,-2.03,-5.08,3.14,16.60
863.00,0,,68.65,16.61,1,0,68.50,-2.12,-5.11,3.02,16.54
863.09,0,,68.57,16.58,1,0,68.77,-2.13,-5.10,3.02,16.52
863.18,0,,68.64,16.56,1,0,68.93,-1.98,-5.08,3.19,16.65
863.30,0,,68.78,16.58,1,0,68.87,-2.00,-5.05,3.20,16.60
863.39,0,,68.81,16.60,1,0,68.37,-2.10,-5.08,3.07,16.53
863.48,0,,68.69,16.58,1,0,68.66,-2.10,-5.09,3.06,16.54
863.60,0,,68.58,16.55,1,0,68.50,-2.11,-5.08,3.06,16.52
863.69,0,,68.57,16.54,1,0,68.75,-2.05,-5.10,3.10,16.60
863.81,0,,68.63,16.56,1,0,68.78,-2.02,-5.07,3.16,16.60
863.90,0,,68.66,16.58,1,0,68.27,-2.10,-5.06,3.09,16.51
863.99,0,,68.58,16.56,1,0,68.67,-2.16,-5.09,3.00,16.48
864.08,0,,68.59,16.52,1,0,68.96,-2.14,-5.08,3.03,16.49
864.20,0,,68.69,16.50,1,0,68.53,-2.07,-5.07,3.11,16.55
864.32,0,,68.67,16.52,1,0,68.37,-2.05,-5.04,3.16,16.54
864.38,0,,68.57,16.53,1,0,68.69,-2.10,-5.03,3.12,16.48
864.50,0,,68.54,16.50,1,0,68.50,-2.18,-5.04,3.03,16.41
864.59,0,,68.55,16.46,1,0,68.63,-2.20,-5.02,3.03,16.37
864.68,0,,68.64,16.42,1,0,69.07,-2.10,-5.05,3.10,16.50
864.80,0,,68.76,16.45,1,0,68.55,-2.06,-5.08,3.11,16.57
864.89,0,,68.77,16.50,1,0,68.70,-2.15,-5.07,3.03,16.47
864.98,0,,68.70,16.51,1,0,68.56,-2.20,-5.11,2.94,16.46
865.10,0,,68.66,16.50,1,0,68.82,-2.16,-5.11,2.98,16.50
865.19,0,,68.66,16.50,1,0,68.50,-2.08,-5.06,3.11,16.53
865.31,0,,68.60,16.51,1,0,68.38,-2.06,-5.04,3.15,16.53
865.43,0,,68.54,16.52,1,0,68.81,-2.14,-5.06,3.05,16.47
865.55,0,,68.57,16.51,1,0,68.49,-2.18,-5.09,2.98,16.46
865.58,0,,68.60,16.48,1,0,68.67,-2.15,-5.05,3.05,16.45
865.70,0,,68.61,16.46,1,0,68.54,-2.12,-5.05,3.08,16.48
865.82,0,,68.57,16.48,1,0,68.37,-2.09,-5.12,3.04,16.58
865.88,0,,68.53,16.52,1,0,68.80,-2.10,-5.07,3.08,16.52
866.00,0,,68.61,16.54,1,0,68.84,-2.11,-5.08,3.06,16.52
866.09,0,,68.74,16.54,1,0,68.76,-2.11,-5.14,3.00,16.58
866.18,0,,68.81,16.56,1,0,68.89,-2.05,-5.08,3.12,16.58
866.33,0,,68.83,16.58,1,0,68.71,-2.02,-5.06,3.17,16.59
866.39,0,,68.80,16.59,1,0,68.73,-2.08,-5.08,3.09,16.55
866.48,0,,68.80,16.57,0,1,69.06,-2.13,-5.07,3.05,16.49
866.60,0,,68.80,16.53,0,1,68.37,-2.14,-5.06,3.05,16.47
866.69,0,,68.70,16.51,0,1,68.65,-2.04,-5.07,3.14,16.58
866.81,0,,68.61,16.53,0,1,68.67,-2.00,-5.09,3.16,16.64
866.96,0,,68.61,16.58,1,0,68.65,-2.08,-5.09,3.08,16.56
866.99,0,,68.58,16.59,1,0,68.26,-2.13,-5.08,3.04,16.50
867.11,0,,68.45,16.55,4,-2,68.23,-2.14,-5.05,3.06,16.46
867.23,0,,68.37,16.52,4,-2,68.76,-2.02,-5.08,3.15,16.61
867.32,0,,68.48,16.55,4,-2,68.73,-1.96,-5.08,3.21,16.67
867.38,0,,68.66,16.59,4,-2,68.84,-2.07,-5.05,3.13,16.53
867.50,0,,68.78,16.60,2,-1,68.78,-2.08,-5.07,3.10,16.54
867.59,0,,68.79,16.58,1,0,68.52,-2.05,-5.12,3.08,16.62
867.68,0,,68.68,16.59,1,0,68.49,-2.01,-5.10,3.14,16.64
867.80,0,,68.55,16.62,1,0,68.42,-2.01,-5.07,3.17,16.61
867.89,0,,68.47,16.61,1,0,68.58,-2.10,-5.08,3.07,16.53
867.98,0,,68.49,16.57,0,1,68.62,-2.12,-5.06,3.07,16.49
868.10,0,,68.53,16.53,1,0,68.40,-2.08,-5.05,3.12,16.52
868.19,0,,68.54,16.52,2,-1,68.72,-2.03,-5.06,3.16,16.58
868.31,0,,68.63,16.55,2,-1,68.95,-1.94,-5.07,3.24,16.68
868.40,0,,68.76,16.61,2,-1,68.76,-2.00,-5.07,3.18,16.62
868.49,0,,68.74,16.62,1,0,68.11,-2.11,-5.02,3.12,16.46
868.58,0,,68.56,16.57,1,0,68.64,-2.12,-5.03,3.10,16.46
868.73,0,,68.49,16.51,1,0,68.66,-2.07,-5.05,3.13,16.53
868.82,0,,68.53,16.50,1,0,68.44,-2.03,-5.02,3.20,16.54
868.88,0,,68.55,16.52,2,-1,68.65,-2.09,-5.05,3.11,16.51
869.00,0,,68.57,16.52,2,-1,68.59,-2.16,-5.06,3.03,16.45
869.09,0,,68.60,16.50,1,0,68.65,-2.13,-5.07,3.05,16.49
869.18,0,,68.64,16.50,1,0,68.80,-2.06,-5.11,3.08,16.60
869.30,0,,68.67,16.54,1,0,68.46,-2.06,-5.07,3.12,16.56
869.39,0,,68.63,16.56,1,0,68.59,-2.12,-5.05,3.08,16.48
869.48,0,,68.56,16.54,1,0,68.42,-2.14,-5.08,3.03,16.49
869.60,0,,68.53,16.50,1,0,68.73,-2.19,-5.04,3.02,16.40
869.69,0,,68.58,16.46,1,0,68.71,-2.10,-5.04,3.11,16.49
869.81,0,,68.67,16.47,1,0,68.70,-2.03,-5.07,3.15,16.59
869.90,0,,68.72,16.51,1,0,68.83,-2.13,-5.03,3.09,16.45
869.99,0,,68.76,16.49,1,0,68.73,-2.19,-5.00,3.06,16.36
870.08,0,,68.70,16.45,1,0,68.22,-2.15,-5.05,3.05,16.45
870.20,0,,68.59,16.44,1,0,68.91,-2.06,-5.09,3.10,16.58
870.32,0,,68.62,16.50,1,0,68.79,-2.00,-5.04,3.21,16.59
870.38,0,,68.74,16.55,1,0,68.84,-2.09,-5.00,3.16,16.46
870.50,0,,68.81,16.53,1,0,68.76,-2.14,-5.04,3.07,16.45
870.59,0,,68.77,16.50,1,0,68.47,-2.09,-5.07,3.09,16.53
870.68,0,,68.73,16.50,1,0,69.13,-2.01,-5.05,3.19,16.59
870.83,0,,68.84,16.56,1,0,69.10,-1.87,-5.05,3.33,16.73
870.89,0,,68.94,16.65,0,1,68.56,-1.88,-5.03,3.34,16.70
870.98,0,,68.87,16.68,0,1,68.81,-2.03,-4.98,3.24,16.50
871.10,0,,68.75,16.63,0,1,68.53,-2.01,-5.01,3.23,16.55
871.19,0,,68.66,16.58,0,1,68.70,-1.94,-5.03,3.28,16.64
871.31,0,,68.64,16.58,0,1,68.71,-1.93,-4.99,3.33,16.61
871.40,0,,68.71,16.60,0,1,69.01,-1.99,-5.01,3.25,16.57
871.49,0,,68.80,16.59,0,1,68.64,-2.08,-5.04,3.13,16.51
871.58,0,,68.80,16.56,0,1,68.70,-2.05,-5.04,3.16,16.54
871.70,0,,68.71,16.54,1,0,68.51,-1.97,-5.00,3.28,16.58
871.82,0,,68.60,16.56,1,0,68.46,-1.93,-4.98,3.34,16.60
871.88,0,,68.52,16.58,2,-1,68.57,-1.97,-5.00,3.28,16.58
872.00,0,,68.48,16.59,2,-1,68.39,-2.03,-5.01,3.21,16.53
872.09,0,,68.44,16.56,2,-1,68.35,-2.07,-5.00,3.18,16.48
872.18,0,,68.40,16.52,4,-2,68.44,-2.06,-5.01,3.18,16.50
872.30,0,,68.43,16.51,4,-2,68.71,-2.00,-5.00,3.25,16.55
872.39,0,,68.57,16.52,2,-1,68.87,-2.00,-4.99,3.26,16.54
872.48,0,,68.78,16.55,1,0,69.11,-2.00,-5.04,3.21,16.59
872.60,0,,68.93,16.57,1,0,68.77,-2.04,-5.10,3.11,16.61
872.69,0,,68.92,16.59,0,2,68.68,-2.05,-5.05,3.15,16.55
872.81,0,,68.82,16.60,0,2,68.83,-1.89,-5.02,3.34,16.68
872.90,0,,68.76,16.64,0,2,68.65,-1.90,-5.04,3.31,16.69
872.99,0,,68.68,16.65,0,2,68.48,-2.09,-5.07,3.09,16.53
873.08,0,,68.57,16.61,0,1,68.40,-2.10,-5.05,3.10,16.50
873.20,0,,68.43,16.56,1,0,68.18,-1.98,-5.02,3.25,16.59
873.32,0,,68.36,16.56,1,0,68.74,-1.91,-5.00,3.34,16.64
873.38,0,,68.43,16.60,2,-1,68.45,-1.91,-4.99,3.35,16.63
873.50,0,,68.52,16.62,4,-2,68.63,-1.96,-5.00,3.29,16.59
873.59,0,,68.60,16.62,4,-2,68.78,-1.99,-5.01,3.25,16.57
873.68,0,,68.69,16.60,2,-1,68.73,-1.94,-5.02,3.29,16.63
873.83,0,,68.75,16.61,1,0,68.81,-1.84,-4.99,3.42,16.70
873.89,0,,68.82,16.64,0,1,69.01,-1.90,-4.92,3.43,16.57
873.98,0,,68.88,16.62,0,1,68.78,-2.00,-4.97,3.28,16.52
874.10,0,,68.84,16.59,0,1,68.53,-1.96,-5.06,3.23,16.65
874.19,0,,68.73,16.61,0,2,68.79,-1.91,-5.05,3.29,16.69
874.31,0,,68.70,16.65,0,1,68.78,-1.88,-4.97,3.40,16.64
874.40,0,,68.74,16.67,0,1,68.85,-1.85,-4.99,3.41,16.69
874.49,0,,68.75,16.68,1,0,68.43,-1.92,-5.01,3.32,16.64
874.64,0,,68.68,16.65,1,0,68.81,-2.01,-4.95,3.29,16.49
874.70,0,,68.69,16.60,1,0,68.84,-1.94,-5.02,3.29,16.63
874.82,0,,68.72,16.61,0,1,68.55,-1.83,-5.05,3.37,16.77
874.88,0,,68.69,16.65,2,-1,68.61,-1.93,-4.96,3.36,16.58
875.06,0,,68.68,16.66,2,-1,68.98,-1.96,-5.03,3.26,16.62
875.09,0,,68.74,16.65,1,0,68.66,-1.94,-5.09,3.22,16.70
875.18,0,,68.78,16.65,1,0,68.79,-2.01,-5.01,3.23,16.55
875.30,0,,68.83,16.64,0,1,69.17,-1.88,-5.03,3.34,16.70
875.48,0,,68.87,16.67,0,1,68.44,-1.84,-5.07,3.34,16.78
875.48,0,,68.77,16.69,1,0,68.58,-2.05,-4.99,3.21,16.49
875.63,0,,68.61,16.63,1,0,68.47,-2.05,-5.00,3.20,16.50
875.69,0,,68.52,16.57,0,1,68.57,-1.98,-5.06,3.21,16.63
875.81,0,,68.50,16.56,0,1,68.51,-1.94,-4.98,3.33,16.59
875.93,0,,68.50,16.58,2,-1,68.44,-1.91,-4.96,3.38,16.60
875.99,0,,68.47,16.60,2,-1,68.44,-1.95,-5.01,3.29,16.61
876.08,0,,68.48,16.61,4,-2,68.66,-1.95,-4.98,3.32,16.58
876.20,0,,68.55,16.61,4,-2,68.68,-1.89,-5.01,3.35,16.67
876.32,0,,68.64,16.65,2,-1,68.72,-1.80,-5.04,3.41,16.79
876.44,0,,68.66,16.71,2,-1,68.41,-1.83,-4.97,3.45,16.69
876.50,0,,68.59,16.72,2,-1,68.55,-1.94,-4.99,3.32,16.60
876.59,0,,68.57,16.69,2,-1,68.82,-1.94,-5.07,3.24,16.68
876.68,0,,68.66,16.66,2,-1,68.84,-1.94,-5.00,3.31,16.61
876.80,0,,68.77,16.63,0,1,68.77,-1.89,-4.95,3.41,16.61
876.89,0,,68.76,16.63,0,1,68.39,-1.84,-5.02,3.39,16.73
876.98,0,,68.69,16.65,0,1,69.02,-1.95,-5.01,3.29,16.61
877.10,0,,68.71,16.65,0,1,68.57,-1.98,-5.02,3.25,16.59
877.19,0,,68.73,16.63,0,1,68.85,-1.94,-5.05,3.26,16.66
877.31,0,,68.75,16.63,0,1,68.75,-1.92,-4.97,3.36,16.60
877.40,0,,68.73,16.62,1,0,68.44,-1.96,-5.00,3.29,16.59
877.49,0,,68.71,16.62,1,0,69.19,-1.96,-5.08,3.21,16.67
877.58,0,,68.78,16.64,1,0,68.61,-1.93,-5.06,3.26,16.68
877.70,0,,68.80,16.66,1,0,68.69,-1.99,-5.05,3.21,16.61
877.82,0,,68.74,16.65,1,0,68.74,-1.95,-5.06,3.24,16.66
877.88,0,,68.70,16.64,0,1,68.61,-1.94,-5.00,3.31,16.61
878.00,0,,68.64,16.62,0,1,68.47,-2.02,-5.01,3.22,16.54
878.09,0,,68.58,16.59,1,0,68.64,-2.01,-5.06,3.18,16.60
878.18,0,,68.58,16.57,1,0,68.75,-2.03,-5.02,3.20,16.54
878.30,0,,68.61,16.57,2,-1,68.42,-1.97,-5.02,3.26,16.60
878.39,0,,68.56,16.59,2,-1,68.43,-1.93,-5.08,3.24,16.70
878.48,0,,68.48,16.63,2,-1,68.42,-2.04,-5.05,3.16,16.56
878.63,0,,68.37,16.62,4,-2,68.00,-2.06,-5.03,3.16,16.52
878.69,0,,68.25,16.59,4,-2,68.34,-2.01,-5.08,3.16,16.62
878.81,0,,68.23,16.59,4,-2,68.44,-1.92,-5.03,3.30,16.66
878.90,0,,68.36,16.62,4,-2,68.72,-1.91,-4.99,3.35,16.63
878.99,0,,68.51,16.63,2,-1,68.46,-2.03,-5.04,3.18,16.56
879.08,0,,68.62,16.61,2,-1,68.93,-2.05,-5.02,3.18,16.52
879.20,0,,68.69,16.58,2,-1,68.42,-1.96,-5.05,3.24,16.64
879.32,0,,68.64,16.59,0,1,68.47,-1.92,-5.05,3.28,16.68
879.38,0,,68.56,16.63,0,2,68.67,-1.97,-4.99,3.29,16.57
879.56,0,,68.51,16.63,0,2,68.22,-1.98,-5.08,3.19,16.65
879.59,0,,68.46,16.64,0,1,68.65,-2.01,-5.12,3.12,16.66
879.68,0,,68.47,16.64,0,1,68.50,-2.02,-5.04,3.19,16.57
879.83,0,,68.51,16.64,1,0,68.52,-1.89,-5.03,3.33,16.69
879.89,0,,68.55,16.66,2,-1,68.72,-1.86,-5.04,3.35,16.73
879.98,0,,68.58,16.67,2,-1,68.40,-2.01,-4.99,3.25,16.53
880.16,0,,68.56,16.63,2,-1,68.59,-2.05,-5.04,3.16,16.54
880.19,0,,68.51,16.59,2,-1,68.34,-1.97,-5.12,3.16,16.70
880.37,0,,68.41,16.61,2,-1,68.08,-1.94,-5.01,3.30,16.62
880.40,0,,68.27,16.62,2,-1,68.32,-1.98,-4.98,3.29,16.55
880.49,0,,68.27,16.60,2,-1,68.65,-2.03,-5.06,3.16,16.58
880.58,0,,68.45,16.58,2,-1,68.81,-2.05,-5.05,3.15,16.55
880.70,0,,68.67,16.57,1,0,68.89,-2.02,-5.05,3.18,16.58
880.85,0,,68.86,16.58,1,0,69.04,-1.94,-5.07,3.24,16.68
880.88,0,,68.99,16.63,0,2,69.09,-1.94,-5.07,3.24,16.68
881.00,0,,69.05,16.67,0,2,68.94,-1.98,-5.09,3.18,16.66
881.09,0,,68.89,16.68,0,2,67.83,-1.96,-5.07,3.22,16.66
881.18,0,,68.52,16.66,0,2,68.53,-2.00,-5.02,3.23,16.57
881.33,0,,68.33,16.64,0,1,68.50,-1.91,-5.03,3.31,16.67
881.42,0,,68.34,16.65,0,1,68.26,-1.89,-5.08,3.28,16.74
881.48,0,,68.43,16.67,1,0,69.01,-1.99,-5.05,3.21,16.61
881.63,0,,68.61,16.68,1,0,68.65,-1.94,-5.09,3.22,16.70
881.77,0,,68.73,16.69,4,-2,68.64,-1.90,-5.12,3.23,16.77
881.81,0,,68.69,16.72,4,-2,68.43,-1.90,-5.03,3.32,16.68
881.90,0,,68.61,16.72,2,-1,68.78,-1.89,-5.03,3.33,16.69
881.99,0,,68.58,16.71,1,0,68.34,-1.94,-5.06,3.25,16.67
882.11,0,,68.63,16.69,0,1,69.31,-1.94,-5.04,3.27,16.65
882.20,0,,68.79,16.69,0,1,68.67,-1.88,-5.10,3.27,16.77
882.35,0,,68.85,16.73,0,1,68.65,-1.80,-5.08,3.37,16.83
882.38,0,,68.70,16.77,0,1,68.14,-1.84,-5.01,3.40,16.72
882.56,0,,68.47,16.77,1,0,68.38,-1.91,-5.05,3.29,16.69
882.59,0,,68.36,16.74,1,0,68.66,-1.89,-5.07,3.29,16.73
882.68,0,,68.45,16.72,1,0,68.58,-1.89,-5.01,3.35,16.67
882.83,0,,68.60,16.71,0,1,68.95,-1.81,-5.05,3.39,16.79
882.89,0,,68.69,16.74,2,-1,68.30,-1.80,-5.06,3.39,16.81
882.98,0,,68.59,16.75,1,0,68.21,-1.96,-4.96,3.33,16.55
883.10,0,,68.45,16.70,2,-1,68.84,-1.90,-5.04,3.31,16.69
883.19,0,,68.49,16.69,2,-1,68.51,-1.76,-5.10,3.39,16.89
883.31,0,,68.56,16.75,1,0,68.54,-1.79,-4.98,3.48,16.74
883.40,0,,68.57,16.78,2,-1,68.62,-1.87,-5.00,3.38,16.68
883.49,0,,68.59,16.75,2,-1,68.59,-1.89,-5.04,3.32,16.70
883.58,0,,68.61,16.72,1,0,68.68,-1.86,-5.02,3.37,16.71
883.70,0,,68.63,16.72,1,0,68.60,-1.77,-5.04,3.44,16.82
883.85,0,,68.65,16.76,1,0,68.79,-1.73,-5.01,3.51,16.83
883.88,0,,68.68,16.79,1,0,68.61,-1.82,-4.98,3.45,16.71
884.00,0,,68.65,16.78,0,1,68.42,-1.86,-5.04,3.35,16.73
884.09,0,,68.55,16.76,0,1,68.44,-1.82,-5.08,3.35,16.81
884.18,0,,68.49,16.77,1,0,68.62,-1.77,-4.99,3.49,16.77
884.30,0,,68.53,16.78,1,0,68.69,-1.74,-4.98,3.53,16.79
884.39,0,,68.59,16.79,1,0,68.51,-1.78,-5.06,3.41,16.83
884.48,0,,68.56,16.79,1,0,68.32,-1.85,-4.98,3.42,16.68
884.60,0,,68.51,16.76,1,0,68.73,-1.81,-4.96,3.48,16.70
884.69,0,,68.53,16.75,1,0,68.51,-1.62,-5.05,3.58,16.98
884.81,0,,68.57,16.83,1,0,68.64,-1.61,-5.00,3.64,16.94
884.90,0,,68.56,16.90,1,0,68.32,-1.69,-4.95,3.61,16.81
884.99,0,,68.41,16.89,1,0,67.86,-1.73,-4.96,3.56,16.78
885.08,0,,68.23,16.83,1,0,68.51,-1.75,-4.94,3.56,16.74
885.20,0,,68.22,16.80,4,-2,68.37,-1.60,-5.00,3.65,16.95
885.32,0,,68.36,16.86,2,-1,68.72,-1.56,-5.04,3.65,17.03
885.38,0,,68.54,16.93,2,-1,68.71,-1.68,-5.00,3.57,16.87
885.50,0,,68.65,16.95,1,0,68.47,-1.67,-5.04,3.54,16.92
885.59,0,,68.67,16.94,1,0,68.86,-1.62,-5.05,3.58,16.98
885.68,0,,68.65,16.95,0,1,68.30,-1.59,-4.97,3.69,16.93
885.80,0,,68.57,16.96,0,1,68.58,-1.54,-4.97,3.74,16.98
885.89,0,,68.54,16.98,0,2,68.73,-1.55,-5.03,3.67,17.03
885.98,0,,68.63,16.99,0,2,68.86,-1.64,-4.97,3.64,16.88
886.10,0,,68.72,16.97,0,2,68.61,-1.59,-4.98,3.68,16.94
886.19,0,,68.75,16.96,0,1,68.82,-1.48,-5.01,3.76,17.08
886.31,0,,68.72,16.99,0,1,68.49,-1.52,-4.92,3.81,16.95
886.43,0,,68.63,16.99,1,0,68.41,-1.58,-4.93,3.74,16.90
886.55,0,,68.55,16.96,1,0,68.82,-1.63,-5.01,3.61,16.93
886.58,0,,68.58,16.93,1,0,68.52,-1.62,-5.00,3.63,16.93
886.70,0,,68.52,16.94,1,0,67.94,-1.51,-4.98,3.76,17.02
886.82,0,,68.34,16.98,2,-1,68.46,-1.51,-5.02,3.72,17.06
886.88,0,,68.32,17.03,4,-2,68.70,-1.59,-5.05,3.61,17.01
887.00,0,,68.51,17.03,4,-2,68.91,-1.60,-5.03,3.62,16.98
887.09,0,,68.71,17.02,2,-1,68.68,-1.55,-5.04,3.66,17.04
887.21,0,,68.74,17.03,1,0,68.37,-1.42,-4.98,3.85,17.11
887.30,0,,68.69,17.07,1,0,69.10,-1.36,-4.95,3.94,17.14
887.39,0,,68.77,17.12,1,0,68.88,-1.38,-5.01,3.86,17.18
887.48,0,,68.84,17.15,0,2,68.58,-1.45,-4.98,3.82,17.08
887.60,0,,68.75,17.14,0,2,68.49,-1.40,-4.99,3.86,17.14
887.69,0,,68.64,17.15,0,2,68.79,-1.27,-4.99,3.99,17.27
887.81,0,,68.63,17.18,0,1,68.65,-1.37,-4.90,3.98,17.08
887.90,0,,68.69,17.16,1,0,68.86,-1.43,-4.95,3.87,17.07
888.11,0,,68.72,17.12,1,0,68.53,-1.40,-4.99,3.86,17.14
888.11,0,,68.72,17.11,1,0,68.84,-1.44,-4.97,3.84,17.08
888.26,0,,68.69,17.11,1,0,68.44,-1.35,-4.98,3.92,17.18
888.32,0,,68.67,17.13,1,0,68.99,-1.38,-4.96,3.91,17.13
888.38,0,,68.74,17.14,1,0,68.81,-1.50,-4.97,3.78,17.02
888.50,0,,68.79,17.10,1,0,68.63,-1.53,-5.03,3.69,17.05
888.59,0,,68.74,17.05,0,1,68.55,-1.57,-4.99,3.69,16.97
888.68,0,,68.69,17.02,0,1,68.97,-1.48,-4.98,3.79,17.05
888.80,0,,68.74,17.03,1,0,68.73,-1.48,-5.06,3.71,17.13
888.89,0,,68.74,17.06,1,0,68.39,-1.63,-5.06,3.56,16.98
888.98,0,,68.63,17.05,1,0,68.67,-1.64,-5.06,3.55,16.97
889.13,0,,68.58,17.02,0,1,68.62,-1.63,-5.10,3.52,17.02
889.19,0,,68.57,17.01,0,1,68.41,-1.57,-5.08,3.60,17.06
889.34,0,,68.52,17.03,2,-1,68.50,-1.54,-5.03,3.68,17.04
889.40,0,,68.49,17.03,2,-1,68.56,-1.63,-4.99,3.63,16.91
889.49,0,,68.49,16.99,2,-1,68.44,-1.62,-5.02,3.61,16.95
889.58,0,,68.48,16.97,2,-1,68.41,-1.54,-5.03,3.68,17.04
889.73,0,,68.44,17.00,2,-1,68.42,-1.43,-5.00,3.82,17.12
889.82,0,,68.47,17.07,2,-1,68.81,-1.36,-5.01,3.88,17.20
889.91,0,,68.58,17.14,2,-1,68.61,-1.39,-4.98,3.88,17.14
890.09,0,,68.66,17.17,2,-1,68.66,-1.33,-4.94,3.98,17.16
890.09,0,,68.68,17.20,2,-1,68.71,-1.20,-4.99,4.06,17.34
890.24,0,,68.69,17.26,0,1,68.69,-1.12,-4.94,4.19,17.37
890.30,0,,68.67,17.32,0,1,68.46,-1.15,-4.90,4.20,17.30
890.39,0,,68.63,17.33,0,1,68.80,-1.23,-4.95,4.07,17.27
890.48,0,,68.62,17.30,0,1,68.46,-1.26,-4.93,4.06,17.22
890.60,0,,68.59,17.27,0,1,68.54,-1.18,-4.91,4.16,17.28
890.69,0,,68.53,17.28,1,0,68.45,-1.07,-4.94,4.24,17.42
890.81,0,,68.46,17.32,1,0,68.22,-1.13,-4.86,4.26,17.28
890.93,0,,68.44,17.34,1,0,69.01,-1.09,-4.82,4.34,17.28
891.08,0,,68.55,17.33,2,-1,68.41,-1.00,-4.83,4.42,17.38
891.08,0,,68.66,17.34,2,-1,69.00,-1.00,-4.79,4.46,17.34
891.20,0,,68.73,17.37,1,0,68.54,-0.87,-4.81,4.57,17.49
891.32,0,,68.69,17.42,0,1,68.37,-0.83,-4.78,4.64,17.50
891.38,0,,68.53,17.47,0,1,68.35,-0.84,-4.71,4.70,17.42
891.50,0,,68.47,17.48,1,0,68.91,-0.77,-4.75,4.73,17.53
891.59,0,,68.55,17.51,1,0,68.46,-0.70,-4.78,4.77,17.63
891.68,0,,68.70,17.57,1,0,69.32,-0.63,-4.66,4.96,17.58
891.83,0,,68.87,17.61,0,1,68.72,-0.57,-4.66,5.02,17.64
891.89,0,,68.91,17.65,0,1,68.63,-0.52,-4.72,5.01,17.75
891.98,0,,68.76,17.68,0,1,68.44,-0.57,-4.60,5.08,17.58
892.10,0,,68.61,17.66,0,1,68.68,-0.55,-4.58,5.12,17.58
892.19,0,,68.60,17.64,0,1,68.90,-0.40,-4.64,5.21,17.79
892.34,0,,68.73,17.67,0,1,68.93,-0.51,-4.55,5.19,17.59
892.40,0,,68.88,17.65,0,1,69.06,-0.62,-4.53,5.10,17.46
892.58,0,,68.99,17.57,0,1,69.00,-0.63,-4.60,5.02,17.52
892.58,0,,68.98,17.51,0,1,68.62,-0.68,-4.62,4.95,17.49
892.70,0,,68.92,17.50,0,1,69.20,-0.64,-4.63,4.98,17.54
892.82,0,,68.95,17.51,0,1,69.04,-0.69,-4.66,4.90,17.52
892.88,0,,69.03,17.51,0,1,69.06,-0.78,-4.66,4.81,17.43
893.00,0,,69.01,17.49,0,1,68.66,-0.76,-4.67,4.82,17.46
893.09,0,,68.91,17.46,0,1,68.90,-0.81,-4.68,4.76,17.42
893.18,0,,68.79,17.42,0,1,68.51,-0.84,-4.60,4.81,17.31
893.39,0,,68.69,17.37,2,-1,68.70,-0.82,-4.60,4.83,17.33
893.39,0,,68.66,17.34,4,-2,68.89,-0.86,-4.65,4.74,17.34
893.51,0,,68.77,17.32,2,-1,69.04,-0.88,-4.57,4.80,17.24
893.60,0,,68.91,17.30,2,-1,68.99,-0.85,-4.61,4.79,17.31
893.69,0,,68.96,17.30,0,1,68.69,-0.83,-4.66,4.76,17.38
893.81,0,,68.91,17.32,0,1,69.01,-0.90,-4.60,4.75,17.25
893.93,0,,68.89,17.31,1,0,68.90,-0.96,-4.64,4.65,17.23
893.99,0,,68.92,17.27,0,1,69.01,-1.02,-4.68,4.55,17.21
894.08,0,,68.96,17.22,0,1,68.98,-1.05,-4.64,4.56,17.14
894.20,0,,69.02,17.20,0,1,69.25,-0.98,-4.72,4.55,17.29
894.32,0,,69.08,17.22,0,1,68.91,-1.04,-4.74,4.47,17.25
894.38,0,,69.02,17.23,0,1,68.70,-1.15,-4.71,4.39,17.11
894.50,0,,68.86,17.19,0,1,68.69,-1.16,-4.75,4.34,17.14
894.59,0,,68.82,17.15,0,1,69.35,-1.21,-4.78,4.26,17.12
894.68,0,,68.94,17.13,0,1,68.92,-1.22,-4.80,4.23,17.13
894.83,0,,69.04,17.13,0,1,69.03,-1.27,-4.85,4.13,17.13
894.89,0,,69.02,17.12,0,1,68.86,-1.39,-4.88,3.98,17.04
894.98,0,,68.97,17.08,0,1,69.00,-1.48,-4.87,3.90,16.94
895.19,0,,68.97,17.01,2,-1,69.09,-1.52,-4.91,3.82,16.94
895.19,0,,69.03,16.97,1,0,69.21,-1.48,-4.94,3.83,17.01
895.34,0,,69.06,16.95,0,1,68.71,-1.58,-4.89,3.78,16.86
895.40,0,,68.95,16.90,0,1,68.68,-1.74,-4.91,3.60,16.72
895.49,0,,68.76,16.81,1,0,68.57,-1.77,-4.94,3.54,16.72
895.58,0,,68.61,16.75,1,0,68.47,-1.76,-4.96,3.53,16.75
895.70,0,,68.57,16.74,4,-2,68.94,-1.72,-5.00,3.53,16.83
895.85,0,,68.61,16.77,4,-2,68.33,-1.77,-5.02,3.46,16.80
895.88,0,,68.63,16.79,4,-2,68.91,-1.89,-5.04,3.32,16.70
896.00,0,,68.69,16.76,4,-2,68.80,-1.91,-5.07,3.27,16.71
896.09,0,,68.77,16.73,4,-2,68.69,-1.87,-5.08,3.30,16.76
896.18,0,,68.78,16.74,2,-1,68.87,-1.84,-5.08,3.33,16.79
896.33,0,,68.78,16.76,2,-1,68.61,-1.89,-5.12,3.24,16.78
896.39,0,,68.75,16.78,2,-1,68.79,-1.95,-5.14,3.16,16.74
896.48,0,,68.67,16.76,2,-1,68.25,-1.98,-5.08,3.19,16.65
896.63,0,,68.60,16.72,0,1,69.05,-1.86,-5.06,3.33,16.75
896.69,0,,68.66,16.74,1,0,68.63,-1.71,-5.09,3.45,16.93
896.81,0,,68.67,16.80,2,-1,68.25,-1.86,-5.05,3.34,16.74
896.90,0,,68.60,16.80,2,-1,69.04,-1.93,-5.01,3.31,16.63
896.99,0,,68.70,16.76,2,-1,68.94,-1.73,-5.08,3.44,16.90
897.14,0,,68.85,16.79,2,-1,68.86,-1.65,-5.05,3.55,16.95
897.20,0,,68.93,16.88,0,1,69.05,-1.62,-5.02,3.61,16.95
897.32,0,,68.90,16.94,2,-1,68.38,-1.65,-5.07,3.53,16.97
897.38,0,,68.74,16.95,2,-1,68.59,-1.76,-5.02,3.47,16.81
897.50,0,,68.62,16.93,2,-1,68.84,-1.63,-5.03,3.59,16.95
897.59,0,,68.60,16.94,2,-1,68.32,-1.46,-5.06,3.73,17.15
897.68,0,,68.59,17.01,1,0,68.87,-1.54,-4.98,3.73,16.99
897.86,0,,68.59,17.06,2,-1,68.33,-1.53,-5.04,3.68,17.06
897.89,0,,68.57,17.07,2,-1,68.68,-1.47,-5.05,3.73,17.13
897.98,0,,68.58,17.09,2,-1,68.70,-1.45,-4.95,3.85,17.05
898.10,0,,68.70,17.11,2,-1,69.19,-1.28,-4.97,4.00,17.24
898.22,0,,68.85,17.16,1,0,68.56,-1.24,-5.00,4.01,17.31
898.31,0,,68.79,17.23,1,0,68.34,-1.33,-4.93,3.99,17.15
898.40,0,,68.64,17.23,1,0,68.91,-1.26,-4.87,4.12,17.16
898.49,0,,68.64,17.22,1,0,68.73,-1.05,-4.86,4.34,17.36
898.58,0,,68.71,17.28,1,0,68.69,-0.90,-4.80,4.55,17.45
898.70,0,,68.79,17.39,1,0,69.23,-0.88,-4.80,4.57,17.47
898.82,0,,68.91,17.47,0,1,68.73,-0.83,-4.83,4.59,17.55
898.88,0,,68.93,17.53,0,1,68.83,-0.72,-4.75,4.78,17.58
899.00,0,,68.89,17.59,0,1,68.96,-0.56,-4.74,4.95,17.73
899.12,0,,68.85,17.68,0,1,68.56,-0.47,-4.75,5.03,17.83
899.18,0,,68.74,17.76,1,0,68.61,-0.50,-4.69,5.06,17.74
899.33,0,,68.68,17.79,1,0,68.94,-0.49,-4.72,5.04,17.78
899.39,0,,68.75,17.79,1,0,68.90,-0.48,-4.71,5.06,17.78
899.48,0,,68.83,17.77,1,0,68.75,-0.50,-4.61,5.14,17.66
899.60,0,,68.82,17.74,1,0,68.67,-0.46,-4.65,5.14,17.74
899.69,0,,68.84,17.74,1,0,69.33,-0.41,-4.73,5.11,17.87
899.81,0,,68.94,17.78,1,0,68.78,-0.45,-4.64,5.16,17.74
899.90,0,,69.01,17.78,0,1,69.19,-0.44,-4.57,5.24,17.68
899.99,0,,69.03,17.76,0,1,68.87,-0.26,-4.59,5.40,17.88
900.08,0,,68.97,17.81,0,1,68.68,-0.16,-4.55,5.54,17.94
900.23,0,,68.82,17.87,0,1,68.66,-0.24,-4.53,5.48,17.84
900.32,0,,68.74,17.89,0,1,68.93,-0.21,-4.54,5.50,17.88
900.38,0,,68.77,17.90,0,1,68.81,-0.10,-4.50,5.65,17.95
900.50,0,,68.82,17.93,0,1,68.87,0.01,-4.50,5.76,18.06
900.59,0,,68.88,18.01,0,1,69.09,0.13,-4.49,5.89,18.17
900.68,0,,68.99,18.09,0,1,69.18,0.11,-4.40,5.96,18.06
900.83,0,,69.05,18.11,0,1,68.74,0.11,-4.40,5.96,18.06
900.89,0,,68.97,18.11,0,1,68.83,0.19,-4.41,6.03,18.15
900.98,0,,68.89,18.11,1,0,69.05,0.18,-4.38,6.05,18.11
901.10,0,,68.87,18.12,1,0,68.67,0.17,-4.42,6.00,18.14
901.19,0,,68.84,18.12,1,0,68.89,0.14,-4.37,6.02,18.06
901.31,0,,68.79,18.09,1,0,68.59,0.10,-4.30,6.05,17.95
901.40,0,,68.78,18.03,1,0,69.15,0.07,-4.33,5.99,17.95
901.49,0,,68.83,17.96,1,0,68.59,-0.04,-4.31,5.90,17.82
901.58,0,,68.81,17.87,1,0,68.74,-0.13,-4.28,5.84,17.70
901.70,0,,68.76,17.78,1,0,68.82,-0.16,-4.35,5.74,17.74
901.82,0,,68.80,17.74,1,0,69.09,-0.15,-4.35,5.75,17.75
901.88,0,,68.89,17.72,1,0,68.75,-0.24,-4.31,5.70,17.62
902.00,0,,68.91,17.68,1,0,68.92,-0.31,-4.38,5.56,17.62
902.09,0,,68.93,17.64,1,0,69.16,-0.33,-4.40,5.52,17.62
902.18,0,,68.97,17.60,1,0,68.76,-0.46,-4.33,5.46,17.42
902.33,0,,68.98,17.52,1,0,69.14,-0.48,-4.38,5.39,17.45
902.39,0,,68.95,17.47,0,1,68.64,-0.52,-4.42,5.31,17.45
902.48,0,,68.85,17.42,0,1,68.71,-0.65,-4.34,5.26,17.24
902.63,0,,68.76,17.35,1,0,68.82,-0.65,-4.36,5.24,17.26
902.74,0,,68.68,17.28,1,0,68.31,-0.72,-4.39,5.14,17.22
902.81,0,,68.59,17.22,1,0,68.70,-0.79,-4.32,5.14,17.08
902.90,0,,68.60,17.15,4,-2,68.92,-0.78,-4.33,5.14,17.10
902.99,0,,68.78,17.10,4,-2,69.18,-0.84,-4.33,5.08,17.04
903.08,0,,68.95,17.06,2,-1,68.79,-0.91,-4.33,5.01,16.97
903.23,0,,68.97,17.01,1,0,68.84,-0.95,-4.36,4.94,16.96
903.32,0,,68.92,16.97,1,0,69.01,-0.94,-4.35,4.96,16.96
903.38,0,,68.92,16.95,1,0,68.92,-0.99,-4.32,4.94,16.88
903.56,0,,68.90,16.91,0,1,68.70,-1.04,-4.29,4.92,16.80
903.59,0,,68.82,16.87,1,0,68.69,-0.92,-4.30,5.03,16.93
903.68,0,,68.70,16.89,0,1,68.41,-0.84,-4.29,5.12,17.00
903.83,0,,68.59,16.93,1,0,68.70,-0.89,-4.27,5.09,16.93
903.89,0,,68.58,16.95,1,0,68.66,-0.94,-4.30,5.01,16.91
903.98,0,,68.65,16.93,2,-1,68.85,-1.05,-4.29,4.91,16.79
904.13,0,,68.74,16.86,2,-1,68.83,-1.14,-4.35,4.76,16.76
904.19,0,,68.79,16.80,2,-1,68.63,-1.19,-4.43,4.63,16.79
904.31,0,,68.75,16.75,1,0,68.65,-1.38,-4.44,4.43,16.61
904.43,0,,68.69,16.68,2,-1,68.71,-1.51,-4.52,4.22,16.56
904.49,0,,68.70,16.60,2,-1,68.89,-1.65,-4.59,4.01,16.49
904.58,0,,68.77,16.51,2,-1,68.80,-1.83,-4.61,3.81,16.33
904.73,0,,68.85,16.43,1,0,69.06,-1.83,-4.69,3.73,16.41
904.82,0,,68.90,16.39,0,1,68.75,-1.87,-4.76,3.62,16.44
904.88,0,,68.87,16.37,0,1,68.70,-2.09,-4.73,3.43,16.19
905.09,0,,68.76,16.30,0,1,68.50,-2.23,-4.80,3.22,16.12
905.09,0,,68.67,16.20,1,0,68.92,-2.29,-4.90,3.06,16.16
905.18,0,,68.72,16.14,1,0,68.86,-2.36,-4.86,3.03,16.05
905.33,0,,68.83,16.10,1,0,69.03,-2.39,-4.91,2.95,16.07
905.39,0,,68.86,16.07,1,0,68.35,-2.48,-4.98,2.79,16.05
905.48,0,,68.70,16.03,1,0,68.43,-2.66,-4.95,2.64,15.84
905.63,0,,68.49,15.95,2,-1,68.37,-2.67,-4.97,2.61,15.85
905.69,0,,68.39,15.90,4,-2,68.42,-2.54,-4.97,2.74,15.98
905.81,0,,68.33,15.90,4,-2,68.14,-2.58,-4.95,2.72,15.92
905.93,0,,68.26,15.91,4,-2,68.21,-2.70,-4.98,2.57,15.83
905.99,0,,68.27,15.88,4,-2,68.66,-2.72,-4.99,2.54,15.82
906.08,0,,68.39,15.85,4,-2,68.47,-2.67,-5.00,2.58,15.88
906.32,0,,68.51,15.86,4,-2,68.58,-2.63,-5.02,2.60,15.94
906.32,0,,68.59,15.90,2,-1,68.78,-2.65,-5.03,2.57,15.93
906.38,0,,68.68,15.93,2,-1,68.74,-2.69,-5.05,2.51,15.91
906.56,0,,68.72,15.92,0,2,68.55,-2.78,-5.07,2.40,15.84
906.62,0,,68.65,15.89,0,2,68.43,-2.77,-5.10,2.38,15.88
906.68,0,,68.54,15.88,0,2,68.49,-2.67,-5.04,2.54,15.92
906.83,0,,68.47,15.87,0,1,68.47,-2.77,-4.98,2.50,15.76
906.89,0,,68.44,15.84,0,1,68.35,-2.84,-5.08,2.33,15.79
906.98,0,,68.40,15.81,2,-1,68.32,-2.80,-5.11,2.34,15.86
907.13,0,,68.37,15.82,2,-1,68.45,-2.75,-5.05,2.45,15.85
907.19,0,,68.44,15.86,2,-1,68.88,-2.63,-5.03,2.59,15.95
907.31,0,,68.61,15.90,2,-1,68.73,-2.64,-5.04,2.57,15.95
907.40,0,,68.69,15.94,2,-1,68.33,-2.72,-5.06,2.47,15.89
907.49,0,,68.62,15.94,2,-1,68.64,-2.69,-5.06,2.50,15.92
907.58,0,,68.55,15.93,0,1,68.51,-2.61,-5.04,2.60,15.98
907.73,0,,68.55,15.96,0,1,68.64,-2.52,-5.04,2.69,16.07
907.82,0,,68.60,16.02,0,1,68.77,-2.53,-5.04,2.68,16.06
907.88,0,,68.65,16.04,0,1,68.48,-2.63,-5.04,2.58,15.96
908.00,0,,68.59,16.02,1,0,68.35,-2.60,-5.04,2.61,15.99
908.09,0,,68.48,16.02,1,0,68.48,-2.44,-5.02,2.79,16.13
908.18,0,,68.45,16.07,1,0,68.57,-2.35,-5.05,2.85,16.25
908.36,0,,68.44,16.16,1,0,68.21,-2.40,-5.05,2.80,16.20
908.39,0,,68.39,16.20,1,0,68.41,-2.44,-5.00,2.81,16.11
908.48,0,,68.34,16.20,2,-1,68.25,-2.32,-5.00,2.93,16.23
908.63,0,,68.29,16.21,4,-2,68.18,-2.15,-4.93,3.17,16.33
908.69,0,,68.24,16.26,4,-2,68.27,-2.15,-4.89,3.21,16.29
908.81,0,,68.24,16.29,4,-2,68.40,-2.21,-4.91,3.13,16.25
908.93,0,,68.35,16.29,2,-1,68.68,-2.15,-4.91,3.19,16.31
908.99,0,,68.45,16.31,2,-1,68.18,-2.05,-4.91,3.29,16.41
909.08,0,,68.44,16.36,2,-1,68.52,-1.96,-4.88,3.41,16.47
909.20,0,,68.39,16.43,2,-1,68.11,-1.93,-4.85,3.47,16.47
909.32,0,,68.33,16.45,2,-1,68.46,-2.02,-4.83,3.40,16.36
909.38,0,,68.33,16.43,2,-1,68.39,-2.02,-4.85,3.38,16.38
909.62,0,,68.38,16.43,0,1,68.48,-1.86,-4.89,3.50,16.58
909.62,0,,68.44,16.47,0,1,68.51,-1.82,-4.80,3.63,16.53
909.68,0,,68.52,16.52,0,1,68.71,-1.87,-4.79,3.59,16.47
909.83,0,,68.60,16.52,0,1,68.60,-1.88,-4.85,3.52,16.52
909.89,0,,68.62,16.52,0,1,68.48,-1.84,-4.78,3.63,16.49
909.98,0,,68.55,16.51,0,1,68.35,-1.79,-4.77,3.69,16.53
910.10,0,,68.45,16.53,1,0,68.44,-1.72,-4.77,3.76,16.60
910.19,0,,68.42,16.56,0,1,68.57,-1.75,-4.74,3.76,16.54
910.31,0,,68.46,16.56,1,0,68.47,-1.82,-4.77,3.66,16.50
910.40,0,,68.49,16.54,1,0,68.49,-1.82,-4.79,3.64,16.52
910.49,0,,68.50,16.53,1,0,68.51,-1.76,-4.75,3.74,16.54
910.58,0,,68.50,16.54,1,0,68.47,-1.67,-4.73,3.85,16.61
910.73,0,,68.48,16.58,1,0,68.39,-1.69,-4.77,3.79,16.63
910.82,0,,68.46,16.61,1,0,68.54,-1.74,-4.77,3.74,16.58
910.88,0,,68.47,16.61,1,0,68.51,-1.72,-4.76,3.77,16.59
911.06,0,,68.45,16.62,1,0,68.15,-1.63,-4.78,3.84,16.70
911.09,0,,68.40,16.66,1,0,68.60,-1.58,-4.79,3.88,16.76
911.18,0,,68.42,16.71,1,0,68.54,-1.64,-4.80,3.81,16.71
911.33,0,,68.48,16.72,1,0,68.39,-1.71,-4.78,3.76,16.62
911.39,0,,68.47,16.68,1,0,68.39,-1.72,-4.74,3.79,16.57
911.48,0,,68.39,16.63,1,0,68.17,-1.65,-4.74,3.86,16.64
911.63,0,,68.35,16.61,1,0,68.67,-1.63,-4.72,3.90,16.64
911.69,0,,68.40,16.62,1,0,68.37,-1.66,-4.74,3.85,16.63
911.81,0,,68.43,16.64,1,0,68.31,-1.66,-4.77,3.82,16.66
911.93,0,,68.43,16.66,1,0,68.62,-1.58,-4.74,3.93,16.71
911.99,0,,68.47,16.71,1,0,68.53,-1.40,-4.72,4.13,16.87
912.08,0,,68.52,16.79,1,0,68.47,-1.35,-4.67,4.23,16.87
912.23,0,,68.53,16.85,1,0,68.60,-1.37,-4.65,4.23,16.83
912.32,0,,68.56,16.87,1,0,68.63,-1.31,-4.66,4.28,16.90
912.38,0,,68.58,16.90,1,0,68.51,-1.20,-4.61,4.44,16.96
912.56,0,,68.61,16.94,1,0,68.81,-1.11,-4.61,4.53,17.05
912.59,0,,68.65,16.99,0,1,68.55,-1.16,-4.61,4.48,17.00
912.68,0,,68.63,17.01,0,1,68.47,-1.25,-4.59,4.41,16.89
912.83,0,,68.55,16.97,1,0,68.51,-1.25,-4.59,4.41,16.89
912.89,0,,68.53,16.93,1,0,68.67,-1.15,-4.58,4.52,16.98
913.01,0,,68.56,16.94,1,0,68.55,-1.15,-4.58,4.52,16.98
913.13,0,,68.53,16.96,1,0,68.16,-1.25,-4.60,4.40,16.90
913.19,0,,68.49,16.94,1,0,68.99,-1.26,-4.60,4.39,16.89
913.31,0,,68.57,16.92,1,0,68.51,-1.23,-4.63,4.39,16.95
913.43,0,,68.61,16.93,1,0,68.38,-1.19,-4.63,4.43,16.99
913.49,0,,68.56,16.96,1,0,68.71,-1.18,-4.59,4.48,16.96
913.58,0,,68.60,16.97,1,0,68.82,-1.20,-4.59,4.46,16.94
913.73,0,,68.67,16.97,1,0,68.52,-1.16,-4.61,4.48,17.00
913.82,0,,68.69,16.99,0,1,68.78,-1.08,-4.59,4.58,17.06
913.88,0,,68.68,17.03,0,1,68.59,-1.02,-4.57,4.66,17.10
914.06,0,,68.68,17.07,0,1,68.74,-1.09,-4.59,4.57,17.05
914.09,0,,68.72,17.07,0,1,68.97,-1.15,-4.62,4.48,17.02
914.18,0,,68.71,17.05,0,1,68.08,-1.17,-4.61,4.47,16.99
914.33,0,,68.62,17.02,0,1,69.02,-1.13,-4.60,4.52,17.02
914.39,0,,68.68,17.03,0,1,69.03,-1.00,-4.59,4.66,17.14
914.48,0,,68.83,17.07,0,1,68.65,-1.02,-4.55,4.68,17.08
914.63,0,,68.82,17.08,0,1,68.56,-1.09,-4.52,4.64,16.98
914.69,0,,68.71,17.06,0,1,68.73,-1.03,-4.50,4.72,17.02
914.81,0,,68.64,17.04,0,1,68.52,-0.97,-4.51,4.77,17.09
914.93,0,,68.65,17.06,1,0,69.03,-0.89,-4.49,4.87,17.15
914.99,0,,68.76,17.12,1,0,68.83,-0.81,-4.50,4.94,17.24
915.08,0,,68.80,17.18,0,1,68.47,-0.86,-4.53,4.86,17.22
915.23,0,,68.66,17.22,0,1,68.25,-0.85,-4.49,4.91,17.19
915.32,0,,68.46,17.22,1,0,68.42,-0.78,-4.42,5.05,17.19
915.38,0,,68.39,17.21,4,-2,68.64,-0.80,-4.43,5.02,17.18
915.59,0,,68.52,17.19,4,-2,68.98,-0.80,-4.46,4.99,17.21
915.59,0,,68.70,17.19,1,0,68.61,-0.81,-4.45,4.99,17.19
915.71,0,,68.80,17.19,1,0,68.99,-0.81,-4.44,5.00,17.18
915.83,0,,68.90,17.20,1,0,69.12,-0.72,-4.43,5.10,17.26
915.92,0,,68.96,17.21,1,0,68.66,-0.84,-4.43,4.98,17.14
916.01,0,,68.92,17.19,0,2,68.94,-0.96,-4.46,4.83,17.05
916.13,0,,68.82,17.13,0,2,68.50,-0.92,-4.46,4.87,17.09
916.22,0,,68.70,17.08,0,2,68.65,-0.95,-4.44,4.86,17.04
916.31,0,,68.65,17.07,0,1,68.83,-0.88,-4.45,4.92,17.12
916.43,0,,68.75,17.08,1,0,69.21,-0.89,-4.45,4.91,17.11
916.49,0,,68.88,17.09,0,1,68.50,-1.02,-4.46,4.77,16.99
916.61,0,,68.83,17.06,1,0,68.67,-1.01,-4.47,4.77,17.01
916.73,0,,68.73,17.03,1,0,68.80,-1.01,-4.47,4.77,17.01
916.88,0,,68.70,17.02,1,0,68.64,-0.99,-4.48,4.78,17.04
916.91,0,,68.67,17.01,2,-1,68.57,-1.04,-4.45,4.76,16.96
917.06,0,,68.62,16.99,2,-1,68.53,-1.08,-4.42,4.75,16.89
917.09,0,,68.54,16.95,2,-1,68.40,-1.02,-4.45,4.78,16.98
917.21,0,,68.52,16.93,2,-1,68.81,-1.06,-4.42,4.77,16.91
917.33,0,,68.64,16.94,4,-2,69.03,-0.92,-4.40,4.93,17.03
917.39,0,,68.84,17.00,1,0,68.99,-0.81,-4.41,5.03,17.15
917.51,0,,68.94,17.06,2,-1,68.72,-0.93,-4.37,4.95,16.99
917.63,0,,68.91,17.07,0,1,68.90,-0.86,-4.34,5.05,17.03
917.69,0,,68.87,17.07,0,1,68.89,-0.73,-4.34,5.18,17.16
917.81,0,,68.87,17.10,0,2,68.84,-0.72,-4.33,5.20,17.16
917.93,0,,68.85,17.14,0,2,68.76,-0.76,-4.33,5.16,17.12
917.99,0,,68.80,17.14,0,2,68.70,-0.78,-4.30,5.17,17.07
918.11,0,,68.72,17.13,1,0,68.55,-0.67,-4.30,5.28,17.18
918.20,0,,68.67,17.15,1,0,68.87,-0.56,-4.28,5.41,17.27
918.32,0,,68.70,17.21,1,0,68.71,-0.58,-4.26,5.41,17.23
918.41,0,,68.75,17.23,1,0,68.83,-0.59,-4.21,5.45,17.17
918.56,0,,68.80,17.21,1,0,68.95,-0.58,-4.16,5.51,17.13
918.59,0,,68.82,17.18,2,-1,68.49,-0.56,-4.18,5.51,17.17
918.71,0,,68.75,17.16,1,0,68.81,-0.46,-4.13,5.66,17.22
918.83,0,,68.70,17.18,1,0,68.62,-0.44,-4.10,5.71,17.21
918.89,0,,68.64,17.20,1,0,68.45,-0.49,-4.10,5.66,17.16
919.01,0,,68.60,17.20,2,-1,68.85,-0.40,-4.09,5.76,17.24
919.13,0,,68.68,17.23,1,0,68.92,-0.28,-4.06,5.91,17.33
919.19,0,,68.73,17.27,1,0,68.28,-0.28,-3.96,6.01,17.23
919.31,0,,68.66,17.27,1,0,68.74,-0.28,-3.96,6.01,17.23
919.43,0,,68.59,17.26,1,0,68.47,-0.25,-3.97,6.03,17.27
919.49,0,,68.55,17.25,1,0,68.53,-0.25,-3.89,6.11,17.19
919.61,0,,68.61,17.25,2,-1,69.16,-0.10,-3.91,6.24,17.36
919.73,0,,68.72,17.30,2,-1,68.36,0.02,-3.90,6.37,17.47
919.82,0,,68.76,17.38,1,0,69.02,-0.03,-3.84,6.38,17.36
919.91,0,,68.80,17.42,1,0,68.86,0.03,-3.84,6.44,17.42
920.06,0,,68.86,17.44,1,0,68.84,0.13,-3.82,6.56,17.50
920.09,0,,68.85,17.47,1,0,68.70,0.13,-3.80,6.58,17.48
920.21,0,,68.77,17.48,0,1,68.55,0.14,-3.75,6.64,17.44
920.33,0,,68.64,17.47,0,1,68.47,0.11,-3.71,6.65,17.37
920.39,0,,68.59,17.42,1,0,68.94,0.06,-3.70,6.61,17.31
920.51,0,,68.65,17.36,1,0,68.56,0.12,-3.64,6.73,17.31
920.63,0,,68.69,17.34,1,0,68.74,0.25,-3.62,6.88,17.42
920.69,0,,68.67,17.38,1,0,68.46,0.33,-3.64,6.94,17.52
920.81,0,,68.57,17.44,1,0,68.33,0.29,-3.59,6.95,17.43
920.93,0,,68.50,17.44,2,-1,68.84,0.22,-3.49,6.98,17.26
921.08,0,,68.63,17.39,2,-1,69.14,0.31,-3.50,7.06,17.36
921.11,0,,68.82,17.36,1,0,68.60,0.41,-3.51,7.15,17.47
921.23,0,,68.87,17.41,1,0,68.92,0.50,-3.46,7.29,17.51
921.32,0,,68.85,17.47,1,0,68.79,0.54,-3.43,7.36,17.52
921.41,0,,68.83,17.51,0,1,68.80,0.56,-3.39,7.42,17.50
921.56,0,,68.85,17.53,0,1,69.12,0.63,-3.38,7.50,17.56
921.59,0,,68.98,17.54,0,2,69.32,0.66,-3.33,7.58,17.54
921.74,0,,69.13,17.55,0,2,69.02,0.68,-3.27,7.66,17.50
921.83,0,,69.10,17.54,0,2,68.65,0.74,-3.26,7.73,17.55
921.89,0,,68.88,17.53,0,2,68.45,0.74,-3.20,7.79,17.49
922.01,0,,68.64,17.50,0,1,68.61,0.72,-3.14,7.83,17.41
922.13,0,,68.53,17.46,0,1,68.55,0.74,-3.14,7.85,17.43
922.19,0,,68.55,17.43,4,-2,68.76,0.74,-3.15,7.84,17.44
922.31,0,,68.63,17.42,4,-2,68.66,0.67,-3.09,7.83,17.31
922.43,0,,68.70,17.37,4,-2,68.80,0.68,-3.05,7.88,17.28
922.49,0,,68.81,17.32,4,-2,69.20,0.70,-3.06,7.89,17.31
922.61,0,,68.97,17.29,2,-1,69.03,0.66,-3.04,7.87,17.25
922.73,0,,69.06,17.27,0,1,68.99,0.65,-3.05,7.85,17.25
922.82,0,,69.07,17.25,0,1,69.12,0.60,-3.05,7.80,17.20
922.91,0,,69.05,17.23,0,1,68.84,0.62,-3.03,7.84,17.20
923.00,0,,69.03,17.21,0,2,69.36,0.62,-3.01,7.86,17.18
923.09,0,,69.09,17.19,0,2,69.00,0.58,-2.99,7.84,17.12
923.21,0,,69.10,17.16,0,2,69.00,0.60,-2.96,7.89,17.11
923.33,0,,69.02,17.12,0,1,68.72,0.61,-2.91,7.95,17.07
923.39,0,,68.94,17.09,0,1,69.22,0.65,-2.91,7.99,17.11
923.51,0,,68.91,17.10,2,-1,68.52,0.70,-2.94,8.01,17.19
923.63,0,,68.79,17.14,1,0,68.50,0.63,-2.98,7.90,17.16
923.69,0,,68.59,17.14,4,-2,68.38,0.41,-3.01,7.65,16.97
923.81,0,,68.57,17.08,4,-2,69.34,0.28,-3.15,7.38,16.98
923.93,0,,68.78,17.03,4,-2,68.91,0.18,-3.32,7.11,17.05
923.99,0,,68.92,16.99,4,-2,68.56,-0.09,-3.36,6.80,16.82
924.11,0,,68.84,16.90,2,-1,68.80,-0.37,-3.44,6.44,16.62
924.20,0,,68.74,16.75,2,-1,68.59,-0.55,-3.58,6.12,16.58
924.32,0,,68.69,16.62,2,-1,68.82,-0.71,-3.70,5.84,16.54
924.41,0,,68.73,16.55,2,-1,68.88,-0.83,-3.78,5.64,16.50
924.50,0,,68.76,16.51,2,-1,68.48,-0.94,-3.84,5.47,16.45
924.59,0,,68.70,16.46,0,1,68.69,-1.11,-3.89,5.25,16.33
924.71,0,,68.66,16.39,1,0,68.72,-1.23,-3.95,5.07,16.27
924.83,0,,68.71,16.32,2,-1,69.00,-1.27,-4.05,4.93,16.33
924.89,0,,68.82,16.30,2,-1,68.84,-1.34,-4.10,4.81,16.31
925.01,0,,68.87,16.29,1,0,68.74,-1.45,-4.12,4.68,16.22
925.10,0,,68.80,16.26,0,1,68.53,-1.57,-4.18,4.50,16.16
925.19,0,,68.67,16.21,1,0,68.53,-1.62,-4.23,4.40,16.16
925.31,0,,68.55,16.16,1,0,68.46,-1.68,-4.22,4.35,16.09
925.40,0,,68.54,16.12,2,-1,68.95,-1.73,-4.25,4.27,16.07
925.49,0,,68.62,16.08,2,-1,68.37,-1.80,-4.31,4.14,16.06
925.61,0,,68.63,16.06,2,-1,68.74,-1.88,-4.33,4.04,16.00
925.70,0,,68.62,16.04,2,-1,68.53,-1.88,-4.37,4.00,16.04
925.82,0,,68.62,16.04,2,-1,68.71,-1.84,-4.38,4.03,16.09
925.91,0,,68.65,16.06,2,-1,68.77,-1.88,-4.39,3.98,16.06
926.00,0,,68.66,16.06,2,-1,68.39,-2.00,-4.42,3.83,15.97
926.09,0,,68.65,16.02,2,-1,68.97,-2.07,-4.43,3.75,15.91
926.21,0,,68.69,15.96,2,-1,68.57,-2.04,-4.42,3.79,15.93
926.33,0,,68.61,15.94,2,-1,67.98,-1.97,-4.42,3.86,16.00
926.39,0,,68.39,15.96,2,-1,68.34,-2.02,-4.46,3.77,15.99
926.51,0,,68.27,15.97,2,-1,68.47,-2.14,-4.48,3.63,15.89
926.60,0,,68.30,15.95,2,-1,68.27,-2.12,-4.48,3.65,15.91
926.69,0,,68.34,15.94,2,-1,68.39,-2.03,-4.50,3.72,16.02
926.81,0,,68.41,15.97,2,-1,68.76,-2.08,-4.52,3.65,15.99
926.90,0,,68.49,15.99,2,-1,68.22,-2.15,-4.54,3.56,15.94
926.99,0,,68.50,15.98,2,-1,68.65,-2.14,-4.58,3.53,15.99
927.11,0,,68.45,15.98,2,-1,68.14,-2.12,-4.59,3.54,16.02
927.20,0,,68.38,16.00,2,-1,68.45,-2.08,-4.53,3.64,16.00
927.32,0,,68.28,16.01,2,-1,67.83,-2.10,-4.52,3.63,15.97
927.38,0,,68.17,15.99,2,-1,68.37,-2.21,-4.57,3.47,15.91
927.50,0,,68.16,15.96,2,-1,68.25,-2.18,-4.59,3.48,15.96
927.59,0,,68.24,15.97,2,-1,68.42,-2.05,-4.58,3.62,16.08
927.71,0,,68.32,16.02,2,-1,68.30,-2.02,-4.56,3.67,16.09
927.83,0,,68.38,16.07,2,-1,68.56,-2.07,-4.61,3.57,16.09
927.89,0,,68.41,16.09,2,-1,68.20,-2.16,-4.62,3.47,16.01
927.98,0,,68.33,16.06,2,-1,68.02,-2.15,-4.58,3.52,15.98
928.10,0,,68.18,16.04,2,-1,68.10,-2.02,-4.58,3.65,16.11
928.19,0,,68.16,16.05,2,-1,68.69,-2.02,-4.58,3.65,16.11
928.31,0,,68.32,16.08,2,-1,68.37,-2.09,-4.60,3.56,16.06
928.43,0,,68.46,16.10,2,-1,68.59,-2.04,-4.61,3.60,16.12
928.49,0,,68.51,16.11,0,1,68.34,-2.02,-4.61,3.62,16.14
928.61,0,,68.45,16.15,0,1,68.19,-1.95,-4.66,3.64,16.26
928.70,0,,68.33,16.20,0,1,68.31,-1.96,-4.65,3.64,16.24
928.82,0,,68.26,16.22,1,0,68.20,-2.03,-4.59,3.63,16.11
928.88,0,,68.23,16.20,1,0,68.29,-1.96,-4.64,3.65,16.23
929.00,0,,68.31,16.21,1,0,68.79,-1.86,-4.65,3.74,16.34
929.09,0,,68.47,16.26,1,0,68.45,-1.86,-4.59,3.80,16.28
929.18,0,,68.54,16.28,1,0,68.35,-1.97,-4.62,3.66,16.20
929.33,0,,68.41,16.25,1,0,67.94,-2.04,-4.61,3.60,16.12
929.39,0,,68.25,16.19,1,0,68.44,-1.95,-4.57,3.73,16.17
929.48,0,,68.22,16.19,1,0,68.29,-1.79,-4.64,3.82,16.40
929.60,0,,68.27,16.27,1,0,68.33,-1.82,-4.67,3.76,16.40
929.69,0,,68.37,16.34,1,0,68.77,-1.94,-4.63,3.68,16.24
929.81,0,,68.50,16.34,1,0,68.39,-1.89,-4.61,3.75,16.27
929.90,0,,68.51,16.31,1,0,68.29,-1.78,-4.58,3.89,16.35
929.99,0,,68.42,16.32,1,0,68.35,-1.74,-4.57,3.94,16.38
930.08,0,,68.36,16.35,1,0,68.42,-1.78,-4.59,3.88,16.36
930.20,0,,68.34,16.36,1,0,68.21,-1.89,-4.63,3.73,16.29
930.32,0,,68.33,16.34,1,0,68.51,-1.85,-4.63,3.77,16.33
930.38,0,,68.36,16.34,1,0,68.30,-1.69,-4.57,3.99,16.43
930.50,0,,68.38,16.37,1,0,68.46,-1.70,-4.54,4.01,16.39
930.62,0,,68.33,16.37,1,0,67.84,-1.79,-4.45,4.01,16.21
930.71,0,,68.28,16.29,1,0,68.89,-1.79,-4.23,4.23,15.99
930.83,0,,68.42,16.12,1,0,68.73,-1.78,-4.06,4.41,15.83
930.89,0,,68.67,15.94,1,0,68.92,-1.96,-4.18,4.11,15.77
930.98,0,,68.81,15.78,0,2,68.70,-2.18,-4.21,3.86,15.58
931.10,0,,68.87,15.61,0,2,69.04,-2.42,-4.06,3.77,15.19
931.19,0,,68.88,15.35,0,2,68.67,-2.97,-4.22,3.06,14.80
931.31,0,,68.85,15.02,0,2,68.90,-3.37,-4.44,2.44,14.62
931.40,0,,68.78,14.73,0,2,68.42,-3.56,-4.47,2.22,14.46
931.49,0,,68.65,14.51,0,2,68.56,-3.75,-4.54,1.96,14.34
931.58,0,,68.59,14.40,0,1,68.88,-3.73,-4.60,1.92,14.42
931.70,0,,68.63,14.37,0,1,68.48,-3.78,-4.66,1.81,14.43
931.82,0,,68.69,14.38,0,1,69.03,-3.94,-4.74,1.57,14.35
931.88,0,,68.76,14.36,0,1,68.70,-4.10,-4.77,1.38,14.22
932.09,0,,68.79,14.28,2,-1,68.65,-4.28,-4.79,1.18,14.06
932.09,0,,68.70,14.16,2,-1,68.45,-4.31,-4.80,1.14,14.04
932.18,0,,68.63,14.08,2,-1,68.91,-4.22,-4.82,1.21,14.15
932.33,0,,68.69,14.09,1,0,68.82,-4.28,-4.90,1.07,14.17
932.42,0,,68.77,14.12,0,1,68.70,-4.49,-4.97,0.79,14.03
932.51,0,,68.74,14.08,0,1,68.51,-4.69,-5.02,0.54,13.88
932.60,0,,68.60,13.99,0,1,68.23,-4.78,-5.08,0.39,13.85
932.69,0,,68.43,13.90,0,1,68.39,-4.84,-5.15,0.26,13.86
932.81,0,,68.38,13.84,0,1,68.72,-5.04,-5.23,-0.02,13.74
932.90,0,,68.45,13.78,2,-1,68.31,-5.19,-5.28,-0.22,13.64
933.08,0,,68.45,13.70,2,-1,68.37,-5.21,-5.29,-0.25,13.63
933.08,0,,68.38,13.65,2,-1,68.19,-5.20,-5.31,-0.26,13.66
933.20,0,,68.37,13.64,4,-2,68.88,-5.26,-5.37,-0.38,13.66
933.32,0,,68.45,13.65,4,-2,68.14,-5.33,-5.40,-0.48,13.62
933.41,0,,68.43,13.63,2,-1,68.37,-5.35,-5.35,-0.45,13.55
933.50,0,,68.36,13.61,2,-1,68.29,-5.24,-5.33,-0.32,13.64
933.68,0,,68.38,13.61,2,-1,68.85,-5.22,-5.34,-0.31,13.67
933.68,0,,68.47,13.62,2,-1,68.18,-5.41,-5.35,-0.51,13.49
933.95,0,,68.45,13.58,1,0,68.33,-5.47,-5.39,-0.61,13.47
933.95,0,,68.34,13.53,1,0,68.14,-5.39,-5.39,-0.53,13.55
934.01,0,,68.33,13.59,2,-1,68.88,-5.08,-5.61,-0.44,14.08
934.10,0,,68.49,13.90,2,-1,68.65,-4.71,-6.06,-0.52,14.90
934.19,0,,68.65,14.40,0,1,68.71,-4.78,-6.06,-0.59,14.83
934.37,0,,68.72,14.76,0,1,68.72,-4.69,-5.90,-0.34,14.76
934.43,0,,68.75,14.93,0,2,68.80,-4.32,-5.96,-0.03,15.19
934.49,0,,68.78,15.05,0,2,68.84,-4.37,-5.90,-0.02,15.08
934.58,0,,68.80,15.10,0,2,68.77,-4.57,-6.00,-0.32,14.98
934.70,0,,68.85,15.12,0,2,69.10,-4.28,-6.10,-0.13,15.37
934.82,0,,68.95,15.27,0,2,69.09,-3.64,-5.90,0.71,15.81
934.88,0,,69.01,15.55,0,2,68.78,-3.54,-5.91,0.80,15.92
935.00,0,,68.92,15.78,0,2,68.59,-3.85,-6.03,0.37,15.73
935.09,0,,68.75,15.85,0,1,68.58,-3.83,-6.02,0.40,15.74
935.18,0,,68.63,15.81,0,1,68.71,-3.81,-6.04,0.40,15.78
935.33,0,,68.64,15.80,2,-1,68.81,-3.80,-6.10,0.35,15.85
935.39,0,,68.66,15.83,2,-1,68.35,-3.73,-6.15,0.37,15.97
935.48,0,,68.58,15.88,2,-1,68.49,-3.78,-6.09,0.38,15.86
935.60,0,,68.46,15.90,4,-2,68.25,-3.79,-6.04,0.42,15.80
935.69,0,,68.38,15.87,4,-2,68.52,-3.73,-6.10,0.42,15.92
935.81,0,,68.38,15.89,4,-2,68.42,-3.65,-6.09,0.51,15.99
935.90,0,,68.46,15.94,4,-2,68.76,-3.61,-6.04,0.60,15.98
935.99,0,,68.57,15.98,2,-1,68.56,-3.62,-6.06,0.57,15.99
936.08,0,,68.60,16.00,2,-1,68.42,-3.56,-6.02,0.67,16.01
936.20,0,,68.53,16.02,1,0,68.37,-3.40,-5.96,0.89,16.11
936.32,0,,68.45,16.07,2,-1,68.49,-3.36,-5.95,0.94,16.14
936.38,0,,68.45,16.11,2,-1,68.60,-3.40,-5.93,0.92,16.08
936.50,0,,68.53,16.12,0,1,68.69,-3.32,-5.93,1.00,16.16
936.59,0,,68.61,16.15,0,1,68.60,-3.21,-5.91,1.13,16.25
936.68,0,,68.66,16.21,0,1,68.76,-3.07,-5.86,1.32,16.34
936.83,0,,68.70,16.29,0,1,68.71,-3.05,-5.85,1.35,16.35
936.89,0,,68.75,16.34,0,1,68.91,-3.09,-5.84,1.32,16.30
936.98,0,,68.77,16.35,0,1,68.48,-2.98,-5.82,1.45,16.39
937.10,0,,68.77,16.38,0,2,69.18,-2.85,-5.79,1.61,16.49
937.19,0,,68.84,16.44,0,2,68.78,-2.81,-5.77,1.67,16.51
937.31,0,,68.89,16.49,0,2,68.86,-2.80,-5.75,1.70,16.50
937.40,0,,68.85,16.52,0,2,68.61,-2.71,-5.76,1.78,16.60
937.49,0,,68.83,16.58,0,1,69.24,-2.55,-5.75,1.95,16.75
937.58,0,,68.92,16.67,0,1,68.96,-2.46,-5.69,2.10,16.78
937.70,0,,69.00,16.75,0,1,68.89,-2.50,-5.72,2.03,16.77
937.82,0,,68.94,16.78,0,1,68.64,-2.55,-5.73,1.97,16.73
937.88,0,,68.79,16.78,0,1,68.56,-2.41,-5.66,2.18,16.80
938.00,0,,68.65,16.81,1,0,68.65,-2.19,-5.63,2.43,16.99
938.09,0,,68.61,16.89,2,-1,68.74,-2.23,-5.62,2.40,16.94
938.18,0,,68.68,16.93,2,-1,68.93,-2.28,-5.60,2.37,16.87
938.33,0,,68.78,16.94,2,-1,68.78,-2.16,-5.57,2.52,16.96
938.39,0,,68.84,16.95,2,-1,68.84,-2.04,-5.53,2.68,17.04
938.48,0,,68.84,17.00,2,-1,68.82,-2.01,-5.51,2.73,17.05
938.63,0,,68.86,17.04,0,1,69.00,-2.05,-5.55,2.65,17.05
938.69,0,,68.82,17.06,0,1,68.26,-2.01,-5.56,2.68,17.10
938.81,0,,68.69,17.09,0,1,68.87,-1.92,-5.51,2.82,17.14
938.90,0,,68.67,17.13,0,1,68.82,-1.83,-5.49,2.93,17.21
938.99,0,,68.77,17.18,0,1,68.97,-1.81,-5.53,2.91,17.27
939.14,0,,68.88,17.22,2,-1,69.00,-1.90,-5.52,2.83,17.17
939.20,0,,68.93,17.22,2,-1,68.65,-1.81,-5.44,3.00,17.18
939.32,0,,68.91,17.23,0,1,69.19,-1.63,-5.44,3.18,17.36
939.38,0,,68.89,17.27,1,0,68.50,-1.67,-5.47,3.11,17.35
939.50,0,,68.78,17.32,1,0,68.58,-1.73,-5.43,3.09,17.25
939.59,0,,68.71,17.32,1,0,69.15,-1.66,-5.41,3.18,17.30
939.68,0,,68.80,17.33,1,0,68.82,-1.51,-5.42,3.32,17.46
939.86,0,,68.88,17.38,1,0,68.81,-1.44,-5.39,3.42,17.50
939.89,0,,68.91,17.45,1,0,69.14,-1.48,-5.36,3.41,17.43
939.98,0,,68.99,17.47,1,0,69.14,-1.46,-5.38,3.41,17.47
940.10,0,,69.07,17.49,0,1,68.97,-1.35,-5.37,3.53,17.57
940.19,0,,69.07,17.54,0,1,69.05,-1.23,-5.33,3.69,17.65
940.31,0,,69.02,17.60,0,1,68.85,-1.21,-5.34,3.70,17.68
940.40,0,,68.96,17.66,0,1,69.01,-1.22,-5.37,3.66,17.70
940.49,0,,68.96,17.70,0,1,69.07,-1.17,-5.32,3.76,17.70
940.58,0,,69.06,17.72,0,1,69.43,-1.04,-5.27,3.94,17.78
940.70,0,,69.20,17.76,0,1,69.20,-0.95,-5.27,4.03,17.87
940.85,0,,69.26,17.81,0,1,69.11,-1.03,-5.26,3.96,17.78
940.89,0,,69.24,17.82,0,1,69.31,-1.02,-5.28,3.95,17.81
941.00,0,,69.22,17.84,0,1,69.16,-0.88,-5.28,4.09,17.95
941.09,0,,69.24,17.89,0,1,69.39,-0.78,-5.20,4.27,17.97
941.18,0,,69.24,17.95,0,1,69.02,-0.75,-5.21,4.29,18.01
941.33,0,,69.19,17.99,0,1,69.15,-0.82,-5.22,4.21,17.95
941.39,0,,69.23,18.00,0,1,69.84,-0.76,-5.22,4.27,18.01
941.48,0,,69.42,18.03,0,1,69.44,-0.55,-5.22,4.48,18.22
941.60,0,,69.56,18.10,0,1,69.63,-0.58,-5.18,4.49,18.15
941.69,0,,69.59,18.15,0,1,69.48,-0.66,-5.20,4.39,18.09
941.81,0,,69.57,18.15,0,1,69.58,-0.61,-5.21,4.43,18.15
941.90,0,,69.56,18.15,0,2,69.59,-0.55,-5.16,4.54,18.16
941.99,0,,69.52,18.16,0,2,69.22,-0.49,-5.15,4.61,18.21
942.08,0,,69.44,18.19,0,1,69.55,-0.51,-5.21,4.53,18.25
942.20,0,,69.41,18.22,0,1,69.37,-0.57,-5.23,4.45,18.21
942.32,0,,69.44,18.23,0,1,69.62,-0.55,-5.17,4.53,18.17
942.38,0,,69.46,18.22,0,1,69.26,-0.48,-5.14,4.63,18.21
942.50,0,,69.45,18.21,0,1,69.56,-0.48,-5.18,4.59,18.25
942.59,0,,69.41,18.23,2,-1,69.17,-0.51,-5.21,4.53,18.25
942.68,0,,69.34,18.24,2,-1,69.26,-0.51,-5.18,4.56,18.22
942.83,0,,69.33,18.24,2,-1,69.73,-0.47,-5.15,4.63,18.23
942.89,0,,69.47,18.26,2,-1,69.72,-0.36,-5.22,4.67,18.41
942.98,0,,69.61,18.32,1,0,69.49,-0.43,-5.24,4.58,18.36
943.10,0,,69.61,18.35,0,1,69.48,-0.48,-5.21,4.56,18.28
943.19,0,,69.57,18.36,0,1,69.68,-0.34,-5.24,4.67,18.45
943.34,0,,69.51,18.39,0,1,69.10,-0.31,-5.24,4.70,18.48
943.40,0,,69.48,18.43,0,1,70.05,-0.40,-5.21,4.64,18.36
943.49,0,,69.53,18.42,0,1,69.17,-0.43,-5.23,4.59,18.35
943.58,0,,69.55,18.40,0,1,69.80,-0.34,-5.26,4.65,18.47
943.77,0,,69.57,18.43,0,1,69.48,-0.22,-5.23,4.80,18.56
943.82,0,,69.52,18.48,1,0,69.15,-0.28,-5.17,4.80,18.44
943.89,0,,69.42,18.48,1,0,69.62,-0.36,-5.14,4.75,18.33
944.00,0,,69.40,18.43,1,0,69.35,-0.28,-5.19,4.78,18.46
944.09,0,,69.46,18.43,1,0,69.72,-0.18,-5.20,4.87,18.57
944.18,0,,69.46,18.50,1,0,68.98,-0.12,-5.15,4.98,18.58
944.33,0,,69.36,18.55,1,0,69.38,-0.13,-5.11,5.01,18.53
944.39,0,,69.33,18.58,2,-1,69.69,-0.09,-5.13,5.03,18.59
944.51,0,,69.43,18.60,2,-1,69.35,0.04,-5.13,5.16,18.72
944.60,0,,69.48,18.66,1,0,69.53,0.11,-5.08,5.28,18.74
944.69,0,,69.54,18.72,1,0,69.85,0.16,-5.07,5.34,18.78
944.81,0,,69.70,18.77,1,0,70.09,0.17,-5.06,5.36,18.78
944.90,0,,69.90,18.79,0,2,69.95,0.23,-5.04,5.44,18.82
944.99,0,,69.93,18.83,0,2,69.43,0.38,-5.01,5.62,18.94
945.08,0,,69.76,18.88,0,2,69.57,0.37,-5.02,5.60,18.94
945.20,0,,69.62,18.92,0,2,69.75,0.27,-5.06,5.46,18.88
945.32,0,,69.63,18.92,0,2,69.76,0.25,-5.05,5.45,18.85
945.38,0,,69.73,18.90,0,1,69.97,0.32,-5.07,5.50,18.94
945.50,0,,69.78,18.91,0,1,69.43,0.33,-5.07,5.51,18.95
945.59,0,,69.63,18.91,0,1,69.04,0.20,-5.03,5.42,18.78
945.68,0,,69.45,18.86,2,-1,69.90,0.08,-5.09,5.24,18.72
945.83,0,,69.52,18.79,4,-2,69.88,0.07,-5.17,5.15,18.79
945.89,0,,69.73,18.77,2,-1,69.84,0.11,-5.15,5.21,18.81
945.98,0,,69.83,18.78,1,0,69.73,0.08,-5.16,5.17,18.79
946.13,0,,69.86,18.79,0,1,70.01,-0.03,-5.23,4.99,18.75
946.19,0,,69.85,18.76,0,1,69.60,-0.13,-5.21,4.91,18.63
946.31,0,,69.80,18.70,0,1,69.83,-0.14,-5.21,4.90,18.62
946.40,0,,69.79,18.66,0,1,69.97,-0.11,-5.24,4.90,18.68
946.49,0,,69.83,18.65,0,1,69.68,-0.14,-5.25,4.86,18.66
946.59,0,,69.78,18.65,1,0,69.51,-0.22,-5.26,4.77,18.59
946.70,0,,69.64,18.63,0,1,69.46,-0.25,-5.25,4.75,18.55
946.82,0,,69.55,18.59,1,0,69.73,-0.24,-5.25,4.76,18.56
946.88,0,,69.58,18.56,1,0,69.70,-0.32,-5.30,4.63,18.53
947.00,0,,69.66,18.54,2,-1,69.71,-0.35,-5.31,4.59,18.51
947.09,0,,69.64,18.53,2,-1,69.23,-0.32,-5.29,4.64,18.52
947.21,0,,69.56,18.53,2,-1,69.77,-0.28,-5.29,4.68,18.56
947.33,0,,69.55,18.55,2,-1,69.55,-0.22,-5.27,4.76,18.60
947.42,0,,69.57,18.57,2,-1,69.54,-0.32,-5.30,4.63,18.53
947.52,0,,69.57,18.55,2,-1,69.59,-0.42,-5.32,4.51,18.45
947.60,0,,69.61,18.51,1,0,69.84,-0.33,-5.28,4.64,18.50
947.69,0,,69.62,18.50,2,-1,69.21,-0.23,-5.27,4.75,18.59
947.81,0,,69.53,18.53,2,-1,69.45,-0.27,-5.29,4.69,18.57
947.90,0,,69.49,18.55,1,0,69.90,-0.35,-5.29,4.61,18.49
947.99,0,,69.63,18.55,1,0,69.87,-0.31,-5.32,4.62,18.56
948.08,0,,69.77,18.55,0,1,69.69,-0.25,-5.29,4.71,18.59
948.20,0,,69.79,18.57,0,1,69.67,-0.25,-5.26,4.74,18.56
948.32,0,,69.72,18.58,0,1,69.58,-0.29,-5.29,4.67,18.55
948.38,0,,69.67,18.56,0,1,69.80,-0.35,-5.30,4.60,18.50
948.50,0,,69.67,18.55,1,0,69.58,-0.26,-5.31,4.68,18.60
948.59,0,,69.67,18.57,1,0,69.73,-0.16,-5.30,4.79,18.69
948.68,0,,69.71,18.62,1,0,69.97,-0.22,-5.30,4.73,18.63
948.83,0,,69.80,18.64,1,0,69.71,-0.31,-5.32,4.62,18.56
948.95,0,,69.76,18.61,0,1,69.32,-0.32,-5.28,4.65,18.51
948.98,0,,69.67,18.58,1,0,70.12,-0.17,-5.27,4.81,18.65
949.13,0,,69.74,18.61,1,0,69.83,-0.09,-5.30,4.86,18.76
949.19,0,,69.85,18.66,0,1,69.84,-0.23,-5.31,4.71,18.63
949.31,0,,69.86,18.68,0,1,69.76,-0.26,-5.34,4.65,18.63
949.40,0,,69.83,18.67,0,1,69.87,-0.15,-5.32,4.78,18.72
949.49,0,,69.83,18.68,0,1,69.85,-0.13,-5.28,4.84,18.70
949.58,0,,69.84,18.69,0,1,69.87,-0.17,-5.29,4.79,18.67
949.70,0,,69.79,18.68,0,1,69.36,-0.24,-5.28,4.73,18.59
949.82,0,,69.63,18.65,0,1,69.43,-0.20,-5.27,4.78,18.62
949.88,0,,69.51,18.64,0,1,69.74,-0.08,-5.31,4.86,18.78
950.01,0,,69.50,18.69,4,-2,69.25,-0.09,-5.29,4.87,18.75
950.09,0,,69.53,18.73,4,-2,70.06,-0.19,-5.29,4.77,18.65
950.18,0,,69.70,18.71,4,-2,69.98,-0.18,-5.24,4.83,18.61
950.33,0,,69.80,18.67,2,-1,69.18,-0.07,-5.19,4.99,18.67
950.39,0,,69.66,18.66,2,-1,69.63,-0.05,-5.24,4.96,18.74
950.48,0,,69.56,18.69,1,0,69.70,-0.11,-5.27,4.87,18.71
950.60,0,,69.60,18.72,1,0,69.74,-0.10,-5.29,4.86,18.74
950.69,0,,69.70,18.75,1,0,69.87,-0.04,-5.30,4.91,18.81
950.81,0,,69.81,18.78,1,0,69.98,0.03,-5.27,5.01,18.85
950.90,0,,69.90,18.83,0,1,69.89,0.05,-5.29,5.01,18.89
950.99,0,,69.88,18.86,0,1,69.47,-0.05,-5.30,4.90,18.80
951.08,0,,69.71,18.84,0,1,69.46,-0.05,-5.21,4.99,18.71
951.20,0,,69.63,18.80,0,1,70.17,0.09,-5.21,5.13,18.85
951.32,0,,69.73,18.82,1,0,69.63,0.15,-5.32,5.08,19.02
951.41,0,,69.78,18.89,1,0,69.67,0.04,-5.28,5.01,18.87
951.50,0,,69.70,18.91,1,0,69.46,0.02,-5.21,5.06,18.78
951.59,0,,69.60,18.88,1,0,69.61,0.09,-5.26,5.08,18.90
951.71,0,,69.62,18.87,2,-1,70.12,0.07,-5.25,5.07,18.87
951.83,0,,69.81,18.88,2,-1,69.99,0.07,-5.26,5.06,18.88
951.89,0,,69.95,18.88,1,0,69.81,0.04,-5.29,5.00,18.88
951.98,0,,69.92,18.88,0,1,69.72,0.04,-5.23,5.06,18.82
952.10,0,,69.83,18.87,0,1,69.77,0.13,-5.21,5.17,18.89
952.19,0,,69.76,18.87,0,1,69.73,0.10,-5.26,5.09,18.91
952.31,0,,69.80,18.88,0,1,70.22,-0.01,-5.28,4.96,18.82
952.40,0,,69.92,18.88,0,1,69.90,0.08,-5.31,5.02,18.94
952.49,0,,69.97,18.92,1,0,69.74,0.24,-5.32,5.17,19.11
952.61,0,,69.95,19.01,0,1,70.23,0.23,-5.30,5.18,19.08
952.70,0,,69.99,19.06,0,1,69.99,0.15,-5.29,5.11,18.99
952.82,0,,70.05,19.05,0,1,70.11,0.12,-5.26,5.11,18.93
952.91,0,,69.96,18.98,0,1,69.22,0.13,-5.19,5.19,18.87
953.00,0,,69.73,18.92,0,1,69.67,0.20,-5.19,5.26,18.94
953.09,0,,69.59,18.92,2,-1,69.82,0.21,-5.26,5.20,19.02
953.18,0,,69.67,18.95,2,-1,69.96,0.11,-5.26,5.10,18.92
953.33,0,,69.78,18.97,4,-2,69.60,0.18,-5.24,5.19,18.97
953.39,0,,69.83,18.98,2,-1,70.11,0.26,-5.22,5.29,19.03
953.51,0,,69.86,19.00,2,-1,69.67,0.23,-5.24,5.24,19.02
953.60,0,,69.93,19.02,2,-1,70.43,0.17,-5.27,5.15,18.99
953.69,0,,70.00,19.01,1,0,69.58,0.12,-5.28,5.09,18.95
953.81,0,,69.93,18.98,1,0,69.74,0.16,-5.22,5.19,18.93
953.90,0,,69.82,18.96,1,0,69.96,0.24,-5.22,5.27,19.01
953.99,0,,69.83,18.98,0,1,69.96,0.22,-5.29,5.18,19.06
954.09,0,,69.90,19.01,0,1,69.91,0.16,-5.28,5.13,18.99
954.20,0,,69.90,19.02,0,1,69.66,0.18,-5.25,5.18,18.98
954.32,0,,69.84,19.02,1,0,69.92,0.25,-5.28,5.22,19.08
954.38,0,,69.73,19.03,2,-1,69.11,0.25,-5.25,5.25,19.05
954.50,0,,69.61,19.04,2,-1,70.12,0.17,-5.20,5.22,18.92
954.59,0,,69.70,19.01,2,-1,70.05,0.22,-5.23,5.24,19.00
954.71,0,,69.91,19.00,1,0,69.97,0.29,-5.26,5.28,19.10
954.83,0,,70.00,19.03,1,0,69.92,0.26,-5.22,5.29,19.03
954.95,0,,69.99,19.05,1,0,69.96,0.23,-5.23,5.25,19.01
954.98,0,,69.98,19.04,1,0,70.03,0.21,-5.28,5.18,19.04
955.10,0,,69.99,19.03,1,0,70.00,0.24,-5.24,5.25,19.03
955.22,0,,69.97,19.03,0,1,69.74,0.29,-5.18,5.36,19.02
955.31,0,,69.90,19.03,0,2,69.92,0.28,-5.21,5.32,19.04
955.40,0,,69.86,19.04,0,1,69.87,0.25,-5.28,5.22,19.08
955.49,0,,69.91,19.06,1,0,70.24,0.26,-5.30,5.21,19.11
955.61,0,,70.00,19.10,1,0,69.85,0.33,-5.28,5.30,19.16
955.70,0,,69.96,19.14,1,0,69.58,0.35,-5.26,5.34,19.16
955.82,0,,69.78,19.14,1,0,69.54,0.25,-5.23,5.27,19.03
955.91,0,,69.63,19.10,2,-1,69.70,0.21,-5.21,5.25,18.97
956.00,0,,69.64,19.04,4,-2,69.98,0.29,-5.23,5.31,19.07
956.09,0,,69.76,19.04,2,-1,69.82,0.39,-5.21,5.43,19.15
956.21,0,,69.87,19.09,2,-1,70.05,0.37,-5.21,5.41,19.13
956.33,0,,70.02,19.13,1,0,70.46,0.30,-5.25,5.30,19.10
956.39,0,,70.20,19.14,1,0,70.19,0.35,-5.26,5.34,19.16
956.60,0,,70.25,19.16,0,1,69.99,0.44,-5.26,5.43,19.25
956.60,0,,70.10,19.20,0,2,69.54,0.40,-5.23,5.42,19.18
956.69,0,,69.94,19.20,0,2,70.47,0.35,-5.22,5.38,19.12
956.81,0,,70.02,19.18,0,2,70.19,0.34,-5.27,5.32,19.16
956.90,0,,70.11,19.15,0,2,69.73,0.34,-5.25,5.34,19.14
956.99,0,,70.03,19.15,0,1,69.97,0.44,-5.19,5.50,19.18
957.11,0,,69.94,19.17,0,1,69.92,0.43,-5.21,5.47,19.19
957.20,0,,69.89,19.18,1,0,69.79,0.34,-5.27,5.32,19.16
957.32,0,,69.82,19.19,4,-2,69.66,0.42,-5.29,5.38,19.26
957.41,0,,69.78,19.22,4,-2,70.01,0.49,-5.25,5.49,19.29
957.50,0,,69.82,19.26,2,-1,69.84,0.47,-5.21,5.51,19.23
957.59,0,,69.84,19.25,2,-1,69.65,0.41,-5.21,5.45,19.17
957.71,0,,69.79,19.22,2,-1,69.78,0.39,-5.22,5.42,19.16
957.83,0,,69.76,19.19,2,-1,69.83,0.49,-5.22,5.52,19.26
957.89,0,,69.83,19.23,2,-1,70.19,0.62,-5.21,5.66,19.38
958.01,0,,69.97,19.30,1,0,70.04,0.58,-5.21,5.62,19.34
958.10,0,,70.00,19.33,2,-1,69.55,0.46,-5.20,5.51,19.21
958.19,0,,69.90,19.30,0,1,70.06,0.54,-5.18,5.61,19.27
958.31,0,,69.79,19.29,0,1,69.25,0.67,-5.16,5.76,19.38
958.40,0,,69.69,19.32,1,0,70.08,0.62,-5.16,5.71,19.33
958.49,0,,69.78,19.33,2,-1,70.23,0.54,-5.18,5.61,19.27
958.61,0,,70.04,19.32,1,0,70.39,0.57,-5.21,5.61,19.33
958.70,0,,70.23,19.32,0,1,70.03,0.62,-5.20,5.67,19.37
958.82,0,,70.23,19.35,0,1,70.10,0.61,-5.21,5.65,19.37
958.91,0,,70.08,19.37,0,1,69.54,0.56,-5.25,5.56,19.36
959.00,0,,69.84,19.37,1,0,69.59,0.50,-5.28,5.47,19.33
959.09,0,,69.69,19.35,1,0,70.03,0.48,-5.24,5.49,19.27
959.21,0,,69.71,19.32,1,0,69.57,0.57,-5.22,5.60,19.34
959.42,0,,69.76,19.32,1,0,70.02,0.58,-5.24,5.59,19.37
959.42,0,,69.75,19.33,4,-2,69.20,0.47,-5.25,5.47,19.27
959.51,0,,69.66,19.32,4,-2,69.90,0.44,-5.28,5.41,19.27
959.66,0,,69.68,19.30,4,-2,69.97,0.49,-5.31,5.43,19.35
959.69,0,,69.85,19.31,4,-2,70.17,0.52,-5.26,5.51,19.33
959.81,0,,70.03,19.32,1,0,70.09,0.50,-5.27,5.48,19.32
959.90,0,,70.06,19.32,1,0,69.62,0.42,-5.31,5.36,19.28
959.99,0,,69.93,19.29,1,0,69.89,0.36,-5.23,5.38,19.14
960.11,0,,69.83,19.23,1,0,69.79,0.48,-5.20,5.53,19.23
960.20,0,,69.85,19.23,1,0,70.23,0.56,-5.28,5.53,19.39
960.35,0,,69.97,19.28,0,1,70.06,0.47,-5.27,5.45,19.29
960.41,0,,70.12,19.30,0,2,70.39,0.46,-5.21,5.50,19.22
960.50,0,,70.12,19.29,0,1,69.35,0.55,-5.24,5.56,19.34
960.59,0,,69.91,19.31,0,1,69.76,0.62,-5.22,5.65,19.39
960.71,0,,69.70,19.34,1,0,69.65,0.59,-5.20,5.64,19.34
960.83,0,,69.68,19.36,1,0,70.02,0.55,-5.26,5.54,19.36
960.89,0,,69.79,19.37,2,-1,69.87,0.61,-5.24,5.62,19.40
961.01,0,,69.88,19.39,2,-1,69.91,0.67,-5.17,5.75,19.39
961.10,0,,69.87,19.39,2,-1,69.59,0.63,-5.17,5.71,19.35
961.19,0,,69.80,19.37,2,-1,69.89,0.53,-5.20,5.58,19.28
961.31,0,,69.75,19.33,2,-1,69.57,0.54,-5.23,5.56,19.32
961.40,0,,69.73,19.33,2,-1,69.98,0.63,-5.24,5.64,19.42
961.49,0,,69.81,19.37,2,-1,70.04,0.69,-5.20,5.74,19.44
961.61,0,,69.95,19.42,2,-1,70.04,0.68,-5.24,5.69,19.47
961.71,0,,69.95,19.45,1,0,69.45,0.57,-5.25,5.57,19.37
961.83,0,,69.89,19.42,0,1,70.38,0.59,-5.18,5.66,19.32
961.91,0,,69.95,19.39,1,0,69.96,0.75,-5.18,5.82,19.48
962.01,0,,70.05,19.40,0,1,70.14,0.71,-5.19,5.77,19.45
962.09,0,,70.08,19.43,0,2,69.99,0.62,-5.23,5.64,19.40
962.21,0,,70.10,19.43,0,2,70.27,0.60,-5.26,5.59,19.41
962.33,0,,70.13,19.42,0,2,70.04,0.59,-5.22,5.62,19.36
962.39,0,,70.08,19.41,0,1,69.77,0.71,-5.22,5.74,19.48
962.51,0,,69.96,19.43,1,0,69.87,0.69,-5.26,5.68,19.50
962.60,0,,69.86,19.46,1,0,69.85,0.56,-5.25,5.56,19.36
962.69,0,,69.84,19.43,1,0,69.90,0.58,-5.23,5.60,19.36
962.81,0,,69.91,19.41,1,0,70.29,0.70,-5.23,5.72,19.48
962.91,0,,70.10,19.42,1,0,70.45,0.67,-5.22,5.70,19.44
963.02,0,,70.23,19.42,1,0,69.83,0.53,-5.22,5.56,19.30
963.11,0,,70.17,19.40,1,0,70.07,0.60,-5.27,5.58,19.42
963.20,0,,70.05,19.40,0,1,69.92,0.71,-5.28,5.68,19.54
963.32,0,,69.98,19.46,0,1,69.99,0.74,-5.22,5.77,19.51
963.38,0,,69.97,19.50,0,1,70.11,0.68,-5.25,5.68,19.48
963.50,0,,70.00,19.49,0,1,69.89,0.55,-5.26,5.54,19.36
963.59,0,,70.01,19.44,0,1,70.16,0.64,-5.22,5.67,19.41
963.68,0,,70.06,19.43,0,1,70.17,0.78,-5.25,5.78,19.58
963.83,0,,70.10,19.48,0,1,69.96,0.75,-5.28,5.72,19.58
963.89,0,,70.08,19.55,0,1,70.06,0.70,-5.28,5.67,19.53
964.01,0,,70.10,19.55,0,1,70.45,0.65,-5.26,5.64,19.46
964.10,0,,70.18,19.52,0,1,70.03,0.69,-5.26,5.68,19.50
964.19,0,,70.19,19.52,0,1,70.13,0.80,-5.27,5.78,19.62
964.31,0,,70.16,19.54,0,1,70.18,0.74,-5.24,5.75,19.53
964.40,0,,70.16,19.55,0,1,70.21,0.64,-5.24,5.65,19.43
964.49,0,,70.13,19.51,1,0,69.84,0.69,-5.25,5.69,19.49
964.61,0,,70.10,19.49,1,0,70.43,0.80,-5.22,5.83,19.57
964.70,0,,70.13,19.52,1,0,69.99,0.81,-5.26,5.80,19.62
964.82,0,,70.10,19.57,1,0,69.87,0.69,-5.31,5.63,19.55
964.89,0,,70.02,19.58,1,0,70.10,0.67,-5.32,5.60,19.54
965.00,0,,70.01,19.58,1,0,70.07,0.78,-5.32,5.71,19.65
965.09,0,,70.02,19.61,2,-1,69.93,0.84,-5.28,5.81,19.67
965.18,0,,69.99,19.64,2,-1,69.88,0.81,-5.27,5.79,19.63
965.33,0,,69.94,19.64,2,-1,69.99,0.70,-5.28,5.67,19.53
965.39,0,,69.92,19.60,2,-1,69.86,0.76,-5.25,5.76,19.56
965.48,0,,69.92,19.59,2,-1,70.02,0.93,-5.26,5.92,19.74
965.60,0,,69.97,19.64,1,0,70.16,0.90,-5.27,5.88,19.72
965.69,0,,70.03,19.68,1,0,69.91,0.79,-5.24,5.80,19.58
965.81,0,,70.09,19.66,1,0,70.45,0.80,-5.27,5.78,19.62
965.90,0,,70.16,19.64,1,0,69.98,0.88,-5.27,5.86,19.70
965.99,0,,70.17,19.66,0,1,70.14,0.95,-5.22,5.98,19.72
966.11,0,,70.10,19.69,0,1,69.87,0.94,-5.23,5.96,19.72
966.20,0,,70.04,19.71,0,1,70.17,0.87,-5.27,5.85,19.69
966.32,0,,70.08,19.71,0,1,70.37,0.89,-5.27,5.87,19.71
966.38,0,,70.17,19.72,0,1,70.01,0.99,-5.27,5.97,19.81
966.56,0,,70.17,19.76,0,1,70.14,0.99,-5.26,5.98,19.80
966.59,0,,70.11,19.78,1,0,69.96,0.88,-5.23,5.90,19.66
966.68,0,,70.05,19.74,1,0,70.08,0.92,-5.21,5.96,19.68
966.83,0,,70.01,19.72,1,0,69.92,1.06,-5.23,6.08,19.84
966.89,0,,70.01,19.76,1,0,70.21,1.11,-5.21,6.15,19.87
966.98,0,,70.04,19.83,1,0,69.90,1.06,-5.23,6.08,19.84
967.10,0,,70.06,19.85,1,0,70.27,0.97,-5.27,5.95,19.79
967.22,0,,70.12,19.83,1,0,70.18,0.94,-5.24,5.95,19.73
967.34,0,,70.16,19.79,1,0,70.09,0.99,-5.24,6.00,19.78
967.40,0,,70.11,19.78,1,0,69.78,1.07,-5.26,6.06,19.88
967.49,0,,69.97,19.82,1,0,69.86,1.06,-5.25,6.06,19.86
967.59,0,,69.92,19.84,1,0,70.28,0.96,-5.27,5.94,19.78
967.73,0,,70.00,19.84,1,0,69.96,1.02,-5.30,5.97,19.87
967.82,0,,70.06,19.86,1,0,70.13,1.18,-5.26,6.17,19.99
967.91,0,,70.12,19.92,1,0,70.33,1.16,-5.23,6.18,19.94
968.00,0,,70.20,19.94,1,0,70.17,1.09,-5.24,6.10,19.88
968.09,0,,70.22,19.93,1,0,70.09,1.08,-5.23,6.10,19.86
968.19,0,,70.20,19.90,1,0,70.34,1.13,-5.24,6.14,19.92
968.33,0,,70.28,19.91,0,1,70.72,1.27,-5.26,6.26,20.08
968.39,0,,70.38,19.98,0,2,69.90,1.23,-5.27,6.21,20.05
968.51,0,,70.29,20.02,0,2,70.15,1.10,-5.25,6.10,19.90
968.60,0,,70.20,19.99,0,1,70.46,1.15,-5.23,6.17,19.93
968.69,0,,70.28,19.96,1,0,70.49,1.20,-5.26,6.19,20.01
968.81,0,,70.32,19.98,1,0,69.83,1.23,-5.27,6.21,20.05
968.90,0,,70.25,20.01,0,1,70.56,1.16,-5.29,6.12,20.00
969.02,0,,70.28,20.01,0,1,70.41,1.05,-5.28,6.02,19.88
969.08,0,,70.33,19.96,0,1,70.05,1.09,-5.24,6.10,19.88
969.20,0,,70.29,19.92,0,1,70.42,1.14,-5.26,6.13,19.95
969.35,0,,70.29,19.92,0,1,70.36,1.09,-5.33,6.01,19.97
969.38,0,,70.29,19.93,1,0,70.03,0.95,-5.34,5.86,19.84
969.50,0,,70.19,19.90,1,0,70.01,0.91,-5.29,5.87,19.75
969.59,0,,70.08,19.83,2,-1,70.05,0.96,-5.28,5.93,19.79
969.68,0,,70.05,19.80,2,-1,70.20,0.97,-5.31,5.91,19.83
969.83,0,,70.11,19.80,2,-1,70.32,0.92,-5.35,5.82,19.82
969.89,0,,70.24,19.82,1,0,70.40,0.89,-5.39,5.75,19.83
969.98,0,,70.34,19.84,1,0,70.40,0.99,-5.36,5.88,19.90
970.10,0,,70.39,19.89,0,1,70.30,1.15,-5.29,6.11,19.99
970.20,0,,70.40,19.95,0,1,70.53,1.19,-5.30,6.14,20.04
970.31,0,,70.44,20.01,0,1,70.56,1.12,-5.35,6.02,20.02
970.40,0,,70.50,20.01,0,2,70.47,1.04,-5.27,6.02,19.86
970.49,0,,70.55,19.96,0,2,70.72,1.10,-5.26,6.09,19.91
970.58,0,,70.54,19.94,0,2,70.13,1.26,-5.29,6.22,20.10
970.70,0,,70.42,19.97,0,2,70.27,1.13,-5.23,6.15,19.91
970.82,0,,70.27,19.97,0,1,70.16,1.05,-5.28,6.02,19.88
970.88,0,,70.18,19.95,0,1,70.13,1.19,-5.28,6.16,20.02
971.00,0,,70.17,19.96,1,0,70.43,1.24,-5.19,6.30,19.98
971.09,0,,70.24,19.99,2,-1,70.27,1.23,-5.23,6.25,20.01
971.18,0,,70.31,20.00,4,-2,70.38,1.15,-5.28,6.12,19.98
971.33,0,,70.26,19.99,4,-2,69.73,1.10,-5.27,6.08,19.92
971.39,0,,70.12,19.96,4,-2,70.18,1.13,-5.21,6.17,19.89
971.48,0,,70.04,19.94,4,-2,70.09,1.24,-5.22,6.27,20.01
971.60,0,,70.06,19.97,2,-1,70.13,1.25,-5.29,6.21,20.09
971.69,0,,70.08,20.01,2,-1,70.01,1.12,-5.29,6.08,19.96
971.81,0,,70.09,20.02,1,0,70.16,1.14,-5.26,6.13,19.95
971.90,0,,70.16,20.00,1,0,70.55,1.24,-5.26,6.23,20.05
971.99,0,,70.35,20.02,1,0,70.64,1.27,-5.27,6.25,20.09
972.08,0,,70.49,20.03,0,1,70.27,1.14,-5.25,6.14,19.94
972.23,0,,70.56,20.00,0,2,71.01,1.03,-5.29,5.99,19.87
972.32,0,,70.57,19.95,0,2,69.87,1.14,-5.32,6.07,20.01
972.38,0,,70.42,19.95,0,2,70.42,1.21,-5.27,6.19,20.03
972.50,0,,70.33,19.99,0,2,70.54,1.16,-5.30,6.11,20.01
972.59,0,,70.38,20.01,0,2,70.38,1.10,-5.30,6.05,19.95
972.71,0,,70.37,19.99,0,1,70.01,1.09,-5.26,6.08,19.90
972.83,0,,70.27,19.96,1,0,70.38,1.14,-5.28,6.11,19.97
972.89,0,,70.20,19.94,1,0,69.94,1.14,-5.24,6.15,19.93
973.01,0,,70.14,19.94,4,-2,70.24,1.12,-5.24,6.13,19.91
973.10,0,,70.20,19.93,4,-2,70.73,1.10,-5.29,6.06,19.94
973.20,0,,70.36,19.94,2,-1,70.21,1.13,-5.29,6.09,19.97
973.31,0,,70.40,19.96,2,-1,70.29,1.20,-5.26,6.19,20.01
973.40,0,,70.39,19.99,1,0,70.64,1.18,-5.25,6.18,19.98
973.49,0,,70.42,20.00,0,1,70.25,1.12,-5.29,6.08,19.96
973.58,0,,70.41,19.98,0,1,70.43,1.10,-5.32,6.03,19.97
973.70,0,,70.35,19.97,1,0,70.10,1.11,-5.28,6.08,19.94
973.82,0,,70.30,19.96,1,0,70.50,1.13,-5.26,6.12,19.94
973.91,0,,70.34,19.95,0,1,70.53,1.12,-5.29,6.08,19.96
974.00,0,,70.37,19.95,1,0,69.95,1.10,-5.28,6.07,19.93
974.09,0,,70.29,19.95,2,-1,70.37,1.12,-5.28,6.09,19.95
974.18,0,,70.28,19.95,1,0,70.55,1.18,-5.27,6.16,20.00
974.33,0,,70.37,19.98,1,0,70.40,1.23,-5.29,6.19,20.07
974.39,0,,70.45,20.02,1,0,70.49,1.14,-5.31,6.08,20.00
974.51,0,,70.51,20.02,0,1,70.75,1.08,-5.25,6.08,19.88
974.60,0,,70.54,19.97,1,0,70.16,1.13,-5.28,6.10,19.96
974.69,0,,70.43,19.96,1,0,70.20,1.19,-5.28,6.16,20.02
974.81,0,,70.29,19.96,1,0,70.28,1.12,-5.21,6.16,19.88
974.90,0,,70.20,19.93,1,0,70.01,1.04,-5.26,6.03,19.85
974.99,0,,70.19,19.90,1,0,70.61,1.10,-5.29,6.06,19.94
975.11,0,,70.33,19.92,1,0,70.63,1.20,-5.30,6.15,20.05
975.21,0,,70.48,19.99,1,0,70.32,1.20,-5.33,6.12,20.08
975.32,0,,70.51,20.03,1,0,70.52,1.08,-5.31,6.02,19.94
975.38,0,,70.46,20.02,1,0,70.24,1.06,-5.30,6.01,19.91
975.50,0,,70.35,19.97,1,0,70.12,1.13,-5.30,6.08,19.98
975.59,0,,70.20,19.96,1,0,70.00,1.18,-5.30,6.13,20.03
975.68,0,,70.06,19.98,1,0,69.91,1.15,-5.29,6.11,19.99
975.83,0,,69.99,19.99,2,-1,70.16,1.06,-5.31,6.00,19.92
975.89,0,,70.03,19.98,4,-2,70.18,1.12,-5.33,6.04,20.00
976.01,0,,70.10,19.98,4,-2,70.08,1.18,-5.30,6.13,20.03
976.10,0,,70.14,20.00,4,-2,70.19,1.12,-5.32,6.05,19.99
976.19,0,,70.19,20.00,2,-1,70.40,1.08,-5.35,5.98,19.98
976.31,0,,70.28,19.99,2,-1,70.39,1.09,-5.34,6.00,19.98
976.40,0,,70.32,19.98,2,-1,70.06,1.09,-5.32,6.02,19.96
976.52,0,,70.25,19.97,2,-1,70.18,1.16,-5.27,6.14,19.98
976.58,0,,70.20,19.98,2,-1,70.34,1.15,-5.29,6.11,19.99
976.71,0,,70.24,19.98,1,0,70.40,1.04,-5.36,5.93,19.95
976.82,0,,70.26,19.98,0,1,69.89,1.09,-5.34,6.00,19.98
976.88,0,,70.14,19.98,0,1,69.89,1.15,-5.29,6.11,19.99
977.00,0,,70.09,19.99,1,0,70.73,1.15,-5.33,6.07,20.03
977.09,0,,70.27,20.02,2,-1,70.49,1.14,-5.39,6.00,20.08
977.18,0,,70.44,20.03,1,0,70.27,1.01,-5.31,5.95,19.87
977.36,0,,70.40,19.98,1,0,70.12,1.01,-5.28,5.98,19.84
977.39,0,,70.32,19.93,1,0,70.52,1.17,-5.38,6.04,20.10
977.48,0,,70.27,19.96,1,0,69.97,1.09,-5.37,5.97,20.01
977.60,0,,70.22,19.98,1,0,70.32,0.96,-5.32,5.89,19.83
977.69,0,,70.18,19.94,1,0,70.06,1.01,-5.32,5.94,19.88
977.83,0,,70.12,19.89,1,0,69.95,1.06,-5.28,6.03,19.89
977.90,0,,70.09,19.88,1,0,70.38,1.03,-5.31,5.97,19.89
977.99,0,,70.19,19.88,1,0,70.50,0.98,-5.36,5.87,19.89
978.08,0,,70.32,19.89,1,0,70.14,0.95,-5.35,5.85,19.85
978.20,0,,70.28,19.88,1,0,69.93,0.98,-5.33,5.90,19.86
978.32,0,,70.17,19.86,1,0,70.38,0.99,-5.29,5.95,19.83
978.38,0,,70.20,19.85,1,0,70.47,0.95,-5.32,5.88,19.82
978.50,0,,70.24,19.84,1,0,69.70,0.88,-5.39,5.74,19.82
978.59,0,,70.13,19.82,1,0,70.16,0.88,-5.34,5.79,19.77
978.68,0,,70.12,19.81,1,0,70.68,1.01,-5.30,5.96,19.86
978.83,0,,70.31,19.83,1,0,70.42,0.99,-5.35,5.89,19.89
978.89,0,,70.40,19.85,1,0,70.02,0.86,-5.37,5.74,19.78
978.98,0,,70.29,19.82,0,1,70.13,0.80,-5.31,5.74,19.66
979.10,0,,70.16,19.75,0,1,70.10,0.84,-5.32,5.77,19.71
979.19,0,,70.08,19.73,1,0,69.98,0.97,-5.35,5.87,19.87
979.31,0,,70.01,19.77,1,0,69.94,0.90,-5.33,5.82,19.78
979.49,0,,70.00,19.78,1,0,70.26,0.75,-5.32,5.68,19.62
979.49,0,,70.12,19.73,1,0,70.48,0.84,-5.32,5.77,19.71
979.58,0,,70.24,19.71,1,0,69.92,0.90,-5.32,5.83,19.77
979.73,0,,70.23,19.73,1,0,70.29,0.85,-5.34,5.76,19.74
979.85,0,,70.23,19.74,1,0,70.46,0.81,-5.36,5.70,19.72
979.88,0,,70.33,19.74,1,0,70.51,0.80,-5.33,5.72,19.68
980.00,0,,70.39,19.72,1,0,70.05,0.87,-5.34,5.78,19.76
980.09,0,,70.31,19.75,1,0,70.23,0.97,-5.41,5.81,19.93
980.18,0,,70.20,19.82,0,2,70.05,0.87,-5.37,5.75,19.79
980.33,0,,70.14,19.82,1,0,70.24,0.73,-5.38,5.60,19.66
980.39,0,,70.20,19.77,1,0,70.59,0.80,-5.42,5.63,19.77
980.48,0,,70.40,19.74,1,0,70.77,0.88,-5.32,5.81,19.75
980.60,0,,70.60,19.74,0,1,70.59,0.84,-5.31,5.78,19.70
980.69,0,,70.64,19.72,0,1,70.34,0.74,-5.36,5.63,19.65
980.81,0,,70.48,19.68,0,1,69.98,0.71,-5.33,5.63,19.59
980.90,0,,70.24,19.64,0,1,70.16,0.79,-5.34,5.70,19.68
981.08,0,,70.13,19.65,1,0,70.31,0.84,-5.36,5.73,19.75
981.08,0,,70.13,19.65,1,0,70.31,0.84,-5.36,5.73,19.75
981.20,0,,69.99,19.69,2,-1,69.81,0.70,-5.36,5.59,19.61
981.35,0,,69.87,19.67,4,-2,69.88,0.76,-5.41,5.60,19.72
981.38,0,,69.91,19.68,4,-2,70.46,0.78,-5.36,5.67,19.69
981.50,0,,70.06,19.69,4,-2,69.91,0.81,-5.36,5.70,19.72
981.59,0,,70.20,19.72,4,-2,70.75,0.81,-5.42,5.64,19.78
981.68,0,,70.35,19.73,2,-1,70.24,0.70,-5.38,5.57,19.63
981.83,0,,70.39,19.72,1,0,70.18,0.77,-5.38,5.64,19.70
981.89,0,,70.35,19.72,1,0,70.59,0.92,-5.40,5.77,19.87
981.98,0,,70.37,19.77,0,2,70.25,0.83,-5.38,5.70,19.76
982.10,0,,70.30,19.77,0,2,69.83,0.68,-5.39,5.54,19.62
982.19,0,,70.12,19.72,0,2,70.06,0.74,-5.39,5.60,19.68
982.31,0,,70.06,19.69,0,1,70.45,0.83,-5.37,5.71,19.75
982.40,0,,70.18,19.70,2,-1,70.31,0.85,-5.31,5.79,19.71
982.58,0,,70.22,19.71,2,-1,69.74,0.79,-5.32,5.72,19.66
982.58,0,,70.10,19.69,2,-1,70.08,0.73,-5.35,5.63,19.63
982.70,0,,70.08,19.68,1,0,70.57,0.87,-5.36,5.76,19.78
982.85,0,,70.23,19.73,2,-1,70.30,1.02,-5.36,5.91,19.93
982.89,0,,70.38,19.82,1,0,70.56,0.97,-5.30,5.92,19.82
983.00,0,,70.44,19.86,2,-1,70.27,0.94,-5.30,5.89,19.79
983.09,0,,70.41,19.85,0,1,70.26,1.00,-5.31,5.94,19.86
983.18,0,,70.36,19.85,0,1,70.53,1.11,-5.24,6.12,19.90
983.33,0,,70.35,19.89,0,1,70.19,1.17,-5.26,6.16,19.98
983.45,0,,70.26,19.92,0,1,69.76,1.01,-5.28,5.98,19.84
983.48,0,,70.10,19.88,0,1,70.27,0.86,-5.24,5.87,19.65
983.60,0,,70.07,19.79,2,-1,70.19,0.92,-5.25,5.92,19.72
983.69,0,,70.18,19.73,0,1,70.57,0.99,-5.27,5.97,19.81
983.81,0,,70.33,19.74,1,0,70.29,0.92,-5.28,5.89,19.75
983.90,0,,70.37,19.75,1,0,70.16,0.85,-5.33,5.77,19.73
984.08,0,,70.31,19.75,1,0,70.33,0.83,-5.36,5.72,19.74
984.08,0,,70.21,19.74,1,0,69.77,0.80,-5.30,5.75,19.65
984.20,0,,70.10,19.70,1,0,70.36,0.84,-5.27,5.82,19.66
984.35,0,,70.11,19.68,1,0,70.19,0.80,-5.37,5.68,19.72
984.38,0,,70.17,19.67,1,0,70.14,0.66,-5.38,5.53,19.59
984.50,0,,70.18,19.64,1,0,70.18,0.67,-5.35,5.57,19.57
984.59,0,,70.10,19.61,1,0,69.62,0.72,-5.37,5.60,19.64
984.68,0,,69.95,19.60,1,0,69.97,0.67,-5.34,5.58,19.56
984.84,0,,69.91,19.59,1,0,70.25,0.62,-5.39,5.48,19.56
984.95,0,,70.04,19.57,1,0,70.24,0.57,-5.40,5.42,19.52
984.98,0,,70.18,19.55,2,-1,70.21,0.61,-5.36,5.50,19.52
985.10,0,,70.23,19.54,2,-1,70.17,0.68,-5.38,5.55,19.61
985.19,0,,70.25,19.56,1,0,70.37,0.58,-5.40,5.43,19.53
985.31,0,,70.28,19.56,1,0,70.27,0.50,-5.45,5.30,19.50
985.40,0,,70.30,19.54,1,0,70.32,0.54,-5.44,5.35,19.53
985.49,0,,70.26,19.53,0,2,69.94,0.66,-5.36,5.55,19.57
985.58,0,,70.15,19.55,0,2,70.05,0.65,-5.38,5.52,19.58
985.70,0,,70.09,19.56,0,1,70.32,0.54,-5.42,5.37,19.51
985.82,0,,70.12,19.55,1,0,70.04,0.55,-5.40,5.40,19.50
985.88,0,,70.14,19.53,1,0,70.11,0.57,-5.38,5.44,19.50
986.00,0,,70.09,19.52,1,0,69.94,0.63,-5.38,5.50,19.56
986.12,0,,70.03,19.54,1,0,69.96,0.64,-5.41,5.48,19.60
986.18,0,,69.95,19.57,4,-2,69.81,0.56,-5.44,5.37,19.55
986.34,0,,69.93,19.58,4,-2,70.21,0.61,-5.42,5.44,19.58
986.42,0,,70.01,19.58,2,-1,70.14,0.65,-5.38,5.52,19.58
986.48,0,,70.13,19.58,2,-1,70.32,0.63,-5.39,5.49,19.57
986.60,0,,70.21,19.59,1,0,70.11,0.66,-5.42,5.49,19.63
986.69,0,,70.22,19.60,1,0,70.16,0.62,-5.38,5.49,19.55
986.81,0,,70.17,19.59,1,0,70.11,0.64,-5.36,5.53,19.55
986.90,0,,70.13,19.60,0,1,70.10,0.80,-5.42,5.63,19.77
986.99,0,,70.15,19.65,0,1,70.41,0.77,-5.40,5.62,19.72
987.08,0,,70.28,19.69,0,1,70.65,0.64,-5.38,5.51,19.57
987.20,0,,70.40,19.66,0,2,70.08,0.61,-5.40,5.46,19.56
987.33,0,,70.33,19.61,0,1,69.97,0.69,-5.37,5.57,19.61
987.38,0,,70.12,19.60,0,1,69.82,0.77,-5.35,5.67,19.67
987.50,0,,69.96,19.61,0,1,70.13,0.67,-5.36,5.56,19.58
987.59,0,,69.89,19.60,1,0,69.57,0.57,-5.38,5.44,19.50
987.68,0,,69.81,19.57,4,-2,69.78,0.66,-5.38,5.53,19.59
987.83,0,,69.73,19.58,4,-2,69.70,0.80,-5.38,5.67,19.73
987.89,0,,69.76,19.63,4,-2,70.11,0.72,-5.38,5.59,19.65
987.98,0,,69.92,19.66,4,-2,70.24,0.62,-5.40,5.47,19.57
988.10,0,,70.10,19.64,4,-2,70.19,0.69,-5.42,5.52,19.66
988.19,0,,70.23,19.64,2,-1,70.33,0.72,-5.37,5.60,19.64
988.32,0,,70.23,19.65,2,-1,69.82,0.78,-5.35,5.68,19.68
988.40,0,,70.10,19.66,1,0,69.95,0.74,-5.37,5.62,19.66
988.49,0,,69.98,19.65,0,2,70.01,0.60,-5.40,5.45,19.55
988.58,0,,69.93,19.62,0,1,69.83,0.65,-5.41,5.49,19.61
988.70,0,,69.93,19.60,0,1,70.13,0.67,-5.39,5.53,19.61
988.82,0,,69.91,19.60,1,0,69.45,0.65,-5.39,5.51,19.59
988.88,0,,69.85,19.60,2,-1,70.23,0.67,-5.41,5.51,19.63
989.00,0,,69.93,19.61,2,-1,70.23,0.59,-5.41,5.43,19.55
989.09,0,,70.11,19.59,2,-1,70.20,0.59,-5.42,5.42,19.56
989.18,0,,70.15,19.60,1,0,69.74,0.77,-5.42,5.60,19.74
989.34,0,,70.03,19.64,2,-1,69.91,0.67,-5.41,5.51,19.63
989.42,0,,69.91,19.64,2,-1,69.90,0.48,-5.44,5.29,19.47
989.48,0,,69.88,19.59,1,0,69.95,0.55,-5.48,5.32,19.58
989.60,0,,69.91,19.55,2,-1,69.98,0.60,-5.41,5.44,19.56
989.69,0,,69.96,19.56,1,0,70.03,0.60,-5.43,5.42,19.58
989.81,0,,70.05,19.57,2,-1,70.42,0.56,-5.47,5.34,19.58
989.90,0,,70.17,19.57,2,-1,70.06,0.50,-5.43,5.32,19.48
989.99,0,,70.26,19.54,0,1,70.55,0.55,-5.45,5.35,19.55
990.08,0,,70.33,19.54,0,1,70.26,0.64,-5.45,5.44,19.64
990.20,0,,70.30,19.58,0,2,69.90,0.63,-5.44,5.44,19.62
990.32,0,,70.12,19.60,0,2,69.78,0.51,-5.45,5.31,19.51
990.38,0,,69.97,19.58,0,1,70.28,0.53,-5.47,5.31,19.55
990.50,0,,70.02,19.56,0,1,70.25,0.56,-5.48,5.33,19.59
990.59,0,,70.18,19.56,0,1,70.38,0.53,-5.45,5.33,19.53
990.68,0,,70.29,19.55,0,1,70.23,0.51,-5.46,5.30,19.52
990.83,0,,70.24,19.54,0,1,69.74,0.45,-5.50,5.20,19.50
990.90,0,,70.11,19.51,1,0,70.32,0.42,-5.51,5.16,19.48
990.98,0,,70.04,19.50,1,0,69.85,0.49,-5.48,5.26,19.52
991.10,0,,70.00,19.50,2,-1,69.93,0.52,-5.44,5.33,19.51
991.22,0,,69.93,19.50,1,0,69.84,0.44,-5.47,5.22,19.46
991.31,0,,69.93,19.49,2,-1,70.29,0.38,-5.50,5.13,19.43
991.40,0,,70.06,19.46,2,-1,70.28,0.42,-5.47,5.20,19.44
991.49,0,,70.19,19.46,1,0,70.08,0.52,-5.47,5.30,19.54
991.58,0,,70.22,19.49,1,0,70.27,0.46,-5.50,5.21,19.51
991.73,0,,70.19,19.51,1,0,69.95,0.41,-5.50,5.16,19.46
991.82,0,,70.09,19.50,1,0,69.86,0.43,-5.48,5.20,19.46
991.88,0,,70.04,19.48,1,0,70.56,0.42,-5.48,5.19,19.45
992.00,0,,70.13,19.48,0,1,69.96,0.54,-5.51,5.28,19.60
992.09,0,,70.14,19.52,1,0,69.88,0.48,-5.52,5.21,19.55
992.24,0,,70.01,19.54,1,0,69.85,0.36,-5.52,5.09,19.43
992.33,0,,69.90,19.52,1,0,69.88,0.44,-5.51,5.18,19.50
992.39,0,,69.86,19.50,2,-1,69.95,0.49,-5.49,5.25,19.53
992.48,0,,69.98,19.51,2,-1,70.63,0.47,-5.50,5.22,19.52
992.60,0,,70.19,19.51,1,0,70.09,0.38,-5.48,5.15,19.41
992.69,0,,70.20,19.47,1,0,69.55,0.38,-5.49,5.14,19.42
992.81,0,,70.02,19.46,1,0,70.24,0.49,-5.55,5.19,19.59
992.90,0,,69.97,19.51,2,-1,70.04,0.56,-5.50,5.31,19.61
992.99,0,,70.02,19.55,2,-1,70.05,0.49,-5.42,5.32,19.46
993.08,0,,70.06,19.54,1,0,70.14,0.42,-5.50,5.17,19.47
993.20,0,,70.11,19.51,1,0,70.17,0.47,-5.51,5.21,19.53
993.32,0,,70.12,19.51,1,0,69.96,0.50,-5.47,5.28,19.52
993.38,0,,70.09,19.53,1,0,70.16,0.54,-5.51,5.28,19.60
993.50,0,,70.07,19.56,1,0,69.98,0.55,-5.50,5.30,19.60
993.59,0,,70.08,19.58,1,0,70.26,0.50,-5.49,5.26,19.54
993.68,0,,70.09,19.58,1,0,69.88,0.49,-5.52,5.22,19.56
993.83,0,,70.06,19.57,1,0,70.08,0.55,-5.48,5.32,19.58
993.89,0,,70.05,19.56,1,0,70.22,0.48,-5.47,5.26,19.50
993.98,0,,70.14,19.54,1,0,70.37,0.39,-5.54,5.10,19.48
994.10,0,,70.19,19.51,1,0,69.84,0.42,-5.53,5.14,19.50
994.20,0,,70.11,19.49,1,0,69.94,0.44,-5.48,5.21,19.47
994.31,0,,69.99,19.50,1,0,69.97,0.55,-5.51,5.29,19.61
994.41,0,,70.02,19.55,1,0,70.60,0.55,-5.56,5.24,19.66
994.52,0,,70.20,19.60,1,0,70.17,0.42,-5.55,5.12,19.52
994.58,0,,70.30,19.59,1,0,70.27,0.42,-5.54,5.13,19.51
994.70,0,,70.30,19.56,1,0,70.28,0.49,-5.55,5.19,19.59
994.82,0,,70.28,19.56,1,0,70.18,0.48,-5.53,5.20,19.56
994.88,0,,70.25,19.56,1,0,70.30,0.43,-5.52,5.16,19.50
995.00,0,,70.28,19.55,0,1,70.55,0.43,-5.56,5.12,19.54
995.09,0,,70.36,19.55,0,1,70.25,0.49,-5.59,5.15,19.63
995.18,0,,70.36,19.58,0,1,70.23,0.52,-5.51,5.26,19.58
995.33,0,,70.32,19.59,0,1,70.40,0.48,-5.51,5.22,19.54
995.39,0,,70.28,19.58,0,1,70.03,0.46,-5.55,5.16,19.56
995.48,0,,70.18,19.56,0,1,70.00,0.45,-5.52,5.18,19.52
995.60,0,,70.07,19.54,0,1,70.03,0.48,-5.51,5.22,19.54
995.69,0,,70.04,19.55,2,-1,70.24,0.55,-5.53,5.27,19.63
995.84,0,,70.10,19.58,2,-1,70.18,0.50,-5.54,5.21,19.59
995.90,0,,70.18,19.60,2,-1,70.29,0.45,-5.56,5.14,19.56
996.02,0,,70.26,19.59,2,-1,70.39,0.48,-5.54,5.19,19.57
996.08,0,,70.27,19.57,2,-1,69.91,0.50,-5.49,5.26,19.54
996.20,0,,70.20,19.56,1,0,70.33,0.51,-5.50,5.26,19.56
996.32,0,,70.18,19.56,1,0,70.24,0.46,-5.57,5.14,19.58
996.39,0,,70.21,19.56,1,0,70.18,0.41,-5.55,5.11,19.51
996.50,0,,70.17,19.54,1,0,69.87,0.43,-5.51,5.17,19.49
996.59,0,,70.03,19.52,1,0,69.78,0.45,-5.53,5.17,19.53
996.68,0,,69.94,19.51,2,-1,70.30,0.36,-5.55,5.06,19.46
996.83,0,,70.05,19.48,2,-1,70.37,0.29,-5.58,4.96,19.42
996.89,0,,70.21,19.45,2,-1,70.17,0.28,-5.63,4.90,19.46
996.98,0,,70.27,19.44,1,0,70.28,0.25,-5.61,4.89,19.41
997.10,0,,70.30,19.44,1,0,70.43,0.30,-5.63,4.92,19.48
997.19,0,,70.34,19.45,1,0,70.28,0.28,-5.65,4.88,19.48
997.31,0,,70.28,19.45,1,0,69.82,0.12,-5.61,4.76,19.28
997.40,0,,70.08,19.38,1,0,69.78,0.09,-5.61,4.73,19.25
997.49,0,,69.89,19.32,1,0,69.90,0.22,-5.65,4.82,19.42
997.58,0,,69.82,19.33,2,-1,69.84,0.21,-5.66,4.80,19.42
997.70,0,,69.85,19.37,2,-1,70.05,0.16,-5.63,4.78,19.34
997.82,0,,69.93,19.38,2,-1,70.02,0.21,-5.60,4.86,19.36
997.88,0,,70.00,19.37,2,-1,70.01,0.22,-5.57,4.90,19.34
998.00,0,,70.01,19.37,4,-2,69.84,0.31,-5.59,4.97,19.45
998.09,0,,69.96,19.41,2,-1,69.96,0.34,-5.66,4.93,19.55
998.18,0,,69.93,19.46,2,-1,69.98,0.18,-5.59,4.84,19.32
998.33,0,,69.99,19.42,2,-1,70.31,0.14,-5.57,4.82,19.26
998.42,0,,70.08,19.37,2,-1,69.95,0.22,-5.69,4.78,19.46
998.48,0,,70.12,19.37,2,-1,70.26,0.22,-5.65,4.82,19.42
998.60,0,,70.11,19.39,0,1,69.80,0.11,-5.66,4.70,19.32
998.69,0,,70.02,19.37,0,1,69.94,0.02,-5.72,4.55,19.29
998.81,0,,69.92,19.32,1,0,69.84,0.02,-5.63,4.64,19.20
998.90,0,,69.91,19.26,1,0,70.20,0.08,-5.62,4.71,19.25
998.99,0,,69.95,19.24,1,0,69.76,0.10,-5.65,4.70,19.30
999.08,0,,69.96,19.25,1,0,70.07,0.03,-5.65,4.63,19.23
999.23,0,,69.98,19.26,1,0,70.10,-0.01,-5.71,4.53,19.25
999.32,0,,70.12,19.26,1,0,70.70,0.03,-5.70,4.58,19.28
999.39,0,,70.29,19.27,1,0,70.00,0.08,-5.65,4.68,19.28
999.50,0,,70.27,19.28,1,0,69.94,0.05,-5.68,4.62,19.28
999.62,0,,70.11,19.28,0,1,70.00,-0.05,-5.71,4.49,19.21
999.74,0,,70.00,19.25,0,1,69.99,-0.07,-5.69,4.49,19.17
999.83,0,,69.96,19.22,0,1,69.91,0.02,-5.70,4.57,19.27
999.92,0,,70.01,19.24,1,0,70.50,0.11,-5.74,4.62,19.40
999.98,0,,70.23,19.30,1,0,70.66,0.04,-5.71,4.58,19.30
1000.10,0,,70.38,19.33,1,0,69.83,-0.03,-5.73,4.49,19.25
1000.25,0,,70.30,19.31,0,1,70.25,-0.00,-5.76,4.49,19.31
1000.31,0,,70.17,19.29,0,1,70.04,0.02,-5.68,4.59,19.25
1000.43,0,,70.08,19.28,0,1,69.94,0.07,-5.70,4.62,19.32
1000.49,0,,69.99,19.29,0,1,69.90,-0.00,-5.74,4.51,19.29
1000.58,0,,69.93,19.28,1,0,69.92,-0.10,-5.69,4.46,19.14
1000.73,0,,69.87,19.25,2,-1,69.66,-0.00,-5.74,4.51,19.29
1000.82,0,,69.84,19.26,4,-2,70.17,0.11,-5.75,4.61,19.41
1000.88,0,,69.85,19.30,4,-2,69.43,-0.01,-5.66,4.58,19.20
1001.00,0,,69.77,19.27,4,-2,69.78,-0.14,-5.67,4.44,19.08
1001.09,0,,69.73,19.20,4,-2,69.90,-0.05,-5.73,4.47,19.23
1001.18,0,,69.84,19.19,4,-2,70.29,0.03,-5.75,4.53,19.33
1001.33,0,,70.02,19.26,2,-1,70.03,0.10,-5.73,4.62,19.38
1001.45,0,,70.15,19.34,1,0,70.36,0.13,-5.73,4.65,19.41
1001.48,0,,70.20,19.38,1,0,69.92,0.06,-5.70,4.61,19.31
1001.60,0,,70.14,19.38,0,2,70.05,0.13,-5.69,4.69,19.37
1001.69,0,,70.06,19.38,0,2,70.07,0.24,-5.69,4.80,19.48
1001.81,0,,69.98,19.42,0,2,69.61,0.25,-5.64,4.86,19.44
1001.90,0,,69.90,19.45,0,1,70.15,0.25,-5.63,4.87,19.43
1001.99,0,,69.90,19.45,0,1,69.87,0.24,-5.65,4.84,19.44
1002.08,0,,69.95,19.45,2,-1,70.06,0.22,-5.66,4.81,19.43
1002.20,0,,69.99,19.45,1,0,70.03,0.26,-5.67,4.84,19.48
1002.32,0,,70.01,19.46,2,-1,69.89,0.24,-5.69,4.80,19.48
1002.39,0,,70.02,19.47,2,-1,70.26,0.15,-5.67,4.73,19.37
1002.50,0,,70.09,19.44,1,0,70.19,0.19,-5.69,4.75,19.43
1002.62,0,,70.17,19.43,1,0,70.16,0.23,-5.71,4.77,19.49
1002.68,0,,70.12,19.45,0,1,69.63,0.23,-5.65,4.83,19.43
1002.83,0,,69.95,19.45,0,1,69.87,0.15,-5.66,4.74,19.36
1002.92,0,,69.86,19.41,0,1,70.10,0.10,-5.70,4.65,19.35
1002.98,0,,70.00,19.38,1,0,70.58,0.18,-5.66,4.77,19.39
1003.10,0,,70.16,19.39,1,0,69.70,0.28,-5.67,4.86,19.50
1003.19,0,,70.13,19.45,1,0,70.10,0.33,-5.73,4.85,19.61
1003.31,0,,70.05,19.52,0,1,70.10,0.18,-5.70,4.73,19.43
1003.43,0,,70.03,19.50,0,1,69.92,0.08,-5.68,4.65,19.31
1003.49,0,,70.02,19.43,1,0,70.13,0.20,-5.71,4.74,19.46
1003.58,0,,70.03,19.42,1,0,69.99,0.28,-5.70,4.83,19.53
1003.70,0,,70.04,19.46,1,0,70.09,0.19,-5.68,4.76,19.42
1003.85,0,,70.06,19.46,1,0,70.11,0.12,-5.76,4.61,19.43
1003.88,0,,70.09,19.46,1,0,70.10,0.15,-5.77,4.63,19.47
1004.00,0,,70.15,19.46,1,0,70.44,0.22,-5.71,4.76,19.48
1004.09,0,,70.23,19.49,1,0,70.12,0.35,-5.71,4.89,19.61
1004.24,0,,70.22,19.53,1,0,69.98,0.30,-5.65,4.90,19.50
1004.33,0,,70.07,19.53,1,0,69.69,0.20,-5.65,4.80,19.40
1004.42,0,,69.98,19.50,1,0,70.50,0.28,-5.74,4.79,19.57
1004.48,0,,70.08,19.52,1,0,70.20,0.40,-5.69,4.96,19.64
1004.60,0,,70.23,19.58,0,1,70.36,0.39,-5.66,4.98,19.60
1004.69,0,,70.30,19.60,0,1,70.22,0.30,-5.68,4.87,19.53
1004.82,0,,70.31,19.58,0,1,70.34,0.29,-5.65,4.89,19.49
1004.90,0,,70.30,19.54,0,1,70.25,0.36,-5.63,4.98,19.54
1004.99,0,,70.29,19.55,0,1,70.29,0.50,-5.65,5.10,19.70
1005.08,0,,70.30,19.61,0,1,70.40,0.47,-5.63,5.09,19.65
1005.20,0,,70.27,19.64,0,1,69.88,0.35,-5.64,4.96,19.54
1005.32,0,,70.16,19.62,0,1,70.14,0.39,-5.63,5.01,19.57
1005.38,0,,70.06,19.60,0,1,69.92,0.50,-5.59,5.16,19.64
1005.50,0,,70.01,19.63,0,1,70.11,0.64,-5.62,5.27,19.81
1005.59,0,,70.04,19.71,4,-2,70.19,0.61,-5.63,5.23,19.79
1005.68,0,,70.14,19.76,2,-1,70.36,0.54,-5.58,5.21,19.67
1005.86,0,,70.25,19.76,2,-1,70.26,0.66,-5.59,5.32,19.80
1005.89,0,,70.23,19.78,1,0,69.79,0.73,-5.57,5.41,19.85
1005.98,0,,70.14,19.79,1,0,70.36,0.60,-5.52,5.33,19.67
1006.10,0,,70.11,19.74,1,0,70.04,0.43,-5.58,5.10,19.56
1006.19,0,,70.13,19.65,1,0,70.19,0.38,-5.59,5.04,19.52
1006.31,0,,70.12,19.56,1,0,70.00,0.34,-5.59,5.00,19.48
1006.46,0,,70.10,19.51,1,0,70.17,0.30,-5.68,4.87,19.53
1006.49,0,,70.13,19.49,1,0,70.36,0.20,-5.68,4.77,19.43
1006.58,0,,70.18,19.45,1,0,69.92,0.05,-5.68,4.62,19.28
1006.71,0,,70.17,19.37,1,0,70.33,-0.02,-5.74,4.49,19.27
1006.82,0,,70.17,19.30,1,0,70.15,-0.07,-5.76,4.42,19.24
1006.88,0,,70.17,19.25,1,0,70.00,-0.09,-5.77,4.39,19.23
1007.01,0,,70.09,19.23,1,0,69.97,-0.14,-5.80,4.31,19.21
1007.09,0,,70.00,19.20,1,0,69.85,-0.30,-5.82,4.13,19.07
1007.18,0,,69.93,19.12,1,0,70.04,-0.44,-5.81,4.00,18.92
1007.33,0,,69.95,19.03,2,-1,70.04,-0.43,-5.84,3.98,18.96
1007.39,0,,69.95,18.97,2,-1,69.67,-0.42,-5.87,3.96,19.00
1007.48,0,,69.87,18.95,2,-1,69.81,-0.55,-5.87,3.83,18.87
1007.63,0,,69.81,18.91,2,-1,69.88,-0.65,-5.89,3.71,18.79
1007.72,0,,69.85,18.85,4,-2,70.14,-0.65,-5.90,3.70,18.80
1007.84,0,,69.98,18.80,2,-1,70.14,-0.67,-5.89,3.69,18.77
1007.90,0,,70.06,18.77,2,-1,69.84,-0.73,-5.89,3.63,18.71
1007.99,0,,70.04,18.74,2,-1,70.11,-0.78,-5.94,3.53,18.71
1008.08,0,,70.01,18.71,2,-1,69.90,-0.85,-5.97,3.43,18.67
1008.20,0,,69.94,18.68,2,-1,69.64,-0.87,-5.93,3.45,18.61
1008.32,0,,69.81,18.66,2,-1,69.76,-0.78,-5.93,3.54,18.70
1008.38,0,,69.70,18.67,2,-1,69.49,-0.83,-5.98,3.44,18.70
1008.50,0,,69.62,18.67,2,-1,69.70,-0.95,-5.96,3.34,18.56
1008.68,0,,69.67,18.65,2,-1,70.12,-0.89,-5.99,3.37,18.65
1008.68,0,,69.82,18.64,2,-1,69.76,-0.81,-5.99,3.45,18.73
1008.83,0,,69.84,18.68,2,-1,69.53,-0.77,-5.92,3.56,18.70
1008.89,0,,69.79,18.70,2,-1,70.09,-0.80,-5.96,3.49,18.71
1008.98,0,,69.83,18.70,2,-1,69.84,-0.91,-5.98,3.36,18.62
1009.10,0,,69.88,18.67,2,-1,69.84,-0.89,-5.93,3.43,18.59
1009.19,0,,69.85,18.64,1,0,69.67,-0.78,-5.95,3.52,18.72
1009.34,0,,69.80,18.67,1,0,69.88,-0.76,-5.97,3.52,18.76
1009.40,0,,69.79,18.71,1,0,69.82,-0.83,-5.95,3.47,18.67
1009.49,0,,69.79,18.70,2,-1,69.63,-0.88,-5.94,3.43,18.61
1009.58,0,,69.75,18.67,1,0,69.76,-0.83,-5.94,3.48,18.66
1009.70,0,,69.76,18.67,2,-1,70.02,-0.73,-5.93,3.59,18.75
1009.82,0,,69.82,18.69,2,-1,69.68,-0.77,-5.94,3.54,18.72
1009.88,0,,69.84,18.71,1,0,69.88,-0.88,-5.96,3.41,18.63
1010.00,0,,69.80,18.68,1,0,69.60,-0.85,-5.92,3.48,18.62
1010.09,0,,69.75,18.66,1,0,69.84,-0.75,-5.91,3.59,18.71
1010.18,0,,69.77,18.67,2,-1,69.94,-0.69,-5.88,3.68,18.74
1010.33,0,,69.81,18.71,2,-1,69.63,-0.73,-5.88,3.64,18.70
1010.39,0,,69.82,18.72,1,0,70.08,-0.83,-5.93,3.49,18.65
1010.48,0,,69.87,18.70,1,0,69.78,-0.79,-5.91,3.55,18.67
1010.60,0,,69.86,18.69,1,0,69.69,-0.70,-5.93,3.62,18.78
1010.69,0,,69.81,18.72,1,0,69.91,-0.75,-5.97,3.53,18.77
1010.84,0,,69.80,18.75,1,0,69.70,-0.84,-5.96,3.45,18.67
1010.90,0,,69.82,18.73,1,0,70.05,-0.84,-5.96,3.45,18.67
1010.99,0,,69.89,18.69,1,0,70.01,-0.82,-5.92,3.51,18.65
1011.08,0,,69.96,18.66,1,0,69.81,-0.77,-5.87,3.61,18.65
1011.20,0,,69.92,18.65,1,0,69.78,-0.78,-5.89,3.58,18.66
1011.32,0,,69.86,18.65,1,0,69.90,-0.83,-5.92,3.50,18.64
1011.38,0,,69.84,18.64,1,0,69.80,-0.84,-5.88,3.53,18.59
1011.51,0,,69.83,18.63,1,0,69.82,-0.79,-5.89,3.57,18.65
1011.59,0,,69.84,18.64,1,0,69.94,-0.75,-5.91,3.59,18.71
1011.68,0,,69.82,18.66,1,0,69.50,-0.82,-5.89,3.54,18.62
1011.83,0,,69.68,18.65,1,0,69.34,-0.89,-5.91,3.45,18.57
1011.89,0,,69.53,18.62,2,-1,69.70,-0.82,-5.88,3.55,18.61
1011.98,0,,69.52,18.61,4,-2,69.57,-0.69,-5.82,3.74,18.68
1012.13,0,,69.63,18.64,4,-2,70.10,-0.68,-5.86,3.71,18.73
1012.19,0,,69.78,18.69,2,-1,69.66,-0.75,-5.88,3.62,18.68
1012.34,0,,69.80,18.70,1,0,69.57,-0.79,-5.89,3.57,18.65
1012.40,0,,69.73,18.69,1,0,69.83,-0.75,-5.87,3.63,18.67
1012.49,0,,69.69,18.68,1,0,69.54,-0.67,-5.85,3.73,18.73
1012.58,0,,69.67,18.69,1,0,69.77,-0.76,-5.86,3.63,18.65
1012.70,0,,69.66,18.68,1,0,69.58,-0.85,-5.90,3.50,18.60
1012.82,0,,69.71,18.66,1,0,70.07,-0.78,-5.92,3.55,18.69
1012.88,0,,69.74,18.66,0,1,69.22,-0.72,-5.87,3.66,18.70
1013.00,0,,69.64,18.67,1,0,69.68,-0.79,-5.80,3.66,18.56
1013.09,0,,69.53,18.63,1,0,69.32,-0.86,-5.84,3.55,18.53
1013.18,0,,69.46,18.57,2,-1,69.48,-0.89,-5.85,3.51,18.51
1013.33,0,,69.47,18.52,2,-1,69.83,-0.89,-5.82,3.54,18.48
1013.39,0,,69.60,18.51,2,-1,69.69,-0.79,-5.85,3.61,18.61
1013.48,0,,69.66,18.54,2,-1,69.42,-0.80,-5.84,3.61,18.59
1013.60,0,,69.66,18.56,2,-1,69.97,-0.93,-5.84,3.48,18.46
1013.69,0,,69.77,18.55,2,-1,70.15,-0.90,-5.91,3.44,18.56
1013.84,0,,69.91,18.56,1,0,69.67,-0.77,-5.91,3.57,18.69
1013.90,0,,69.87,18.61,1,0,69.57,-0.78,-5.88,3.59,18.65
1013.99,0,,69.76,18.64,0,2,69.91,-0.88,-5.90,3.47,18.57
1014.08,0,,69.72,18.62,0,2,69.59,-0.90,-5.88,3.47,18.53
1014.20,0,,69.69,18.57,0,1,69.64,-0.91,-5.84,3.50,18.48
1014.32,0,,69.68,18.52,0,1,69.87,-0.89,-5.86,3.50,18.52
1014.38,0,,69.69,18.52,1,0,69.45,-0.84,-5.85,3.56,18.56
1014.50,0,,69.69,18.52,1,0,69.98,-0.95,-5.83,3.47,18.43
1014.59,0,,69.79,18.49,1,0,70.10,-1.03,-5.87,3.35,18.39
1014.68,0,,69.93,18.46,1,0,69.85,-0.90,-5.91,3.44,18.56
1014.83,0,,69.92,18.48,1,0,69.55,-0.88,-5.87,3.50,18.54
1014.89,0,,69.67,18.50,1,0,68.86,-1.01,-5.85,3.39,18.39
1014.98,0,,69.35,18.48,2,-1,69.50,-0.97,-5.91,3.37,18.49
1015.10,0,,69.24,18.47,4,-2,69.40,-0.98,-5.90,3.37,18.47
1015.19,0,,69.35,18.46,4,-2,69.66,-1.04,-5.87,3.34,18.38
1015.34,0,,69.53,18.45,4,-2,69.90,-0.88,-5.91,3.46,18.58
1015.43,0,,69.72,18.50,4,-2,69.70,-0.88,-5.92,3.45,18.59
1015.49,0,,69.77,18.54,1,0,69.61,-1.01,-5.89,3.35,18.43
1015.58,0,,69.72,18.53,1,0,69.68,-0.95,-5.92,3.38,18.52
1015.70,0,,69.69,18.52,1,0,69.79,-0.92,-5.87,3.46,18.50
1015.82,0,,69.73,18.49,1,0,69.89,-0.95,-5.79,3.51,18.39
1015.88,0,,69.79,18.47,0,2,69.72,-0.90,-5.86,3.49,18.51
1016.00,0,,69.79,18.46,0,2,69.72,-0.96,-5.86,3.43,18.45
1016.12,0,,69.66,18.46,0,1,69.00,-0.99,-5.84,3.42,18.40
1016.18,0,,69.50,18.46,1,0,69.98,-0.79,-5.86,3.60,18.62
1016.33,0,,69.56,18.51,1,0,69.85,-0.86,-5.86,3.53,18.55
1016.39,0,,69.73,18.52,1,0,69.69,-1.08,-5.85,3.32,18.32
1016.48,0,,69.76,18.46,1,0,69.60,-0.99,-5.83,3.43,18.39
1016.63,0,,69.67,18.41,1,0,69.37,-0.89,-5.83,3.53,18.49
1016.69,0,,69.55,18.43,1,0,69.60,-0.89,-5.85,3.51,18.51
1016.84,0,,69.48,18.47,2,-1,69.38,-0.93,-5.87,3.45,18.49
1016.91,0,,69.50,18.49,2,-1,69.81,-0.97,-5.88,3.40,18.46
1016.99,0,,69.56,18.49,2,-1,69.47,-0.92,-5.85,3.48,18.48
1017.08,0,,69.56,18.48,2,-1,69.35,-0.89,-5.81,3.55,18.47
1017.20,0,,69.52,18.49,1,0,69.74,-0.89,-5.86,3.50,18.52
1017.32,0,,69.56,18.50,1,0,69.63,-0.91,-5.88,3.46,18.52
1017.38,0,,69.64,18.51,1,0,69.79,-0.94,-5.83,3.48,18.44
1017.50,0,,69.70,18.49,2,-1,69.61,-0.91,-5.85,3.49,18.49
1017.59,0,,69.67,18.50,2,-1,69.49,-0.85,-5.87,3.53,18.57
1017.74,0,,69.62,18.53,0,1,69.72,-0.88,-5.89,3.48,18.56
1017.83,0,,69.61,18.55,0,1,69.64,-0.95,-5.90,3.40,18.50
1017.89,0,,69.62,18.54,1,0,69.53,-0.95,-5.91,3.39,18.51
1017.98,0,,69.66,18.53,1,0,70.04,-0.90,-5.89,3.46,18.54
1018.13,0,,69.74,18.52,1,0,69.57,-0.90,-5.82,3.53,18.47
1018.19,0,,69.76,18.49,1,0,69.79,-0.99,-5.84,3.42,18.40
1018.34,0,,69.66,18.45,1,0,69.07,-1.01,-5.87,3.37,18.41
1018.40,0,,69.50,18.43,1,0,69.75,-0.95,-5.86,3.44,18.46
1018.49,0,,69.49,18.44,1,0,69.65,-0.89,-5.87,3.49,18.53
1018.59,0,,69.59,18.48,2,-1,69.70,-0.95,-5.85,3.45,18.45
1018.70,0,,69.62,18.48,1,0,69.37,-1.01,-5.88,3.36,18.42
1018.82,0,,69.60,18.46,1,0,69.85,-1.04,-5.91,3.30,18.42
1018.88,0,,69.59,18.43,1,0,69.32,-1.02,-5.89,3.34,18.42
1019.00,0,,69.58,18.43,1,0,69.81,-0.91,-5.84,3.50,18.48
1019.12,0,,69.67,18.45,1,0,70.13,-0.94,-5.87,3.44,18.48
1019.18,0,,69.82,18.46,1,0,69.55,-1.01,-5.90,3.34,18.44
1019.36,0,,69.83,18.46,1,0,69.81,-0.97,-5.85,3.43,18.43
1019.40,0,,69.76,18.46,0,1,69.60,-0.88,-5.82,3.55,18.49
1019.51,0,,69.73,18.47,0,1,69.93,-0.83,-5.78,3.64,18.50
1019.60,0,,69.77,18.49,0,1,69.86,-0.84,-5.78,3.63,18.49
1019.69,0,,69.83,18.50,0,1,69.78,-0.87,-5.83,3.55,18.51
1019.84,0,,69.79,18.50,0,1,69.44,-0.89,-5.82,3.54,18.48
1019.90,0,,69.65,18.50,0,1,69.58,-0.82,-5.80,3.63,18.53
1019.99,0,,69.58,18.52,1,0,69.73,-0.81,-5.83,3.61,18.57
1020.08,0,,69.59,18.54,1,0,69.53,-0.92,-5.86,3.47,18.49
1020.20,0,,69.57,18.52,2,-1,69.40,-0.94,-5.81,3.50,18.42
1020.32,0,,69.53,18.48,2,-1,69.70,-0.90,-5.78,3.57,18.43
1020.38,0,,69.51,18.45,2,-1,69.26,-0.80,-5.80,3.65,18.55
1020.50,0,,69.48,18.48,4,-2,69.64,-0.81,-5.77,3.67,18.51
1020.59,0,,69.55,18.49,2,-1,70.00,-0.93,-5.81,3.51,18.43
1020.68,0,,69.70,18.48,2,-1,69.54,-0.93,-5.84,3.48,18.46
1020.83,0,,69.78,18.46,1,0,69.99,-0.87,-5.79,3.59,18.47
1020.89,0,,69.79,18.47,1,0,69.50,-0.79,-5.77,3.69,18.53
1020.98,0,,69.71,18.50,0,1,69.50,-0.82,-5.82,3.61,18.55
1021.10,0,,69.53,18.52,0,1,69.19,-0.92,-5.84,3.49,18.47
1021.19,0,,69.40,18.52,1,0,69.61,-0.90,-5.83,3.52,18.48
1021.34,0,,69.45,18.52,2,-1,69.86,-0.78,-5.84,3.63,18.61
1021.40,0,,69.57,18.55,2,-1,69.26,-0.78,-5.83,3.64,18.60
1021.52,0,,69.53,18.57,2,-1,69.39,-0.89,-5.83,3.53,18.49
1021.59,0,,69.46,18.55,2,-1,69.61,-0.93,-5.83,3.49,18.45
1021.70,0,,69.50,18.50,2,-1,69.67,-0.92,-5.82,3.51,18.45
1021.82,0,,69.52,18.48,2,-1,69.10,-0.84,-5.85,3.56,18.56
1021.91,0,,69.45,18.50,2,-1,69.66,-0.84,-5.84,3.57,18.55
1022.00,0,,69.50,18.52,2,-1,69.86,-0.93,-5.82,3.50,18.44
1022.09,0,,69.66,18.50,1,0,69.75,-0.95,-5.84,3.46,18.44
1022.21,0,,69.78,18.47,1,0,69.84,-0.96,-5.85,3.44,18.44
1022.33,0,,69.86,18.45,0,1,70.03,-0.90,-5.85,3.50,18.50
1022.39,0,,69.89,18.47,0,2,69.65,-0.89,-5.84,3.52,18.50
1022.48,0,,69.83,18.48,0,2,69.71,-0.98,-5.85,3.42,18.42
1022.60,0,,69.76,18.48,0,2,69.82,-0.90,-5.86,3.49,18.51
1022.69,0,,69.75,18.49,0,2,69.79,-0.81,-5.79,3.65,18.53
1022.84,0,,69.76,18.51,0,1,69.71,-0.80,-5.74,3.71,18.49
1022.90,0,,69.72,18.51,0,1,69.47,-0.82,-5.78,3.65,18.51
1022.99,0,,69.67,18.52,0,1,69.96,-0.85,-5.82,3.58,18.52
1023.08,0,,69.72,18.51,0,1,69.72,-0.85,-5.79,3.61,18.49
1023.20,0,,69.77,18.51,2,-1,69.78,-0.81,-5.77,3.67,18.51
1023.32,0,,69.77,18.50,2,-1,69.69,-0.84,-5.77,3.64,18.48
1023.38,0,,69.72,18.49,1,0,69.50,-0.90,-5.83,3.52,18.48
1023.50,0,,69.66,18.48,1,0,69.85,-0.95,-5.83,3.47,18.43
1023.59,0,,69.67,18.45,2,-1,69.63,-0.93,-5.79,3.53,18.41
1023.68,0,,69.63,18.44,2,-1,69.28,-0.86,-5.83,3.56,18.52
1023.83,0,,69.55,18.46,2,-1,69.75,-0.95,-5.84,3.46,18.44
1023.89,0,,69.51,18.46,2,-1,69.29,-0.96,-5.83,3.46,18.42
1023.98,0,,69.51,18.46,2,-1,69.77,-0.90,-5.85,3.50,18.50
1024.10,0,,69.58,18.47,2,-1,69.73,-0.92,-5.84,3.49,18.47
1024.19,0,,69.62,18.50,2,-1,69.27,-0.81,-5.83,3.61,18.57
1024.31,0,,69.59,18.53,2,-1,69.88,-0.81,-5.84,3.60,18.58
1024.40,0,,69.66,18.56,2,-1,69.93,-0.84,-5.83,3.58,18.54
1024.49,0,,69.82,18.57,1,0,69.95,-0.81,-5.80,3.64,18.54
1024.58,0,,69.89,18.55,0,1,69.68,-0.81,-5.76,3.68,18.50
1024.70,0,,69.82,18.54,0,2,69.54,-0.72,-5.76,3.77,18.59
1024.85,0,,69.74,18.55,0,2,70.05,-0.79,-5.80,3.66,18.56
1024.91,0,,69.76,18.55,0,1,69.69,-0.91,-5.83,3.51,18.47
1025.00,0,,69.81,18.54,0,1,69.92,-0.80,-5.81,3.64,18.56
1025.12,0,,69.89,18.55,0,1,70.24,-0.64,-5.81,3.80,18.72
1025.18,0,,69.99,18.63,0,1,69.74,-0.67,-5.82,3.76,18.70
1025.33,0,,69.96,18.67,1,0,69.82,-0.78,-5.79,3.68,18.56
1025.42,0,,69.82,18.64,1,0,69.45,-0.82,-5.79,3.64,18.52
1025.48,0,,69.64,18.58,1,0,69.42,-0.78,-5.78,3.69,18.55
1025.60,0,,69.54,18.57,2,-1,69.94,-0.61,-5.79,3.85,18.73
1025.76,0,,69.69,18.63,2,-1,70.18,-0.60,-5.83,3.82,18.78
1025.81,0,,69.87,18.70,2,-1,69.50,-0.77,-5.84,3.64,18.62
1025.91,0,,69.84,18.70,2,-1,69.76,-0.82,-5.84,3.59,18.57
1026.02,0,,69.76,18.65,2,-1,69.74,-0.74,-5.84,3.67,18.65
1026.08,0,,69.74,18.63,2,-1,69.85,-0.66,-5.80,3.79,18.69
1026.20,0,,69.81,18.65,1,0,70.10,-0.68,-5.82,3.75,18.69
1026.32,0,,69.88,18.67,0,1,69.56,-0.78,-5.87,3.60,18.64
1026.41,0,,69.87,18.66,1,0,70.12,-0.84,-5.84,3.57,18.55
1026.56,0,,69.87,18.61,0,1,69.68,-0.79,-5.82,3.64,18.58
1026.59,0,,69.82,18.59,0,1,69.66,-0.75,-5.82,3.68,18.62
1026.68,0,,69.78,18.59,1,0,70.04,-0.82,-5.83,3.60,18.56
1026.83,0,,69.80,18.59,1,0,69.68,-0.83,-5.87,3.55,18.59
1026.89,0,,69.78,18.58,1,0,69.61,-0.85,-5.85,3.55,18.55
1026.98,0,,69.75,18.57,1,0,70.00,-0.84,-5.84,3.57,18.55
1027.19,0,,69.76,18.57,1,0,69.53,-0.80,-5.85,3.60,18.60
1027.19,0,,69.75,18.56,1,0,69.91,-0.90,-5.81,3.54,18.46
1027.31,0,,69.83,18.52,1,0,70.26,-0.96,-5.83,3.46,18.42
1027.40,0,,70.00,18.47,1,0,70.02,-0.94,-5.85,3.46,18.46
1027.49,0,,70.12,18.46,1,0,70.25,-0.89,-5.86,3.50,18.52
1027.58,0,,70.14,18.48,0,1,69.83,-0.90,-5.87,3.48,18.52
1027.70,0,,70.03,18.50,0,2,69.81,-1.02,-5.87,3.36,18.40
1027.82,0,,69.91,18.47,0,1,69.98,-1.05,-5.91,3.29,18.41
1027.88,0,,69.88,18.44,0,1,69.90,-0.98,-5.90,3.37,18.47
1028.06,0,,69.88,18.44,0,1,69.78,-0.95,-5.88,3.42,18.48
1028.09,0,,69.85,18.45,0,1,69.83,-1.02,-5.89,3.34,18.42
1028.18,0,,69.81,18.45,0,1,69.75,-1.07,-5.91,3.27,18.39
1028.33,0,,69.74,18.42,1,0,69.46,-1.09,-5.90,3.26,18.36
1028.39,0,,69.61,18.38,4,-2,69.48,-1.10,-5.89,3.26,18.34
1028.48,0,,69.53,18.37,4,-2,69.70,-1.02,-5.92,3.31,18.45
1028.60,0,,69.60,18.39,4,-2,69.95,-1.06,-5.91,3.28,18.40
1028.69,0,,69.73,18.40,4,-2,69.65,-1.18,-5.90,3.17,18.27
1028.81,0,,69.82,18.36,2,-1,70.13,-1.11,-5.92,3.22,18.36
1028.90,0,,69.90,18.35,1,0,69.80,-1.04,-5.91,3.30,18.42
1028.99,0,,69.82,18.37,1,0,69.09,-1.08,-5.88,3.29,18.35
1029.08,0,,69.53,18.37,1,0,69.28,-1.15,-5.88,3.22,18.28
1029.20,0,,69.41,18.34,1,0,70.11,-1.18,-5.94,3.13,18.31
1029.32,0,,69.60,18.32,1,0,69.88,-1.16,-5.97,3.12,18.36
1029.38,0,,69.84,18.33,1,0,69.97,-1.09,-5.91,3.25,18.37
1029.50,0,,69.95,18.36,0,1,69.88,-1.08,-5.92,3.25,18.39
1029.59,0,,69.99,18.36,0,1,70.12,-1.23,-5.93,3.09,18.25
1029.68,0,,70.05,18.33,0,1,70.25,-1.25,-5.94,3.06,18.24
1029.83,0,,70.11,18.30,0,2,69.92,-1.14,-5.97,3.14,18.38
1029.89,0,,70.03,18.32,0,2,69.64,-1.08,-5.93,3.24,18.40
1029.98,0,,69.87,18.36,0,2,69.85,-1.12,-5.93,3.20,18.36
1030.10,0,,69.76,18.38,0,1,69.62,-1.19,-5.99,3.07,18.35
1030.19,0,,69.67,18.37,1,0,69.51,-1.16,-5.95,3.14,18.34
1030.31,0,,69.62,18.35,1,0,69.87,-1.12,-5.91,3.22,18.34
1030.40,0,,69.65,18.35,4,-2,69.57,-1.12,-5.93,3.20,18.36
1030.49,0,,69.74,18.35,4,-2,70.20,-1.13,-5.94,3.18,18.36
1030.58,0,,69.87,18.36,4,-2,69.84,-1.19,-5.99,3.07,18.35
1030.70,0,,69.89,18.36,2,-1,69.50,-1.17,-5.95,3.13,18.33
1030.82,0,,69.77,18.36,1,0,69.76,-1.05,-5.89,3.31,18.39
1030.88,0,,69.68,18.38,1,0,69.67,-1.02,-5.93,3.30,18.46
1031.00,0,,69.66,18.42,1,0,69.61,-1.04,-5.94,3.27,18.45
1031.09,0,,69.66,18.45,1,0,69.82,-1.04,-5.95,3.26,18.46
1031.18,0,,69.68,18.46,1,0,69.56,-1.07,-5.92,3.26,18.40
1031.33,0,,69.66,18.44,1,0,69.59,-1.01,-5.86,3.38,18.40
1031.39,0,,69.62,18.43,1,0,69.65,-0.99,-5.91,3.35,18.47
1031.48,0,,69.65,18.43,2,-1,69.92,-1.07,-5.93,3.25,18.41
1031.60,0,,69.74,18.42,1,0,69.75,-1.09,-5.89,3.27,18.35
1031.69,0,,69.78,18.40,1,0,69.67,-1.01,-5.88,3.36,18.42
1031.81,0,,69.78,18.41,1,0,69.97,-0.97,-5.90,3.38,18.48
1031.90,0,,69.79,18.44,1,0,69.57,-1.03,-5.94,3.28,18.46
1031.99,0,,69.73,18.46,1,0,69.62,-1.05,-5.94,3.26,18.44
1032.08,0,,69.66,18.45,2,-1,69.65,-1.03,-5.89,3.33,18.41
1032.20,0,,69.68,18.44,2,-1,70.07,-1.00,-5.91,3.34,18.46
1032.32,0,,69.77,18.45,1,0,69.52,-0.98,-5.92,3.35,18.49
1032.38,0,,69.73,18.46,1,0,69.46,-1.08,-5.92,3.25,18.39
1032.56,0,,69.59,18.44,1,0,69.49,-1.12,-5.97,3.16,18.40
1032.59,0,,69.53,18.42,2,-1,69.77,-1.09,-5.97,3.19,18.43
1032.69,0,,69.62,18.43,1,0,69.90,-1.00,-5.98,3.27,18.53
1032.83,0,,69.74,18.48,1,0,69.64,-0.99,-5.98,3.28,18.54
1032.90,0,,69.74,18.49,1,0,69.54,-1.16,-5.92,3.17,18.31
1032.98,0,,69.68,18.43,1,0,69.77,-1.21,-5.95,3.09,18.29
1033.07,0,,69.67,18.36,1,0,69.68,-1.13,-5.97,3.15,18.39
1033.19,0,,69.68,18.34,1,0,69.67,-1.08,-5.92,3.25,18.39
1033.37,0,,69.73,18.36,1,0,70.01,-1.15,-5.94,3.16,18.34
1033.38,0,,69.81,18.35,1,0,69.78,-1.29,-5.97,2.99,18.23
1033.49,0,,69.86,18.30,1,0,69.89,-1.29,-5.95,3.01,18.21
1033.58,0,,69.88,18.25,0,1,69.90,-1.23,-5.97,3.05,18.29
1033.73,0,,69.84,18.25,0,1,69.49,-1.23,-5.95,3.07,18.27
1033.82,0,,69.75,18.25,1,0,69.90,-1.31,-5.92,3.02,18.16
1033.88,0,,69.77,18.22,1,0,70.08,-1.35,-5.98,2.92,18.18
1033.97,0,,69.92,18.21,1,0,70.07,-1.28,-6.01,2.96,18.28
1034.09,0,,69.98,18.22,1,0,69.64,-1.29,-5.95,3.01,18.21
1034.18,0,,69.86,18.22,1,0,69.54,-1.35,-5.94,2.96,18.14
1034.33,0,,69.68,18.19,1,0,69.58,-1.37,-5.95,2.93,18.13
1034.45,0,,69.59,18.15,2,-1,69.70,-1.40,-5.95,2.90,18.10
1034.48,0,,69.60,18.12,2,-1,69.63,-1.41,-5.98,2.86,18.12
1034.60,0,,69.68,18.12,2,-1,70.02,-1.36,-5.99,2.90,18.18
1034.70,0,,69.80,18.15,2,-1,69.77,-1.36,-5.98,2.91,18.17
1034.81,0,,69.84,18.16,1,0,69.71,-1.44,-5.97,2.84,18.08
1034.87,0,,69.77,18.12,1,0,69.51,-1.49,-5.94,2.82,18.00
1034.99,0,,69.65,18.07,1,0,69.62,-1.44,-5.96,2.85,18.07
1035.08,0,,69.57,18.05,1,0,69.47,-1.39,-5.94,2.92,18.10
1035.18,0,,69.50,18.07,1,0,69.35,-1.42,-5.93,2.90,18.06
1035.32,0,,69.48,18.08,1,0,69.85,-1.48,-5.99,2.78,18.06
1035.38,0,,69.56,18.07,2,-1,69.54,-1.44,-5.95,2.86,18.06
1035.47,0,,69.67,18.08,2,-1,69.93,-1.38,-5.96,2.91,18.13
1035.59,0,,69.76,18.11,2,-1,69.81,-1.38,-5.99,2.88,18.16
1035.69,0,,69.82,18.13,1,0,69.77,-1.44,-5.96,2.85,18.07
1035.77,0,,69.79,18.11,1,0,69.58,-1.51,-5.96,2.78,18.00
1035.89,0,,69.74,18.07,0,1,69.94,-1.43,-5.96,2.86,18.08
1035.98,0,,69.75,18.06,0,1,69.64,-1.35,-5.93,2.97,18.13
1036.07,0,,69.73,18.09,0,1,69.62,-1.39,-5.94,2.92,18.10
1036.19,0,,69.65,18.10,1,0,69.46,-1.44,-5.94,2.87,18.05
1036.31,0,,69.56,18.09,1,0,69.50,-1.43,-5.96,2.86,18.08
1036.40,0,,69.52,18.09,2,-1,69.65,-1.37,-5.96,2.92,18.14
1036.49,0,,69.55,18.12,2,-1,69.63,-1.26,-5.94,3.05,18.23
1036.58,0,,69.63,18.17,2,-1,69.79,-1.26,-5.91,3.08,18.20
1036.70,0,,69.73,18.21,1,0,69.91,-1.31,-5.93,3.01,18.17
1036.82,0,,69.79,18.21,1,0,69.54,-1.26,-5.95,3.04,18.24
1036.91,0,,69.77,18.22,1,0,69.86,-1.20,-5.87,3.18,18.22
1036.97,0,,69.75,18.23,1,0,69.71,-1.16,-5.88,3.21,18.27
1037.09,0,,69.76,18.26,1,0,69.86,-1.17,-5.97,3.11,18.35
1037.18,0,,69.76,18.29,0,1,69.58,-1.23,-5.93,3.09,18.25
1037.28,0,,69.71,18.29,1,0,69.60,-1.21,-5.87,3.17,18.21
1037.40,0,,69.69,18.28,0,1,70.00,-1.04,-5.91,3.30,18.42
1037.48,0,,69.78,18.33,1,0,69.91,-1.04,-5.93,3.28,18.44
1037.64,0,,69.92,18.39,1,0,70.16,-1.16,-5.94,3.15,18.33
1037.70,0,,70.02,18.40,0,1,69.90,-1.10,-5.96,3.19,18.41
1037.82,0,,70.01,18.41,0,1,69.85,-1.02,-5.94,3.29,18.47
1037.87,0,,69.94,18.44,0,1,69.90,-0.99,-5.90,3.36,18.46
1037.99,0,,69.89,18.46,0,1,69.88,-1.01,-5.88,3.36,18.42
1038.08,0,,69.87,18.45,0,1,69.81,-1.07,-5.91,3.27,18.39
1038.20,0,,69.80,18.41,0,1,69.52,-1.12,-5.92,3.21,18.35
1038.32,0,,69.68,18.38,0,1,69.54,-1.11,-5.89,3.25,18.33
1038.38,0,,69.65,18.36,2,-1,70.19,-1.03,-5.91,3.31,18.43
1038.56,0,,69.84,18.38,4,-2,70.21,-1.05,-5.91,3.29,18.41
1038.59,0,,69.99,18.40,1,0,69.48,-1.14,-5.92,3.19,18.33
1038.69,0,,69.89,18.37,0,1,69.71,-1.18,-5.92,3.15,18.29
1038.77,0,,69.74,18.33,1,0,69.72,-1.16,-5.90,3.19,18.29
1038.89,0,,69.67,18.31,2,-1,69.58,-1.11,-5.95,3.19,18.39
1038.98,0,,69.66,18.33,2,-1,69.88,-1.17,-5.98,3.10,18.36
1039.07,0,,69.75,18.35,1,0,70.01,-1.20,-5.97,3.08,18.32
1039.19,0,,69.86,18.36,1,0,69.79,-1.18,-5.98,3.09,18.35
1039.31,0,,69.92,18.35,1,0,70.04,-1.16,-5.92,3.17,18.31
1039.37,0,,69.96,18.34,1,0,70.01,-1.15,-5.90,3.20,18.30
1039.49,0,,69.99,18.32,0,1,69.97,-1.19,-5.95,3.11,18.31
1039.58,0,,69.96,18.30,0,1,69.72,-1.25,-5.91,3.09,18.21
1039.68,0,,69.88,18.26,0,2,69.87,-1.26,-5.90,3.09,18.19
1039.83,0,,69.86,18.23,1,0,70.10,-1.17,-5.95,3.13,18.33
1039.88,0,,69.85,18.25,1,0,69.27,-1.25,-5.96,3.04,18.26
1039.97,0,,69.72,18.25,1,0,69.81,-1.39,-5.98,2.88,18.14
1040.09,0,,69.71,18.22,1,0,70.15,-1.33,-5.97,2.95,18.19
1040.21,0,,69.84,18.20,1,0,69.74,-1.26,-5.97,3.02,18.26
1040.27,0,,69.93,18.22,1,0,70.17,-1.25,-5.98,3.02,18.28
1040.39,0,,69.96,18.25,1,0,69.66,-1.32,-5.96,2.97,18.19
1040.48,0,,69.89,18.23,1,0,69.75,-1.41,-5.99,2.85,18.13
1040.60,0,,69.82,18.19,1,0,70.08,-1.39,-6.01,2.85,18.17
1040.70,0,,69.77,18.16,1,0,69.12,-1.34,-5.95,2.96,18.16
1040.81,0,,69.58,18.16,1,0,69.40,-1.29,-5.95,3.01,18.21
1040.87,0,,69.47,18.19,2,-1,69.96,-1.29,-6.01,2.95,18.27
1040.99,0,,69.56,18.22,4,-2,69.49,-1.38,-5.98,2.89,18.15
1041.08,0,,69.69,18.20,2,-1,70.11,-1.38,-5.94,2.93,18.11
1041.17,0,,69.81,18.17,2,-1,69.65,-1.28,-5.96,3.01,18.23
1041.32,0,,69.79,18.18,1,0,69.47,-1.28,-5.93,3.04,18.20
1041.41,0,,69.68,18.18,1,0,69.76,-1.38,-5.93,2.94,18.10
1041.50,0,,69.60,18.15,2,-1,69.38,-1.43,-5.94,2.88,18.06
1041.59,0,,69.60,18.11,2,-1,70.03,-1.37,-5.94,2.94,18.12
1041.72,0,,69.73,18.12,1,0,70.00,-1.26,-5.99,3.00,18.28
1041.77,0,,69.88,18.18,1,0,69.76,-1.29,-5.97,2.99,18.23
1041.89,0,,69.84,18.21,0,1,69.33,-1.42,-5.94,2.89,18.07
1042.01,0,,69.69,18.17,1,0,69.91,-1.43,-6.00,2.82,18.12
1042.07,0,,69.66,18.13,1,0,69.68,-1.41,-6.00,2.84,18.14
1042.20,0,,69.72,18.12,2,-1,69.91,-1.40,-5.93,2.92,18.08
1042.31,0,,69.79,18.10,1,0,69.80,-1.40,-5.92,2.93,18.07
1042.38,0,,69.82,18.09,1,0,69.73,-1.45,-5.98,2.82,18.08
1042.49,0,,69.77,18.08,1,0,69.60,-1.48,-6.01,2.76,18.08
1042.58,0,,69.70,18.09,1,0,69.68,-1.44,-6.03,2.78,18.14
1042.67,0,,69.67,18.12,1,0,69.77,-1.39,-6.00,2.86,18.16
1042.82,0,,69.72,18.14,1,0,69.93,-1.46,-6.01,2.78,18.10
1042.88,0,,69.80,18.13,1,0,69.76,-1.53,-6.03,2.69,18.05
1043.00,0,,69.81,18.09,1,0,69.60,-1.49,-6.00,2.76,18.06
1043.09,0,,69.72,18.07,1,0,69.64,-1.46,-6.00,2.79,18.09
1043.18,0,,69.69,18.07,1,0,69.94,-1.48,-6.00,2.77,18.07
1043.28,0,,69.72,18.07,1,0,69.53,-1.55,-6.00,2.70,18.00
1043.40,0,,69.73,18.04,1,0,69.87,-1.61,-6.03,2.61,17.97
1043.48,0,,69.73,18.02,1,0,69.62,-1.53,-6.08,2.64,18.10
1043.57,0,,69.70,18.05,1,0,69.61,-1.47,-6.06,2.72,18.14
1043.70,0,,69.64,18.09,1,0,69.55,-1.52,-6.01,2.72,18.04
1043.81,0,,69.63,18.09,1,0,69.91,-1.56,-6.02,2.67,18.01
1043.87,0,,69.73,18.05,1,0,69.96,-1.58,-6.03,2.64,18.00
1044.03,0,,69.87,18.02,1,0,69.92,-1.57,-6.04,2.64,18.02
1044.08,0,,69.95,18.02,1,0,70.05,-1.48,-6.01,2.76,18.08
1044.20,0,,70.02,18.04,0,1,70.12,-1.50,-6.01,2.74,18.06
1044.32,0,,70.15,18.06,0,2,70.62,-1.59,-6.06,2.60,18.02
1044.38,0,,70.28,18.05,0,2,70.02,-1.58,-6.06,2.61,18.03
1044.50,0,,70.20,18.04,0,2,69.58,-1.57,-6.05,2.63,18.03
1044.59,0,,70.00,18.03,0,2,70.27,-1.53,-6.01,2.71,18.03
1044.68,0,,69.90,18.03,0,2,69.52,-1.52,-5.99,2.74,18.02
1044.83,0,,69.81,18.03,0,1,69.81,-1.57,-6.03,2.65,18.01
1044.92,0,,69.71,18.03,0,1,69.56,-1.56,-6.04,2.65,18.03
1044.98,0,,69.65,18.03,4,-2,69.64,-1.51,-6.02,2.72,18.06
1045.10,0,,69.60,18.05,4,-2,69.48,-1.50,-5.99,2.76,18.04
1045.19,0,,69.58,18.05,4,-2,69.78,-1.56,-6.01,2.68,18.00
1045.31,0,,69.62,18.03,4,-2,69.64,-1.59,-6.04,2.62,18.00
1045.41,0,,69.70,18.02,4,-2,69.95,-1.52,-6.03,2.70,18.06
1045.49,0,,69.76,18.05,2,-1,69.56,-1.39,-6.01,2.85,18.17
1045.61,0,,69.76,18.11,2,-1,69.82,-1.43,-6.02,2.80,18.14
1045.67,0,,69.76,18.14,1,0,69.82,-1.50,-6.05,2.70,18.10
1045.82,0,,69.73,18.14,1,0,69.36,-1.48,-6.04,2.73,18.11
1045.88,0,,69.75,18.12,0,1,70.55,-1.45,-6.01,2.79,18.11
1046.00,0,,69.93,18.12,0,1,69.89,-1.39,-5.99,2.87,18.15
1046.09,0,,70.04,18.13,0,2,69.82,-1.43,-6.00,2.82,18.12
1046.18,0,,69.96,18.14,0,2,69.84,-1.46,-6.06,2.73,18.15
1046.36,0,,69.84,18.14,0,1,69.55,-1.46,-6.02,2.77,18.11
1046.40,0,,69.76,18.12,0,1,70.07,-1.46,-5.97,2.82,18.06
1046.51,0,,69.79,18.11,1,0,69.79,-1.38,-6.02,2.85,18.19
1046.57,0,,69.85,18.13,0,1,69.87,-1.42,-6.01,2.82,18.14
1046.69,0,,69.84,18.14,0,1,69.68,-1.47,-5.99,2.79,18.07
1046.81,0,,69.76,18.12,2,-1,69.52,-1.47,-5.97,2.81,18.05
1046.90,0,,69.67,18.09,2,-1,69.78,-1.40,-5.98,2.87,18.13
1046.99,0,,69.67,18.11,4,-2,69.77,-1.36,-6.03,2.86,18.22
1047.08,0,,69.80,18.16,2,-1,70.36,-1.44,-6.03,2.78,18.14
1047.20,0,,69.97,18.17,1,0,69.68,-1.46,-6.03,2.76,18.12
1047.32,0,,69.95,18.16,1,0,69.68,-1.46,-6.02,2.77,18.11
1047.41,0,,69.78,18.13,1,0,69.50,-1.43,-5.99,2.83,18.11
1047.50,0,,69.67,18.11,1,0,69.92,-1.43,-5.99,2.83,18.11
1047.59,0,,69.69,18.10,1,0,69.72,-1.52,-5.99,2.74,18.02
1047.68,0,,69.76,18.06,1,0,69.88,-1.57,-6.02,2.66,18.00
1047.83,0,,69.82,18.04,1,0,69.87,-1.55,-6.06,2.64,18.06
1047.89,0,,69.86,18.05,1,0,69.84,-1.44,-6.05,2.76,18.16
1047.98,0,,69.91,18.09,1,0,70.22,-1.51,-6.06,2.68,18.10
1048.10,0,,69.97,18.09,1,0,69.68,-1.65,-6.03,2.57,17.93
1048.19,0,,69.94,18.04,1,0,69.94,-1.61,-6.05,2.59,17.99
1048.31,0,,69.84,18.01,1,0,69.52,-1.57,-6.10,2.58,18.08
1048.40,0,,69.75,18.02,1,0,69.90,-1.58,-6.05,2.62,18.02
1048.49,0,,69.76,18.03,1,0,69.89,-1.57,-6.04,2.64,18.02
1048.58,0,,69.78,18.03,1,0,69.50,-1.62,-6.05,2.58,17.98
1048.70,0,,69.72,18.00,1,0,69.74,-1.67,-6.01,2.57,17.89
1048.82,0,,69.67,17.95,1,0,69.57,-1.65,-6.03,2.57,17.93
1048.91,0,,69.67,17.93,4,-2,69.93,-1.64,-6.04,2.57,17.95
1049.00,0,,69.71,17.94,1,0,69.55,-1.66,-6.06,2.53,17.95
1049.09,0,,69.69,17.94,1,0,69.56,-1.73,-6.07,2.45,17.89
1049.18,0,,69.65,17.92,1,0,69.83,-1.75,-6.05,2.45,17.85
1049.33,0,,69.72,17.89,2,-1,69.97,-1.67,-6.03,2.55,17.91
1049.39,0,,69.84,17.90,1,0,69.89,-1.65,-6.06,2.54,17.96
1049.48,0,,69.93,17.92,1,0,70.04,-1.70,-6.08,2.47,17.93
1049.60,0,,69.93,17.93,0,1,69.59,-1.72,-6.08,2.45,17.91
1049.69,0,,69.86,17.93,0,1,69.97,-1.74,-6.08,2.43,17.89
1049.81,0,,69.78,17.91,0,1,69.45,-1.73,-6.04,2.48,17.86
1049.96,0,,69.71,17.88,0,1,69.90,-1.77,-6.03,2.45,17.81
1049.99,0,,69.74,17.83,0,1,69.96,-1.86,-6.04,2.35,17.73
1050.08,0,,69.83,17.78,1,0,69.76,-1.86,-6.07,2.32,17.76
1050.20,0,,69.80,17.77,1,0,69.42,-1.77,-6.08,2.40,17.86
1050.32,0,,69.68,17.80,1,0,69.75,-1.73,-6.04,2.48,17.86
1050.39,0,,69.65,17.83,1,0,69.78,-1.79,-6.04,2.42,17.80
1050.50,0,,69.69,17.84,2,-1,69.67,-1.81,-6.11,2.33,17.85
1050.59,0,,69.72,17.84,2,-1,69.76,-1.81,-6.11,2.33,17.85
1050.71,0,,69.76,17.85,1,0,69.95,-1.77,-6.03,2.45,17.81
1050.83,0,,69.81,17.84,1,0,69.67,-1.72,-6.02,2.51,17.85
1050.89,0,,69.81,17.84,1,0,69.89,-1.75,-6.06,2.44,17.86
1050.98,0,,69.86,17.86,1,0,70.18,-1.74,-6.07,2.44,17.88
1051.10,0,,69.97,17.87,1,0,69.90,-1.69,-6.04,2.52,17.90
1051.19,0,,69.98,17.89,0,2,69.74,-1.68,-6.00,2.57,17.87
1051.31,0,,69.86,17.90,0,2,69.63,-1.68,-6.05,2.52,17.92
1051.40,0,,69.76,17.90,0,1,69.89,-1.72,-6.07,2.46,17.90
1051.49,0,,69.75,17.91,1,0,69.82,-1.72,-6.05,2.48,17.88
1051.58,0,,69.77,17.91,1,0,69.60,-1.67,-6.06,2.52,17.94
1051.70,0,,69.79,17.93,1,0,70.16,-1.57,-6.05,2.63,18.03
1051.82,0,,69.83,17.98,1,0,69.53,-1.58,-6.05,2.62,18.02
1051.88,0,,69.84,18.00,1,0,70.09,-1.68,-6.03,2.54,17.90
1052.00,0,,69.86,17.98,1,0,69.79,-1.66,-6.05,2.54,17.94
1052.09,0,,69.84,17.97,1,0,69.57,-1.57,-6.07,2.61,18.05
1052.21,0,,69.74,17.99,1,0,69.75,-1.57,-6.02,2.66,18.00
1052.33,0,,69.72,18.01,1,0,69.93,-1.64,-6.03,2.58,17.94
1052.39,0,,69.75,17.99,1,0,69.52,-1.65,-6.04,2.56,17.94
1052.48,0,,69.75,17.95,1,0,69.95,-1.65,-6.01,2.59,17.91
1052.57,0,,69.81,17.94,1,0,70.09,-1.61,-6.03,2.61,17.97
1052.69,0,,69.91,17.95,1,0,69.72,-1.58,-6.02,2.65,17.99
1052.82,0,,69.95,17.97,1,0,70.20,-1.61,-6.04,2.60,17.98
1052.88,0,,70.02,17.99,0,1,70.15,-1.60,-6.07,2.58,18.02
1052.99,0,,70.08,18.01,0,1,69.85,-1.60,-6.07,2.58,18.02
1053.08,0,,70.01,18.02,0,2,69.85,-1.60,-6.04,2.61,17.99
1053.17,0,,69.88,18.01,0,1,69.64,-1.58,-6.03,2.64,18.00
1053.32,0,,69.75,18.01,1,0,69.69,-1.62,-6.06,2.57,17.99
1053.38,0,,69.71,17.99,1,0,69.92,-1.68,-6.07,2.50,17.94
1053.47,0,,69.81,17.97,1,0,70.18,-1.68,-6.07,2.50,17.94
1053.59,0,,69.86,17.95,1,0,69.16,-1.63,-6.04,2.58,17.96
1053.68,0,,69.69,17.94,1,0,69.53,-1.70,-6.01,2.54,17.86
1053.83,0,,69.56,17.91,4,-2,69.92,-1.75,-6.06,2.44,17.86
1053.89,0,,69.65,17.88,4,-2,69.81,-1.72,-6.05,2.48,17.88
1054.01,0,,69.83,17.88,2,-1,70.25,-1.68,-6.06,2.51,17.93
1054.07,0,,69.95,17.90,1,0,69.52,-1.67,-6.08,2.50,17.96
1054.19,0,,69.82,17.91,1,0,69.27,-1.78,-5.99,2.48,17.76
1054.31,0,,69.61,17.86,1,0,69.87,-1.82,-6.02,2.41,17.75
1054.37,0,,69.54,17.81,1,0,69.37,-1.75,-6.07,2.43,17.87
1054.50,0,,69.54,17.81,1,0,69.63,-1.73,-6.03,2.49,17.85
1054.59,0,,69.57,17.84,1,0,69.81,-1.69,-6.05,2.51,17.91
1054.67,0,,69.63,17.88,1,0,69.43,-1.75,-6.07,2.43,17.87
1054.83,0,,69.63,17.88,1,0,69.70,-1.82,-6.04,2.39,17.77
1054.91,0,,69.64,17.84,2,-1,69.82,-1.79,-6.03,2.43,17.79
1054.97,0,,69.70,17.81,2,-1,69.60,-1.75,-6.02,2.48,17.82
1055.09,0,,69.69,17.80,2,-1,69.63,-1.79,-6.03,2.43,17.79
1055.22,0,,69.70,17.80,2,-1,70.00,-1.81,-6.08,2.36,17.82
1055.33,0,,69.78,17.81,2,-1,69.73,-1.81,-6.09,2.35,17.83
1055.39,0,,69.82,17.82,0,1,69.81,-1.80,-6.04,2.41,17.79
1055.48,0,,69.79,17.83,0,1,69.65,-1.72,-6.04,2.49,17.87
1055.57,0,,69.75,17.84,1,0,69.78,-1.77,-6.04,2.44,17.82
1055.69,0,,69.73,17.83,1,0,69.72,-1.86,-6.04,2.35,17.73
1055.81,0,,69.77,17.80,0,1,70.02,-1.82,-6.09,2.34,17.82
1055.90,0,,69.82,17.79,0,1,69.62,-1.83,-6.08,2.34,17.80
1056.08,0,,69.79,17.80,1,0,69.65,-1.79,-6.05,2.41,17.81
1056.08,0,,69.72,17.81,1,0,69.78,-1.76,-6.05,2.44,17.84
1056.17,0,,69.73,17.82,1,0,69.90,-1.81,-6.06,2.38,17.80
1056.32,0,,69.77,17.83,1,0,69.63,-1.80,-6.10,2.35,17.85
1056.39,0,,69.74,17.84,1,0,69.60,-1.78,-6.11,2.36,17.88
1056.47,0,,69.70,17.87,1,0,69.89,-1.72,-6.05,2.48,17.88
1056.59,0,,69.76,17.89,1,0,69.95,-1.70,-6.07,2.48,17.92
1056.71,0,,69.85,17.89,1,0,69.84,-1.82,-6.08,2.35,17.81
1056.83,0,,69.90,17.85,1,0,69.94,-1.85,-6.00,2.40,17.70
1056.90,0,,69.95,17.81,1,0,70.19,-1.71,-6.06,2.48,17.90
1057.02,0,,69.97,17.82,0,1,69.55,-1.70,-6.07,2.48,17.92
1057.07,0,,69.86,17.86,0,1,69.72,-1.81,-6.03,2.41,17.77
1057.19,0,,69.71,17.86,0,1,69.58,-1.79,-6.10,2.36,17.86
1057.31,0,,69.66,17.85,0,1,69.85,-1.77,-6.11,2.37,17.89
1057.37,0,,69.73,17.87,1,0,70.01,-1.74,-6.04,2.47,17.85
1057.49,0,,69.79,17.88,1,0,69.35,-1.70,-6.07,2.48,17.92
1057.59,0,,69.72,17.90,1,0,69.79,-1.77,-6.15,2.33,17.93
1057.67,0,,69.64,17.90,1,0,69.48,-1.85,-6.10,2.30,17.80
1057.82,0,,69.57,17.87,4,-2,69.44,-1.84,-6.06,2.35,17.77
1057.89,0,,69.55,17.84,4,-2,69.94,-1.72,-6.13,2.40,17.96
1057.97,0,,69.68,17.86,2,-1,69.92,-1.76,-6.09,2.40,17.88
1058.09,0,,69.84,17.87,1,0,69.85,-1.87,-6.05,2.33,17.73
1058.19,0,,69.89,17.84,1,0,69.82,-1.85,-6.15,2.25,17.85
1058.33,0,,69.85,17.82,1,0,69.62,-1.82,-6.13,2.30,17.86
1058.39,0,,69.73,17.83,1,0,69.53,-1.80,-6.05,2.40,17.80
1058.48,0,,69.64,17.83,1,0,69.82,-1.84,-6.08,2.33,17.79
1058.57,0,,69.66,17.81,1,0,69.69,-1.90,-6.14,2.21,17.79
1058.69,0,,69.70,17.80,0,1,69.70,-1.88,-6.13,2.24,17.80
1058.81,0,,69.73,17.80,1,0,69.90,-1.84,-6.12,2.29,17.83
1058.88,0,,69.72,17.82,1,0,69.25,-1.82,-6.11,2.32,17.84
1058.99,0,,69.64,17.83,1,0,69.94,-1.87,-6.12,2.26,17.80
1059.08,0,,69.67,17.83,1,0,69.81,-1.87,-6.16,2.22,17.84
1059.17,0,,69.72,17.83,1,0,69.48,-1.85,-6.10,2.30,17.80
1059.32,0,,69.64,17.82,2,-1,69.40,-1.79,-6.07,2.39,17.83
1059.38,0,,69.55,17.84,2,-1,69.77,-1.72,-6.12,2.41,17.95
1059.47,0,,69.58,17.88,2,-1,69.67,-1.77,-6.10,2.38,17.88
1059.59,0,,69.65,17.90,2,-1,69.65,-1.80,-6.14,2.31,17.89
1059.69,0,,69.70,17.91,2,-1,69.88,-1.75,-6.16,2.34,17.96
1059.83,0,,69.77,17.94,2,-1,69.83,-1.68,-6.10,2.47,17.97
1059.90,0,,69.82,17.96,1,0,69.77,-1.70,-6.08,2.47,17.93
1059.98,0,,69.84,17.95,0,1,69.98,-1.77,-6.11,2.37,17.89
1060.07,0,,69.88,17.93,0,1,69.89,-1.74,-6.13,2.38,17.94
1060.22,0,,69.92,17.93,0,2,69.95,-1.73,-6.12,2.40,17.94
1060.31,0,,69.93,17.94,0,2,69.88,-1.70,-6.10,2.45,17.95
1060.37,0,,69.88,17.94,0,2,69.66,-1.77,-6.06,2.42,17.84
1060.49,0,,69.77,17.90,0,1,69.59,-1.82,-6.09,2.34,17.82
1060.59,0,,69.66,17.87,1,0,69.61,-1.76,-6.18,2.31,17.97
1060.67,0,,69.57,17.88,1,0,69.43,-1.79,-6.06,2.40,17.82
1060.82,0,,69.55,17.87,4,-2,69.79,-1.79,-6.05,2.41,17.81
1060.88,0,,69.61,17.85,4,-2,69.73,-1.79,-6.15,2.31,17.91
1060.97,0,,69.68,17.84,4,-2,69.56,-1.90,-6.06,2.29,17.71
1061.09,0,,69.69,17.80,2,-1,69.86,-1.86,-6.05,2.34,17.74
1061.18,0,,69.75,17.77,2,-1,69.87,-1.80,-6.11,2.34,17.86
1061.33,0,,69.81,17.78,1,0,69.79,-1.89,-6.07,2.29,17.73
1061.39,0,,69.86,17.78,1,0,70.05,-1.90,-6.09,2.26,17.74
1061.48,0,,69.89,17.76,1,0,69.63,-1.92,-6.10,2.23,17.73
1061.57,0,,69.75,17.74,1,0,69.18,-1.94,-6.11,2.20,17.72
1061.72,0,,69.59,17.75,0,1,70.04,-1.83,-6.16,2.26,17.88
1061.81,0,,69.62,17.80,1,0,69.62,-1.87,-6.16,2.22,17.84
1061.87,0,,69.71,17.82,1,0,69.84,-1.98,-6.12,2.15,17.69
1061.99,0,,69.75,17.79,1,0,69.64,-1.91,-6.12,2.22,17.76
1062.08,0,,69.71,17.77,2,-1,69.48,-1.86,-6.14,2.25,17.83
1062.17,0,,69.62,17.78,1,0,69.68,-1.87,-6.07,2.31,17.75
1062.32,0,,69.65,17.78,1,0,70.07,-1.90,-6.09,2.26,17.74
1062.38,0,,69.76,17.77,1,0,69.53,-1.94,-6.15,2.16,17.76
1062.47,0,,69.76,17.75,1,0,69.71,-1.98,-6.10,2.17,17.67
1062.59,0,,69.70,17.72,1,0,69.62,-1.92,-6.12,2.21,17.75
1062.71,0,,69.61,17.73,2,-1,69.31,-1.87,-6.14,2.24,17.82
1062.83,0,,69.53,17.76,2,-1,69.79,-1.95,-6.14,2.16,17.74
1062.90,0,,69.57,17.77,2,-1,69.70,-2.01,-6.15,2.09,17.69
1063.01,0,,69.65,17.73,1,0,69.61,-2.01,-6.13,2.11,17.67
1063.07,0,,69.65,17.70,1,0,69.50,-1.95,-6.09,2.21,17.69
1063.19,0,,69.63,17.69,1,0,69.84,-1.92,-6.09,2.24,17.72
1063.31,0,,69.68,17.70,1,0,69.76,-2.02,-6.15,2.08,17.68
1063.37,0,,69.72,17.69,1,0,69.52,-2.05,-6.16,2.04,17.66
1063.49,0,,69.69,17.69,1,0,69.81,-1.98,-6.12,2.15,17.69
1063.59,0,,69.74,17.69,1,0,70.06,-1.93,-6.14,2.18,17.76
1063.67,0,,69.83,17.72,1,0,69.65,-1.97,-6.11,2.17,17.69
1063.82,0,,69.80,17.71,0,1,69.53,-2.04,-6.13,2.08,17.64
1063.88,0,,69.73,17.69,0,1,69.99,-2.03,-6.21,2.01,17.73
1063.97,0,,69.72,17.68,1,0,69.52,-2.05,-6.12,2.08,17.62
1064.09,0,,69.72,17.67,1,0,69.86,-1.98,-6.10,2.17,17.67
1064.18,0,,69.72,17.68,1,0,69.64,-1.97,-6.18,2.10,17.76
1064.33,0,,69.75,17.69,1,0,69.98,-2.08,-6.13,2.04,17.60
1064.39,0,,69.83,17.68,1,0,69.96,-2.03,-6.13,2.09,17.65
1064.51,0,,69.88,17.66,1,0,69.64,-1.99,-6.17,2.09,17.73
1064.57,0,,69.79,17.68,1,0,69.49,-2.01,-6.12,2.12,17.66
1064.69,0,,69.67,17.69,1,0,69.82,-2.03,-6.15,2.07,17.67
1064.82,0,,69.67,17.69,1,0,69.76,-2.05,-6.21,1.99,17.71
1064.87,0,,69.78,17.70,1,0,70.23,-2.03,-6.19,2.03,17.71
1064.99,0,,69.94,17.71,1,0,69.84,-1.97,-6.17,2.11,17.75
1065.09,0,,69.95,17.73,0,1,69.62,-1.98,-6.16,2.11,17.73
1065.17,0,,69.86,17.72,0,1,69.99,-2.11,-6.13,2.01,17.57
1065.32,0,,69.84,17.67,0,1,69.87,-2.09,-6.15,2.01,17.61
1065.38,0,,69.86,17.63,0,1,69.82,-2.02,-6.17,2.06,17.70
1065.47,0,,69.86,17.64,0,1,69.90,-2.01,-6.10,2.14,17.64
1065.59,0,,69.84,17.66,0,1,69.65,-1.99,-6.15,2.11,17.71
1065.71,0,,69.80,17.69,0,1,69.91,-2.02,-6.22,2.01,17.75
1065.84,0,,69.78,17.71,0,1,69.65,-2.06,-6.14,2.05,17.63
1065.89,0,,69.72,17.69,1,0,69.53,-2.02,-6.11,2.12,17.64
1066.01,0,,69.68,17.66,1,0,69.94,-1.98,-6.10,2.17,17.67
1066.07,0,,69.67,17.66,2,-1,69.39,-1.98,-6.12,2.15,17.69
1066.19,0,,69.66,17.68,2,-1,69.90,-2.01,-6.17,2.07,17.71
1066.31,0,,69.67,17.69,1,0,69.53,-2.05,-6.15,2.05,17.65
1066.37,0,,69.64,17.68,1,0,69.45,-2.06,-6.15,2.04,17.64
1066.58,0,,69.65,17.67,2,-1,70.29,-2.02,-6.15,2.08,17.68
1066.58,0,,69.85,17.66,1,0,70.10,-2.03,-6.13,2.09,17.65
1066.67,0,,70.03,17.66,1,0,69.83,-2.08,-6.19,1.98,17.66
1066.82,0,,70.03,17.66,0,2,69.97,-2.11,-6.18,1.96,17.62
1066.88,0,,69.95,17.64,0,2,69.72,-2.09,-6.11,2.05,17.57
1066.97,0,,69.85,17.61,0,2,69.80,-2.09,-6.13,2.03,17.59
1067.10,0,,69.79,17.58,0,1,69.81,-2.16,-6.12,1.97,17.51
1067.18,0,,69.78,17.54,0,1,69.81,-2.20,-6.09,1.96,17.44
1067.33,0,,69.80,17.50,0,1,69.88,-2.16,-6.16,1.93,17.55
1067.40,0,,69.89,17.51,1,0,70.22,-2.13,-6.16,1.96,17.58
1067.48,0,,69.94,17.54,1,0,69.46,-2.17,-6.17,1.91,17.55
1067.57,0,,69.89,17.56,1,0,70.14,-2.23,-6.21,1.81,17.53
1067.69,0,,69.90,17.55,1,0,70.00,-2.24,-6.19,1.82,17.50
1067.81,0,,69.93,17.52,1,0,69.64,-2.24,-6.17,1.84,17.48
1067.87,0,,69.84,17.50,1,0,69.74,-2.22,-6.17,1.86,17.50
1067.99,0,,69.74,17.50,1,0,69.67,-2.22,-6.19,1.84,17.52
1068.08,0,,69.69,17.50,2,-1,69.69,-2.29,-6.18,1.78,17.44
1068.17,0,,69.66,17.48,2,-1,69.60,-2.30,-6.18,1.77,17.43
1068.32,0,,69.65,17.46,2,-1,69.73,-2.21,-6.19,1.85,17.53
1068.38,0,,69.70,17.48,1,0,69.98,-2.22,-6.18,1.85,17.51
1068.47,0,,69.82,17.50,1,0,69.88,-2.29,-6.21,1.75,17.47
1068.62,0,,69.88,17.49,1,0,69.78,-2.31,-6.20,1.74,17.44
1068.68,0,,69.84,17.46,1,0,69.62,-2.34,-6.16,1.75,17.37
1068.83,0,,69.77,17.43,1,0,69.95,-2.26,-6.19,1.80,17.48
1068.89,0,,69.75,17.45,1,0,69.56,-2.21,-6.22,1.82,17.56
1068.99,0,,69.76,17.49,1,0,70.07,-2.32,-6.23,1.70,17.46
1069.07,0,,69.89,17.50,1,0,70.32,-2.29,-6.21,1.75,17.47
1069.19,0,,70.11,17.50,0,1,70.27,-2.23,-6.21,1.81,17.53
1069.31,0,,70.26,17.52,0,2,70.28,-2.19,-6.24,1.82,17.60
1069.37,0,,70.30,17.56,0,2,70.16,-2.17,-6.23,1.85,17.61
1069.49,0,,70.22,17.57,0,2,69.96,-2.34,-6.19,1.72,17.40
1069.58,0,,70.03,17.50,0,2,69.50,-2.41,-6.20,1.64,17.34
1069.67,0,,69.80,17.42,0,1,69.80,-2.32,-6.19,1.74,17.42
1069.82,0,,69.70,17.39,0,1,69.83,-2.28,-6.16,1.81,17.43
1069.88,0,,69.70,17.40,2,-1,69.56,-2.31,-6.20,1.74,17.44
1070.06,0,,69.71,17.41,4,-2,69.93,-2.38,-6.19,1.68,17.36
1070.10,0,,69.72,17.39,4,-2,69.44,-2.41,-6.17,1.67,17.31
1070.18,0,,69.74,17.37,4,-2,70.24,-2.33,-6.19,1.73,17.41
1070.33,0,,69.89,17.38,4,-2,70.13,-2.25,-6.17,1.83,17.47
1070.39,0,,70.04,17.42,2,-1,69.92,-2.29,-6.21,1.75,17.47
1070.48,0,,69.97,17.45,0,1,69.32,-2.40,-6.21,1.64,17.36
1070.57,0,,69.72,17.43,1,0,69.55,-2.38,-6.18,1.69,17.35
1070.69,0,,69.57,17.40,1,0,69.87,-2.31,-6.18,1.76,17.42
1070.81,0,,69.64,17.39,1,0,69.79,-2.32,-6.18,1.75,17.41
1070.87,0,,69.76,17.41,1,0,69.90,-2.34,-6.21,1.70,17.42
1071.00,0,,69.89,17.41,1,0,70.18,-2.39,-6.21,1.65,17.37
1071.08,0,,70.04,17.40,1,0,70.17,-2.35,-6.21,1.69,17.41
1071.17,0,,70.10,17.42,1,0,69.77,-2.23,-6.22,1.80,17.54
1071.33,0,,69.98,17.47,0,1,69.68,-2.28,-6.20,1.77,17.47
1071.38,0,,69.84,17.48,0,1,70.00,-2.37,-6.16,1.72,17.34
1071.47,0,,69.79,17.43,1,0,69.55,-2.36,-6.16,1.73,17.35
1071.59,0,,69.72,17.38,0,1,69.67,-2.33,-6.18,1.74,17.40
1071.68,0,,69.73,17.38,1,0,70.20,-2.26,-6.16,1.83,17.45
1071.83,0,,69.83,17.41,2,-1,69.60,-2.31,-6.19,1.75,17.43
1071.89,0,,69.81,17.43,2,-1,69.59,-2.38,-6.21,1.66,17.38
1071.98,0,,69.73,17.42,2,-1,69.88,-2.33,-6.20,1.72,17.42
1072.07,0,,69.71,17.42,2,-1,69.60,-2.27,-6.23,1.75,17.51
1072.19,0,,69.70,17.45,1,0,69.68,-2.32,-6.20,1.73,17.43
1072.31,0,,69.71,17.45,1,0,69.94,-2.33,-6.17,1.75,17.39
1072.38,0,,69.77,17.43,1,0,69.74,-2.33,-6.21,1.71,17.43
1072.50,0,,69.84,17.42,1,0,70.02,-2.36,-6.21,1.68,17.40
1072.58,0,,69.87,17.41,1,0,69.73,-2.34,-6.18,1.73,17.39
1072.67,0,,69.86,17.40,1,0,69.82,-2.36,-6.19,1.70,17.38
1072.85,0,,69.82,17.39,1,0,69.80,-2.39,-6.22,1.64,17.38
1072.89,0,,69.84,17.39,0,1,70.13,-2.37,-6.21,1.67,17.39
1073.01,0,,69.95,17.38,0,1,70.08,-2.39,-6.17,1.69,17.33
1073.09,0,,69.95,17.37,0,1,69.30,-2.39,-6.17,1.69,17.33
1073.18,0,,69.82,17.35,0,1,70.09,-2.40,-6.20,1.65,17.35
1073.33,0,,69.75,17.34,1,0,69.58,-2.45,-6.22,1.58,17.32
1073.42,0,,69.72,17.32,1,0,69.64,-2.50,-6.17,1.58,17.22
1073.48,0,,69.66,17.29,1,0,69.62,-2.42,-6.16,1.67,17.29
1073.57,0,,69.58,17.27,1,0,69.26,-2.35,-6.13,1.77,17.33
1073.72,0,,69.49,17.27,4,-2,69.69,-2.46,-6.07,1.72,17.16
1073.81,0,,69.55,17.25,4,-2,69.92,-2.46,-6.20,1.59,17.29
1073.87,0,,69.72,17.27,4,-2,69.84,-2.39,-6.25,1.61,17.41
1073.99,0,,69.83,17.32,2,-1,69.80,-2.42,-6.17,1.66,17.30
1074.08,0,,69.82,17.33,2,-1,69.51,-2.46,-6.16,1.63,17.25
1074.17,0,,69.64,17.30,1,0,69.15,-2.49,-6.19,1.57,17.25
1074.32,0,,69.47,17.27,1,0,69.82,-2.46,-6.21,1.58,17.30
1074.38,0,,69.53,17.28,1,0,69.93,-2.40,-6.17,1.68,17.32
1074.59,0,,69.72,17.30,1,0,69.75,-2.36,-6.14,1.75,17.33
1074.59,0,,69.80,17.33,0,1,69.66,-2.36,-6.15,1.74,17.34
1074.68,0,,69.78,17.35,0,1,69.83,-2.37,-6.18,1.70,17.36
1074.83,0,,69.72,17.37,1,0,69.41,-2.35,-6.20,1.70,17.40
1074.89,0,,69.66,17.39,1,0,69.89,-2.29,-6.16,1.80,17.42
1074.98,0,,69.70,17.42,1,0,69.87,-2.20,-6.15,1.90,17.50
1075.07,0,,69.76,17.46,1,0,69.59,-2.24,-6.16,1.85,17.47
1075.19,0,,69.70,17.47,1,0,69.40,-2.36,-6.16,1.73,17.35
1075.31,0,,69.57,17.42,2,-1,69.54,-2.32,-6.13,1.80,17.36
1075.37,0,,69.60,17.39,2,-1,70.31,-2.23,-6.13,1.89,17.45
1075.49,0,,69.79,17.40,2,-1,69.65,-2.24,-6.16,1.85,17.47
1075.58,0,,69.91,17.43,1,0,70.03,-2.32,-6.13,1.80,17.36
1075.67,0,,69.91,17.41,1,0,69.70,-2.33,-6.15,1.77,17.37
1075.82,0,,69.89,17.40,0,1,70.06,-2.28,-6.17,1.80,17.44
1075.88,0,,69.89,17.42,0,1,69.72,-2.20,-6.15,1.90,17.50
1075.97,0,,69.84,17.46,0,1,69.67,-2.23,-6.16,1.86,17.48
1076.09,0,,69.77,17.47,0,1,69.89,-2.29,-6.16,1.80,17.42
1076.18,0,,69.75,17.46,0,1,69.64,-2.28,-6.16,1.81,17.43
1076.33,0,,69.77,17.44,0,1,69.97,-2.28,-6.17,1.80,17.44
1076.39,0,,69.83,17.44,0,1,69.95,-2.22,-6.14,1.89,17.47
1076.48,0,,69.90,17.45,0,1,69.84,-2.26,-6.10,1.89,17.39
1076.57,0,,69.92,17.44,0,1,70.01,-2.29,-6.18,1.78,17.44
1076.70,0,,69.96,17.44,0,1,70.04,-2.24,-6.20,1.81,17.51
1076.81,0,,69.99,17.46,0,1,69.95,-2.27,-6.14,1.84,17.42
1076.87,0,,69.99,17.47,0,1,69.95,-2.20,-6.17,1.88,17.52
1077.08,0,,69.94,17.48,0,1,69.68,-2.24,-6.14,1.87,17.45
1077.09,0,,69.84,17.47,0,1,69.83,-2.32,-6.14,1.79,17.37
1077.17,0,,69.82,17.44,0,1,70.03,-2.23,-6.20,1.82,17.52
1077.32,0,,69.86,17.46,0,1,69.73,-2.19,-6.18,1.88,17.54
1077.38,0,,69.89,17.50,0,1,70.10,-2.24,-6.14,1.87,17.45
1077.47,0,,69.95,17.49,0,1,69.99,-2.27,-6.15,1.83,17.43
1077.59,0,,69.99,17.46,0,1,69.91,-2.30,-6.17,1.78,17.42
1077.68,0,,69.96,17.43,0,1,69.82,-2.31,-6.13,1.81,17.37
1077.83,0,,69.93,17.40,0,1,70.16,-2.29,-6.11,1.85,17.37
1077.90,0,,69.97,17.38,0,1,69.91,-2.32,-6.14,1.79,17.37
1077.98,0,,69.98,17.37,0,1,69.92,-2.35,-6.17,1.73,17.37
1078.07,0,,69.95,17.37,0,1,69.93,-2.36,-6.13,1.76,17.32
1078.23,0,,69.90,17.35,0,1,69.73,-2.37,-6.13,1.75,17.31
1078.31,0,,69.79,17.34,1,0,69.48,-2.32,-6.16,1.77,17.39
1078.37,0,,69.68,17.35,1,0,69.86,-2.36,-6.15,1.74,17.34
1078.50,0,,69.66,17.35,1,0,69.57,-2.45,-6.16,1.64,17.26
1078.58,0,,69.66,17.32,2,-1,69.67,-2.43,-6.17,1.65,17.29
1078.67,0,,69.70,17.30,4,-2,70.03,-2.37,-6.17,1.71,17.35
1078.82,0,,69.80,17.32,2,-1,69.75,-2.38,-6.18,1.69,17.35
1078.88,0,,69.83,17.32,2,-1,69.66,-2.48,-6.16,1.61,17.23
1078.97,0,,69.72,17.29,2,-1,69.36,-2.49,-6.16,1.60,17.22
1079.09,0,,69.64,17.26,2,-1,70.07,-2.41,-6.18,1.66,17.32
1079.18,0,,69.74,17.28,2,-1,70.00,-2.36,-6.17,1.72,17.36
1079.33,0,,69.90,17.33,2,-1,69.88,-2.36,-6.21,1.68,17.40
1079.39,0,,69.97,17.38,0,1,70.03,-2.39,-6.26,1.60,17.42
1079.48,0,,70.01,17.41,0,1,70.11,-2.40,-6.20,1.65,17.35
1079.57,0,,70.03,17.39,0,1,69.84,-2.38,-6.13,1.74,17.30
1079.69,0,,69.93,17.36,0,1,69.57,-2.32,-6.12,1.81,17.35
1079.81,0,,69.77,17.33,0,1,69.73,-2.38,-6.11,1.76,17.28
1079.87,0,,69.71,17.31,0,1,69.93,-2.46,-6.17,1.62,17.26
1080.00,0,,69.72,17.29,1,0,69.43,-2.37,-6.17,1.71,17.35
1080.08,0,,69.69,17.31,1,0,69.82,-2.30,-6.13,1.82,17.38
1080.17,0,,69.70,17.35,1,0,69.82,-2.31,-6.15,1.79,17.39
1080.32,0,,69.79,17.38,4,-2,69.99,-2.33,-6.15,1.77,17.37
1080.38,0,,69.86,17.39,2,-1,69.74,-2.35,-6.16,1.74,17.36
1080.47,0,,69.91,17.38,2,-1,70.19,-2.32,-6.17,1.76,17.40
1080.59,0,,69.97,17.40,0,1,69.85,-2.22,-6.14,1.89,17.47
1080.68,0,,69.95,17.43,0,1,69.73,-2.24,-6.14,1.87,17.45
1080.83,0,,69.81,17.44,0,1,69.49,-2.34,-6.16,1.75,17.37
1080.90,0,,69.69,17.44,1,0,69.86,-2.23,-6.16,1.86,17.48
1080.98,0,,69.73,17.46,1,0,70.12,-2.12,-6.16,1.97,17.59
1081.08,0,,69.86,17.52,1,0,69.75,-2.10,-6.12,2.03,17.57
1081.19,0,,69.98,17.57,1,0,70.42,-2.09,-6.09,2.07,17.55
1081.31,0,,70.10,17.58,0,1,70.04,-2.15,-6.17,1.93,17.57
1081.37,0,,70.13,17.57,0,1,69.84,-2.21,-6.17,1.87,17.51
1081.49,0,,70.07,17.54,0,1,70.26,-2.14,-6.07,2.04,17.48
1081.58,0,,70.11,17.53,0,1,70.35,-1.97,-6.04,2.24,17.62
1081.67,0,,70.22,17.57,0,1,70.27,-1.87,-6.03,2.35,17.71
1081.82,0,,70.26,17.65,0,1,70.06,-1.71,-5.94,2.60,17.78
1081.88,0,,70.23,17.76,0,2,70.35,-1.41,-5.83,3.01,17.97
1081.97,0,,70.18,17.88,0,1,69.85,-1.28,-5.76,3.21,18.03
1082.12,0,,70.07,17.96,0,1,69.94,-1.55,-5.79,2.91,17.79
1082.18,0,,69.97,17.89,0,1,69.96,-1.92,-5.94,2.39,17.57
1082.33,0,,69.87,17.71,0,1,69.47,-2.20,-6.05,2.00,17.40
1082.39,0,,69.80,17.51,4,-2,70.29,-2.37,-6.11,1.77,17.29
1082.48,0,,69.90,17.38,4,-2,70.02,-2.13,-6.06,2.06,17.48
1082.57,0,,69.98,17.39,4,-2,69.74,-1.87,-5.92,2.46,17.60
1082.70,0,,69.99,17.47,4,-2,70.28,-2.00,-5.89,2.36,17.44
1082.81,0,,70.05,17.50,2,-1,70.15,-2.05,-5.97,2.23,17.47
1082.88,0,,70.07,17.49,1,0,69.66,-2.07,-5.96,2.22,17.44
1082.99,0,,69.96,17.46,1,0,69.89,-2.13,-5.98,2.14,17.40
1083.09,0,,69.86,17.42,1,0,69.91,-2.22,-6.06,1.97,17.39
1083.18,0,,69.89,17.37,1,0,70.18,-2.44,-6.08,1.73,17.19
1083.32,0,,69.94,17.29,1,0,69.63,-2.40,-6.02,1.83,17.17
1083.38,0,,69.87,17.22,1,0,69.65,-2.21,-5.97,2.07,17.31
1083.47,0,,69.73,17.23,2,-1,69.66,-2.23,-5.97,2.05,17.29
1083.59,0,,69.72,17.27,2,-1,70.19,-2.29,-6.01,1.95,17.27
1083.68,0,,69.89,17.29,2,-1,70.09,-2.33,-6.06,1.86,17.28
1083.83,0,,70.00,17.27,2,-1,69.69,-2.47,-6.05,1.73,17.13
1083.89,0,,69.85,17.19,2,-1,69.17,-2.54,-6.00,1.71,17.01
1083.98,0,,69.68,17.10,1,0,70.35,-2.47,-5.98,1.80,17.06
1084.08,0,,69.73,17.05,2,-1,69.60,-2.52,-6.01,1.72,17.04
1084.19,0,,69.78,17.04,2,-1,69.66,-2.59,-6.10,1.56,17.06
1084.31,0,,69.77,17.04,2,-1,70.04,-2.63,-6.12,1.50,17.04
1084.37,0,,69.83,17.03,2,-1,69.81,-2.68,-6.07,1.50,16.94
1084.51,0,,69.87,17.00,2,-1,69.82,-2.69,-6.09,1.47,16.95
1084.58,0,,69.79,16.96,2,-1,69.36,-2.75,-6.10,1.40,16.90
1084.67,0,,69.61,16.91,2,-1,69.38,-2.85,-6.06,1.34,16.76
1084.82,0,,69.45,16.84,2,-1,69.51,-2.85,-6.09,1.31,16.79
1084.88,0,,69.45,16.80,2,-1,69.70,-2.83,-6.14,1.28,16.86
1084.97,0,,69.56,16.79,2,-1,69.74,-2.95,-6.10,1.20,16.70
1085.10,0,,69.66,16.76,2,-1,69.56,-3.01,-6.15,1.09,16.69
1085.18,0,,69.65,16.74,2,-1,69.50,-2.92,-6.19,1.14,16.82
1085.33,0,,69.59,16.74,2,-1,69.60,-2.95,-6.11,1.19,16.71
1085.39,0,,69.55,16.73,2,-1,69.48,-3.02,-6.10,1.13,16.63
1085.48,0,,69.57,16.70,2,-1,69.89,-3.00,-6.16,1.09,16.71
1085.57,0,,69.66,16.69,2,-1,69.64,-3.02,-6.18,1.05,16.71
1085.69,0,,69.70,16.70,2,-1,69.60,-3.04,-6.16,1.05,16.67
1085.81,0,,69.66,16.71,0,1,69.58,-2.94,-6.16,1.15,16.77
1085.87,0,,69.61,16.73,1,0,69.57,-2.99,-6.16,1.10,16.72
1085.99,0,,69.56,16.72,1,0,69.45,-3.11,-6.14,1.00,16.58
1086.09,0,,69.43,16.68,2,-1,68.87,-3.06,-6.18,1.01,16.67
1086.17,0,,69.33,16.65,2,-1,70.00,-3.02,-6.16,1.07,16.69
1086.32,0,,69.47,16.66,2,-1,69.72,-2.99,-6.13,1.13,16.69
1086.38,0,,69.68,16.68,2,-1,69.74,-3.04,-6.18,1.03,16.69
1086.47,0,,69.75,16.68,2,-1,69.66,-3.13,-6.17,0.95,16.59
1086.60,0,,69.73,16.66,2,-1,69.66,-3.09,-6.17,0.99,16.63
1086.68,0,,69.74,16.64,2,-1,70.02,-3.05,-6.18,1.02,16.68
1086.84,0,,69.79,16.64,0,1,69.61,-3.11,-6.15,0.99,16.59
1086.90,0,,69.75,16.62,0,2,69.51,-3.20,-6.16,0.89,16.51
1086.98,0,,69.66,16.56,0,2,69.77,-3.24,-6.16,0.85,16.47
1087.07,0,,69.62,16.51,0,1,69.46,-3.20,-6.13,0.92,16.48
1087.19,0,,69.55,16.50,1,0,69.33,-3.13,-6.15,0.97,16.57
1087.31,0,,69.48,16.53,1,0,69.68,-3.14,-6.19,0.92,16.60
1087.37,0,,69.44,16.56,1,0,69.07,-3.24,-6.14,0.87,16.45
1087.58,0,,69.36,16.53,4,-2,69.45,-3.23,-6.14,0.88,16.46
1087.59,0,,69.33,16.51,4,-2,69.39,-3.17,-6.22,0.86,16.60
1087.67,0,,69.36,16.52,4,-2,69.36,-3.22,-6.15,0.88,16.48
1087.82,0,,69.36,16.51,4,-2,69.31,-3.29,-6.14,0.82,16.40
1087.88,0,,69.31,16.47,4,-2,69.04,-3.29,-6.25,0.71,16.51
1087.97,0,,69.19,16.46,4,-2,69.02,-3.34,-6.18,0.73,16.39
1088.09,0,,69.08,16.43,4,-2,69.10,-3.33,-6.15,0.77,16.37
1088.18,0,,69.08,16.40,4,-2,69.32,-3.34,-6.20,0.71,16.41
1088.33,0,,69.17,16.37,2,-1,69.29,-3.48,-6.15,0.62,16.22
1088.40,0,,69.27,16.30,2,-1,69.33,-3.52,-6.16,0.57,16.19
1088.51,0,,69.36,16.24,2,-1,69.66,-3.50,-6.19,0.56,16.24
1088.63,0,,69.42,16.22,1,0,69.06,-3.49,-6.17,0.59,16.23
1088.69,0,,69.36,16.22,0,1,69.34,-3.55,-6.17,0.53,16.17
1088.81,0,,69.31,16.20,0,1,69.40,-3.60,-6.18,0.47,16.13
1088.87,0,,69.28,16.17,0,1,69.02,-3.59,-6.20,0.46,16.16
1088.99,0,,69.23,16.16,0,1,69.31,-3.58,-6.22,0.45,16.19
1089.08,0,,69.25,16.17,0,1,69.58,-3.56,-6.21,0.48,16.20
1089.17,0,,69.36,16.18,1,0,69.34,-3.66,-6.19,0.40,16.08
1089.32,0,,69.42,16.14,1,0,69.39,-3.70,-6.22,0.33,16.07
1089.38,0,,69.39,16.12,1,0,69.24,-3.61,-6.28,0.36,16.22
1089.47,0,,69.28,16.13,1,0,68.90,-3.63,-6.20,0.42,16.12
1089.59,0,,69.13,16.13,1,0,69.17,-3.67,-6.14,0.44,16.02
1089.68,0,,69.09,16.09,1,0,69.26,-3.72,-6.18,0.35,16.01
1089.83,0,,69.19,16.03,2,-1,69.54,-3.75,-6.14,0.36,15.94
1089.89,0,,69.33,15.98,2,-1,69.27,-3.71,-6.16,0.38,16.00
1089.98,0,,69.37,15.98,2,-1,69.27,-3.67,-6.19,0.39,16.07
1090.07,0,,69.35,16.02,1,0,69.41,-3.68,-6.15,0.42,16.02
1090.22,0,,69.33,16.03,1,0,69.24,-3.74,-6.16,0.35,15.97
1090.31,0,,69.28,16.02,1,0,69.11,-3.75,-6.19,0.31,15.99
1090.37,0,,69.22,16.01,1,0,69.31,-3.70,-6.19,0.36,16.04
1090.58,0,,69.19,16.02,1,0,69.03,-3.72,-6.18,0.35,16.01
1090.58,0,,69.14,16.02,1,0,69.09,-3.80,-6.19,0.26,15.94
1090.67,0,,69.13,16.00,1,0,69.37,-3.79,-6.23,0.23,15.99
1090.82,0,,69.14,15.99,2,-1,68.77,-3.79,-6.26,0.20,16.02
1090.88,0,,69.09,16.00,2,-1,69.29,-3.78,-6.20,0.27,15.97
1090.97,0,,69.12,15.99,2,-1,69.33,-3.76,-6.18,0.31,15.97
1091.10,0,,69.20,15.98,1,0,69.07,-3.85,-6.23,0.17,15.93
1091.18,0,,69.22,15.96,1,0,69.28,-3.88,-6.25,0.12,15.92
1091.33,0,,69.21,15.93,2,-1,69.13,-3.84,-6.21,0.20,15.92
1091.40,0,,69.22,15.92,2,-1,69.39,-3.86,-6.17,0.22,15.86
1091.48,0,,69.24,15.88,2,-1,69.07,-3.89,-6.12,0.24,15.78
1091.57,0,,69.17,15.83,1,0,68.90,-3.94,-6.14,0.17,15.75
1091.70,0,,69.04,15.79,1,0,68.90,-3.94,-6.20,0.11,15.81
1091.81,0,,68.97,15.80,1,0,69.19,-3.85,-6.22,0.18,15.92
1091.88,0,,69.04,15.85,1,0,69.28,-3.84,-6.22,0.19,15.93
1091.99,0,,69.16,15.89,1,0,69.18,-3.92,-6.19,0.14,15.82
1092.08,0,,69.18,15.87,1,0,68.88,-3.97,-6.17,0.11,15.75
1092.20,0,,69.09,15.82,2,-1,69.08,-3.94,-6.19,0.12,15.80
1092.32,0,,69.00,15.80,2,-1,68.79,-3.86,-6.17,0.22,15.86
1092.38,0,,68.92,15.82,1,0,68.96,-3.87,-6.21,0.17,15.89
1092.47,0,,68.91,15.85,2,-1,69.08,-3.97,-6.21,0.07,15.79
1092.59,0,,68.99,15.84,2,-1,69.15,-3.96,-6.17,0.12,15.76
1092.69,0,,69.12,15.82,2,-1,69.43,-3.83,-6.20,0.22,15.92
1092.83,0,,69.29,15.85,2,-1,69.47,-3.80,-6.13,0.32,15.88
1092.90,0,,69.34,15.87,0,1,68.79,-3.87,-6.09,0.29,15.77
1092.98,0,,69.18,15.84,0,1,69.04,-3.92,-6.15,0.18,15.78
1093.07,0,,69.02,15.81,0,1,68.91,-3.88,-6.16,0.21,15.83
1093.19,0,,68.97,15.82,1,0,69.21,-3.81,-6.17,0.27,15.91
1093.31,0,,69.07,15.86,1,0,69.43,-3.78,-6.14,0.33,15.91
1093.38,0,,69.27,15.89,1,0,69.51,-3.79,-6.09,0.37,15.85
1093.58,0,,69.40,15.90,1,0,69.24,-3.79,-6.13,0.33,15.89
1093.59,0,,69.43,15.89,1,0,69.51,-3.77,-6.11,0.37,15.89
1093.67,0,,69.42,15.89,1,0,69.36,-3.74,-6.05,0.46,15.86
1093.82,0,,69.39,15.88,0,1,69.25,-3.76,-6.11,0.38,15.90
1093.91,0,,69.33,15.88,0,1,69.25,-3.80,-6.13,0.32,15.88
1093.97,0,,69.22,15.86,0,1,68.91,-3.89,-6.01,0.35,15.67
1094.09,0,,69.14,15.78,0,1,69.44,-3.93,-6.04,0.28,15.66
1094.18,0,,69.16,15.73,0,1,69.08,-3.82,-6.12,0.31,15.85
1094.30,0,,69.21,15.74,2,-1,69.44,-3.85,-6.07,0.33,15.77
1094.39,0,,69.28,15.76,2,-1,69.28,-3.98,-6.05,0.22,15.62
1094.49,0,,69.35,15.71,0,1,69.55,-3.95,-6.06,0.24,15.66
1094.57,0,,69.42,15.68,0,1,69.37,-3.88,-6.07,0.30,15.74
1094.69,0,,69.43,15.70,0,1,69.37,-3.83,-6.11,0.31,15.83
1094.82,0,,69.37,15.75,0,1,69.09,-3.89,-6.08,0.28,15.74
1094.88,0,,69.26,15.76,0,1,69.21,-3.95,-6.01,0.29,15.61
1094.99,0,,69.21,15.71,0,1,69.42,-3.83,-5.99,0.43,15.71
1095.08,0,,69.21,15.70,0,1,68.85,-3.76,-5.99,0.50,15.78
1095.18,0,,69.14,15.72,0,1,69.26,-3.83,-5.97,0.45,15.69
1095.32,0,,69.12,15.73,2,-1,69.13,-3.86,-6.01,0.38,15.70
1095.38,0,,69.22,15.72,2,-1,69.79,-3.86,-6.06,0.33,15.75
1095.50,0,,69.36,15.72,2,-1,69.06,-3.87,-6.01,0.37,15.69
1095.59,0,,69.41,15.72,1,0,69.64,-3.84,-5.97,0.44,15.68
1095.68,0,,69.42,15.71,1,0,69.26,-3.83,-6.01,0.41,15.73
1095.80,0,,69.37,15.70,1,0,69.11,-3.91,-6.02,0.32,15.66
1095.89,0,,69.21,15.68,1,0,68.91,-3.95,-5.99,0.31,15.59
1095.98,0,,69.06,15.65,1,0,69.12,-3.88,-5.99,0.38,15.66
1096.07,0,,69.01,15.64,1,0,69.05,-3.85,-5.98,0.42,15.68
1096.19,0,,69.00,15.66,1,0,68.88,-3.94,-6.02,0.29,15.63
1096.31,0,,68.99,15.65,1,0,69.10,-3.99,-6.06,0.20,15.62
1096.37,0,,69.06,15.63,2,-1,69.44,-4.07,-6.07,0.11,15.55
1096.49,0,,69.18,15.58,2,-1,69.06,-4.25,-6.18,-0.18,15.48
1096.58,0,,69.22,15.53,2,-1,69.20,-4.35,-6.30,-0.40,15.50
1096.70,0,,69.21,15.49,2,-1,69.29,-4.40,-6.25,-0.40,15.40
1096.82,0,,69.21,15.44,2,-1,69.02,-4.42,-6.25,-0.42,15.38
1096.88,0,,69.19,15.41,1,0,69.41,-4.41,-6.26,-0.42,15.40
1096.97,0,,69.24,15.39,1,0,69.29,-4.40,-6.21,-0.36,15.36
1097.09,0,,69.33,15.39,0,1,69.60,-4.41,-6.27,-0.43,15.41
1097.19,0,,69.39,15.39,0,1,69.07,-4.46,-6.29,-0.50,15.38
1097.30,0,,69.32,15.38,0,1,69.16,-4.46,-6.23,-0.44,15.32
1097.43,0,,69.12,15.36,0,1,68.55,-4.44,-6.24,-0.43,15.35
1097.48,0,,68.95,15.35,1,0,69.35,-4.46,-6.24,-0.45,15.33
1097.57,0,,68.99,15.33,1,0,69.17,-4.49,-6.23,-0.47,15.29
1097.69,0,,69.09,15.31,1,0,68.98,-4.50,-6.24,-0.49,15.29
1097.81,0,,69.07,15.30,2,-1,68.87,-4.50,-6.24,-0.49,15.29
1097.87,0,,68.99,15.30,4,-2,69.02,-4.39,-6.22,-0.36,15.38
1097.99,0,,68.98,15.33,4,-2,69.16,-4.39,-6.18,-0.32,15.34
1098.08,0,,69.02,15.33,4,-2,68.86,-4.49,-6.18,-0.42,15.24
1098.17,0,,68.96,15.31,2,-1,68.73,-4.45,-6.19,-0.39,15.29
1098.32,0,,68.92,15.29,2,-1,69.33,-4.40,-6.19,-0.34,15.34
1098.38,0,,68.99,15.31,2,-1,68.88,-4.40,-6.20,-0.35,15.35
1098.47,0,,69.06,15.33,2,-1,69.27,-4.44,-6.19,-0.38,15.30
1098.59,0,,69.15,15.33,1,0,69.37,-4.48,-6.20,-0.43,15.27
1098.68,0,,69.24,15.31,0,1,69.05,-4.43,-6.20,-0.38,15.32
1098.81,0,,69.22,15.32,0,1,69.17,-4.32,-6.17,-0.24,15.40
1098.89,0,,69.16,15.36,0,1,69.04,-4.26,-6.16,-0.17,15.45
1098.98,0,,69.08,15.40,0,1,68.92,-4.37,-6.12,-0.24,15.30
1099.07,0,,68.99,15.37,0,1,68.95,-4.42,-6.14,-0.31,15.27
1099.19,0,,68.97,15.33,1,0,69.12,-4.35,-6.18,-0.28,15.38
1099.31,0,,68.98,15.33,1,0,68.83,-4.30,-6.14,-0.19,15.39
1099.37,0,,69.01,15.36,2,-1,69.37,-4.32,-6.12,-0.19,15.35
1099.49,0,,69.10,15.37,2,-1,69.10,-4.36,-6.16,-0.27,15.35
1099.58,0,,69.15,15.36,2,-1,68.97,-4.36,-6.14,-0.25,15.33
1099.68,0,,69.16,15.34,2,-1,69.52,-4.38,-6.08,-0.21,15.25
1099.82,0,,69.20,15.30,0,1,68.91,-4.37,-6.10,-0.22,15.28
1099.88,0,,69.14,15.29,0,1,68.94,-4.36,-6.16,-0.27,15.35
1099.97,0,,69.03,15.31,0,1,69.07,-4.39,-6.16,-0.30,15.32
1100.09,0,,68.96,15.32,1,0,68.70,-4.41,-6.12,-0.28,15.26
1100.19,0,,68.90,15.30,1,0,69.03,-4.41,-6.07,-0.23,15.21
1100.40,0,,68.92,15.26,1,0,69.15,-4.36,-6.08,-0.19,15.27
1100.40,0,,68.92,15.26,1,0,69.15,-4.36,-6.08,-0.19,15.27
1100.48,0,,69.10,15.26,1,0,69.54,-4.46,-6.11,-0.32,15.20
1100.57,0,,69.23,15.24,1,0,69.19,-4.43,-6.12,-0.30,15.24
1100.70,0,,69.28,15.25,1,0,69.10,-4.35,-6.16,-0.26,15.36
1100.81,0,,69.22,15.30,1,0,69.15,-4.36,-6.18,-0.29,15.37
1100.87,0,,69.17,15.33,1,0,69.23,-4.45,-6.10,-0.30,15.20
1100.99,0,,69.19,15.29,1,0,69.28,-4.49,-6.10,-0.34,15.16
1101.08,0,,69.21,15.23,1,0,69.10,-4.45,-6.14,-0.34,15.24
1101.17,0,,69.21,15.21,0,1,69.30,-4.42,-6.14,-0.31,15.27
1101.32,0,,69.23,15.23,0,1,69.32,-4.45,-6.12,-0.32,15.22
1101.38,0,,69.22,15.23,1,0,68.83,-4.51,-6.08,-0.34,15.12
1101.47,0,,69.13,15.18,1,0,69.28,-4.52,-6.07,-0.34,15.10
1101.60,0,,69.08,15.14,1,0,68.95,-4.49,-6.11,-0.35,15.17
1101.68,0,,69.10,15.14,1,0,69.36,-4.47,-6.11,-0.33,15.19
1101.80,0,,69.17,15.16,2,-1,69.26,-4.49,-6.14,-0.38,15.20
1101.90,0,,69.22,15.18,1,0,68.99,-4.55,-6.15,-0.45,15.15
1101.98,0,,69.17,15.17,1,0,69.17,-4.56,-6.09,-0.40,15.08
1102.07,0,,69.09,15.14,2,-1,68.86,-4.50,-6.08,-0.33,15.13
1102.19,0,,68.98,15.12,2,-1,68.81,-4.53,-6.10,-0.38,15.12
1102.34,0,,68.88,15.11,2,-1,68.91,-4.60,-6.11,-0.46,15.06
1102.40,0,,68.86,15.10,1,0,68.88,-4.61,-6.12,-0.48,15.06
1102.55,0,,68.87,15.08,1,0,68.95,-4.58,-6.13,-0.46,15.10
1102.61,0,,68.97,15.09,1,0,69.40,-4.51,-6.13,-0.39,15.17
1102.68,0,,69.10,15.13,2,-1,68.93,-4.51,-6.14,-0.40,15.18
1102.82,0,,69.11,15.16,2,-1,68.95,-4.59,-6.14,-0.48,15.10
1102.89,0,,69.03,15.14,2,-1,69.02,-4.61,-6.13,-0.49,15.07
1103.00,0,,68.96,15.11,1,0,68.77,-4.56,-6.13,-0.44,15.12
1103.13,0,,68.87,15.11,1,0,68.73,-4.50,-6.09,-0.34,15.14
1103.18,0,,68.85,15.13,2,-1,69.32,-4.48,-6.11,-0.34,15.18
1103.33,0,,68.93,15.15,2,-1,68.65,-4.54,-6.12,-0.41,15.13
1103.40,0,,68.93,15.15,2,-1,68.93,-4.55,-6.07,-0.37,15.07
1103.48,0,,68.86,15.12,2,-1,68.65,-4.49,-6.06,-0.30,15.12
1103.60,0,,68.80,15.11,2,-1,68.93,-4.49,-6.05,-0.29,15.11
1103.72,0,,68.79,15.11,2,-1,68.72,-4.51,-6.11,-0.37,15.15
1103.81,0,,68.85,15.14,2,-1,69.30,-4.50,-6.15,-0.40,15.20
1103.87,0,,68.97,15.17,2,-1,68.83,-4.48,-6.08,-0.31,15.15
1103.99,0,,69.00,15.18,2,-1,68.96,-4.45,-6.08,-0.28,15.18
1104.08,0,,68.94,15.17,2,-1,68.74,-4.50,-6.08,-0.33,15.13
1104.17,0,,68.84,15.13,2,-1,68.72,-4.61,-6.00,-0.36,14.94
1104.32,0,,68.79,15.06,2,-1,69.02,-4.58,-6.07,-0.40,15.04
1104.39,0,,68.88,15.03,2,-1,69.16,-4.54,-6.10,-0.39,15.11
1104.48,0,,69.02,15.04,2,-1,69.05,-4.56,-6.02,-0.33,15.01
1104.63,0,,69.11,15.06,0,1,69.19,-4.51,-6.06,-0.32,15.10
1104.69,0,,69.13,15.08,0,1,68.99,-4.53,-6.08,-0.36,15.10
1104.81,0,,69.06,15.09,0,1,68.75,-4.57,-6.03,-0.35,15.01
1104.90,0,,68.93,15.07,1,0,68.93,-4.51,-6.04,-0.30,15.08
1104.98,0,,68.91,15.07,1,0,69.21,-4.52,-6.07,-0.34,15.10
1105.07,0,,68.98,15.08,1,0,68.86,-4.54,-6.05,-0.34,15.06
1105.19,0,,69.00,15.08,1,0,69.03,-4.50,-6.06,-0.31,15.11
1105.34,0,,68.97,15.10,1,0,68.81,-4.48,-6.06,-0.29,15.13
1105.37,0,,68.90,15.11,1,0,68.76,-4.46,-5.99,-0.20,15.08
1105.49,0,,68.83,15.10,2,-1,68.87,-4.49,-6.01,-0.25,15.07
1105.58,0,,68.81,15.09,2,-1,68.80,-4.53,-6.07,-0.35,15.09
1105.73,0,,68.82,15.08,2,-1,68.94,-4.55,-6.02,-0.32,15.02
1105.82,0,,68.85,15.06,1,0,68.80,-4.52,-6.00,-0.27,15.03
1105.88,0,,68.84,15.06,1,0,68.70,-4.42,-6.01,-0.18,15.14
1105.97,0,,68.78,15.08,2,-1,68.73,-4.45,-6.00,-0.20,15.10
1106.09,0,,68.79,15.11,2,-1,69.17,-4.50,-6.03,-0.28,15.08
1106.18,0,,68.93,15.10,1,0,69.16,-4.48,-6.01,-0.24,15.08
1106.30,0,,69.07,15.09,1,0,68.99,-4.49,-5.99,-0.23,15.05
1106.40,0,,69.11,15.08,0,1,69.12,-4.43,-6.00,-0.18,15.12
1106.48,0,,69.11,15.09,0,2,69.16,-4.45,-6.00,-0.20,15.10
1106.57,0,,69.11,15.09,0,2,68.96,-4.54,-6.00,-0.29,15.01
1106.72,0,,69.06,15.07,0,2,68.98,-4.49,-6.02,-0.26,15.08
1106.81,0,,69.04,15.08,0,2,69.27,-4.40,-6.03,-0.18,15.18
1106.87,0,,69.05,15.11,0,1,68.77,-4.42,-5.98,-0.15,15.11
1106.99,0,,69.02,15.12,0,1,69.12,-4.55,-5.97,-0.27,14.97
1107.08,0,,68.93,15.06,1,0,68.46,-4.58,-6.00,-0.33,14.97
1107.17,0,,68.82,15.01,1,0,69.03,-4.54,-5.97,-0.26,14.98
1107.32,0,,68.83,14.99,2,-1,69.08,-4.51,-5.98,-0.24,15.02
1107.38,0,,68.98,15.00,2,-1,69.27,-4.53,-6.02,-0.30,15.04
1107.47,0,,69.10,15.01,2,-1,68.85,-4.59,-6.00,-0.34,14.96
1107.59,0,,69.11,15.01,1,0,69.31,-4.56,-6.03,-0.34,15.02
1107.68,0,,69.14,15.01,1,0,69.13,-4.56,-6.04,-0.35,15.03
1107.81,0,,69.19,15.02,0,1,69.36,-4.57,-6.02,-0.34,15.00
1107.90,0,,69.22,15.02,0,1,69.02,-4.59,-6.02,-0.36,14.98
1107.98,0,,69.14,14.99,0,1,68.77,-4.69,-5.99,-0.43,14.85
1108.07,0,,68.97,14.93,0,1,68.87,-4.67,-5.97,-0.39,14.85
1108.19,0,,68.94,14.89,0,1,69.52,-4.60,-6.02,-0.37,14.97
1108.31,0,,69.08,14.91,0,1,68.98,-4.62,-6.06,-0.43,14.99
1108.38,0,,69.18,14.95,1,0,69.34,-4.67,-6.04,-0.46,14.92
1108.49,0,,69.24,14.94,0,1,69.27,-4.73,-6.01,-0.49,14.83
1108.58,0,,69.23,14.90,0,1,68.86,-4.72,-6.01,-0.48,14.84
1108.68,0,,69.11,14.86,0,1,69.05,-4.65,-5.98,-0.38,14.88
1108.82,0,,69.05,14.86,1,0,69.31,-4.66,-5.99,-0.40,14.88
1108.89,0,,69.14,14.88,1,0,69.31,-4.70,-6.07,-0.52,14.92
1108.97,0,,69.17,14.90,1,0,68.66,-4.70,-6.05,-0.50,14.90
1109.09,0,,69.04,14.91,1,0,69.02,-4.67,-5.98,-0.40,14.86
1109.19,0,,68.98,14.90,1,0,69.30,-4.61,-6.00,-0.36,14.94
1109.31,0,,69.09,14.91,1,0,69.26,-4.66,-6.00,-0.41,14.89
1109.40,0,,69.11,14.89,1,0,68.43,-4.77,-5.98,-0.50,14.76
1109.48,0,,68.96,14.85,1,0,69.19,-4.73,-6.00,-0.48,14.82
1109.57,0,,68.88,14.83,1,0,68.68,-4.63,-5.99,-0.37,14.91
1109.69,0,,68.87,14.86,2,-1,69.10,-4.63,-6.01,-0.39,14.93
1109.82,0,,68.89,14.90,2,-1,68.77,-4.68,-6.02,-0.45,14.89
1109.87,0,,68.93,14.91,2,-1,69.16,-4.68,-6.00,-0.43,14.87
1109.99,0,,68.99,14.91,2,-1,69.04,-4.65,-6.06,-0.46,14.96
1110.08,0,,69.03,14.93,2,-1,68.91,-4.63,-6.04,-0.42,14.96
1110.18,0,,68.97,14.94,1,0,68.71,-4.65,-5.95,-0.35,14.85
1110.32,0,,68.87,14.91,2,-1,68.92,-4.70,-6.00,-0.45,14.85
1110.39,0,,68.83,14.87,2,-1,68.83,-4.73,-6.01,-0.49,14.83
1110.47,0,,68.84,14.83,2,-1,68.90,-4.74,-5.96,-0.45,14.77
1110.59,0,,68.81,14.81,2,-1,68.46,-4.69,-6.01,-0.45,14.87
1110.69,0,,68.73,14.83,2,-1,68.86,-4.67,-6.03,-0.45,14.91
1110.81,0,,68.75,14.88,2,-1,69.05,-4.67,-6.03,-0.45,14.91
1110.90,0,,68.83,14.91,2,-1,68.64,-4.71,-6.02,-0.48,14.86
1111.01,0,,68.84,14.89,2,-1,68.84,-4.73,-6.00,-0.48,14.82
1111.07,0,,68.81,14.87,2,-1,68.78,-4.68,-5.99,-0.42,14.86
1111.19,0,,68.78,14.85,2,-1,68.70,-4.72,-5.96,-0.43,14.79
1111.32,0,,68.78,14.82,2,-1,68.95,-4.77,-6.00,-0.52,14.78
1111.37,0,,68.82,14.81,2,-1,68.81,-4.71,-6.00,-0.46,14.84
1111.55,0,,68.80,14.82,2,-1,68.48,-4.63,-5.99,-0.37,14.91
1111.58,0,,68.71,14.87,2,-1,68.82,-4.60,-5.99,-0.34,14.94
1111.68,0,,68.72,14.91,2,-1,68.96,-4.67,-5.95,-0.37,14.83
1111.82,0,,68.83,14.89,2,-1,68.97,-4.70,-5.97,-0.42,14.82
1111.88,0,,68.96,14.86,1,0,69.23,-4.65,-5.98,-0.38,14.88
1111.97,0,,69.08,14.86,0,1,69.04,-4.59,-5.94,-0.28,14.90
1112.09,0,,69.06,14.88,0,1,68.58,-4.59,-5.94,-0.28,14.90
1112.18,0,,68.93,14.90,0,1,69.13,-4.63,-5.98,-0.36,14.90
1112.30,0,,68.87,14.91,1,0,68.69,-4.64,-6.00,-0.39,14.91
1112.39,0,,68.89,14.91,1,0,69.25,-4.62,-5.99,-0.36,14.92
1112.48,0,,68.99,14.92,1,0,69.07,-4.58,-5.96,-0.29,14.93
1112.63,0,,69.02,14.92,1,0,68.65,-4.60,-5.92,-0.27,14.87
1112.69,0,,68.97,14.91,1,0,69.27,-4.62,-5.95,-0.32,14.88
1112.81,0,,69.03,14.90,1,0,69.23,-4.61,-6.00,-0.36,14.94
1112.88,0,,69.10,14.91,1,0,68.77,-4.66,-5.97,-0.38,14.86
1112.99,0,,69.02,14.90,1,0,68.87,-4.62,-5.98,-0.35,14.91
1113.08,0,,68.86,14.91,0,1,68.53,-4.60,-6.02,-0.37,14.97
1113.18,0,,68.73,14.92,1,0,68.83,-4.67,-5.98,-0.40,14.86
1113.32,0,,68.72,14.91,2,-1,68.94,-4.67,-5.97,-0.39,14.85
1113.38,0,,68.72,14.88,4,-2,68.18,-4.68,-5.96,-0.39,14.83
1113.51,0,,68.60,14.83,4,-2,68.70,-4.72,-5.88,-0.35,14.71
1113.59,0,,68.57,14.79,4,-2,68.85,-4.70,-5.95,-0.40,14.80
1113.68,0,,68.68,14.78,4,-2,68.78,-4.70,-6.02,-0.47,14.87
1113.81,0,,68.79,14.81,4,-2,68.94,-4.68,-5.95,-0.38,14.82
1113.90,0,,68.84,14.83,1,0,68.63,-4.67,-5.91,-0.33,14.79
1113.98,0,,68.84,14.82,1,0,69.05,-4.71,-5.90,-0.36,14.74
1114.07,0,,68.82,14.79,1,0,68.50,-4.70,-5.94,-0.39,14.79
1114.19,0,,68.78,14.78,1,0,68.95,-4.71,-5.96,-0.42,14.80
1114.31,0,,68.82,14.79,0,1,69.12,-4.71,-5.95,-0.41,14.79
1114.38,0,,68.92,14.80,0,1,68.78,-4.66,-5.94,-0.35,14.83
1114.49,0,,68.90,14.81,0,1,68.62,-4.69,-5.93,-0.37,14.79
1114.61,0,,68.86,14.81,0,1,69.33,-4.70,-5.94,-0.39,14.79
1114.68,0,,68.93,14.79,0,1,68.80,-4.73,-5.91,-0.39,14.73
1114.85,0,,68.95,14.77,0,1,68.74,-4.69,-5.95,-0.39,14.81
1114.89,0,,68.89,14.80,1,0,69.06,-4.62,-6.00,-0.37,14.93
1114.97,0,,68.92,14.84,1,0,69.02,-4.73,-5.93,-0.41,14.75
1115.09,0,,68.95,14.82,1,0,68.82,-4.77,-5.93,-0.45,14.71
1115.18,0,,69.02,14.79,1,0,69.56,-4.70,-6.00,-0.45,14.85
1115.31,0,,69.12,14.80,0,1,68.77,-4.66,-5.97,-0.38,14.86
1115.40,0,,69.04,14.82,0,1,68.60,-4.71,-5.92,-0.38,14.76
1115.48,0,,68.84,14.80,0,1,68.81,-4.79,-5.92,-0.46,14.68
1115.57,0,,68.72,14.75,0,1,68.67,-4.78,-5.92,-0.45,14.69
1115.72,0,,68.75,14.71,1,0,69.17,-4.75,-5.94,-0.44,14.74
1115.84,0,,68.87,14.73,1,0,68.86,-4.71,-5.98,-0.44,14.82
1115.91,0,,68.99,14.77,0,1,69.28,-4.71,-5.98,-0.44,14.82
1115.99,0,,69.04,14.80,0,1,68.67,-4.75,-5.98,-0.48,14.78
1116.08,0,,68.99,14.80,0,1,69.05,-4.79,-5.97,-0.51,14.73
1116.20,0,,68.94,14.76,0,1,68.92,-4.85,-5.93,-0.53,14.63
1116.32,0,,68.91,14.70,0,1,68.73,-4.80,-5.93,-0.48,14.68
1116.38,0,,68.87,14.67,0,1,69.05,-4.81,-5.95,-0.51,14.69
1116.47,0,,68.94,14.66,0,1,69.27,-4.88,-5.96,-0.59,14.63
1116.59,0,,69.02,14.67,0,1,68.62,-4.84,-6.02,-0.61,14.73
1116.69,0,,68.89,14.68,1,0,68.42,-4.87,-5.98,-0.60,14.66
1116.81,0,,68.69,14.67,1,0,68.84,-4.88,-5.90,-0.53,14.57
1116.95,0,,68.65,14.64,2,-1,68.81,-4.84,-5.94,-0.53,14.65
1116.98,0,,68.71,14.62,2,-1,68.67,-4.90,-5.95,-0.60,14.60
1117.07,0,,68.80,14.62,2,-1,69.23,-4.91,-5.95,-0.61,14.59
1117.19,0,,68.96,14.62,1,0,69.10,-4.83,-5.96,-0.54,14.68
1117.32,0,,69.07,14.64,1,0,68.94,-4.82,-5.96,-0.53,14.69
1117.38,0,,69.01,14.66,1,0,68.63,-4.96,-5.96,-0.67,14.55
1117.49,0,,68.87,14.61,1,0,68.86,-5.03,-5.94,-0.72,14.46
1117.58,0,,68.76,14.55,1,0,68.59,-4.97,-5.98,-0.70,14.56
1117.68,0,,68.75,14.54,1,0,69.15,-4.91,-5.99,-0.65,14.63
1117.82,0,,68.87,14.58,1,0,69.06,-4.92,-5.99,-0.66,14.62
1117.88,0,,68.98,14.61,1,0,68.79,-4.98,-5.99,-0.72,14.56
1117.97,0,,68.96,14.59,1,0,68.91,-5.00,-5.96,-0.71,14.51
1118.09,0,,68.94,14.57,1,0,69.11,-4.93,-5.97,-0.65,14.59
1118.19,0,,68.98,14.58,1,0,68.95,-4.85,-5.98,-0.58,14.68
1118.30,0,,68.96,14.62,1,0,68.71,-4.88,-5.99,-0.62,14.66
1118.39,0,,68.88,14.65,1,0,68.90,-5.00,-6.00,-0.75,14.55
1118.48,0,,68.80,14.61,1,0,68.56,-5.09,-6.01,-0.85,14.47
1118.57,0,,68.68,14.54,1,0,68.39,-5.07,-6.02,-0.84,14.50
1118.76,0,,68.58,14.51,4,-2,68.88,-5.06,-6.03,-0.84,14.52
1118.81,0,,68.64,14.50,4,-2,68.79,-5.17,-6.11,-1.03,14.49
1118.87,0,,68.75,14.49,4,-2,68.82,-5.22,-6.10,-1.07,14.43
1118.99,0,,68.78,14.47,1,0,68.57,-5.17,-6.06,-0.98,14.44
1119.08,0,,68.73,14.45,1,0,68.72,-5.17,-6.08,-1.00,14.46
1119.20,0,,68.72,14.44,1,0,68.90,-5.22,-6.04,-1.01,14.37
1119.32,0,,68.81,14.42,1,0,69.05,-5.25,-6.08,-1.08,14.38
1119.39,0,,68.89,14.40,1,0,68.65,-5.25,-6.11,-1.11,14.41
1119.51,0,,68.85,14.38,1,0,68.75,-5.29,-6.00,-1.04,14.26
1119.59,0,,68.77,14.34,0,1,68.75,-5.25,-6.04,-1.04,14.34
1119.69,0,,68.71,14.34,0,1,68.49,-5.22,-6.11,-1.08,14.44
1119.81,0,,68.64,14.36,1,0,68.69,-5.30,-6.06,-1.11,14.31
1119.92,0,,68.60,14.36,1,0,68.52,-5.34,-6.05,-1.14,14.26
1119.98,0,,68.63,14.32,1,0,68.96,-5.30,-6.05,-1.10,14.30
1120.07,0,,68.73,14.30,2,-1,68.80,-5.26,-6.05,-1.06,14.34
1120.20,0,,68.80,14.31,2,-1,68.70,-5.31,-6.09,-1.15,14.33
1120.31,0,,68.79,14.32,2,-1,68.76,-5.36,-6.09,-1.20,14.28
1120.38,0,,68.76,14.31,2,-1,68.71,-5.36,-6.07,-1.18,14.26
1120.49,0,,68.75,14.29,2,-1,68.85,-5.33,-6.08,-1.16,14.30
1120.58,0,,68.74,14.29,2,-1,68.53,-5.28,-6.07,-1.10,14.34
1120.68,0,,68.72,14.30,1,0,68.96,-5.35,-6.03,-1.13,14.23
1120.82,0,,68.81,14.28,1,0,69.12,-5.38,-6.06,-1.19,14.23
1120.89,0,,68.91,14.26,1,0,68.64,-5.40,-6.10,-1.25,14.25
1120.97,0,,68.79,14.24,1,0,68.16,-5.43,-6.03,-1.21,14.15
1121.09,0,,68.59,14.21,1,0,68.92,-5.38,-6.04,-1.17,14.21
1121.19,0,,68.55,14.20,1,0,68.44,-5.40,-6.11,-1.26,14.26
1121.30,0,,68.56,14.21,1,0,68.58,-5.47,-6.04,-1.26,14.12
1121.40,0,,68.61,14.19,1,0,69.00,-5.42,-6.04,-1.21,14.17
1121.48,0,,68.75,14.18,1,0,68.82,-5.35,-6.08,-1.18,14.28
1121.57,0,,68.82,14.21,1,0,68.56,-5.36,-6.04,-1.15,14.23
1121.69,0,,68.78,14.24,1,0,68.91,-5.40,-6.08,-1.23,14.23
1121.81,0,,68.76,14.24,1,0,68.71,-5.47,-6.09,-1.31,14.17
1121.88,0,,68.79,14.20,1,0,68.96,-5.54,-6.03,-1.32,14.04
1121.99,0,,68.80,14.15,1,0,68.55,-5.41,-6.08,-1.24,14.22
1122.08,0,,68.74,14.16,1,0,68.71,-5.38,-6.10,-1.23,14.27
1122.18,0,,68.69,14.20,1,0,68.67,-5.49,-6.06,-1.30,14.12
1122.32,0,,68.73,14.20,1,0,69.16,-5.48,-6.11,-1.34,14.18
1122.39,0,,68.91,14.19,1,0,69.22,-5.45,-6.13,-1.33,14.23
1122.47,0,,69.06,14.19,1,0,68.80,-5.47,-6.04,-1.26,14.12
1122.59,0,,68.99,14.17,0,1,68.57,-5.49,-6.04,-1.28,14.10
1122.69,0,,68.78,14.14,1,0,68.57,-5.52,-6.11,-1.38,14.14
1122.81,0,,68.66,14.12,1,0,68.94,-5.53,-6.09,-1.37,14.11
1122.90,0,,68.68,14.12,1,0,68.60,-5.49,-6.08,-1.32,14.14
1122.98,0,,68.74,14.12,1,0,69.04,-5.50,-6.06,-1.31,14.11
1123.07,0,,68.80,14.10,1,0,68.59,-5.63,-6.01,-1.39,13.93
1123.22,0,,68.75,14.02,1,0,68.51,-5.72,-6.09,-1.56,13.92
1123.31,0,,68.66,13.96,1,0,68.78,-5.68,-6.12,-1.55,13.99
1123.38,0,,68.70,13.96,1,0,69.10,-5.58,-6.05,-1.38,14.02
1123.49,0,,68.89,14.02,1,0,69.17,-5.08,-5.84,-0.67,14.31
1123.61,0,,69.08,14.21,1,0,69.17,-4.22,-5.41,0.62,14.74
1123.68,0,,69.17,14.48,0,1,69.14,-4.17,-5.32,0.76,14.70
1123.82,0,,69.21,14.67,0,2,69.31,-4.41,-5.51,0.33,14.65
1123.89,0,,69.21,14.74,0,2,69.00,-4.28,-5.53,0.44,14.80
1123.97,0,,69.13,14.75,0,2,68.91,-4.63,-5.66,-0.04,14.58
1124.10,0,,69.00,14.67,0,2,68.91,-5.00,-5.83,-0.58,14.38
1124.19,0,,68.96,14.53,0,2,69.20,-5.08,-5.91,-0.74,14.38
1124.31,0,,69.02,14.41,0,1,69.04,-5.18,-5.93,-0.86,14.30
1124.40,0,,69.06,14.33,0,1,68.99,-5.15,-5.89,-0.79,14.29
1124.49,0,,69.03,14.29,0,1,68.90,-5.21,-5.92,-0.88,14.26
1124.57,0,,68.95,14.26,2,-1,68.78,-5.30,-5.96,-1.01,14.21
1124.69,0,,68.88,14.24,2,-1,69.01,-5.30,-5.99,-1.04,14.24
1124.81,0,,68.88,14.23,2,-1,68.84,-5.30,-6.00,-1.05,14.25
1124.88,0,,68.86,14.23,2,-1,68.67,-5.31,-5.97,-1.03,14.21
1124.99,0,,68.80,14.23,2,-1,68.82,-5.37,-6.03,-1.15,14.21
1125.08,0,,68.75,14.22,2,-1,68.64,-5.42,-6.08,-1.25,14.21
1125.18,0,,68.71,14.20,4,-2,68.66,-5.45,-6.04,-1.24,14.14
1125.32,0,,68.73,14.18,4,-2,69.12,-5.39,-6.02,-1.16,14.18
1125.39,0,,68.84,14.18,1,0,68.84,-5.40,-6.06,-1.21,14.21
1125.47,0,,68.96,14.17,1,0,69.22,-5.58,-6.05,-1.38,14.02
1125.59,0,,69.07,14.12,0,1,69.18,-5.54,-6.06,-1.35,14.07
1125.69,0,,69.08,14.09,0,1,68.56,-5.46,-6.09,-1.30,14.18
1125.81,0,,68.97,14.09,0,1,69.18,-5.58,-6.03,-1.36,14.00
1125.90,0,,68.92,14.07,0,1,68.82,-5.62,-6.07,-1.44,14.00
1125.98,0,,68.93,14.03,0,1,69.04,-5.63,-6.10,-1.48,14.02
1126.07,0,,68.94,14.01,0,1,68.89,-5.63,-6.07,-1.45,13.99
1126.19,0,,68.95,14.02,0,1,68.97,-5.59,-6.14,-1.48,14.10
1126.31,0,,68.92,14.04,1,0,68.77,-5.58,-6.06,-1.39,14.03
1126.38,0,,68.88,14.06,1,0,68.86,-5.37,-5.90,-1.02,14.08
1126.49,0,,68.86,14.11,2,-1,68.99,-4.99,-5.81,-0.55,14.37
1126.58,0,,68.73,14.24,2,-1,67.65,-4.85,-5.80,-0.40,14.50
1126.68,0,,68.26,14.39,4,-2,67.35,-4.91,-5.78,-0.44,14.42
1126.82,0,,67.78,14.46,4,-2,67.97,-4.96,-5.82,-0.53,14.41
1126.89,0,,67.55,14.45,4,-2,67.09,-5.17,-6.02,-0.94,14.40
1126.97,0,,67.33,14.42,4,-2,66.87,-5.15,-5.96,-0.86,14.36
1127.09,0,,67.02,14.40,4,-2,66.58,-4.85,-5.78,-0.38,14.48
1127.19,0,,66.78,14.43,4,-2,66.87,-4.85,-5.85,-0.45,14.55
1127.31,0,,66.69,14.49,4,-2,66.64,-4.92,-5.87,-0.54,14.50
1127.40,0,,66.66,14.51,4,-2,66.58,-4.95,-5.84,-0.54,14.44
1127.48,0,,66.53,14.48,4,-2,65.87,-5.05,-5.88,-0.68,14.38
1127.57,0,,66.27,14.44,4,-2,66.14,-5.00,-5.85,-0.60,14.40
1127.69,0,,66.15,14.42,4,-2,66.56,-4.91,-5.88,-0.54,14.52
1127.82,0,,66.25,14.46,4,-2,66.33,-4.90,-5.89,-0.54,14.54
1127.88,0,,66.30,14.50,4,-2,65.98,-4.98,-5.86,-0.59,14.43
1127.99,0,,66.18,14.49,4,-2,65.87,-5.06,-5.95,-0.76,14.44
1128.08,0,,65.98,14.47,4,-2,65.71,-5.11,-6.03,-0.89,14.47
1128.20,0,,65.90,14.44,4,-2,66.44,-5.19,-5.96,-0.90,14.32
1128.32,0,,66.01,14.39,4,-2,65.99,-5.19,-5.91,-0.85,14.27
1128.39,0,,66.16,14.32,4,-2,66.58,-5.15,-5.84,-0.74,14.24
1128.47,0,,66.37,14.25,1,0,66.77,-5.14,-5.70,-0.59,14.11
1128.59,0,,66.63,14.19,0,1,66.92,-5.04,-5.68,-0.47,14.19
1128.69,0,,66.83,14.16,0,2,66.87,-5.07,-5.67,-0.49,14.15
1128.81,0,,66.93,14.13,0,2,67.06,-5.17,-5.59,-0.51,13.97
1128.90,0,,67.01,14.08,0,2,67.12,-5.11,-5.62,-0.48,14.06
1128.98,0,,67.09,14.04,0,2,67.19,-5.12,-5.63,-0.50,14.06
1129.07,0,,67.10,14.05,0,2,66.75,-5.12,-5.63,-0.50,14.06
1129.19,0,,67.00,14.05,0,2,66.94,-5.20,-5.64,-0.59,13.99
1129.31,0,,66.93,14.01,0,2,67.02,-5.35,-5.64,-0.74,13.84
1129.40,0,,67.04,13.94,0,2,67.71,-5.26,-5.62,-0.63,13.91
1129.49,0,,67.32,13.90,0,2,67.64,-5.19,-5.59,-0.53,13.95
1129.58,0,,67.62,13.90,0,2,68.03,-5.33,-5.64,-0.72,13.86
1129.70,0,,67.90,13.88,0,2,68.31,-5.43,-5.65,-0.83,13.77
1129.82,0,,68.19,13.84,0,2,68.58,-5.45,-5.73,-0.93,13.83
1129.89,0,,68.50,13.84,0,2,69.06,-5.46,-5.92,-1.13,14.01
1130.01,0,,68.77,13.91,0,2,68.70,-5.44,-5.92,-1.11,14.03
1130.10,0,,68.87,13.99,0,2,68.82,-5.37,-5.84,-0.96,14.02
1130.21,0,,68.87,14.04,0,2,68.92,-5.33,-5.84,-0.92,14.06
1130.31,0,,68.91,14.06,0,2,69.13,-5.33,-5.83,-0.91,14.05
1130.40,0,,68.99,14.08,0,2,68.99,-5.23,-5.80,-0.78,14.12
1130.52,0,,69.01,14.10,0,2,68.86,-5.18,-5.77,-0.70,14.14
1130.60,0,,68.96,14.11,0,2,68.91,-5.28,-5.72,-0.75,13.99
1130.69,0,,68.90,14.07,0,2,68.82,-5.27,-5.73,-0.75,14.01
1130.81,0,,68.87,14.04,0,1,68.94,-5.25,-5.82,-0.82,14.12
1130.91,0,,68.76,14.06,1,0,67.97,-5.17,-5.71,-0.63,14.09
1130.99,0,,68.41,14.08,2,-1,67.77,-4.93,-5.40,-0.08,14.02
1131.11,0,,67.97,14.07,4,-2,67.47,-4.78,-5.30,0.17,14.07
1131.21,0,,67.65,14.07,4,-2,67.66,-4.74,-5.34,0.17,14.15
1131.32,0,,67.47,14.10,4,-2,67.07,-4.70,-5.29,0.26,14.14
1131.42,0,,67.33,14.13,4,-2,67.45,-4.69,-5.24,0.32,14.10
1131.51,0,,67.29,14.12,4,-2,67.30,-4.75,-5.25,0.25,14.05
1131.63,0,,67.34,14.08,4,-2,67.61,-4.83,-5.26,0.16,13.98
1131.71,0,,67.43,14.03,4,-2,67.41,-4.84,-5.24,0.17,13.95
1131.81,0,,67.44,13.98,4,-2,67.21,-4.80,-5.23,0.22,13.98
1131.93,0,,67.40,13.98,4,-2,67.60,-4.75,-5.25,0.25,14.05
1132.02,0,,67.35,14.00,4,-2,66.90,-4.76,-5.22,0.27,14.01
1132.14,0,,67.20,14.01,2,-1,66.99,-4.78,-5.16,0.31,13.93
1132.22,0,,67.01,13.98,2,-1,66.77,-4.72,-5.12,0.41,13.95
1132.31,0,,66.91,13.98,4,-2,67.12,-4.60,-5.12,0.53,14.07
1132.44,0,,66.90,14.01,4,-2,66.74,-4.63,-5.11,0.51,14.03
1132.56,0,,66.88,14.02,4,-2,66.90,-4.74,-5.11,0.40,13.92
1132.61,0,,66.84,13.99,4,-2,66.69,-4.83,-5.22,0.20,13.94
1132.73,0,,66.85,13.95,4,-2,67.25,-4.99,-5.37,-0.11,13.93
1132.85,0,,67.02,13.94,4,-2,67.49,-5.08,-5.49,-0.32,13.96
1132.92,0,,67.30,13.95,2,-1,67.66,-5.08,-5.57,-0.40,14.04
1133.06,0,,67.53,14.00,0,1,67.57,-5.04,-5.58,-0.37,14.09
1133.13,0,,67.62,14.07,0,2,67.50,-4.98,-5.58,-0.31,14.15
1133.24,0,,67.62,14.13,0,2,67.73,-4.97,-5.64,-0.36,14.22
1133.33,0,,67.70,14.20,0,2,68.13,-5.05,-5.79,-0.59,14.29
1133.43,0,,68.02,14.26,0,2,69.08,-5.26,-6.00,-1.01,14.29
1133.57,0,,68.55,14.28,0,2,69.18,-5.42,-6.06,-1.23,14.19
1133.64,0,,69.02,14.25,0,2,69.29,-5.36,-5.96,-1.07,14.15
1133.72,0,,69.26,14.20,0,2,69.19,-5.27,-5.91,-0.93,14.19
1133.84,0,,69.28,14.16,0,2,69.01,-5.35,-5.86,-0.96,14.06
1133.94,0,,69.23,14.09,0,2,69.50,-5.54,-5.80,-1.09,13.81
1134.06,0,,69.26,13.94,0,2,69.22,-5.64,-5.76,-1.15,13.67
1134.15,0,,69.24,13.77,0,2,68.91,-5.60,-5.69,-1.04,13.64
1134.23,0,,69.09,13.66,0,2,68.76,-5.56,-5.64,-0.95,13.63
1134.35,0,,68.96,13.61,0,2,69.24,-5.60,-5.61,-0.96,13.56
1134.45,0,,69.00,13.58,0,1,69.19,-5.59,-5.59,-0.93,13.55
1134.56,0,,69.14,13.57,2,-1,69.33,-5.49,-5.57,-0.81,13.63
1134.66,0,,69.25,13.59,2,-1,69.27,-5.44,-5.53,-0.72,13.64
1134.75,0,,69.35,13.62,1,0,69.61,-5.47,-5.50,-0.72,13.58
1134.83,0,,69.37,13.61,0,1,68.87,-5.52,-5.46,-0.73,13.49
1134.95,0,,69.23,13.57,0,1,69.01,-5.45,-5.48,-0.68,13.58
1135.08,0,,69.04,13.57,0,1,68.88,-5.33,-5.50,-0.58,13.72
1135.17,0,,68.95,13.61,0,1,69.11,-5.40,-5.41,-0.56,13.56
1135.26,0,,68.97,13.61,1,0,69.03,-5.48,-5.40,-0.63,13.47
1135.35,0,,69.06,13.56,2,-1,69.36,-5.43,-5.44,-0.62,13.56
1135.46,0,,69.13,13.53,2,-1,68.79,-5.44,-5.38,-0.57,13.49
1135.56,0,,69.13,13.51,2,-1,69.46,-5.42,-5.35,-0.52,13.48
1135.65,0,,69.16,13.49,2,-1,69.06,-5.42,-5.34,-0.51,13.47
1135.77,0,,69.17,13.47,1,0,69.08,-5.45,-5.32,-0.52,13.42
1135.85,0,,69.17,13.46,1,0,69.45,-5.39,-5.34,-0.48,13.50
1135.95,0,,69.27,13.48,1,0,69.41,-5.32,-5.34,-0.41,13.57
1136.06,0,,69.39,13.51,0,1,69.53,-5.36,-5.28,-0.39,13.47
1136.15,0,,69.45,13.52,0,2,69.33,-5.40,-5.30,-0.45,13.45
1136.31,0,,69.46,13.49,0,2,69.53,-5.38,-5.33,-0.46,13.50
1136.36,0,,69.41,13.48,0,2,69.09,-5.37,-5.29,-0.41,13.47
1136.45,0,,69.31,13.48,0,1,69.22,-5.37,-5.28,-0.40,13.46
1136.58,0,,69.16,13.46,0,1,68.80,-5.44,-5.26,-0.45,13.37
1136.66,0,,69.01,13.42,1,0,68.98,-5.46,-5.22,-0.43,13.31
1136.76,0,,69.02,13.37,1,0,69.66,-5.42,-5.26,-0.43,13.39
1136.88,0,,69.20,13.37,4,-2,69.16,-5.40,-5.31,-0.46,13.46
1136.96,0,,69.35,13.41,2,-1,69.56,-5.35,-5.28,-0.38,13.48
1137.06,0,,69.43,13.46,2,-1,69.43,-5.36,-5.26,-0.37,13.45
1137.18,0,,69.50,13.46,1,0,69.68,-5.45,-5.27,-0.47,13.37
1137.27,0,,69.52,13.43,1,0,69.25,-5.43,-5.27,-0.45,13.39
1137.38,0,,69.45,13.40,0,1,69.29,-5.43,-5.24,-0.42,13.36
1137.51,0,,69.28,13.36,0,1,68.87,-5.48,-5.19,-0.42,13.26
1137.56,0,,69.11,13.32,0,1,69.13,-5.47,-5.20,-0.42,13.28
1137.69,0,,69.07,13.29,0,1,69.35,-5.44,-5.19,-0.38,13.30
1137.80,0,,69.19,13.29,0,1,69.45,-5.44,-5.18,-0.37,13.29
1137.86,0,,69.28,13.30,2,-1,68.95,-5.42,-5.19,-0.36,13.32
1137.98,0,,69.24,13.31,2,-1,69.26,-5.42,-5.19,-0.36,13.32
1138.11,0,,69.19,13.31,2,-1,69.21,-5.49,-5.17,-0.41,13.23
1138.19,0,,69.14,13.28,2,-1,68.85,-5.47,-5.15,-0.37,13.23
1138.31,0,,69.09,13.25,2,-1,69.37,-5.40,-5.14,-0.29,13.29
1138.38,0,,69.14,13.26,1,0,69.27,-5.42,-5.14,-0.31,13.27
1138.50,0,,69.21,13.26,1,0,69.11,-5.50,-5.13,-0.38,13.18
1138.58,0,,69.21,13.23,1,0,69.21,-5.52,-5.14,-0.41,13.17
1138.68,0,,69.16,13.20,2,-1,68.94,-5.49,-5.16,-0.40,13.22
1138.82,0,,69.12,13.20,2,-1,69.32,-5.46,-5.15,-0.36,13.24
1138.89,0,,69.17,13.22,2,-1,69.39,-5.45,-5.13,-0.33,13.23
1138.98,0,,69.27,13.23,1,0,69.26,-5.47,-5.11,-0.33,13.19
1139.09,0,,69.28,13.23,0,1,69.05,-5.44,-5.15,-0.34,13.26
1139.19,0,,69.15,13.24,0,1,68.76,-5.42,-5.16,-0.33,13.29
1139.31,0,,69.01,13.26,1,0,69.23,-5.44,-5.09,-0.28,13.20
1139.40,0,,69.00,13.25,1,0,69.08,-5.44,-5.14,-0.33,13.25
1139.48,0,,69.13,13.24,1,0,69.60,-5.49,-5.14,-0.38,13.20
1139.58,0,,69.24,13.21,2,-1,68.83,-5.52,-5.08,-0.35,13.11
1139.69,0,,69.20,13.18,2,-1,69.17,-5.42,-5.14,-0.31,13.27
1139.82,0,,69.13,13.20,2,-1,69.12,-5.43,-5.16,-0.34,13.28
1139.88,0,,69.11,13.23,2,-1,69.13,-5.54,-5.14,-0.43,13.15
1139.99,0,,69.13,13.22,2,-1,69.25,-5.59,-5.19,-0.53,13.15
1140.08,0,,69.26,13.19,1,0,69.86,-5.52,-5.17,-0.44,13.20
1140.18,0,,69.38,13.18,1,0,68.72,-5.48,-5.13,-0.36,13.20
1140.32,0,,69.27,13.19,1,0,69.11,-5.56,-5.14,-0.45,13.13
1140.39,0,,69.11,13.17,1,0,69.11,-5.61,-5.16,-0.52,13.10
1140.47,0,,69.10,13.13,1,0,69.40,-5.59,-5.13,-0.47,13.09
1140.59,0,,69.16,13.11,1,0,68.91,-5.58,-5.13,-0.46,13.10
1140.69,0,,69.11,13.10,1,0,68.94,-5.57,-5.17,-0.49,13.15
1140.81,0,,68.99,13.12,1,0,68.81,-5.59,-5.15,-0.49,13.11
1140.90,0,,68.96,13.12,1,0,69.42,-5.63,-5.15,-0.53,13.07
1140.98,0,,69.07,13.11,4,-2,69.09,-5.59,-5.16,-0.50,13.12
1141.08,0,,69.17,13.11,2,-1,69.24,-5.52,-5.15,-0.42,13.18
1141.19,0,,69.17,13.14,1,0,68.85,-5.60,-5.17,-0.52,13.12
1141.31,0,,69.11,13.14,1,0,69.28,-5.66,-5.22,-0.63,13.11
1141.41,0,,69.06,13.13,1,0,68.77,-5.65,-5.18,-0.58,13.08
1141.49,0,,68.95,13.10,1,0,68.74,-5.65,-5.14,-0.54,13.04
1141.58,0,,68.90,13.07,1,0,69.34,-5.62,-5.14,-0.51,13.07
1141.68,0,,69.01,13.06,1,0,69.12,-5.64,-5.13,-0.52,13.04
1141.82,0,,69.12,13.06,1,0,69.07,-5.66,-5.19,-0.60,13.08
1141.89,0,,69.11,13.07,1,0,68.90,-5.61,-5.17,-0.53,13.11
1141.97,0,,69.01,13.08,1,0,68.89,-5.60,-5.09,-0.44,13.04
1142.09,0,,68.90,13.08,1,0,68.69,-5.56,-5.11,-0.42,13.10
1142.19,0,,68.83,13.08,2,-1,69.08,-5.60,-5.13,-0.48,13.08
1142.31,0,,68.84,13.08,2,-1,68.64,-5.65,-5.14,-0.54,13.04
1142.40,0,,68.84,13.08,2,-1,69.02,-5.56,-5.18,-0.49,13.17
1142.48,0,,68.94,13.12,2,-1,69.43,-5.49,-5.15,-0.39,13.21
1142.58,0,,69.12,13.17,2,-1,69.07,-5.51,-5.12,-0.38,13.16
1142.69,0,,69.16,13.20,2,-1,68.82,-5.52,-5.19,-0.46,13.22
1142.81,0,,69.10,13.21,2,-1,69.43,-5.47,-5.16,-0.38,13.24
1142.88,0,,69.14,13.22,0,1,69.14,-5.47,-5.08,-0.30,13.16
1142.99,0,,69.23,13.20,0,2,69.50,-5.49,-5.10,-0.34,13.16
1143.08,0,,69.32,13.18,0,2,69.22,-5.47,-5.12,-0.34,13.20
1143.18,0,,69.29,13.19,0,2,68.97,-5.46,-5.13,-0.34,13.22
1143.32,0,,69.16,13.21,0,2,69.07,-5.45,-5.15,-0.35,13.25
1143.39,0,,69.03,13.23,1,0,68.81,-5.46,-5.12,-0.33,13.21
1143.50,0,,68.99,13.22,1,0,69.43,-5.50,-5.07,-0.32,13.12
1143.59,0,,69.03,13.18,1,0,68.70,-5.51,-5.09,-0.35,13.13
1143.69,0,,69.03,13.15,1,0,69.20,-5.53,-5.12,-0.40,13.14
1143.81,0,,69.00,13.14,2,-1,68.81,-5.49,-5.11,-0.35,13.17
1143.90,0,,68.96,13.16,4,-2,68.90,-5.47,-5.13,-0.35,13.21
1143.99,0,,68.92,13.18,4,-2,69.08,-5.54,-5.12,-0.41,13.13
1144.08,0,,68.94,13.17,2,-1,68.84,-5.54,-5.10,-0.39,13.11
1144.20,0,,68.91,13.15,2,-1,68.71,-5.50,-5.12,-0.37,13.17
1144.32,0,,68.88,13.15,2,-1,69.18,-5.50,-5.11,-0.36,13.16
1144.38,0,,68.91,13.16,1,0,68.78,-5.47,-5.09,-0.31,13.17
1144.50,0,,68.92,13.16,1,0,68.83,-5.52,-5.11,-0.38,13.14
1144.58,0,,68.89,13.15,1,0,69.02,-5.61,-5.10,-0.46,13.04
1144.68,0,,68.93,13.10,1,0,69.03,-5.60,-5.06,-0.41,13.01
1144.83,0,,69.02,13.06,1,0,69.30,-5.54,-5.14,-0.43,13.15
1144.89,0,,69.13,13.09,0,1,69.09,-5.53,-5.17,-0.45,13.19
1144.98,0,,69.18,13.12,0,1,69.17,-5.62,-5.09,-0.46,13.02
1145.10,0,,69.12,13.10,0,1,68.73,-5.64,-5.08,-0.47,12.99
1145.19,0,,69.03,13.06,0,1,69.33,-5.54,-5.13,-0.42,13.14
1145.31,0,,69.06,13.07,0,1,69.15,-5.56,-5.13,-0.44,13.12
1145.40,0,,69.08,13.09,0,1,68.68,-5.65,-5.12,-0.52,13.02
1145.49,0,,69.00,13.08,1,0,69.15,-5.63,-5.14,-0.52,13.06
1145.57,0,,68.99,13.06,1,0,69.12,-5.64,-5.13,-0.52,13.04
1145.69,0,,69.09,13.05,1,0,69.33,-5.64,-5.13,-0.52,13.04
1145.81,0,,69.17,13.05,1,0,68.98,-5.58,-5.15,-0.48,13.12
1145.88,0,,69.13,13.07,0,1,68.91,-5.68,-5.14,-0.57,13.01
1145.99,0,,69.07,13.06,0,1,69.36,-5.69,-5.15,-0.59,13.01
1146.08,0,,69.14,13.03,0,1,69.32,-5.65,-5.13,-0.53,13.03
1146.18,0,,69.26,13.02,1,0,69.28,-5.70,-5.10,-0.55,12.95
1146.32,0,,69.30,13.00,0,1,69.20,-5.65,-5.13,-0.53,13.03
1146.39,0,,69.24,13.00,0,1,68.99,-5.66,-5.13,-0.54,13.02
1146.47,0,,69.08,13.00,0,1,68.71,-5.74,-5.10,-0.59,12.91
1146.59,0,,68.93,12.96,0,1,69.11,-5.77,-5.12,-0.64,12.90
1146.69,0,,68.95,12.93,0,1,69.23,-5.71,-5.12,-0.58,12.96
1146.81,0,,69.02,12.94,0,1,68.76,-5.67,-5.16,-0.58,13.04
1146.89,0,,69.02,12.98,1,0,69.19,-5.75,-5.15,-0.65,12.95
1146.99,0,,69.02,12.98,2,-1,68.95,-5.73,-5.10,-0.58,12.92
1147.07,0,,69.01,12.97,2,-1,68.93,-5.71,-5.15,-0.61,12.99
1147.20,0,,68.96,12.97,2,-1,68.89,-5.71,-5.16,-0.62,13.00
1147.31,0,,68.91,12.99,2,-1,68.86,-5.67,-5.14,-0.56,13.02
1147.38,0,,68.90,13.00,2,-1,69.03,-5.72,-5.11,-0.58,12.94
1147.49,0,,68.97,12.98,1,0,69.26,-5.75,-5.13,-0.63,12.93
1147.59,0,,69.07,12.97,1,0,68.96,-5.67,-5.21,-0.63,13.09
1147.68,0,,69.12,13.01,1,0,69.22,-5.67,-5.16,-0.58,13.04
1147.83,0,,69.12,13.03,1,0,68.99,-5.73,-5.13,-0.61,12.95
1147.89,0,,69.05,13.02,0,1,68.71,-5.74,-5.19,-0.68,13.00
1147.98,0,,68.93,12.99,0,1,69.06,-5.78,-5.14,-0.67,12.91
1148.10,0,,68.90,12.96,1,0,68.91,-5.73,-5.14,-0.62,12.96
1148.18,0,,68.89,12.96,1,0,68.65,-5.68,-5.17,-0.60,13.04
1148.31,0,,68.87,12.98,2,-1,69.28,-5.77,-5.11,-0.63,12.89
1148.40,0,,68.98,12.96,1,0,69.11,-5.73,-5.13,-0.61,12.95
1148.49,0,,69.10,12.96,2,-1,69.13,-5.68,-5.14,-0.57,13.01
1148.57,0,,69.14,12.96,2,-1,69.04,-5.75,-5.07,-0.57,12.87
1148.70,0,,69.09,12.94,2,-1,68.92,-5.75,-5.13,-0.63,12.93
1148.82,0,,68.95,12.93,2,-1,68.51,-5.75,-5.18,-0.68,12.98
1148.88,0,,68.72,12.94,2,-1,68.43,-5.77,-5.09,-0.61,12.87
1149.00,0,,68.58,12.94,2,-1,68.87,-5.68,-5.11,-0.54,12.98
1149.08,0,,68.67,12.96,4,-2,69.12,-5.65,-5.17,-0.57,13.07
1149.18,0,,68.91,13.00,2,-1,69.22,-5.74,-5.10,-0.59,12.91
1149.33,0,,69.09,12.99,1,0,68.93,-5.68,-5.11,-0.54,12.98
1149.39,0,,69.09,12.99,1,0,68.93,-5.62,-5.16,-0.53,13.09
1149.48,0,,68.98,13.01,1,0,68.70,-5.68,-5.07,-0.50,12.94
1149.59,0,,68.84,13.00,1,0,68.74,-5.71,-5.08,-0.54,12.92
1149.68,0,,68.75,12.96,1,0,68.78,-5.73,-5.10,-0.58,12.92
1149.81,0,,68.72,12.93,1,0,68.64,-5.74,-5.05,-0.54,12.86
1149.90,0,,68.72,12.90,1,0,68.87,-5.72,-5.06,-0.53,12.89
1149.98,0,,68.80,12.89,1,0,69.12,-5.69,-5.05,-0.49,12.91
1150.07,0,,68.99,12.90,2,-1,69.34,-5.71,-5.07,-0.53,12.91
1150.19,0,,69.15,12.91,1,0,68.95,-5.74,-5.11,-0.60,12.92
1150.31,0,,69.11,12.92,0,1,68.71,-5.72,-5.11,-0.58,12.94
1150.38,0,,68.95,12.93,0,1,68.93,-5.72,-5.08,-0.55,12.91
1150.49,0,,68.85,12.93,0,1,68.82,-5.71,-5.10,-0.56,12.94
1150.61,0,,68.82,12.93,1,0,68.74,-5.73,-5.12,-0.60,12.94
1150.67,0,,68.77,12.92,1,0,68.69,-5.83,-5.04,-0.62,12.76
1150.82,0,,68.76,12.87,1,0,69.02,-5.79,-5.06,-0.60,12.82
1150.88,0,,68.84,12.85,1,0,68.92,-5.69,-5.13,-0.57,12.99
1150.97,0,,68.91,12.88,1,0,68.93,-5.75,-5.09,-0.59,12.89
1151.09,0,,68.98,12.91,1,0,69.24,-5.76,-5.13,-0.64,12.92
1151.21,0,,69.03,12.93,1,0,68.76,-5.76,-5.15,-0.66,12.94
1151.30,0,,68.98,12.92,1,0,68.88,-5.80,-5.06,-0.61,12.81
1151.39,0,,68.93,12.88,0,1,69.13,-5.76,-5.08,-0.59,12.87
1151.48,0,,68.98,12.86,1,0,69.06,-5.79,-5.11,-0.65,12.87
1151.57,0,,69.02,12.85,1,0,68.85,-5.84,-5.10,-0.69,12.81
1151.69,0,,68.98,12.85,1,0,68.94,-5.79,-5.14,-0.68,12.90
1151.81,0,,68.89,12.86,1,0,68.60,-5.80,-5.10,-0.65,12.85
1151.88,0,,68.84,12.86,1,0,69.22,-5.85,-5.05,-0.65,12.75
1151.99,0,,68.90,12.82,1,0,68.87,-5.86,-5.10,-0.71,12.79
1152.08,0,,68.93,12.79,1,0,68.74,-5.86,-5.10,-0.71,12.79
1152.18,0,,68.89,12.78,1,0,68.95,-5.87,-5.07,-0.69,12.75
1152.32,0,,68.87,12.77,1,0,68.84,-5.85,-5.08,-0.68,12.78
1152.39,0,,68.89,12.77,2,-1,69.02,-5.90,-5.07,-0.72,12.72
1152.47,0,,68.93,12.75,2,-1,68.93,-5.91,-5.06,-0.72,12.70
1152.59,0,,68.90,12.74,1,0,68.52,-5.82,-5.10,-0.67,12.83
1152.68,0,,68.82,12.76,1,0,69.09,-5.86,-5.07,-0.68,12.76
1152.80,0,,68.88,12.77,1,0,69.22,-5.92,-5.05,-0.72,12.68
1152.90,0,,68.97,12.74,1,0,68.50,-5.89,-5.06,-0.70,12.72
1152.98,0,,68.88,12.72,1,0,68.80,-5.92,-5.04,-0.71,12.67
1153.07,0,,68.76,12.69,1,0,68.71,-5.93,-5.02,-0.70,12.64
1153.19,0,,68.76,12.68,1,0,69.04,-5.87,-5.07,-0.69,12.75
1153.31,0,,68.85,12.70,1,0,68.95,-5.88,-5.11,-0.74,12.78
1153.37,0,,68.93,12.74,1,0,68.85,-5.92,-5.06,-0.73,12.69
1153.49,0,,68.91,12.73,1,0,68.76,-5.92,-5.05,-0.72,12.68
1153.58,0,,68.83,12.72,1,0,68.73,-5.88,-5.12,-0.75,12.79
1153.68,0,,68.76,12.73,1,0,68.71,-5.88,-5.09,-0.72,12.76
1153.82,0,,68.71,12.75,1,0,68.67,-5.94,-5.07,-0.76,12.68
1153.88,0,,68.73,12.73,2,-1,69.05,-5.95,-5.11,-0.81,12.71
1153.97,0,,68.83,12.71,2,-1,68.81,-5.91,-5.07,-0.73,12.71
1154.09,0,,68.89,12.71,1,0,68.95,-5.89,-5.09,-0.73,12.75
1154.19,0,,68.90,12.74,1,0,68.74,-5.89,-5.12,-0.76,12.78
1154.31,0,,68.86,12.75,1,0,68.88,-5.94,-5.07,-0.76,12.68
1154.39,0,,68.87,12.73,1,0,69.06,-5.94,-5.04,-0.73,12.65
1154.48,0,,68.89,12.70,1,0,68.65,-5.89,-5.07,-0.71,12.73
1154.57,0,,68.79,12.70,1,0,68.34,-5.90,-5.07,-0.72,12.72
1154.69,0,,68.65,12.71,1,0,69.03,-5.91,-5.08,-0.74,12.72
1154.81,0,,68.73,12.72,1,0,69.08,-5.94,-5.11,-0.80,12.72
1154.87,0,,68.91,12.72,1,0,68.92,-5.95,-5.10,-0.80,12.70
1154.99,0,,68.96,12.73,1,0,68.72,-5.85,-5.12,-0.72,12.82
1155.08,0,,68.85,12.77,1,0,68.54,-5.84,-5.12,-0.71,12.83
1155.17,0,,68.77,12.80,1,0,69.22,-5.92,-5.10,-0.77,12.73
1155.32,0,,68.82,12.78,1,0,68.69,-5.93,-5.08,-0.76,12.70
1155.39,0,,68.88,12.73,1,0,69.01,-5.98,-5.04,-0.77,12.61
1155.47,0,,68.93,12.67,1,0,69.07,-5.92,-5.02,-0.69,12.65
1155.59,0,,69.01,12.65,1,0,69.09,-5.85,-5.04,-0.64,12.74
1155.69,0,,69.07,12.68,1,0,69.08,-5.95,-5.10,-0.80,12.70
1155.80,0,,69.10,12.71,0,1,69.12,-5.96,-5.10,-0.81,12.69
1155.89,0,,69.05,12.72,0,1,68.64,-5.88,-5.09,-0.72,12.76
1155.98,0,,68.92,12.74,0,1,68.88,-5.90,-5.11,-0.76,12.76
1156.07,0,,68.85,12.75,0,1,68.99,-5.93,-5.06,-0.74,12.68
1156.19,0,,68.82,12.73,1,0,68.45,-5.90,-5.04,-0.69,12.69
1156.31,0,,68.75,12.71,1,0,68.93,-5.92,-5.06,-0.73,12.69
1156.38,0,,68.74,12.70,2,-1,68.76,-5.88,-5.04,-0.67,12.71
1156.49,0,,68.77,12.71,4,-2,68.73,-5.82,-5.08,-0.65,12.81
1156.58,0,,68.78,12.75,4,-2,68.91,-5.87,-5.09,-0.71,12.77
1156.68,0,,68.80,12.76,2,-1,68.69,-5.95,-4.99,-0.69,12.59
1156.82,0,,68.79,12.70,2,-1,68.80,-5.93,-5.00,-0.68,12.62
1156.89,0,,68.80,12.66,2,-1,68.93,-5.82,-5.06,-0.63,12.79
1156.97,0,,68.84,12.70,1,0,68.84,-5.85,-5.06,-0.66,12.76
1157.09,0,,68.87,12.73,1,0,68.92,-5.93,-5.05,-0.73,12.67
1157.19,0,,68.85,12.73,1,0,68.56,-5.88,-5.02,-0.65,12.69
1157.30,0,,68.79,12.71,1,0,68.99,-5.84,-5.02,-0.61,12.73
1157.39,0,,68.79,12.71,1,0,68.75,-5.86,-5.05,-0.66,12.74
1157.48,0,,68.76,12.71,1,0,68.45,-5.95,-5.03,-0.73,12.63
1157.57,0,,68.66,12.68,2,-1,68.63,-6.00,-5.00,-0.75,12.55
1157.69,0,,68.63,12.62,2,-1,68.97,-5.94,-5.01,-0.70,12.62
1157.81,0,,68.73,12.61,2,-1,68.72,-5.89,-5.03,-0.67,12.69
1157.90,0,,68.80,12.64,1,0,68.84,-5.90,-5.04,-0.69,12.69
1157.99,0,,68.81,12.69,1,0,68.75,-5.92,-5.09,-0.76,12.72
1158.08,0,,68.80,12.71,2,-1,68.80,-5.98,-5.07,-0.80,12.64
1158.18,0,,68.85,12.69,2,-1,69.27,-5.96,-5.05,-0.76,12.64
1158.32,0,,68.92,12.67,1,0,68.47,-5.92,-5.07,-0.74,12.70
1158.39,0,,68.89,12.67,1,0,69.10,-5.97,-5.04,-0.76,12.62
1158.47,0,,68.87,12.66,1,0,68.77,-5.95,-5.05,-0.75,12.65
1158.59,0,,68.84,12.65,1,0,68.71,-5.97,-5.05,-0.77,12.63
1158.69,0,,68.84,12.64,1,0,69.23,-6.00,-5.05,-0.80,12.60
1158.81,0,,68.86,12.63,1,0,68.34,-5.98,-5.06,-0.79,12.63
1158.89,0,,68.74,12.62,1,0,68.59,-6.04,-5.07,-0.86,12.58
1158.99,0,,68.60,12.60,1,0,68.65,-6.07,-5.06,-0.88,12.54
1159.07,0,,68.58,12.57,1,0,68.62,-6.03,-5.05,-0.83,12.57
1159.19,0,,68.56,12.57,4,-2,68.39,-6.03,-5.07,-0.85,12.59
1159.31,0,,68.55,12.58,4,-2,68.75,-6.06,-5.08,-0.89,12.57
1159.38,0,,68.55,12.58,4,-2,68.39,-6.05,-5.05,-0.85,12.55
1159.49,0,,68.55,12.57,4,-2,68.65,-6.04,-5.04,-0.83,12.55
1159.58,0,,68.62,12.56,2,-1,69.07,-6.02,-5.05,-0.82,12.58
1159.68,0,,68.83,12.57,2,-1,69.11,-5.98,-5.00,-0.73,12.57
1159.83,0,,68.95,12.56,2,-1,68.50,-6.05,-4.98,-0.78,12.48
1159.89,0,,68.83,12.54,0,2,68.58,-6.07,-5.06,-0.88,12.54
1159.97,0,,68.68,12.54,0,2,68.74,-6.01,-5.08,-0.84,12.62
1160.09,0,,68.66,12.57,0,1,68.81,-6.01,-5.05,-0.81,12.59
1160.19,0,,68.69,12.59,0,1,68.60,-6.02,-5.02,-0.79,12.55
1160.30,0,,68.74,12.59,0,1,69.08,-5.99,-5.05,-0.79,12.61
1160.39,0,,68.81,12.59,0,1,68.60,-6.02,-5.08,-0.85,12.61
1160.48,0,,68.76,12.59,1,0,68.47,-6.08,-5.03,-0.86,12.50
1160.57,0,,68.61,12.57,1,0,68.43,-6.00,-5.02,-0.77,12.57
1160.69,0,,68.47,12.57,1,0,68.39,-5.93,-5.07,-0.75,12.69
1160.81,0,,68.40,12.61,2,-1,68.41,-6.01,-5.05,-0.81,12.59
1160.88,0,,68.42,12.61,2,-1,68.68,-6.05,-5.01,-0.81,12.51
1160.99,0,,68.53,12.59,2,-1,68.71,-6.00,-5.05,-0.80,12.60
1161.08,0,,68.64,12.58,2,-1,68.61,-5.97,-5.07,-0.79,12.65
1161.18,0,,68.66,12.60,2,-1,68.53,-6.01,-5.01,-0.77,12.55
1161.32,0,,68.59,12.60,2,-1,68.39,-6.01,-5.03,-0.79,12.57
1161.39,0,,68.51,12.59,2,-1,68.58,-5.99,-5.06,-0.80,12.62
1161.47,0,,68.53,12.59,2,-1,68.83,-6.00,-5.00,-0.75,12.55
1161.59,0,,68.65,12.58,0,1,68.74,-6.00,-4.99,-0.74,12.54
1161.69,0,,68.74,12.56,0,1,68.69,-6.05,-5.03,-0.83,12.53
1161.83,0,,68.75,12.54,0,1,68.77,-6.08,-5.06,-0.89,12.53
1161.90,0,,68.75,12.55,0,1,68.75,-6.00,-5.07,-0.82,12.62
1161.98,0,,68.76,12.59,0,1,68.75,-5.91,-5.06,-0.72,12.70
1162.07,0,,68.75,12.65,0,1,68.71,-5.93,-5.06,-0.74,12.68
1162.19,0,,68.71,12.67,0,1,68.52,-6.05,-5.01,-0.81,12.51
1162.31,0,,68.66,12.62,1,0,68.78,-6.03,-5.03,-0.81,12.55
1162.38,0,,68.66,12.59,1,0,68.67,-5.93,-5.07,-0.75,12.69
1162.49,0,,68.78,12.62,1,0,69.42,-5.91,-5.05,-0.71,12.69
1162.58,0,,68.91,12.67,1,0,68.37,-5.92,-5.07,-0.74,12.70
1162.67,0,,68.82,12.68,0,1,68.50,-6.02,-5.04,-0.81,12.57
1162.82,0,,68.67,12.64,0,1,69.00,-6.04,-5.02,-0.81,12.53
1162.89,0,,68.69,12.60,1,0,68.63,-5.91,-5.05,-0.71,12.69
1162.97,0,,68.73,12.61,1,0,68.78,-5.96,-5.04,-0.75,12.63
1163.09,0,,68.71,12.63,0,1,68.50,-6.04,-5.03,-0.82,12.54
1163.18,0,,68.71,12.60,0,1,69.08,-6.00,-5.02,-0.77,12.57
1163.31,0,,68.79,12.58,0,1,68.83,-5.97,-5.02,-0.74,12.60
1163.40,0,,68.85,12.58,0,1,68.72,-5.98,-5.02,-0.75,12.59
1163.49,0,,68.83,12.58,0,1,68.83,-6.02,-5.01,-0.78,12.54
1163.57,0,,68.77,12.58,0,1,68.54,-6.01,-5.05,-0.81,12.59
1163.69,0,,68.70,12.58,0,1,68.80,-6.00,-5.07,-0.82,12.62
1163.81,0,,68.66,12.60,0,1,68.50,-5.99,-5.03,-0.77,12.59
1163.88,0,,68.69,12.60,1,0,69.14,-6.02,-5.03,-0.80,12.56
1163.99,0,,68.81,12.59,1,0,68.88,-6.04,-5.06,-0.85,12.57
1164.08,0,,68.89,12.58,1,0,68.69,-6.02,-5.07,-0.84,12.60
1164.18,0,,68.85,12.58,1,0,68.86,-6.01,-5.04,-0.80,12.58
1164.32,0,,68.77,12.59,1,0,68.42,-5.97,-5.04,-0.76,12.62
1164.39,0,,68.62,12.61,1,0,68.41,-5.97,-5.03,-0.75,12.61
1164.47,0,,68.50,12.62,1,0,68.67,-5.88,-4.95,-0.58,12.62
1164.59,0,,68.51,12.65,1,0,68.53,-5.55,-4.83,-0.13,12.83
1164.69,0,,68.61,12.73,2,-1,69.02,-5.54,-4.80,-0.09,12.81
1164.81,0,,68.72,12.77,1,0,68.52,-5.84,-4.89,-0.48,12.60
1164.90,0,,68.74,12.72,1,0,68.78,-6.05,-5.06,-0.86,12.56
1164.98,0,,68.75,12.62,1,0,68.89,-6.29,-5.21,-1.25,12.47
1165.07,0,,68.79,12.52,1,0,68.73,-6.25,-5.15,-1.15,12.45
1165.19,0,,68.77,12.47,1,0,68.57,-6.11,-5.06,-0.92,12.50
1165.34,0,,68.71,12.46,1,0,68.83,-6.21,-5.12,-1.08,12.46
1165.41,0,,68.74,12.48,1,0,68.97,-6.15,-5.15,-1.05,12.55
1165.49,0,,68.82,12.51,1,0,68.77,-6.13,-5.13,-1.01,12.55
1165.58,0,,68.84,12.54,0,1,68.75,-6.15,-5.13,-1.03,12.53
1165.67,0,,68.76,12.57,0,1,68.47,-6.06,-5.18,-0.99,12.67
1165.89,0,,68.68,12.60,1,0,68.85,-6.10,-5.14,-0.99,12.59
1165.89,0,,68.69,12.61,1,0,68.85,-6.13,-5.10,-0.98,12.52
1165.97,0,,68.76,12.59,1,0,68.64,-6.10,-5.15,-1.00,12.60
1166.09,0,,68.72,12.57,1,0,68.48,-6.08,-5.09,-0.92,12.56
1166.19,0,,68.69,12.56,1,0,69.11,-6.12,-5.07,-0.94,12.50
1166.31,0,,68.77,12.54,2,-1,68.72,-6.15,-5.16,-1.06,12.56
1166.40,0,,68.81,12.54,2,-1,68.68,-6.15,-5.14,-1.04,12.54
1166.57,0,,68.80,12.54,1,0,69.00,-6.13,-5.12,-1.00,12.54
1166.58,0,,68.82,12.56,1,0,68.66,-6.05,-5.17,-0.97,12.67
1166.69,0,,68.81,12.60,1,0,68.87,-6.10,-5.17,-1.02,12.62
1166.81,0,,68.71,12.61,1,0,68.04,-6.17,-5.13,-1.05,12.51
1166.87,0,,68.50,12.58,1,0,68.55,-6.14,-5.12,-1.01,12.53
1166.99,0,,68.50,12.56,1,0,69.26,-6.07,-5.14,-0.96,12.62
1167.09,0,,68.72,12.58,1,0,68.61,-6.06,-5.14,-0.95,12.63
1167.17,0,,68.82,12.61,2,-1,68.76,-6.10,-5.14,-0.99,12.59
1167.32,0,,68.84,12.62,1,0,69.03,-6.09,-5.18,-1.02,12.64
1167.39,0,,68.88,12.63,1,0,68.81,-6.08,-5.19,-1.02,12.66
1167.47,0,,68.84,12.65,1,0,68.51,-6.04,-5.16,-0.95,12.67
1167.59,0,,68.76,12.67,1,0,69.02,-6.05,-5.14,-0.94,12.64
1167.69,0,,68.78,12.66,1,0,68.78,-6.12,-5.16,-1.03,12.59
1167.81,0,,68.78,12.64,1,0,68.53,-6.10,-5.17,-1.02,12.62
1167.90,0,,68.75,12.64,1,0,69.03,-5.99,-5.19,-0.93,12.75
1168.07,0,,68.83,12.69,1,0,69.06,-5.94,-5.22,-0.91,12.83
1168.08,0,,68.92,12.76,1,0,68.73,-5.99,-5.18,-0.92,12.74
1168.20,0,,68.95,12.77,1,0,69.16,-6.06,-5.15,-0.96,12.64
1168.31,0,,68.96,12.72,1,0,68.76,-6.06,-5.18,-0.99,12.67
1168.38,0,,68.96,12.69,1,0,69.12,-5.99,-5.17,-0.91,12.73
1168.49,0,,68.96,12.70,0,1,68.84,-5.96,-5.16,-0.87,12.75
1168.58,0,,68.93,12.72,0,1,68.86,-6.06,-5.17,-0.98,12.66
1168.67,0,,68.90,12.71,0,1,69.01,-6.06,-5.17,-0.98,12.66
1168.82,0,,68.92,12.70,0,1,68.94,-5.95,-5.20,-0.90,12.80
1168.89,0,,68.96,12.74,0,1,69.08,-5.93,-5.21,-0.89,12.83
1168.97,0,,68.96,12.79,0,1,68.66,-5.99,-5.19,-0.93,12.75
1169.09,0,,68.93,12.79,0,1,69.19,-6.04,-5.19,-0.98,12.70
1169.18,0,,68.91,12.76,0,1,68.65,-6.02,-5.19,-0.96,12.72
1169.34,0,,68.90,12.74,0,1,69.09,-5.95,-5.17,-0.87,12.77
1169.40,0,,68.93,12.74,0,1,69.05,-5.96,-5.18,-0.89,12.77
1169.48,0,,68.98,12.76,0,1,68.81,-5.99,-5.19,-0.93,12.75
1169.57,0,,68.95,12.76,0,1,68.95,-5.97,-5.18,-0.90,12.76
1169.69,0,,68.96,12.77,0,1,69.24,-5.98,-5.19,-0.92,12.76
1169.81,0,,69.01,12.77,0,1,68.76,-5.97,-5.18,-0.90,12.76
1169.88,0,,68.95,12.76,0,1,68.68,-5.94,-5.14,-0.83,12.75
1169.99,0,,68.85,12.75,1,0,69.07,-6.03,-5.17,-0.95,12.69
1170.08,0,,68.89,12.73,1,0,69.08,-6.03,-5.21,-0.99,12.73
1170.18,0,,68.98,12.74,1,0,68.91,-5.90,-5.21,-0.86,12.86
1170.32,0,,69.00,12.79,1,0,69.04,-5.91,-5.22,-0.88,12.86
1170.39,0,,69.01,12.85,1,0,69.04,-5.97,-5.33,-1.05,12.91
1170.47,0,,69.02,12.92,1,0,68.97,-5.89,-5.47,-1.11,13.13
1170.59,0,,69.02,13.03,1,0,69.10,-5.77,-5.38,-0.90,13.16
1170.69,0,,69.03,13.10,1,0,69.00,-5.75,-5.19,-0.69,12.99
1170.81,0,,69.05,13.08,1,0,69.11,-5.85,-5.20,-0.80,12.90
1170.90,0,,69.03,12.99,1,0,68.83,-5.91,-5.25,-0.91,12.89
1170.98,0,,68.97,12.92,1,0,68.94,-5.92,-5.27,-0.94,12.90
1171.07,0,,68.94,12.89,1,0,69.04,-5.90,-5.26,-0.91,12.91
1171.20,0,,68.96,12.90,1,0,68.97,-5.87,-5.28,-0.90,12.96
1171.31,0,,69.04,12.93,1,0,69.40,-5.93,-5.30,-0.98,12.92
1171.37,0,,69.15,12.92,1,0,69.09,-5.97,-5.25,-0.97,12.83
1171.50,0,,69.20,12.88,1,0,69.13,-5.98,-5.22,-0.95,12.79
1171.58,0,,69.18,12.84,1,0,69.22,-5.91,-5.27,-0.93,12.91
1171.70,0,,69.17,12.86,1,0,69.10,-5.88,-5.30,-0.93,12.97
1171.82,0,,69.13,12.89,0,1,68.98,-6.01,-5.27,-1.03,12.81
1171.89,0,,69.05,12.88,0,1,68.91,-6.01,-5.27,-1.03,12.81
1171.97,0,,68.95,12.86,0,1,68.81,-5.91,-5.30,-0.96,12.94
1172.09,0,,68.90,12.88,1,0,69.05,-5.95,-5.29,-0.99,12.89
1172.19,0,,68.94,12.89,1,0,69.15,-5.97,-5.28,-1.00,12.86
1172.30,0,,69.02,12.89,1,0,68.95,-5.93,-5.31,-0.99,12.93
1172.40,0,,69.00,12.91,1,0,68.68,-5.94,-5.33,-1.02,12.94
1172.48,0,,68.93,12.93,2,-1,69.27,-5.93,-5.32,-1.00,12.94
1172.57,0,,68.98,12.96,2,-1,68.97,-5.88,-5.35,-0.98,13.02
1172.69,0,,69.06,12.99,1,0,69.29,-5.89,-5.37,-1.01,13.03
1172.84,0,,69.16,13.02,1,0,69.22,-5.91,-5.35,-1.01,12.99
1172.88,0,,69.23,13.03,1,0,69.29,-5.86,-5.38,-0.99,13.07
1172.99,0,,69.29,13.04,1,0,69.40,-5.84,-5.35,-0.94,13.06
1173.08,0,,69.29,13.05,0,2,68.94,-5.89,-5.31,-0.95,12.97
1173.18,0,,69.21,13.02,0,2,69.27,-5.90,-5.36,-1.01,13.01
1173.32,0,,69.11,13.01,0,1,68.79,-5.89,-5.33,-0.97,12.99
1173.39,0,,69.01,12.99,0,1,69.01,-5.91,-5.30,-0.96,12.94
1173.47,0,,68.93,12.99,1,0,68.88,-5.83,-5.34,-0.92,13.06
1173.62,0,,68.94,13.00,1,0,69.13,-5.88,-5.33,-0.96,13.00
1173.69,0,,69.00,13.01,1,0,69.08,-5.95,-5.37,-1.07,12.97
1173.83,0,,69.07,13.02,4,-2,69.13,-5.83,-5.40,-0.98,13.12
1173.95,0,,69.12,13.06,2,-1,69.19,-5.76,-5.39,-0.90,13.18
1174.07,0,,69.16,13.12,2,-1,69.17,-5.81,-5.40,-0.96,13.14
1174.08,0,,69.16,13.14,1,0,69.06,-5.89,-5.39,-1.03,13.05
1174.20,0,,69.11,13.11,0,1,68.99,-5.93,-5.39,-1.07,13.01
1174.33,0,,69.07,13.07,0,1,69.21,-5.88,-5.41,-1.04,13.08
1174.40,0,,69.05,13.06,1,0,68.82,-5.82,-5.39,-0.96,13.12
1174.50,0,,69.02,13.08,1,0,69.17,-5.86,-5.36,-0.97,13.05
1174.59,0,,69.01,13.08,1,0,68.90,-5.89,-5.40,-1.04,13.06
1174.67,0,,69.03,13.08,1,0,69.24,-5.83,-5.45,-1.03,13.17
1174.83,0,,69.06,13.11,1,0,68.91,-5.85,-5.41,-1.01,13.11
1174.89,0,,69.12,13.12,2,-1,69.58,-5.89,-5.41,-1.05,13.07
1174.98,0,,69.18,13.11,1,0,68.78,-5.85,-5.43,-1.03,13.13
1175.13,0,,69.13,13.09,1,0,69.04,-5.93,-5.36,-1.04,12.98
1175.23,0,,69.02,13.05,1,0,68.91,-5.92,-5.35,-1.02,12.98
1175.31,0,,68.98,13.03,1,0,69.17,-5.79,-5.43,-0.97,13.19
1175.40,0,,69.03,13.08,1,0,69.11,-5.83,-5.46,-1.04,13.18
1175.49,0,,69.07,13.14,1,0,68.97,-5.87,-5.45,-1.07,13.13
1175.57,0,,69.09,13.16,1,0,69.27,-5.87,-5.45,-1.07,13.13
1175.70,0,,69.11,13.14,1,0,68.93,-5.91,-5.43,-1.09,13.07
1175.82,0,,69.05,13.10,1,0,68.83,-5.95,-5.40,-1.10,13.00
1175.88,0,,68.96,13.06,1,0,69.04,-5.90,-5.46,-1.11,13.11
1176.06,0,,69.01,13.07,1,0,69.51,-5.87,-5.49,-1.11,13.17
1176.09,0,,69.20,13.11,1,0,69.28,-5.94,-5.47,-1.16,13.08
1176.18,0,,69.33,13.13,1,0,69.32,-5.86,-5.47,-1.08,13.16
1176.32,0,,69.37,13.14,1,0,69.44,-5.86,-5.45,-1.06,13.14
1176.39,0,,69.36,13.14,0,2,69.08,-5.97,-5.46,-1.18,13.04
1176.47,0,,69.24,13.12,1,0,68.94,-5.88,-5.49,-1.12,13.16
1176.59,0,,69.10,13.12,1,0,69.17,-5.88,-5.48,-1.11,13.15
1176.69,0,,69.05,13.13,1,0,69.02,-5.94,-5.47,-1.16,13.08
1176.81,0,,69.06,13.13,1,0,69.20,-5.87,-5.49,-1.11,13.17
1176.90,0,,69.13,13.14,1,0,69.36,-5.90,-5.48,-1.13,13.13
1176.98,0,,69.24,13.15,1,0,69.29,-5.90,-5.49,-1.14,13.14
1177.08,0,,69.28,13.16,1,0,69.12,-5.82,-5.51,-1.08,13.24
1177.25,0,,69.25,13.18,1,0,69.26,-5.90,-5.48,-1.13,13.13
1177.35,0,,69.24,13.17,1,0,69.33,-5.99,-5.48,-1.22,13.04
1177.40,0,,69.17,13.13,1,0,68.57,-5.89,-5.50,-1.14,13.16
1177.50,0,,69.03,13.12,1,0,69.25,-5.87,-5.47,-1.09,13.15
1177.59,0,,69.04,13.13,1,0,69.40,-5.89,-5.46,-1.10,13.12
1177.68,0,,69.17,13.15,1,0,69.08,-5.82,-5.48,-1.05,13.21
1177.83,0,,69.18,13.17,1,0,68.97,-5.89,-5.46,-1.10,13.12
1177.94,0,,69.12,13.15,1,0,69.19,-5.93,-5.44,-1.12,13.06
1177.97,0,,69.09,13.12,1,0,69.05,-5.84,-5.45,-1.04,13.16
1178.16,0,,69.12,13.12,1,0,69.36,-5.89,-5.45,-1.09,13.11
1178.19,0,,69.18,13.12,1,0,69.13,-5.96,-5.47,-1.18,13.06
1178.31,0,,69.19,13.11,1,0,69.04,-5.88,-5.49,-1.12,13.16
1178.40,0,,69.14,13.13,1,0,69.17,-5.85,-5.47,-1.07,13.17
1178.49,0,,69.14,13.15,1,0,69.26,-5.88,-5.45,-1.08,13.12
1178.57,0,,69.20,13.15,1,0,69.38,-5.90,-5.47,-1.12,13.12
1178.69,0,,69.29,13.14,1,0,69.28,-5.96,-5.52,-1.23,13.11
1178.81,0,,69.32,13.13,0,1,69.32,-5.96,-5.55,-1.26,13.14
1178.88,0,,69.34,13.14,0,1,69.44,-5.91,-5.58,-1.24,13.22
1179.06,0,,69.33,13.17,0,1,69.04,-6.01,-5.61,-1.37,13.15
1179.09,0,,69.27,13.16,0,1,69.35,-6.11,-5.59,-1.45,13.03
1179.18,0,,69.25,13.12,1,0,69.28,-6.06,-5.58,-1.39,13.07
1179.33,0,,69.22,13.07,1,0,68.90,-6.09,-5.57,-1.41,13.03
1179.39,0,,69.15,13.04,1,0,69.35,-6.15,-5.57,-1.47,12.97
1179.47,0,,69.14,13.02,1,0,69.03,-6.09,-5.59,-1.43,13.05
1179.60,0,,69.18,13.01,1,0,69.52,-6.15,-5.61,-1.51,13.01
1179.69,0,,69.30,13.02,1,0,69.47,-6.19,-5.62,-1.56,12.98
1179.81,0,,69.43,13.02,1,0,69.47,-6.04,-5.61,-1.40,13.12
1179.90,0,,69.45,13.05,1,0,69.17,-6.08,-5.61,-1.44,13.08
1179.99,0,,69.38,13.06,0,1,69.40,-6.21,-5.61,-1.57,12.95
1180.07,0,,69.31,13.03,0,1,69.14,-6.18,-5.58,-1.51,12.95
1180.20,0,,69.21,12.98,0,1,68.98,-6.17,-5.60,-1.52,12.98
1180.32,0,,69.12,12.97,0,1,69.25,-6.16,-5.60,-1.51,12.99
1180.38,0,,69.15,12.99,0,1,69.44,-6.11,-5.63,-1.49,13.07
1180.53,0,,69.26,13.03,0,1,69.20,-6.16,-5.66,-1.57,13.05
1180.59,0,,69.31,13.04,1,0,69.34,-6.24,-5.63,-1.62,12.94
1180.68,0,,69.36,13.02,1,0,69.66,-6.14,-5.63,-1.52,13.04
1180.83,0,,69.44,13.02,1,0,69.28,-6.10,-5.64,-1.49,13.09
1180.89,0,,69.38,13.04,1,0,68.89,-6.18,-5.64,-1.57,13.01
1180.98,0,,69.22,13.05,1,0,69.38,-6.10,-5.64,-1.49,13.09
1181.10,0,,69.21,13.06,1,0,69.50,-6.11,-5.63,-1.49,13.07
1181.19,0,,69.28,13.06,1,0,69.05,-6.19,-5.59,-1.53,12.95
1181.31,0,,69.25,13.03,1,0,69.10,-6.12,-5.58,-1.45,13.01
1181.40,0,,69.11,13.02,1,0,68.78,-6.08,-5.64,-1.47,13.11
1181.49,0,,69.02,13.05,1,0,69.38,-6.11,-5.64,-1.50,13.08
1181.57,0,,69.11,13.08,1,0,69.38,-6.08,-5.61,-1.44,13.08
1181.70,0,,69.21,13.09,1,0,68.92,-6.08,-5.61,-1.44,13.08
1181.81,0,,69.19,13.08,1,0,69.27,-6.14,-5.62,-1.51,13.03
1181.88,0,,69.17,13.07,1,0,69.18,-6.11,-5.64,-1.50,13.08
1182.06,0,,69.17,13.07,1,0,69.09,-6.06,-5.63,-1.44,13.12
1182.08,0,,69.14,13.09,1,0,69.12,-6.07,-5.62,-1.44,13.10
1182.18,0,,69.15,13.10,1,0,69.38,-6.11,-5.61,-1.47,13.05
1182.33,0,,69.22,13.09,1,0,69.21,-6.11,-5.65,-1.51,13.09
1182.39,0,,69.26,13.09,1,0,69.31,-6.08,-5.66,-1.49,13.13
1182.47,0,,69.28,13.10,0,1,69.22,-6.08,-5.61,-1.44,13.08
1182.60,0,,69.33,13.10,0,1,69.74,-6.09,-5.59,-1.43,13.05
1182.69,0,,69.46,13.08,0,1,69.53,-6.12,-5.60,-1.47,13.03
1182.81,0,,69.52,13.06,0,2,69.24,-6.14,-5.62,-1.51,13.03
1182.90,0,,69.38,13.05,0,2,68.84,-6.11,-5.63,-1.49,13.07
1182.99,0,,69.15,13.06,0,1,69.19,-6.10,-5.64,-1.49,13.09
1183.07,0,,69.10,13.08,1,0,69.48,-6.09,-5.66,-1.50,13.12
1183.20,0,,69.19,13.10,1,0,69.06,-6.16,-5.64,-1.55,13.03
1183.35,0,,69.22,13.07,1,0,69.20,-6.18,-5.61,-1.54,12.98
1183.38,0,,69.15,13.04,2,-1,68.83,-6.10,-5.63,-1.48,13.08
1183.50,0,,69.10,13.03,4,-2,69.52,-6.14,-5.63,-1.52,13.04
1183.58,0,,69.19,13.05,4,-2,69.30,-6.15,-5.65,-1.55,13.05
1183.68,0,,69.28,13.07,2,-1,69.17,-6.09,-5.66,-1.50,13.12
1183.85,0,,69.27,13.09,1,0,69.16,-6.14,-5.66,-1.55,13.07
1183.89,0,,69.18,13.08,1,0,68.94,-6.18,-5.64,-1.57,13.01
1183.97,0,,69.09,13.05,1,0,69.21,-6.18,-5.63,-1.56,13.00
1184.10,0,,69.05,13.03,1,0,68.82,-6.21,-5.70,-1.66,13.04
1184.19,0,,69.00,13.03,1,0,69.08,-6.19,-5.71,-1.65,13.07
1184.31,0,,69.02,13.04,1,0,69.24,-6.19,-5.64,-1.58,13.00
1184.40,0,,69.12,13.04,1,0,69.25,-6.22,-5.67,-1.64,13.00
1184.49,0,,69.24,13.03,1,0,69.48,-6.17,-5.73,-1.65,13.11
1184.58,0,,69.39,13.06,1,0,69.61,-6.14,-5.72,-1.61,13.13
1184.70,0,,69.42,13.09,0,1,68.79,-6.22,-5.69,-1.66,13.02
