Train.Red Export for,Jinwei wingate 3/18/2026
-------------------------------------------------------------
Measurement Date,2026-03-18T11:57:04.870423
Type,free
Sport,strength
Focus,perform
Number of Sensors,1
Samples,10651
Measurement Duration,17:44
Distance,0 m
MSS Avg,4.00
TSI Min,61.67
TSI Max,71.75
TSI Avg,70.01

Muscle states
Rest,05:05
Easy,07:31
Medi,03:43
Hard,00:00
Load,01:23



Sensor 1,Train.Red FYER
-------------------------------------------------------------
Sensor DataType,expertV13
Sensor ID,Train.Red FYER 1258
Mac Address,DCC48916-4672-04F7-A0DB-519724C43DEA
Firmware Version,
Sensor Position,quadVLRight
Initial TSI,71.15
Initial HBDiff,8.64
Initial o2Hb,0.70
Initial HHb,-7.85
Tsi Var,25.0
Filter Id,1
MSS Avg,4
TSI Min,61.67
TSI Max,71.75
TSI Avg,70.01
,,,Train.Red FYER 1258,,,,,,,,,
Timestamp (seconds passed),Lap/Event,,SmO2,HBDiff,Muscle state,Muscle trend,SmO2 unfiltered,O2HB unfiltered,HHb unfiltered,THb unfiltered,HBDiff unfiltered
0.00,0,,71.16,8.62,0,2,71.27,-0.02,0.05,-7.17,8.53
0.09,0,,71.22,8.59,0,2,71.37,-0.03,0.00,-7.23,8.57
0.21,0,,71.20,8.57,0,2,70.61,0.01,0.04,-7.15,8.57
0.30,0,,71.04,8.56,0,2,71.01,-0.00,0.03,-7.17,8.57
0.39,0,,70.92,8.57,0,2,70.97,-0.06,-0.03,-7.29,8.57
0.51,0,,70.96,8.57,0,2,71.31,-0.02,0.01,-7.21,8.57
0.66,0,,71.08,8.59,0,2,71.07,0.07,-0.01,-7.14,8.68
0.69,0,,71.15,8.62,0,2,71.14,0.02,0.00,-7.18,8.62
0.81,0,,71.19,8.64,0,2,71.41,-0.00,-0.01,-7.21,8.61
0.90,0,,71.16,8.64,0,2,70.46,0.06,-0.03,-7.17,8.69
0.99,0,,71.01,8.65,1,0,71.27,0.03,-0.01,-7.18,8.64
1.14,0,,70.96,8.65,1,0,70.98,-0.02,-0.01,-7.23,8.59
1.20,0,,71.04,8.64,1,0,71.29,0.05,0.03,-7.12,8.62
1.29,0,,71.15,8.64,0,1,71.28,0.34,0.18,-6.68,8.76
1.41,0,,71.19,8.71,0,1,70.82,0.57,0.29,-6.34,8.88
1.50,0,,71.13,8.80,1,0,71.29,0.53,0.28,-6.39,8.85
1.59,0,,71.06,8.87,1,0,70.70,0.66,0.33,-6.21,8.93
1.71,0,,71.00,8.92,2,-1,71.26,0.82,0.41,-5.97,9.01
1.80,0,,71.00,8.95,1,0,70.87,0.66,0.40,-6.14,8.86
1.89,0,,71.00,8.93,0,2,71.03,0.48,0.26,-6.46,8.82
2.01,0,,70.99,8.87,1,0,70.97,0.28,0.09,-6.83,8.79
2.16,0,,70.96,8.81,1,0,70.77,0.15,0.04,-7.01,8.71
2.19,0,,70.91,8.76,1,0,71.02,0.14,-0.02,-7.08,8.76
2.31,0,,70.95,8.74,2,-1,71.28,0.05,-0.09,-7.24,8.74
2.40,0,,71.07,8.73,2,-1,71.01,-0.03,-0.11,-7.34,8.68
2.49,0,,71.15,8.73,2,-1,71.34,0.11,-0.12,-7.21,8.83
2.64,0,,71.23,8.78,1,0,71.32,0.36,0.04,-6.80,8.92
2.70,0,,71.30,8.87,0,1,71.34,0.69,0.25,-6.26,9.04
2.79,0,,71.37,9.05,0,2,71.56,1.32,0.26,-5.62,9.66
2.91,0,,71.45,9.43,0,2,71.50,2.04,0.33,-4.83,10.31
3.00,0,,71.51,9.95,0,2,71.57,2.63,0.62,-3.95,10.61
3.09,0,,71.60,10.42,0,2,71.93,2.92,0.75,-3.53,10.77
3.21,0,,71.74,10.66,0,2,71.85,2.20,0.42,-4.58,10.38
3.30,0,,71.74,10.53,0,2,71.05,1.01,0.01,-6.18,9.60
3.39,0,,71.49,10.03,0,2,71.06,0.23,-0.11,-7.08,8.94
3.51,0,,71.18,9.35,0,1,70.94,-0.34,-0.27,-7.81,8.53
3.69,0,,71.01,8.79,2,-1,71.13,-0.70,-0.61,-8.51,8.51
3.69,0,,71.12,8.55,4,-2,72.05,-0.22,-0.55,-7.97,8.93
3.81,0,,71.45,8.72,4,-2,71.49,0.80,-0.26,-6.66,9.66
3.90,0,,71.57,9.24,2,-1,71.07,1.69,0.06,-5.45,10.23
3.99,0,,71.49,9.83,2,-1,71.79,2.04,0.44,-4.72,10.20
4.14,0,,71.45,10.06,2,-1,71.16,0.65,0.01,-6.54,9.24
4.20,0,,71.33,9.70,1,0,70.88,-0.88,-0.56,-8.64,8.28
4.29,0,,71.04,8.98,1,0,70.44,-0.89,-0.59,-8.68,8.30
4.41,0,,70.79,8.45,1,0,71.13,-0.70,-0.57,-8.47,8.47
4.50,0,,70.83,8.34,4,-2,71.26,-0.19,-0.45,-7.84,8.86
4.59,0,,70.98,8.64,4,-2,70.73,1.01,-0.06,-6.25,9.67
4.71,0,,71.01,9.09,4,-2,71.16,0.80,0.24,-6.16,9.16
4.80,0,,70.97,9.18,4,-2,70.61,-0.77,-0.30,-8.27,8.13
4.89,0,,70.82,8.76,4,-2,70.48,-1.38,-0.71,-9.29,7.93
5.01,0,,70.71,8.25,4,-2,71.14,-0.96,-0.40,-8.56,8.04
5.16,0,,70.86,8.03,4,-2,71.45,-0.57,-0.37,-8.14,8.40
5.19,0,,71.07,8.17,2,-1,70.74,0.08,-0.10,-7.22,8.78
5.31,0,,71.02,8.40,2,-1,70.46,-0.17,0.25,-7.12,8.18
5.40,0,,70.72,8.30,2,-1,70.29,-1.72,-0.30,-9.22,7.18
5.49,0,,70.45,7.83,4,-2,70.36,-1.79,-0.48,-9.47,7.29
5.64,0,,70.35,7.46,4,-2,70.64,-0.93,-0.09,-8.22,7.76
5.70,0,,70.39,7.46,4,-2,70.26,-0.74,0.03,-7.91,7.83
5.79,0,,70.39,7.63,4,-2,70.30,-0.63,0.28,-7.55,7.69
5.91,0,,70.30,7.63,4,-2,69.98,-1.38,0.24,-8.34,6.98
6.03,0,,70.14,7.34,4,-2,69.89,-2.06,-0.10,-9.36,6.64
6.09,0,,69.96,6.96,4,-2,69.78,-1.63,0.10,-8.73,6.87
6.21,0,,69.80,6.81,4,-2,69.50,-1.29,0.26,-8.23,7.05
6.30,0,,69.63,6.85,4,-2,69.51,-1.23,0.45,-7.98,6.92
6.39,0,,69.57,6.84,4,-2,69.89,-1.53,0.70,-8.03,6.37
6.54,0,,69.62,6.61,4,-2,69.47,-2.33,0.26,-9.27,6.01
6.66,0,,69.58,6.30,4,-2,69.28,-2.18,0.27,-9.11,6.15
6.77,0,,69.46,6.16,4,-2,69.39,-1.44,0.66,-7.98,6.50
6.81,0,,69.30,6.21,4,-2,68.85,-1.56,0.84,-7.92,6.20
6.90,0,,69.15,6.18,4,-2,69.30,-2.00,0.98,-8.22,5.62
6.99,0,,69.03,5.93,4,-2,68.54,-2.57,0.60,-9.17,5.43
7.14,0,,68.90,5.63,4,-2,69.00,-2.45,0.68,-8.97,5.47
7.20,0,,68.81,5.47,4,-2,68.68,-1.80,1.17,-7.83,5.63
7.29,0,,68.70,5.43,4,-2,68.21,-2.16,1.24,-8.12,5.20
7.41,0,,68.53,5.28,4,-2,68.61,-2.82,1.13,-8.89,4.65
7.50,0,,68.44,5.03,4,-2,68.39,-2.67,0.88,-8.99,5.05
7.59,0,,68.44,4.95,4,-2,68.52,-2.10,1.22,-8.08,5.28
7.71,0,,68.38,5.00,4,-2,67.87,-2.16,1.70,-7.66,4.74
7.80,0,,68.15,4.87,4,-2,67.67,-2.91,1.52,-8.59,4.17
7.89,0,,67.88,4.51,4,-2,67.81,-3.56,1.15,-9.61,3.89
8.01,0,,67.69,4.10,4,-2,67.35,-3.38,1.44,-9.14,3.78
8.16,0,,67.54,3.73,4,-2,67.52,-3.45,2.20,-8.45,2.95
8.19,0,,67.35,3.22,4,-2,66.58,-4.09,2.37,-8.92,2.14
8.34,0,,67.04,2.62,4,-2,66.78,-4.17,2.28,-9.09,2.15
8.40,0,,66.87,2.24,4,-2,67.39,-4.19,2.04,-9.35,2.37
8.49,0,,66.91,2.18,4,-2,66.55,-4.04,2.11,-9.13,2.45
8.64,0,,66.81,2.23,4,-2,66.31,-4.15,2.46,-8.89,1.99
8.70,0,,66.58,2.13,4,-2,66.55,-4.54,2.40,-9.34,1.66
8.79,0,,66.43,1.90,4,-2,66.22,-4.68,2.24,-9.64,1.68
8.91,0,,66.38,1.74,4,-2,66.63,-4.36,2.35,-9.21,1.89
9.00,0,,66.35,1.77,4,-2,65.96,-3.71,2.87,-8.04,2.02
9.09,0,,66.20,1.80,4,-2,65.76,-4.17,3.05,-8.32,1.38
9.21,0,,66.04,1.65,4,-2,66.39,-4.69,2.75,-9.14,1.16
9.30,0,,66.05,1.43,4,-2,66.06,-4.56,2.43,-9.33,1.61
9.39,0,,66.18,1.42,4,-2,66.64,-4.24,2.67,-8.77,1.69
9.51,0,,66.26,1.49,4,-2,65.68,-4.16,3.17,-8.19,1.27
9.66,0,,66.15,1.38,4,-2,66.10,-5.03,2.84,-9.39,0.73
9.69,0,,65.99,1.08,4,-2,65.72,-5.37,2.47,-10.10,0.76
9.81,0,,65.91,0.88,4,-2,66.12,-4.58,2.81,-8.97,1.21
9.90,0,,65.91,0.93,4,-2,65.84,-4.24,3.25,-8.19,1.11
9.99,0,,65.88,0.97,2,-1,65.60,-4.85,3.20,-8.85,0.55
10.14,0,,65.73,0.81,4,-2,65.45,-5.18,3.03,-9.35,0.39
10.20,0,,65.58,0.63,4,-2,65.60,-4.66,3.02,-8.84,0.92
10.29,0,,65.51,0.68,4,-2,65.42,-4.14,3.39,-7.95,1.07
10.41,0,,65.42,0.77,4,-2,65.07,-4.59,3.75,-8.04,0.26
10.50,0,,65.28,0.59,4,-2,65.27,-5.30,3.32,-9.18,-0.02
10.59,0,,65.21,0.32,4,-2,65.25,-5.35,2.79,-9.76,0.46
10.71,0,,65.29,0.27,4,-2,65.80,-4.85,3.15,-8.90,0.60
10.80,0,,65.42,0.39,4,-2,65.18,-4.44,3.73,-7.91,0.43
10.89,0,,65.38,0.40,4,-2,64.90,-4.86,3.77,-8.29,-0.03
11.04,0,,65.16,0.20,4,-2,65.02,-5.30,3.64,-8.86,-0.34
11.16,0,,65.01,-0.01,4,-2,64.96,-4.99,3.31,-8.88,0.30
11.19,0,,64.96,0.02,4,-2,65.06,-4.56,3.58,-8.18,0.46
11.34,0,,64.92,0.16,4,-2,64.53,-4.74,4.04,-7.90,-0.18
11.40,0,,64.84,0.06,4,-2,65.05,-5.36,3.70,-8.86,-0.46
11.49,0,,64.85,-0.17,4,-2,64.95,-5.59,3.34,-9.45,-0.33
11.64,0,,64.87,-0.30,4,-2,64.57,-4.97,3.70,-8.47,-0.07
11.70,0,,64.83,-0.26,4,-2,65.05,-4.60,4.18,-7.62,-0.18
11.79,0,,64.74,-0.25,4,-2,64.03,-5.18,4.11,-8.27,-0.69
11.91,0,,64.58,-0.44,4,-2,64.78,-5.36,4.11,-8.45,-0.87
12.00,0,,64.53,-0.63,4,-2,64.67,-5.44,3.58,-9.06,-0.42
12.09,0,,64.60,-0.58,4,-2,64.62,-5.22,3.49,-8.93,-0.11
12.21,0,,64.56,-0.38,4,-2,64.01,-4.62,4.27,-7.55,-0.29
12.30,0,,64.24,-0.33,4,-2,63.21,-5.02,4.46,-7.76,-0.88
12.39,0,,63.84,-0.56,4,-2,64.19,-5.38,4.38,-8.20,-1.16
12.51,0,,63.81,-0.85,4,-2,64.32,-5.74,3.66,-9.28,-0.80
12.66,0,,64.06,-0.92,4,-2,64.39,-5.75,3.40,-9.55,-0.55
12.69,0,,64.31,-0.76,4,-2,64.53,-4.76,4.27,-7.69,-0.43
12.81,0,,64.27,-0.61,4,-2,62.97,-4.40,5.02,-6.58,-0.82
12.90,0,,63.91,-0.67,4,-2,63.91,-4.91,4.89,-7.22,-1.20
12.99,0,,63.81,-0.86,4,-2,64.84,-5.64,3.74,-9.10,-0.78
13.14,0,,64.14,-0.91,4,-2,64.41,-5.69,3.61,-9.28,-0.70
13.20,0,,64.31,-0.86,0,1,63.49,-5.12,4.42,-7.90,-0.94
13.29,0,,64.02,-0.86,0,2,63.29,-4.66,4.96,-6.90,-1.02
13.41,0,,63.68,-0.99,2,-1,64.02,-4.87,5.18,-6.89,-1.45
13.50,0,,63.63,-1.22,4,-2,63.71,-5.84,4.30,-8.74,-1.54
13.59,0,,63.73,-1.38,4,-2,63.96,-5.85,3.80,-9.25,-1.05
13.71,0,,63.88,-1.29,2,-1,64.18,-5.11,4.35,-7.96,-0.86
13.80,0,,63.91,-1.09,4,-2,63.10,-4.77,4.94,-7.03,-1.11
13.89,0,,63.66,-1.06,4,-2,63.30,-4.85,5.22,-6.83,-1.47
14.01,0,,63.43,-1.22,4,-2,63.69,-5.51,4.54,-8.17,-1.45
14.16,0,,63.49,-1.33,4,-2,63.99,-5.79,3.86,-9.13,-1.05
14.19,0,,63.71,-1.28,2,-1,63.81,-5.40,4.35,-8.25,-1.15
14.31,0,,63.71,-1.23,1,0,62.79,-5.21,4.91,-7.50,-1.52
14.40,0,,63.44,-1.36,4,-2,63.39,-5.63,4.83,-8.00,-1.86
14.49,0,,63.32,-1.61,4,-2,63.86,-5.99,4.43,-8.76,-1.82
14.64,0,,63.50,-1.72,4,-2,63.76,-5.55,4.31,-8.44,-1.26
14.70,0,,63.65,-1.59,4,-2,63.39,-5.14,4.79,-7.55,-1.33
14.79,0,,63.50,-1.47,4,-2,62.61,-5.43,5.00,-7.63,-1.83
14.91,0,,63.20,-1.59,4,-2,63.42,-5.86,4.80,-8.26,-2.06
15.00,0,,63.17,-1.81,4,-2,63.72,-6.05,4.38,-8.87,-1.83
15.09,0,,63.36,-1.84,2,-1,63.35,-5.44,4.43,-8.21,-1.27
15.21,0,,63.49,-1.66,2,-1,63.61,-5.15,5.02,-7.33,-1.57
15.30,0,,63.36,-1.63,2,-1,62.13,-5.85,5.11,-7.94,-2.36
15.39,0,,63.04,-1.86,2,-1,63.41,-5.77,4.91,-8.06,-2.08
15.51,0,,62.99,-1.99,4,-2,63.51,-5.76,4.27,-8.69,-1.43
15.66,0,,63.17,-1.82,4,-2,62.99,-5.56,4.54,-8.22,-1.50
15.69,0,,63.31,-1.61,2,-1,63.87,-4.90,5.28,-6.82,-1.58
15.84,0,,63.27,-1.60,2,-1,61.90,-5.81,4.95,-8.06,-2.16
15.90,0,,63.02,-1.85,2,-1,63.64,-6.10,4.98,-8.32,-2.48
15.99,0,,63.03,-2.05,4,-2,63.50,-5.24,4.62,-7.82,-1.26
16.14,0,,63.31,-1.82,2,-1,63.59,-4.93,4.77,-7.36,-1.10
16.20,0,,63.47,-1.51,0,1,63.20,-5.39,5.13,-7.46,-1.92
16.29,0,,63.30,-1.56,0,2,62.27,-6.14,4.61,-8.73,-2.15
16.41,0,,62.94,-1.87,0,1,63.09,-5.80,5.11,-7.89,-2.31
16.50,0,,62.84,-2.09,2,-1,63.31,-5.55,4.83,-7.92,-1.78
16.59,0,,63.00,-2.01,2,-1,63.08,-5.47,4.59,-8.08,-1.46
16.74,0,,63.15,-1.77,2,-1,63.30,-5.24,5.09,-7.35,-1.73
16.80,0,,63.04,-1.72,2,-1,61.77,-6.08,4.83,-8.45,-2.31
16.89,0,,62.72,-1.97,2,-1,63.14,-6.06,5.11,-8.15,-2.57
17.04,0,,62.69,-2.18,4,-2,63.22,-5.38,4.71,-7.87,-1.49
17.16,0,,62.94,-1.99,4,-2,63.15,-5.13,4.77,-7.56,-1.30
17.19,0,,63.11,-1.67,2,-1,63.04,-5.23,5.22,-7.21,-1.85
17.31,0,,63.07,-1.66,2,-1,62.52,-6.14,4.72,-8.62,-2.26
17.40,0,,62.88,-1.96,2,-1,62.82,-6.04,5.13,-8.11,-2.57
17.49,0,,62.79,-2.20,2,-1,63.06,-5.46,4.79,-7.87,-1.65
17.64,0,,62.84,-2.07,2,-1,62.78,-5.40,4.71,-7.89,-1.51
17.70,0,,62.96,-1.83,2,-1,63.59,-5.21,5.41,-7.00,-2.02
17.79,0,,63.06,-1.83,2,-1,62.39,-5.85,5.05,-8.00,-2.30
17.91,0,,63.04,-2.10,0,1,63.51,-6.29,5.07,-8.42,-2.76
18.00,0,,63.03,-2.34,1,0,62.69,-5.61,4.92,-7.89,-1.93
18.09,0,,63.05,-2.25,1,0,63.41,-5.15,4.99,-7.36,-1.54
18.21,0,,63.09,-1.98,0,1,62.94,-5.50,5.23,-7.47,-2.13
18.30,0,,63.06,-1.92,1,0,62.79,-5.99,4.88,-8.31,-2.27
18.39,0,,62.97,-2.07,2,-1,63.11,-5.99,4.93,-8.26,-2.32
18.51,0,,62.99,-2.17,0,1,63.22,-5.56,4.88,-7.88,-1.84
18.66,0,,63.09,-2.08,0,1,63.10,-5.29,5.12,-7.37,-1.81
18.69,0,,63.08,-1.95,1,0,62.67,-5.51,5.21,-7.50,-2.12
18.81,0,,62.90,-1.99,1,0,62.55,-6.00,4.95,-8.25,-2.35
18.90,0,,62.79,-2.20,1,0,63.35,-6.28,4.97,-8.51,-2.65
18.99,0,,62.98,-2.34,1,0,63.57,-5.63,4.84,-7.99,-1.87
19.14,0,,63.25,-2.22,1,0,63.09,-5.17,5.19,-7.18,-1.76
19.23,0,,63.22,-2.06,0,1,62.46,-5.67,5.45,-7.42,-2.52
19.29,0,,62.93,-2.15,1,0,62.77,-5.84,5.30,-7.74,-2.54
19.41,0,,62.77,-2.39,2,-1,63.06,-6.14,5.06,-8.28,-2.60
19.50,0,,62.76,-2.49,2,-1,62.47,-5.95,4.82,-8.33,-2.17
19.59,0,,62.70,-2.35,1,0,62.61,-5.15,5.22,-7.13,-1.77
19.74,0,,62.60,-2.13,2,-1,62.46,-5.38,5.56,-7.02,-2.34
19.80,0,,62.51,-2.19,4,-2,62.42,-5.95,5.61,-7.54,-2.96
19.89,0,,62.55,-2.50,4,-2,63.24,-6.35,5.01,-8.54,-2.76
20.01,0,,62.82,-2.65,4,-2,63.29,-6.35,4.25,-9.30,-2.00
20.16,0,,63.04,-2.44,2,-1,62.61,-5.73,4.80,-8.13,-1.93
20.19,0,,62.94,-2.15,2,-1,62.38,-5.37,5.39,-7.18,-2.16
20.31,0,,62.56,-2.12,2,-1,61.74,-5.67,5.66,-7.21,-2.73
20.40,0,,62.25,-2.41,2,-1,62.76,-6.32,5.41,-8.11,-3.13
20.49,0,,62.29,-2.69,2,-1,62.74,-6.50,4.33,-9.37,-2.23
20.64,0,,62.57,-2.62,2,-1,62.92,-5.96,4.71,-8.45,-2.07
20.70,0,,62.70,-2.37,2,-1,62.17,-5.11,5.84,-6.47,-2.35
20.79,0,,62.53,-2.27,2,-1,61.91,-5.02,6.09,-6.13,-2.51
20.91,0,,62.28,-2.40,4,-2,62.60,-6.01,5.52,-7.69,-2.93
21.00,0,,62.36,-2.57,2,-1,63.11,-6.48,4.43,-9.25,-2.31
21.09,0,,62.62,-2.52,2,-1,62.47,-5.80,4.82,-8.18,-2.02
21.21,0,,62.67,-2.33,2,-1,62.26,-5.13,5.87,-6.46,-2.40
21.30,0,,62.46,-2.31,2,-1,61.94,-5.41,5.97,-6.64,-2.78
21.39,0,,62.23,-2.54,2,-1,62.42,-6.24,5.41,-8.03,-3.05
21.51,0,,62.19,-2.77,2,-1,62.26,-6.69,4.48,-9.41,-2.57
21.69,0,,62.34,-2.75,2,-1,63.08,-5.91,4.97,-8.14,-2.28
21.69,0,,62.49,-2.54,2,-1,61.76,-4.96,5.99,-6.17,-2.35
21.81,0,,62.41,-2.42,2,-1,62.45,-5.61,5.74,-7.07,-2.75
21.90,0,,62.36,-2.49,2,-1,62.74,-6.30,4.93,-8.57,-2.63
21.99,0,,62.56,-2.49,2,-1,63.16,-5.89,4.56,-8.53,-1.85
22.14,0,,62.73,-2.31,1,1,62.06,-5.26,5.60,-6.86,-2.26
22.20,0,,62.50,-2.29,2,-1,61.54,-5.35,6.32,-6.23,-3.07
22.29,0,,62.18,-2.58,2,-1,62.86,-6.32,5.34,-8.18,-3.06
22.41,0,,62.25,-2.86,2,-1,62.73,-6.76,4.51,-9.45,-2.67
22.50,0,,62.56,-2.84,2,-1,62.85,-5.89,5.06,-8.03,-2.35
22.59,0,,62.66,-2.64,1,1,61.97,-5.07,6.05,-6.22,-2.52
22.71,0,,62.48,-2.57,2,0,62.22,-5.66,6.01,-6.85,-3.07
22.80,0,,62.37,-2.74,2,-1,63.04,-6.50,5.18,-8.52,-3.08
22.89,0,,62.62,-2.84,2,0,63.31,-6.11,4.60,-8.71,-2.11
23.01,0,,62.91,-2.60,1,1,62.50,-5.36,5.35,-7.21,-2.11
23.10,0,,62.74,-2.42,0,2,61.42,-5.60,6.15,-6.65,-3.15
23.19,0,,62.28,-2.62,2,0,62.44,-6.43,5.36,-8.27,-3.19
23.31,0,,62.15,-2.88,2,-1,62.78,-6.62,4.54,-9.28,-2.56
23.40,0,,62.35,-2.85,4,-2,62.38,-6.06,4.97,-8.29,-2.43
23.49,0,,62.47,-2.68,2,0,62.39,-5.55,5.86,-6.89,-2.81
23.64,0,,62.38,-2.71,2,0,61.76,-5.77,6.04,-6.93,-3.21
23.70,0,,62.15,-2.94,4,-2,62.05,-6.64,5.33,-8.51,-3.37
23.79,0,,62.11,-3.11,4,-2,62.94,-6.67,4.51,-9.36,-2.58
23.91,0,,62.28,-2.95,4,-2,61.88,-5.86,5.08,-7.98,-2.34
24.00,0,,62.26,-2.74,2,-1,61.93,-5.89,6.04,-7.05,-3.33
24.09,0,,62.15,-2.86,2,0,62.52,-6.31,5.61,-7.90,-3.32
24.21,0,,62.20,-3.04,2,-1,62.25,-6.48,4.72,-8.96,-2.60
24.30,0,,62.35,-2.92,2,-1,62.80,-6.26,4.75,-8.71,-2.41
24.39,0,,62.47,-2.69,2,0,62.14,-5.61,5.76,-7.05,-2.77
24.51,0,,62.26,-2.71,1,1,60.98,-5.89,6.14,-6.95,-3.43
24.60,0,,61.87,-3.02,2,-1,62.38,-6.78,5.38,-8.60,-3.56
24.69,0,,61.86,-3.26,2,-1,62.47,-6.73,4.65,-9.28,-2.78
24.81,0,,62.13,-3.14,4,-2,62.17,-6.02,5.11,-8.11,-2.53
24.90,0,,62.22,-2.90,2,-1,61.88,-5.68,6.02,-6.86,-3.10
24.99,0,,62.10,-2.87,2,-1,61.77,-5.98,5.84,-7.34,-3.22
25.14,0,,62.05,-2.99,2,-1,62.89,-6.51,5.01,-8.70,-2.92
25.20,0,,62.34,-2.94,2,-1,62.94,-6.37,4.51,-9.06,-2.28
25.29,0,,62.69,-2.66,1,1,62.69,-5.59,5.31,-7.48,-2.30
25.41,0,,62.66,-2.50,0,2,61.43,-5.32,6.36,-6.16,-3.08
25.50,0,,62.32,-2.66,0,2,62.58,-5.83,5.89,-7.14,-3.12
25.59,0,,62.32,-2.85,0,2,63.43,-6.16,4.88,-8.48,-2.44
25.71,0,,62.67,-2.73,0,2,62.50,-5.89,4.84,-8.25,-2.13
25.80,0,,62.71,-2.50,0,2,61.87,-5.47,5.84,-6.83,-2.71
25.89,0,,62.29,-2.54,0,2,61.25,-5.61,6.27,-6.54,-3.28
26.01,0,,61.88,-2.86,2,0,62.58,-6.38,5.45,-8.13,-3.23
26.10,0,,62.01,-3.04,4,-2,62.90,-6.42,4.67,-8.95,-2.49
26.19,0,,62.39,-2.86,4,-2,62.34,-5.67,5.15,-7.72,-2.22
26.31,0,,62.49,-2.58,2,-1,61.92,-5.27,6.12,-6.35,-2.79
26.40,0,,62.29,-2.57,2,0,62.03,-5.40,6.24,-6.36,-3.04
26.49,0,,62.21,-2.75,2,-1,62.96,-6.05,5.36,-7.89,-2.81
26.64,0,,62.53,-2.75,2,-1,63.53,-6.00,4.61,-8.59,-2.01
26.70,0,,62.89,-2.46,1,1,62.20,-5.20,5.38,-7.02,-1.98
26.79,0,,62.72,-2.26,1,1,61.57,-5.26,6.27,-6.19,-2.93
26.91,0,,62.29,-2.43,1,1,62.65,-5.84,5.70,-7.34,-2.94
27.00,0,,62.30,-2.66,1,1,63.29,-5.90,5.03,-8.07,-2.33
27.15,0,,62.55,-2.58,2,0,61.81,-5.40,5.21,-7.39,-2.01
27.21,0,,62.47,-2.36,1,1,62.17,-5.00,6.03,-6.17,-2.43
27.30,0,,62.10,-2.36,1,1,61.11,-5.22,6.42,-6.00,-3.04
27.40,0,,61.88,-2.63,4,-2,63.04,-6.04,5.60,-7.64,-3.04
27.51,0,,62.11,-2.82,4,-2,62.56,-6.23,4.68,-8.75,-2.31
27.60,0,,62.52,-2.66,4,-2,62.89,-5.37,5.24,-7.33,-2.01
27.69,0,,62.70,-2.39,2,0,62.32,-5.12,6.08,-6.24,-2.60
27.81,0,,62.63,-2.38,1,1,62.33,-5.54,5.95,-6.79,-2.89
27.90,0,,62.52,-2.58,1,1,62.87,-5.90,5.36,-7.74,-2.66
27.99,0,,62.66,-2.59,1,1,63.28,-5.70,4.76,-8.14,-1.86
28.14,0,,62.85,-2.30,0,2,62.42,-4.94,5.42,-6.72,-1.76
28.20,0,,62.63,-2.06,0,2,61.21,-4.85,6.41,-5.64,-2.66
28.29,0,,62.16,-2.20,0,2,62.53,-5.37,5.98,-6.59,-2.75
28.41,0,,62.08,-2.42,1,1,62.72,-5.39,5.20,-7.39,-1.99
28.50,0,,62.32,-2.30,4,-2,62.37,-4.93,5.32,-6.81,-1.65
28.59,0,,62.40,-2.05,2,0,61.96,-4.77,6.08,-5.89,-2.25
28.71,0,,62.09,-2.09,4,-2,60.77,-5.13,6.35,-5.98,-2.88
28.80,0,,61.67,-2.45,4,-2,62.27,-5.91,5.76,-7.35,-3.07
28.89,0,,61.74,-2.74,4,-2,62.80,-6.00,4.87,-8.33,-2.27
29.01,0,,62.16,-2.60,4,-2,62.16,-5.10,5.19,-7.11,-1.69
29.10,0,,62.41,-2.24,2,-1,62.54,-4.70,6.21,-5.69,-2.31
29.19,0,,62.30,-2.16,1,1,61.02,-4.99,6.39,-5.80,-2.78
29.31,0,,61.99,-2.40,2,0,62.53,-5.50,5.91,-6.79,-2.81
29.40,0,,61.98,-2.59,2,-1,62.44,-5.57,5.21,-7.56,-2.18
29.49,0,,62.24,-2.45,2,0,62.49,-4.83,5.47,-6.56,-1.70
29.64,0,,62.41,-2.13,0,2,62.30,-4.63,6.06,-5.77,-2.09
29.70,0,,62.25,-2.06,0,2,60.98,-5.08,6.27,-6.01,-2.75
29.79,0,,61.87,-2.35,1,1,62.16,-5.55,6.05,-6.70,-3.00
29.91,0,,61.83,-2.63,4,-2,62.64,-5.59,5.24,-7.55,-2.23
30.00,0,,62.18,-2.56,4,-2,62.66,-4.91,5.63,-6.48,-1.94
30.09,0,,62.45,-2.28,2,-1,62.08,-4.61,6.18,-5.63,-2.19
30.21,0,,62.33,-2.19,2,0,61.54,-5.20,6.11,-6.29,-2.71
30.30,0,,62.07,-2.40,2,0,62.39,-5.79,5.80,-7.19,-2.99
30.39,0,,62.05,-2.61,2,-1,62.40,-5.64,5.00,-7.84,-2.04
30.51,0,,62.27,-2.47,1,1,62.75,-5.03,5.47,-6.76,-1.90
30.60,0,,62.49,-2.18,1,1,62.36,-4.68,6.06,-5.82,-2.14
30.69,0,,62.43,-2.07,1,1,61.59,-4.86,6.10,-5.96,-2.36
30.81,0,,62.28,-2.22,1,1,63.14,-5.68,5.75,-7.13,-2.83
30.90,0,,62.49,-2.38,1,1,63.16,-5.72,4.64,-8.28,-1.76
30.99,0,,62.87,-2.17,0,2,62.96,-4.52,5.36,-6.36,-1.28
31.14,0,,63.00,-1.83,0,2,62.59,-4.46,6.32,-5.34,-2.18
31.20,0,,62.70,-1.86,0,2,61.32,-5.27,6.02,-6.45,-2.69
31.29,0,,62.19,-2.25,0,2,62.28,-5.43,5.98,-6.65,-2.81
31.41,0,,62.06,-2.54,1,1,62.99,-5.43,5.26,-7.37,-2.09
31.50,0,,62.46,-2.42,1,1,63.25,-4.82,5.48,-6.54,-1.70
31.59,0,,62.89,-2.09,1,1,62.85,-4.44,6.13,-5.51,-1.97
31.71,0,,62.83,-1.98,1,1,61.23,-5.25,5.93,-6.52,-2.58
31.80,0,,62.37,-2.23,2,-1,62.67,-5.61,5.86,-6.95,-2.87
31.89,0,,62.25,-2.46,4,-2,62.90,-5.25,5.21,-7.24,-1.86
32.04,0,,62.52,-2.31,4,-2,62.85,-4.70,5.49,-6.41,-1.59
32.10,0,,62.78,-1.99,1,1,62.88,-4.67,6.04,-5.83,-2.11
32.19,0,,62.73,-1.97,0,2,61.58,-5.35,5.90,-6.65,-2.65
32.31,0,,62.41,-2.29,1,1,62.59,-5.76,5.85,-7.11,-3.01
32.40,0,,62.37,-2.58,1,1,63.22,-5.54,5.10,-7.64,-2.04
32.49,0,,62.67,-2.43,1,1,62.78,-4.74,5.38,-6.56,-1.52
32.64,0,,62.88,-2.04,1,1,62.92,-4.70,5.93,-5.97,-2.03
32.70,0,,62.75,-1.95,1,1,61.47,-5.60,5.72,-7.08,-2.72
32.79,0,,62.37,-2.27,1,1,62.47,-5.85,5.74,-7.31,-2.99
32.91,0,,62.24,-2.57,2,0,62.87,-5.48,5.15,-7.53,-2.03
33.00,0,,62.49,-2.43,2,0,62.98,-4.83,5.32,-6.71,-1.55
33.09,0,,62.81,-2.04,2,0,63.02,-4.78,5.74,-6.24,-1.92
33.21,0,,62.85,-1.91,2,0,61.86,-5.60,5.59,-7.21,-2.59
33.30,0,,62.56,-2.18,2,0,62.38,-5.86,5.66,-7.40,-2.92
33.39,0,,62.38,-2.46,2,0,62.81,-5.43,5.04,-7.59,-1.87
33.51,0,,62.49,-2.31,2,0,62.76,-4.91,5.20,-6.91,-1.51
33.60,0,,62.63,-1.97,2,0,62.45,-4.93,5.77,-6.36,-2.10
33.69,0,,62.61,-1.93,2,0,62.41,-5.54,5.66,-7.08,-2.60
33.81,0,,62.53,-2.25,2,0,62.61,-5.83,5.73,-7.30,-2.96
33.90,0,,62.60,-2.54,2,0,63.20,-5.46,5.17,-7.49,-2.03
33.99,0,,62.85,-2.40,2,0,63.15,-4.89,5.24,-6.85,-1.53
34.14,0,,63.12,-2.05,0,2,63.40,-4.92,5.76,-6.36,-2.08
34.20,0,,63.12,-1.96,0,2,62.00,-5.56,5.64,-7.12,-2.60
34.29,0,,62.79,-2.21,0,2,62.53,-5.82,5.46,-7.56,-2.68
34.41,0,,62.60,-2.38,0,2,63.37,-5.31,4.99,-7.52,-1.70
34.50,0,,62.82,-2.17,1,1,63.18,-4.86,5.26,-6.80,-1.52
34.59,0,,63.02,-1.89,1,1,62.62,-4.98,5.88,-6.30,-2.26
34.71,0,,62.91,-1.96,0,1,62.38,-5.53,5.71,-7.02,-2.64
34.80,0,,62.69,-2.29,0,1,62.83,-5.89,5.42,-7.67,-2.71
34.89,0,,62.70,-2.49,0,1,63.27,-5.37,5.19,-7.38,-1.96
35.01,0,,62.89,-2.33,0,1,62.83,-4.83,5.48,-6.55,-1.71
35.10,0,,62.88,-2.06,1,0,62.15,-5.02,5.81,-6.41,-2.23
35.19,0,,62.63,-2.05,1,1,62.48,-5.58,5.57,-7.21,-2.55
35.31,0,,62.51,-2.26,2,-1,63.02,-5.87,5.24,-7.83,-2.51
35.40,0,,62.78,-2.35,4,-2,63.83,-5.37,4.96,-7.61,-1.73
35.49,0,,63.18,-2.13,0,1,62.92,-5.06,5.12,-7.14,-1.58
35.67,0,,63.26,-1.89,0,1,62.81,-5.28,5.59,-6.89,-2.27
35.70,0,,63.05,-1.98,0,1,62.71,-5.79,5.42,-7.57,-2.61
35.79,0,,62.88,-2.27,0,1,63.09,-6.10,4.95,-8.35,-2.45
35.91,0,,62.98,-2.38,0,1,63.71,-5.25,5.17,-7.28,-1.82
36.00,0,,63.21,-2.18,0,2,62.93,-4.82,5.43,-6.59,-1.65
36.09,0,,63.20,-1.95,0,2,62.74,-5.29,5.59,-6.90,-2.28
36.18,0,,62.98,-2.02,0,1,62.76,-5.61,5.61,-7.20,-2.62
36.30,0,,62.78,-2.30,0,1,62.56,-5.97,5.16,-8.01,-2.53
36.39,0,,62.78,-2.46,0,1,63.71,-5.42,5.36,-7.26,-2.18
36.48,0,,63.04,-2.33,0,1,63.11,-4.83,5.45,-6.58,-1.68
36.60,0,,63.13,-2.07,1,0,62.37,-5.24,5.42,-7.02,-2.06
36.69,0,,62.92,-2.03,1,0,62.92,-5.70,5.64,-7.26,-2.74
36.78,0,,62.76,-2.28,2,-1,62.63,-5.95,5.25,-7.90,-2.60
36.90,0,,62.88,-2.48,4,-2,64.12,-5.39,5.39,-7.20,-2.18
36.99,0,,63.23,-2.37,1,0,63.04,-5.03,5.34,-6.89,-1.77
37.08,0,,63.29,-2.14,0,1,62.44,-5.45,5.36,-7.29,-2.21
37.20,0,,63.06,-2.14,1,0,63.37,-5.84,5.62,-7.42,-2.86
37.29,0,,62.94,-2.39,1,0,62.65,-6.19,5.00,-8.39,-2.59
37.41,0,,62.97,-2.56,1,0,63.52,-5.57,5.34,-7.43,-2.31
37.50,0,,63.11,-2.46,0,1,63.20,-5.15,5.41,-6.94,-1.96
37.59,0,,63.11,-2.25,0,1,62.22,-5.73,5.13,-7.80,-2.26
37.68,0,,62.87,-2.24,1,0,62.99,-5.96,5.52,-7.64,-2.88
37.80,0,,62.79,-2.42,1,0,63.12,-6.05,4.89,-8.36,-2.34
37.89,0,,63.07,-2.43,1,0,64.22,-5.55,4.92,-7.83,-1.87
37.98,0,,63.42,-2.19,1,0,62.83,-5.18,5.24,-7.14,-1.82
38.10,0,,63.38,-1.98,0,1,62.76,-5.60,5.19,-7.61,-2.19
38.19,0,,63.11,-2.05,1,0,63.16,-6.02,5.29,-7.93,-2.71
38.28,0,,63.05,-2.29,1,0,63.48,-6.31,4.56,-8.95,-2.27
38.40,0,,63.26,-2.31,0,1,63.80,-5.58,4.66,-8.12,-1.64
38.49,0,,63.53,-2.05,0,2,63.57,-5.14,5.13,-7.21,-1.67
38.58,0,,63.56,-1.83,0,2,62.86,-5.65,5.07,-7.78,-2.12
38.70,0,,63.34,-1.92,0,2,63.24,-5.98,5.12,-8.06,-2.50
38.79,0,,63.20,-2.16,0,1,63.39,-6.33,4.50,-9.03,-2.23
38.91,0,,63.37,-2.22,1,0,64.39,-5.76,4.51,-8.45,-1.67
39.00,0,,63.66,-2.00,0,1,63.17,-5.14,4.98,-7.36,-1.52
39.09,0,,63.70,-1.75,0,1,63.64,-5.37,5.08,-7.49,-1.85
39.21,0,,63.49,-1.77,0,1,62.62,-5.69,5.35,-7.54,-2.44
39.30,0,,63.14,-2.05,0,1,62.88,-6.23,4.84,-8.59,-2.47
39.39,0,,63.05,-2.25,2,-1,64.22,-5.80,4.54,-8.46,-1.74
39.51,0,,63.35,-2.10,2,-1,63.29,-5.09,5.04,-7.25,-1.53
39.60,0,,63.51,-1.84,1,0,63.25,-5.46,5.09,-7.57,-1.95
39.69,0,,63.37,-1.83,1,0,62.83,-5.96,5.09,-8.07,-2.45
39.81,0,,63.16,-2.12,2,-1,63.26,-6.34,4.97,-8.57,-2.71
39.90,0,,63.17,-2.37,4,-2,63.78,-5.84,4.73,-8.31,-1.97
39.99,0,,63.31,-2.26,2,-1,62.94,-5.11,4.99,-7.32,-1.50
40.17,0,,63.31,-1.96,1,0,63.30,-5.40,5.22,-7.38,-2.02
40.20,0,,63.21,-1.91,0,1,62.92,-5.83,5.33,-7.70,-2.56
40.29,0,,63.07,-2.19,0,1,62.86,-6.26,5.16,-8.30,-2.82
40.41,0,,63.06,-2.47,2,-1,63.84,-6.04,4.64,-8.60,-2.08
40.50,0,,63.30,-2.36,2,-1,63.60,-5.14,4.95,-7.39,-1.49
40.59,0,,63.52,-2.01,2,-1,63.29,-5.29,5.23,-7.26,-1.92
40.71,0,,63.38,-1.89,1,0,62.40,-5.90,5.25,-7.85,-2.55
40.80,0,,63.06,-2.16,0,1,63.25,-6.12,5.31,-8.01,-2.83
40.89,0,,62.95,-2.42,1,0,63.21,-5.92,4.61,-8.51,-1.93
41.01,0,,63.13,-2.30,2,-1,63.70,-5.24,4.90,-7.54,-1.54
41.10,0,,63.43,-1.99,2,-1,63.82,-5.48,5.20,-7.48,-2.08
41.19,0,,63.57,-1.94,1,0,62.86,-6.19,4.97,-8.42,-2.56
41.31,0,,63.41,-2.26,0,1,63.23,-6.34,5.37,-8.17,-3.11
41.40,0,,63.23,-2.65,1,0,63.26,-6.31,4.83,-8.68,-2.54
41.49,0,,63.28,-2.68,2,-1,63.95,-5.50,4.96,-7.74,-1.86
41.64,0,,63.55,-2.34,1,0,63.88,-5.16,5.26,-7.10,-1.82
41.70,0,,63.64,-2.05,0,2,62.66,-5.88,5.08,-8.00,-2.36
41.79,0,,63.39,-2.14,0,2,63.25,-6.12,5.48,-7.84,-3.00
41.91,0,,63.14,-2.48,0,1,62.99,-6.29,4.93,-8.56,-2.62
42.00,0,,63.11,-2.66,1,0,63.60,-5.78,5.21,-7.77,-2.39
42.09,0,,63.29,-2.52,2,-1,63.74,-5.13,5.32,-7.01,-1.85
42.21,0,,63.44,-2.21,1,0,62.85,-5.63,4.92,-7.91,-1.95
42.30,0,,63.33,-2.11,1,0,63.18,-6.04,5.49,-7.75,-2.93
42.39,0,,63.16,-2.33,1,0,63.00,-6.25,4.94,-8.51,-2.59
42.48,0,,63.20,-2.51,4,-2,64.13,-5.91,4.80,-8.31,-2.11
42.60,0,,63.53,-2.37,2,-1,63.97,-5.39,4.98,-7.61,-1.77
42.69,0,,63.84,-2.07,0,1,63.70,-5.65,4.80,-8.05,-1.85
42.78,0,,63.82,-1.96,0,1,63.22,-6.00,5.26,-7.94,-2.66
42.90,0,,63.52,-2.20,0,2,62.90,-6.31,5.02,-8.49,-2.73
42.99,0,,63.33,-2.43,0,1,64.26,-5.82,4.75,-8.27,-1.97
43.08,0,,63.59,-2.27,0,1,64.25,-5.10,4.82,-7.48,-1.32
43.20,0,,63.87,-1.86,0,2,63.20,-5.40,4.89,-7.71,-1.69
43.29,0,,63.71,-1.72,0,2,63.00,-5.78,5.32,-7.66,-2.50
43.41,0,,63.38,-2.00,0,1,63.47,-6.13,5.14,-8.19,-2.67
43.50,0,,63.35,-2.33,0,1,64.01,-6.19,4.53,-8.86,-2.12
43.59,0,,63.68,-2.32,0,1,64.53,-5.42,4.84,-7.78,-1.66
43.68,0,,64.06,-2.03,0,1,63.82,-5.27,5.04,-7.43,-1.71
43.80,0,,64.02,-1.83,0,1,62.98,-5.88,4.88,-8.20,-2.16
43.89,0,,63.61,-1.94,0,1,63.28,-6.13,5.00,-8.33,-2.53
43.98,0,,63.26,-2.18,2,-1,63.11,-6.19,4.57,-8.82,-2.16
44.10,0,,63.28,-2.24,4,-2,64.38,-5.63,4.84,-7.99,-1.87
44.19,0,,63.60,-2.05,2,-1,63.70,-5.23,4.91,-7.52,-1.54
44.28,0,,63.82,-1.79,0,1,63.58,-5.64,4.61,-8.23,-1.65
44.40,0,,63.75,-1.73,0,1,63.42,-5.91,5.14,-7.97,-2.45
44.49,0,,63.61,-1.97,0,1,63.66,-6.24,4.67,-8.77,-2.31
44.58,0,,63.60,-2.16,0,1,63.91,-5.84,4.53,-8.51,-1.77
44.70,0,,63.74,-2.03,1,0,64.03,-5.25,4.76,-7.69,-1.41
44.79,0,,63.92,-1.72,0,1,64.07,-5.46,4.59,-8.07,-1.45
44.91,0,,63.95,-1.58,0,1,63.42,-5.62,5.13,-7.69,-2.15
45.00,0,,63.77,-1.79,0,2,63.42,-6.15,4.92,-8.43,-2.47
45.09,0,,63.63,-2.07,0,1,64.17,-6.03,4.37,-8.86,-1.80
45.18,0,,63.86,-2.01,0,1,64.74,-5.11,4.72,-7.59,-1.23
45.30,0,,64.24,-1.69,0,1,64.23,-5.26,4.81,-7.65,-1.47
45.39,0,,64.30,-1.53,0,2,63.38,-5.79,4.85,-8.14,-2.04
45.48,0,,64.00,-1.73,0,2,63.80,-6.05,5.00,-8.25,-2.45
45.60,0,,63.78,-2.06,0,1,63.98,-6.28,4.38,-9.10,-2.06
45.69,0,,63.86,-2.16,0,1,64.40,-5.70,4.71,-8.19,-1.81
45.78,0,,64.07,-2.00,0,1,64.14,-5.14,4.97,-7.37,-1.51
45.90,0,,64.17,-1.74,0,1,63.89,-5.54,4.57,-8.17,-1.51
45.99,0,,64.04,-1.65,0,1,63.55,-5.93,5.02,-8.11,-2.35
46.08,0,,63.81,-1.85,0,1,63.70,-6.13,4.60,-8.73,-2.13
46.20,0,,63.77,-2.00,4,-2,64.48,-5.71,4.40,-8.51,-1.51
46.29,0,,64.04,-1.81,2,-1,64.59,-5.04,4.70,-7.54,-1.14
46.41,0,,64.43,-1.43,0,1,64.92,-5.06,4.48,-7.78,-0.94
46.50,0,,64.57,-1.18,0,1,63.50,-5.32,4.88,-7.64,-1.60
46.59,0,,64.29,-1.28,0,1,63.98,-5.92,4.61,-8.51,-1.93
46.68,0,,64.06,-1.54,0,1,64.49,-6.04,3.98,-9.26,-1.42
46.80,0,,64.15,-1.57,0,1,64.46,-5.28,4.45,-8.03,-1.13
46.89,0,,64.37,-1.38,0,1,64.64,-5.21,4.46,-7.95,-1.07
46.98,0,,64.54,-1.16,0,2,64.56,-5.79,3.78,-9.21,-0.97
47.10,0,,64.64,-1.03,0,2,64.78,-6.08,3.64,-9.64,-1.12
47.19,0,,64.73,-0.99,0,2,64.95,-6.15,3.37,-9.98,-0.92
47.28,0,,64.86,-0.92,0,2,64.99,-5.67,3.46,-9.41,-0.53
47.40,0,,64.93,-0.75,0,2,64.81,-5.25,3.92,-8.53,-0.57
47.49,0,,64.92,-0.60,0,2,64.90,-5.60,3.58,-9.22,-0.58
47.58,0,,64.97,-0.54,0,2,65.46,-5.94,3.21,-9.93,-0.55
47.71,0,,65.18,-0.52,0,2,65.53,-6.07,2.96,-10.31,-0.43
47.79,0,,65.36,-0.44,0,2,65.15,-5.99,2.78,-10.41,-0.17
47.91,0,,65.37,-0.30,0,2,65.32,-5.46,3.21,-9.45,-0.07
48.00,0,,65.32,-0.13,0,2,65.30,-5.07,3.48,-8.79,0.05
48.09,0,,65.37,0.00,0,2,65.80,-5.41,3.09,-9.52,0.10
48.18,0,,65.48,0.05,0,2,65.32,-5.90,2.79,-10.31,-0.09
48.30,0,,65.56,0.02,0,2,65.84,-5.95,2.68,-10.47,-0.03
48.39,0,,65.70,0.02,0,2,66.16,-5.71,2.62,-10.29,0.27
48.48,0,,65.83,0.12,0,2,65.33,-5.47,2.78,-9.89,0.35
48.60,0,,65.74,0.25,0,2,65.58,-5.37,2.94,-9.63,0.29
48.69,0,,65.59,0.33,0,2,65.48,-5.05,3.12,-9.13,0.43
48.78,0,,65.62,0.38,0,2,66.39,-5.23,2.96,-9.47,0.41
48.90,0,,65.79,0.38,0,2,65.46,-6.01,2.46,-10.75,0.13
48.99,0,,65.89,0.28,0,2,66.26,-5.97,2.48,-10.69,0.15
49.08,0,,65.94,0.23,0,2,65.73,-5.66,2.44,-10.42,0.50
49.20,0,,65.84,0.28,0,1,65.17,-5.62,2.70,-10.12,0.28
49.29,0,,65.56,0.26,1,0,65.38,-5.31,3.43,-9.08,-0.14
49.41,0,,65.41,0.13,2,-1,65.71,-5.08,3.39,-8.89,0.13
49.50,0,,65.40,0.07,2,-1,65.09,-5.09,3.31,-8.98,0.20
49.59,0,,65.36,0.11,4,-2,65.37,-4.75,3.60,-8.35,0.25
49.68,0,,65.31,0.21,4,-2,65.35,-4.58,3.61,-8.17,0.41
49.80,0,,65.31,0.30,4,-2,65.30,-4.92,3.43,-8.69,0.25
49.89,0,,65.34,0.33,4,-2,65.49,-4.84,3.41,-8.63,0.35
49.98,0,,65.43,0.34,4,-2,65.75,-4.76,3.41,-8.55,0.43
50.10,0,,65.56,0.39,2,-1,65.53,-4.80,3.33,-8.67,0.47
50.19,0,,65.64,0.44,2,-1,65.75,-4.72,3.35,-8.57,0.53
50.28,0,,65.68,0.49,2,-1,65.70,-4.82,3.25,-8.77,0.53
50.40,0,,65.75,0.53,0,2,66.00,-4.84,3.15,-8.89,0.61
50.49,0,,65.84,0.58,0,2,65.82,-4.82,3.08,-8.94,0.70
50.58,0,,65.90,0.65,0,2,66.05,-4.81,3.03,-8.98,0.76
50.70,0,,65.88,0.70,0,2,65.36,-4.87,3.09,-8.98,0.64
50.79,0,,65.75,0.70,0,2,65.82,-4.90,3.04,-9.06,0.66
50.91,0,,65.64,0.69,0,1,65.44,-4.83,3.01,-9.02,0.76
51.00,0,,65.58,0.70,1,0,65.59,-4.88,3.01,-9.07,0.71
51.09,0,,65.58,0.73,0,1,65.87,-4.92,2.88,-9.24,0.80
51.18,0,,65.72,0.75,0,1,66.02,-4.95,2.87,-9.28,0.78
51.30,0,,65.92,0.77,2,-1,66.18,-5.01,2.88,-9.33,0.71
51.39,0,,66.05,0.76,1,0,65.90,-5.03,2.78,-9.45,0.79
51.48,0,,66.08,0.77,0,1,66.15,-5.00,2.70,-9.50,0.90
51.60,0,,66.05,0.84,0,2,65.86,-4.98,2.63,-9.55,0.99
51.69,0,,66.03,0.92,0,2,66.21,-5.03,2.62,-9.61,0.95
51.78,0,,66.08,0.96,0,2,66.31,-5.04,2.58,-9.66,0.98
51.90,0,,66.17,0.99,0,2,66.06,-5.02,2.51,-9.71,1.07
51.99,0,,66.20,1.03,0,2,66.31,-5.02,2.45,-9.77,1.13
52.08,0,,66.22,1.10,0,2,66.17,-4.96,2.39,-9.77,1.25
52.20,0,,66.21,1.17,0,1,66.17,-4.98,2.38,-9.80,1.24
52.29,0,,66.19,1.22,0,2,66.21,-5.01,2.38,-9.83,1.21
52.41,0,,66.23,1.25,0,1,66.52,-4.92,2.35,-9.77,1.33
52.50,0,,66.34,1.28,0,2,66.39,-4.88,2.33,-9.75,1.39
52.59,0,,66.35,1.34,0,2,65.93,-4.89,2.31,-9.78,1.40
52.68,0,,66.23,1.38,0,2,66.22,-4.88,2.36,-9.72,1.36
52.80,0,,66.19,1.39,0,1,66.48,-4.85,2.32,-9.73,1.43
52.89,0,,66.29,1.41,1,0,66.46,-4.86,2.26,-9.80,1.48
52.98,0,,66.44,1.44,0,1,66.66,-4.83,2.28,-9.75,1.49
53.16,0,,66.53,1.49,0,1,66.40,-4.75,2.20,-9.75,1.65
53.19,0,,66.55,1.57,0,1,66.58,-4.77,2.18,-9.79,1.65
53.28,0,,66.56,1.61,0,1,66.68,-4.80,2.24,-9.76,1.56
53.40,0,,66.58,1.62,0,1,66.47,-4.78,2.19,-9.79,1.63
53.49,0,,66.60,1.62,0,1,66.75,-4.78,2.16,-9.82,1.66
53.58,0,,66.62,1.65,0,2,66.56,-4.72,2.11,-9.81,1.77
53.70,0,,66.62,1.70,0,2,66.56,-4.70,2.14,-9.76,1.76
53.79,0,,66.61,1.73,0,1,66.75,-4.75,2.19,-9.76,1.66
53.91,0,,66.63,1.74,0,1,66.56,-4.64,2.10,-9.74,1.86
54.00,0,,66.64,1.80,0,1,66.70,-4.54,2.03,-9.71,2.03
54.09,0,,66.60,1.90,0,1,66.24,-4.61,2.02,-9.79,1.97
54.18,0,,66.53,1.97,0,1,66.81,-4.60,2.06,-9.74,1.94
54.30,0,,66.59,1.99,1,0,66.86,-4.49,2.05,-9.64,2.06
54.39,0,,66.76,2.02,0,1,67.05,-4.49,2.01,-9.68,2.10
54.48,0,,66.85,2.06,0,1,66.39,-4.47,2.03,-9.64,2.10
54.66,0,,66.78,2.11,0,1,66.87,-4.38,1.98,-9.60,2.24
54.69,0,,66.76,2.17,0,1,66.95,-4.43,1.97,-9.66,2.20
54.78,0,,66.79,2.20,0,1,66.56,-4.43,1.99,-9.64,2.18
54.90,0,,66.77,2.21,0,1,66.84,-4.35,1.99,-9.56,2.26
54.99,0,,66.78,2.23,0,1,67.01,-4.34,1.94,-9.60,2.32
55.08,0,,66.87,2.29,0,1,66.86,-4.28,1.90,-9.58,2.42
55.20,0,,66.91,2.34,0,1,66.91,-4.27,1.99,-9.48,2.34
55.29,0,,66.85,2.35,0,1,66.43,-4.34,1.98,-9.56,2.28
55.41,0,,66.74,2.33,0,1,66.89,-4.32,1.91,-9.61,2.37
55.50,0,,66.69,2.36,0,1,66.58,-4.16,1.88,-9.48,2.56
55.59,0,,66.68,2.44,0,1,66.77,-4.12,1.88,-9.44,2.60
55.68,0,,66.65,2.52,2,-1,66.39,-4.20,1.95,-9.45,2.45
55.80,0,,66.68,2.53,2,-1,67.31,-4.11,1.94,-9.37,2.55
55.89,0,,66.78,2.55,2,-1,66.45,-4.05,1.87,-9.38,2.68
55.98,0,,66.83,2.61,2,-1,67.08,-4.00,1.86,-9.34,2.74
56.16,0,,66.91,2.70,0,1,67.22,-3.92,1.82,-9.30,2.86
56.19,0,,67.06,2.77,0,1,67.13,-4.02,1.86,-9.36,2.72
56.28,0,,67.09,2.78,0,1,66.65,-3.99,1.92,-9.27,2.69
56.40,0,,67.06,2.75,0,2,67.68,-3.88,1.88,-9.20,2.84
56.49,0,,67.18,2.78,0,2,67.21,-3.90,1.82,-9.28,2.88
56.58,0,,67.28,2.84,0,2,67.14,-3.84,1.82,-9.22,2.94
56.70,0,,67.23,2.89,0,2,67.05,-3.81,1.91,-9.10,2.88
56.79,0,,67.16,2.91,0,2,67.25,-3.81,1.87,-9.14,2.92
56.91,0,,67.16,2.93,0,1,67.22,-3.72,1.79,-9.13,3.09
57.00,0,,67.17,3.00,0,1,67.03,-3.65,1.82,-9.03,3.13
57.09,0,,67.18,3.09,0,1,67.45,-3.63,1.77,-9.06,3.20
57.18,0,,67.22,3.15,0,1,67.09,-3.64,1.79,-9.05,3.17
57.30,0,,67.20,3.17,1,0,66.99,-3.64,1.87,-8.97,3.09
57.39,0,,67.12,3.15,2,-1,67.15,-3.63,1.81,-9.02,3.16
57.48,0,,67.12,3.15,2,-1,67.35,-3.59,1.74,-9.05,3.27
57.66,0,,67.18,3.21,1,0,67.14,-3.47,1.74,-8.93,3.39
57.69,0,,67.20,3.29,1,0,67.12,-3.49,1.79,-8.90,3.32
57.81,0,,67.21,3.33,1,0,67.41,-3.52,1.79,-8.93,3.29
57.90,0,,67.32,3.34,0,1,67.76,-3.40,1.76,-8.84,3.44
57.99,0,,67.49,3.38,0,1,67.42,-3.35,1.76,-8.79,3.49
58.14,0,,67.57,3.44,0,1,67.57,-3.36,1.75,-8.81,3.49
58.20,0,,67.57,3.47,0,2,67.56,-3.35,1.79,-8.76,3.46
58.29,0,,67.56,3.49,0,2,67.50,-3.33,1.75,-8.78,3.52
58.41,0,,67.55,3.51,0,2,67.65,-3.29,1.72,-8.77,3.59
58.50,0,,67.53,3.55,0,2,67.27,-3.20,1.74,-8.66,3.66
58.59,0,,67.47,3.62,0,2,67.48,-3.11,1.71,-8.60,3.78
58.71,0,,67.41,3.69,0,1,67.30,-3.15,1.75,-8.60,3.70
58.80,0,,67.38,3.73,0,1,67.48,-3.13,1.74,-8.59,3.73
58.89,0,,67.39,3.75,0,1,67.42,-3.06,1.68,-8.58,3.86
59.01,0,,67.42,3.79,2,-1,67.42,-3.09,1.68,-8.61,3.83
59.16,0,,67.41,3.83,2,-1,67.33,-3.03,1.70,-8.53,3.87
59.19,0,,67.44,3.85,2,-1,67.81,-2.93,1.76,-8.37,3.91
59.31,0,,67.51,3.88,2,-1,67.31,-2.97,1.71,-8.46,3.92
59.40,0,,67.49,3.91,1,0,67.28,-2.92,1.67,-8.45,4.01
59.49,0,,67.44,3.97,0,1,67.77,-2.79,1.71,-8.28,4.10
59.64,0,,67.54,4.04,0,1,67.82,-2.82,1.66,-8.36,4.12
59.70,0,,67.71,4.09,0,1,67.82,-2.86,1.68,-8.38,4.06
59.79,0,,67.75,4.09,0,2,67.39,-2.80,1.74,-8.26,4.06
59.91,0,,67.71,4.07,0,2,68.00,-2.78,1.75,-8.23,4.07
60.00,0,,67.67,4.07,0,2,67.27,-2.73,1.71,-8.22,4.16
60.09,0,,67.59,4.11,0,1,67.57,-2.68,1.68,-8.20,4.24
60.21,0,,67.52,4.17,0,1,67.62,-2.69,1.72,-8.17,4.19
60.30,0,,67.56,4.22,0,1,67.69,-2.60,1.68,-8.12,4.32
60.39,0,,67.68,4.27,0,1,68.09,-2.54,1.66,-8.08,4.40
60.51,0,,67.79,4.33,0,1,67.41,-2.57,1.68,-8.09,4.35
60.66,0,,67.73,4.37,0,1,67.57,-2.54,1.68,-8.06,4.38
60.69,0,,67.63,4.38,0,1,67.73,-2.51,1.73,-7.98,4.36
60.81,0,,67.61,4.38,1,0,67.52,-2.49,1.72,-7.97,4.39
60.90,0,,67.56,4.37,1,0,67.31,-2.51,1.71,-8.00,4.38
61.02,0,,67.49,4.39,1,0,67.66,-2.44,1.69,-7.95,4.47
61.14,0,,67.50,4.43,1,0,67.57,-2.37,1.68,-7.89,4.55
61.20,0,,67.56,4.47,2,-1,67.65,-2.43,1.74,-7.89,4.43
61.29,0,,67.64,4.49,1,0,67.83,-2.35,1.70,-7.85,4.55
61.41,0,,67.73,4.52,0,1,67.75,-2.26,1.68,-7.78,4.66
61.50,0,,67.74,4.58,0,1,67.54,-2.30,1.69,-7.81,4.61
61.59,0,,67.70,4.64,0,1,67.74,-2.20,1.60,-7.80,4.80
61.71,0,,67.68,4.71,0,1,67.69,-2.14,1.67,-7.67,4.79
61.80,0,,67.74,4.76,0,1,68.12,-2.21,1.69,-7.72,4.70
61.89,0,,67.82,4.77,0,1,67.52,-2.16,1.63,-7.73,4.81
62.01,0,,67.76,4.78,0,1,67.47,-2.07,1.68,-7.59,4.85
62.16,0,,67.68,4.82,0,1,68.09,-2.06,1.64,-7.62,4.90
62.19,0,,67.76,4.86,1,0,67.87,-2.05,1.67,-7.58,4.88
62.31,0,,67.85,4.88,1,0,67.72,-2.01,1.70,-7.51,4.89
62.40,0,,67.87,4.90,0,1,68.08,-1.99,1.65,-7.54,4.96
62.49,0,,67.97,4.93,0,1,68.29,-1.99,1.63,-7.56,4.98
62.64,0,,68.12,4.97,0,1,68.18,-1.91,1.62,-7.49,5.07
62.70,0,,68.19,5.02,0,1,68.04,-1.87,1.65,-7.42,5.08
62.79,0,,68.10,5.06,0,2,67.67,-1.86,1.66,-7.40,5.08
62.91,0,,67.94,5.09,0,1,67.98,-1.79,1.64,-7.35,5.17
63.00,0,,67.89,5.12,0,1,68.13,-1.81,1.66,-7.35,5.13
63.09,0,,67.95,5.14,0,1,67.88,-1.86,1.57,-7.49,5.17
63.21,0,,68.02,5.16,0,1,68.30,-1.82,1.56,-7.46,5.22
63.30,0,,68.15,5.19,0,1,68.44,-1.76,1.63,-7.33,5.21
63.39,0,,68.28,5.21,0,1,68.15,-1.73,1.60,-7.33,5.27
63.51,0,,68.27,5.24,0,1,68.02,-1.73,1.59,-7.34,5.28
63.66,0,,68.13,5.27,0,1,67.83,-1.68,1.59,-7.29,5.33
63.69,0,,68.07,5.30,0,1,68.70,-1.70,1.63,-7.27,5.27
63.81,0,,68.19,5.29,0,1,68.10,-1.71,1.66,-7.25,5.23
63.90,0,,68.21,5.28,0,1,67.72,-1.61,1.63,-7.18,5.36
63.99,0,,68.02,5.31,0,1,67.86,-1.58,1.58,-7.20,5.44
64.14,0,,67.91,5.37,0,1,68.21,-1.59,1.56,-7.23,5.45
64.20,0,,67.98,5.42,4,-2,68.11,-1.57,1.66,-7.11,5.37
64.29,0,,68.06,5.42,2,-1,67.99,-1.53,1.63,-7.10,5.44
64.41,0,,68.06,5.44,0,1,67.96,-1.50,1.55,-7.15,5.55
64.50,0,,67.94,5.47,1,0,67.48,-1.51,1.59,-7.12,5.50
64.59,0,,67.82,5.51,2,-1,68.17,-1.49,1.55,-7.14,5.56
64.71,0,,67.89,5.53,4,-2,68.21,-1.47,1.57,-7.10,5.56
64.80,0,,68.09,5.55,2,-1,68.35,-1.42,1.61,-7.01,5.57
64.89,0,,68.26,5.59,1,0,68.35,-1.34,1.52,-7.02,5.74
65.01,0,,68.34,5.65,1,0,68.23,-1.37,1.49,-7.08,5.74
65.10,0,,68.34,5.70,0,2,68.39,-1.39,1.58,-7.01,5.63
65.19,0,,68.33,5.69,0,2,68.29,-1.34,1.60,-6.94,5.66
65.31,0,,68.32,5.68,0,2,68.25,-1.32,1.55,-6.97,5.73
65.40,0,,68.25,5.69,0,2,67.96,-1.32,1.58,-6.94,5.70
65.49,0,,68.11,5.70,0,2,67.96,-1.27,1.60,-6.87,5.73
65.64,0,,68.05,5.73,0,1,68.35,-1.25,1.53,-6.92,5.82
65.70,0,,68.13,5.76,0,1,68.32,-1.24,1.55,-6.89,5.81
65.79,0,,68.25,5.80,0,1,68.26,-1.16,1.57,-6.79,5.87
65.91,0,,68.30,5.84,0,1,68.33,-1.17,1.55,-6.82,5.88
66.00,0,,68.30,5.87,1,0,68.16,-1.16,1.55,-6.81,5.89
66.09,0,,68.29,5.90,1,0,68.49,-1.09,1.52,-6.77,5.99
66.21,0,,68.32,5.94,0,1,68.27,-1.17,1.48,-6.89,5.95
66.30,0,,68.27,5.96,0,1,67.78,-1.18,1.46,-6.92,5.96
66.39,0,,68.10,5.96,0,1,68.05,-1.11,1.52,-6.79,5.97
66.51,0,,68.08,5.97,1,0,68.72,-1.08,1.51,-6.77,6.01
66.60,0,,68.30,6.00,0,1,68.60,-1.03,1.42,-6.81,6.15
66.69,0,,68.58,6.07,1,0,68.95,-0.99,1.47,-6.72,6.14
66.81,0,,68.71,6.12,0,1,68.21,-1.00,1.52,-6.68,6.08
66.90,0,,68.64,6.12,0,2,68.73,-1.02,1.45,-6.77,6.13
66.99,0,,68.59,6.13,0,2,68.62,-0.99,1.41,-6.78,6.20
67.14,0,,68.62,6.16,0,2,68.71,-0.94,1.46,-6.68,6.20
67.20,0,,68.63,6.18,0,2,68.51,-0.96,1.47,-6.69,6.17
67.29,0,,68.58,6.19,0,2,68.33,-0.96,1.45,-6.71,6.19
67.41,0,,68.46,6.19,0,1,68.35,-0.91,1.49,-6.62,6.20
67.50,0,,68.36,6.20,0,1,68.27,-0.91,1.43,-6.68,6.26
67.59,0,,68.35,6.24,0,1,68.67,-0.85,1.38,-6.67,6.37
67.75,0,,68.45,6.29,4,-2,68.60,-0.81,1.45,-6.56,6.34
67.80,0,,68.62,6.33,2,-1,68.99,-0.87,1.43,-6.64,6.30
67.89,0,,68.74,6.33,1,0,68.47,-0.86,1.41,-6.65,6.33
68.01,0,,68.70,6.33,0,1,68.51,-0.84,1.41,-6.63,6.35
68.10,0,,68.57,6.34,0,1,68.39,-0.80,1.40,-6.60,6.40
68.19,0,,68.52,6.36,0,1,68.85,-0.84,1.47,-6.57,6.29
68.31,0,,68.63,6.33,0,1,68.91,-0.87,1.48,-6.59,6.25
68.40,0,,68.76,6.30,0,1,68.66,-0.78,1.42,-6.56,6.40
68.49,0,,68.81,6.33,0,2,68.92,-0.78,1.37,-6.61,6.45
68.64,0,,68.82,6.40,0,1,68.70,-0.77,1.31,-6.66,6.52
68.70,0,,68.81,6.48,0,1,68.86,-0.70,1.36,-6.54,6.54
68.79,0,,68.85,6.52,0,1,69.18,-0.72,1.39,-6.53,6.49
68.91,0,,68.94,6.52,0,2,68.75,-0.72,1.37,-6.55,6.51
69.00,0,,68.88,6.51,0,1,68.46,-0.71,1.38,-6.53,6.51
69.09,0,,68.78,6.52,0,1,69.20,-0.72,1.31,-6.61,6.57
69.21,0,,68.80,6.53,0,1,68.59,-0.72,1.34,-6.58,6.54
69.30,0,,68.79,6.54,0,1,68.74,-0.72,1.39,-6.53,6.49
69.39,0,,68.71,6.52,1,0,68.48,-0.79,1.34,-6.65,6.47
69.51,0,,68.61,6.49,2,-1,68.58,-0.77,1.34,-6.63,6.49
69.60,0,,68.58,6.49,2,-1,68.77,-0.70,1.34,-6.56,6.56
69.69,0,,68.69,6.51,4,-2,69.08,-0.70,1.39,-6.51,6.51
69.81,0,,68.87,6.53,2,-1,68.97,-0.70,1.37,-6.53,6.53
69.90,0,,69.01,6.54,0,1,69.16,-0.68,1.31,-6.57,6.61
69.99,0,,69.08,6.58,0,1,68.99,-0.63,1.30,-6.53,6.67
70.14,0,,69.04,6.63,0,1,68.73,-0.63,1.29,-6.54,6.68
70.20,0,,68.93,6.66,0,1,68.91,-0.69,1.34,-6.55,6.57
70.29,0,,68.89,6.65,0,2,69.11,-0.58,1.34,-6.44,6.68
70.41,0,,68.98,6.66,0,2,69.19,-0.57,1.26,-6.51,6.77
70.50,0,,69.05,6.70,0,2,68.77,-0.65,1.27,-6.58,6.68
70.59,0,,68.93,6.72,0,1,68.43,-0.59,1.29,-6.50,6.72
70.71,0,,68.75,6.71,0,1,68.97,-0.66,1.28,-6.58,6.66
70.80,0,,68.72,6.68,1,0,68.74,-0.70,1.32,-6.58,6.58
70.89,0,,68.83,6.65,2,-1,69.39,-0.57,1.34,-6.43,6.69
71.01,0,,68.97,6.65,2,-1,68.62,-0.58,1.31,-6.47,6.71
71.10,0,,69.01,6.67,1,0,69.26,-0.65,1.30,-6.55,6.65
71.19,0,,69.04,6.68,1,0,69.07,-0.62,1.31,-6.51,6.67
71.31,0,,69.11,6.69,1,0,69.17,-0.58,1.27,-6.51,6.75
71.40,0,,69.14,6.72,1,0,69.18,-0.60,1.23,-6.57,6.77
71.49,0,,69.18,6.76,0,1,69.27,-0.59,1.22,-6.57,6.79
71.64,0,,69.17,6.79,0,2,68.85,-0.54,1.21,-6.53,6.85
71.70,0,,69.04,6.81,0,2,68.68,-0.61,1.27,-6.54,6.72
71.79,0,,68.86,6.79,0,1,68.91,-0.61,1.30,-6.51,6.69
71.91,0,,68.84,6.75,0,1,69.15,-0.53,1.25,-6.48,6.82
72.00,0,,68.90,6.76,1,0,68.64,-0.62,1.23,-6.59,6.75
72.09,0,,68.91,6.77,1,0,69.13,-0.63,1.20,-6.63,6.77
72.21,0,,69.02,6.79,1,0,69.53,-0.52,1.19,-6.53,6.89
72.30,0,,69.15,6.83,1,0,68.63,-0.54,1.24,-6.50,6.82
72.39,0,,69.12,6.84,0,1,69.31,-0.57,1.24,-6.53,6.79
72.51,0,,69.09,6.84,0,1,69.06,-0.51,1.19,-6.52,6.90
72.60,0,,69.07,6.87,1,0,68.81,-0.48,1.16,-6.52,6.96
72.69,0,,69.00,6.89,0,1,69.11,-0.60,1.22,-6.58,6.78
72.81,0,,69.03,6.87,1,0,69.33,-0.57,1.23,-6.54,6.80
72.90,0,,69.15,6.85,1,0,69.19,-0.47,1.16,-6.51,6.97
72.99,0,,69.25,6.87,0,1,69.43,-0.58,1.15,-6.63,6.87
73.14,0,,69.37,6.90,0,1,69.63,-0.55,1.17,-6.58,6.88
73.20,0,,69.48,6.90,0,1,69.41,-0.46,1.21,-6.45,6.93
73.29,0,,69.46,6.90,0,2,69.10,-0.53,1.23,-6.50,6.84
73.41,0,,69.31,6.89,0,2,69.12,-0.53,1.21,-6.52,6.86
73.50,0,,69.11,6.88,0,1,68.71,-0.49,1.18,-6.51,6.93
73.59,0,,68.94,6.90,0,1,68.96,-0.54,1.12,-6.62,6.94
73.71,0,,68.89,6.92,2,-1,69.12,-0.60,1.16,-6.64,6.84
73.80,0,,68.93,6.90,4,-2,68.80,-0.57,1.21,-6.56,6.82
73.89,0,,68.92,6.86,4,-2,68.82,-0.58,1.16,-6.62,6.86
74.01,0,,68.85,6.86,4,-2,68.73,-0.55,1.12,-6.63,6.93
74.10,0,,68.86,6.90,4,-2,69.35,-0.43,1.12,-6.51,7.05
74.19,0,,69.04,6.97,4,-2,69.32,-0.48,1.12,-6.56,7.00
74.34,0,,69.21,6.99,2,-1,69.15,-0.61,1.13,-6.68,6.86
74.40,0,,69.22,6.96,1,0,68.92,-0.55,1.16,-6.59,6.89
74.49,0,,69.18,6.93,1,0,69.54,-0.42,1.13,-6.49,7.05
74.64,0,,69.22,6.97,1,0,69.15,-0.47,1.10,-6.57,7.03
74.70,0,,69.27,7.01,0,2,69.36,-0.51,1.11,-6.60,6.98
74.79,0,,69.28,7.02,0,2,69.14,-0.46,1.11,-6.55,7.03
74.91,0,,69.22,7.02,0,2,69.04,-0.52,1.11,-6.61,6.97
75.03,0,,69.19,7.01,0,1,69.55,-0.51,1.09,-6.62,7.00
75.09,0,,69.33,7.01,0,1,69.74,-0.44,1.08,-6.56,7.08
75.21,0,,69.50,7.03,0,1,69.28,-0.50,1.09,-6.61,7.01
75.30,0,,69.48,7.04,0,1,69.19,-0.51,1.07,-6.64,7.02
75.39,0,,69.39,7.03,0,1,69.64,-0.49,1.07,-6.62,7.04
75.51,0,,69.35,7.04,1,0,68.96,-0.52,1.02,-6.70,7.06
75.60,0,,69.21,7.05,1,0,68.88,-0.52,1.02,-6.70,7.06
75.69,0,,69.11,7.04,1,0,69.61,-0.55,1.14,-6.61,6.91
75.81,0,,69.16,6.99,2,-1,68.96,-0.55,1.14,-6.61,6.91
75.90,0,,69.21,6.93,2,-1,69.42,-0.53,1.16,-6.57,6.91
75.99,0,,69.22,6.91,2,-1,69.01,-0.36,1.28,-6.28,6.96
76.14,0,,69.20,6.96,2,-1,69.20,-0.08,1.33,-5.95,7.19
76.20,0,,69.16,7.06,2,-1,69.13,-0.08,1.41,-5.87,7.11
76.29,0,,69.11,7.12,2,-1,68.88,-0.09,1.45,-5.84,7.06
76.41,0,,69.03,7.12,2,-1,69.07,0.01,1.48,-5.71,7.13
76.50,0,,69.02,7.12,2,-1,69.17,-0.02,1.48,-5.74,7.10
76.59,0,,69.08,7.11,2,-1,69.13,-0.12,1.38,-5.94,7.10
76.71,0,,69.11,7.11,2,-1,68.97,-0.15,1.35,-6.00,7.10
76.80,0,,69.07,7.11,2,-1,69.00,-0.20,1.29,-6.11,7.11
76.89,0,,69.07,7.11,2,-1,69.40,-0.29,1.17,-6.32,7.14
77.01,0,,69.16,7.14,1,0,69.18,-0.17,1.18,-6.19,7.25
77.10,0,,69.22,7.21,1,0,69.10,0.05,1.29,-5.86,7.36
77.19,0,,69.23,7.29,0,1,69.45,0.11,1.41,-5.68,7.30
77.31,0,,69.27,7.35,0,1,69.20,0.24,1.39,-5.57,7.45
77.40,0,,69.27,7.41,0,1,69.13,0.35,1.43,-5.42,7.52
77.49,0,,69.24,7.47,0,1,69.39,0.32,1.50,-5.38,7.42
77.64,0,,69.25,7.49,0,1,69.22,0.39,1.41,-5.40,7.58
77.70,0,,69.27,7.52,0,1,69.25,0.33,1.43,-5.44,7.50
77.79,0,,69.22,7.52,1,0,68.99,0.21,1.43,-5.56,7.38
77.91,0,,69.10,7.48,1,0,68.82,0.28,1.39,-5.53,7.49
78.00,0,,68.96,7.46,1,0,68.93,0.31,1.39,-5.50,7.52
78.15,0,,68.87,7.49,4,-2,68.84,0.20,1.27,-5.73,7.53
78.21,0,,68.93,7.50,4,-2,69.49,0.08,1.26,-5.86,7.42
78.30,0,,69.07,7.48,4,-2,68.86,0.11,1.30,-5.79,7.41
78.39,0,,69.16,7.45,2,-1,69.44,0.19,1.27,-5.74,7.52
78.51,0,,69.27,7.46,2,-1,69.55,0.20,1.31,-5.69,7.49
78.60,0,,69.36,7.50,1,0,68.97,0.26,1.30,-5.64,7.56
78.69,0,,69.29,7.53,1,0,69.27,0.29,1.35,-5.56,7.54
78.81,0,,69.24,7.53,1,0,69.42,0.19,1.41,-5.60,7.38
78.90,0,,69.28,7.48,0,2,69.23,0.14,1.32,-5.74,7.42
78.99,0,,69.27,7.44,0,2,69.09,0.20,1.29,-5.71,7.51
79.14,0,,69.20,7.46,0,1,69.17,0.22,1.29,-5.69,7.53
79.20,0,,69.13,7.49,1,0,69.01,0.22,1.40,-5.58,7.42
79.29,0,,69.00,7.47,1,0,68.51,0.39,1.64,-5.17,7.35
79.41,0,,68.82,7.41,2,-1,68.86,0.45,1.73,-5.02,7.32
79.50,0,,68.77,7.35,4,-2,69.08,0.44,1.71,-5.05,7.33
79.59,0,,68.85,7.34,4,-2,68.77,0.51,1.66,-5.03,7.45
79.71,0,,68.96,7.37,4,-2,69.46,0.38,1.62,-5.20,7.36
79.80,0,,69.10,7.36,4,-2,69.02,0.09,1.52,-5.59,7.17
79.89,0,,69.14,7.28,2,-1,68.88,-0.04,1.42,-5.82,7.14
80.04,0,,69.07,7.21,1,0,69.17,0.04,1.40,-5.76,7.24
80.16,0,,69.04,7.21,1,0,68.98,0.21,1.44,-5.55,7.37
80.19,0,,69.01,7.27,2,-1,68.82,0.32,1.61,-5.27,7.31
80.31,0,,68.93,7.32,0,1,68.92,0.38,1.68,-5.14,7.30
80.40,0,,68.93,7.32,0,1,69.23,0.25,1.60,-5.35,7.25
80.55,0,,69.00,7.28,1,0,68.88,0.12,1.57,-5.51,7.15
80.64,0,,68.98,7.23,2,-1,68.73,0.16,1.48,-5.56,7.28
80.70,0,,68.90,7.23,2,-1,69.03,0.07,1.40,-5.73,7.27
80.79,0,,68.90,7.24,2,-1,68.96,-0.13,1.30,-6.03,7.17
80.91,0,,68.93,7.23,2,-1,68.92,-0.19,1.18,-6.21,7.23
81.00,0,,68.93,7.22,1,0,68.84,-0.18,1.20,-6.18,7.22
81.09,0,,68.88,7.22,2,-1,68.73,-0.22,1.23,-6.19,7.15
81.24,0,,68.85,7.18,2,-1,69.11,-0.27,1.26,-6.21,7.07
81.33,0,,68.90,7.12,2,-1,68.93,-0.26,1.31,-6.15,7.03
81.39,0,,68.97,7.07,1,0,69.06,-0.28,1.27,-6.21,7.05
81.51,0,,69.02,7.05,2,-1,69.07,-0.30,1.20,-6.30,7.10
81.60,0,,69.13,7.09,1,0,69.64,-0.11,1.21,-6.10,7.28
81.69,0,,69.27,7.16,0,1,69.02,-0.17,1.26,-6.11,7.17
81.81,0,,69.27,7.18,0,2,69.13,-0.37,1.22,-6.35,7.01
81.90,0,,69.20,7.14,0,2,69.23,-0.21,1.26,-6.15,7.13
81.99,0,,69.15,7.12,0,2,69.02,-0.17,1.23,-6.14,7.20
82.14,0,,69.13,7.17,0,2,69.23,-0.05,1.18,-6.07,7.37
82.20,0,,69.14,7.28,0,1,69.15,0.08,1.24,-5.88,7.44
82.29,0,,69.20,7.37,0,1,69.44,-0.32,0.98,-6.54,7.30
82.41,0,,69.24,7.37,0,1,68.98,-0.48,0.83,-6.85,7.29
82.50,0,,69.22,7.33,0,1,69.32,-0.42,0.91,-6.71,7.27
82.59,0,,69.22,7.31,0,1,69.28,-0.29,0.90,-6.59,7.41
82.74,0,,69.25,7.36,0,1,69.25,-0.00,1.08,-6.12,7.52
82.83,0,,69.29,7.42,0,1,69.43,-0.04,1.19,-6.05,7.37
82.89,0,,69.27,7.44,0,1,68.82,-0.07,1.13,-6.14,7.40
83.01,0,,69.18,7.41,0,1,69.36,-0.11,1.15,-6.16,7.34
83.10,0,,69.11,7.37,1,0,68.85,-0.26,1.07,-6.39,7.27
83.19,0,,69.07,7.34,2,-1,69.22,-0.09,1.08,-6.21,7.43
83.31,0,,69.13,7.37,0,1,69.54,0.07,1.14,-5.99,7.53
83.40,0,,69.27,7.46,0,1,69.13,0.11,1.11,-5.98,7.60
83.49,0,,69.34,7.58,0,1,69.53,0.38,1.21,-5.61,7.77
83.64,0,,69.37,7.70,0,1,69.30,0.50,1.28,-5.42,7.82
83.70,0,,69.36,7.78,0,1,69.21,0.52,1.35,-5.33,7.77
83.79,0,,69.33,7.83,0,1,69.55,0.76,1.46,-4.98,7.90
83.91,0,,69.32,7.87,0,1,69.00,0.85,1.46,-4.89,7.99
84.00,0,,69.28,7.94,0,1,69.48,0.76,1.36,-5.08,8.00
84.09,0,,69.40,8.01,0,1,70.13,0.75,1.27,-5.18,8.08
84.21,0,,69.66,8.05,0,1,69.58,0.73,1.29,-5.18,8.04
84.30,0,,69.74,8.06,0,2,69.47,0.59,1.21,-5.40,7.98
84.39,0,,69.63,8.03,0,2,69.39,0.48,1.07,-5.65,8.01
84.51,0,,69.53,8.01,0,2,69.73,0.48,1.06,-5.66,8.02
84.60,0,,69.58,8.01,0,1,69.85,0.41,0.98,-5.81,8.03
84.69,0,,69.67,8.00,0,1,69.47,0.27,0.97,-5.96,7.90
84.81,0,,69.71,7.96,0,1,70.00,0.21,0.94,-6.05,7.87
84.99,0,,69.81,7.92,0,1,70.05,0.17,0.83,-6.20,7.94
84.99,0,,69.84,7.91,0,1,69.12,0.12,0.83,-6.25,7.89
85.14,0,,69.63,7.90,0,1,69.43,0.12,0.81,-6.27,7.91
85.20,0,,69.39,7.90,0,1,69.12,0.05,0.81,-6.34,7.84
85.29,0,,69.25,7.85,2,-1,69.30,-0.14,0.82,-6.52,7.64
85.41,0,,69.21,7.75,4,-2,69.28,-0.23,0.80,-6.63,7.57
85.53,0,,69.30,7.66,4,-2,69.71,-0.07,0.80,-6.47,7.73
85.59,0,,69.43,7.66,4,-2,69.29,-0.05,0.79,-6.46,7.76
85.71,0,,69.38,7.68,4,-2,68.77,-0.19,0.86,-6.53,7.55
85.80,0,,69.24,7.66,4,-2,69.73,-0.11,0.85,-6.46,7.64
85.92,0,,69.25,7.64,4,-2,69.13,-0.10,0.81,-6.49,7.69
86.04,0,,69.28,7.64,2,-1,69.20,-0.22,0.83,-6.59,7.55
86.10,0,,69.25,7.62,1,0,69.31,-0.19,0.81,-6.58,7.60
86.19,0,,69.23,7.59,1,0,69.09,-0.26,0.83,-6.63,7.51
86.31,0,,69.25,7.53,2,-1,69.63,-0.44,0.78,-6.86,7.38
86.40,0,,69.29,7.45,2,-1,68.88,-0.50,0.74,-6.96,7.36
86.52,0,,69.18,7.39,2,-1,68.84,-0.43,0.77,-6.86,7.40
86.64,0,,69.01,7.39,2,-1,69.11,-0.36,0.78,-6.78,7.46
86.70,0,,68.97,7.41,4,-2,69.04,-0.35,0.86,-6.69,7.39
86.82,0,,69.00,7.42,2,-1,69.02,-0.25,0.92,-6.53,7.43
86.94,0,,68.99,7.43,2,-1,68.75,-0.17,0.96,-6.41,7.47
87.03,0,,68.90,7.44,2,-1,68.81,-0.26,0.95,-6.51,7.39
87.15,0,,68.89,7.44,4,-2,69.35,-0.25,0.89,-6.56,7.46
87.24,0,,69.03,7.44,4,-2,69.14,-0.25,0.93,-6.52,7.42
87.30,0,,69.09,7.42,2,-1,68.68,-0.35,0.95,-6.60,7.30
87.45,0,,68.99,7.38,2,-1,68.98,-0.35,0.92,-6.63,7.33
87.51,0,,68.98,7.34,2,-1,69.47,-0.36,0.89,-6.67,7.35
87.69,0,,69.12,7.34,2,-1,69.03,-0.35,0.84,-6.71,7.41
87.69,0,,69.17,7.36,0,1,69.02,-0.36,0.92,-6.64,7.32
87.81,0,,69.13,7.37,0,1,69.24,-0.31,0.91,-6.60,7.38
87.90,0,,69.10,7.38,0,1,68.88,-0.29,0.85,-6.64,7.46
87.99,0,,69.07,7.40,0,1,69.21,-0.40,0.90,-6.70,7.30
88.14,0,,69.00,7.38,1,0,68.54,-0.32,0.89,-6.63,7.39
88.20,0,,68.89,7.37,1,0,68.97,-0.30,0.91,-6.59,7.39
88.29,0,,68.88,7.37,2,-1,69.28,-0.37,0.93,-6.64,7.30
88.41,0,,68.96,7.37,2,-1,68.61,-0.20,0.92,-6.48,7.48
88.50,0,,68.93,7.40,2,-1,68.96,-0.13,1.00,-6.33,7.47
88.59,0,,68.87,7.44,2,-1,68.78,-0.19,1.00,-6.39,7.41
88.71,0,,68.85,7.45,2,-1,68.92,-0.14,1.02,-6.32,7.44
88.80,0,,68.88,7.44,2,-1,69.03,-0.03,1.15,-6.08,7.42
88.89,0,,68.92,7.43,2,-1,68.78,-0.10,1.12,-6.18,7.38
89.01,0,,68.88,7.40,2,-1,68.74,-0.24,1.03,-6.41,7.33
89.16,0,,68.86,7.37,2,-1,69.15,-0.24,0.96,-6.48,7.40
89.19,0,,68.92,7.36,2,-1,68.89,-0.30,0.98,-6.52,7.32
89.31,0,,69.00,7.34,1,0,69.24,-0.33,1.02,-6.51,7.25
89.40,0,,69.07,7.32,0,1,69.03,-0.26,0.95,-6.51,7.39
89.49,0,,69.09,7.33,0,1,68.99,-0.25,0.97,-6.48,7.38
89.70,0,,69.08,7.36,0,1,69.22,-0.28,0.94,-6.54,7.38
89.70,0,,69.04,7.38,0,1,68.63,-0.24,0.99,-6.45,7.37
89.79,0,,68.91,7.38,0,1,68.79,-0.19,1.12,-6.27,7.29
89.91,0,,68.77,7.35,1,0,68.65,-0.16,1.06,-6.30,7.38
90.00,0,,68.70,7.37,1,0,68.72,-0.08,1.02,-6.26,7.50
90.09,0,,68.76,7.43,1,0,69.37,-0.05,1.05,-6.20,7.50
90.24,0,,68.95,7.47,2,-1,68.83,-0.12,1.06,-6.26,7.42
90.30,0,,68.96,7.47,2,-1,68.46,-0.15,1.04,-6.31,7.41
90.39,0,,68.80,7.45,2,-1,68.83,-0.12,1.00,-6.32,7.48
90.51,0,,68.72,7.46,2,-1,68.79,-0.16,0.96,-6.40,7.48
90.60,0,,68.75,7.48,2,-1,68.89,-0.18,0.92,-6.46,7.50
90.69,0,,68.88,7.50,2,-1,69.29,-0.11,0.95,-6.36,7.54
90.81,0,,69.01,7.53,1,0,68.84,-0.13,0.92,-6.41,7.55
90.90,0,,69.01,7.55,1,0,68.76,-0.16,0.86,-6.50,7.58
90.99,0,,68.88,7.57,1,0,68.72,-0.14,0.89,-6.45,7.57
91.14,0,,68.81,7.58,1,0,69.07,-0.11,0.88,-6.43,7.61
91.20,0,,68.87,7.59,1,0,69.01,-0.15,0.88,-6.47,7.57
91.29,0,,68.96,7.59,0,1,68.91,-0.15,0.87,-6.48,7.58
91.41,0,,69.00,7.59,0,1,69.12,-0.09,0.87,-6.42,7.64
91.53,0,,69.00,7.60,0,1,68.79,-0.15,0.88,-6.47,7.57
91.59,0,,68.95,7.61,1,0,68.86,-0.13,0.81,-6.52,7.66
91.71,0,,68.83,7.63,1,0,68.50,-0.17,0.81,-6.56,7.62
91.80,0,,68.70,7.61,1,0,68.74,-0.38,0.77,-6.81,7.45
91.89,0,,68.65,7.56,2,-1,68.65,-0.33,0.72,-6.81,7.55
92.01,0,,68.71,7.56,2,-1,69.20,-0.00,0.85,-6.35,7.75
92.10,0,,68.87,7.64,1,0,68.85,0.09,0.87,-6.24,7.82
92.19,0,,68.99,7.73,1,0,69.16,-0.10,0.86,-6.44,7.64
92.31,0,,69.07,7.71,1,0,69.16,-0.28,0.81,-6.67,7.51
92.40,0,,69.06,7.63,1,0,68.57,-0.53,0.53,-7.20,7.54
92.49,0,,68.97,7.57,1,0,69.25,-0.60,0.38,-7.42,7.62
92.67,0,,68.95,7.59,1,0,68.84,-0.42,0.42,-7.20,7.76
92.70,0,,68.83,7.62,0,1,68.01,-0.71,0.48,-7.43,7.41
92.79,0,,68.56,7.53,1,0,68.63,-1.03,0.39,-7.84,7.18
92.91,0,,68.41,7.40,2,-1,68.41,-0.67,0.38,-7.49,7.55
93.00,0,,68.43,7.41,4,-2,68.70,-0.32,0.63,-6.89,7.65
93.09,0,,68.52,7.53,4,-2,68.54,-0.29,0.61,-6.88,7.70
93.21,0,,68.64,7.69,4,-2,69.04,-0.17,0.43,-6.94,8.00
93.30,0,,68.87,7.89,4,-2,69.47,0.09,0.42,-6.69,8.27
93.39,0,,69.15,8.14,2,-1,69.15,0.30,0.44,-6.46,8.46
93.51,0,,69.29,8.36,2,-1,69.36,0.22,0.34,-6.64,8.48
93.60,0,,69.37,8.49,0,2,69.60,0.15,0.22,-6.83,8.53
93.69,0,,69.50,8.55,0,2,69.72,0.25,0.29,-6.66,8.56
93.81,0,,69.56,8.57,0,2,69.21,0.19,0.24,-6.77,8.55
93.90,0,,69.47,8.57,0,2,69.28,0.18,0.18,-6.84,8.60
93.99,0,,69.32,8.59,0,2,69.19,0.24,0.20,-6.76,8.64
94.14,0,,69.23,8.63,0,2,69.21,0.22,0.10,-6.88,8.72
94.20,0,,69.24,8.67,0,1,69.60,0.18,0.13,-6.89,8.65
94.29,0,,69.40,8.69,1,0,69.77,0.28,0.17,-6.75,8.71
94.41,0,,69.52,8.71,0,1,69.06,0.31,0.12,-6.77,8.79
94.50,0,,69.43,8.74,1,0,69.21,0.24,0.13,-6.83,8.71
94.59,0,,69.25,8.76,2,-1,69.08,0.34,0.14,-6.72,8.80
94.71,0,,69.17,8.76,2,-1,69.36,0.27,0.16,-6.77,8.71
94.80,0,,69.18,8.74,2,-1,69.14,0.16,0.15,-6.89,8.61
94.89,0,,69.20,8.71,2,-1,69.18,0.27,0.07,-6.86,8.80
95.01,0,,69.18,8.73,2,-1,69.11,0.30,0.06,-6.84,8.84
95.10,0,,69.20,8.78,2,-1,69.47,0.26,0.07,-6.87,8.79
95.19,0,,69.32,8.80,2,-1,69.65,0.24,0.08,-6.88,8.76
95.31,0,,69.46,8.79,0,1,69.29,0.28,0.11,-6.81,8.77
95.40,0,,69.44,8.78,0,1,69.20,0.29,0.10,-6.81,8.79
95.49,0,,69.33,8.79,0,1,69.23,0.36,0.10,-6.74,8.86
95.67,0,,69.23,8.85,0,1,69.19,0.50,0.10,-6.60,9.00
95.70,0,,69.24,8.91,0,1,69.57,0.47,0.16,-6.57,8.91
95.79,0,,69.37,8.94,1,0,69.64,0.48,0.21,-6.51,8.87
95.91,0,,69.60,8.93,0,1,70.09,0.58,0.18,-6.44,9.00
96.00,0,,69.79,8.95,0,2,69.61,0.56,0.18,-6.46,8.98
96.09,0,,69.78,8.97,0,2,69.35,0.50,0.16,-6.54,8.94
96.21,0,,69.60,8.97,0,2,69.46,0.49,0.18,-6.53,8.91
96.30,0,,69.44,8.95,0,2,69.27,0.55,0.20,-6.45,8.95
96.39,0,,69.33,8.94,1,0,69.23,0.55,0.19,-6.46,8.96
96.51,0,,69.27,8.96,1,0,69.34,0.60,0.18,-6.42,9.02
96.60,0,,69.28,9.01,2,-1,69.39,0.72,0.14,-6.34,9.18
96.69,0,,69.27,9.08,4,-2,68.90,0.62,0.20,-6.38,9.02
96.81,0,,69.24,9.07,4,-2,69.70,0.58,0.30,-6.32,8.88
96.90,0,,69.33,9.02,4,-2,69.42,0.79,0.28,-6.13,9.11
96.99,0,,69.44,9.03,4,-2,69.41,0.81,0.26,-6.13,9.15
97.20,0,,69.42,9.09,2,-1,69.18,0.76,0.23,-6.21,9.13
97.20,0,,69.33,9.13,0,1,69.29,0.81,0.27,-6.12,9.14
97.29,0,,69.30,9.14,1,0,69.52,0.81,0.33,-6.06,9.08
97.41,0,,69.41,9.13,1,0,69.78,0.81,0.27,-6.12,9.14
97.50,0,,69.55,9.14,1,0,69.40,0.84,0.23,-6.13,9.21
97.59,0,,69.62,9.18,0,1,69.82,0.83,0.19,-6.18,9.24
97.71,0,,69.58,9.22,0,1,69.04,0.80,0.14,-6.26,9.26
97.80,0,,69.43,9.25,0,1,69.31,0.85,0.26,-6.09,9.19
97.89,0,,69.28,9.23,1,0,69.27,1.09,0.53,-5.58,9.16
98.01,0,,69.25,9.19,1,0,69.36,1.27,0.73,-5.20,9.14
98.10,0,,69.30,9.16,1,0,69.48,1.40,0.81,-4.99,9.19
98.19,0,,69.35,9.18,1,0,69.16,1.62,0.90,-4.68,9.32
98.31,0,,69.38,9.24,1,0,69.67,1.57,0.94,-4.69,9.23
98.40,0,,69.42,9.25,2,-1,69.29,1.41,0.89,-4.90,9.12
98.49,0,,69.40,9.21,2,-1,69.18,1.37,0.75,-5.08,9.22
98.67,0,,69.34,9.19,1,0,69.55,1.07,0.51,-5.62,9.16
98.70,0,,69.39,9.17,1,0,69.58,0.73,0.24,-6.23,9.09
98.82,0,,69.50,9.15,1,0,69.61,0.65,0.01,-6.54,9.24
98.91,0,,69.64,9.16,1,0,70.03,0.44,-0.08,-6.84,9.12
99.00,0,,69.78,9.14,0,2,69.65,0.23,-0.16,-7.13,8.99
99.09,0,,69.79,9.09,0,2,69.60,0.40,-0.11,-6.91,9.11
99.21,0,,69.71,9.09,0,2,69.66,0.71,0.13,-6.36,9.18
99.30,0,,69.62,9.13,0,2,69.41,0.85,0.25,-6.10,9.20
99.39,0,,69.59,9.19,0,2,69.93,1.07,0.35,-5.78,9.32
99.51,0,,69.63,9.27,0,1,69.48,1.18,0.41,-5.61,9.37
99.60,0,,69.63,9.31,0,1,69.55,0.90,0.35,-5.95,9.15
99.69,0,,69.56,9.25,0,1,69.41,0.64,0.25,-6.31,8.99
99.81,0,,69.58,9.10,2,-1,70.13,0.40,0.12,-6.68,8.88
99.90,0,,69.73,8.94,2,-1,69.80,0.09,0.00,-7.11,8.69
99.99,0,,69.82,8.79,1,0,69.58,-0.05,-0.14,-7.39,8.69
100.20,0,,69.67,8.69,0,1,68.97,-0.13,-0.12,-7.45,8.59
100.20,0,,69.35,8.60,1,0,69.04,0.06,0.25,-6.89,8.41
100.29,0,,69.15,8.55,2,-1,69.49,0.73,0.52,-5.95,8.81
100.41,0,,69.22,8.64,4,-2,69.54,0.74,0.43,-6.03,8.91
100.50,0,,69.37,8.75,4,-2,69.32,0.03,0.07,-7.10,8.56
100.59,0,,69.45,8.74,4,-2,69.58,-0.23,-0.25,-7.68,8.62
100.71,0,,69.50,8.66,2,-1,69.57,-0.25,-0.17,-7.62,8.52
100.80,0,,69.51,8.57,2,-1,69.22,-0.29,-0.15,-7.64,8.46
100.89,0,,69.44,8.52,2,-1,69.47,-0.05,-0.09,-7.34,8.64
101.01,0,,69.32,8.53,2,-1,68.85,0.14,0.27,-6.79,8.47
101.10,0,,69.21,8.53,2,-1,69.53,0.30,0.38,-6.52,8.52
101.19,0,,69.31,8.57,2,-1,69.88,0.53,0.27,-6.40,8.86
101.31,0,,69.57,8.70,2,-1,69.76,0.45,0.07,-6.68,8.98
101.40,0,,69.71,8.87,0,1,69.38,0.13,-0.21,-7.28,8.94
101.49,0,,69.61,8.96,0,1,69.25,-0.06,-0.41,-7.67,8.95
101.64,0,,69.43,8.97,0,1,69.40,-0.14,-0.45,-7.79,8.91
101.73,0,,69.37,8.93,1,0,69.60,-0.20,-0.29,-7.69,8.69
101.79,0,,69.40,8.82,0,1,69.22,-0.10,-0.19,-7.49,8.69
101.94,0,,69.31,8.70,2,-1,68.78,-0.13,-0.02,-7.35,8.49
102.00,0,,69.12,8.56,2,-1,69.18,-0.22,0.10,-7.32,8.28
102.09,0,,69.03,8.45,4,-2,69.07,0.06,0.05,-7.09,8.61
102.21,0,,69.03,8.44,4,-2,68.99,0.06,0.20,-6.94,8.46
102.30,0,,69.05,8.44,4,-2,69.18,-0.09,0.33,-6.96,8.18
102.39,0,,69.09,8.38,4,-2,69.12,0.30,0.43,-6.47,8.47
102.51,0,,69.12,8.37,4,-2,69.09,0.38,0.54,-6.28,8.44
102.60,0,,69.11,8.38,4,-2,69.03,0.12,0.51,-6.57,8.21
102.69,0,,69.04,8.34,2,-1,68.75,0.24,0.55,-6.41,8.29
102.81,0,,68.94,8.30,2,-1,69.00,0.26,0.48,-6.46,8.38
102.90,0,,68.96,8.32,2,-1,69.36,0.12,0.36,-6.72,8.36
102.99,0,,69.07,8.37,2,-1,68.91,0.27,0.38,-6.55,8.49
103.14,0,,69.09,8.43,1,0,69.01,0.39,0.49,-6.32,8.50
103.20,0,,69.00,8.45,1,0,68.73,0.26,0.64,-6.30,8.22
103.29,0,,68.97,8.38,2,-1,69.43,0.23,0.52,-6.45,8.31
103.41,0,,68.99,8.33,2,-1,68.53,0.25,0.43,-6.52,8.42
103.50,0,,68.91,8.34,2,-1,68.77,0.23,0.54,-6.43,8.29
103.59,0,,68.85,8.35,2,-1,69.32,0.35,0.53,-6.32,8.42
103.71,0,,68.95,8.37,2,-1,68.85,0.46,0.65,-6.09,8.41
103.80,0,,68.99,8.39,2,-1,68.91,0.46,0.73,-6.01,8.33
103.89,0,,68.99,8.40,2,-1,69.16,0.59,0.68,-5.93,8.51
104.01,0,,69.01,8.46,2,-1,68.91,0.69,0.68,-5.83,8.61
104.10,0,,69.03,8.53,1,0,69.20,0.47,0.57,-6.16,8.50
104.19,0,,69.03,8.53,1,0,68.80,0.28,0.48,-6.44,8.40
104.31,0,,69.02,8.47,1,0,69.26,0.33,0.56,-6.31,8.37
104.40,0,,69.07,8.41,1,0,69.18,0.39,0.62,-6.19,8.37
104.49,0,,69.10,8.38,1,0,68.78,0.39,0.59,-6.22,8.40
104.64,0,,68.96,8.37,1,0,68.54,0.36,0.60,-6.24,8.36
104.70,0,,68.77,8.37,1,0,68.81,0.43,0.73,-6.04,8.30
104.79,0,,68.69,8.36,1,0,68.71,0.59,0.77,-5.84,8.42
104.91,0,,68.72,8.38,2,-1,68.93,0.64,0.78,-5.78,8.46
105.00,0,,68.78,8.41,4,-2,68.68,0.59,0.81,-5.80,8.38
105.09,0,,68.84,8.44,4,-2,69.13,0.74,0.78,-5.68,8.56
105.21,0,,68.98,8.49,2,-1,69.39,0.69,0.78,-5.73,8.51
105.30,0,,69.19,8.49,2,-1,69.31,0.47,0.77,-5.96,8.30
105.39,0,,69.27,8.45,1,0,68.92,0.64,0.75,-5.81,8.49
105.51,0,,69.17,8.43,0,2,69.01,0.66,0.78,-5.76,8.48
105.60,0,,69.11,8.45,0,2,69.49,0.58,0.74,-5.88,8.44
105.69,0,,69.19,8.47,0,2,69.15,0.69,0.75,-5.76,8.54
105.84,0,,69.22,8.49,0,2,69.02,0.68,0.81,-5.71,8.47
105.90,0,,69.10,8.49,0,2,68.71,0.63,0.81,-5.76,8.42
105.99,0,,68.94,8.48,0,1,69.01,0.74,0.83,-5.63,8.51
106.14,0,,68.87,8.49,0,1,68.79,0.83,0.84,-5.53,8.59
106.20,0,,68.87,8.52,1,0,69.05,0.73,0.91,-5.56,8.42
106.32,0,,68.98,8.51,1,0,69.46,0.81,0.93,-5.46,8.48
106.41,0,,69.20,8.51,2,-1,69.35,0.90,0.87,-5.43,8.63
106.50,0,,69.35,8.54,1,0,69.36,0.79,0.90,-5.51,8.49
106.59,0,,69.36,8.56,0,1,69.08,0.86,0.87,-5.47,8.59
106.71,0,,69.26,8.57,0,1,69.14,0.88,0.87,-5.45,8.61
106.80,0,,69.15,8.58,0,1,69.07,0.81,0.93,-5.46,8.48
106.89,0,,69.13,8.56,0,1,69.36,0.87,0.89,-5.44,8.58
107.01,0,,69.20,8.55,0,1,69.32,0.86,0.93,-5.41,8.53
107.10,0,,69.25,8.55,0,1,69.02,0.89,0.96,-5.35,8.53
107.19,0,,69.26,8.55,0,1,69.63,0.96,0.97,-5.27,8.59
107.34,0,,69.31,8.55,1,0,69.13,0.94,1.02,-5.24,8.52
107.43,0,,69.28,8.55,0,1,68.98,0.95,1.02,-5.23,8.53
107.52,0,,69.13,8.55,0,1,68.98,1.01,1.00,-5.19,8.61
107.70,0,,69.04,8.57,0,1,69.18,1.00,1.02,-5.18,8.58
107.70,0,,69.05,8.58,2,-1,69.11,0.96,1.06,-5.18,8.50
107.79,0,,69.09,8.56,2,-1,69.11,0.97,1.03,-5.20,8.54
107.91,0,,69.10,8.54,2,-1,69.03,0.92,1.02,-5.26,8.50
108.00,0,,69.07,8.52,2,-1,68.97,0.91,1.04,-5.25,8.47
108.09,0,,69.10,8.52,2,-1,69.57,1.06,1.00,-5.14,8.66
108.21,0,,69.13,8.56,1,0,68.45,1.02,1.09,-5.09,8.53
108.30,0,,69.02,8.56,1,0,69.17,1.06,1.20,-4.94,8.46
108.39,0,,68.95,8.56,1,0,68.99,1.32,1.17,-4.71,8.75
108.51,0,,68.99,8.62,1,0,69.11,1.25,1.16,-4.79,8.69
108.60,0,,69.05,8.67,1,0,69.13,1.24,1.22,-4.74,8.62
108.78,0,,69.17,8.71,2,-1,69.63,1.62,1.31,-4.27,8.91
108.81,0,,69.38,8.83,1,0,69.62,2.03,1.44,-3.73,9.19
108.90,0,,69.57,9.06,0,2,69.67,2.39,1.51,-3.30,9.48
108.99,0,,69.65,9.32,0,2,69.55,2.48,1.50,-3.22,9.58
109.14,0,,69.64,9.51,0,2,69.56,2.41,1.52,-3.27,9.49
109.20,0,,69.57,9.56,0,2,69.39,2.55,1.67,-2.98,9.48
109.29,0,,69.48,9.54,0,2,69.35,2.72,1.85,-2.63,9.47
109.41,0,,69.38,9.47,0,2,69.27,2.51,1.90,-2.79,9.21
109.50,0,,69.31,9.31,0,1,69.33,1.88,1.55,-3.77,8.93
109.59,0,,69.36,9.12,0,1,69.83,1.32,0.96,-4.92,8.96
109.71,0,,69.51,8.96,0,1,69.52,0.96,0.75,-5.49,8.81
109.80,0,,69.60,8.80,0,1,69.53,0.67,0.89,-5.64,8.38
109.89,0,,69.52,8.58,2,-1,69.06,0.63,0.95,-5.62,8.28
110.01,0,,69.36,8.39,2,-1,69.33,0.75,0.97,-5.48,8.38
110.10,0,,69.17,8.32,2,-1,68.64,0.84,1.08,-5.28,8.36
110.19,0,,69.01,8.33,2,-1,69.25,1.06,1.26,-4.88,8.40
110.31,0,,69.06,8.39,4,-2,69.59,1.24,1.28,-4.68,8.56
110.40,0,,69.28,8.50,4,-2,69.43,1.26,1.13,-4.81,8.73
110.49,0,,69.42,8.63,2,-1,69.27,1.20,1.02,-4.98,8.78
110.64,0,,69.45,8.72,0,1,69.62,0.90,0.94,-5.36,8.56
110.70,0,,69.50,8.67,0,1,69.64,0.75,0.92,-5.53,8.43
110.79,0,,69.60,8.58,0,1,69.77,0.87,0.83,-5.50,8.64
110.91,0,,69.66,8.55,0,2,69.44,0.81,0.82,-5.57,8.59
111.00,0,,69.58,8.57,0,2,69.29,0.92,0.93,-5.35,8.59
111.09,0,,69.46,8.62,0,2,69.53,1.04,0.85,-5.31,8.79
111.21,0,,69.45,8.67,0,1,69.68,0.86,0.87,-5.47,8.59
111.30,0,,69.56,8.67,0,1,69.79,0.89,0.95,-5.36,8.54
111.39,0,,69.73,8.63,0,1,70.02,1.05,0.94,-5.21,8.71
111.51,0,,69.88,8.64,0,1,69.88,1.02,0.94,-5.24,8.68
111.60,0,,69.91,8.67,0,2,69.70,0.96,0.84,-5.40,8.72
111.69,0,,69.76,8.70,0,1,69.14,0.96,0.84,-5.40,8.72
111.81,0,,69.54,8.71,0,2,69.67,1.00,0.95,-5.25,8.65
111.90,0,,69.51,8.71,0,1,69.92,1.26,1.06,-4.88,8.80
111.99,0,,69.63,8.77,0,1,69.47,1.66,1.23,-4.31,9.03
112.14,0,,69.59,8.88,1,0,69.15,1.65,1.35,-4.20,8.90
112.20,0,,69.39,8.90,2,-1,69.12,1.35,1.33,-4.52,8.62
112.29,0,,69.23,8.80,4,-2,69.38,1.13,1.10,-4.97,8.63
112.41,0,,69.18,8.66,4,-2,69.02,0.80,0.96,-5.44,8.44
112.50,0,,69.17,8.53,4,-2,69.33,0.76,0.97,-5.47,8.39
112.59,0,,69.26,8.47,4,-2,69.74,1.05,0.92,-5.23,8.73
112.71,0,,69.45,8.52,4,-2,69.48,0.91,0.96,-5.33,8.55
112.80,0,,69.56,8.56,2,-1,69.53,0.67,0.84,-5.69,8.43
112.89,0,,69.62,8.55,2,-1,69.96,0.72,0.65,-5.83,8.67
113.01,0,,69.74,8.58,1,0,69.78,0.71,0.71,-5.78,8.60
113.10,0,,69.75,8.61,0,2,69.30,0.75,0.74,-5.71,8.61
113.19,0,,69.66,8.63,0,2,69.87,0.83,0.74,-5.63,8.69
113.31,0,,69.66,8.65,0,2,69.84,0.76,0.76,-5.68,8.60
113.40,0,,69.77,8.64,0,2,69.92,0.69,0.74,-5.77,8.55
113.49,0,,69.83,8.61,0,2,69.64,0.80,0.74,-5.66,8.66
113.64,0,,69.79,8.63,0,2,69.66,0.89,0.76,-5.55,8.73
113.70,0,,69.71,8.66,0,1,69.65,0.83,0.82,-5.55,8.61
113.79,0,,69.67,8.68,1,0,69.73,0.97,0.82,-5.41,8.75
113.94,0,,69.72,8.73,1,0,70.03,1.20,0.84,-5.16,8.96
114.00,0,,69.82,8.83,1,0,69.76,1.19,0.94,-5.07,8.85
114.09,0,,69.81,8.88,0,1,69.46,1.17,0.93,-5.10,8.84
114.21,0,,69.66,8.87,1,0,69.45,1.17,0.95,-5.08,8.82
114.30,0,,69.55,8.84,2,-1,69.74,1.14,0.97,-5.09,8.77
114.39,0,,69.49,8.82,2,-1,69.06,1.26,0.96,-4.98,8.90
114.51,0,,69.44,8.84,2,-1,69.82,1.31,1.05,-4.84,8.86
114.60,0,,69.54,8.85,2,-1,69.94,1.21,1.04,-4.95,8.77
114.69,0,,69.71,8.83,2,-1,69.52,1.24,1.07,-4.89,8.77
114.81,0,,69.78,8.80,0,1,70.03,1.33,1.10,-4.77,8.83
114.90,0,,69.78,8.81,0,1,69.44,1.37,1.09,-4.74,8.88
114.99,0,,69.64,8.84,0,1,69.13,1.35,1.08,-4.77,8.87
115.17,0,,69.49,8.88,1,0,70.02,1.35,1.02,-4.83,8.93
115.20,0,,69.60,8.91,1,0,69.91,1.39,1.09,-4.72,8.90
115.32,0,,69.77,8.90,0,1,69.61,1.31,1.14,-4.75,8.77
115.41,0,,69.79,8.84,0,1,69.79,1.25,1.12,-4.83,8.73
115.50,0,,69.80,8.79,0,1,69.95,1.34,1.09,-4.77,8.85
115.59,0,,69.84,8.80,0,1,69.79,1.32,1.01,-4.87,8.91
115.71,0,,69.81,8.84,0,1,69.50,1.22,1.06,-4.92,8.76
115.83,0,,69.71,8.82,0,1,69.72,1.18,1.07,-4.95,8.71
115.89,0,,69.63,8.75,1,0,69.48,1.00,0.98,-5.22,8.62
116.01,0,,69.57,8.65,1,0,69.60,0.71,0.95,-5.54,8.36
116.10,0,,69.53,8.51,1,0,69.35,0.69,0.91,-5.60,8.38
116.19,0,,69.49,8.41,4,-2,69.64,0.88,1.04,-5.28,8.44
116.31,0,,69.48,8.38,4,-2,69.33,0.89,1.13,-5.18,8.36
116.40,0,,69.50,8.39,4,-2,69.75,1.01,1.12,-5.07,8.49
116.49,0,,69.61,8.47,4,-2,70.00,1.30,1.16,-4.74,8.74
116.67,0,,69.79,8.61,1,0,69.80,1.12,0.91,-5.17,8.81
116.70,0,,69.85,8.73,1,0,69.70,0.81,0.76,-5.63,8.65
116.79,0,,69.82,8.74,1,0,69.80,0.94,0.92,-5.34,8.62
116.91,0,,69.79,8.71,0,1,69.84,1.19,0.99,-5.02,8.80
117.00,0,,69.75,8.73,0,2,69.45,1.23,1.02,-4.95,8.81
117.09,0,,69.74,8.78,0,2,70.26,1.19,0.98,-5.03,8.81
117.21,0,,69.76,8.82,0,1,69.17,1.23,0.95,-5.02,8.88
117.30,0,,69.66,8.85,0,1,69.69,1.14,0.95,-5.11,8.79
117.39,0,,69.60,8.83,1,0,69.84,0.97,0.83,-5.40,8.74
117.51,0,,69.66,8.78,1,0,69.65,0.85,0.76,-5.59,8.69
117.60,0,,69.70,8.71,1,0,69.66,0.69,0.76,-5.75,8.53
117.69,0,,69.68,8.61,1,0,69.65,0.69,0.86,-5.65,8.43
117.81,0,,69.60,8.49,2,-1,69.21,0.74,1.01,-5.45,8.33
117.93,0,,69.48,8.38,2,-1,69.57,0.70,1.05,-5.45,8.25
118.05,0,,69.43,8.29,2,-1,69.43,0.68,1.04,-5.48,8.24
118.14,0,,69.39,8.25,2,-1,69.11,0.71,1.07,-5.42,8.24
118.20,0,,69.25,8.23,4,-2,68.88,0.75,1.15,-5.30,8.20
118.29,0,,69.14,8.22,4,-2,69.63,0.78,1.15,-5.27,8.23
118.41,0,,69.23,8.23,4,-2,69.33,0.89,1.18,-5.13,8.31
118.50,0,,69.35,8.28,2,-1,69.36,0.98,1.21,-5.01,8.37
118.59,0,,69.34,8.33,2,-1,69.04,0.93,1.21,-5.06,8.32
118.71,0,,69.29,8.34,4,-2,69.52,0.92,1.30,-4.98,8.22
118.80,0,,69.26,8.30,2,-1,68.99,1.01,1.36,-4.83,8.25
118.89,0,,69.26,8.26,2,-1,69.56,1.02,1.35,-4.83,8.27
119.01,0,,69.32,8.26,2,-1,69.38,0.95,1.29,-4.96,8.26
119.10,0,,69.31,8.26,0,1,68.77,0.93,1.23,-5.04,8.30
119.19,0,,69.22,8.28,1,0,69.64,0.95,1.26,-4.99,8.29
119.31,0,,69.29,8.30,1,0,69.57,0.89,1.18,-5.13,8.31
119.40,0,,69.48,8.32,1,0,69.66,0.84,1.07,-5.29,8.37
119.49,0,,69.56,8.35,0,1,69.24,0.84,1.04,-5.32,8.40
119.64,0,,69.48,8.39,0,1,69.32,0.84,0.99,-5.37,8.45
119.70,0,,69.35,8.42,0,1,69.24,0.74,1.00,-5.46,8.34
119.79,0,,69.30,8.38,2,-1,69.50,0.63,1.02,-5.55,8.21
119.91,0,,69.39,8.31,2,-1,69.73,0.65,0.98,-5.57,8.27
120.03,0,,69.52,8.26,0,1,69.44,0.71,1.04,-5.45,8.27
120.09,0,,69.57,8.27,0,1,69.60,0.98,1.18,-5.04,8.40
120.21,0,,69.60,8.39,0,1,69.75,1.69,1.42,-4.09,8.87
120.30,0,,69.73,8.66,0,1,70.21,2.32,1.69,-3.19,9.23
120.39,0,,69.96,8.99,0,2,70.22,2.37,1.75,-3.08,9.22
120.51,0,,70.18,9.22,0,2,70.43,2.42,1.74,-3.04,9.28
120.60,0,,70.25,9.30,0,2,69.72,2.35,1.72,-3.13,9.23
120.69,0,,70.03,9.25,0,2,69.26,2.01,1.72,-3.47,8.89
120.81,0,,69.60,9.05,0,2,69.06,1.51,1.54,-4.15,8.57
120.90,0,,69.29,8.75,0,1,69.54,0.64,0.92,-5.64,8.32
120.99,0,,69.35,8.47,2,-1,70.15,0.01,0.36,-6.83,8.25
121.14,0,,69.69,8.28,4,-2,69.98,-0.22,0.18,-7.24,8.20
121.20,0,,69.88,8.19,4,-2,69.38,-0.16,0.33,-7.03,8.11
121.29,0,,69.76,8.12,4,-2,69.45,-0.03,0.56,-6.67,8.01
121.41,0,,69.53,8.03,4,-2,69.22,-0.07,0.70,-6.57,7.83
121.50,0,,69.40,7.93,4,-2,69.72,0.05,0.83,-6.32,7.82
121.59,0,,69.37,7.85,2,-1,69.00,0.17,0.89,-6.14,7.88
121.71,0,,69.33,7.83,1,0,69.49,0.19,1.02,-5.99,7.77
121.80,0,,69.34,7.80,2,-1,69.50,0.06,0.93,-6.21,7.73
121.89,0,,69.45,7.79,4,-2,69.72,-0.12,0.61,-6.71,7.87
122.01,0,,69.54,7.81,2,-1,69.31,0.05,0.77,-6.38,7.88
122.10,0,,69.47,7.86,4,-2,69.09,0.40,1.11,-5.69,7.89
122.19,0,,69.28,7.88,4,-2,69.08,0.19,0.99,-6.02,7.80
122.31,0,,69.20,7.81,1,0,69.64,-0.46,0.66,-7.00,7.48
122.40,0,,69.34,7.69,2,-1,69.67,-0.32,0.63,-6.89,7.65
122.49,0,,69.53,7.65,1,0,69.55,0.11,0.77,-6.32,7.94
122.64,0,,69.56,7.73,0,1,69.17,-0.18,0.72,-6.66,7.70
122.70,0,,69.41,7.76,2,-1,69.18,-0.36,0.63,-6.93,7.61
122.79,0,,69.27,7.72,2,-1,69.28,-0.23,0.63,-6.80,7.74
122.91,0,,69.21,7.70,2,-1,69.19,-0.20,0.66,-6.74,7.74
123.00,0,,69.20,7.72,2,-1,69.28,-0.17,0.69,-6.68,7.74
123.09,0,,69.25,7.76,2,-1,69.40,0.03,0.75,-6.42,7.88
123.27,0,,69.37,7.80,2,-1,69.77,0.07,0.88,-6.25,7.79
123.30,0,,69.52,7.81,1,0,69.39,-0.01,0.92,-6.29,7.67
123.39,0,,69.53,7.77,1,0,69.29,0.12,0.92,-6.16,7.80
123.51,0,,69.45,7.75,1,0,69.50,0.07,0.94,-6.19,7.73
123.66,0,,69.44,7.74,1,0,69.62,-0.06,0.87,-6.39,7.67
123.69,0,,69.50,7.73,1,0,69.45,0.10,0.88,-6.22,7.82
123.81,0,,69.58,7.76,0,2,69.99,0.12,0.92,-6.16,7.80
123.90,0,,69.70,7.79,0,2,69.63,0.03,0.87,-6.30,7.76
123.99,0,,69.73,7.80,0,2,69.55,0.12,0.85,-6.23,7.87
124.14,0,,69.69,7.82,0,1,69.83,0.13,0.91,-6.16,7.82
124.23,0,,69.68,7.83,0,1,69.58,0.12,0.99,-6.09,7.73
124.29,0,,69.61,7.80,0,1,69.17,0.18,0.99,-6.03,7.79
124.41,0,,69.43,7.78,0,1,69.36,0.20,1.00,-6.00,7.80
124.50,0,,69.33,7.79,0,1,69.41,0.23,1.01,-5.96,7.82
124.59,0,,69.30,7.81,2,-1,69.13,0.21,0.99,-6.00,7.82
124.71,0,,69.29,7.80,4,-2,69.55,0.10,1.03,-6.07,7.67
124.83,0,,69.36,7.74,4,-2,69.50,-0.04,0.97,-6.27,7.59
124.89,0,,69.47,7.68,4,-2,69.58,0.05,0.94,-6.21,7.71
125.01,0,,69.55,7.70,2,-1,69.55,0.50,1.12,-5.58,7.98
125.19,0,,69.62,7.83,1,0,69.91,0.62,1.16,-5.42,8.06
125.19,0,,69.72,7.95,1,0,69.69,0.19,0.95,-6.06,7.84
125.31,0,,69.75,7.95,0,1,69.61,0.09,0.86,-6.25,7.83
125.40,0,,69.75,7.91,0,2,70.03,0.37,1.03,-5.80,7.94
125.49,0,,69.76,7.92,0,2,69.39,0.73,1.25,-5.22,8.08
125.64,0,,69.68,8.00,0,2,69.63,0.81,1.26,-5.13,8.15
125.70,0,,69.56,8.05,0,1,69.35,0.35,1.14,-5.71,7.81
125.79,0,,69.51,7.99,1,0,69.82,0.43,1.16,-5.61,7.87
125.91,0,,69.55,7.94,1,0,69.48,0.69,1.21,-5.30,8.08
126.00,0,,69.52,7.95,1,0,69.13,0.49,1.20,-5.51,7.89
126.09,0,,69.38,7.95,1,0,69.34,0.45,1.14,-5.61,7.91
126.21,0,,69.30,7.93,4,-2,69.41,0.41,1.11,-5.68,7.90
126.30,0,,69.40,7.90,4,-2,69.94,0.45,1.20,-5.55,7.85
126.39,0,,69.59,7.88,2,-1,69.53,0.48,1.19,-5.53,7.89
126.51,0,,69.70,7.88,1,0,69.78,0.44,1.13,-5.63,7.91
126.60,0,,69.74,7.90,1,0,69.81,0.54,1.15,-5.51,7.99
126.69,0,,69.73,7.94,1,0,69.35,0.54,1.23,-5.43,7.91
126.81,0,,69.55,7.93,1,0,69.11,0.46,1.30,-5.44,7.76
126.90,0,,69.33,7.87,1,0,69.32,0.52,1.29,-5.39,7.83
126.99,0,,69.25,7.85,1,0,69.40,0.62,1.26,-5.32,7.96
127.17,0,,69.28,7.89,1,0,69.33,0.59,1.22,-5.39,7.97
127.20,0,,69.39,7.94,2,-1,69.85,0.58,1.22,-5.40,7.96
127.29,0,,69.57,7.97,2,-1,69.66,0.64,1.25,-5.31,7.99
127.41,0,,69.71,7.98,2,-1,69.82,0.62,1.26,-5.32,7.96
127.50,0,,69.74,7.98,1,0,69.48,0.62,1.24,-5.34,7.98
127.59,0,,69.67,7.99,1,0,69.57,0.63,1.20,-5.37,8.03
127.71,0,,69.60,7.99,1,0,69.66,0.56,1.22,-5.42,7.94
127.80,0,,69.59,7.99,0,1,69.60,0.60,1.23,-5.37,7.97
127.89,0,,69.57,7.98,0,1,69.38,0.64,1.22,-5.34,8.02
128.01,0,,69.56,7.97,0,1,69.88,0.46,1.20,-5.54,7.86
128.10,0,,69.58,7.94,1,0,69.27,0.56,1.27,-5.37,7.89
128.19,0,,69.57,7.93,1,0,69.81,0.96,1.47,-4.77,8.09
128.31,0,,69.60,8.01,1,0,69.64,1.04,1.36,-4.80,8.28
128.40,0,,69.69,8.16,1,0,69.92,0.83,1.04,-5.33,8.39
128.49,0,,69.82,8.31,1,0,70.08,0.54,0.77,-5.89,8.37
128.64,0,,69.94,8.38,0,1,69.84,0.43,0.74,-6.03,8.29
128.73,0,,69.95,8.35,0,1,69.83,0.55,0.99,-5.66,8.16
128.79,0,,69.96,8.26,0,1,70.36,0.55,0.98,-5.67,8.17
129.00,0,,70.04,8.21,0,2,69.88,0.62,0.92,-5.66,8.30
129.00,0,,70.09,8.23,0,2,70.25,0.72,0.99,-5.49,8.33
129.09,0,,70.09,8.29,0,2,69.85,0.65,0.93,-5.62,8.32
129.21,0,,70.03,8.31,0,2,69.98,0.57,0.98,-5.65,8.19
129.30,0,,69.89,8.26,0,1,69.33,0.48,0.96,-5.76,8.12
129.39,0,,69.67,8.19,0,1,69.52,0.37,0.85,-5.98,8.12
129.51,0,,69.60,8.13,2,-1,70.20,0.32,0.81,-6.07,8.11
129.66,0,,69.77,8.12,4,-2,69.91,0.31,0.72,-6.17,8.19
129.69,0,,69.91,8.13,4,-2,69.77,0.24,0.75,-6.21,8.09
129.84,0,,69.88,8.11,2,-1,69.65,0.18,0.82,-6.20,7.96
129.90,0,,69.79,8.06,2,-1,69.86,0.21,0.77,-6.22,8.04
129.99,0,,69.77,8.03,2,-1,69.81,0.24,0.74,-6.22,8.10
130.14,0,,69.79,8.05,2,-1,69.80,0.15,0.72,-6.33,8.03
130.23,0,,69.85,8.04,0,1,70.16,0.07,0.75,-6.38,7.92
130.29,0,,69.98,7.99,1,0,70.14,0.08,0.79,-6.33,7.89
130.41,0,,70.10,7.93,0,1,70.13,0.02,0.74,-6.44,7.88
130.50,0,,70.14,7.90,0,1,70.04,-0.01,0.68,-6.53,7.91
130.59,0,,70.06,7.90,0,1,69.69,0.03,0.66,-6.51,7.97
130.71,0,,69.93,7.92,0,1,69.98,-0.07,0.70,-6.57,7.83
130.80,0,,69.80,7.89,0,1,69.38,-0.13,0.71,-6.62,7.76
130.89,0,,69.67,7.83,1,0,69.72,-0.08,0.71,-6.57,7.81
131.01,0,,69.66,7.80,1,0,70.08,-0.05,0.73,-6.52,7.82
131.10,0,,69.79,7.81,1,0,69.78,-0.06,0.67,-6.59,7.87
131.19,0,,69.90,7.83,4,-2,70.12,-0.11,0.71,-6.60,7.78
131.40,0,,69.94,7.81,2,-1,69.63,-0.14,0.79,-6.55,7.67
131.40,0,,69.87,7.75,2,-1,69.82,-0.12,0.76,-6.56,7.72
131.49,0,,69.78,7.73,2,-1,69.67,-0.05,0.73,-6.52,7.82
131.64,0,,69.72,7.76,1,0,69.71,-0.05,0.70,-6.55,7.85
131.70,0,,69.70,7.81,1,0,69.78,-0.14,0.67,-6.67,7.79
131.82,0,,69.80,7.82,1,0,70.36,-0.15,0.69,-6.66,7.76
131.91,0,,69.95,7.79,1,0,69.60,-0.16,0.75,-6.61,7.69
132.00,0,,69.97,7.74,1,0,70.10,-0.20,0.71,-6.69,7.69
132.15,0,,69.95,7.70,1,0,69.89,-0.24,0.69,-6.75,7.67
132.21,0,,69.96,7.66,0,1,70.00,-0.29,0.76,-6.73,7.55
132.30,0,,69.93,7.61,0,1,69.71,-0.30,0.74,-6.76,7.56
132.42,0,,69.82,7.58,0,1,69.51,-0.32,0.71,-6.81,7.57
132.51,0,,69.72,7.57,1,0,69.98,-0.30,0.72,-6.78,7.58
132.66,0,,69.72,7.58,1,0,69.63,-0.23,0.73,-6.70,7.64
132.69,0,,69.68,7.60,1,0,69.35,-0.25,0.76,-6.69,7.59
132.81,0,,69.63,7.61,4,-2,70.10,-0.26,0.74,-6.72,7.60
132.90,0,,69.71,7.62,4,-2,69.65,-0.20,0.71,-6.69,7.69
132.99,0,,69.78,7.65,2,-1,69.80,-0.23,0.71,-6.72,7.66
133.14,0,,69.79,7.66,2,-1,69.82,-0.29,0.71,-6.78,7.60
133.20,0,,69.81,7.64,1,0,69.81,-0.29,0.70,-6.79,7.61
133.29,0,,69.80,7.61,1,0,69.70,-0.37,0.72,-6.85,7.51
133.41,0,,69.71,7.56,1,0,69.30,-0.40,0.72,-6.88,7.48
133.50,0,,69.57,7.52,1,0,69.70,-0.29,0.76,-6.73,7.55
133.59,0,,69.48,7.52,1,0,69.14,-0.26,0.84,-6.62,7.50
133.71,0,,69.33,7.51,2,-1,69.05,-0.21,0.94,-6.47,7.45
133.80,0,,69.18,7.47,2,-1,69.25,-0.12,1.14,-6.18,7.34
133.89,0,,69.13,7.39,4,-2,69.11,-0.18,1.22,-6.16,7.20
134.01,0,,69.15,7.30,4,-2,69.31,-0.17,1.16,-6.21,7.27
134.10,0,,69.24,7.27,4,-2,69.52,-0.04,1.18,-6.06,7.38
134.19,0,,69.35,7.31,4,-2,69.26,0.01,1.19,-6.00,7.42
134.31,0,,69.35,7.37,4,-2,69.15,-0.11,1.14,-6.17,7.35
134.40,0,,69.25,7.38,2,-1,69.06,-0.13,1.16,-6.17,7.31
134.49,0,,69.17,7.37,2,-1,69.32,0.03,1.20,-5.97,7.43
134.64,0,,69.17,7.39,2,-1,69.18,0.02,1.19,-5.99,7.43
134.70,0,,69.25,7.41,1,0,69.60,-0.05,1.17,-6.08,7.38
134.79,0,,69.42,7.43,0,1,69.71,0.08,1.17,-5.95,7.51
134.91,0,,69.58,7.47,0,1,69.54,0.15,1.15,-5.90,7.60
135.00,0,,69.63,7.53,0,1,69.62,0.06,1.15,-5.99,7.51
135.09,0,,69.63,7.55,0,2,69.61,0.10,1.19,-5.91,7.51
135.21,0,,69.62,7.55,0,2,69.63,0.24,1.20,-5.76,7.64
135.30,0,,69.60,7.59,0,2,69.49,0.22,1.18,-5.80,7.64
135.39,0,,69.53,7.62,0,2,69.30,0.17,1.21,-5.82,7.56
135.51,0,,69.47,7.61,0,2,69.74,0.23,1.26,-5.71,7.57
135.60,0,,69.48,7.60,2,-1,69.34,0.24,1.20,-5.76,7.64
135.69,0,,69.49,7.62,2,-1,69.58,0.24,1.15,-5.81,7.69
135.81,0,,69.52,7.65,0,1,69.65,0.26,1.20,-5.74,7.66
135.90,0,,69.55,7.67,2,-1,69.37,0.25,1.23,-5.72,7.62
135.99,0,,69.53,7.66,2,-1,69.63,0.28,1.19,-5.73,7.69
136.14,0,,69.53,7.67,1,0,69.52,0.29,1.20,-5.71,7.69
136.20,0,,69.57,7.68,1,0,69.72,0.27,1.21,-5.72,7.66
136.29,0,,69.66,7.68,0,1,69.92,0.27,1.19,-5.74,7.68
136.47,0,,69.73,7.69,0,1,69.45,0.32,1.22,-5.66,7.70
136.50,0,,69.68,7.70,0,1,69.60,0.36,1.23,-5.61,7.73
136.59,0,,69.57,7.72,0,1,69.30,0.33,1.17,-5.70,7.76
136.71,0,,69.54,7.75,0,1,70.07,0.37,1.20,-5.63,7.77
136.80,0,,69.66,7.77,0,1,69.67,0.44,1.24,-5.52,7.80
136.89,0,,69.76,7.79,0,1,69.76,0.41,1.24,-5.55,7.77
137.01,0,,69.80,7.79,0,1,69.96,0.39,1.24,-5.57,7.75
137.10,0,,69.85,7.77,0,1,69.76,0.41,1.24,-5.55,7.77
137.19,0,,69.81,7.77,0,1,69.52,0.42,1.27,-5.51,7.75
137.31,0,,69.70,7.76,0,1,69.70,0.40,1.27,-5.53,7.73
137.40,0,,69.63,7.75,0,1,69.54,0.42,1.24,-5.54,7.78
137.49,0,,69.63,7.76,0,1,69.87,0.48,1.27,-5.45,7.81
137.64,0,,69.70,7.78,0,1,69.79,0.45,1.29,-5.46,7.76
137.70,0,,69.78,7.77,0,1,69.78,0.38,1.28,-5.54,7.70
137.79,0,,69.83,7.75,0,1,69.99,0.44,1.29,-5.47,7.75
137.91,0,,69.79,7.74,0,1,69.19,0.44,1.27,-5.49,7.77
138.00,0,,69.63,7.75,0,1,69.62,0.37,1.27,-5.56,7.70
138.09,0,,69.48,7.74,1,0,69.31,0.42,1.29,-5.49,7.73
138.21,0,,69.41,7.74,2,-1,69.41,0.44,1.27,-5.49,7.77
138.30,0,,69.41,7.75,2,-1,69.67,0.40,1.25,-5.55,7.75
138.39,0,,69.50,7.77,4,-2,69.56,0.47,1.27,-5.46,7.80
138.51,0,,69.57,7.77,4,-2,69.54,0.44,1.33,-5.43,7.71
138.60,0,,69.57,7.74,4,-2,69.54,0.31,1.34,-5.55,7.57
138.69,0,,69.60,7.67,1,0,69.86,0.35,1.29,-5.56,7.66
138.81,0,,69.62,7.65,1,0,69.23,0.46,1.35,-5.39,7.71
138.90,0,,69.56,7.67,1,0,69.68,0.53,1.41,-5.26,7.72
138.99,0,,69.53,7.70,1,0,69.56,0.44,1.34,-5.42,7.70
139.14,0,,69.56,7.70,1,0,69.62,0.27,1.28,-5.65,7.59
139.20,0,,69.61,7.65,1,0,69.72,0.27,1.31,-5.62,7.56
139.29,0,,69.70,7.61,0,1,69.99,0.41,1.32,-5.47,7.69
139.41,0,,69.83,7.64,0,1,69.92,0.40,1.22,-5.58,7.78
139.50,0,,69.92,7.70,0,1,69.92,0.27,1.16,-5.77,7.71
139.59,0,,69.94,7.72,0,2,69.85,0.12,1.11,-5.97,7.61
139.71,0,,69.92,7.68,0,2,69.99,0.04,1.06,-6.10,7.58
139.83,0,,69.89,7.62,0,2,69.65,0.08,1.09,-6.03,7.59
139.89,0,,69.79,7.59,0,1,69.61,-0.03,1.01,-6.22,7.56
140.01,0,,69.73,7.57,1,0,70.05,-0.00,1.02,-6.18,7.58
140.10,0,,69.76,7.59,1,0,69.59,0.11,1.05,-6.04,7.66
140.19,0,,69.75,7.61,1,0,69.64,0.02,1.01,-6.17,7.61
140.31,0,,69.75,7.63,1,0,70.20,0.05,1.02,-6.13,7.63
140.40,0,,69.90,7.63,2,-1,70.08,-0.03,0.94,-6.29,7.63
140.49,0,,69.96,7.63,1,0,69.37,0.08,1.12,-6.00,7.56
140.64,0,,69.79,7.60,1,0,69.58,0.37,1.38,-5.45,7.59
140.70,0,,69.61,7.58,1,0,69.66,0.31,1.37,-5.52,7.54
140.79,0,,69.56,7.57,2,-1,69.49,0.31,1.36,-5.53,7.55
140.94,0,,69.53,7.57,2,-1,69.47,0.34,1.29,-5.57,7.65
141.00,0,,69.53,7.61,2,-1,69.74,0.40,1.25,-5.55,7.75
141.09,0,,69.61,7.70,2,-1,69.78,0.61,1.34,-5.25,7.87
141.21,0,,69.77,7.81,2,-1,70.16,0.69,1.35,-5.16,7.94
141.30,0,,69.85,7.90,1,0,69.30,0.66,1.29,-5.25,7.97
141.39,0,,69.73,7.95,1,0,69.56,0.59,1.29,-5.32,7.90
141.51,0,,69.55,7.95,1,0,69.34,0.56,1.30,-5.34,7.86
141.60,0,,69.43,7.90,2,-1,69.44,0.44,1.26,-5.50,7.78
141.69,0,,69.49,7.82,2,-1,70.19,0.30,1.28,-5.62,7.62
141.81,0,,69.71,7.72,2,-1,69.67,0.35,1.32,-5.53,7.63
141.90,0,,69.77,7.64,2,-1,69.35,0.41,1.42,-5.37,7.59
141.99,0,,69.62,7.61,2,-1,69.39,0.53,1.50,-5.17,7.63
142.14,0,,69.45,7.62,2,-1,69.39,0.58,1.46,-5.16,7.72
142.20,0,,69.36,7.65,2,-1,69.24,0.45,1.49,-5.26,7.56
142.29,0,,69.34,7.62,2,-1,69.62,0.32,1.47,-5.41,7.45
142.41,0,,69.46,7.54,2,-1,69.82,0.18,1.35,-5.67,7.43
142.50,0,,69.64,7.45,2,-1,69.70,0.13,1.39,-5.68,7.34
142.59,0,,69.69,7.39,2,-1,69.35,0.24,1.48,-5.48,7.36
142.71,0,,69.64,7.37,2,-1,69.90,0.29,1.43,-5.48,7.46
142.83,0,,69.69,7.39,2,-1,69.90,0.15,1.33,-5.72,7.42
142.92,0,,69.74,7.40,1,0,69.32,0.01,1.37,-5.82,7.24
143.01,0,,69.60,7.34,0,2,69.25,-0.00,1.39,-5.81,7.21
143.10,0,,69.40,7.27,0,1,69.36,0.04,1.34,-5.82,7.30
143.19,0,,69.30,7.25,1,0,69.30,-0.01,1.36,-5.85,7.23
143.31,0,,69.30,7.24,1,0,69.46,-0.17,1.27,-6.10,7.16
143.40,0,,69.36,7.22,2,-1,69.42,-0.10,1.27,-6.03,7.23
143.55,0,,69.38,7.21,4,-2,69.18,0.12,1.49,-5.59,7.23
143.64,0,,69.38,7.24,4,-2,69.71,0.27,1.55,-5.38,7.32
143.70,0,,69.50,7.32,2,-1,69.79,0.56,1.53,-5.11,7.63
143.79,0,,69.61,7.45,2,-1,69.35,0.55,1.59,-5.06,7.56
143.91,0,,69.59,7.54,2,-1,69.56,0.34,1.52,-5.34,7.42
144.00,0,,69.57,7.54,1,0,69.78,0.47,1.49,-5.24,7.58
144.09,0,,69.65,7.54,1,0,69.79,0.51,1.54,-5.15,7.57
144.24,0,,69.75,7.55,0,2,69.83,0.30,1.42,-5.48,7.48
144.33,0,,69.81,7.52,0,2,69.83,0.20,1.37,-5.63,7.43
144.42,0,,69.79,7.46,0,2,69.42,0.22,1.50,-5.48,7.32
144.54,0,,69.68,7.40,0,2,69.72,0.35,1.50,-5.35,7.45
144.69,0,,69.67,7.42,0,1,70.03,0.46,1.46,-5.28,7.60
144.69,0,,69.75,7.49,0,1,69.54,0.41,1.51,-5.28,7.50
144.84,0,,69.74,7.53,0,1,69.66,0.44,1.51,-5.25,7.53
144.90,0,,69.60,7.55,0,1,69.09,0.50,1.51,-5.19,7.59
144.99,0,,69.49,7.54,2,-1,69.99,0.38,1.57,-5.25,7.41
145.14,0,,69.53,7.51,2,-1,69.42,0.43,1.52,-5.25,7.51
145.20,0,,69.62,7.51,2,-1,69.91,0.53,1.49,-5.18,7.64
145.29,0,,69.67,7.54,2,-1,69.45,0.42,1.53,-5.25,7.49
145.47,0,,69.67,7.55,1,0,69.74,0.45,1.51,-5.24,7.54
145.50,0,,69.64,7.56,2,-1,69.53,0.53,1.46,-5.21,7.67
145.65,0,,69.62,7.59,1,0,69.64,0.48,1.51,-5.21,7.57
145.71,0,,69.65,7.60,1,0,69.95,0.46,1.53,-5.21,7.53
145.83,0,,69.72,7.58,0,1,69.52,0.50,1.50,-5.20,7.60
145.89,0,,69.68,7.56,0,1,69.45,0.45,1.58,-5.17,7.47
146.04,0,,69.60,7.53,0,1,69.78,0.47,1.58,-5.15,7.49
146.10,0,,69.55,7.52,2,-1,69.19,0.55,1.50,-5.15,7.65
146.19,0,,69.46,7.56,2,-1,69.47,0.56,1.59,-5.05,7.57
146.31,0,,69.42,7.58,2,-1,69.57,0.51,1.61,-5.08,7.50
146.40,0,,69.46,7.56,2,-1,69.51,0.52,1.58,-5.10,7.54
146.52,0,,69.50,7.54,2,-1,69.44,0.58,1.63,-4.99,7.55
146.73,0,,69.55,7.55,2,-1,69.96,0.58,1.57,-5.05,7.61
146.73,0,,69.61,7.58,2,-1,69.15,0.55,1.53,-5.12,7.62
146.79,0,,69.53,7.59,2,-1,69.47,0.50,1.63,-5.07,7.47
146.91,0,,69.47,7.55,2,-1,69.74,0.49,1.62,-5.09,7.47
147.00,0,,69.63,7.52,2,-1,70.31,0.52,1.53,-5.15,7.59
147.18,0,,69.87,7.52,0,1,69.66,0.50,1.61,-5.09,7.49
147.27,0,,69.93,7.53,0,2,69.83,0.52,1.60,-5.08,7.52
147.33,0,,69.81,7.53,0,2,69.31,0.50,1.52,-5.18,7.58
147.39,0,,69.65,7.54,0,1,69.81,0.47,1.60,-5.13,7.47
147.51,0,,69.61,7.52,0,1,69.67,0.50,1.62,-5.08,7.48
147.60,0,,69.65,7.50,0,1,69.72,0.51,1.59,-5.10,7.52
147.69,0,,69.67,7.50,1,0,69.52,0.50,1.64,-5.06,7.46
147.81,0,,69.63,7.49,1,0,69.57,0.52,1.62,-5.06,7.50
147.90,0,,69.56,7.50,0,1,69.47,0.55,1.61,-5.04,7.54
148.02,0,,69.57,7.51,4,-2,69.91,0.53,1.63,-5.04,7.50
148.14,0,,69.66,7.53,2,-1,69.72,0.58,1.61,-5.01,7.57
148.20,0,,69.69,7.55,1,0,69.31,0.63,1.66,-4.91,7.57
148.29,0,,69.63,7.54,1,0,69.91,0.47,1.73,-5.00,7.34
148.41,0,,69.70,7.47,1,0,70.03,0.47,1.67,-5.06,7.40
148.50,0,,69.85,7.44,0,1,69.81,0.59,1.63,-4.98,7.56
148.59,0,,69.88,7.45,0,1,69.65,0.49,1.72,-4.99,7.37
148.71,0,,69.75,7.44,1,0,69.38,0.47,1.70,-5.03,7.37
148.83,0,,69.61,7.42,0,1,69.80,0.53,1.62,-5.05,7.51
148.89,0,,69.60,7.43,0,1,69.63,0.49,1.71,-5.00,7.38
149.01,0,,69.63,7.42,0,1,69.60,0.47,1.70,-5.03,7.37
149.10,0,,69.62,7.41,1,0,69.55,0.54,1.65,-5.01,7.49
149.19,0,,69.58,7.42,1,0,69.50,0.50,1.75,-4.95,7.35
149.31,0,,69.61,7.40,1,0,70.06,0.38,1.65,-5.17,7.33
149.40,0,,69.73,7.38,1,0,69.67,0.42,1.56,-5.22,7.46
149.49,0,,69.77,7.41,1,0,69.60,0.63,1.70,-4.87,7.53
149.64,0,,69.69,7.50,1,0,69.51,0.81,1.71,-4.68,7.70
149.72,0,,69.65,7.59,1,0,69.96,0.60,1.59,-5.01,7.61
149.79,0,,69.75,7.62,1,0,70.05,0.29,1.44,-5.47,7.45
149.91,0,,69.85,7.58,1,0,69.46,0.38,1.44,-5.38,7.54
150.00,0,,69.80,7.53,1,0,69.85,0.48,1.62,-5.10,7.46
150.09,0,,69.66,7.48,1,0,69.11,0.53,1.73,-4.94,7.40
150.21,0,,69.41,7.44,1,0,68.95,0.52,1.68,-5.00,7.44
150.30,0,,69.19,7.42,2,-1,69.46,0.41,1.61,-5.18,7.40
150.39,0,,69.26,7.42,2,-1,69.84,0.62,1.76,-4.82,7.46
150.51,0,,69.54,7.44,4,-2,69.93,0.68,1.78,-4.74,7.50
150.60,0,,69.82,7.46,2,-1,69.99,0.50,1.67,-5.03,7.43
150.69,0,,69.98,7.45,1,0,70.07,0.50,1.79,-4.91,7.31
150.81,0,,70.02,7.39,1,0,69.72,0.53,1.82,-4.85,7.31
150.90,0,,69.86,7.36,0,1,69.29,0.67,1.82,-4.71,7.45
150.99,0,,69.67,7.36,0,1,70.03,0.59,1.88,-4.73,7.31
151.14,0,,69.65,7.35,0,2,69.56,0.42,1.78,-5.00,7.24
151.20,0,,69.68,7.32,0,2,69.75,0.63,1.79,-4.78,7.44
151.29,0,,69.70,7.34,0,1,69.75,0.60,1.89,-4.71,7.31
151.41,0,,69.74,7.33,2,-1,69.78,0.41,1.84,-4.95,7.17
151.53,0,,69.76,7.28,1,0,69.79,0.48,1.82,-4.90,7.26
151.65,0,,69.80,7.25,1,0,69.88,0.54,1.88,-4.78,7.26
151.71,0,,69.78,7.24,1,0,69.44,0.47,1.82,-4.91,7.25
151.83,0,,69.65,7.25,1,0,69.42,0.44,1.78,-4.98,7.26
151.89,0,,69.58,7.26,1,0,70.08,0.51,1.83,-4.86,7.28
152.01,0,,69.67,7.28,1,0,69.53,0.51,1.80,-4.89,7.31
152.10,0,,69.67,7.28,2,-1,69.38,0.38,1.80,-5.02,7.18
152.19,0,,69.63,7.24,2,-1,70.07,0.39,1.85,-4.96,7.14
152.31,0,,69.71,7.21,1,0,69.72,0.67,1.91,-4.62,7.36
152.43,0,,69.78,7.29,2,-1,69.67,1.13,2.14,-3.93,7.59
152.49,0,,69.78,7.46,2,-1,69.97,1.37,2.24,-3.59,7.73
152.64,0,,69.80,7.64,0,1,69.62,1.21,2.02,-3.97,7.79
152.70,0,,69.77,7.78,0,1,69.77,1.04,1.75,-4.41,7.89
152.82,0,,69.79,7.87,0,1,70.07,0.83,1.48,-4.89,7.95
152.91,0,,69.91,7.92,0,1,70.13,0.58,1.29,-5.33,7.89
153.00,0,,70.03,7.93,0,1,69.97,0.50,1.22,-5.48,7.88
153.09,0,,70.03,7.89,0,2,69.82,0.38,1.25,-5.57,7.73
153.21,0,,69.95,7.81,0,1,69.89,0.41,1.38,-5.41,7.63
153.30,0,,69.92,7.72,0,1,70.14,0.53,1.38,-5.29,7.75
153.39,0,,70.01,7.69,0,1,70.23,0.42,1.39,-5.39,7.63
153.51,0,,70.13,7.66,0,1,70.17,0.44,1.42,-5.34,7.62
153.60,0,,70.16,7.66,0,1,69.99,0.55,1.37,-5.28,7.78
153.69,0,,70.10,7.70,0,1,69.92,0.53,1.42,-5.25,7.71
153.81,0,,69.98,7.73,0,1,69.82,0.50,1.39,-5.31,7.71
153.90,0,,69.86,7.73,0,1,69.71,0.46,1.32,-5.42,7.74
153.99,0,,69.82,7.72,2,-1,70.14,0.37,1.38,-5.45,7.59
154.14,0,,69.92,7.67,2,-1,70.14,0.31,1.30,-5.59,7.61
154.20,0,,70.09,7.64,2,-1,70.36,0.30,1.22,-5.68,7.68
154.29,0,,70.20,7.63,0,1,70.01,0.27,1.27,-5.66,7.60
154.41,0,,70.17,7.63,0,1,69.97,0.25,1.24,-5.71,7.61
154.50,0,,70.02,7.62,0,1,69.66,0.22,1.21,-5.77,7.61
154.59,0,,69.90,7.60,0,1,70.20,0.21,1.29,-5.70,7.52
154.71,0,,69.89,7.58,0,1,69.70,0.26,1.29,-5.65,7.57
154.80,0,,69.85,7.57,0,1,69.71,0.22,1.22,-5.76,7.60
154.89,0,,69.80,7.58,1,0,69.97,0.20,1.23,-5.77,7.57
155.01,0,,69.90,7.59,2,-1,70.38,0.25,1.25,-5.70,7.60
155.10,0,,70.06,7.59,2,-1,69.92,0.17,1.21,-5.82,7.56
155.19,0,,70.08,7.58,2,-1,69.79,0.10,1.20,-5.90,7.50
155.31,0,,69.94,7.54,1,0,69.76,0.10,1.22,-5.88,7.48
155.40,0,,69.80,7.50,1,0,69.66,0.07,1.23,-5.90,7.44
155.49,0,,69.76,7.47,1,0,70.09,0.04,1.19,-5.97,7.45
155.64,0,,69.87,7.46,1,0,70.10,0.08,1.14,-5.98,7.54
155.73,0,,70.00,7.49,1,0,69.97,0.06,1.14,-6.00,7.52
155.79,0,,70.08,7.49,1,0,70.26,-0.06,1.20,-6.06,7.34
155.91,0,,70.09,7.45,1,0,69.74,-0.07,1.13,-6.14,7.40
156.00,0,,69.99,7.42,1,0,69.83,-0.04,1.06,-6.18,7.50
156.09,0,,69.90,7.43,0,1,70.04,-0.09,1.13,-6.16,7.38
156.21,0,,69.87,7.43,1,0,69.65,-0.12,1.09,-6.23,7.39
156.30,0,,69.84,7.42,1,0,69.99,-0.11,0.99,-6.32,7.50
156.39,0,,69.85,7.45,1,0,69.85,-0.13,1.01,-6.32,7.46
156.54,0,,69.87,7.46,1,0,69.84,-0.17,1.00,-6.37,7.43
156.60,0,,69.88,7.46,1,0,69.99,-0.21,0.96,-6.45,7.43
156.69,0,,69.93,7.44,1,0,70.11,-0.19,1.00,-6.39,7.41
156.81,0,,69.96,7.43,1,0,69.58,-0.12,1.01,-6.31,7.47
156.90,0,,69.90,7.45,1,0,70.02,-0.12,0.99,-6.33,7.49
156.99,0,,69.89,7.45,1,0,70.05,-0.24,1.05,-6.39,7.31
157.14,0,,69.96,7.41,1,0,70.00,-0.26,1.01,-6.45,7.33
157.20,0,,69.95,7.37,1,0,69.57,-0.27,0.89,-6.58,7.44
157.29,0,,69.86,7.37,1,0,69.95,-0.36,0.94,-6.62,7.30
157.41,0,,69.86,7.36,1,0,70.17,-0.29,0.96,-6.53,7.35
157.50,0,,69.90,7.35,1,0,69.47,-0.29,0.90,-6.59,7.41
157.59,0,,69.81,7.35,1,0,69.75,-0.47,0.94,-6.73,7.19
157.71,0,,69.69,7.30,1,0,69.49,-0.43,0.91,-6.72,7.26
157.80,0,,69.55,7.28,2,-1,69.27,-0.31,0.89,-6.62,7.40
157.89,0,,69.50,7.30,4,-2,70.09,-0.44,0.93,-6.71,7.23
158.01,0,,69.63,7.29,4,-2,69.65,-0.49,0.88,-6.81,7.23
158.10,0,,69.75,7.26,4,-2,69.81,-0.44,0.90,-6.74,7.26
158.19,0,,69.78,7.23,2,-1,69.66,-0.50,1.01,-6.69,7.09
158.31,0,,69.72,7.17,2,-1,69.51,-0.48,1.06,-6.62,7.06
158.40,0,,69.63,7.11,2,-1,69.62,-0.38,1.14,-6.44,7.08
158.49,0,,69.57,7.06,2,-1,69.46,-0.27,1.34,-6.13,6.99
158.64,0,,69.52,7.04,2,-1,69.50,0.03,1.53,-5.64,7.10
158.70,0,,69.48,7.07,2,-1,69.43,0.16,1.55,-5.49,7.21
158.79,0,,69.56,7.13,2,-1,70.20,-0.14,1.34,-6.00,7.12
158.91,0,,69.80,7.16,2,-1,70.09,-0.31,1.14,-6.37,7.15
159.00,0,,69.94,7.17,1,0,69.40,-0.21,1.19,-6.22,7.20
159.09,0,,69.82,7.18,0,1,69.66,-0.01,1.44,-5.77,7.15
159.21,0,,69.68,7.19,0,1,69.76,0.02,1.41,-5.77,7.21
159.30,0,,69.65,7.18,0,1,69.57,-0.36,1.18,-6.38,7.06
159.39,0,,69.66,7.13,2,-1,69.88,-0.27,1.31,-6.16,7.02
159.51,0,,69.71,7.09,2,-1,69.64,0.01,1.41,-5.78,7.20
159.60,0,,69.74,7.11,2,-1,69.80,-0.16,1.31,-6.05,7.13
159.69,0,,69.73,7.13,2,-1,69.63,-0.21,1.31,-6.10,7.08
159.81,0,,69.67,7.14,2,-1,69.39,-0.07,1.33,-5.94,7.20
159.90,0,,69.56,7.16,2,-1,69.60,-0.01,1.36,-5.85,7.23
159.99,0,,69.57,7.20,2,-1,69.90,-0.04,1.38,-5.86,7.18
160.14,0,,69.65,7.22,1,0,69.48,0.06,1.35,-5.79,7.31
160.20,0,,69.71,7.27,1,0,69.99,0.12,1.35,-5.73,7.37
160.32,0,,69.76,7.31,1,0,69.65,0.01,1.38,-5.81,7.23
160.44,0,,69.75,7.30,1,0,69.53,0.03,1.39,-5.78,7.24
160.50,0,,69.68,7.28,1,0,69.78,0.11,1.39,-5.70,7.32
160.59,0,,69.67,7.29,1,0,69.73,0.09,1.39,-5.72,7.30
160.71,0,,69.67,7.31,1,0,69.42,0.07,1.33,-5.80,7.34
160.80,0,,69.60,7.33,1,0,69.63,0.12,1.35,-5.73,7.37
160.89,0,,69.57,7.34,1,0,69.63,0.11,1.47,-5.62,7.24
161.01,0,,69.62,7.33,1,0,69.85,0.11,1.39,-5.70,7.32
161.10,0,,69.66,7.32,1,0,69.36,0.14,1.33,-5.73,7.41
161.19,0,,69.63,7.34,1,0,69.71,0.13,1.47,-5.60,7.26
161.31,0,,69.60,7.34,1,0,69.59,0.15,1.41,-5.64,7.34
161.40,0,,69.60,7.33,1,0,69.61,0.15,1.38,-5.67,7.37
161.49,0,,69.63,7.35,1,0,69.76,0.22,1.50,-5.48,7.32
161.64,0,,69.67,7.37,1,0,69.64,0.30,1.42,-5.48,7.48
161.70,0,,69.71,7.41,1,0,69.84,0.26,1.40,-5.54,7.46
161.82,0,,69.73,7.44,1,0,69.61,0.26,1.50,-5.44,7.36
161.91,0,,69.77,7.43,1,0,70.10,0.30,1.46,-5.44,7.44
162.00,0,,69.84,7.42,0,1,69.71,0.25,1.40,-5.55,7.45
162.09,0,,69.82,7.42,0,1,69.58,0.14,1.39,-5.67,7.35
162.21,0,,69.80,7.41,0,1,70.25,0.11,1.31,-5.78,7.40
162.33,0,,69.91,7.40,0,1,70.06,0.12,1.27,-5.81,7.45
162.39,0,,69.99,7.41,0,1,69.62,0.07,1.29,-5.84,7.38
162.51,0,,69.89,7.39,0,1,69.74,-0.01,1.29,-5.92,7.30
162.60,0,,69.79,7.35,0,1,69.91,-0.07,1.29,-5.98,7.24
162.69,0,,69.75,7.29,0,1,69.51,-0.11,1.26,-6.05,7.23
162.81,0,,69.70,7.25,0,1,69.76,-0.07,1.24,-6.03,7.29
162.90,0,,69.72,7.27,1,0,70.02,-0.04,1.21,-6.03,7.35
162.99,0,,69.86,7.31,1,0,70.07,-0.09,1.18,-6.11,7.33
163.14,0,,69.98,7.34,1,0,69.91,-0.15,1.12,-6.23,7.33
163.20,0,,69.98,7.35,0,1,69.76,-0.22,1.00,-6.42,7.38
163.29,0,,69.91,7.37,0,1,69.94,-0.20,1.02,-6.38,7.38
163.41,0,,69.85,7.37,0,1,69.69,-0.21,1.09,-6.32,7.30
163.50,0,,69.79,7.34,0,1,69.78,-0.27,1.05,-6.42,7.28
163.59,0,,69.74,7.32,0,1,69.62,-0.20,1.06,-6.34,7.34
163.71,0,,69.75,7.32,0,1,70.12,-0.19,1.06,-6.33,7.35
163.80,0,,69.79,7.33,0,1,69.46,-0.22,1.05,-6.37,7.33
163.89,0,,69.78,7.34,2,-1,69.89,-0.15,1.09,-6.26,7.36
164.01,0,,69.72,7.35,2,-1,69.46,-0.19,1.07,-6.32,7.34
164.10,0,,69.68,7.36,2,-1,69.90,-0.20,1.04,-6.36,7.36
164.22,0,,69.67,7.36,2,-1,69.47,-0.15,1.06,-6.29,7.39
164.31,0,,69.73,7.37,2,-1,70.29,-0.13,1.11,-6.22,7.36
164.40,0,,69.88,7.37,1,0,69.91,-0.18,1.13,-6.25,7.29
164.49,0,,69.98,7.34,1,0,69.86,-0.19,1.09,-6.30,7.32
164.67,0,,69.96,7.33,1,0,69.96,-0.12,1.11,-6.21,7.37
164.70,0,,69.92,7.34,1,0,69.77,-0.11,1.17,-6.14,7.32
164.79,0,,69.85,7.33,0,1,69.72,-0.19,1.16,-6.23,7.25
164.91,0,,69.85,7.29,0,1,70.35,-0.25,1.12,-6.33,7.23
165.00,0,,69.97,7.26,0,1,69.91,-0.24,1.11,-6.33,7.25
165.09,0,,70.00,7.25,0,1,69.62,-0.27,1.08,-6.39,7.25
165.21,0,,69.87,7.24,1,0,69.79,-0.33,1.08,-6.45,7.19
165.30,0,,69.67,7.21,1,0,69.01,-0.40,1.07,-6.53,7.13
165.39,0,,69.59,7.16,1,0,70.67,-0.62,0.93,-6.89,7.05
165.51,0,,69.80,7.12,2,-1,69.73,-0.53,0.91,-6.82,7.16
165.60,0,,69.94,7.14,2,-1,69.73,-0.14,1.13,-6.21,7.33
165.69,0,,69.92,7.21,1,0,70.09,-0.16,1.23,-6.13,7.21
165.81,0,,69.95,7.23,1,0,70.10,-0.48,1.08,-6.60,7.04
165.90,0,,70.04,7.15,1,0,70.07,-0.63,0.97,-6.86,7.00
165.99,0,,69.95,7.04,0,1,69.07,-0.65,1.07,-6.78,6.88
166.14,0,,69.62,6.94,1,0,69.22,-0.25,1.50,-5.95,6.85
166.20,0,,69.38,6.94,1,0,69.85,0.71,1.98,-4.51,7.33
166.29,0,,69.48,7.15,1,0,69.90,1.08,1.80,-4.32,7.88
166.41,0,,69.71,7.54,2,-1,69.78,0.91,1.54,-4.75,7.97
166.53,0,,69.85,7.88,2,-1,70.02,0.88,1.38,-4.94,8.10
166.59,0,,69.93,8.07,2,-1,69.90,0.43,0.95,-5.82,8.08
166.71,0,,69.99,8.10,1,0,70.20,-0.11,0.66,-6.65,7.83
166.80,0,,70.04,7.98,1,0,69.93,-0.40,0.54,-7.06,7.66
166.89,0,,70.05,7.79,0,2,70.09,-0.48,0.56,-7.12,7.56
167.01,0,,70.03,7.64,0,2,69.89,-0.26,0.71,-6.75,7.63
167.10,0,,70.04,7.59,0,2,70.39,-0.09,0.85,-6.44,7.66
167.19,0,,70.08,7.61,0,2,69.74,-0.08,0.91,-6.37,7.61
167.31,0,,69.99,7.63,0,1,69.67,-0.07,0.88,-6.39,7.65
167.40,0,,69.87,7.65,1,0,70.13,-0.02,0.88,-6.34,7.70
167.49,0,,69.82,7.67,1,0,69.44,-0.08,0.87,-6.41,7.65
167.64,0,,69.71,7.65,1,0,69.52,-0.27,0.92,-6.55,7.41
167.70,0,,69.61,7.56,4,-2,69.82,0.12,1.22,-5.86,7.50
167.82,0,,69.68,7.57,4,-2,69.98,1.05,1.65,-4.50,8.00
167.91,0,,69.85,7.71,4,-2,70.09,1.03,1.74,-4.43,7.89
168.03,0,,70.00,7.81,2,-1,70.01,0.41,1.51,-5.28,7.50
168.09,0,,70.03,7.75,1,0,69.80,0.41,1.36,-5.43,7.65
168.21,0,,70.02,7.66,1,0,70.34,0.27,1.26,-5.67,7.61
168.30,0,,70.07,7.57,1,0,70.02,-0.31,1.07,-6.44,7.22
168.39,0,,70.08,7.41,0,2,69.87,-0.72,0.73,-7.19,7.15
168.51,0,,70.01,7.25,0,2,70.03,-0.70,0.71,-7.19,7.19
168.60,0,,69.92,7.16,0,2,69.57,-0.51,1.01,-6.70,7.08
168.69,0,,69.74,7.11,1,0,69.29,-0.43,1.10,-6.53,7.07
168.81,0,,69.51,7.10,2,-1,69.45,-0.16,1.22,-6.14,7.22
168.93,0,,69.39,7.15,2,-1,69.40,-0.11,1.29,-6.02,7.20
168.99,0,,69.36,7.18,4,-2,69.34,-0.27,1.21,-6.26,7.12
169.14,0,,69.34,7.17,4,-2,69.26,-0.29,1.20,-6.29,7.11
169.23,0,,69.35,7.14,4,-2,69.58,-0.36,1.13,-6.43,7.11
169.29,0,,69.36,7.13,4,-2,69.07,-0.44,1.00,-6.64,7.16
169.44,0,,69.35,7.13,4,-2,69.63,-0.56,0.95,-6.81,7.09
169.50,0,,69.43,7.13,4,-2,69.68,-0.46,0.92,-6.74,7.22
169.68,0,,69.60,7.20,2,-1,69.86,-0.22,0.87,-6.55,7.51
169.77,0,,69.72,7.35,2,-1,69.57,-0.05,0.99,-6.26,7.56
169.80,0,,69.77,7.50,0,2,70.03,0.12,1.13,-5.95,7.59
169.92,0,,69.79,7.55,0,2,69.51,-0.23,1.04,-6.39,7.33
170.04,0,,69.77,7.45,0,2,69.94,-0.78,0.73,-7.25,7.09
170.10,0,,69.80,7.27,0,2,69.98,-0.74,0.69,-7.25,7.17
170.22,0,,69.84,7.15,0,2,69.52,-0.47,1.05,-6.62,7.08
170.31,0,,69.72,7.08,0,2,69.36,-0.65,0.99,-6.86,6.96
170.40,0,,69.55,7.02,0,1,69.61,-0.76,0.82,-7.14,7.02
170.52,0,,69.49,7.01,1,0,69.50,-0.52,0.96,-6.76,7.12
170.64,0,,69.52,7.05,0,1,69.72,-0.51,1.00,-6.71,7.09
170.72,0,,69.60,7.08,2,-1,69.67,-0.63,0.98,-6.85,6.99
170.82,0,,69.59,7.06,2,-1,69.15,-0.61,0.96,-6.85,7.03
170.91,0,,69.46,7.04,4,-2,69.38,-0.66,0.93,-6.93,7.01
171.00,0,,69.39,7.02,4,-2,69.70,-0.49,1.07,-6.62,7.04
171.21,0,,69.52,7.07,2,-1,69.92,0.05,1.29,-5.86,7.36
171.21,0,,69.74,7.24,1,0,69.91,0.37,1.22,-5.61,7.75
171.30,0,,69.91,7.54,1,0,70.10,0.28,0.92,-6.00,7.96
171.42,0,,70.02,7.78,1,0,70.02,-0.14,0.74,-6.60,7.72
171.51,0,,70.09,7.82,0,2,70.25,-0.40,0.75,-6.85,7.45
171.60,0,,70.13,7.67,0,2,70.01,-0.29,0.84,-6.65,7.47
171.72,0,,70.05,7.53,0,2,69.53,-0.30,0.83,-6.67,7.47
171.81,0,,69.82,7.47,0,2,69.60,-0.30,0.79,-6.71,7.51
171.90,0,,69.68,7.48,0,2,69.95,-0.22,0.81,-6.61,7.57
172.02,0,,69.72,7.53,1,0,69.84,-0.17,0.81,-6.56,7.62
172.14,0,,69.82,7.60,0,1,69.91,-0.11,0.79,-6.52,7.70
172.20,0,,69.83,7.65,0,1,69.50,-0.17,0.81,-6.56,7.62
172.35,0,,69.74,7.65,4,-2,69.71,-0.18,0.87,-6.51,7.55
172.41,0,,69.72,7.63,4,-2,70.08,-0.10,0.85,-6.45,7.65
172.50,0,,69.80,7.63,2,-1,69.65,-0.08,0.79,-6.49,7.73
172.65,0,,69.82,7.66,2,-1,69.77,-0.10,0.87,-6.43,7.63
172.71,0,,69.76,7.66,0,1,69.66,-0.10,0.91,-6.39,7.59
172.80,0,,69.74,7.64,1,0,69.85,-0.13,0.85,-6.48,7.62
172.92,0,,69.73,7.61,1,0,69.57,-0.21,0.88,-6.53,7.51
173.01,0,,69.73,7.57,1,0,69.96,-0.17,0.87,-6.50,7.56
173.10,0,,69.84,7.56,0,1,70.23,-0.15,0.87,-6.48,7.58
173.22,0,,70.01,7.55,0,1,70.03,-0.21,0.90,-6.51,7.49
173.31,0,,70.02,7.53,0,1,69.50,-0.21,0.92,-6.49,7.47
173.40,0,,69.83,7.50,0,1,69.58,-0.19,0.95,-6.44,7.46
173.52,0,,69.62,7.48,0,1,69.45,-0.17,0.91,-6.46,7.52
173.64,0,,69.49,7.49,1,0,69.44,-0.18,0.93,-6.45,7.49
173.70,0,,69.46,7.49,2,-1,69.66,-0.15,1.06,-6.29,7.39
173.82,0,,69.61,7.46,2,-1,70.30,-0.09,1.05,-6.24,7.46
173.91,0,,69.85,7.44,2,-1,69.68,-0.16,1.04,-6.32,7.40
174.00,0,,69.86,7.42,2,-1,69.37,-0.15,1.10,-6.25,7.35
174.15,0,,69.69,7.39,2,-1,69.68,-0.09,1.11,-6.18,7.40
174.21,0,,69.58,7.38,2,-1,69.57,-0.18,1.06,-6.32,7.36
174.30,0,,69.58,7.41,1,0,69.72,-0.14,0.84,-6.50,7.62
174.42,0,,69.65,7.52,1,0,69.84,-0.15,0.64,-6.71,7.81
174.51,0,,69.80,7.70,1,0,70.22,0.17,0.75,-6.28,8.02
174.60,0,,69.99,7.95,0,1,70.05,0.80,0.96,-5.44,8.44
174.72,0,,70.12,8.20,0,1,70.26,0.79,1.14,-5.27,8.25
174.81,0,,70.14,8.29,0,2,69.77,0.61,1.17,-5.42,8.04
174.90,0,,70.09,8.24,0,2,70.32,0.61,1.01,-5.58,8.20
175.02,0,,70.09,8.17,0,2,70.07,0.47,0.97,-5.76,8.10
175.14,0,,70.14,8.12,0,2,70.24,0.50,1.05,-5.65,8.05
175.20,0,,70.16,8.09,0,2,70.06,0.60,1.09,-5.51,8.11
175.32,0,,70.07,8.04,0,2,69.52,0.34,1.14,-5.72,7.80
175.44,0,,69.85,7.90,0,1,69.73,0.11,1.25,-5.84,7.46
175.50,0,,69.67,7.70,2,-1,69.47,0.27,1.30,-5.63,7.57
175.65,0,,69.55,7.58,4,-2,69.45,0.34,1.27,-5.59,7.67
175.71,0,,69.46,7.57,4,-2,69.38,0.22,1.25,-5.73,7.57
175.80,0,,69.38,7.56,4,-2,69.22,-0.08,1.09,-6.19,7.43
175.92,0,,69.34,7.48,4,-2,69.56,-0.47,0.92,-6.75,7.21
176.01,0,,69.35,7.34,4,-2,69.17,-0.45,0.97,-6.68,7.18
176.10,0,,69.33,7.24,4,-2,69.34,-0.31,0.97,-6.54,7.32
176.22,0,,69.42,7.27,4,-2,70.19,-0.31,0.73,-6.78,7.56
176.31,0,,69.69,7.41,2,-1,69.82,-0.44,0.53,-7.11,7.63
176.40,0,,69.91,7.56,2,-1,70.07,-0.48,0.50,-7.18,7.62
176.52,0,,69.90,7.64,0,2,69.10,-0.33,0.64,-6.89,7.63
176.64,0,,69.67,7.66,0,2,69.60,-0.18,0.80,-6.58,7.62
176.70,0,,69.52,7.67,0,2,69.69,-0.07,0.74,-6.53,7.79
176.82,0,,69.57,7.71,0,1,69.78,-0.12,0.76,-6.56,7.72
176.91,0,,69.70,7.73,0,1,69.91,-0.18,0.77,-6.61,7.65
177.00,0,,69.78,7.70,0,1,69.54,-0.31,0.64,-6.87,7.65
177.15,0,,69.75,7.64,0,1,69.77,-0.57,0.62,-7.15,7.41
177.27,0,,69.73,7.53,2,-1,69.81,-0.57,0.64,-7.13,7.39
177.30,0,,69.73,7.45,0,1,69.58,-0.43,0.69,-6.94,7.48
177.42,0,,69.66,7.40,2,-1,69.40,-0.50,0.84,-6.86,7.26
177.51,0,,69.54,7.33,0,1,69.50,-0.52,0.94,-6.78,7.14
177.60,0,,69.48,7.23,1,0,69.57,-0.42,0.96,-6.66,7.22
177.72,0,,69.49,7.18,2,-1,69.50,-0.47,0.97,-6.70,7.16
177.81,0,,69.54,7.15,2,-1,69.75,-0.56,0.98,-6.78,7.06
177.99,0,,69.60,7.12,2,-1,69.51,-0.58,0.94,-6.84,7.08
178.05,0,,69.58,7.09,2,-1,69.33,-0.51,1.02,-6.69,7.07
178.14,0,,69.43,7.08,2,-1,69.08,-0.36,1.15,-6.41,7.09
178.20,0,,69.30,7.10,2,-1,69.52,-0.19,1.18,-6.21,7.23
178.32,0,,69.34,7.18,1,0,69.70,-0.00,1.24,-5.96,7.36
178.41,0,,69.43,7.27,2,-1,69.01,-0.08,1.23,-6.05,7.29
178.50,0,,69.38,7.31,2,-1,69.46,-0.22,1.19,-6.23,7.19
178.65,0,,69.33,7.28,2,-1,69.31,-0.04,1.26,-5.98,7.30
178.71,0,,69.32,7.27,2,-1,69.27,-0.17,1.16,-6.21,7.27
178.80,0,,69.35,7.26,2,-1,69.65,-0.44,0.98,-6.66,7.18
178.98,0,,69.38,7.24,2,-1,69.00,-0.37,0.99,-6.58,7.24
179.01,0,,69.33,7.23,2,-1,69.44,-0.36,0.99,-6.57,7.25
179.10,0,,69.34,7.25,2,-1,69.63,-0.35,0.94,-6.61,7.31
179.22,0,,69.46,7.29,2,-1,69.58,-0.33,0.89,-6.64,7.38
179.31,0,,69.57,7.33,0,1,69.63,-0.41,0.89,-6.72,7.30
179.43,0,,69.61,7.36,0,1,69.56,-0.31,0.86,-6.65,7.43
179.52,0,,69.67,7.40,0,2,70.09,-0.25,0.81,-6.64,7.54
179.67,0,,69.83,7.48,0,2,70.00,-0.18,0.87,-6.51,7.55
179.70,0,,69.91,7.57,0,2,69.51,0.38,1.15,-5.67,7.83
179.82,0,,69.86,7.73,0,2,70.08,1.13,1.63,-4.44,8.10
179.91,0,,69.83,7.91,0,2,69.67,0.90,1.64,-4.66,7.86
180.00,0,,69.73,7.89,0,2,69.20,-0.22,1.09,-6.33,7.29
180.15,0,,69.53,7.61,0,1,69.56,-0.75,0.81,-7.14,7.04
180.21,0,,69.47,7.26,0,1,69.71,-0.70,0.95,-6.95,6.95
180.30,0,,69.58,7.02,2,-1,69.86,-0.56,1.04,-6.72,7.00
180.45,0,,69.64,6.98,2,-1,69.14,-0.15,1.13,-6.22,7.32
180.51,0,,69.56,7.15,4,-2,69.68,0.37,1.36,-5.47,7.61
180.60,0,,69.53,7.43,4,-2,69.70,0.59,1.39,-5.22,7.80
180.72,0,,69.61,7.67,2,-1,69.71,0.34,1.18,-5.68,7.76
180.81,0,,69.65,7.79,2,-1,69.42,0.38,1.22,-5.60,7.76
180.90,0,,69.65,7.81,0,1,69.96,0.33,1.12,-5.75,7.81
181.02,0,,69.75,7.79,0,1,70.05,-0.39,0.62,-6.97,7.59
181.14,0,,69.88,7.70,0,1,69.73,-0.53,0.54,-7.19,7.53
181.20,0,,69.89,7.60,0,2,69.78,-0.22,0.83,-6.59,7.55
181.32,0,,69.83,7.59,0,2,69.80,0.08,0.85,-6.27,7.83
181.41,0,,69.83,7.71,0,2,70.05,0.01,0.54,-6.65,8.07
181.50,0,,69.82,7.86,0,1,69.33,-0.23,0.61,-6.82,7.76
181.65,0,,69.65,7.86,0,1,69.33,-0.19,0.87,-6.52,7.54
181.71,0,,69.45,7.71,1,0,69.43,-0.58,0.61,-7.17,7.41
181.80,0,,69.38,7.54,1,0,69.48,-0.61,0.54,-7.27,7.45
181.92,0,,69.36,7.44,4,-2,69.09,-0.60,0.57,-7.23,7.43
182.01,0,,69.28,7.38,4,-2,69.27,-1.01,0.37,-7.84,7.22
182.10,0,,69.27,7.31,4,-2,69.56,-1.13,0.24,-8.09,7.23
182.22,0,,69.41,7.26,4,-2,69.75,-1.11,0.15,-8.16,7.34
182.31,0,,69.54,7.28,4,-2,69.32,-0.98,0.13,-8.05,7.49
182.40,0,,69.66,7.39,2,-1,70.43,-0.89,0.11,-7.98,7.60
182.52,0,,69.83,7.49,1,0,69.48,-0.91,0.21,-7.90,7.48
182.64,0,,69.88,7.51,0,2,69.95,-0.92,0.30,-7.82,7.38
182.70,0,,69.83,7.47,0,2,69.65,-0.94,0.21,-7.93,7.45
182.82,0,,69.84,7.44,0,2,70.24,-0.94,0.16,-7.98,7.50
182.91,0,,69.91,7.47,0,2,69.77,-0.84,0.19,-7.85,7.57
183.00,0,,69.95,7.53,0,2,70.04,-0.73,0.22,-7.71,7.65
183.15,0,,69.90,7.58,0,2,69.48,-0.81,0.24,-7.77,7.55
183.21,0,,69.73,7.58,0,1,69.43,-0.88,0.28,-7.80,7.44
183.30,0,,69.49,7.52,2,-1,69.07,-0.75,0.39,-7.56,7.46
183.42,0,,69.30,7.48,0,1,69.46,-0.65,0.37,-7.48,7.58
183.51,0,,69.31,7.52,4,-2,69.71,-0.70,0.26,-7.64,7.64
183.60,0,,69.53,7.60,4,-2,70.02,-0.64,0.22,-7.62,7.74
183.72,0,,69.80,7.71,4,-2,69.96,-0.50,0.21,-7.49,7.89
183.84,0,,69.95,7.80,2,-1,69.86,-0.57,0.23,-7.54,7.80
183.90,0,,69.94,7.82,1,0,69.73,-0.70,0.23,-7.67,7.67
184.02,0,,69.72,7.74,0,1,68.73,-0.90,0.20,-7.90,7.50
184.14,0,,69.33,7.57,1,0,69.17,-1.21,0.19,-8.22,7.20
184.20,0,,69.09,7.36,2,-1,69.27,-1.38,0.06,-8.52,7.16
184.32,0,,69.12,7.20,1,0,69.38,-1.42,0.00,-8.62,7.18
184.44,0,,69.26,7.14,4,-2,69.48,-1.38,0.07,-8.51,7.15
184.50,0,,69.40,7.14,4,-2,69.51,-1.38,0.02,-8.56,7.20
184.65,0,,69.46,7.15,4,-2,69.24,-1.43,0.01,-8.62,7.16
184.71,0,,69.48,7.18,4,-2,69.88,-1.32,0.03,-8.49,7.25
184.80,0,,69.60,7.23,2,-1,69.82,-1.16,0.00,-8.36,7.44
184.92,0,,69.74,7.32,2,-1,69.71,-1.19,0.04,-8.35,7.37
185.01,0,,69.78,7.39,0,2,69.71,-1.09,0.03,-8.26,7.48
185.10,0,,69.78,7.48,0,2,69.91,-0.80,-0.02,-8.02,7.82
185.22,0,,69.88,7.65,0,2,70.34,-0.78,-0.10,-8.08,7.92
185.40,0,,69.98,7.82,0,2,69.53,-1.00,-0.32,-8.52,7.92
185.40,0,,69.97,7.91,0,2,70.22,-1.20,-0.47,-8.87,7.87
185.52,0,,69.99,7.91,0,2,70.06,-1.17,-0.41,-8.78,7.84
185.64,0,,69.97,7.86,0,2,69.44,-1.02,-0.14,-8.36,7.72
185.70,0,,69.84,7.76,0,1,69.98,-1.07,0.03,-8.24,7.50
185.82,0,,69.79,7.63,0,1,69.87,-1.00,0.00,-8.20,7.60
185.94,0,,69.86,7.56,0,1,70.08,-0.92,0.10,-8.02,7.58
186.00,0,,69.90,7.54,1,0,69.56,-0.98,0.13,-8.05,7.49
186.15,0,,69.84,7.53,2,-1,69.84,-0.90,0.08,-8.02,7.62
186.21,0,,69.78,7.56,2,-1,69.77,-0.82,0.14,-7.88,7.64
186.33,0,,69.75,7.61,2,-1,69.66,-0.79,0.16,-7.83,7.65
186.42,0,,69.75,7.63,2,-1,69.92,-0.84,0.20,-7.84,7.56
186.51,0,,69.82,7.61,2,-1,70.05,-0.85,0.20,-7.85,7.55
186.60,0,,69.91,7.59,1,0,69.83,-0.71,0.18,-7.73,7.71
186.72,0,,69.91,7.61,1,0,69.71,-0.73,0.22,-7.71,7.65
186.81,0,,69.82,7.63,0,1,69.71,-0.82,0.23,-7.79,7.55
186.90,0,,69.71,7.61,1,0,69.49,-0.72,0.23,-7.69,7.65
187.02,0,,69.60,7.60,2,-1,69.54,-0.71,0.29,-7.62,7.60
187.14,0,,69.55,7.59,2,-1,69.68,-0.77,0.31,-7.66,7.52
187.20,0,,69.56,7.58,2,-1,69.49,-0.69,0.25,-7.64,7.66
187.32,0,,69.56,7.60,2,-1,69.55,-0.67,0.28,-7.59,7.65
187.41,0,,69.53,7.62,2,-1,69.43,-0.70,0.35,-7.55,7.55
187.50,0,,69.44,7.62,4,-2,69.09,-0.62,0.33,-7.49,7.65
187.65,0,,69.30,7.62,4,-2,69.26,-0.66,0.34,-7.52,7.60
187.74,0,,69.26,7.61,4,-2,69.60,-0.62,0.41,-7.41,7.57
187.80,0,,69.44,7.62,4,-2,70.00,-0.43,0.42,-7.21,7.75
187.92,0,,69.69,7.67,2,-1,69.69,-0.41,0.45,-7.16,7.74
188.01,0,,69.78,7.71,2,-1,69.58,-0.36,0.56,-7.00,7.68
188.10,0,,69.71,7.73,0,1,69.52,-0.10,0.74,-6.56,7.76
188.22,0,,69.60,7.73,0,1,69.54,-0.04,0.86,-6.38,7.70
188.31,0,,69.55,7.72,0,1,69.69,0.02,0.93,-6.25,7.69
188.40,0,,69.58,7.73,0,1,69.61,0.29,1.01,-5.90,7.88
188.55,0,,69.59,7.79,0,1,69.43,0.33,1.05,-5.82,7.88
188.64,0,,69.57,7.84,0,1,69.70,0.24,1.08,-5.88,7.76
188.76,0,,69.60,7.84,2,-1,69.72,0.16,0.95,-6.09,7.81
188.82,0,,69.65,7.82,2,-1,69.60,0.09,0.88,-6.23,7.81
188.91,0,,69.67,7.81,2,-1,69.70,0.18,1.01,-6.01,7.77
189.00,0,,69.64,7.79,2,-1,69.43,0.02,0.90,-6.28,7.72
189.15,0,,69.55,7.75,2,-1,69.36,-0.04,0.82,-6.42,7.74
189.21,0,,69.45,7.75,2,-1,69.44,0.25,0.99,-5.96,7.86
189.39,0,,69.41,7.79,2,-1,69.47,0.19,0.96,-6.05,7.83
189.51,0,,69.38,7.82,2,-1,69.11,0.10,0.93,-6.17,7.77
189.51,0,,69.29,7.82,2,-1,69.22,0.19,0.99,-6.02,7.80
189.60,0,,69.23,7.81,4,-2,69.34,0.21,0.97,-6.02,7.84
189.72,0,,69.25,7.82,4,-2,69.25,0.16,0.97,-6.07,7.79
189.81,0,,69.33,7.81,2,-1,69.78,0.16,1.00,-6.04,7.76
189.90,0,,69.49,7.81,1,0,69.53,0.35,1.02,-5.83,7.93
190.02,0,,69.59,7.85,1,0,69.55,0.31,1.02,-5.87,7.89
190.14,0,,69.60,7.89,1,0,69.60,0.23,0.95,-6.02,7.88
190.20,0,,69.59,7.91,0,1,69.56,0.33,0.97,-5.90,7.96
190.32,0,,69.59,7.92,0,2,69.64,0.39,1.07,-5.74,7.92
190.41,0,,69.58,7.94,0,2,69.44,0.40,1.03,-5.77,7.97
190.50,0,,69.56,7.94,0,2,69.72,0.24,0.96,-6.00,7.88
190.71,0,,69.56,7.92,0,1,69.39,0.17,0.94,-6.09,7.83
190.71,0,,69.47,7.88,0,1,69.02,0.26,1.00,-5.94,7.86
190.80,0,,69.38,7.85,2,-1,69.95,0.13,0.94,-6.13,7.79
190.92,0,,69.46,7.83,1,0,69.42,0.09,0.80,-6.31,7.89
191.01,0,,69.55,7.86,1,0,69.56,0.33,0.93,-5.94,8.00
191.10,0,,69.52,7.92,1,0,69.25,0.21,0.92,-6.07,7.89
191.31,0,,69.43,7.92,2,-1,69.36,-0.03,0.74,-6.49,7.83
191.31,0,,69.32,7.90,2,-1,69.14,0.01,0.71,-6.48,7.90
191.40,0,,69.30,7.88,2,-1,69.70,-0.07,0.67,-6.60,7.86
191.52,0,,69.36,7.86,2,-1,69.15,-0.20,0.62,-6.78,7.78
191.64,0,,69.43,7.82,2,-1,69.88,-0.35,0.55,-7.00,7.70
191.72,0,,69.53,7.75,2,-1,69.38,-0.43,0.52,-7.11,7.65
191.82,0,,69.49,7.70,2,-1,69.00,-0.33,0.53,-7.00,7.74
191.91,0,,69.35,7.71,1,0,69.62,-0.31,0.45,-7.06,7.84
192.00,0,,69.37,7.78,1,0,69.58,-0.23,0.44,-6.99,7.93
192.15,0,,69.50,7.90,1,0,69.67,-0.03,0.45,-6.78,8.12
192.21,0,,69.66,8.06,0,1,70.00,0.07,0.24,-6.89,8.43
192.33,0,,69.84,8.26,0,2,70.03,-0.25,-0.09,-7.54,8.44
192.51,0,,70.00,8.37,0,2,70.09,-0.76,-0.32,-8.28,8.16
192.51,0,,70.09,8.32,0,2,70.20,-0.80,-0.29,-8.29,8.09
192.60,0,,70.10,8.19,0,2,69.71,-0.58,-0.04,-7.82,8.06
192.72,0,,69.96,8.07,0,2,69.67,-0.45,0.20,-7.45,7.95
192.81,0,,69.73,8.00,0,2,69.36,-0.16,0.43,-6.93,8.01
192.90,0,,69.54,8.00,0,1,69.51,0.16,0.65,-6.39,8.11
193.02,0,,69.37,8.05,0,1,68.94,0.20,0.66,-6.34,8.14
193.14,0,,69.34,8.13,4,-2,70.19,0.34,0.63,-6.23,8.31
193.20,0,,69.53,8.26,4,-2,69.55,0.74,0.78,-5.68,8.56
193.32,0,,69.72,8.41,4,-2,69.91,0.65,0.81,-5.74,8.44
193.41,0,,69.79,8.45,4,-2,69.68,0.10,0.55,-6.55,8.15
193.50,0,,69.79,8.33,2,-1,69.72,-0.27,0.25,-7.22,8.08
193.71,0,,69.74,8.16,1,0,69.67,-0.75,-0.08,-8.03,7.93
193.71,0,,69.72,7.99,0,1,69.81,-0.93,-0.08,-8.21,7.75
193.80,0,,69.74,7.85,0,1,69.82,-0.58,0.22,-7.56,7.80
193.92,0,,69.83,7.80,1,0,70.08,-0.34,0.32,-7.22,7.94
194.01,0,,69.91,7.86,0,2,69.78,-0.16,0.37,-6.99,8.07
194.10,0,,69.81,7.96,0,1,69.04,-0.24,0.38,-7.06,7.98
194.22,0,,69.53,8.01,1,0,69.42,-0.34,0.33,-7.21,7.93
194.31,0,,69.32,8.01,2,-1,69.22,-0.15,0.37,-6.98,8.08
194.43,0,,69.27,8.02,2,-1,69.51,-0.28,0.30,-7.18,8.02
194.55,0,,69.37,8.04,4,-2,69.67,-0.35,0.20,-7.35,8.05
194.64,0,,69.53,8.06,4,-2,69.65,-0.28,0.15,-7.33,8.17
194.70,0,,69.62,8.10,4,-2,69.48,-0.39,0.15,-7.44,8.06
194.82,0,,69.60,8.10,4,-2,69.59,-0.46,0.14,-7.52,8.00
194.94,0,,69.56,8.06,2,-1,69.44,-0.49,0.10,-7.59,8.01
195.00,0,,69.51,8.03,1,0,69.47,-0.50,0.07,-7.63,8.03
195.18,0,,69.49,8.02,2,-1,69.59,-0.56,0.04,-7.72,8.00
195.21,0,,69.48,8.01,2,-1,69.27,-0.54,0.07,-7.67,7.99
195.30,0,,69.44,8.01,0,1,69.50,-0.39,0.17,-7.42,8.04
195.42,0,,69.43,8.02,2,-1,69.48,-0.33,0.22,-7.31,8.05
195.51,0,,69.49,8.04,2,-1,69.74,-0.36,0.24,-7.32,8.00
195.60,0,,69.57,8.03,2,-1,69.46,-0.34,0.26,-7.28,8.00
195.75,0,,69.60,8.03,1,0,69.69,-0.25,0.27,-7.18,8.08
195.81,0,,69.60,8.04,0,1,69.50,-0.27,0.26,-7.21,8.07
195.90,0,,69.60,8.06,0,1,69.71,-0.33,0.26,-7.27,8.01
196.02,0,,69.64,8.05,1,0,69.76,-0.28,0.30,-7.18,8.02
196.17,0,,69.73,8.04,2,-1,69.89,-0.23,0.31,-7.12,8.06
196.23,0,,69.80,8.04,0,1,69.77,-0.26,0.30,-7.16,8.04
196.32,0,,69.82,8.05,0,1,69.77,-0.23,0.34,-7.09,8.03
196.47,0,,69.85,8.06,0,2,70.15,-0.13,0.34,-6.99,8.13
196.53,0,,69.87,8.08,0,2,69.39,-0.16,0.33,-7.03,8.11
196.74,0,,69.79,8.09,0,1,69.93,-0.24,0.39,-7.05,7.97
196.74,0,,69.76,8.06,0,1,69.83,-0.21,0.35,-7.06,8.04
196.83,0,,69.78,8.05,0,1,69.64,-0.20,0.30,-7.10,8.10
196.92,0,,69.76,8.06,0,1,69.81,-0.23,0.30,-7.13,8.07
197.01,0,,69.75,8.09,0,1,69.75,-0.22,0.24,-7.18,8.14
197.10,0,,69.76,8.11,2,-1,69.75,-0.17,0.29,-7.08,8.14
197.22,0,,69.78,8.12,2,-1,69.96,-0.17,0.38,-6.99,8.05
197.31,0,,69.86,8.11,1,0,69.99,-0.18,0.32,-7.06,8.10
197.40,0,,69.95,8.12,0,1,70.01,-0.05,0.31,-6.94,8.24
197.52,0,,69.98,8.17,0,1,69.81,0.08,0.41,-6.71,8.27
197.67,0,,69.94,8.23,0,1,69.94,0.08,0.45,-6.67,8.23
197.70,0,,69.92,8.25,0,1,70.02,0.03,0.41,-6.76,8.22
197.82,0,,69.86,8.24,0,1,69.24,-0.02,0.40,-6.82,8.18
197.91,0,,69.66,8.21,0,1,69.56,-0.07,0.40,-6.87,8.13
198.00,0,,69.53,8.17,1,0,69.73,-0.12,0.32,-7.00,8.16
198.15,0,,69.57,8.16,2,-1,69.64,-0.18,0.26,-7.12,8.16
198.21,0,,69.69,8.15,2,-1,70.09,-0.22,0.27,-7.15,8.11
198.30,0,,69.83,8.13,2,-1,69.76,-0.28,0.25,-7.23,8.07
198.42,0,,69.79,8.11,2,-1,69.11,-0.30,0.22,-7.28,8.08
198.51,0,,69.56,8.08,2,-1,69.52,-0.24,0.29,-7.15,8.07
198.60,0,,69.47,8.07,2,-1,69.88,-0.17,0.35,-7.02,8.08
198.75,0,,69.66,8.08,2,-1,70.18,-0.17,0.34,-7.03,8.09
198.81,0,,69.87,8.08,1,0,69.67,-0.17,0.38,-6.99,8.05
198.90,0,,69.94,8.08,1,0,70.02,-0.09,0.42,-6.87,8.09
199.02,0,,69.92,8.08,0,1,69.75,-0.09,0.42,-6.87,8.09
199.17,0,,69.89,8.08,0,1,69.99,-0.11,0.42,-6.89,8.07
199.21,0,,69.87,8.09,0,1,69.69,-0.01,0.44,-6.77,8.15
199.32,0,,69.80,8.10,0,1,69.62,-0.04,0.50,-6.74,8.06
199.41,0,,69.71,8.09,0,1,69.73,-0.14,0.50,-6.84,7.96
199.50,0,,69.68,8.04,1,0,69.72,-0.13,0.45,-6.88,8.02
199.65,0,,69.66,8.02,1,0,69.45,-0.08,0.44,-6.84,8.08
199.71,0,,69.62,8.04,1,0,69.77,-0.09,0.41,-6.88,8.10
199.80,0,,69.60,8.07,4,-2,69.45,-0.10,0.46,-6.84,8.04
199.92,0,,69.58,8.07,4,-2,69.55,-0.10,0.52,-6.78,7.98
200.01,0,,69.55,8.03,4,-2,69.58,-0.09,0.49,-6.80,8.02
200.10,0,,69.51,8.01,2,-1,69.26,-0.14,0.51,-6.83,7.95
200.22,0,,69.41,7.97,2,-1,69.23,-0.18,0.54,-6.84,7.88
200.31,0,,69.35,7.94,4,-2,69.70,-0.12,0.52,-6.80,7.96
200.40,0,,69.48,7.93,2,-1,69.85,-0.13,0.52,-6.81,7.95
200.52,0,,69.67,7.94,2,-1,69.71,-0.21,0.49,-6.92,7.90
200.67,0,,69.76,7.94,2,-1,69.69,-0.19,0.49,-6.90,7.92
200.73,0,,69.70,7.93,0,1,69.34,-0.20,0.49,-6.91,7.91
200.82,0,,69.56,7.92,0,1,69.46,-0.27,0.44,-7.03,7.89
200.91,0,,69.46,7.91,0,1,69.52,-0.26,0.44,-7.02,7.90
201.00,0,,69.48,7.90,0,1,69.71,-0.22,0.52,-6.90,7.86
201.15,0,,69.52,7.88,0,1,69.29,-0.30,0.49,-7.01,7.81
201.21,0,,69.50,7.84,2,-1,69.53,-0.34,0.46,-7.08,7.80
201.30,0,,69.53,7.82,2,-1,69.93,-0.22,0.55,-6.87,7.83
201.42,0,,69.63,7.82,1,0,69.41,-0.19,0.53,-6.86,7.88
201.51,0,,69.71,7.85,2,-1,70.15,-0.29,0.46,-7.03,7.85
201.60,0,,69.79,7.87,1,0,69.57,-0.24,0.46,-6.98,7.90
201.72,0,,69.76,7.90,0,1,69.49,-0.19,0.47,-6.92,7.94
201.81,0,,69.60,7.91,0,1,69.32,-0.28,0.50,-6.98,7.82
201.90,0,,69.51,7.89,0,1,69.95,-0.26,0.51,-6.95,7.83
202.02,0,,69.56,7.86,0,1,69.38,-0.21,0.51,-6.90,7.88
202.17,0,,69.61,7.85,1,0,69.81,-0.21,0.55,-6.86,7.84
202.20,0,,69.64,7.85,1,0,69.56,-0.21,0.55,-6.86,7.84
202.41,0,,69.65,7.84,1,0,69.66,-0.27,0.52,-6.95,7.81
202.41,0,,69.69,7.82,1,0,69.98,-0.29,0.54,-6.95,7.77
202.50,0,,69.78,7.80,1,0,69.79,-0.27,0.53,-6.94,7.80
202.65,0,,69.78,7.79,1,0,69.36,-0.35,0.53,-7.02,7.72
202.71,0,,69.61,7.76,1,0,69.33,-0.35,0.54,-7.01,7.71
202.80,0,,69.42,7.75,1,0,69.33,-0.23,0.52,-6.91,7.85
202.92,0,,69.36,7.77,2,-1,69.58,-0.28,0.55,-6.93,7.77
203.04,0,,69.43,7.77,2,-1,69.60,-0.37,0.60,-6.97,7.63
203.10,0,,69.56,7.74,2,-1,69.78,-0.23,0.58,-6.85,7.79
203.22,0,,69.62,7.75,1,0,69.31,-0.21,0.56,-6.85,7.83
203.31,0,,69.57,7.78,1,0,69.58,-0.31,0.58,-6.93,7.71
203.40,0,,69.55,7.79,1,0,69.78,-0.18,0.59,-6.79,7.83
203.52,0,,69.63,7.81,1,0,69.71,-0.12,0.60,-6.72,7.88
203.70,0,,69.69,7.84,1,0,69.64,-0.17,0.62,-6.75,7.81
203.70,0,,69.73,7.86,1,0,69.90,-0.11,0.56,-6.75,7.93
203.94,0,,69.79,7.88,1,0,69.90,-0.21,0.56,-6.85,7.83
203.94,0,,69.79,7.88,1,0,69.90,-0.21,0.56,-6.85,7.83
204.00,0,,69.89,7.82,0,2,70.01,-0.27,0.46,-7.01,7.87
204.15,0,,69.91,7.80,0,2,69.81,-0.39,0.47,-7.12,7.74
204.24,0,,69.86,7.76,0,2,69.54,-0.54,0.48,-7.26,7.58
204.30,0,,69.77,7.69,0,1,69.97,-0.55,0.40,-7.35,7.65
204.42,0,,69.78,7.64,0,1,69.85,-0.53,0.45,-7.28,7.62
204.51,0,,69.84,7.61,0,1,69.86,-0.52,0.51,-7.21,7.57
204.66,0,,69.86,7.60,0,1,69.83,-0.51,0.44,-7.27,7.65
204.72,0,,69.81,7.61,1,0,69.45,-0.61,0.36,-7.45,7.63
204.81,0,,69.68,7.62,2,-1,69.66,-0.70,0.37,-7.53,7.53
204.90,0,,69.60,7.59,2,-1,69.55,-0.47,0.55,-7.12,7.58
205.02,0,,69.60,7.60,2,-1,69.81,0.11,0.93,-6.16,7.78
205.20,0,,69.69,7.71,2,-1,69.92,0.60,1.14,-5.46,8.06
205.20,0,,69.76,7.87,2,-1,69.45,0.45,1.08,-5.67,7.97
205.32,0,,69.67,7.92,2,-1,69.41,-0.13,0.98,-6.35,7.49
205.41,0,,69.59,7.76,2,-1,70.00,-0.47,0.72,-6.95,7.41
205.50,0,,69.70,7.56,1,0,69.98,-0.70,0.40,-7.50,7.50
205.71,0,,69.80,7.43,0,1,69.33,-0.99,0.34,-7.85,7.27
205.71,0,,69.68,7.33,0,1,69.52,-0.81,0.57,-7.44,7.22
205.80,0,,69.49,7.30,2,-1,69.16,-0.21,0.80,-6.61,7.59
205.92,0,,69.42,7.39,2,-1,69.98,-0.25,0.78,-6.67,7.57
206.01,0,,69.50,7.47,2,-1,69.29,-0.68,0.67,-7.21,7.25
206.10,0,,69.53,7.44,2,-1,69.52,-0.59,0.65,-7.14,7.36
206.22,0,,69.53,7.39,2,-1,69.71,-0.49,0.65,-7.04,7.46
206.31,0,,69.57,7.40,2,-1,69.49,-0.53,0.62,-7.11,7.45
206.40,0,,69.56,7.46,2,-1,69.44,-0.46,0.51,-7.15,7.63
206.52,0,,69.56,7.53,2,-1,69.91,-0.58,0.45,-7.33,7.57
206.67,0,,69.68,7.57,2,-1,69.91,-0.66,0.49,-7.37,7.45
206.70,0,,69.77,7.54,2,-1,69.38,-0.64,0.46,-7.38,7.50
206.82,0,,69.75,7.50,1,0,70.14,-0.73,0.40,-7.53,7.47
206.91,0,,69.76,7.47,0,1,69.42,-0.78,0.38,-7.60,7.44
207.00,0,,69.77,7.45,0,1,70.13,-0.76,0.38,-7.58,7.46
207.15,0,,69.77,7.44,0,1,69.39,-0.77,0.39,-7.58,7.44
207.21,0,,69.73,7.45,0,1,69.81,-0.73,0.40,-7.53,7.47
207.30,0,,69.68,7.46,0,1,69.65,-0.68,0.42,-7.46,7.50
207.42,0,,69.65,7.48,1,0,69.48,-0.68,0.42,-7.46,7.50
207.51,0,,69.63,7.50,1,0,69.89,-0.68,0.46,-7.42,7.46
207.60,0,,69.66,7.49,1,0,69.60,-0.60,0.50,-7.30,7.50
207.75,0,,69.72,7.50,2,-1,69.94,-0.55,0.49,-7.26,7.56
207.84,0,,69.77,7.53,1,0,69.67,-0.52,0.51,-7.21,7.57
207.90,0,,69.76,7.56,1,0,69.57,-0.51,0.54,-7.17,7.55
208.02,0,,69.70,7.57,0,1,69.78,-0.54,0.51,-7.23,7.55
208.17,0,,69.67,7.57,1,0,69.56,-0.52,0.48,-7.24,7.60
208.20,0,,69.63,7.58,1,0,69.51,-0.51,0.51,-7.20,7.58
208.32,0,,69.53,7.58,1,0,69.28,-0.54,0.53,-7.21,7.53
208.41,0,,69.43,7.55,1,0,69.46,-0.60,0.53,-7.27,7.47
208.50,0,,69.42,7.51,1,0,69.69,-0.62,0.52,-7.30,7.46
208.65,0,,69.52,7.50,2,-1,69.62,-0.51,0.51,-7.20,7.58
208.71,0,,69.60,7.52,2,-1,69.53,-0.48,0.54,-7.14,7.58
208.80,0,,69.63,7.55,2,-1,69.77,-0.56,0.57,-7.19,7.47
208.92,0,,69.63,7.54,2,-1,69.45,-0.54,0.57,-7.17,7.49
209.01,0,,69.62,7.52,1,0,69.72,-0.44,0.59,-7.05,7.57
209.10,0,,69.67,7.53,1,0,70.05,-0.43,0.58,-7.05,7.59
209.22,0,,69.82,7.56,1,0,69.85,-0.47,0.57,-7.10,7.56
209.31,0,,69.88,7.57,0,2,69.66,-0.44,0.62,-7.02,7.54
209.40,0,,69.79,7.56,0,2,69.53,-0.43,0.64,-6.99,7.53
209.52,0,,69.68,7.54,0,1,69.76,-0.45,0.65,-7.00,7.50
209.73,0,,69.72,7.53,0,1,70.18,-0.40,0.63,-6.97,7.57
209.73,0,,69.72,7.53,0,1,70.18,-0.40,0.63,-6.97,7.57
209.85,0,,69.88,7.55,0,1,69.62,-0.47,0.72,-6.95,7.41
210.03,0,,69.76,7.50,1,0,69.59,-0.50,0.71,-6.99,7.39
210.03,0,,69.76,7.50,1,0,69.59,-0.50,0.71,-6.99,7.39
210.15,0,,69.50,7.41,2,-1,69.45,-0.49,0.74,-6.95,7.37
210.21,0,,69.53,7.40,2,-1,70.16,-0.45,0.71,-6.94,7.44
210.30,0,,69.73,7.41,2,-1,69.84,-0.42,0.74,-6.88,7.44
210.42,0,,69.89,7.43,1,0,69.87,-0.40,0.81,-6.79,7.39
210.51,0,,69.90,7.43,0,1,69.74,-0.39,0.78,-6.81,7.43
210.60,0,,69.82,7.42,0,1,69.65,-0.44,0.78,-6.86,7.38
210.72,0,,69.77,7.41,0,1,70.01,-0.38,0.79,-6.79,7.43
210.81,0,,69.81,7.43,0,1,69.81,-0.30,0.77,-6.73,7.53
210.90,0,,69.79,7.46,1,0,69.39,-0.38,0.78,-6.80,7.44
211.02,0,,69.68,7.48,0,1,69.74,-0.40,0.76,-6.84,7.44
211.17,0,,69.67,7.48,0,1,69.97,-0.31,0.75,-6.76,7.54
211.20,0,,69.81,7.49,1,0,70.09,-0.35,0.75,-6.80,7.50
211.32,0,,69.92,7.50,1,0,69.65,-0.42,0.75,-6.87,7.43
211.41,0,,69.90,7.48,1,0,69.89,-0.35,0.78,-6.77,7.47
211.50,0,,69.89,7.49,1,0,70.11,-0.24,0.74,-6.70,7.62
211.65,0,,69.95,7.55,1,0,69.98,-0.31,0.62,-6.89,7.67
211.71,0,,69.98,7.61,1,0,69.83,-0.42,0.60,-7.02,7.58
211.80,0,,69.93,7.61,0,1,69.83,-0.49,0.63,-7.06,7.48
211.92,0,,69.91,7.55,0,1,70.21,-0.53,0.61,-7.12,7.46
212.04,0,,69.99,7.51,1,0,70.02,-0.48,0.56,-7.12,7.56
212.10,0,,70.03,7.51,0,1,69.86,-0.51,0.55,-7.16,7.54
212.22,0,,69.97,7.52,0,1,69.81,-0.52,0.60,-7.12,7.48
212.31,0,,69.84,7.51,0,1,69.57,-0.52,0.62,-7.10,7.46
212.40,0,,69.77,7.48,0,1,70.13,-0.59,0.57,-7.22,7.44
212.52,0,,69.83,7.46,0,1,69.87,-0.56,0.56,-7.20,7.48
212.67,0,,69.87,7.46,0,1,69.57,-0.58,0.59,-7.19,7.43
212.72,0,,69.78,7.44,2,-1,69.73,-0.67,0.55,-7.32,7.38
212.82,0,,69.77,7.43,2,-1,70.19,-0.63,0.50,-7.33,7.47
212.91,0,,69.90,7.45,2,-1,70.00,-0.58,0.49,-7.29,7.53
213.00,0,,69.96,7.48,1,0,69.54,-0.67,0.51,-7.36,7.42
213.15,0,,69.86,7.46,1,0,69.92,-0.74,0.51,-7.43,7.35
213.21,0,,69.80,7.42,1,0,69.79,-0.70,0.45,-7.45,7.45
213.30,0,,69.79,7.41,1,0,69.76,-0.73,0.48,-7.45,7.39
213.42,0,,69.81,7.38,1,0,70.01,-0.81,0.53,-7.48,7.26
213.51,0,,69.90,7.34,1,0,70.09,-0.72,0.53,-7.39,7.35
213.60,0,,70.02,7.32,1,0,70.20,-0.66,0.57,-7.29,7.37
213.72,0,,70.04,7.34,1,0,69.44,-0.63,0.63,-7.20,7.34
213.81,0,,69.90,7.37,0,1,70.00,-0.51,0.64,-7.07,7.45
213.90,0,,69.77,7.41,1,0,69.48,-0.51,0.65,-7.06,7.44
214.02,0,,69.66,7.43,1,0,69.52,-0.52,0.68,-7.04,7.40
214.17,0,,69.61,7.44,1,0,69.99,-0.46,0.70,-6.96,7.44
214.20,0,,69.75,7.44,1,0,70.09,-0.43,0.74,-6.89,7.43
214.32,0,,69.90,7.45,1,0,69.68,-0.33,0.77,-6.76,7.50
214.41,0,,69.92,7.47,1,0,70.01,-0.30,0.81,-6.69,7.49
214.50,0,,69.86,7.48,2,-1,69.48,-0.34,0.85,-6.69,7.41
214.65,0,,69.75,7.46,2,-1,69.73,-0.33,0.88,-6.65,7.39
214.71,0,,69.69,7.43,1,0,69.88,-0.26,0.90,-6.56,7.44
214.80,0,,69.75,7.43,1,0,69.86,-0.21,0.86,-6.55,7.53
214.92,0,,69.83,7.47,1,0,69.86,-0.23,0.86,-6.57,7.51
215.01,0,,69.88,7.52,1,0,70.01,-0.17,0.86,-6.51,7.57
215.10,0,,69.90,7.55,1,0,69.70,-0.19,0.85,-6.54,7.56
215.22,0,,69.82,7.55,1,0,69.53,-0.29,0.88,-6.61,7.43
215.31,0,,69.67,7.52,1,0,69.58,-0.22,0.87,-6.55,7.51
215.40,0,,69.62,7.51,1,0,69.89,-0.16,0.85,-6.51,7.59
215.52,0,,69.70,7.53,1,0,69.83,-0.21,0.88,-6.53,7.51
215.67,0,,69.76,7.53,1,0,69.59,-0.24,0.92,-6.52,7.44
215.70,0,,69.77,7.50,1,0,69.93,-0.20,0.95,-6.45,7.45
215.82,0,,69.83,7.47,1,0,70.08,-0.19,0.93,-6.46,7.48
215.91,0,,69.88,7.47,1,0,69.50,-0.21,0.88,-6.53,7.51
216.00,0,,69.79,7.49,1,0,69.69,-0.19,0.92,-6.47,7.49
216.15,0,,69.69,7.50,1,0,69.70,-0.18,0.94,-6.44,7.48
216.21,0,,69.72,7.49,1,0,70.13,-0.20,0.91,-6.49,7.49
216.30,0,,69.88,7.50,1,0,70.04,-0.14,0.90,-6.44,7.56
216.42,0,,70.02,7.53,1,0,70.04,-0.09,0.91,-6.38,7.60
216.51,0,,70.11,7.57,0,1,70.37,-0.14,0.91,-6.43,7.55
216.60,0,,70.16,7.58,0,2,69.88,-0.12,0.90,-6.42,7.58
216.69,0,,70.05,7.59,0,2,69.56,-0.06,0.90,-6.36,7.64
216.81,0,,69.87,7.62,0,1,70.04,-0.01,0.91,-6.30,7.68
216.90,0,,69.88,7.66,0,1,70.30,0.05,0.92,-6.23,7.73
216.99,0,,69.95,7.71,0,1,69.40,0.04,0.85,-6.31,7.79
217.17,0,,69.82,7.74,0,1,69.58,-0.18,0.79,-6.59,7.63
217.20,0,,69.67,7.68,2,-1,69.80,-0.45,0.76,-6.89,7.39
217.29,0,,69.67,7.54,4,-2,69.85,-0.54,0.67,-7.07,7.39
217.44,0,,69.67,7.42,4,-2,69.19,-0.56,0.69,-7.07,7.35
217.50,0,,69.55,7.33,4,-2,69.54,-0.59,0.89,-6.90,7.12
217.65,0,,69.43,7.21,4,-2,69.28,-0.57,1.00,-6.77,7.03
217.71,0,,69.43,7.11,4,-2,69.82,-0.50,0.97,-6.73,7.13
217.80,0,,69.50,7.09,4,-2,69.36,-0.42,0.95,-6.67,7.23
217.92,0,,69.54,7.14,4,-2,69.63,-0.43,0.98,-6.65,7.19
218.01,0,,69.56,7.19,2,-1,69.60,-0.48,0.96,-6.72,7.16
218.10,0,,69.60,7.21,2,-1,69.66,-0.45,0.88,-6.77,7.27
218.22,0,,69.60,7.24,2,-1,69.43,-0.50,0.82,-6.88,7.28
218.31,0,,69.60,7.25,1,0,69.88,-0.60,0.83,-6.97,7.17
218.40,0,,69.62,7.22,0,1,69.34,-0.54,0.97,-6.77,7.09
218.58,0,,69.58,7.16,0,1,69.63,-0.30,1.16,-6.34,7.14
218.67,0,,69.54,7.14,0,1,69.47,-0.26,1.14,-6.32,7.20
218.70,0,,69.52,7.14,1,0,69.55,-0.52,1.04,-6.68,7.04
218.82,0,,69.51,7.09,1,0,69.44,-0.69,1.05,-6.84,6.86
218.91,0,,69.49,7.00,2,-1,69.47,-0.59,0.98,-6.81,7.03
219.00,0,,69.42,7.01,2,-1,69.11,-0.30,0.97,-6.53,7.33
219.18,0,,69.33,7.14,2,-1,69.44,-0.23,1.06,-6.37,7.31
219.21,0,,69.31,7.26,2,-1,69.39,-0.42,0.95,-6.67,7.23
219.30,0,,69.40,7.31,2,-1,69.72,-0.36,0.87,-6.69,7.37
219.42,0,,69.60,7.33,2,-1,70.09,-0.38,0.89,-6.69,7.33
219.51,0,,69.86,7.33,1,0,70.07,-0.52,0.86,-6.86,7.22
219.60,0,,70.05,7.30,0,1,70.12,-0.47,0.84,-6.83,7.29
219.72,0,,70.05,7.27,0,2,69.49,-0.58,0.85,-6.93,7.17
219.81,0,,69.84,7.21,0,2,69.54,-0.67,0.86,-7.01,7.07
219.90,0,,69.65,7.14,0,2,69.76,-0.63,0.84,-6.99,7.13
220.02,0,,69.63,7.10,0,2,69.79,-0.67,0.85,-7.02,7.08
220.17,0,,69.71,7.08,0,1,69.81,-0.67,0.87,-7.00,7.06
220.20,0,,69.77,7.08,0,1,69.68,-0.65,0.82,-7.03,7.13
220.32,0,,69.74,7.10,0,1,69.60,-0.60,0.85,-6.95,7.15
220.41,0,,69.69,7.11,0,1,69.75,-0.63,0.93,-6.90,7.04
220.50,0,,69.72,7.10,4,-2,70.01,-0.60,0.92,-6.88,7.08
220.65,0,,69.82,7.10,2,-1,69.79,-0.47,0.93,-6.74,7.20
220.71,0,,69.86,7.13,0,1,69.80,-0.50,1.00,-6.70,7.10
220.80,0,,69.88,7.13,0,1,70.11,-0.52,1.00,-6.72,7.08
220.92,0,,69.85,7.13,0,1,69.22,-0.44,1.00,-6.64,7.16
221.01,0,,69.72,7.13,0,1,69.93,-0.41,1.05,-6.56,7.14
221.10,0,,69.65,7.14,0,1,69.54,-0.40,1.06,-6.54,7.14
221.22,0,,69.64,7.14,0,1,69.66,-0.40,1.09,-6.51,7.11
221.34,0,,69.59,7.14,0,1,69.37,-0.36,1.11,-6.45,7.13
221.43,0,,69.54,7.13,0,1,69.69,-0.38,1.07,-6.51,7.15
221.52,0,,69.58,7.14,2,-1,69.81,-0.47,0.99,-6.68,7.14
221.67,0,,69.72,7.15,2,-1,70.02,-0.46,0.98,-6.68,7.16
221.70,0,,69.90,7.16,1,0,70.10,-0.40,1.05,-6.55,7.15
221.82,0,,70.00,7.16,1,0,69.77,-0.43,1.05,-6.58,7.12
221.91,0,,69.97,7.15,1,0,69.90,-0.44,1.02,-6.62,7.14
222.00,0,,69.88,7.15,1,0,69.73,-0.37,1.03,-6.54,7.20
222.09,0,,69.80,7.16,0,2,69.70,-0.36,1.07,-6.49,7.17
222.24,0,,69.80,7.17,0,2,70.24,-0.40,1.07,-6.53,7.13
222.30,0,,69.90,7.17,0,1,69.80,-0.35,1.04,-6.51,7.21
222.42,0,,69.95,7.17,0,1,69.89,-0.34,1.10,-6.44,7.16
222.51,0,,69.93,7.18,0,1,69.99,-0.33,1.08,-6.45,7.19
222.60,0,,69.87,7.19,1,0,69.45,-0.27,1.07,-6.40,7.26
222.69,0,,69.74,7.21,1,0,69.68,-0.26,1.18,-6.28,7.16
222.81,0,,69.62,7.21,2,-1,69.56,-0.21,1.18,-6.23,7.21
222.90,0,,69.59,7.21,2,-1,69.68,-0.22,1.19,-6.23,7.19
222.99,0,,69.66,7.19,2,-1,70.06,-0.22,1.28,-6.14,7.10
223.23,0,,69.82,7.17,2,-1,69.89,-0.03,1.32,-5.91,7.25
223.23,0,,69.97,7.19,2,-1,70.25,0.03,1.36,-5.81,7.27
223.32,0,,69.95,7.23,1,0,69.05,0.04,1.43,-5.73,7.21
223.41,0,,69.73,7.25,1,0,69.82,0.18,1.49,-5.53,7.29
223.50,0,,69.55,7.27,1,0,69.36,0.27,1.56,-5.37,7.31
223.65,0,,69.54,7.30,1,0,69.91,0.33,1.58,-5.29,7.35
223.71,0,,69.64,7.34,1,0,69.78,0.40,1.61,-5.19,7.39
223.80,0,,69.76,7.37,1,0,69.78,0.47,1.66,-5.07,7.41
223.92,0,,69.78,7.39,2,-1,69.59,0.35,1.59,-5.26,7.36
224.01,0,,69.73,7.39,2,-1,69.77,0.13,1.39,-5.68,7.34
224.10,0,,69.75,7.41,2,-1,70.05,0.24,1.20,-5.76,7.64
224.22,0,,69.91,7.53,1,0,70.29,0.41,1.15,-5.64,7.86
224.31,0,,70.09,7.68,0,2,70.05,0.12,1.03,-6.05,7.69
224.40,0,,70.27,7.75,0,2,70.99,-0.12,0.80,-6.52,7.68
224.52,0,,70.48,7.74,0,2,70.23,-0.06,0.80,-6.46,7.74
224.67,0,,70.49,7.71,0,2,70.15,-0.09,0.93,-6.36,7.58
224.70,0,,70.33,7.65,0,2,70.17,-0.12,1.01,-6.31,7.47
224.79,0,,70.17,7.55,0,2,69.92,-0.09,1.05,-6.24,7.46
224.91,0,,70.01,7.47,0,2,69.77,-0.09,1.10,-6.19,7.41
225.00,0,,69.85,7.43,0,1,69.74,-0.05,1.13,-6.12,7.42
225.09,0,,69.74,7.43,0,1,69.60,0.02,1.11,-6.07,7.51
225.21,0,,69.65,7.47,4,-2,69.62,0.06,1.12,-6.02,7.54
225.30,0,,69.66,7.50,4,-2,69.99,-0.00,1.15,-6.05,7.45
225.42,0,,69.76,7.50,4,-2,69.81,-0.03,1.16,-6.07,7.41
225.51,0,,69.86,7.47,4,-2,69.91,0.03,1.16,-6.01,7.47
225.60,0,,69.93,7.46,4,-2,70.17,0.09,1.16,-5.95,7.53
225.69,0,,70.02,7.49,2,-1,70.00,0.04,1.16,-6.00,7.48
225.81,0,,69.99,7.49,0,1,69.51,-0.05,1.15,-6.10,7.40
225.90,0,,69.87,7.46,1,0,70.11,0.02,1.16,-6.02,7.46
225.99,0,,69.88,7.45,2,-1,70.05,0.03,1.15,-6.02,7.48
226.17,0,,69.95,7.45,0,1,69.80,-0.08,1.16,-6.12,7.36
226.20,0,,69.98,7.42,0,1,70.25,-0.04,1.18,-6.06,7.38
226.29,0,,69.97,7.41,0,1,69.46,0.08,1.13,-5.99,7.55
226.41,0,,69.89,7.45,1,0,70.13,-0.01,1.17,-6.04,7.42
226.50,0,,69.86,7.45,2,-1,69.77,-0.05,1.24,-6.01,7.31
226.59,0,,69.88,7.41,2,-1,70.03,0.06,1.25,-5.89,7.41
226.71,0,,69.92,7.39,1,0,69.96,0.09,1.24,-5.87,7.45
226.83,0,,69.96,7.42,0,1,69.95,0.05,1.18,-5.97,7.47
226.92,0,,69.90,7.44,0,1,69.46,0.03,1.21,-5.96,7.42
227.01,0,,69.71,7.44,2,-1,69.37,0.09,1.30,-5.81,7.39
227.10,0,,69.58,7.43,2,-1,70.09,0.12,1.28,-5.80,7.44
227.19,0,,69.67,7.42,4,-2,69.72,0.04,1.25,-5.91,7.39
227.31,0,,69.79,7.41,2,-1,69.87,0.08,1.24,-5.88,7.44
227.40,0,,69.86,7.43,2,-1,69.99,0.11,1.22,-5.87,7.49
227.49,0,,69.94,7.45,2,-1,70.10,0.04,1.20,-5.96,7.44
227.67,0,,70.03,7.47,1,0,70.06,0.08,1.19,-5.93,7.49
227.70,0,,70.04,7.47,1,0,69.79,0.09,1.23,-5.88,7.46
227.79,0,,69.95,7.46,0,2,69.79,0.03,1.25,-5.92,7.38
227.91,0,,69.86,7.42,0,2,69.97,-0.01,1.25,-5.96,7.34
228.00,0,,69.87,7.39,0,1,69.94,0.03,1.24,-5.93,7.39
228.09,0,,69.87,7.39,0,1,69.60,0.08,1.21,-5.91,7.47
228.21,0,,69.83,7.41,1,0,70.02,0.02,1.22,-5.96,7.40
228.30,0,,69.89,7.42,1,0,70.27,-0.01,1.24,-5.97,7.35
228.42,0,,70.07,7.41,1,0,70.20,0.09,1.26,-5.85,7.43
228.51,0,,70.15,7.41,1,0,69.89,0.09,1.26,-5.85,7.43
228.60,0,,70.12,7.41,0,1,70.19,0.03,1.26,-5.91,7.37
228.69,0,,70.04,7.40,1,0,69.70,0.09,1.29,-5.82,7.40
228.81,0,,69.94,7.39,1,0,69.95,0.06,1.31,-5.83,7.35
228.90,0,,69.84,7.37,1,0,69.62,-0.00,1.27,-5.93,7.33
229.02,0,,69.79,7.36,1,0,69.98,0.02,1.24,-5.94,7.38
229.17,0,,69.83,7.36,1,0,69.96,0.05,1.27,-5.88,7.38
229.20,0,,69.89,7.38,1,0,69.79,0.09,1.27,-5.84,7.42
229.29,0,,69.89,7.40,1,0,69.88,0.09,1.28,-5.83,7.41
229.41,0,,69.89,7.41,1,0,70.06,0.06,1.28,-5.86,7.38
229.50,0,,69.91,7.39,1,0,69.68,0.02,1.32,-5.86,7.30
229.59,0,,69.88,7.34,1,0,69.92,-0.01,1.34,-5.87,7.25
229.71,0,,69.87,7.30,1,0,70.03,0.03,1.28,-5.89,7.35
229.92,0,,69.90,7.31,1,0,69.77,0.08,1.29,-5.83,7.39
229.92,0,,69.93,7.35,1,0,70.20,0.08,1.30,-5.82,7.38
230.01,0,,69.97,7.38,1,0,69.80,0.01,1.27,-5.92,7.34
230.10,0,,69.88,7.36,1,0,69.35,-0.08,1.26,-6.02,7.26
230.19,0,,69.73,7.31,1,0,70.02,-0.14,1.23,-6.11,7.23
230.31,0,,69.73,7.27,1,0,69.84,-0.16,1.19,-6.17,7.25
230.40,0,,69.87,7.24,1,0,70.34,-0.20,1.18,-6.22,7.22
230.49,0,,70.04,7.23,1,0,69.96,-0.17,1.22,-6.15,7.21
230.67,0,,70.11,7.22,1,0,70.09,-0.09,1.26,-6.03,7.25
230.70,0,,70.07,7.22,1,0,69.83,-0.10,1.33,-5.97,7.17
230.79,0,,69.97,7.21,1,0,69.88,-0.10,1.34,-5.96,7.16
230.94,0,,69.83,7.19,1,0,69.43,-0.02,1.34,-5.88,7.24
231.00,0,,69.69,7.20,1,0,69.76,-0.09,1.34,-5.95,7.17
231.09,0,,69.64,7.19,1,0,69.70,-0.16,1.28,-6.08,7.16
231.21,0,,69.69,7.17,1,0,69.87,-0.16,1.36,-6.00,7.08
231.30,0,,69.83,7.13,1,0,70.28,-0.15,1.39,-5.96,7.06
231.42,0,,70.07,7.10,1,0,70.40,-0.10,1.31,-5.99,7.19
231.51,0,,70.16,7.14,1,0,69.38,-0.05,1.29,-5.96,7.26
231.60,0,,70.00,7.21,1,0,70.06,-0.04,1.29,-5.95,7.27
231.69,0,,69.86,7.25,1,0,69.81,-0.07,1.37,-5.90,7.16
231.81,0,,69.88,7.24,1,0,70.19,-0.07,1.35,-5.92,7.18
231.90,0,,69.95,7.21,1,0,69.84,-0.05,1.34,-5.91,7.21
231.99,0,,69.99,7.20,1,0,70.05,-0.00,1.41,-5.79,7.19
232.17,0,,69.93,7.21,1,0,69.49,0.05,1.35,-5.80,7.30
232.20,0,,69.82,7.23,1,0,69.96,-0.04,1.40,-5.84,7.16
232.29,0,,69.75,7.21,1,0,69.54,-0.02,1.46,-5.76,7.12
232.41,0,,69.74,7.18,1,0,70.04,0.03,1.41,-5.76,7.22
232.50,0,,69.84,7.18,1,0,70.15,-0.01,1.40,-5.81,7.19
232.59,0,,69.99,7.19,1,0,69.95,0.03,1.40,-5.77,7.23
232.71,0,,70.00,7.20,1,0,69.64,0.01,1.48,-5.71,7.13
232.80,0,,69.88,7.18,1,0,69.90,-0.04,1.47,-5.77,7.09
232.92,0,,69.80,7.14,1,0,69.67,-0.02,1.42,-5.80,7.16
233.01,0,,69.75,7.13,1,0,69.75,-0.04,1.46,-5.78,7.10
233.10,0,,69.75,7.13,1,0,69.91,-0.00,1.40,-5.80,7.20
233.19,0,,69.83,7.16,1,0,70.06,-0.00,1.42,-5.78,7.18
233.31,0,,69.92,7.16,2,-1,69.78,-0.04,1.51,-5.73,7.05
233.40,0,,69.88,7.13,1,0,69.60,-0.01,1.50,-5.71,7.09
233.49,0,,69.73,7.10,1,0,69.48,0.01,1.49,-5.70,7.12
233.67,0,,69.63,7.10,2,-1,69.89,-0.01,1.47,-5.74,7.12
233.72,0,,69.68,7.10,2,-1,69.89,-0.06,1.52,-5.74,7.02
233.79,0,,69.85,7.08,1,0,70.24,0.04,1.56,-5.60,7.08
233.91,0,,70.02,7.07,1,0,70.00,0.01,1.52,-5.67,7.09
234.00,0,,70.08,7.07,1,0,69.94,-0.10,1.50,-5.80,7.00
234.09,0,,70.07,7.07,1,0,70.23,0.02,1.51,-5.67,7.11
234.21,0,,70.02,7.06,0,1,69.51,0.01,1.60,-5.59,7.01
234.30,0,,69.91,7.03,0,1,70.10,-0.10,1.64,-5.66,6.86
234.42,0,,69.92,6.98,0,2,70.27,-0.01,1.58,-5.63,7.01
234.51,0,,70.05,6.98,0,1,69.99,0.08,1.57,-5.55,7.11
234.60,0,,70.08,7.03,0,1,69.92,-0.01,1.57,-5.64,7.02
234.69,0,,70.04,7.03,0,1,70.11,-0.11,1.60,-5.71,6.89
234.81,0,,70.00,6.98,1,0,69.82,-0.08,1.64,-5.64,6.88
234.90,0,,69.91,6.92,1,0,69.63,-0.07,1.63,-5.64,6.90
234.99,0,,69.78,6.89,2,-1,69.78,-0.10,1.60,-5.70,6.90
235.17,0,,69.70,6.89,2,-1,69.56,-0.10,1.59,-5.71,6.91
235.20,0,,69.65,6.90,2,-1,69.72,-0.11,1.60,-5.71,6.89
235.29,0,,69.66,6.91,4,-2,69.78,-0.16,1.51,-5.85,6.93
235.41,0,,69.74,6.93,4,-2,69.92,-0.24,1.37,-6.07,6.99
235.50,0,,69.87,6.97,4,-2,70.19,-0.27,1.28,-6.19,7.05
235.59,0,,70.03,7.03,2,-1,70.10,-0.26,1.20,-6.26,7.14
235.71,0,,70.09,7.08,1,0,69.89,-0.36,1.19,-6.37,7.05
235.80,0,,70.04,7.09,0,2,70.00,-0.44,1.15,-6.49,7.01
235.92,0,,70.01,7.07,0,2,70.15,-0.42,1.10,-6.52,7.08
236.01,0,,70.02,7.06,0,2,69.89,-0.45,1.10,-6.55,7.05
236.10,0,,70.02,7.05,0,2,70.13,-0.43,1.15,-6.48,7.02
236.19,0,,70.01,7.04,0,2,69.82,-0.33,1.28,-6.25,6.99
236.31,0,,69.97,7.01,0,1,69.99,-0.32,1.32,-6.20,6.96
236.40,0,,70.03,6.99,1,0,70.63,-0.30,1.28,-6.22,7.02
236.49,0,,70.22,7.01,1,0,70.19,-0.20,1.29,-6.11,7.11
236.67,0,,70.29,7.05,1,0,69.99,-0.20,1.31,-6.09,7.09
236.70,0,,70.15,7.07,1,0,69.83,-0.30,1.37,-6.13,6.93
236.79,0,,70.01,7.04,1,0,70.17,-0.25,1.33,-6.12,7.02
236.91,0,,69.99,7.02,1,0,70.00,-0.25,1.30,-6.15,7.05
237.00,0,,69.99,7.01,1,0,69.88,-0.30,1.33,-6.17,6.97
237.09,0,,69.98,7.01,1,0,70.09,-0.26,1.29,-6.17,7.05
237.21,0,,69.95,7.02,2,-1,69.68,-0.25,1.34,-6.11,7.01
237.30,0,,69.88,7.02,2,-1,69.91,-0.20,1.40,-6.00,7.00
237.42,0,,69.94,7.02,4,-2,70.58,-0.15,1.37,-5.98,7.08
237.51,0,,70.09,7.05,1,0,69.72,-0.18,1.29,-6.09,7.13
237.60,0,,70.06,7.09,0,1,69.77,-0.19,1.30,-6.09,7.11
237.69,0,,69.87,7.11,0,1,69.57,-0.16,1.42,-5.94,7.02
237.84,0,,69.74,7.08,1,0,70.02,-0.19,1.38,-6.01,7.03
237.90,0,,69.77,7.05,2,-1,69.82,-0.22,1.35,-6.07,7.03
237.99,0,,69.82,7.04,2,-1,69.80,-0.15,1.39,-5.96,7.06
238.17,0,,69.80,7.05,2,-1,69.62,-0.20,1.35,-6.05,7.05
238.20,0,,69.82,7.04,2,-1,70.35,-0.28,1.38,-6.10,6.94
238.29,0,,69.93,7.01,2,-1,69.74,-0.21,1.42,-5.99,6.97
238.41,0,,69.99,6.98,2,-1,70.10,-0.19,1.40,-5.99,7.01
238.50,0,,70.01,6.98,0,1,70.06,-0.25,1.37,-6.08,6.98
238.59,0,,69.99,6.99,1,0,69.62,-0.24,1.36,-6.08,7.00
238.71,0,,69.86,7.00,1,0,69.69,-0.19,1.42,-5.97,6.99
238.80,0,,69.74,7.01,2,-1,69.83,-0.15,1.41,-5.94,7.04
238.92,0,,69.79,7.03,2,-1,70.21,-0.14,1.37,-5.97,7.09
239.01,0,,69.97,7.05,2,-1,70.21,-0.16,1.42,-5.94,7.02
239.10,0,,70.10,7.06,2,-1,69.87,-0.09,1.44,-5.85,7.07
239.19,0,,70.09,7.07,1,0,70.14,-0.08,1.41,-5.87,7.11
239.31,0,,70.04,7.08,0,1,69.86,-0.12,1.42,-5.90,7.06
239.40,0,,70.00,7.09,0,1,70.06,-0.05,1.44,-5.81,7.11
239.49,0,,69.99,7.10,0,1,70.04,-0.05,1.43,-5.82,7.12
239.67,0,,70.02,7.11,1,0,70.08,-0.12,1.40,-5.92,7.08
239.70,0,,70.07,7.10,1,0,70.22,-0.16,1.43,-5.93,7.01
239.79,0,,70.14,7.06,1,0,70.16,-0.12,1.47,-5.85,7.01
239.91,0,,70.16,7.03,0,1,70.06,-0.10,1.45,-5.85,7.05
240.00,0,,70.13,7.03,1,0,70.06,-0.13,1.42,-5.91,7.05
240.09,0,,70.07,7.05,0,1,69.97,-0.13,1.39,-5.94,7.08
240.21,0,,70.04,7.06,0,1,70.17,-0.13,1.44,-5.89,7.03
240.30,0,,70.08,7.05,0,1,70.24,-0.14,1.49,-5.85,6.97
240.42,0,,70.16,7.02,0,1,70.23,-0.13,1.46,-5.87,7.01
240.51,0,,70.23,7.02,0,1,70.27,-0.06,1.44,-5.82,7.10
240.60,0,,70.21,7.06,0,1,69.88,-0.01,1.43,-5.78,7.16
240.69,0,,70.04,7.10,0,1,69.58,-0.07,1.52,-5.75,7.01
240.81,0,,69.89,7.09,0,1,70.26,-0.02,1.52,-5.70,7.06
240.90,0,,69.88,7.08,0,1,69.70,0.03,1.48,-5.69,7.15
240.99,0,,69.87,7.09,2,-1,69.84,-0.04,1.55,-5.69,7.01
241.17,0,,69.88,7.07,2,-1,70.21,-0.04,1.52,-5.72,7.04
241.20,0,,69.95,7.06,4,-2,69.80,0.01,1.53,-5.66,7.08
241.32,0,,69.99,7.06,4,-2,70.15,0.02,1.55,-5.63,7.07
241.41,0,,69.94,7.07,2,-1,69.37,-0.00,1.56,-5.64,7.04
241.50,0,,69.86,7.06,2,-1,70.42,0.04,1.64,-5.52,7.00
241.59,0,,69.97,7.06,1,0,70.24,0.22,1.65,-5.33,7.17
241.71,0,,70.13,7.08,1,0,69.94,0.21,1.74,-5.25,7.07
241.80,0,,70.13,7.07,0,1,70.09,0.19,1.91,-5.10,6.88
241.92,0,,70.09,7.03,0,1,70.08,0.48,1.97,-4.75,7.11
242.01,0,,70.04,7.04,0,1,69.84,0.60,2.04,-4.56,7.16
242.10,0,,69.95,7.08,0,1,69.80,0.51,2.11,-4.58,7.00
242.19,0,,69.87,7.08,1,0,69.89,0.52,2.08,-4.60,7.04
242.31,0,,69.84,7.07,1,0,69.86,0.53,1.98,-4.69,7.15
242.40,0,,69.86,7.11,1,0,69.96,0.54,1.89,-4.77,7.25
242.49,0,,69.88,7.21,1,0,69.78,0.77,1.89,-4.54,7.48
242.70,0,,69.81,7.37,4,-2,69.44,1.02,1.99,-4.19,7.63
242.70,0,,69.71,7.51,4,-2,69.99,0.94,2.11,-4.15,7.43
242.79,0,,69.72,7.50,4,-2,69.68,0.63,2.01,-4.56,7.22
242.91,0,,69.78,7.37,2,-1,69.98,0.28,1.80,-5.12,7.08
243.00,0,,69.84,7.19,2,-1,69.83,-0.02,1.57,-5.65,7.01
243.18,0,,69.91,7.04,2,-1,70.08,-0.37,1.34,-6.23,6.89
243.24,0,,69.97,6.91,2,-1,69.99,-0.55,1.39,-6.36,6.66
243.33,0,,70.01,6.78,2,-1,69.97,-0.34,1.54,-6.00,6.72
243.48,0,,69.99,6.73,0,1,69.86,-0.15,1.58,-5.77,6.87
243.51,0,,69.95,6.79,0,1,69.99,-0.01,1.62,-5.59,6.97
243.60,0,,69.84,6.91,0,1,69.21,0.19,1.65,-5.36,7.14
243.72,0,,69.62,7.05,1,0,69.46,0.18,1.64,-5.38,7.14
243.81,0,,69.52,7.13,2,-1,70.09,0.09,1.57,-5.54,7.12
243.90,0,,69.64,7.15,2,-1,69.55,0.04,1.53,-5.63,7.11
244.02,0,,69.65,7.14,4,-2,69.24,-0.00,1.49,-5.71,7.11
244.17,0,,69.49,7.13,4,-2,69.31,0.05,1.46,-5.69,7.19
244.20,0,,69.39,7.15,4,-2,69.73,0.04,1.47,-5.69,7.17
244.32,0,,69.46,7.17,4,-2,69.51,-0.03,1.41,-5.82,7.16
244.41,0,,69.57,7.18,4,-2,69.79,0.06,1.43,-5.71,7.23
244.50,0,,69.67,7.20,2,-1,69.75,0.18,1.57,-5.45,7.21
244.65,0,,69.77,7.22,2,-1,69.95,0.20,1.58,-5.42,7.22
244.71,0,,69.85,7.23,2,-1,69.81,0.19,1.59,-5.42,7.20
244.80,0,,69.90,7.22,0,1,70.02,0.20,1.58,-5.42,7.22
244.92,0,,69.87,7.22,0,2,69.46,0.25,1.59,-5.36,7.26
245.01,0,,69.73,7.22,0,2,69.52,0.25,1.74,-5.21,7.11
245.10,0,,69.57,7.17,0,2,69.46,0.09,1.70,-5.41,6.99
245.25,0,,69.50,7.10,1,0,69.67,0.30,1.76,-5.14,7.14
245.31,0,,69.54,7.10,2,-1,69.67,0.50,1.87,-4.83,7.23
245.40,0,,69.64,7.13,2,-1,69.85,0.17,1.74,-5.29,7.03
245.52,0,,69.68,7.12,1,0,69.30,0.18,1.71,-5.31,7.07
245.67,0,,69.63,7.11,2,-1,69.81,0.35,1.71,-5.14,7.24
245.70,0,,69.68,7.13,2,-1,70.06,0.19,1.69,-5.32,7.10
245.82,0,,69.89,7.16,2,-1,70.29,0.28,1.68,-5.24,7.20
245.94,0,,70.09,7.21,0,1,70.02,0.46,1.61,-5.13,7.45
246.00,0,,70.11,7.32,0,1,69.75,0.40,1.54,-5.26,7.46
246.15,0,,69.98,7.43,0,1,69.89,0.37,1.44,-5.39,7.53
246.21,0,,69.91,7.50,0,2,70.16,0.30,1.41,-5.49,7.49
246.30,0,,69.95,7.51,0,2,69.87,0.16,1.39,-5.65,7.37
246.42,0,,69.98,7.46,0,2,70.08,0.03,1.26,-5.91,7.37
246.51,0,,70.02,7.40,0,1,70.08,-0.07,1.19,-6.08,7.34
246.60,0,,70.05,7.35,0,1,70.03,-0.12,1.17,-6.15,7.31
246.72,0,,70.01,7.32,0,1,69.69,-0.22,1.13,-6.29,7.25
246.81,0,,69.94,7.28,0,1,70.19,-0.33,1.07,-6.46,7.20
246.90,0,,69.89,7.23,2,-1,69.40,-0.37,1.02,-6.55,7.21
247.02,0,,69.76,7.19,2,-1,69.71,-0.48,1.04,-6.64,7.08
247.17,0,,69.67,7.13,2,-1,69.81,-0.55,1.10,-6.65,6.95
247.20,0,,69.68,7.03,4,-2,69.57,-0.56,1.14,-6.62,6.90
247.32,0,,69.64,6.94,4,-2,69.50,-0.48,1.21,-6.47,6.91
247.41,0,,69.55,6.91,4,-2,69.38,-0.28,1.39,-6.09,6.93
247.50,0,,69.47,6.92,4,-2,69.54,-0.01,1.56,-5.65,7.03
247.68,0,,69.52,7.00,4,-2,69.92,0.28,1.68,-5.24,7.20
247.71,0,,69.65,7.09,4,-2,69.59,0.13,1.67,-5.40,7.06
247.80,0,,69.74,7.10,1,0,69.94,-0.18,1.49,-5.89,6.93
247.92,0,,69.82,7.09,2,-1,69.85,0.31,1.57,-5.32,7.34
248.01,0,,69.84,7.20,2,-1,69.64,0.76,1.79,-4.65,7.57
248.16,0,,69.72,7.36,0,1,69.32,0.39,1.73,-5.08,7.26
248.22,0,,69.59,7.37,0,1,69.84,0.03,1.59,-5.58,7.04
248.31,0,,69.58,7.26,0,1,69.55,0.27,1.62,-5.31,7.25
248.40,0,,69.61,7.21,1,0,69.64,0.35,1.61,-5.24,7.34
248.52,0,,69.70,7.25,1,0,70.25,0.02,1.32,-5.86,7.30
248.67,0,,69.89,7.34,1,0,69.94,0.17,1.17,-5.86,7.60
248.70,0,,70.03,7.46,0,1,70.11,0.16,1.22,-5.82,7.54
248.82,0,,70.13,7.53,0,1,70.39,-0.04,1.13,-6.11,7.43
248.91,0,,70.18,7.52,0,2,69.84,-0.00,1.08,-6.12,7.52
249.03,0,,70.11,7.51,0,2,70.00,-0.04,1.05,-6.19,7.51
249.15,0,,70.05,7.53,0,2,70.27,0.09,0.99,-6.12,7.70
249.21,0,,70.05,7.59,0,2,69.85,0.08,1.07,-6.05,7.61
249.30,0,,70.03,7.61,0,1,70.07,-0.00,1.15,-6.05,7.45
249.42,0,,70.00,7.57,0,1,69.95,0.07,1.13,-6.00,7.54
249.51,0,,69.99,7.53,0,1,69.98,0.05,1.14,-6.01,7.51
249.60,0,,69.99,7.52,0,1,70.14,0.08,1.10,-6.02,7.58
249.72,0,,70.01,7.55,0,1,69.80,0.11,1.11,-5.98,7.60
249.84,0,,69.98,7.58,2,-1,70.09,0.10,1.16,-5.94,7.54
249.90,0,,69.99,7.58,2,-1,70.00,0.13,1.17,-5.90,7.56
250.02,0,,69.95,7.56,2,-1,69.60,0.06,1.17,-5.97,7.49
250.20,0,,69.86,7.54,2,-1,70.02,0.04,1.10,-6.06,7.54
250.20,0,,69.85,7.53,2,-1,69.93,0.10,1.14,-5.96,7.56
250.32,0,,69.91,7.53,2,-1,70.01,0.07,1.25,-5.88,7.42
250.41,0,,69.95,7.49,0,1,69.83,0.05,1.24,-5.91,7.41
250.50,0,,69.88,7.45,0,1,69.54,0.12,1.25,-5.83,7.47
250.65,0,,69.73,7.45,0,1,69.60,0.15,1.26,-5.79,7.49
250.71,0,,69.71,7.47,2,-1,70.39,0.13,1.25,-5.82,7.48
250.80,0,,69.90,7.48,2,-1,69.92,0.16,1.27,-5.77,7.49
250.92,0,,69.97,7.49,2,-1,69.55,0.19,1.30,-5.71,7.49
251.01,0,,69.84,7.50,2,-1,69.67,0.20,1.29,-5.71,7.51
251.10,0,,69.74,7.51,2,-1,69.97,0.18,1.23,-5.79,7.55
251.22,0,,69.76,7.52,2,-1,69.74,0.12,1.28,-5.80,7.44
251.31,0,,69.84,7.50,2,-1,70.09,0.19,1.31,-5.70,7.48
251.40,0,,69.94,7.50,2,-1,70.04,0.25,1.29,-5.66,7.56
251.49,0,,70.03,7.51,2,-1,70.07,0.18,1.29,-5.73,7.49
251.61,0,,70.09,7.52,0,1,70.22,0.21,1.31,-5.68,7.50
251.70,0,,70.12,7.51,0,1,69.94,0.30,1.38,-5.52,7.52
251.79,0,,70.06,7.51,0,1,69.87,0.32,1.39,-5.49,7.53
251.91,0,,69.99,7.52,0,2,70.15,0.31,1.37,-5.52,7.54
252.00,0,,69.99,7.53,0,1,69.97,0.28,1.40,-5.52,7.48
252.09,0,,70.04,7.52,0,1,70.28,0.32,1.41,-5.47,7.51
252.21,0,,70.11,7.51,0,1,70.05,0.32,1.43,-5.45,7.49
252.30,0,,70.05,7.50,1,0,69.45,0.32,1.42,-5.46,7.50
252.42,0,,69.89,7.50,1,0,70.13,0.37,1.45,-5.38,7.52
252.51,0,,69.86,7.51,2,-1,69.96,0.37,1.43,-5.40,7.54
252.60,0,,69.94,7.53,2,-1,70.10,0.32,1.34,-5.54,7.58
252.72,0,,69.93,7.55,2,-1,69.33,0.30,1.44,-5.46,7.46
252.81,0,,69.78,7.52,2,-1,69.87,0.33,1.49,-5.38,7.44
252.90,0,,69.74,7.48,2,-1,70.00,0.30,1.43,-5.47,7.47
252.99,0,,69.86,7.46,4,-2,70.13,0.29,1.42,-5.49,7.47
253.11,0,,70.04,7.47,2,-1,70.23,0.35,1.43,-5.42,7.52
253.26,0,,70.13,7.47,1,0,69.88,0.27,1.51,-5.42,7.36
253.29,0,,70.15,7.43,1,0,70.51,0.20,1.50,-5.50,7.30
253.41,0,,70.20,7.37,0,2,70.05,0.25,1.47,-5.48,7.38
253.50,0,,70.12,7.35,0,2,69.45,0.28,1.51,-5.41,7.37
253.59,0,,69.87,7.36,0,1,69.80,0.27,1.49,-5.44,7.38
253.71,0,,69.75,7.37,1,0,69.99,0.24,1.51,-5.45,7.33
253.80,0,,69.82,7.37,1,0,70.01,0.32,1.51,-5.37,7.41
253.92,0,,69.90,7.39,2,-1,69.76,0.38,1.50,-5.32,7.48
254.01,0,,69.90,7.43,2,-1,69.94,0.30,1.51,-5.39,7.39
254.10,0,,69.88,7.44,2,-1,69.79,0.32,1.45,-5.43,7.47
254.19,0,,69.89,7.45,4,-2,70.14,0.35,1.48,-5.37,7.47
254.31,0,,69.94,7.45,2,-1,69.85,0.30,1.54,-5.36,7.36
254.43,0,,69.91,7.41,2,-1,69.58,0.24,1.52,-5.44,7.32
254.52,0,,69.81,7.37,2,-1,69.91,0.27,1.50,-5.43,7.37
254.61,0,,69.82,7.38,1,0,70.16,0.38,1.45,-5.37,7.53
254.71,0,,69.93,7.41,1,0,69.86,0.26,1.52,-5.42,7.34
254.80,0,,69.99,7.40,1,0,70.03,0.17,1.58,-5.45,7.19
254.91,0,,70.01,7.33,0,1,70.10,0.27,1.51,-5.42,7.36
255.00,0,,70.06,7.33,0,1,70.13,0.38,1.47,-5.35,7.51
255.09,0,,70.09,7.38,0,1,70.04,0.30,1.54,-5.36,7.36
255.21,0,,70.03,7.38,0,1,69.60,0.15,1.61,-5.44,7.14
255.30,0,,69.83,7.29,0,1,69.54,0.24,1.60,-5.36,7.24
255.42,0,,69.68,7.24,1,0,69.88,0.28,1.58,-5.34,7.30
255.51,0,,69.74,7.24,1,0,70.22,0.20,1.57,-5.43,7.23
255.60,0,,69.92,7.26,1,0,69.89,0.28,1.58,-5.34,7.30
255.72,0,,69.99,7.28,1,0,69.84,0.32,1.59,-5.29,7.33
255.84,0,,69.85,7.30,1,0,69.19,0.23,1.61,-5.36,7.22
255.93,0,,69.64,7.27,2,-1,69.88,0.18,1.64,-5.38,7.14
255.99,0,,69.61,7.22,4,-2,69.83,0.23,1.58,-5.39,7.25
256.11,0,,69.78,7.22,2,-1,70.24,0.26,1.56,-5.38,7.30
256.20,0,,69.94,7.24,2,-1,69.68,0.20,1.61,-5.39,7.19
256.29,0,,69.96,7.24,2,-1,69.99,0.20,1.62,-5.38,7.18
256.41,0,,69.94,7.22,1,0,69.96,0.24,1.61,-5.35,7.23
256.50,0,,69.91,7.21,1,0,69.70,0.16,1.59,-5.45,7.17
256.59,0,,69.78,7.19,1,0,69.36,0.10,1.56,-5.54,7.14
256.71,0,,69.66,7.17,1,0,70.04,0.17,1.62,-5.41,7.15
256.80,0,,69.72,7.16,1,0,69.86,0.29,1.65,-5.26,7.24
256.98,0,,69.86,7.19,1,0,70.06,0.25,1.63,-5.32,7.22
257.01,0,,69.95,7.20,1,0,69.87,0.15,1.67,-5.38,7.08
257.10,0,,69.98,7.16,1,0,70.05,0.17,1.70,-5.33,7.07
257.19,0,,70.00,7.12,1,0,70.07,0.28,1.67,-5.25,7.21
257.31,0,,69.99,7.15,1,0,69.65,0.27,1.64,-5.29,7.23
257.40,0,,69.91,7.19,1,0,70.04,0.19,1.65,-5.36,7.14
257.49,0,,69.90,7.18,0,1,69.99,0.22,1.70,-5.28,7.12
257.61,0,,69.94,7.15,0,1,69.95,0.18,1.68,-5.34,7.10
257.70,0,,69.92,7.13,1,0,69.64,0.17,1.64,-5.39,7.13
257.79,0,,69.83,7.12,1,0,69.79,0.23,1.69,-5.28,7.14
257.94,0,,69.79,7.14,1,0,69.96,0.26,1.66,-5.28,7.20
258.00,0,,69.85,7.17,1,0,70.00,0.25,1.65,-5.30,7.20
258.09,0,,69.91,7.18,1,0,69.77,0.18,1.75,-5.27,7.03
258.24,0,,69.92,7.15,1,0,70.09,0.33,1.71,-5.16,7.22
258.33,0,,69.96,7.18,1,0,69.97,0.41,1.66,-5.13,7.35
258.42,0,,69.95,7.23,1,0,69.67,0.30,1.72,-5.18,7.18
258.51,0,,69.91,7.24,1,0,70.24,0.26,1.74,-5.20,7.12
258.60,0,,69.92,7.18,1,0,69.65,0.23,1.74,-5.23,7.09
258.69,0,,69.88,7.13,1,0,69.81,0.28,1.73,-5.19,7.15
258.81,0,,69.83,7.12,1,0,69.95,0.28,1.72,-5.20,7.16
258.90,0,,69.82,7.14,1,0,69.63,0.28,1.73,-5.19,7.15
258.99,0,,69.83,7.15,1,0,70.15,0.34,1.77,-5.09,7.17
259.11,0,,69.86,7.16,1,0,69.63,0.27,1.78,-5.15,7.09
259.20,0,,69.83,7.15,1,0,69.72,0.33,1.74,-5.13,7.19
259.29,0,,69.81,7.17,1,0,70.17,0.40,1.75,-5.05,7.25
259.41,0,,69.87,7.20,1,0,69.66,0.38,1.77,-5.05,7.21
259.50,0,,69.84,7.22,1,0,69.64,0.33,1.75,-5.12,7.18
259.59,0,,69.80,7.19,1,0,70.18,0.26,1.82,-5.12,7.04
259.71,0,,69.86,7.15,1,0,69.73,0.41,1.81,-4.98,7.20
259.83,0,,69.88,7.16,1,0,69.86,0.48,1.78,-4.94,7.30
259.92,0,,69.86,7.19,1,0,69.85,0.31,1.86,-5.03,7.05
260.01,0,,69.86,7.17,1,0,69.97,0.32,1.84,-5.04,7.08
260.10,0,,69.93,7.12,1,0,70.15,0.32,1.82,-5.06,7.10
260.19,0,,69.96,7.08,1,0,69.52,0.30,1.88,-5.02,7.02
260.31,0,,69.86,7.06,1,0,69.83,0.34,1.84,-5.02,7.10
260.40,0,,69.79,7.07,1,0,69.90,0.32,1.78,-5.10,7.14
260.52,0,,69.78,7.10,1,0,69.64,0.29,1.83,-5.08,7.06
260.67,0,,69.78,7.09,1,0,69.94,0.28,1.83,-5.09,7.05
260.70,0,,69.82,7.09,1,0,69.92,0.33,1.79,-5.08,7.14
260.85,0,,69.90,7.10,1,0,70.08,0.34,1.83,-5.03,7.11
260.91,0,,69.98,7.11,1,0,69.92,0.33,1.85,-5.02,7.08
261.00,0,,70.00,7.11,1,0,69.99,0.28,1.79,-5.13,7.09
261.09,0,,70.04,7.10,1,0,70.38,0.25,1.77,-5.18,7.08
261.24,0,,70.13,7.09,0,1,69.99,0.32,1.83,-5.05,7.09
261.33,0,,70.13,7.07,0,1,69.99,0.26,1.89,-5.05,6.97
261.42,0,,70.09,7.03,0,2,70.23,0.22,1.88,-5.10,6.94
261.51,0,,70.10,6.99,0,2,70.11,0.35,1.86,-4.99,7.09
261.60,0,,70.11,7.03,0,1,69.96,0.40,1.84,-4.96,7.16
261.72,0,,70.11,7.10,0,1,70.43,0.36,1.84,-5.00,7.12
261.84,0,,70.19,7.13,0,1,70.21,0.36,1.90,-4.94,7.06
261.90,0,,70.19,7.10,0,1,69.76,0.34,1.95,-4.91,6.99
262.02,0,,70.00,7.05,0,1,69.57,0.38,1.95,-4.87,7.03
262.11,0,,69.77,7.04,2,-1,69.71,0.43,1.89,-4.88,7.14
262.20,0,,69.72,7.07,4,-2,70.19,0.35,1.88,-4.97,7.07
262.29,0,,69.87,7.08,4,-2,70.06,0.34,1.93,-4.93,7.01
262.41,0,,70.02,7.07,2,-1,69.98,0.37,1.91,-4.92,7.06
262.53,0,,70.00,7.05,2,-1,69.59,0.33,1.90,-4.97,7.03
262.59,0,,69.86,7.04,2,-1,69.80,0.37,1.94,-4.89,7.03
262.71,0,,69.80,7.04,2,-1,70.07,0.40,1.93,-4.87,7.07
262.80,0,,69.88,7.05,2,-1,70.02,0.38,1.90,-4.92,7.08
262.92,0,,69.99,7.06,1,0,70.04,0.36,1.97,-4.87,6.99
263.01,0,,70.04,7.05,1,0,70.04,0.44,1.97,-4.79,7.07
263.10,0,,70.09,7.07,0,1,70.36,0.53,1.92,-4.75,7.21
263.19,0,,70.20,7.12,0,1,70.33,0.47,1.95,-4.78,7.12
263.34,0,,70.26,7.15,0,1,69.99,0.44,1.93,-4.83,7.11
263.40,0,,70.13,7.14,0,2,69.63,0.45,1.96,-4.79,7.09
263.49,0,,69.90,7.11,0,2,69.74,0.49,2.00,-4.71,7.09
263.61,0,,69.77,7.09,1,0,70.02,0.42,1.97,-4.81,7.05
263.70,0,,69.76,7.06,1,0,69.45,0.31,1.98,-4.91,6.93
263.82,0,,69.71,7.01,1,0,69.76,0.40,2.01,-4.79,6.99
263.91,0,,69.67,6.99,4,-2,69.67,0.44,1.98,-4.78,7.06
264.00,0,,69.75,7.02,4,-2,70.25,0.42,1.91,-4.87,7.11
264.15,0,,69.87,7.08,4,-2,69.58,0.47,1.92,-4.81,7.15
264.21,0,,69.87,7.12,4,-2,69.78,0.48,2.01,-4.71,7.07
264.30,0,,69.83,7.13,2,-1,70.07,0.49,1.97,-4.74,7.12
264.42,0,,69.87,7.12,1,0,69.77,0.45,1.96,-4.79,7.09
264.51,0,,69.87,7.10,1,0,69.76,0.48,2.04,-4.68,7.04
264.60,0,,69.82,7.09,2,-1,69.81,0.54,2.02,-4.64,7.12
264.72,0,,69.71,7.07,2,-1,69.21,0.41,2.03,-4.76,6.98
264.81,0,,69.59,7.04,1,0,69.92,0.36,2.03,-4.81,6.93
264.90,0,,69.65,7.00,1,0,70.04,0.44,1.98,-4.78,7.06
265.02,0,,69.76,7.00,2,-1,69.31,0.43,2.02,-4.75,7.01
265.11,0,,69.73,7.01,2,-1,69.93,0.43,2.04,-4.73,6.99
265.20,0,,69.76,7.02,2,-1,70.01,0.50,2.02,-4.68,7.08
265.32,0,,69.92,7.04,1,0,70.29,0.53,2.06,-4.61,7.07
265.44,0,,70.08,7.06,2,-1,69.98,0.50,2.08,-4.62,7.02
265.59,0,,70.10,7.05,2,-1,69.85,0.46,2.08,-4.66,6.98
265.65,0,,69.98,7.03,0,2,69.76,0.50,2.06,-4.64,7.04
265.71,0,,69.90,7.03,0,1,70.24,0.58,2.07,-4.55,7.11
265.80,0,,69.94,7.06,0,1,69.81,0.55,2.07,-4.58,7.08
265.92,0,,69.92,7.08,0,1,69.68,0.49,2.05,-4.66,7.04
266.01,0,,69.79,7.07,0,1,69.56,0.51,2.08,-4.61,7.03
266.10,0,,69.62,7.05,1,0,69.38,0.51,2.08,-4.61,7.03
266.22,0,,69.59,7.04,4,-2,70.30,0.49,2.07,-4.64,7.02
266.31,0,,69.79,7.04,4,-2,69.98,0.50,2.01,-4.69,7.09
266.40,0,,70.00,7.06,2,-1,70.06,0.50,2.02,-4.68,7.08
266.52,0,,69.99,7.07,1,0,69.46,0.53,2.08,-4.59,7.05
266.61,0,,69.85,7.07,1,0,69.88,0.49,2.04,-4.67,7.05
266.70,0,,69.78,7.06,1,0,69.96,0.46,2.07,-4.67,6.99
266.82,0,,69.81,7.04,1,0,69.70,0.53,2.09,-4.58,7.04
266.94,0,,69.83,7.03,1,0,69.98,0.51,2.06,-4.63,7.05
267.00,0,,69.84,7.03,1,0,69.71,0.42,2.06,-4.72,6.96
267.15,0,,69.78,7.00,1,0,69.47,0.41,2.07,-4.72,6.94
267.21,0,,69.65,6.96,1,0,69.61,0.36,2.11,-4.73,6.85
267.30,0,,69.63,6.91,1,0,70.05,0.35,2.10,-4.75,6.85
267.42,0,,69.75,6.88,2,-1,69.75,0.42,2.08,-4.70,6.94
267.51,0,,69.79,6.90,2,-1,69.52,0.43,2.07,-4.70,6.96
267.60,0,,69.71,6.94,2,-1,69.69,0.48,2.02,-4.70,7.06
267.75,0,,69.70,6.99,1,0,70.00,0.42,2.06,-4.72,6.96
267.81,0,,69.84,6.99,1,0,70.20,0.35,2.08,-4.77,6.87
267.90,0,,69.96,6.95,2,-1,69.60,0.40,2.10,-4.70,6.90
268.02,0,,69.95,6.91,1,0,70.06,0.40,2.13,-4.67,6.87
268.11,0,,69.90,6.90,1,0,69.77,0.45,2.09,-4.66,6.96
268.20,0,,69.87,6.92,0,1,69.84,0.52,2.13,-4.55,6.99
268.32,0,,69.82,6.96,0,1,69.69,0.52,2.16,-4.52,6.96
268.41,0,,69.79,6.98,0,1,69.92,0.53,2.12,-4.55,7.01
268.50,0,,69.84,7.01,1,0,70.11,0.55,2.10,-4.55,7.05
268.65,0,,69.92,7.03,1,0,69.71,0.55,2.11,-4.54,7.04
268.71,0,,69.88,7.03,1,0,69.64,0.51,2.20,-4.49,6.91
268.80,0,,69.76,6.98,1,0,69.74,0.50,2.23,-4.47,6.87
268.92,0,,69.73,6.92,1,0,69.90,0.49,2.22,-4.49,6.87
269.01,0,,69.75,6.89,2,-1,69.57,0.55,2.22,-4.43,6.93
269.10,0,,69.75,6.90,2,-1,69.91,0.57,2.19,-4.44,6.98
269.22,0,,69.74,6.93,2,-1,69.55,0.49,2.19,-4.52,6.90
269.31,0,,69.78,6.95,1,0,70.29,0.53,2.15,-4.52,6.98
269.40,0,,69.89,6.96,1,0,69.73,0.54,2.13,-4.53,7.01
269.52,0,,69.97,6.99,1,0,70.14,0.51,2.12,-4.57,6.99
269.61,0,,70.02,7.01,1,0,70.13,0.52,2.07,-4.61,7.05
269.70,0,,70.10,7.02,0,2,70.13,0.48,2.10,-4.62,6.98
269.82,0,,70.13,7.02,0,2,70.09,0.51,2.11,-4.58,7.00
269.91,0,,70.08,7.00,0,2,69.76,0.47,2.10,-4.63,6.97
270.00,0,,69.90,6.97,0,2,69.42,0.39,2.14,-4.67,6.85
270.15,0,,69.63,6.94,0,1,69.35,0.48,2.11,-4.61,6.97
270.27,0,,69.46,6.93,1,0,69.68,0.49,2.11,-4.60,6.98
270.30,0,,69.49,6.95,4,-2,69.75,0.45,2.12,-4.63,6.93
270.42,0,,69.63,6.95,4,-2,69.73,0.47,2.14,-4.59,6.93
270.51,0,,69.74,6.95,4,-2,69.85,0.54,2.19,-4.47,6.95
270.60,0,,69.88,6.97,4,-2,70.39,0.61,2.12,-4.47,7.09
270.72,0,,70.08,7.01,2,-1,70.07,0.52,2.12,-4.56,7.00
270.81,0,,70.10,7.02,1,0,69.55,0.53,2.21,-4.46,6.92
270.90,0,,69.94,6.99,0,1,69.94,0.56,2.21,-4.43,6.95
271.02,0,,69.82,6.95,0,1,69.74,0.48,2.21,-4.51,6.87
271.17,0,,69.82,6.92,0,2,70.13,0.52,2.15,-4.53,6.97
271.20,0,,69.87,6.93,0,1,69.63,0.53,2.13,-4.54,7.00
271.32,0,,69.90,6.96,0,1,70.23,0.50,2.19,-4.51,6.91
271.41,0,,69.98,6.97,1,0,70.06,0.56,2.13,-4.51,7.03
271.50,0,,70.10,6.99,1,0,70.29,0.54,2.11,-4.55,7.03
271.65,0,,70.13,7.01,1,0,69.80,0.54,2.17,-4.49,6.97
271.71,0,,70.00,7.01,0,1,69.55,0.59,2.22,-4.39,6.97
271.80,0,,69.81,6.98,1,0,69.90,0.51,2.24,-4.45,6.87
271.92,0,,69.74,6.93,1,0,69.78,0.48,2.23,-4.49,6.85
272.01,0,,69.78,6.90,2,-1,69.90,0.61,2.19,-4.40,7.02
272.10,0,,69.90,6.94,2,-1,70.36,0.61,2.18,-4.41,7.03
272.25,0,,70.06,6.97,2,-1,69.99,0.56,2.29,-4.35,6.87
272.31,0,,70.11,6.96,1,0,69.93,0.60,2.31,-4.29,6.89
272.40,0,,70.09,6.93,1,0,70.34,0.66,2.24,-4.30,7.02
272.52,0,,70.10,6.96,1,0,69.85,0.66,2.23,-4.31,7.03
272.61,0,,70.02,7.00,0,1,69.76,0.56,2.21,-4.43,6.95
272.70,0,,69.94,6.99,0,1,70.26,0.56,2.26,-4.38,6.90
272.82,0,,69.95,6.96,0,1,69.72,0.66,2.24,-4.30,7.02
272.91,0,,69.97,6.96,0,1,70.21,0.56,2.20,-4.44,6.96
273.00,0,,70.02,6.97,1,0,70.12,0.55,2.23,-4.42,6.92
273.15,0,,70.04,6.97,1,0,69.65,0.62,2.18,-4.40,7.04
273.21,0,,69.90,6.97,1,0,69.63,0.49,2.20,-4.51,6.89
273.30,0,,69.72,6.95,1,0,69.61,0.49,2.24,-4.47,6.85
273.45,0,,69.61,6.90,4,-2,69.59,0.55,2.23,-4.42,6.92
273.51,0,,69.58,6.89,4,-2,69.60,0.55,2.22,-4.43,6.93
273.60,0,,69.62,6.91,4,-2,69.92,0.54,2.18,-4.48,6.96
273.72,0,,69.69,6.93,4,-2,69.46,0.50,2.21,-4.49,6.89
273.81,0,,69.67,6.93,4,-2,69.67,0.54,2.24,-4.42,6.90
273.90,0,,69.69,6.92,4,-2,70.07,0.59,2.24,-4.37,6.95
274.02,0,,69.78,6.93,2,-1,69.59,0.61,2.25,-4.34,6.96
274.20,0,,69.82,6.96,2,-1,69.97,0.63,2.22,-4.35,7.01
274.20,0,,69.83,6.99,0,1,69.79,0.62,2.24,-4.34,6.98
274.32,0,,69.82,7.00,0,1,69.62,0.62,2.24,-4.34,6.98
274.41,0,,69.75,7.00,0,1,69.78,0.58,2.18,-4.44,7.00
274.50,0,,69.81,7.00,0,1,70.44,0.56,2.18,-4.46,6.98
274.65,0,,69.97,7.00,0,1,69.67,0.64,2.20,-4.36,7.04
274.71,0,,70.04,7.01,0,1,70.27,0.58,2.21,-4.41,6.97
274.80,0,,69.98,6.99,0,1,69.39,0.50,2.24,-4.46,6.86
274.92,0,,69.85,6.94,0,1,70.00,0.57,2.25,-4.38,6.92
275.01,0,,69.70,6.92,2,-1,69.08,0.61,2.21,-4.38,7.00
275.10,0,,69.55,6.95,2,-1,69.81,0.57,2.22,-4.41,6.95
275.22,0,,69.51,6.95,2,-1,69.51,0.56,2.28,-4.36,6.88
275.31,0,,69.55,6.94,4,-2,69.63,0.64,2.26,-4.30,6.98
275.40,0,,69.67,6.96,4,-2,70.25,0.73,2.24,-4.23,7.09
275.52,0,,69.91,7.02,4,-2,70.13,0.69,2.26,-4.25,7.03
275.61,0,,70.13,7.04,1,0,70.31,0.61,2.23,-4.36,6.98
275.71,0,,70.21,7.03,0,1,69.95,0.62,2.25,-4.33,6.97
275.82,0,,70.16,6.98,0,1,70.07,0.57,2.30,-4.33,6.87
275.94,0,,70.15,6.93,0,2,70.55,0.52,2.23,-4.45,6.89
276.00,0,,70.16,6.91,0,2,69.54,0.59,2.18,-4.43,7.01
276.18,0,,69.99,6.94,0,2,69.71,0.62,2.22,-4.36,7.00
276.24,0,,69.82,6.98,0,2,70.07,0.60,2.22,-4.38,6.98
276.30,0,,69.83,6.99,1,0,69.83,0.55,2.20,-4.45,6.95
276.42,0,,69.88,6.98,1,0,69.95,0.56,2.23,-4.41,6.93
276.51,0,,69.92,6.98,1,0,70.00,0.68,2.19,-4.33,7.09
276.60,0,,69.92,7.02,1,0,69.64,0.68,2.16,-4.36,7.12
276.72,0,,69.87,7.06,4,-2,70.01,0.60,2.25,-4.35,6.95
276.81,0,,69.91,7.04,2,-1,70.23,0.69,2.26,-4.25,7.03
276.90,0,,69.96,7.03,2,-1,69.47,0.71,2.24,-4.25,7.07
277.02,0,,69.89,7.02,1,0,70.00,0.61,2.28,-4.31,6.93
277.11,0,,69.84,7.01,0,1,69.86,0.67,2.22,-4.31,7.05
277.23,0,,69.86,7.02,1,0,69.87,0.71,2.24,-4.25,7.07
277.32,0,,69.86,7.03,2,-1,69.84,0.63,2.30,-4.27,6.93
277.41,0,,69.82,7.00,2,-1,69.57,0.58,2.28,-4.34,6.90
277.50,0,,69.75,6.95,1,0,69.85,0.61,2.24,-4.35,6.97
277.65,0,,69.78,6.97,1,0,70.07,0.74,2.18,-4.28,7.16
277.71,0,,69.95,7.04,2,-1,70.41,0.71,2.21,-4.28,7.10
277.80,0,,70.17,7.09,0,1,70.20,0.63,2.23,-4.34,7.00
277.92,0,,70.24,7.08,0,2,69.96,0.67,2.21,-4.32,7.06
278.01,0,,70.07,7.07,0,2,69.40,0.67,2.19,-4.34,7.08
278.10,0,,69.89,7.07,0,1,70.47,0.68,2.17,-4.35,7.11
278.22,0,,69.97,7.09,1,0,70.20,0.72,2.25,-4.23,7.07
278.31,0,,70.10,7.09,0,1,69.86,0.76,2.30,-4.14,7.06
278.40,0,,70.07,7.09,0,1,69.98,0.77,2.28,-4.15,7.09
278.52,0,,70.02,7.08,0,1,70.08,0.73,2.30,-4.17,7.03
278.61,0,,69.97,7.06,1,0,69.69,0.74,2.28,-4.18,7.06
278.70,0,,69.86,7.05,1,0,69.69,0.75,2.30,-4.15,7.05
278.82,0,,69.72,7.05,2,-1,69.50,0.73,2.31,-4.16,7.02
278.91,0,,69.63,7.05,2,-1,69.86,0.70,2.22,-4.28,7.08
279.00,0,,69.67,7.07,4,-2,69.77,0.71,2.19,-4.30,7.12
279.15,0,,69.78,7.11,4,-2,70.05,0.81,2.21,-4.18,7.20
279.21,0,,69.91,7.14,4,-2,69.98,0.75,2.26,-4.19,7.09
279.30,0,,70.03,7.13,2,-1,70.30,0.68,2.26,-4.26,7.02
279.45,0,,70.11,7.10,1,0,69.92,0.77,2.22,-4.21,7.15
279.51,0,,70.03,7.11,1,0,69.51,0.82,2.25,-4.13,7.17
279.60,0,,69.82,7.13,0,2,69.74,0.74,2.27,-4.19,7.07
279.72,0,,69.72,7.12,0,1,69.99,0.72,2.26,-4.22,7.06
279.81,0,,69.79,7.11,0,1,69.92,0.85,2.28,-4.07,7.17
279.90,0,,69.85,7.13,2,-1,69.61,0.88,2.29,-4.03,7.19
280.02,0,,69.83,7.16,2,-1,70.00,0.83,2.27,-4.10,7.16
280.11,0,,69.76,7.19,2,-1,69.25,0.89,2.23,-4.08,7.26
280.26,0,,69.66,7.22,2,-1,69.91,0.89,2.29,-4.02,7.20
280.32,0,,69.71,7.22,2,-1,70.16,0.87,2.30,-4.03,7.17
280.41,0,,69.80,7.22,1,0,69.16,0.89,2.22,-4.09,7.27
280.50,0,,69.71,7.23,2,-1,69.86,0.88,2.23,-4.09,7.25
280.65,0,,69.62,7.25,2,-1,69.42,0.89,2.26,-4.05,7.23
280.74,0,,69.60,7.23,2,-1,69.81,0.83,2.29,-4.08,7.14
280.80,0,,69.71,7.20,2,-1,70.24,0.84,2.27,-4.09,7.17
280.92,0,,69.89,7.18,2,-1,69.70,0.88,2.23,-4.09,7.25
281.01,0,,69.89,7.20,2,-1,69.55,0.88,2.27,-4.05,7.21
281.10,0,,69.76,7.23,0,1,69.76,0.94,2.25,-4.01,7.29
281.25,0,,69.72,7.25,0,1,69.99,0.89,2.27,-4.04,7.22
281.31,0,,69.78,7.24,1,0,69.68,0.87,2.33,-4.00,7.14
281.40,0,,69.83,7.22,0,1,70.04,1.02,2.28,-3.90,7.34
281.52,0,,69.89,7.26,1,0,69.92,1.04,2.23,-3.93,7.41
281.61,0,,69.98,7.34,1,0,70.27,0.97,2.21,-4.02,7.36
281.70,0,,70.09,7.37,0,1,70.14,0.94,2.28,-3.98,7.26
281.85,0,,70.11,7.33,0,1,69.69,0.94,2.30,-3.96,7.24
281.91,0,,69.99,7.29,0,2,69.99,0.95,2.24,-4.01,7.31
282.00,0,,69.91,7.28,0,1,69.91,0.93,2.23,-4.04,7.30
282.18,0,,69.92,7.29,0,1,70.09,0.96,2.24,-4.00,7.32
282.21,0,,69.98,7.31,0,1,70.03,0.98,2.27,-3.95,7.31
282.30,0,,69.98,7.32,0,1,69.67,0.94,2.27,-3.99,7.27
282.42,0,,69.85,7.31,0,1,69.55,0.95,2.25,-4.00,7.30
282.54,0,,69.72,7.31,2,-1,69.86,1.03,2.27,-3.90,7.36
282.66,0,,69.68,7.34,4,-2,69.60,1.02,2.23,-3.95,7.39
282.72,0,,69.69,7.36,4,-2,69.77,0.96,2.26,-3.98,7.30
282.81,0,,69.66,7.35,4,-2,69.42,0.99,2.30,-3.91,7.29
282.90,0,,69.61,7.32,4,-2,69.69,0.99,2.30,-3.91,7.29
283.02,0,,69.66,7.29,4,-2,70.13,0.91,2.29,-4.00,7.22
283.11,0,,69.82,7.27,2,-1,69.80,0.96,2.23,-4.01,7.33
283.20,0,,69.89,7.28,1,0,69.77,1.00,2.26,-3.94,7.34
283.32,0,,69.89,7.31,1,0,70.06,0.94,2.28,-3.98,7.26
283.41,0,,69.88,7.30,1,0,69.60,0.93,2.23,-4.04,7.30
283.50,0,,69.82,7.30,0,1,69.80,0.95,2.23,-4.02,7.32
283.65,0,,69.78,7.33,0,1,69.88,1.05,2.21,-3.94,7.44
283.71,0,,69.81,7.38,0,1,69.91,1.09,2.24,-3.87,7.45
283.80,0,,69.87,7.42,0,1,69.93,1.01,2.27,-3.92,7.34
283.92,0,,69.93,7.41,0,1,70.01,1.03,2.23,-3.94,7.40
284.01,0,,69.89,7.41,1,0,69.40,1.11,2.26,-3.83,7.45
284.10,0,,69.73,7.41,1,0,69.57,1.09,2.31,-3.80,7.38
284.22,0,,69.60,7.40,1,0,69.75,1.06,2.31,-3.83,7.35
284.31,0,,69.61,7.38,2,-1,69.66,1.05,2.30,-3.85,7.35
284.40,0,,69.69,7.36,2,-1,70.01,1.06,2.35,-3.79,7.31
284.52,0,,69.84,7.34,2,-1,70.01,1.11,2.34,-3.75,7.37
284.61,0,,69.91,7.35,1,0,69.59,1.06,2.25,-3.89,7.41
284.70,0,,69.88,7.38,1,0,70.01,1.05,2.27,-3.88,7.38
284.82,0,,69.86,7.40,1,0,69.84,1.16,2.33,-3.71,7.43
284.91,0,,69.79,7.41,1,0,69.29,1.13,2.32,-3.75,7.41
285.00,0,,69.64,7.42,1,0,69.76,1.08,2.28,-3.84,7.40
285.15,0,,69.60,7.43,1,0,69.77,1.16,2.25,-3.79,7.51
285.21,0,,69.63,7.45,1,0,69.38,1.16,2.34,-3.70,7.42
285.30,0,,69.62,7.44,2,-1,69.87,1.09,2.37,-3.74,7.32
285.42,0,,69.67,7.39,2,-1,69.76,1.04,2.31,-3.85,7.33
285.51,0,,69.74,7.35,2,-1,69.74,1.03,2.30,-3.87,7.33
285.66,0,,69.69,7.34,2,-1,69.18,1.08,2.30,-3.82,7.38
285.72,0,,69.55,7.34,2,-1,69.71,1.03,2.33,-3.84,7.30
285.81,0,,69.52,7.34,2,-1,69.66,1.03,2.28,-3.89,7.35
285.90,0,,69.64,7.35,2,-1,70.01,1.06,2.23,-3.91,7.43
286.02,0,,69.77,7.38,2,-1,69.65,1.01,2.26,-3.93,7.35
286.11,0,,69.82,7.40,2,-1,69.85,1.03,2.21,-3.96,7.42
286.23,0,,69.82,7.40,2,-1,69.82,1.02,2.24,-3.94,7.38
286.32,0,,69.88,7.40,0,1,70.22,1.05,2.29,-3.86,7.36
286.41,0,,70.00,7.39,0,1,70.05,1.09,2.27,-3.84,7.42
286.50,0,,70.05,7.40,0,2,69.86,1.05,2.26,-3.89,7.39
286.65,0,,69.95,7.41,0,2,69.54,1.10,2.26,-3.84,7.44
286.71,0,,69.69,7.42,0,2,69.09,1.13,2.33,-3.74,7.40
286.80,0,,69.47,7.42,1,0,69.88,1.07,2.33,-3.80,7.34
286.92,0,,69.52,7.40,0,1,69.86,1.04,2.25,-3.91,7.39
287.01,0,,69.72,7.39,4,-2,69.91,1.06,2.23,-3.91,7.43
287.10,0,,69.83,7.41,2,-1,69.65,1.09,2.25,-3.86,7.44
287.22,0,,69.78,7.42,2,-1,69.50,0.99,2.24,-3.97,7.35
287.31,0,,69.66,7.40,2,-1,69.68,0.93,2.21,-4.06,7.32
287.40,0,,69.64,7.36,2,-1,69.83,0.98,2.22,-4.00,7.36
287.52,0,,69.64,7.36,2,-1,69.29,1.02,2.22,-3.96,7.40
287.61,0,,69.57,7.38,0,1,69.58,1.02,2.16,-4.02,7.46
287.70,0,,69.57,7.43,1,0,69.97,1.03,2.16,-4.01,7.47
287.85,0,,69.73,7.46,1,0,69.99,1.08,2.20,-3.92,7.48
287.91,0,,69.84,7.47,1,0,69.51,1.06,2.25,-3.89,7.41
288.00,0,,69.75,7.45,1,0,69.45,0.98,2.22,-4.00,7.36
288.15,0,,69.57,7.41,1,0,69.42,1.01,2.21,-3.98,7.40
288.21,0,,69.50,7.39,1,0,69.85,1.08,2.30,-3.82,7.38
288.30,0,,69.58,7.38,1,0,69.62,1.04,2.30,-3.86,7.34
288.42,0,,69.67,7.37,1,0,69.79,1.03,2.24,-3.93,7.39
288.51,0,,69.73,7.37,1,0,69.75,1.05,2.26,-3.89,7.39
288.60,0,,69.77,7.38,1,0,69.79,1.03,2.26,-3.91,7.37
288.72,0,,69.76,7.38,1,0,69.58,1.00,2.26,-3.94,7.34
288.81,0,,69.69,7.36,2,-1,69.58,0.96,2.25,-3.99,7.31
288.90,0,,69.61,7.34,1,0,69.56,0.96,2.22,-4.02,7.34
289.05,0,,69.54,7.33,1,0,69.32,0.94,2.19,-4.07,7.35
289.11,0,,69.45,7.33,1,0,69.47,0.86,2.17,-4.17,7.29
289.20,0,,69.42,7.31,2,-1,69.45,0.83,2.16,-4.21,7.27
289.32,0,,69.46,7.29,2,-1,69.71,0.82,2.15,-4.23,7.27
289.41,0,,69.62,7.29,2,-1,70.08,0.91,2.12,-4.17,7.39
289.50,0,,69.82,7.33,1,0,69.76,0.95,2.12,-4.13,7.43
289.65,0,,69.87,7.38,1,0,69.67,0.88,2.18,-4.14,7.30
289.71,0,,69.84,7.37,0,1,69.99,0.92,2.21,-4.07,7.31
289.80,0,,69.78,7.34,0,2,69.35,0.95,2.21,-4.04,7.34
289.95,0,,69.67,7.31,0,1,69.73,0.96,2.35,-3.89,7.21
290.01,0,,69.65,7.28,1,0,69.92,1.33,2.60,-3.27,7.33
290.10,0,,69.72,7.32,1,0,69.64,1.63,2.63,-2.94,7.60
290.22,0,,69.75,7.43,0,1,69.76,1.38,2.49,-3.33,7.49
290.34,0,,69.78,7.49,1,0,70.04,1.32,2.55,-3.33,7.37
290.40,0,,69.85,7.48,1,0,69.72,1.54,2.65,-3.01,7.49
290.52,0,,69.86,7.47,1,0,69.82,1.56,2.63,-3.01,7.53
290.67,0,,69.77,7.51,1,0,69.41,1.59,2.59,-3.02,7.60
290.76,0,,69.67,7.57,1,0,69.90,1.59,2.48,-3.13,7.71
290.82,0,,69.69,7.64,1,0,69.81,1.41,2.38,-3.41,7.63
290.94,0,,69.74,7.64,1,0,69.60,1.21,2.39,-3.60,7.42
291.06,0,,69.66,7.53,2,-1,69.26,0.96,2.32,-3.92,7.24
291.15,0,,69.52,7.35,2,-1,69.62,0.69,2.25,-4.26,7.04
291.21,0,,69.45,7.16,4,-2,69.37,0.69,2.31,-4.20,6.98
291.30,0,,69.47,7.05,4,-2,69.73,0.94,2.39,-3.87,7.15
291.42,0,,69.55,7.05,1,0,69.63,0.90,2.36,-3.94,7.14
291.51,0,,69.63,7.09,1,0,69.70,0.75,2.28,-4.17,7.07
291.60,0,,69.62,7.12,1,0,69.27,0.91,2.32,-3.97,7.19
291.72,0,,69.53,7.14,2,-1,69.55,0.86,2.32,-4.02,7.14
291.81,0,,69.50,7.14,2,-1,69.70,0.65,2.25,-4.30,7.00
291.90,0,,69.58,7.10,2,-1,69.73,0.82,2.29,-4.09,7.13
292.02,0,,69.64,7.11,1,0,69.44,1.02,2.35,-3.83,7.27
292.11,0,,69.58,7.17,0,1,69.35,0.89,2.34,-3.97,7.15
292.20,0,,69.49,7.19,1,0,69.66,0.90,2.33,-3.97,7.17
292.32,0,,69.49,7.20,2,-1,69.48,1.05,2.35,-3.80,7.30
292.41,0,,69.53,7.22,2,-1,69.61,0.89,2.37,-3.94,7.12
292.53,0,,69.53,7.19,2,-1,69.38,0.84,2.33,-4.03,7.11
292.68,0,,69.55,7.17,2,-1,69.88,0.95,2.27,-3.98,7.28
292.71,0,,69.64,7.20,2,-1,69.75,1.01,2.33,-3.86,7.28
292.80,0,,69.70,7.27,2,-1,69.44,1.21,2.44,-3.55,7.37
292.95,0,,69.55,7.34,2,-1,68.92,1.48,2.62,-3.10,7.46
293.01,0,,69.29,7.44,2,-1,69.18,1.63,2.59,-2.98,7.64
293.10,0,,69.24,7.58,2,-1,70.10,1.47,2.22,-3.51,7.85
293.22,0,,69.50,7.73,2,-1,69.66,1.19,1.97,-4.04,7.82
293.31,0,,69.75,7.81,1,0,69.90,1.01,1.87,-4.32,7.74
293.40,0,,69.90,7.79,1,0,70.19,0.81,1.80,-4.59,7.61
293.52,0,,70.00,7.69,0,2,69.78,0.63,1.77,-4.80,7.46
293.61,0,,69.96,7.55,0,2,69.75,0.50,1.74,-4.96,7.36
293.70,0,,69.89,7.41,0,2,70.05,0.32,1.69,-5.19,7.23
293.82,0,,69.90,7.30,0,2,69.94,0.24,1.61,-5.35,7.23
293.91,0,,69.86,7.25,0,2,69.30,0.30,1.54,-5.36,7.36
294.00,0,,69.68,7.28,0,2,69.61,0.29,1.55,-5.36,7.34
294.18,0,,69.57,7.33,0,1,69.76,0.33,1.56,-5.31,7.37
294.21,0,,69.64,7.37,0,1,69.92,0.41,1.61,-5.18,7.40
294.30,0,,69.75,7.40,4,-2,69.66,0.52,1.68,-5.00,7.44
294.42,0,,69.77,7.44,2,-1,69.69,0.62,1.67,-4.91,7.55
294.51,0,,69.69,7.49,2,-1,69.34,0.57,1.63,-5.00,7.54
294.66,0,,69.58,7.54,2,-1,69.76,0.58,1.63,-4.99,7.55
294.72,0,,69.66,7.56,2,-1,70.31,0.63,1.70,-4.87,7.53
294.81,0,,69.79,7.55,1,0,69.03,0.65,1.73,-4.82,7.52
294.90,0,,69.66,7.53,0,1,69.59,0.64,1.76,-4.80,7.48
295.02,0,,69.61,7.52,1,0,70.27,0.72,1.74,-4.74,7.58
295.11,0,,69.76,7.56,1,0,69.55,0.85,1.69,-4.66,7.76
295.20,0,,69.80,7.64,0,1,69.72,0.76,1.77,-4.67,7.59
295.32,0,,69.78,7.66,0,1,69.98,0.71,1.74,-4.75,7.57
295.41,0,,69.78,7.64,0,1,69.51,0.77,1.67,-4.76,7.70
295.50,0,,69.78,7.64,0,1,70.11,0.79,1.76,-4.65,7.63
295.65,0,,69.83,7.65,0,1,69.77,0.77,1.75,-4.68,7.62
295.74,0,,69.85,7.62,0,1,69.70,0.66,1.76,-4.78,7.50
295.80,0,,69.74,7.57,1,0,69.35,0.71,1.78,-4.71,7.53
295.92,0,,69.61,7.55,1,0,69.85,0.81,1.78,-4.61,7.63
296.01,0,,69.62,7.56,1,0,69.69,0.72,1.80,-4.68,7.52
296.10,0,,69.67,7.55,1,0,69.61,0.68,1.81,-4.71,7.47
296.22,0,,69.63,7.52,2,-1,69.38,0.78,1.87,-4.55,7.51
296.31,0,,69.60,7.51,2,-1,69.96,0.87,1.88,-4.45,7.59
296.40,0,,69.67,7.54,2,-1,69.74,0.80,1.87,-4.53,7.53
296.52,0,,69.75,7.52,1,0,69.66,0.71,2.03,-4.46,7.28
296.61,0,,69.70,7.42,1,0,69.42,0.83,2.18,-4.19,7.25
296.70,0,,69.60,7.32,1,0,69.63,0.96,2.25,-3.99,7.31
296.82,0,,69.55,7.27,1,0,69.54,0.87,2.25,-4.08,7.22
296.91,0,,69.62,7.25,1,0,70.15,0.79,2.10,-4.31,7.29
297.00,0,,69.82,7.28,1,0,69.99,0.83,2.00,-4.37,7.43
297.15,0,,69.91,7.34,0,1,69.44,0.81,2.06,-4.33,7.35
297.21,0,,69.90,7.39,0,1,70.52,0.93,2.04,-4.23,7.49
297.30,0,,69.97,7.46,0,1,69.65,1.06,2.03,-4.11,7.63
297.42,0,,69.90,7.52,0,1,69.42,0.90,2.09,-4.21,7.41
297.51,0,,69.69,7.49,0,1,69.65,0.70,2.04,-4.46,7.26
297.60,0,,69.57,7.38,1,0,69.57,0.66,2.05,-4.49,7.21
297.75,0,,69.55,7.27,1,0,69.63,0.75,2.12,-4.33,7.23
297.81,0,,69.54,7.23,1,0,69.32,0.84,2.14,-4.22,7.30
297.90,0,,69.55,7.25,4,-2,70.00,0.89,2.16,-4.15,7.33
298.05,0,,69.57,7.29,4,-2,69.01,0.88,2.18,-4.14,7.30
298.11,0,,69.47,7.31,4,-2,69.50,0.81,2.14,-4.25,7.27
298.20,0,,69.36,7.33,4,-2,69.25,0.92,2.05,-4.23,7.47
298.32,0,,69.26,7.39,4,-2,68.89,0.93,1.98,-4.29,7.55
298.41,0,,69.17,7.48,4,-2,69.57,0.84,1.89,-4.47,7.55
298.50,0,,69.29,7.57,4,-2,69.74,0.98,1.85,-4.37,7.73
298.65,0,,69.53,7.64,2,-1,69.71,0.93,1.89,-4.38,7.64
298.71,0,,69.70,7.67,2,-1,69.74,0.86,1.83,-4.51,7.63
298.80,0,,69.72,7.67,0,1,69.46,0.89,1.79,-4.52,7.70
298.92,0,,69.66,7.68,0,1,69.69,0.88,1.78,-4.54,7.70
299.01,0,,69.57,7.70,0,2,69.21,0.91,1.77,-4.52,7.74
299.13,0,,69.47,7.71,0,2,69.59,0.77,1.76,-4.67,7.61
299.22,0,,69.43,7.67,0,1,69.36,0.66,1.75,-4.79,7.51
299.31,0,,69.39,7.59,0,1,69.19,0.94,2.03,-4.23,7.51
299.40,0,,69.42,7.53,2,-1,70.11,1.11,2.23,-3.86,7.48
299.52,0,,69.60,7.49,1,0,69.62,0.75,1.87,-4.58,7.48
299.61,0,,69.71,7.50,2,-1,69.51,0.83,1.78,-4.59,7.65
299.70,0,,69.61,7.58,2,-1,69.19,1.24,2.02,-3.94,7.82
299.82,0,,69.40,7.68,2,-1,69.19,1.06,2.08,-4.06,7.58
299.91,0,,69.27,7.69,2,-1,69.45,1.12,2.14,-3.94,7.58
300.00,0,,69.33,7.69,2,-1,69.71,1.66,2.22,-3.32,8.04
300.18,0,,69.47,7.84,2,-1,69.41,1.76,2.13,-3.31,8.23
300.21,0,,69.63,8.07,1,0,70.25,1.40,1.76,-4.04,8.24
300.33,0,,69.86,8.26,1,0,70.01,1.43,1.49,-4.28,8.54
300.42,0,,69.99,8.43,0,1,69.69,1.31,1.35,-4.54,8.56
300.51,0,,69.98,8.52,0,2,70.18,0.93,1.19,-5.08,8.34
300.60,0,,70.07,8.50,0,2,70.60,1.12,1.28,-4.80,8.44
300.72,0,,70.28,8.45,0,2,70.32,1.23,1.38,-4.59,8.45
300.81,0,,70.34,8.42,0,2,69.89,1.09,1.41,-4.70,8.28
300.90,0,,70.16,8.34,0,2,69.80,0.86,1.32,-5.02,8.14
301.02,0,,69.97,8.21,0,2,70.02,0.42,1.10,-5.68,7.92
301.11,0,,69.89,8.04,0,1,69.82,0.25,0.99,-5.96,7.86
301.20,0,,69.87,7.92,0,1,69.95,0.40,1.07,-5.73,7.93
301.32,0,,69.87,7.89,0,1,69.77,0.55,1.20,-5.45,7.95
301.41,0,,69.83,7.90,4,-2,69.67,0.38,1.12,-5.70,7.86
301.50,0,,69.71,7.88,4,-2,69.40,0.12,0.99,-6.09,7.73
301.65,0,,69.59,7.82,4,-2,69.70,0.04,0.91,-6.25,7.73
301.71,0,,69.59,7.75,4,-2,69.82,-0.05,0.84,-6.41,7.71
301.83,0,,69.68,7.70,4,-2,69.71,-0.22,0.80,-6.62,7.58
301.95,0,,69.69,7.64,4,-2,69.39,-0.31,0.77,-6.74,7.52
302.01,0,,69.62,7.57,2,-1,69.68,-0.28,0.76,-6.72,7.56
302.10,0,,69.55,7.54,2,-1,69.39,-0.31,0.72,-6.79,7.57
302.22,0,,69.53,7.54,0,1,69.68,-0.41,0.70,-6.91,7.49
302.31,0,,69.56,7.52,1,0,69.65,-0.39,0.73,-6.86,7.48
302.40,0,,69.61,7.51,4,-2,69.58,-0.39,0.65,-6.94,7.56
302.52,0,,69.58,7.53,1,0,69.34,-0.39,0.62,-6.97,7.59
302.67,0,,69.50,7.57,2,-1,69.51,-0.33,0.65,-6.88,7.62
302.70,0,,69.49,7.60,2,-1,69.75,-0.37,0.63,-6.94,7.60
302.82,0,,69.59,7.62,2,-1,69.73,-0.38,0.61,-6.97,7.61
302.91,0,,69.67,7.62,1,0,69.56,-0.43,0.57,-7.06,7.60
303.00,0,,69.67,7.61,0,1,69.66,-0.50,0.52,-7.18,7.58
303.15,0,,69.73,7.61,0,1,70.28,-0.42,0.51,-7.11,7.67
303.21,0,,69.89,7.63,0,1,69.76,-0.42,0.54,-7.08,7.64
303.30,0,,69.91,7.64,0,2,69.60,-0.54,0.50,-7.24,7.56
303.42,0,,69.82,7.62,0,2,69.97,-0.59,0.43,-7.36,7.58
303.51,0,,69.79,7.61,0,2,69.70,-0.51,0.41,-7.30,7.68
303.60,0,,69.79,7.64,0,1,69.83,-0.50,0.35,-7.35,7.75
303.72,0,,69.78,7.69,0,1,69.71,-0.61,0.36,-7.45,7.63
303.81,0,,69.80,7.69,0,1,70.02,-0.59,0.34,-7.45,7.67
303.90,0,,69.87,7.69,0,1,69.93,-0.51,0.32,-7.39,7.77
303.99,0,,69.91,7.70,1,0,69.76,-0.57,0.38,-7.39,7.65
304.11,0,,69.95,7.71,0,1,70.40,-0.61,0.28,-7.53,7.71
304.20,0,,70.03,7.71,0,1,69.78,-0.59,0.28,-7.51,7.73
304.29,0,,70.03,7.71,0,1,69.94,-0.58,0.35,-7.43,7.67
304.41,0,,69.92,7.71,0,1,69.62,-0.59,0.29,-7.50,7.72
304.50,0,,69.77,7.69,0,1,69.61,-0.70,0.30,-7.60,7.60
304.65,0,,69.62,7.64,1,0,69.36,-0.76,0.31,-7.65,7.53
304.74,0,,69.53,7.60,2,-1,69.84,-0.60,0.28,-7.52,7.72
304.80,0,,69.57,7.63,4,-2,69.52,-0.61,0.26,-7.55,7.73
304.92,0,,69.66,7.69,4,-2,70.03,-0.70,0.20,-7.70,7.70
305.01,0,,69.74,7.73,4,-2,69.46,-0.65,0.17,-7.68,7.78
305.10,0,,69.75,7.74,4,-2,69.96,-0.67,0.23,-7.64,7.70
305.19,0,,69.76,7.75,2,-1,69.65,-0.65,0.20,-7.65,7.75
305.31,0,,69.74,7.76,1,0,69.63,-0.65,0.12,-7.73,7.83
305.40,0,,69.71,7.77,1,0,69.88,-0.72,0.18,-7.74,7.70
305.49,0,,69.80,7.77,1,0,70.14,-0.62,0.15,-7.67,7.83
305.61,0,,69.94,7.79,0,1,69.99,-0.66,0.09,-7.77,7.85
305.73,0,,70.01,7.82,0,2,69.85,-0.71,0.10,-7.81,7.79
305.79,0,,69.97,7.82,0,2,69.88,-0.63,0.13,-7.70,7.84
305.91,0,,69.89,7.83,0,1,69.79,-0.59,0.16,-7.63,7.85
306.00,0,,69.83,7.84,0,1,69.76,-0.64,0.13,-7.71,7.83
306.09,0,,69.78,7.84,0,1,69.78,-0.70,0.09,-7.81,7.81
306.21,0,,69.74,7.84,1,0,69.62,-0.60,0.11,-7.69,7.89
306.30,0,,69.73,7.86,0,1,69.95,-0.56,0.18,-7.58,7.86
306.42,0,,69.79,7.86,2,-1,69.83,-0.67,0.13,-7.74,7.80
306.51,0,,69.80,7.84,2,-1,69.51,-0.73,0.08,-7.85,7.79
306.60,0,,69.71,7.80,2,-1,69.69,-0.70,0.14,-7.76,7.76
306.72,0,,69.61,7.79,2,-1,69.33,-0.62,0.07,-7.75,7.91
306.81,0,,69.57,7.84,2,-1,69.97,-0.66,-0.02,-7.88,7.96
306.90,0,,69.63,7.90,2,-1,69.58,-0.67,0.02,-7.85,7.91
306.99,0,,69.64,7.93,2,-1,69.31,-0.65,0.06,-7.79,7.89
307.11,0,,69.59,7.91,1,0,69.98,-0.71,0.07,-7.84,7.82
307.20,0,,69.65,7.88,1,0,69.62,-0.68,0.02,-7.86,7.90
307.29,0,,69.69,7.88,1,0,69.54,-0.64,0.02,-7.82,7.94
307.41,0,,69.69,7.90,1,0,70.03,-0.63,0.06,-7.77,7.91
307.50,0,,69.80,7.92,0,1,69.97,-0.66,0.05,-7.81,7.89
307.59,0,,69.93,7.90,0,1,69.96,-0.73,0.02,-7.91,7.85
307.71,0,,70.01,7.90,0,2,70.19,-0.65,-0.07,-7.92,8.02
307.80,0,,70.00,7.95,0,2,69.49,-0.56,-0.02,-7.78,8.06
308.01,0,,69.88,8.00,0,2,69.93,-0.61,0.06,-7.75,7.93
308.01,0,,69.81,8.00,0,2,69.87,-0.70,-0.08,-7.98,7.98
308.10,0,,69.85,7.99,0,1,70.00,-0.74,-0.16,-8.10,8.02
308.19,0,,69.91,8.01,0,1,69.92,-0.60,-0.11,-7.91,8.11
308.31,0,,69.90,8.06,1,0,69.61,-0.57,-0.07,-7.84,8.10
308.40,0,,69.76,8.07,1,0,69.39,-0.73,-0.03,-7.96,7.90
308.49,0,,69.63,8.01,2,-1,69.98,-0.71,-0.02,-7.93,7.91
308.61,0,,69.62,7.96,4,-2,69.39,-0.63,-0.06,-7.89,8.03
308.70,0,,69.67,7.98,4,-2,70.08,-0.59,-0.11,-7.90,8.12
308.79,0,,69.80,8.06,2,-1,70.00,-0.62,-0.18,-8.00,8.16
308.94,0,,69.96,8.13,1,0,70.08,-0.63,-0.18,-8.01,8.15
309.00,0,,70.04,8.17,1,0,69.94,-0.54,-0.11,-7.85,8.17
309.09,0,,70.04,8.17,0,1,70.03,-0.58,-0.13,-7.91,8.15
309.21,0,,70.00,8.17,0,1,69.88,-0.65,-0.20,-8.05,8.15
309.30,0,,69.96,8.17,0,2,69.94,-0.56,-0.18,-7.94,8.22
309.42,0,,69.93,8.18,0,2,69.95,-0.52,-0.11,-7.83,8.19
309.51,0,,69.94,8.19,0,1,70.04,-0.61,-0.15,-7.96,8.14
309.66,0,,69.93,8.17,0,1,69.62,-0.69,-0.20,-8.09,8.11
309.69,0,,69.89,8.15,1,0,70.15,-0.60,-0.19,-7.99,8.19
309.84,0,,69.98,8.16,1,0,70.42,-0.52,-0.18,-7.90,8.26
309.90,0,,70.17,8.21,0,1,70.21,-0.54,-0.19,-7.93,8.25
310.02,0,,70.26,8.23,0,1,70.10,-0.65,-0.16,-8.01,8.11
310.11,0,,70.16,8.19,0,1,69.73,-0.64,-0.17,-8.01,8.13
310.20,0,,70.03,8.18,0,1,70.27,-0.49,-0.19,-7.88,8.30
310.32,0,,69.96,8.21,0,1,69.59,-0.57,-0.23,-8.00,8.26
310.41,0,,69.85,8.24,1,0,69.71,-0.66,-0.27,-8.13,8.21
310.50,0,,69.77,8.25,2,-1,69.99,-0.59,-0.24,-8.03,8.25
310.59,0,,69.78,8.25,2,-1,69.67,-0.53,-0.22,-7.95,8.29
310.71,0,,69.82,8.28,4,-2,70.04,-0.49,-0.24,-7.93,8.35
310.80,0,,69.87,8.31,4,-2,69.85,-0.57,-0.25,-8.02,8.28
310.95,0,,69.89,8.30,4,-2,69.81,-0.59,-0.23,-8.02,8.24
311.04,0,,69.92,8.29,2,-1,70.30,-0.50,-0.24,-7.94,8.34
311.19,0,,70.02,8.31,1,0,69.98,-0.49,-0.27,-7.96,8.38
311.19,0,,70.09,8.34,1,0,70.11,-0.47,-0.20,-7.87,8.33
311.49,0,,70.07,8.37,1,0,69.84,-0.40,-0.19,-7.79,8.39
311.49,0,,70.07,8.37,1,0,69.84,-0.40,-0.19,-7.79,8.39
311.49,0,,70.07,8.37,1,0,69.84,-0.40,-0.19,-7.79,8.39
311.61,0,,69.87,8.39,1,0,69.86,-0.49,-0.27,-7.96,8.38
311.70,0,,69.92,8.40,1,0,70.12,-0.39,-0.25,-7.84,8.46
311.79,0,,70.02,8.43,1,0,70.24,-0.25,-0.18,-7.63,8.53
311.91,0,,70.09,8.48,1,0,69.81,-0.33,-0.22,-7.75,8.49
312.00,0,,70.04,8.49,1,0,69.98,-0.48,-0.22,-7.90,8.34
312.09,0,,69.95,8.44,1,0,69.85,-0.43,-0.23,-7.86,8.40
312.21,0,,69.85,8.43,1,0,69.52,-0.29,-0.27,-7.76,8.58
312.33,0,,69.71,8.46,2,-1,69.69,-0.36,-0.23,-7.79,8.47
312.42,0,,69.63,8.49,2,-1,69.60,-0.44,-0.25,-7.89,8.41
312.51,0,,69.65,8.48,4,-2,69.91,-0.38,-0.30,-7.88,8.52
312.66,0,,69.76,8.49,4,-2,69.95,-0.34,-0.28,-7.82,8.54
312.72,0,,69.91,8.53,4,-2,70.16,-0.33,-0.33,-7.86,8.60
312.81,0,,70.02,8.57,2,-1,69.94,-0.42,-0.39,-8.01,8.57
312.90,0,,70.03,8.58,2,-1,69.90,-0.42,-0.37,-7.99,8.55
313.02,0,,69.99,8.59,1,0,70.04,-0.32,-0.36,-7.88,8.64
313.11,0,,69.96,8.60,0,2,69.83,-0.38,-0.36,-7.94,8.58
313.20,0,,69.91,8.61,0,2,69.82,-0.40,-0.39,-7.99,8.59
313.29,0,,69.86,8.62,0,1,69.91,-0.33,-0.40,-7.93,8.67
313.41,0,,69.87,8.64,0,1,69.97,-0.27,-0.36,-7.83,8.69
313.50,0,,69.91,8.67,1,0,69.93,-0.32,-0.40,-7.92,8.68
313.65,0,,69.95,8.68,2,-1,70.01,-0.42,-0.44,-8.06,8.62
313.71,0,,69.96,8.66,1,0,69.87,-0.36,-0.38,-7.94,8.62
313.80,0,,69.95,8.65,1,0,69.97,-0.25,-0.38,-7.83,8.73
313.92,0,,69.92,8.69,1,0,69.83,-0.19,-0.44,-7.83,8.85
314.01,0,,69.89,8.77,1,0,69.88,-0.28,-0.50,-7.98,8.82
314.10,0,,69.91,8.82,1,0,70.15,-0.33,-0.48,-8.01,8.75
314.19,0,,69.96,8.80,1,0,69.85,-0.21,-0.34,-7.75,8.73
314.31,0,,70.01,8.78,1,0,70.27,-0.08,-0.31,-7.59,8.83
314.40,0,,70.05,8.79,1,0,69.85,-0.12,-0.38,-7.70,8.86
314.49,0,,70.05,8.81,1,0,70.11,-0.23,-0.33,-7.76,8.70
314.61,0,,70.00,8.79,1,0,69.77,-0.14,-0.33,-7.67,8.79
314.70,0,,69.90,8.80,1,0,69.69,-0.00,-0.36,-7.56,8.96
314.82,0,,69.75,8.84,1,0,69.52,-0.12,-0.29,-7.61,8.77
314.94,0,,69.63,8.83,1,0,69.62,-0.20,-0.31,-7.71,8.71
315.00,0,,69.58,8.79,4,-2,69.69,-0.14,-0.32,-7.66,8.78
315.09,0,,69.64,8.76,4,-2,69.84,-0.12,-0.24,-7.56,8.72
315.24,0,,69.71,8.76,4,-2,69.60,-0.08,-0.35,-7.63,8.87
315.30,0,,69.73,8.81,4,-2,69.80,-0.08,-0.43,-7.71,8.95
315.42,0,,69.79,8.88,2,-1,70.12,-0.10,-0.32,-7.62,8.82
315.51,0,,69.89,8.89,2,-1,69.77,-0.06,-0.35,-7.61,8.89
315.60,0,,69.92,8.88,2,-1,69.93,-0.12,-0.37,-7.69,8.85
315.69,0,,69.93,8.86,1,0,70.07,-0.15,-0.36,-7.71,8.81
315.81,0,,69.93,8.85,0,2,69.65,-0.04,-0.39,-7.63,8.95
315.90,0,,69.91,8.89,0,2,70.19,0.02,-0.35,-7.53,8.97
315.99,0,,69.96,8.92,0,1,70.06,-0.09,-0.33,-7.62,8.84
316.11,0,,70.02,8.91,0,1,69.85,-0.17,-0.39,-7.76,8.82
316.20,0,,69.98,8.88,0,1,69.93,-0.04,-0.40,-7.64,8.96
316.29,0,,69.95,8.89,0,1,70.03,0.02,-0.31,-7.49,8.93
316.41,0,,70.00,8.92,0,1,70.27,-0.03,-0.38,-7.61,8.95
316.50,0,,70.09,8.95,1,0,70.02,-0.06,-0.45,-7.71,8.99
316.77,0,,70.09,8.95,1,0,69.89,-0.12,-0.31,-7.63,8.79
316.77,0,,70.00,8.92,1,0,69.90,0.03,-0.38,-7.55,9.01
316.80,0,,69.90,8.96,1,0,69.69,0.12,-0.46,-7.54,9.18
317.01,0,,69.86,9.02,2,-1,70.27,-0.08,-0.36,-7.64,8.88
317.02,0,,69.92,9.01,2,-1,69.73,-0.11,-0.37,-7.68,8.86
317.10,0,,69.84,8.93,2,-1,69.21,-0.08,-0.34,-7.62,8.86
317.19,0,,69.61,8.88,2,-1,69.64,-0.03,-0.34,-7.57,8.91
317.31,0,,69.56,8.90,4,-2,70.01,0.04,-0.43,-7.59,9.07
317.43,0,,69.76,8.97,4,-2,70.25,-0.00,-0.44,-7.64,9.04
317.52,0,,70.02,9.03,2,-1,70.05,0.03,-0.41,-7.58,9.04
317.61,0,,70.09,9.06,1,0,69.76,0.06,-0.40,-7.54,9.06
317.70,0,,69.99,9.08,1,0,69.85,0.08,-0.45,-7.57,9.13
317.79,0,,69.82,9.09,1,0,69.45,-0.01,-0.42,-7.63,9.01
317.91,0,,69.73,9.07,1,0,70.20,0.06,-0.42,-7.56,9.08
318.00,0,,69.80,9.09,1,0,69.80,0.19,-0.45,-7.46,9.24
318.09,0,,69.89,9.10,0,1,69.96,-0.06,-0.32,-7.58,8.86
318.21,0,,69.92,9.05,0,1,69.89,0.01,-0.39,-7.58,9.00
318.30,0,,69.89,9.02,2,-1,69.67,0.18,-0.45,-7.47,9.23
318.42,0,,69.82,9.06,2,-1,69.82,0.07,-0.29,-7.42,8.96
318.51,0,,69.85,9.06,1,0,70.36,0.07,-0.33,-7.46,9.00
318.60,0,,70.01,9.02,1,0,70.01,-0.04,-0.35,-7.59,8.91
318.72,0,,70.10,8.96,1,0,70.05,0.02,-0.30,-7.48,8.92
318.84,0,,70.04,8.97,1,0,69.61,0.25,-0.37,-7.32,9.22
318.90,0,,69.95,9.05,1,0,70.34,0.16,-0.41,-7.45,9.17
319.05,0,,69.99,9.12,1,0,70.00,-0.03,-0.38,-7.61,8.95
319.17,0,,70.06,9.08,1,0,70.07,-0.03,-0.38,-7.61,8.95
319.20,0,,70.13,9.03,0,1,70.49,0.18,-0.44,-7.46,9.22
319.29,0,,70.21,9.07,0,1,69.90,0.14,-0.36,-7.42,9.10
319.41,0,,70.17,9.09,0,1,70.13,-0.01,-0.35,-7.56,8.94
319.50,0,,70.14,9.07,0,1,70.34,0.06,-0.47,-7.61,9.13
319.59,0,,70.13,9.07,0,1,69.72,0.11,-0.40,-7.49,9.11
319.71,0,,70.02,9.10,0,1,69.92,0.19,-0.39,-7.40,9.18
319.83,0,,69.90,9.15,0,1,69.82,0.12,-0.47,-7.55,9.19
319.92,0,,69.85,9.16,2,-1,69.89,-0.00,-0.40,-7.60,9.00
320.01,0,,69.81,9.11,4,-2,69.64,0.10,-0.35,-7.45,9.05
320.16,0,,69.77,9.06,4,-2,69.82,0.10,-0.36,-7.46,9.06
320.19,0,,69.73,9.06,4,-2,69.58,0.09,-0.42,-7.53,9.11
320.31,0,,69.70,9.09,4,-2,69.83,0.11,-0.48,-7.57,9.19
320.40,0,,69.76,9.15,4,-2,70.05,0.14,-0.46,-7.52,9.20
320.49,0,,69.93,9.18,2,-1,70.31,0.18,-0.39,-7.41,9.17
320.70,0,,70.13,9.19,1,0,70.23,0.10,-0.42,-7.52,9.12
320.70,0,,70.24,9.18,1,0,70.13,0.12,-0.53,-7.61,9.25
320.79,0,,70.16,9.19,0,2,69.65,0.15,-0.44,-7.49,9.19
320.91,0,,70.01,9.21,0,2,70.24,0.22,-0.41,-7.39,9.23
321.00,0,,70.00,9.23,0,2,70.15,0.21,-0.52,-7.51,9.33
321.15,0,,70.08,9.25,0,2,70.12,0.01,-0.46,-7.65,9.07
321.21,0,,70.10,9.21,0,2,69.90,0.13,-0.47,-7.54,9.20
321.33,0,,70.01,9.21,0,1,69.77,0.27,-0.51,-7.44,9.38
321.42,0,,69.92,9.24,2,-1,70.07,0.14,-0.42,-7.48,9.16
321.51,0,,69.91,9.23,1,0,69.90,0.05,-0.43,-7.58,9.08
321.66,0,,69.92,9.17,1,0,69.88,0.09,-0.47,-7.58,9.16
321.69,0,,69.90,9.16,2,-1,69.86,0.23,-0.50,-7.47,9.33
321.81,0,,69.93,9.23,2,-1,70.29,0.21,-0.52,-7.51,9.33
321.90,0,,70.05,9.30,2,-1,70.13,0.12,-0.56,-7.64,9.28
322.02,0,,70.15,9.31,1,0,70.20,0.10,-0.52,-7.62,9.22
322.17,0,,70.18,9.27,0,1,70.03,0.14,-0.46,-7.52,9.20
322.20,0,,70.09,9.25,0,1,69.71,0.22,-0.54,-7.52,9.36
322.29,0,,69.92,9.26,1,0,69.81,0.07,-0.48,-7.61,9.15
322.44,0,,69.79,9.23,1,0,69.71,0.08,-0.49,-7.61,9.17
322.53,0,,69.75,9.22,1,0,69.86,0.18,-0.56,-7.58,9.34
322.59,0,,69.79,9.23,1,0,70.01,0.09,-0.43,-7.54,9.12
322.71,0,,69.93,9.22,2,-1,70.22,0.13,-0.50,-7.57,9.23
322.80,0,,70.04,9.23,2,-1,69.83,0.12,-0.63,-7.71,9.35
322.92,0,,70.07,9.27,2,-1,70.30,0.12,-0.53,-7.61,9.25
323.07,0,,70.11,9.29,1,0,70.12,0.21,-0.49,-7.48,9.30
323.10,0,,70.17,9.29,1,0,70.28,0.14,-0.53,-7.59,9.27
323.19,0,,70.21,9.29,1,0,70.16,0.10,-0.57,-7.67,9.27
323.34,0,,70.16,9.29,0,2,69.82,0.18,-0.60,-7.62,9.38
323.40,0,,70.08,9.33,0,2,70.28,0.24,-0.56,-7.52,9.40
323.49,0,,70.04,9.36,0,1,69.79,0.11,-0.55,-7.64,9.26
323.67,0,,70.00,9.33,1,0,70.08,0.01,-0.60,-7.79,9.21
323.70,0,,70.00,9.30,1,0,70.10,0.20,-0.63,-7.63,9.43
323.79,0,,70.03,9.32,1,0,69.94,0.24,-0.52,-7.48,9.36
323.91,0,,70.00,9.35,1,0,69.83,0.17,-0.55,-7.58,9.32
324.00,0,,69.94,9.36,1,0,69.99,0.18,-0.65,-7.67,9.43
324.09,0,,69.99,9.37,2,-1,70.45,0.09,-0.57,-7.68,9.26
324.21,0,,70.07,9.36,2,-1,69.58,0.23,-0.60,-7.57,9.43
324.30,0,,70.00,9.39,1,0,69.96,0.32,-0.64,-7.52,9.56
324.42,0,,69.95,9.44,1,0,70.28,0.15,-0.58,-7.63,9.33
324.51,0,,70.00,9.42,1,0,69.71,0.10,-0.58,-7.68,9.28
324.60,0,,69.91,9.35,1,0,69.50,0.14,-0.52,-7.58,9.26
324.69,0,,69.77,9.31,1,0,70.08,0.29,-0.51,-7.42,9.40
324.84,0,,69.80,9.34,1,0,69.91,0.28,-0.62,-7.54,9.50
324.90,0,,69.87,9.42,1,0,69.77,0.18,-0.70,-7.72,9.48
324.99,0,,69.88,9.47,1,0,69.95,0.21,-0.60,-7.59,9.41
325.17,0,,69.93,9.46,2,-1,70.26,0.22,-0.59,-7.57,9.41
325.20,0,,70.05,9.46,2,-1,70.06,0.27,-0.70,-7.63,9.57
325.29,0,,70.10,9.48,1,0,69.96,0.16,-0.66,-7.70,9.42
325.41,0,,70.03,9.47,1,0,69.74,0.15,-0.65,-7.70,9.40
325.50,0,,69.93,9.46,1,0,70.10,0.29,-0.70,-7.61,9.59
325.65,0,,69.92,9.49,1,0,69.87,0.22,-0.65,-7.63,9.47
325.71,0,,69.94,9.51,1,0,70.05,0.25,-0.70,-7.65,9.55
325.80,0,,69.97,9.54,1,0,70.01,0.31,-0.73,-7.62,9.64
325.92,0,,70.03,9.57,1,0,70.21,0.28,-0.61,-7.53,9.49
326.01,0,,70.10,9.56,1,0,70.12,0.27,-0.61,-7.54,9.48
326.10,0,,70.15,9.51,1,0,70.19,0.18,-0.68,-7.70,9.46
326.19,0,,70.16,9.48,1,0,70.04,0.21,-0.67,-7.66,9.48
326.31,0,,70.16,9.50,1,0,70.34,0.36,-0.71,-7.55,9.67
326.49,0,,70.21,9.57,1,0,70.25,0.34,-0.73,-7.59,9.67
326.49,0,,70.18,9.61,0,1,69.69,0.17,-0.69,-7.72,9.46
326.70,0,,70.09,9.57,1,0,70.41,0.10,-0.74,-7.84,9.44
326.70,0,,70.08,9.52,1,0,69.94,0.26,-0.78,-7.72,9.64
326.79,0,,70.12,9.54,0,1,70.37,0.32,-0.68,-7.56,9.60
326.91,0,,70.16,9.59,0,1,70.02,0.30,-0.75,-7.65,9.65
327.00,0,,70.13,9.64,0,1,69.94,0.27,-0.84,-7.77,9.71
327.09,0,,70.02,9.65,0,1,69.79,0.15,-0.70,-7.75,9.45
327.21,0,,69.88,9.62,2,-1,69.74,0.34,-0.76,-7.62,9.70
327.30,0,,69.81,9.63,4,-2,69.98,0.38,-0.80,-7.62,9.78
327.42,0,,69.91,9.66,4,-2,70.43,0.16,-0.68,-7.72,9.44
327.51,0,,70.12,9.62,2,-1,70.19,0.23,-0.76,-7.73,9.59
327.60,0,,70.21,9.59,1,0,69.92,0.34,-0.74,-7.60,9.68
327.78,0,,70.15,9.61,1,0,70.19,0.32,-0.66,-7.54,9.58
327.81,0,,70.08,9.62,1,0,69.86,0.26,-0.77,-7.71,9.63
327.93,0,,69.99,9.63,1,0,69.87,0.25,-0.80,-7.75,9.65
327.99,0,,69.90,9.64,1,0,69.84,0.30,-0.74,-7.64,9.64
328.17,0,,69.85,9.65,1,0,69.84,0.30,-0.77,-7.67,9.67
328.23,0,,69.89,9.67,1,0,70.34,0.31,-0.80,-7.69,9.71
328.32,0,,70.02,9.68,2,-1,69.95,0.28,-0.77,-7.69,9.65
328.41,0,,70.13,9.69,2,-1,70.42,0.36,-0.77,-7.61,9.73
328.56,0,,70.23,9.72,1,0,70.23,0.41,-0.81,-7.60,9.82
328.65,0,,70.20,9.74,1,0,69.63,0.24,-0.75,-7.71,9.59
328.71,0,,70.05,9.70,1,0,70.22,0.27,-0.75,-7.68,9.62
328.80,0,,70.02,9.68,1,0,70.21,0.43,-0.86,-7.63,9.89
328.92,0,,70.06,9.74,1,0,69.81,0.43,-0.77,-7.54,9.80
329.01,0,,70.03,9.79,1,0,70.12,0.36,-0.72,-7.56,9.68
329.16,0,,70.03,9.77,1,0,70.10,0.28,-0.83,-7.75,9.71
329.19,0,,70.08,9.72,1,0,70.20,0.31,-0.73,-7.62,9.64
329.31,0,,70.09,9.70,1,0,69.78,0.49,-0.73,-7.44,9.82
329.43,0,,70.02,9.75,1,0,70.03,0.47,-0.87,-7.60,9.94
329.49,0,,70.00,9.82,1,0,70.23,0.29,-0.83,-7.74,9.72
329.67,0,,70.03,9.84,1,0,69.80,0.38,-0.87,-7.69,9.85
329.70,0,,69.98,9.84,1,0,69.80,0.46,-0.84,-7.58,9.90
329.79,0,,69.90,9.85,1,0,70.06,0.40,-0.73,-7.53,9.73
329.91,0,,69.91,9.83,2,-1,69.89,0.46,-0.84,-7.58,9.90
330.00,0,,69.98,9.86,2,-1,70.30,0.45,-0.93,-7.68,9.98
330.09,0,,70.06,9.90,1,0,69.88,0.44,-0.82,-7.58,9.86
330.21,0,,70.12,9.92,1,0,70.47,0.53,-0.79,-7.46,9.92
330.30,0,,70.27,9.92,0,1,70.69,0.44,-0.88,-7.64,9.92
330.42,0,,70.37,9.91,0,2,69.68,0.33,-0.84,-7.71,9.77
330.51,0,,70.17,9.87,0,2,69.66,0.47,-0.81,-7.54,9.88
330.69,0,,69.91,9.87,1,0,70.18,0.56,-0.83,-7.47,9.99
330.69,0,,69.90,9.89,1,0,70.04,0.43,-0.78,-7.55,9.81
330.81,0,,69.96,9.89,1,0,69.86,0.41,-0.88,-7.67,9.89
330.90,0,,69.92,9.90,1,0,69.63,0.51,-0.92,-7.61,10.03
330.99,0,,69.85,9.94,2,-1,70.13,0.52,-0.82,-7.50,9.94
331.17,0,,69.88,9.98,4,-2,69.88,0.52,-0.90,-7.58,10.02
331.20,0,,69.95,9.99,4,-2,70.15,0.42,-0.89,-7.67,9.91
331.29,0,,70.10,9.94,2,-1,70.58,0.38,-0.77,-7.59,9.75
331.41,0,,70.28,9.89,1,0,70.16,0.55,-0.87,-7.52,10.02
331.53,0,,70.29,9.93,0,1,69.96,0.60,-0.96,-7.56,10.16
331.59,0,,70.19,10.02,0,1,70.26,0.46,-0.92,-7.66,9.98
331.71,0,,70.10,10.04,0,1,69.85,0.42,-0.88,-7.66,9.90
331.80,0,,70.02,10.00,0,1,70.01,0.54,-0.85,-7.51,9.99
331.92,0,,70.00,9.97,0,1,70.22,0.51,-0.82,-7.51,9.93
332.01,0,,70.08,9.95,0,1,70.20,0.42,-0.86,-7.64,9.88
332.19,0,,70.17,9.93,1,0,70.21,0.47,-0.95,-7.68,10.02
332.19,0,,70.17,9.95,2,-1,69.85,0.51,-0.84,-7.53,9.95
332.31,0,,70.08,9.97,1,0,70.12,0.57,-0.80,-7.43,9.97
332.40,0,,70.01,9.99,0,1,69.84,0.54,-0.93,-7.59,10.07
332.49,0,,69.91,10.00,2,-1,69.69,0.36,-0.91,-7.75,9.87
332.67,0,,69.87,9.98,2,-1,70.32,0.44,-0.94,-7.70,9.98
332.70,0,,70.01,9.98,2,-1,70.29,0.54,-0.95,-7.61,10.09
332.79,0,,70.24,10.00,1,0,70.61,0.43,-0.85,-7.62,9.88
332.91,0,,70.42,9.98,1,0,70.33,0.42,-0.95,-7.73,9.97
333.00,0,,70.45,9.98,1,0,70.31,0.45,-1.00,-7.75,10.05
333.10,0,,70.33,9.99,0,2,69.85,0.44,-0.89,-7.65,9.93
333.21,0,,70.13,9.97,0,2,70.05,0.41,-0.84,-7.63,9.85
333.30,0,,70.02,9.91,0,1,70.16,0.34,-0.88,-7.74,9.82
333.42,0,,70.02,9.85,0,1,69.95,0.39,-0.87,-7.68,9.86
333.51,0,,70.05,9.85,1,0,70.22,0.58,-0.80,-7.42,9.98
333.60,0,,70.07,9.91,1,0,69.96,0.60,-0.82,-7.42,10.02
333.69,0,,70.08,9.96,1,0,70.13,0.41,-0.82,-7.61,9.83
333.81,0,,70.08,9.92,4,-2,70.07,0.34,-0.82,-7.68,9.76
333.90,0,,70.05,9.86,2,-1,69.84,0.41,-0.88,-7.67,9.89
333.99,0,,69.96,9.83,2,-1,69.83,0.38,-0.85,-7.67,9.83
334.17,0,,69.96,9.83,2,-1,70.53,0.28,-0.90,-7.82,9.78
334.20,0,,70.12,9.81,1,0,70.16,0.21,-0.97,-7.96,9.78
334.29,0,,70.23,9.78,1,0,70.18,0.20,-0.90,-7.90,9.70
334.41,0,,70.21,9.76,1,0,70.02,0.30,-0.89,-7.79,9.79
334.50,0,,70.07,9.76,1,0,69.61,0.25,-0.95,-7.90,9.80
334.59,0,,69.92,9.77,1,0,70.13,0.13,-0.97,-8.04,9.70
334.71,0,,69.92,9.76,1,0,70.15,0.16,-0.96,-8.00,9.72
334.80,0,,70.05,9.74,1,0,70.23,0.19,-0.97,-7.98,9.76
334.92,0,,70.15,9.73,1,0,70.10,0.13,-0.95,-8.02,9.68
335.01,0,,70.15,9.70,1,0,69.92,0.05,-0.96,-8.11,9.61
335.10,0,,70.05,9.67,1,0,69.88,0.06,-1.02,-8.16,9.68
335.22,0,,69.97,9.65,1,0,70.10,0.08,-0.97,-8.09,9.65
335.31,0,,69.94,9.65,1,0,69.74,0.07,-0.95,-8.08,9.62
335.40,0,,69.95,9.64,2,-1,70.34,0.02,-1.00,-8.18,9.62
335.49,0,,70.08,9.62,1,0,70.28,-0.07,-0.99,-8.26,9.52
335.67,0,,70.24,9.59,1,0,70.36,0.03,-1.03,-8.20,9.66
335.73,0,,70.26,9.60,1,0,69.80,0.07,-0.97,-8.10,9.64
335.82,0,,70.08,9.61,1,0,69.65,-0.05,-0.94,-8.19,9.49
335.94,0,,69.87,9.58,1,0,70.02,-0.06,-1.02,-8.28,9.56
336.00,0,,69.87,9.56,1,0,70.19,0.03,-1.01,-8.18,9.64
336.15,0,,69.96,9.59,1,0,69.78,0.07,-1.00,-8.13,9.67
336.30,0,,69.96,9.63,1,0,69.90,-0.02,-0.99,-8.21,9.57
336.33,0,,69.94,9.62,1,0,70.11,-0.08,-1.02,-8.30,9.54
336.42,0,,69.99,9.58,1,0,70.06,-0.12,-1.01,-8.33,9.49
336.54,0,,70.00,9.53,1,0,69.67,-0.10,-0.98,-8.28,9.48
336.60,0,,69.91,9.51,1,0,69.90,-0.03,-1.02,-8.25,9.59
336.78,0,,69.82,9.51,2,-1,69.67,-0.17,-0.98,-8.35,9.41
336.81,0,,69.72,9.48,2,-1,69.47,-0.23,-0.99,-8.42,9.36
336.90,0,,69.70,9.45,2,-1,70.32,-0.06,-1.04,-8.30,9.58
336.99,0,,69.84,9.48,2,-1,69.78,-0.04,-1.00,-8.24,9.56
337.26,0,,69.99,9.53,2,-1,70.32,-0.15,-1.07,-8.42,9.52
337.26,0,,70.03,9.54,2,-1,69.52,-0.21,-1.07,-8.48,9.46
337.32,0,,69.94,9.50,2,-1,70.03,-0.17,-0.96,-8.33,9.39
337.44,0,,69.93,9.46,0,1,70.28,-0.09,-0.99,-8.28,9.50
337.50,0,,70.05,9.46,0,1,70.07,-0.11,-1.04,-8.35,9.53
337.68,0,,70.09,9.48,0,2,69.79,-0.23,-1.02,-8.45,9.39
337.80,0,,69.98,9.46,0,2,69.82,-0.20,-1.00,-8.40,9.40
337.80,0,,69.87,9.44,1,0,69.88,-0.06,-1.00,-8.26,9.54
337.98,0,,69.85,9.46,1,0,69.97,-0.12,-0.97,-8.29,9.45
338.08,0,,69.86,9.47,1,0,69.72,-0.22,-1.01,-8.43,9.39
338.11,0,,69.88,9.45,1,0,70.15,-0.16,-1.05,-8.41,9.49
338.19,0,,69.97,9.46,1,0,70.18,-0.08,-0.97,-8.25,9.49
338.40,0,,70.11,9.47,1,0,70.28,-0.11,-0.98,-8.29,9.47
338.40,0,,70.24,9.48,0,1,70.36,-0.18,-1.04,-8.42,9.46
338.49,0,,70.24,9.47,0,1,69.75,-0.21,-1.01,-8.42,9.40
338.67,0,,70.13,9.46,0,1,70.25,-0.10,-1.05,-8.35,9.55
338.71,0,,70.08,9.49,0,1,70.11,-0.05,-1.04,-8.29,9.59
338.79,0,,70.03,9.52,0,1,69.61,-0.19,-0.97,-8.36,9.38
338.91,0,,69.91,9.50,0,1,69.98,-0.18,-1.04,-8.42,9.46
339.03,0,,69.87,9.48,0,1,70.01,-0.04,-1.08,-8.32,9.64
339.09,0,,69.90,9.53,0,1,69.77,-0.07,-1.00,-8.27,9.53
339.21,0,,69.87,9.54,4,-2,69.74,-0.17,-0.98,-8.35,9.41
339.30,0,,69.92,9.50,4,-2,70.68,-0.18,-1.05,-8.43,9.47
339.48,0,,70.11,9.47,2,-1,69.91,-0.12,-1.00,-8.32,9.48
339.51,0,,70.20,9.48,1,0,70.26,-0.02,-0.99,-8.21,9.57
339.60,0,,70.15,9.52,1,0,69.82,-0.08,-1.06,-8.34,9.58
339.69,0,,70.04,9.53,1,0,69.98,-0.27,-1.00,-8.47,9.33
339.81,0,,69.97,9.47,1,0,70.08,-0.21,-1.01,-8.42,9.40
339.93,0,,69.99,9.43,1,0,70.02,-0.07,-1.04,-8.31,9.57
339.99,0,,70.03,9.46,1,0,70.08,-0.18,-0.99,-8.37,9.41
340.17,0,,69.98,9.46,1,0,69.53,-0.27,-1.06,-8.53,9.39
340.20,0,,69.93,9.43,1,0,70.48,-0.23,-1.04,-8.47,9.41
340.38,0,,70.06,9.41,1,0,70.31,-0.17,-0.98,-8.35,9.41
340.41,0,,70.19,9.41,1,0,69.87,-0.17,-1.03,-8.40,9.46
340.50,0,,70.10,9.42,1,0,69.76,-0.29,-1.03,-8.52,9.34
340.65,0,,69.94,9.39,1,0,69.92,-0.33,-1.01,-8.54,9.28
340.71,0,,69.90,9.35,0,1,70.23,-0.23,-1.00,-8.43,9.37
340.80,0,,70.00,9.35,0,1,70.04,-0.19,-1.00,-8.39,9.41
340.92,0,,69.99,9.37,1,0,69.43,-0.30,-1.04,-8.54,9.34
341.01,0,,69.90,9.37,1,0,70.42,-0.35,-1.11,-8.66,9.36
341.10,0,,69.92,9.38,1,0,69.63,-0.29,-1.18,-8.67,9.49
341.19,0,,69.92,9.42,1,0,69.98,-0.37,-1.15,-8.72,9.38
341.31,0,,69.89,9.40,1,0,69.88,-0.55,-1.17,-8.92,9.22
341.40,0,,69.85,9.33,1,0,69.57,-0.58,-1.22,-9.00,9.24
341.52,0,,69.76,9.27,1,0,69.75,-0.44,-1.17,-8.81,9.33
341.67,0,,69.73,9.29,2,-1,69.98,-0.31,-1.15,-8.66,9.44
341.70,0,,69.87,9.35,2,-1,70.32,-0.39,-1.13,-8.72,9.34
341.79,0,,70.14,9.37,1,0,70.64,-0.47,-1.16,-8.83,9.29
341.94,0,,70.40,9.36,1,0,70.38,-0.37,-1.18,-8.75,9.41
342.00,0,,70.46,9.38,0,2,70.10,-0.27,-1.14,-8.61,9.47
342.09,0,,70.34,9.42,0,2,70.22,-0.34,-1.15,-8.69,9.41
342.21,0,,70.22,9.41,0,2,70.16,-0.49,-1.12,-8.81,9.23
342.30,0,,70.15,9.35,0,2,70.01,-0.44,-1.11,-8.75,9.27
342.42,0,,70.08,9.30,0,2,70.04,-0.30,-1.11,-8.61,9.41
342.51,0,,70.07,9.33,0,1,70.27,-0.36,-1.14,-8.70,9.38
342.66,0,,70.13,9.36,0,1,70.19,-0.46,-1.20,-8.86,9.34
342.72,0,,70.20,9.36,0,1,70.26,-0.44,-1.16,-8.80,9.32
342.81,0,,70.23,9.35,1,0,70.20,-0.34,-1.13,-8.67,9.39
342.90,0,,70.24,9.36,2,-1,70.24,-0.36,-1.11,-8.67,9.35
342.99,0,,70.24,9.35,1,0,70.31,-0.46,-1.15,-8.81,9.29
343.17,0,,70.27,9.34,0,1,70.30,-0.46,-1.21,-8.87,9.35
343.20,0,,70.31,9.33,0,1,70.46,-0.41,-1.16,-8.77,9.35
343.29,0,,70.35,9.35,0,1,70.19,-0.34,-1.15,-8.69,9.41
343.44,0,,70.25,9.37,0,1,69.71,-0.44,-1.15,-8.79,9.31
343.53,0,,70.10,9.34,0,1,70.44,-0.57,-1.17,-8.94,9.20
343.59,0,,70.16,9.30,0,1,70.57,-0.46,-1.21,-8.87,9.35
343.71,0,,70.29,9.29,0,1,69.93,-0.39,-1.11,-8.70,9.32
343.80,0,,70.29,9.31,0,1,70.45,-0.41,-1.11,-8.72,9.30
343.92,0,,70.27,9.32,0,1,70.15,-0.45,-1.20,-8.85,9.35
344.01,0,,70.22,9.33,1,0,69.99,-0.49,-1.18,-8.87,9.29
344.10,0,,70.07,9.33,1,0,69.69,-0.41,-1.14,-8.75,9.33
344.19,0,,69.94,9.32,2,-1,70.25,-0.44,-1.11,-8.75,9.27
344.34,0,,69.93,9.28,2,-1,69.82,-0.58,-1.12,-8.90,9.14
344.40,0,,69.97,9.23,2,-1,70.09,-0.53,-1.17,-8.90,9.24
344.49,0,,70.02,9.23,4,-2,70.20,-0.41,-1.19,-8.80,9.38
344.70,0,,70.17,9.29,1,0,70.61,-0.42,-1.19,-8.81,9.37
344.70,0,,70.32,9.34,2,-1,70.09,-0.50,-1.19,-8.89,9.29
344.79,0,,70.26,9.33,2,-1,69.74,-0.54,-1.18,-8.92,9.24
344.94,0,,70.05,9.29,2,-1,69.95,-0.51,-1.15,-8.86,9.24
345.00,0,,69.97,9.27,1,0,70.43,-0.44,-1.18,-8.82,9.34
345.09,0,,70.12,9.29,1,0,70.38,-0.50,-1.21,-8.91,9.31
345.24,0,,70.28,9.29,0,1,70.17,-0.63,-1.16,-8.99,9.13
345.30,0,,70.28,9.24,0,1,70.05,-0.53,-1.17,-8.90,9.24
345.45,0,,70.14,9.23,0,1,69.83,-0.43,-1.17,-8.80,9.34
345.51,0,,70.01,9.25,1,0,70.08,-0.55,-1.12,-8.87,9.17
345.60,0,,69.99,9.23,2,-1,70.18,-0.66,-1.19,-9.05,9.13
345.75,0,,70.07,9.19,1,0,70.14,-0.60,-1.18,-8.98,9.18
345.87,0,,70.14,9.17,1,0,70.17,-0.49,-1.12,-8.81,9.23
345.96,0,,70.13,9.19,1,0,69.91,-0.55,-1.15,-8.90,9.20
345.99,0,,70.04,9.19,2,-1,69.86,-0.68,-1.13,-9.01,9.05
346.17,0,,70.04,9.15,2,-1,70.69,-0.59,-1.16,-8.95,9.17
346.20,0,,70.20,9.16,2,-1,70.16,-0.47,-1.19,-8.86,9.32
346.29,0,,70.33,9.21,1,0,70.44,-0.54,-1.13,-8.87,9.19
346.48,0,,70.32,9.23,1,0,69.94,-0.59,-1.16,-8.95,9.17
346.50,0,,70.30,9.21,0,2,70.77,-0.59,-1.19,-8.98,9.20
346.74,0,,70.35,9.20,0,1,70.18,-0.56,-1.13,-8.89,9.17
346.74,0,,70.36,9.19,0,1,70.19,-0.51,-1.13,-8.84,9.22
346.92,0,,70.37,9.20,0,2,70.94,-0.54,-1.17,-8.91,9.23
346.92,0,,70.46,9.22,0,2,70.07,-0.59,-1.19,-8.98,9.20
347.04,0,,70.41,9.22,0,1,70.24,-0.59,-1.14,-8.93,9.15
347.10,0,,70.27,9.19,0,1,70.10,-0.53,-1.08,-8.81,9.15
347.31,0,,70.19,9.17,0,1,70.34,-0.55,-1.08,-8.83,9.13
347.31,0,,70.18,9.14,2,-1,70.06,-0.65,-1.13,-8.98,9.08
347.40,0,,70.12,9.12,2,-1,69.87,-0.57,-1.15,-8.92,9.18
347.49,0,,70.06,9.14,2,-1,70.35,-0.47,-1.09,-8.76,9.22
347.67,0,,70.11,9.18,4,-2,70.15,-0.50,-1.08,-8.78,9.18
347.70,0,,70.22,9.19,4,-2,70.51,-0.58,-1.12,-8.90,9.14
347.82,0,,70.34,9.18,2,-1,70.40,-0.58,-1.15,-8.93,9.17
347.94,0,,70.37,9.18,1,0,70.00,-0.47,-1.14,-8.81,9.27
348.03,0,,70.22,9.22,1,0,69.89,-0.47,-1.12,-8.79,9.25
348.15,0,,70.05,9.24,1,0,70.13,-0.59,-1.15,-8.94,9.16
348.21,0,,70.05,9.21,1,0,70.39,-0.60,-1.14,-8.94,9.14
348.30,0,,70.19,9.18,1,0,70.37,-0.50,-1.12,-8.82,9.22
348.42,0,,70.28,9.19,1,0,69.98,-0.44,-1.09,-8.73,9.25
348.51,0,,70.28,9.22,1,0,70.67,-0.48,-1.11,-8.79,9.23
348.60,0,,70.37,9.24,1,0,70.44,-0.57,-1.18,-8.95,9.21
348.69,0,,70.42,9.22,1,0,70.17,-0.63,-1.12,-8.95,9.09
348.81,0,,70.34,9.17,0,1,70.16,-0.52,-1.07,-8.79,9.15
348.93,0,,70.26,9.15,1,0,70.41,-0.50,-1.11,-8.81,9.21
349.05,0,,70.29,9.15,1,0,70.49,-0.62,-1.11,-8.93,9.09
349.32,0,,70.33,9.14,1,0,69.99,-0.63,-1.12,-8.95,9.09
349.32,0,,70.24,9.12,1,0,70.08,-0.58,-1.11,-8.89,9.13
349.36,0,,70.16,9.12,1,0,70.41,-0.50,-1.07,-8.77,9.17
349.44,0,,70.21,9.15,1,0,70.28,-0.51,-1.10,-8.81,9.19
349.50,0,,70.33,9.17,1,0,70.68,-0.62,-1.13,-8.95,9.11
349.59,0,,70.47,9.16,1,0,70.48,-0.59,-1.14,-8.93,9.15
349.77,0,,70.51,9.17,0,1,70.25,-0.47,-1.12,-8.79,9.25
349.92,0,,70.41,9.20,0,1,70.25,-0.48,-1.11,-8.79,9.23
349.96,0,,70.33,9.22,1,0,70.43,-0.58,-1.14,-8.92,9.16
350.01,0,,70.30,9.21,0,1,70.20,-0.54,-1.15,-8.89,9.21
350.11,0,,70.22,9.21,1,0,69.85,-0.47,-1.13,-8.80,9.26
350.19,0,,70.13,9.21,1,0,70.49,-0.57,-1.09,-8.86,9.12
350.31,0,,70.18,9.19,1,0,70.21,-0.61,-1.14,-8.95,9.13
350.40,0,,70.24,9.17,2,-1,70.17,-0.55,-1.21,-8.96,9.26
350.49,0,,70.27,9.20,2,-1,70.52,-0.50,-1.14,-8.84,9.24
350.67,0,,70.33,9.23,1,0,70.28,-0.45,-1.10,-8.75,9.25
350.71,0,,70.37,9.25,1,0,70.42,-0.53,-1.15,-8.88,9.22
350.82,0,,70.40,9.24,1,0,70.47,-0.62,-1.15,-8.97,9.13
350.91,0,,70.41,9.20,1,0,70.32,-0.54,-1.14,-8.88,9.20
351.00,0,,70.35,9.19,1,0,70.01,-0.49,-1.14,-8.83,9.25
351.09,0,,70.24,9.20,1,0,70.36,-0.56,-1.13,-8.89,9.17
351.21,0,,70.21,9.20,1,0,70.23,-0.62,-1.13,-8.95,9.11
351.30,0,,70.24,9.17,1,0,70.31,-0.58,-1.14,-8.92,9.16
351.42,0,,70.25,9.15,1,0,70.12,-0.55,-1.12,-8.87,9.17
351.51,0,,70.18,9.16,1,0,69.92,-0.54,-1.13,-8.87,9.19
351.60,0,,70.11,9.19,1,0,70.34,-0.54,-1.22,-8.96,9.28
351.69,0,,70.15,9.23,1,0,70.29,-0.58,-1.22,-9.00,9.24
351.81,0,,70.27,9.25,1,0,70.53,-0.53,-1.16,-8.89,9.23
351.93,0,,70.38,9.25,1,0,70.31,-0.52,-1.14,-8.86,9.22
351.99,0,,70.40,9.23,1,0,70.29,-0.61,-1.20,-9.01,9.19
352.23,0,,70.34,9.22,1,0,70.24,-0.59,-1.27,-9.06,9.28
352.23,0,,70.34,9.22,1,0,70.24,-0.59,-1.27,-9.06,9.28
352.29,0,,70.24,9.24,1,0,70.22,-0.54,-1.15,-8.89,9.21
352.41,0,,70.22,9.23,1,0,70.21,-0.56,-1.19,-8.95,9.23
352.50,0,,70.22,9.22,2,-1,70.26,-0.67,-1.21,-9.08,9.14
352.59,0,,70.19,9.20,1,0,69.91,-0.65,-1.26,-9.11,9.21
352.74,0,,70.12,9.19,1,0,70.22,-0.63,-1.20,-9.03,9.17
352.80,0,,70.13,9.17,2,-1,70.39,-0.65,-1.14,-8.99,9.09
352.92,0,,70.20,9.14,1,0,70.04,-0.68,-1.22,-9.10,9.14
353.04,0,,70.24,9.13,1,0,70.46,-0.69,-1.27,-9.16,9.18
353.16,0,,70.25,9.16,1,0,70.02,-0.60,-1.26,-9.06,9.26
353.25,0,,70.18,9.20,1,0,69.96,-0.62,-1.20,-9.02,9.18
353.31,0,,70.09,9.20,1,0,70.23,-0.70,-1.21,-9.11,9.11
353.46,0,,70.13,9.17,2,-1,70.46,-0.70,-1.27,-9.17,9.17
353.49,0,,70.24,9.16,1,0,70.14,-0.67,-1.26,-9.13,9.19
353.70,0,,70.26,9.18,2,-1,70.12,-0.58,-1.23,-9.01,9.25
353.70,0,,70.26,9.18,2,-1,70.12,-0.58,-1.23,-9.01,9.25
353.79,0,,70.16,9.17,1,0,70.01,-0.80,-1.21,-9.21,9.01
353.91,0,,70.11,9.11,1,0,70.14,-0.72,-1.22,-9.14,9.10
354.00,0,,70.10,9.09,1,0,70.17,-0.60,-1.23,-9.03,9.23
354.09,0,,70.14,9.14,1,0,70.26,-0.66,-1.26,-9.12,9.20
354.21,0,,70.25,9.19,1,0,70.60,-0.72,-1.28,-9.20,9.16
354.30,0,,70.38,9.19,1,0,70.29,-0.74,-1.32,-9.26,9.18
354.45,0,,70.39,9.19,1,0,70.17,-0.68,-1.28,-9.16,9.20
354.57,0,,70.35,9.20,1,0,70.56,-0.60,-1.27,-9.07,9.27
354.60,0,,70.37,9.22,0,1,70.39,-0.70,-1.32,-9.22,9.22
354.69,0,,70.45,9.21,0,1,70.65,-0.79,-1.24,-9.23,9.05
354.81,0,,70.46,9.15,0,2,70.07,-0.71,-1.22,-9.13,9.11
354.90,0,,70.36,9.11,0,2,70.25,-0.70,-1.26,-9.16,9.16
355.02,0,,70.21,9.11,0,1,69.95,-0.76,-1.28,-9.24,9.12
355.17,0,,70.08,9.13,1,0,70.00,-0.75,-1.37,-9.32,9.22
355.23,0,,70.01,9.17,4,-2,70.12,-0.73,-1.34,-9.27,9.21
355.32,0,,69.96,9.18,4,-2,69.58,-0.70,-1.19,-9.09,9.09
355.41,0,,69.90,9.16,4,-2,70.21,-0.70,-1.24,-9.14,9.14
355.53,0,,70.04,9.22,4,-2,70.83,-0.53,-1.75,-9.48,9.82
355.59,0,,70.42,9.60,4,-2,70.93,-0.08,-2.32,-9.60,10.84
355.71,0,,70.77,10.22,1,0,70.89,-0.00,-2.25,-9.45,10.85
355.83,0,,70.89,10.69,0,1,70.56,-0.14,-2.15,-9.49,10.61
355.92,0,,70.81,10.82,0,2,70.73,-0.16,-2.27,-9.63,10.71
356.04,0,,70.70,10.77,0,2,70.55,-0.20,-2.21,-9.61,10.61
356.10,0,,70.62,10.71,0,2,70.57,-0.09,-2.28,-9.57,10.79
356.34,0,,70.56,10.71,0,2,70.53,-0.09,-2.24,-9.53,10.75
356.35,0,,70.56,10.72,0,2,70.71,-0.22,-2.22,-9.64,10.60
356.40,0,,70.64,10.69,0,1,70.87,-0.25,-2.33,-9.78,10.68
356.49,0,,70.71,10.66,2,-1,70.51,-0.23,-2.25,-9.68,10.62
356.76,0,,70.73,10.67,0,1,70.92,-0.12,-2.29,-9.61,10.77
356.80,0,,70.70,10.70,0,1,70.31,-0.18,-2.30,-9.68,10.72
356.80,0,,70.60,10.70,1,0,70.58,-0.33,-2.22,-9.75,10.49
356.91,0,,70.56,10.64,1,0,70.84,-0.25,-2.26,-9.71,10.61
357.00,0,,70.62,10.62,1,0,70.51,-0.11,-2.29,-9.60,10.78
357.09,0,,70.59,10.66,1,0,70.25,-0.20,-2.24,-9.64,10.64
357.21,0,,70.51,10.67,2,-1,70.80,-0.33,-2.26,-9.79,10.53
357.30,0,,70.53,10.63,2,-1,70.55,-0.26,-2.29,-9.75,10.63
357.42,0,,70.59,10.61,2,-1,70.61,-0.20,-2.21,-9.61,10.61
357.55,0,,70.56,10.61,2,-1,70.24,-0.21,-2.23,-9.64,10.62
357.60,0,,70.51,10.62,0,1,70.78,-0.24,-2.31,-9.75,10.67
357.71,0,,70.57,10.63,0,1,70.82,-0.31,-2.27,-9.78,10.56
357.90,0,,70.68,10.63,1,0,70.54,-0.25,-2.27,-9.72,10.62
357.90,0,,70.65,10.62,1,0,70.35,-0.20,-2.24,-9.64,10.64
358.02,0,,70.57,10.61,1,0,70.83,-0.27,-2.21,-9.68,10.54
358.17,0,,70.61,10.60,1,0,70.77,-0.29,-2.33,-9.82,10.64
358.20,0,,70.73,10.61,1,0,70.85,-0.27,-2.31,-9.78,10.64
358.29,0,,70.86,10.62,0,1,71.21,-0.25,-2.19,-9.64,10.54
358.41,0,,70.94,10.60,0,2,70.48,-0.26,-2.25,-9.71,10.59
358.53,0,,70.86,10.59,0,2,70.80,-0.32,-2.32,-9.84,10.60
358.59,0,,70.78,10.60,0,1,70.94,-0.28,-2.30,-9.78,10.62
358.71,0,,70.79,10.62,0,1,70.65,-0.18,-2.24,-9.62,10.66
358.80,0,,70.80,10.64,1,0,71.04,-0.18,-2.25,-9.63,10.67
358.92,0,,70.87,10.65,0,1,70.93,-0.31,-2.28,-9.79,10.57
359.01,0,,70.92,10.61,0,1,70.81,-0.39,-2.25,-9.84,10.46
359.10,0,,70.82,10.56,0,1,70.28,-0.28,-2.27,-9.75,10.59
359.19,0,,70.62,10.54,0,1,70.53,-0.29,-2.24,-9.73,10.55
359.34,0,,70.44,10.54,2,-1,70.17,-0.38,-2.27,-9.85,10.49
359.43,0,,70.35,10.54,4,-2,70.61,-0.38,-2.36,-9.94,10.58
359.52,0,,70.40,10.54,4,-2,70.54,-0.40,-2.29,-9.89,10.49
359.67,0,,70.51,10.54,4,-2,70.63,-0.30,-2.29,-9.79,10.59
359.73,0,,70.59,10.56,4,-2,70.62,-0.30,-2.30,-9.80,10.60
359.85,0,,70.66,10.55,4,-2,70.83,-0.48,-2.21,-9.89,10.33
359.91,0,,70.70,10.48,2,-1,70.58,-0.42,-2.26,-9.88,10.44
360.03,0,,70.70,10.46,1,0,70.70,-0.27,-2.32,-9.79,10.65
360.09,0,,70.72,10.51,1,0,71.00,-0.33,-2.24,-9.77,10.51
360.21,0,,70.74,10.53,0,2,70.28,-0.44,-2.25,-9.89,10.41
360.30,0,,70.65,10.49,0,2,70.72,-0.44,-2.27,-9.91,10.43
360.42,0,,70.60,10.44,0,1,70.65,-0.40,-2.18,-9.78,10.38
360.60,0,,70.63,10.41,1,0,70.75,-0.36,-2.22,-9.78,10.46
360.61,0,,70.72,10.42,1,0,70.96,-0.40,-2.28,-9.88,10.48
360.69,0,,70.79,10.44,1,0,70.54,-0.51,-2.24,-9.95,10.33
360.81,0,,70.73,10.42,1,0,70.56,-0.45,-2.29,-9.94,10.44
360.93,0,,70.70,10.44,1,0,71.13,-0.29,-2.31,-9.80,10.62
361.02,0,,70.80,10.50,1,0,70.81,-0.36,-2.27,-9.83,10.51
361.26,0,,70.87,10.53,1,0,70.82,-0.47,-2.34,-10.01,10.47
361.27,0,,70.84,10.52,0,1,70.66,-0.42,-2.30,-9.92,10.48
361.30,0,,70.78,10.48,0,1,70.79,-0.40,-2.20,-9.80,10.40
361.47,0,,70.71,10.45,0,1,70.51,-0.40,-2.23,-9.83,10.43
361.51,0,,70.66,10.44,0,1,70.75,-0.42,-2.32,-9.94,10.50
361.59,0,,70.63,10.46,1,0,70.54,-0.42,-2.31,-9.93,10.49
361.71,0,,70.68,10.49,1,0,71.10,-0.33,-2.24,-9.77,10.51
361.83,0,,70.77,10.52,1,0,70.60,-0.31,-2.26,-9.77,10.55
361.92,0,,70.76,10.52,1,0,70.52,-0.44,-2.26,-9.90,10.42
362.01,0,,70.68,10.49,0,1,70.78,-0.47,-2.27,-9.94,10.40
362.16,0,,70.65,10.46,1,0,70.60,-0.33,-2.34,-9.87,10.61
362.20,0,,70.66,10.49,2,-1,70.74,-0.33,-2.23,-9.76,10.50
362.32,0,,70.71,10.51,1,0,70.90,-0.40,-2.24,-9.84,10.44
362.43,0,,70.77,10.50,1,0,70.64,-0.39,-2.34,-9.93,10.55
362.49,0,,70.72,10.51,1,0,70.41,-0.37,-2.29,-9.86,10.52
362.68,0,,70.58,10.54,1,0,70.46,-0.29,-2.30,-9.79,10.61
362.73,0,,70.50,10.57,1,0,70.67,-0.31,-2.29,-9.80,10.58
362.82,0,,70.54,10.57,1,0,70.67,-0.43,-2.24,-9.87,10.41
362.91,0,,70.68,10.53,1,0,71.09,-0.34,-2.30,-9.84,10.56
363.00,0,,70.82,10.54,1,0,70.65,-0.23,-2.33,-9.76,10.70
363.15,0,,70.88,10.60,1,0,71.06,-0.28,-2.27,-9.75,10.59
363.24,0,,70.90,10.62,1,0,70.79,-0.37,-2.30,-9.87,10.53
363.60,0,,70.95,10.59,1,0,71.25,-0.38,-2.32,-9.90,10.54
363.61,0,,70.96,10.56,0,2,70.53,-0.32,-2.26,-9.78,10.54
363.76,0,,70.80,10.55,0,2,70.27,-0.29,-2.25,-9.74,10.56
363.76,0,,70.55,10.55,0,1,70.60,-0.35,-2.30,-9.85,10.55
363.97,0,,70.54,10.53,1,0,70.73,-0.33,-2.31,-9.84,10.58
363.97,0,,70.54,10.53,1,0,70.73,-0.33,-2.31,-9.84,10.58
363.97,0,,70.67,10.55,1,0,70.89,-0.19,-2.29,-9.68,10.70
363.99,0,,70.79,10.60,1,0,70.87,-0.35,-2.28,-9.83,10.53
364.20,0,,70.85,10.60,1,0,70.68,-0.43,-2.33,-9.96,10.50
364.21,0,,70.85,10.57,1,0,71.07,-0.31,-2.31,-9.82,10.60
364.30,0,,70.91,10.56,1,0,71.03,-0.28,-2.25,-9.73,10.57
364.41,0,,70.92,10.57,1,0,70.47,-0.31,-2.25,-9.76,10.54
364.51,0,,70.88,10.56,0,1,71.34,-0.34,-2.28,-9.82,10.54
364.60,0,,70.99,10.55,0,1,71.32,-0.34,-2.31,-9.85,10.57
364.72,0,,71.12,10.56,0,2,70.75,-0.28,-2.27,-9.75,10.59
364.81,0,,71.07,10.58,0,2,71.00,-0.27,-2.26,-9.73,10.59
364.92,0,,70.92,10.58,0,1,70.52,-0.36,-2.26,-9.82,10.50
365.02,0,,70.74,10.55,1,0,70.58,-0.40,-2.29,-9.89,10.49
365.11,0,,70.63,10.52,0,1,70.80,-0.34,-2.32,-9.86,10.58
365.20,0,,70.68,10.53,1,0,70.98,-0.30,-2.26,-9.76,10.56
365.32,0,,70.82,10.55,2,-1,70.92,-0.33,-2.24,-9.77,10.51
365.40,0,,70.91,10.54,2,-1,70.88,-0.41,-2.26,-9.87,10.45
365.50,0,,70.95,10.50,2,-1,71.06,-0.37,-2.26,-9.83,10.49
365.68,0,,70.95,10.49,2,-1,70.70,-0.28,-2.25,-9.73,10.57
365.70,0,,70.85,10.52,1,0,70.56,-0.29,-2.24,-9.73,10.55
365.80,0,,70.71,10.54,1,0,70.69,-0.35,-2.25,-9.80,10.50
365.92,0,,70.65,10.54,1,0,70.72,-0.34,-2.28,-9.82,10.54
366.01,0,,70.68,10.55,1,0,70.80,-0.26,-2.30,-9.76,10.64
366.10,0,,70.73,10.58,1,0,70.71,-0.25,-2.25,-9.70,10.60
366.22,0,,70.76,10.60,1,0,70.83,-0.34,-2.22,-9.76,10.48
366.31,0,,70.80,10.56,2,-1,70.89,-0.39,-2.29,-9.88,10.50
366.43,0,,70.84,10.53,2,-1,70.84,-0.31,-2.29,-9.80,10.58
366.52,0,,70.84,10.53,2,-1,70.66,-0.26,-2.19,-9.65,10.53
366.61,0,,70.78,10.53,1,0,70.78,-0.36,-2.19,-9.75,10.43
366.70,0,,70.73,10.49,1,0,70.62,-0.42,-2.30,-9.92,10.48
366.82,0,,70.68,10.48,1,0,70.65,-0.41,-2.31,-9.92,10.50
366.91,0,,70.66,10.48,2,-1,70.79,-0.36,-2.24,-9.80,10.48
367.00,0,,70.74,10.50,2,-1,71.04,-0.31,-2.26,-9.77,10.55
367.18,0,,70.84,10.52,2,-1,70.75,-0.36,-2.33,-9.89,10.57
367.21,0,,70.82,10.55,2,-1,70.42,-0.36,-2.30,-9.86,10.54
367.30,0,,70.71,10.55,2,-1,70.94,-0.33,-2.20,-9.73,10.47
367.42,0,,70.73,10.53,1,0,70.87,-0.31,-2.23,-9.74,10.52
367.51,0,,70.84,10.52,1,0,71.04,-0.35,-2.30,-9.85,10.55
367.60,0,,70.93,10.52,1,0,70.86,-0.43,-2.29,-9.92,10.46
367.72,0,,70.98,10.51,1,0,71.19,-0.36,-2.29,-9.85,10.53
367.81,0,,70.98,10.52,1,0,70.57,-0.27,-2.28,-9.75,10.61
367.93,0,,70.89,10.54,1,0,70.88,-0.42,-2.27,-9.89,10.45
368.02,0,,70.84,10.51,1,0,71.09,-0.50,-2.30,-10.00,10.40
368.11,0,,70.93,10.48,0,1,71.07,-0.34,-2.30,-9.84,10.56
368.20,0,,70.99,10.49,0,1,70.77,-0.30,-2.27,-9.77,10.57
368.32,0,,70.95,10.52,0,1,70.88,-0.43,-2.26,-9.89,10.43
368.41,0,,70.85,10.50,1,0,70.59,-0.47,-2.32,-9.99,10.45
368.50,0,,70.74,10.48,1,0,70.69,-0.45,-2.34,-9.99,10.49
368.68,0,,70.69,10.47,2,-1,70.80,-0.42,-2.27,-9.89,10.45
368.71,0,,70.70,10.46,2,-1,70.71,-0.41,-2.27,-9.88,10.46
368.80,0,,70.70,10.45,2,-1,70.55,-0.48,-2.32,-10.00,10.44
368.92,0,,70.66,10.44,2,-1,70.67,-0.50,-2.30,-10.00,10.40
369.01,0,,70.63,10.43,4,-2,70.59,-0.42,-2.25,-9.87,10.43
369.16,0,,70.59,10.42,4,-2,70.48,-0.43,-2.25,-9.88,10.42
369.22,0,,70.58,10.41,2,-1,70.80,-0.53,-2.27,-10.00,10.34
369.34,0,,70.63,10.38,2,-1,70.67,-0.57,-2.32,-10.09,10.35
369.43,0,,70.72,10.37,1,0,70.94,-0.52,-2.35,-10.07,10.43
369.52,0,,70.77,10.38,1,0,70.53,-0.49,-2.31,-10.00,10.42
369.70,0,,70.68,10.39,0,1,70.54,-0.57,-2.32,-10.09,10.35
369.70,0,,70.68,10.39,0,1,70.54,-0.57,-2.32,-10.09,10.35
369.82,0,,70.65,10.38,0,1,70.78,-0.46,-2.30,-9.96,10.44
369.91,0,,70.71,10.41,0,1,71.03,-0.41,-2.31,-9.92,10.50
370.00,0,,70.89,10.46,0,1,71.23,-0.47,-2.34,-10.01,10.47
370.18,0,,71.05,10.48,0,1,70.97,-0.54,-2.33,-10.07,10.39
370.21,0,,71.11,10.46,0,2,71.10,-0.44,-2.31,-9.95,10.47
370.30,0,,71.06,10.46,0,2,70.83,-0.35,-2.31,-9.86,10.56
370.42,0,,70.97,10.49,0,2,70.89,-0.49,-2.36,-10.05,10.47
370.51,0,,70.85,10.48,0,2,70.51,-0.63,-2.35,-10.18,10.32
370.60,0,,70.71,10.41,0,1,70.66,-0.62,-2.30,-10.12,10.28
370.72,0,,70.67,10.34,1,0,71.00,-0.59,-2.32,-10.11,10.33
370.81,0,,70.72,10.32,1,0,70.51,-0.57,-2.38,-10.15,10.41
370.93,0,,70.70,10.35,4,-2,70.59,-0.62,-2.37,-10.19,10.35
371.02,0,,70.62,10.36,4,-2,70.56,-0.70,-2.38,-10.28,10.28
371.11,0,,70.60,10.34,4,-2,70.80,-0.65,-2.42,-10.27,10.37
371.20,0,,70.65,10.36,4,-2,70.65,-0.50,-2.38,-10.08,10.48
371.41,0,,70.74,10.42,2,-1,71.06,-0.41,-2.31,-9.92,10.50
371.41,0,,70.80,10.47,1,0,70.48,-0.50,-2.31,-10.01,10.41
371.50,0,,70.70,10.46,1,0,70.31,-0.58,-2.31,-10.09,10.33
371.68,0,,70.57,10.41,1,0,70.88,-0.47,-2.31,-9.98,10.44
371.71,0,,70.57,10.40,1,0,70.46,-0.47,-2.31,-9.98,10.44
371.80,0,,70.59,10.40,1,0,70.62,-0.65,-2.35,-10.20,10.30
371.92,0,,70.62,10.38,1,0,70.86,-0.63,-2.42,-10.25,10.39
372.01,0,,70.71,10.38,1,0,70.76,-0.53,-2.40,-10.13,10.47
372.10,0,,70.81,10.41,1,0,71.03,-0.56,-2.34,-10.10,10.38
372.25,0,,70.89,10.41,0,1,70.82,-0.64,-2.41,-10.25,10.37
372.31,0,,70.89,10.39,0,1,70.76,-0.74,-2.45,-10.39,10.31
372.43,0,,70.84,10.34,0,2,70.84,-0.73,-2.39,-10.32,10.26
372.55,0,,70.77,10.30,1,0,70.51,-0.64,-2.35,-10.19,10.31
372.61,0,,70.64,10.29,1,0,70.37,-0.65,-2.37,-10.22,10.32
372.73,0,,70.49,10.30,2,-1,70.48,-0.72,-2.41,-10.33,10.29
372.82,0,,70.46,10.30,2,-1,70.67,-0.73,-2.38,-10.31,10.25
372.91,0,,70.56,10.28,4,-2,70.90,-0.67,-2.36,-10.23,10.29
373.00,0,,70.69,10.27,4,-2,70.51,-0.70,-2.41,-10.31,10.31
373.18,0,,70.69,10.27,2,-1,70.55,-0.86,-2.48,-10.54,10.22
373.21,0,,70.63,10.26,2,-1,70.72,-0.88,-2.52,-10.60,10.24
373.30,0,,70.63,10.25,2,-1,70.66,-0.74,-2.49,-10.43,10.35
373.45,0,,70.64,10.28,1,0,70.56,-0.69,-2.41,-10.30,10.32
373.51,0,,70.64,10.30,1,0,70.75,-0.85,-2.43,-10.48,10.18
373.60,0,,70.67,10.26,1,0,70.69,-0.91,-2.48,-10.59,10.17
373.75,0,,70.71,10.21,1,0,70.81,-0.76,-2.45,-10.41,10.29
373.84,0,,70.80,10.23,0,1,71.10,-0.71,-2.41,-10.32,10.30
373.93,0,,70.88,10.27,0,1,70.67,-0.70,-2.43,-10.33,10.33
374.05,0,,70.83,10.31,0,1,70.49,-0.67,-2.40,-10.27,10.33
374.11,0,,70.65,10.34,0,1,70.41,-0.57,-2.32,-10.09,10.35
374.20,0,,70.57,10.38,1,0,71.08,-0.33,-2.27,-9.80,10.54
374.35,0,,70.71,10.45,1,0,70.88,-0.34,-2.27,-9.81,10.53
374.44,0,,70.90,10.49,1,0,71.21,-0.57,-2.33,-10.10,10.36
374.53,0,,70.97,10.46,1,0,70.42,-0.68,-2.43,-10.31,10.35
374.71,0,,70.89,10.40,1,0,71.07,-0.70,-2.47,-10.37,10.37
374.71,0,,70.85,10.35,1,0,70.87,-0.80,-2.45,-10.45,10.25
374.80,0,,70.86,10.29,0,1,70.77,-0.97,-2.53,-10.70,10.16
374.92,0,,70.83,10.22,0,1,70.77,-0.98,-2.60,-10.78,10.22
375.01,0,,70.80,10.19,0,1,70.84,-0.96,-2.58,-10.74,10.22
375.16,0,,70.83,10.20,0,1,71.02,-0.90,-2.53,-10.63,10.23
375.22,0,,70.89,10.21,0,1,70.82,-0.89,-2.52,-10.61,10.23
375.34,0,,70.88,10.21,0,1,70.71,-0.98,-2.55,-10.73,10.17
375.43,0,,70.82,10.21,0,1,70.78,-0.92,-2.55,-10.67,10.23
375.52,0,,70.77,10.21,0,1,70.77,-0.86,-2.50,-10.56,10.24
375.67,0,,70.70,10.21,0,1,70.34,-0.93,-2.48,-10.61,10.15
375.76,0,,70.65,10.19,0,1,71.13,-0.94,-2.51,-10.65,10.17
375.82,0,,70.75,10.18,1,0,70.88,-0.82,-2.49,-10.51,10.27
375.91,0,,70.88,10.23,1,0,70.86,-0.63,-2.40,-10.23,10.37
376.03,0,,70.86,10.32,1,0,70.55,-0.45,-2.34,-9.99,10.49
376.18,0,,70.83,10.43,1,0,71.24,-0.42,-2.35,-9.97,10.53
376.21,0,,70.91,10.51,1,0,71.00,-0.37,-2.33,-9.90,10.56
376.33,0,,70.97,10.56,1,0,70.66,-0.31,-2.29,-9.80,10.58
376.42,0,,70.88,10.57,0,1,70.75,-0.44,-2.30,-9.94,10.46
376.51,0,,70.72,10.53,1,0,70.36,-0.51,-2.34,-10.05,10.43
376.66,0,,70.57,10.48,1,0,70.60,-0.54,-2.40,-10.14,10.46
376.72,0,,70.59,10.46,1,0,71.18,-0.58,-2.46,-10.24,10.48
376.81,0,,70.77,10.46,2,-1,70.70,-0.58,-2.46,-10.24,10.48
376.93,0,,70.86,10.46,2,-1,70.78,-0.69,-2.46,-10.35,10.37
377.02,0,,70.85,10.43,2,-1,70.96,-0.72,-2.51,-10.43,10.39
377.11,0,,70.86,10.41,1,0,70.79,-0.64,-2.53,-10.37,10.49
377.26,0,,70.91,10.43,1,0,71.28,-0.59,-2.46,-10.25,10.47
377.32,0,,71.01,10.46,0,1,70.89,-0.66,-2.47,-10.33,10.41
377.41,0,,70.99,10.43,0,1,70.61,-0.84,-2.51,-10.55,10.27
377.53,0,,70.87,10.35,0,1,70.97,-0.89,-2.50,-10.59,10.21
377.65,0,,70.84,10.27,1,0,70.98,-0.83,-2.54,-10.57,10.31
377.74,0,,70.83,10.25,1,0,70.42,-0.85,-2.56,-10.61,10.31
377.83,0,,70.67,10.27,1,0,70.24,-0.89,-2.57,-10.66,10.28
377.98,0,,70.49,10.27,1,0,70.74,-0.91,-2.51,-10.62,10.20
378.01,0,,70.54,10.26,4,-2,71.02,-0.80,-2.49,-10.49,10.29
378.19,0,,70.74,10.26,4,-2,70.77,-0.79,-2.53,-10.52,10.34
378.22,0,,70.86,10.28,2,-1,70.95,-0.93,-2.49,-10.62,10.16
378.31,0,,70.89,10.25,2,-1,70.76,-0.87,-2.49,-10.56,10.22
378.43,0,,70.85,10.23,1,0,70.72,-0.76,-2.51,-10.47,10.35
378.55,0,,70.74,10.26,1,0,70.44,-0.78,-2.43,-10.41,10.25
378.67,0,,70.62,10.27,1,0,70.69,-0.84,-2.48,-10.52,10.24
378.73,0,,70.62,10.26,2,-1,70.87,-0.86,-2.56,-10.62,10.30
378.82,0,,70.71,10.27,2,-1,70.77,-0.80,-2.51,-10.51,10.31
378.91,0,,70.79,10.29,1,0,70.81,-0.80,-2.50,-10.50,10.30
379.06,0,,70.81,10.29,2,-1,70.80,-0.92,-2.53,-10.65,10.21
379.15,0,,70.80,10.25,2,-1,70.66,-0.98,-2.53,-10.71,10.15
379.21,0,,70.73,10.20,1,0,70.58,-0.92,-2.53,-10.65,10.21
379.30,0,,70.66,10.19,1,0,70.71,-0.81,-2.50,-10.51,10.29
379.45,0,,70.69,10.22,1,0,71.03,-0.85,-2.48,-10.53,10.23
379.54,0,,70.81,10.22,1,0,70.80,-0.99,-2.48,-10.67,10.09
379.60,0,,70.86,10.18,1,0,70.74,-0.91,-2.49,-10.60,10.18
379.72,0,,70.83,10.17,1,0,70.87,-0.82,-2.49,-10.51,10.27
379.96,0,,70.85,10.19,1,0,71.00,-0.90,-2.50,-10.60,10.20
379.96,0,,70.85,10.19,1,0,71.00,-0.90,-2.50,-10.60,10.20
380.02,0,,70.86,10.16,1,0,70.90,-1.02,-2.46,-10.68,10.04
380.11,0,,70.80,10.11,1,0,70.48,-0.95,-2.44,-10.59,10.09
380.20,0,,70.70,10.09,1,0,70.75,-0.93,-2.50,-10.63,10.17
380.32,0,,70.69,10.11,1,0,70.93,-0.99,-2.53,-10.72,10.14
380.41,0,,70.79,10.13,1,0,70.93,-1.00,-2.53,-10.73,10.13
380.50,0,,70.83,10.14,1,0,70.48,-0.93,-2.51,-10.64,10.18
380.65,0,,70.70,10.15,1,0,70.38,-0.93,-2.50,-10.63,10.17
380.71,0,,70.57,10.15,1,0,70.84,-1.03,-2.52,-10.75,10.09
380.80,0,,70.64,10.13,2,-1,71.01,-1.04,-2.54,-10.78,10.10
380.95,0,,70.77,10.11,1,0,70.56,-0.95,-2.50,-10.65,10.15
381.10,0,,70.83,10.12,1,0,71.16,-0.92,-2.49,-10.61,10.17
381.19,0,,70.90,10.14,1,0,70.87,-0.99,-2.51,-10.70,10.12
381.25,0,,70.96,10.13,1,0,71.04,-1.01,-2.51,-10.72,10.10
381.31,0,,70.92,10.12,1,0,70.48,-0.92,-2.51,-10.63,10.19
381.40,0,,70.76,10.14,0,1,70.52,-0.92,-2.48,-10.60,10.16
381.52,0,,70.60,10.14,1,0,70.67,-1.04,-2.49,-10.73,10.05
381.67,0,,70.61,10.12,1,0,70.97,-1.03,-2.55,-10.78,10.12
381.76,0,,70.79,10.11,1,0,71.16,-0.95,-2.54,-10.69,10.19
381.82,0,,70.92,10.14,1,0,70.53,-0.94,-2.51,-10.65,10.17
381.91,0,,70.84,10.16,1,0,70.55,-0.98,-2.53,-10.71,10.15
382.00,0,,70.70,10.15,1,0,70.88,-1.04,-2.55,-10.79,10.11
382.18,0,,70.70,10.13,1,0,70.76,-1.04,-2.52,-10.76,10.08
382.21,0,,70.73,10.10,1,0,70.60,-1.00,-2.47,-10.67,10.07
382.30,0,,70.73,10.08,1,0,70.91,-1.00,-2.53,-10.73,10.13
382.42,0,,70.75,10.09,1,0,70.65,-1.05,-2.57,-10.82,10.12
382.51,0,,70.74,10.10,1,0,70.67,-1.02,-2.50,-10.72,10.08
382.60,0,,70.68,10.11,1,0,70.55,-0.95,-2.51,-10.66,10.16
382.72,0,,70.67,10.12,1,0,71.00,-0.99,-2.54,-10.73,10.15
382.84,0,,70.73,10.13,1,0,70.62,-1.03,-2.52,-10.75,10.09
382.93,0,,70.77,10.13,1,0,70.84,-0.98,-2.53,-10.71,10.15
383.02,0,,70.79,10.14,1,0,70.84,-0.88,-2.53,-10.61,10.25
383.11,0,,70.79,10.18,1,0,70.64,-0.90,-2.51,-10.61,10.21
383.20,0,,70.71,10.20,1,0,70.44,-1.03,-2.51,-10.74,10.08
383.32,0,,70.59,10.16,1,0,70.58,-1.01,-2.51,-10.72,10.10
383.44,0,,70.54,10.12,1,0,70.60,-0.94,-2.50,-10.64,10.16
383.50,0,,70.60,10.12,1,0,70.98,-0.94,-2.48,-10.62,10.14
383.65,0,,70.78,10.13,1,0,71.05,-0.98,-2.50,-10.68,10.12
383.71,0,,70.94,10.14,1,0,70.94,-0.94,-2.56,-10.70,10.22
383.80,0,,70.98,10.18,1,0,70.76,-0.89,-2.56,-10.65,10.27
383.92,0,,70.91,10.21,1,0,70.86,-0.93,-2.50,-10.63,10.17
384.04,0,,70.89,10.20,0,1,71.18,-0.98,-2.51,-10.69,10.13
384.10,0,,70.99,10.18,0,2,71.10,-0.97,-2.57,-10.74,10.20
384.25,0,,71.03,10.18,0,2,70.74,-0.88,-2.58,-10.66,10.30
384.31,0,,70.90,10.23,0,2,70.39,-0.84,-2.51,-10.55,10.27
384.40,0,,70.68,10.25,0,1,70.70,-0.92,-2.49,-10.61,10.17
384.52,0,,70.56,10.22,1,0,70.43,-0.96,-2.51,-10.67,10.15
384.67,0,,70.54,10.18,4,-2,70.75,-0.89,-2.48,-10.57,10.19
384.76,0,,70.58,10.18,4,-2,70.60,-0.79,-2.48,-10.47,10.29
384.85,0,,70.66,10.23,4,-2,70.92,-0.79,-2.51,-10.50,10.32
384.91,0,,70.77,10.27,4,-2,70.83,-0.91,-2.55,-10.66,10.24
385.06,0,,70.86,10.28,2,-1,70.95,-0.92,-2.60,-10.72,10.28
385.24,0,,70.89,10.28,1,0,70.79,-0.83,-2.57,-10.60,10.34
385.24,0,,70.90,10.29,1,0,71.04,-0.84,-2.54,-10.58,10.30
385.30,0,,70.87,10.29,1,0,70.47,-0.93,-2.54,-10.67,10.21
385.45,0,,70.80,10.26,1,0,71.02,-0.92,-2.56,-10.68,10.24
385.54,0,,70.76,10.25,0,1,70.57,-0.81,-2.57,-10.58,10.36
385.69,0,,70.68,10.27,0,1,70.33,-0.86,-2.50,-10.56,10.24
385.78,0,,70.63,10.28,2,-1,71.29,-0.88,-2.55,-10.63,10.27
385.81,0,,70.78,10.29,2,-1,70.85,-0.78,-2.58,-10.56,10.40
385.90,0,,70.87,10.31,2,-1,70.48,-0.79,-2.45,-10.44,10.26
386.02,0,,70.74,10.31,1,0,70.52,-0.77,-2.47,-10.44,10.30
386.17,0,,70.63,10.31,1,0,70.85,-0.75,-2.55,-10.50,10.40
386.20,0,,70.68,10.33,2,-1,70.94,-0.78,-2.51,-10.49,10.33
386.47,0,,70.84,10.35,1,0,71.11,-0.70,-2.51,-10.41,10.41
386.47,0,,70.92,10.38,1,0,70.45,-0.68,-2.51,-10.39,10.43
386.56,0,,70.78,10.39,1,0,70.50,-0.79,-2.48,-10.47,10.29
386.68,0,,70.61,10.36,1,0,70.65,-0.81,-2.51,-10.52,10.30
386.71,0,,70.65,10.33,1,0,71.28,-0.73,-2.54,-10.47,10.41
386.83,0,,70.87,10.33,1,0,70.97,-0.74,-2.49,-10.43,10.35
386.92,0,,71.00,10.35,0,1,70.79,-0.78,-2.52,-10.50,10.34
387.07,0,,70.96,10.35,0,1,70.87,-0.78,-2.55,-10.53,10.37
387.16,0,,70.94,10.34,0,1,71.29,-0.81,-2.46,-10.47,10.25
387.25,0,,70.95,10.31,0,1,70.37,-0.75,-2.50,-10.45,10.35
387.31,0,,70.84,10.32,0,1,70.97,-0.72,-2.57,-10.49,10.45
387.40,0,,70.81,10.35,0,1,70.98,-0.83,-2.51,-10.54,10.28
387.52,0,,70.86,10.35,1,0,70.76,-0.79,-2.52,-10.51,10.33
387.61,0,,70.90,10.34,1,0,71.13,-0.70,-2.56,-10.46,10.46
387.70,0,,70.93,10.38,1,0,70.71,-0.72,-2.53,-10.45,10.41
387.82,0,,70.93,10.39,1,0,71.10,-0.81,-2.53,-10.54,10.32
387.91,0,,70.93,10.37,1,0,70.82,-0.83,-2.56,-10.59,10.33
388.00,0,,70.89,10.34,1,0,70.70,-0.74,-2.49,-10.43,10.35
388.15,0,,70.81,10.34,1,0,70.80,-0.69,-2.48,-10.37,10.39
388.21,0,,70.84,10.37,1,0,71.34,-0.69,-2.57,-10.46,10.48
388.33,0,,70.95,10.41,0,1,70.69,-0.74,-2.51,-10.45,10.37
388.42,0,,70.93,10.41,0,1,70.67,-0.71,-2.51,-10.42,10.40
388.51,0,,70.87,10.42,0,1,71.29,-0.61,-2.55,-10.36,10.54
388.66,0,,70.91,10.44,1,0,70.67,-0.72,-2.47,-10.39,10.35
388.75,0,,70.87,10.41,1,0,70.64,-0.83,-2.50,-10.53,10.27
388.81,0,,70.73,10.36,1,0,70.52,-0.74,-2.57,-10.51,10.43
388.90,0,,70.64,10.36,1,0,70.84,-0.70,-2.48,-10.38,10.38
389.02,0,,70.70,10.38,2,-1,70.98,-0.70,-2.53,-10.43,10.43
389.29,0,,70.79,10.40,2,-1,70.58,-0.76,-2.58,-10.54,10.42
389.29,0,,70.81,10.40,2,-1,70.98,-0.81,-2.49,-10.50,10.28
389.35,0,,70.90,10.37,1,0,71.33,-0.69,-2.50,-10.39,10.41
389.41,0,,71.04,10.37,1,0,70.84,-0.67,-2.52,-10.39,10.45
389.50,0,,71.04,10.38,1,0,70.83,-0.81,-2.48,-10.49,10.27
389.65,0,,70.95,10.36,0,2,70.98,-0.82,-2.53,-10.55,10.31
389.71,0,,70.91,10.33,0,2,70.94,-0.72,-2.57,-10.49,10.45
389.80,0,,70.89,10.36,1,0,70.67,-0.70,-2.52,-10.42,10.42
389.92,0,,70.80,10.40,1,0,70.62,-0.74,-2.54,-10.48,10.40
390.01,0,,70.70,10.40,1,0,70.74,-0.81,-2.58,-10.59,10.37
390.16,0,,70.73,10.39,1,0,71.11,-0.76,-2.53,-10.49,10.37
390.25,0,,70.84,10.38,1,0,70.75,-0.69,-2.51,-10.40,10.42
390.31,0,,70.89,10.39,1,0,70.90,-0.72,-2.51,-10.43,10.39
390.40,0,,70.82,10.37,1,0,70.40,-0.81,-2.45,-10.46,10.24
390.55,0,,70.72,10.33,2,-1,70.94,-0.78,-2.51,-10.49,10.33
390.61,0,,70.71,10.33,2,-1,70.70,-0.64,-2.57,-10.41,10.53
390.70,0,,70.82,10.40,1,0,71.41,-0.67,-2.50,-10.37,10.43
390.82,0,,71.02,10.44,1,0,71.06,-0.76,-2.52,-10.48,10.36
390.91,0,,71.13,10.42,1,0,70.95,-0.75,-2.53,-10.48,10.38
391.00,0,,71.09,10.38,0,2,71.05,-0.75,-2.44,-10.39,10.29
391.24,0,,71.01,10.35,0,1,70.79,-0.70,-2.48,-10.38,10.38
391.24,0,,71.01,10.35,0,1,70.79,-0.70,-2.48,-10.38,10.38
391.30,0,,70.88,10.32,0,1,70.75,-0.85,-2.47,-10.52,10.22
391.48,0,,70.81,10.30,0,1,70.62,-0.75,-2.52,-10.47,10.37
391.51,0,,70.72,10.31,0,1,70.71,-0.73,-2.52,-10.45,10.39
391.60,0,,70.74,10.34,1,0,71.18,-0.79,-2.49,-10.48,10.30
391.75,0,,70.89,10.33,4,-2,70.99,-0.84,-2.52,-10.56,10.28
391.81,0,,71.01,10.30,2,-1,70.99,-0.85,-2.49,-10.54,10.24
391.90,0,,70.99,10.27,2,-1,70.63,-0.77,-2.43,-10.40,10.26
392.02,0,,70.93,10.26,1,0,71.29,-0.72,-2.50,-10.42,10.38
392.11,0,,70.97,10.30,0,1,70.92,-0.80,-2.54,-10.54,10.34
392.26,0,,70.99,10.32,0,1,70.81,-0.82,-2.48,-10.50,10.26
392.32,0,,70.98,10.33,0,1,71.33,-0.72,-2.52,-10.44,10.40
392.41,0,,71.04,10.35,0,1,70.91,-0.69,-2.55,-10.44,10.46
392.53,0,,71.07,10.39,1,0,71.12,-0.79,-2.50,-10.49,10.31
392.65,0,,71.06,10.37,0,1,71.03,-0.84,-2.49,-10.53,10.25
392.71,0,,71.06,10.31,0,1,71.02,-0.78,-2.49,-10.47,10.31
392.80,0,,71.02,10.29,0,1,70.92,-0.72,-2.49,-10.41,10.37
392.95,0,,70.90,10.31,0,1,70.40,-0.73,-2.49,-10.42,10.36
393.01,0,,70.80,10.33,1,0,71.33,-0.82,-2.49,-10.51,10.27
393.16,0,,70.87,10.32,0,1,70.89,-0.81,-2.48,-10.49,10.27
393.25,0,,70.89,10.29,2,-1,70.39,-0.72,-2.41,-10.33,10.29
393.31,0,,70.71,10.27,2,-1,70.42,-0.73,-2.40,-10.33,10.27
393.40,0,,70.58,10.26,4,-2,71.03,-0.82,-2.46,-10.48,10.24
393.52,0,,70.73,10.25,4,-2,71.24,-0.83,-2.47,-10.50,10.24
393.61,0,,70.99,10.25,2,-1,71.06,-0.77,-2.52,-10.49,10.35
393.70,0,,71.08,10.28,2,-1,70.76,-0.80,-2.49,-10.49,10.29
393.82,0,,70.99,10.29,1,0,70.84,-0.85,-2.47,-10.52,10.22
393.91,0,,70.89,10.27,1,0,70.96,-0.83,-2.53,-10.56,10.30
394.00,0,,70.89,10.27,1,0,71.00,-0.79,-2.47,-10.46,10.28
394.15,0,,70.95,10.27,0,1,71.03,-0.76,-2.41,-10.37,10.25
394.21,0,,70.96,10.27,0,2,70.73,-0.79,-2.45,-10.44,10.26
394.30,0,,70.94,10.26,0,1,71.13,-0.84,-2.50,-10.54,10.26
394.42,0,,70.93,10.26,1,0,70.81,-0.79,-2.51,-10.50,10.32
394.51,0,,70.89,10.29,2,-1,70.63,-0.70,-2.45,-10.35,10.35
394.66,0,,70.83,10.31,1,0,71.11,-0.71,-2.40,-10.31,10.29
394.75,0,,70.89,10.31,1,0,71.03,-0.82,-2.47,-10.49,10.25
394.90,0,,71.00,10.27,1,0,71.16,-0.85,-2.46,-10.51,10.21
394.90,0,,71.00,10.27,1,0,71.16,-0.85,-2.46,-10.51,10.21
395.02,0,,71.08,10.25,1,0,70.70,-0.68,-2.42,-10.30,10.34
395.11,0,,70.97,10.29,0,1,70.97,-0.73,-2.42,-10.35,10.29
395.20,0,,70.87,10.30,1,0,70.76,-0.78,-2.46,-10.44,10.28
395.32,0,,70.83,10.29,1,0,70.84,-0.77,-2.44,-10.41,10.27
395.41,0,,70.81,10.28,1,0,70.85,-0.72,-2.40,-10.32,10.28
395.56,0,,70.82,10.28,2,-1,70.81,-0.72,-2.45,-10.37,10.33
395.65,0,,70.88,10.29,1,0,71.22,-0.80,-2.47,-10.47,10.27
395.74,0,,70.95,10.28,1,0,70.68,-0.80,-2.47,-10.47,10.27
395.80,0,,70.93,10.28,1,0,70.93,-0.73,-2.44,-10.37,10.31
395.92,0,,70.87,10.29,1,0,70.74,-0.69,-2.43,-10.32,10.34
396.01,0,,70.81,10.31,1,0,70.75,-0.72,-2.46,-10.38,10.34
396.10,0,,70.74,10.31,1,0,70.62,-0.83,-2.43,-10.46,10.20
396.22,0,,70.75,10.28,1,0,71.15,-0.77,-2.46,-10.43,10.29
396.31,0,,70.85,10.28,1,0,70.79,-0.64,-2.45,-10.29,10.41
396.40,0,,70.89,10.32,1,0,70.76,-0.70,-2.41,-10.31,10.31
396.52,0,,70.85,10.34,1,0,70.84,-0.79,-2.48,-10.47,10.29
396.61,0,,70.82,10.33,1,0,70.84,-0.74,-2.49,-10.43,10.35
396.70,0,,70.83,10.33,1,0,70.88,-0.69,-2.42,-10.31,10.33
396.82,0,,70.81,10.33,1,0,70.54,-0.70,-2.40,-10.30,10.30
396.94,0,,70.76,10.32,1,0,70.91,-0.72,-2.42,-10.34,10.30
397.00,0,,70.72,10.30,1,0,70.53,-0.78,-2.45,-10.43,10.27
397.15,0,,70.72,10.29,1,0,70.98,-0.77,-2.47,-10.44,10.30
397.21,0,,70.78,10.30,2,-1,70.84,-0.64,-2.48,-10.32,10.44
397.30,0,,70.86,10.36,2,-1,70.93,-0.67,-2.44,-10.31,10.37
397.45,0,,70.88,10.38,2,-1,70.73,-0.75,-2.46,-10.41,10.31
397.54,0,,70.82,10.37,2,-1,70.65,-0.70,-2.49,-10.39,10.39
397.61,0,,70.74,10.37,2,-1,70.74,-0.63,-2.43,-10.26,10.40
397.78,0,,70.69,10.38,2,-1,70.65,-0.61,-2.37,-10.18,10.36
397.93,0,,70.68,10.37,1,0,70.74,-0.72,-2.40,-10.32,10.28
397.93,0,,70.71,10.32,1,0,70.82,-0.79,-2.43,-10.42,10.24
398.02,0,,70.77,10.28,1,0,70.83,-0.71,-2.44,-10.35,10.33
398.11,0,,70.77,10.29,1,0,70.47,-0.64,-2.44,-10.28,10.40
398.20,0,,70.69,10.34,1,0,70.72,-0.69,-2.44,-10.33,10.35
398.35,0,,70.64,10.34,1,0,70.66,-0.80,-2.42,-10.42,10.22
398.41,0,,70.64,10.30,1,0,70.58,-0.74,-2.41,-10.35,10.27
398.50,0,,70.68,10.29,1,0,71.09,-0.62,-2.48,-10.30,10.46
398.68,0,,70.84,10.36,1,0,71.08,-0.62,-2.49,-10.31,10.47
398.77,0,,70.98,10.42,1,0,70.86,-0.68,-2.45,-10.33,10.37
398.92,0,,71.01,10.42,1,0,71.06,-0.73,-2.47,-10.40,10.34
398.92,0,,70.94,10.38,0,1,70.46,-0.70,-2.45,-10.35,10.35
399.01,0,,70.80,10.36,0,1,70.91,-0.62,-2.39,-10.21,10.37
399.10,0,,70.78,10.36,0,1,71.01,-0.65,-2.42,-10.27,10.37
399.22,0,,70.84,10.36,0,1,70.75,-0.73,-2.43,-10.36,10.30
399.31,0,,70.85,10.34,1,0,70.79,-0.70,-2.38,-10.28,10.28
399.40,0,,70.82,10.32,1,0,70.82,-0.56,-2.39,-10.15,10.43
399.52,0,,70.82,10.36,1,0,70.94,-0.52,-2.43,-10.15,10.51
399.61,0,,70.84,10.42,1,0,70.73,-0.63,-2.36,-10.19,10.33
399.76,0,,70.83,10.42,1,0,70.80,-0.63,-2.38,-10.21,10.35
399.82,0,,70.78,10.40,1,0,70.64,-0.53,-2.39,-10.12,10.46
399.91,0,,70.75,10.42,1,0,70.89,-0.49,-2.34,-10.03,10.45
400.00,0,,70.76,10.45,2,-1,70.77,-0.57,-2.42,-10.19,10.45
400.15,0,,70.74,10.45,2,-1,70.42,-0.69,-2.47,-10.36,10.38
400.21,0,,70.65,10.43,2,-1,70.72,-0.69,-2.45,-10.34,10.36
400.30,0,,70.66,10.40,1,0,70.98,-0.62,-2.43,-10.25,10.41
400.42,0,,70.78,10.39,1,0,70.89,-0.66,-2.42,-10.28,10.36
400.51,0,,70.87,10.37,1,0,70.81,-0.78,-2.48,-10.46,10.30
400.60,0,,70.89,10.34,1,0,70.93,-0.77,-2.48,-10.45,10.31
400.72,0,,70.89,10.32,1,0,70.85,-0.69,-2.44,-10.33,10.35
400.84,0,,70.86,10.33,1,0,70.67,-0.63,-2.41,-10.24,10.38
400.90,0,,70.83,10.36,1,0,71.13,-0.61,-2.39,-10.20,10.38
401.02,0,,70.88,10.37,1,0,70.82,-0.68,-2.42,-10.30,10.34
401.11,0,,70.91,10.37,0,1,70.88,-0.67,-2.40,-10.27,10.33
401.20,0,,70.87,10.36,1,0,70.69,-0.55,-2.37,-10.12,10.42
401.35,0,,70.84,10.39,1,0,71.02,-0.56,-2.41,-10.17,10.45
401.41,0,,70.80,10.41,1,0,70.39,-0.63,-2.38,-10.21,10.35
401.53,0,,70.69,10.40,1,0,70.63,-0.55,-2.32,-10.07,10.37
401.65,0,,70.65,10.39,1,0,71.04,-0.51,-2.36,-10.07,10.45
401.74,0,,70.77,10.41,2,-1,70.88,-0.54,-2.37,-10.11,10.43
401.80,0,,70.85,10.41,1,0,70.63,-0.64,-2.36,-10.20,10.32
401.95,0,,70.81,10.38,1,0,70.78,-0.71,-2.41,-10.32,10.30
402.01,0,,70.77,10.34,1,0,70.81,-0.63,-2.43,-10.26,10.40
402.10,0,,70.77,10.36,1,0,70.76,-0.57,-2.43,-10.20,10.46
402.22,0,,70.75,10.40,1,0,70.63,-0.64,-2.44,-10.28,10.40
402.31,0,,70.70,10.41,1,0,70.62,-0.71,-2.47,-10.38,10.36
402.40,0,,70.62,10.40,1,0,70.42,-0.70,-2.46,-10.36,10.36
402.52,0,,70.54,10.37,1,0,70.61,-0.67,-2.40,-10.27,10.33
402.61,0,,70.54,10.35,2,-1,70.67,-0.68,-2.45,-10.33,10.37
402.70,0,,70.58,10.36,2,-1,70.51,-0.72,-2.52,-10.44,10.40
402.86,0,,70.59,10.36,2,-1,70.63,-0.77,-2.47,-10.44,10.30
402.94,0,,70.60,10.35,2,-1,70.63,-0.71,-2.46,-10.37,10.35
403.00,0,,70.63,10.35,2,-1,70.73,-0.66,-2.50,-10.36,10.44
403.15,0,,70.67,10.37,2,-1,70.65,-0.73,-2.49,-10.42,10.36
403.21,0,,70.67,10.38,2,-1,70.54,-0.80,-2.53,-10.53,10.33
403.33,0,,70.60,10.36,2,-1,70.46,-0.77,-2.54,-10.51,10.37
403.42,0,,70.54,10.35,2,-1,70.57,-0.74,-2.48,-10.42,10.34
403.51,0,,70.53,10.33,2,-1,70.66,-0.79,-2.47,-10.46,10.28
403.61,0,,70.58,10.30,2,-1,70.57,-0.89,-2.50,-10.59,10.21
403.72,0,,70.58,10.25,2,-1,70.45,-0.87,-2.51,-10.58,10.24
403.81,0,,70.55,10.24,2,-1,70.64,-0.76,-2.50,-10.46,10.34
403.90,0,,70.53,10.27,2,-1,70.32,-0.78,-2.51,-10.49,10.33
404.02,0,,70.53,10.30,2,-1,70.92,-0.88,-2.54,-10.62,10.26
404.11,0,,70.68,10.30,2,-1,71.08,-0.87,-2.54,-10.61,10.27
404.20,0,,70.89,10.28,2,-1,70.95,-0.81,-2.53,-10.54,10.32
404.32,0,,70.94,10.29,0,1,70.46,-0.79,-2.52,-10.51,10.33
404.41,0,,70.82,10.31,0,2,70.89,-0.81,-2.54,-10.55,10.33
404.50,0,,70.69,10.32,0,1,70.31,-0.88,-2.58,-10.66,10.30
404.65,0,,70.58,10.30,0,1,70.67,-0.91,-2.52,-10.63,10.21
404.75,0,,70.55,10.26,1,0,70.63,-0.85,-2.46,-10.51,10.21
404.81,0,,70.61,10.22,1,0,70.78,-0.85,-2.50,-10.55,10.25
404.92,0,,70.68,10.22,1,0,70.65,-0.93,-2.54,-10.67,10.21
405.04,0,,70.71,10.22,1,0,70.73,-0.91,-2.57,-10.68,10.26
405.10,0,,70.70,10.24,1,0,70.57,-0.82,-2.54,-10.56,10.32
405.37,0,,70.70,10.27,2,-1,70.96,-0.82,-2.53,-10.55,10.31
405.38,0,,70.73,10.29,1,0,70.54,-0.95,-2.56,-10.71,10.21
405.40,0,,70.66,10.24,1,0,70.30,-1.06,-2.55,-10.81,10.09
405.52,0,,70.56,10.18,1,0,70.86,-0.99,-2.56,-10.75,10.17
405.61,0,,70.57,10.15,1,0,70.54,-0.90,-2.56,-10.66,10.26
405.71,0,,70.61,10.18,1,0,70.59,-0.96,-2.55,-10.71,10.19
405.82,0,,70.61,10.19,1,0,70.68,-1.02,-2.58,-10.80,10.16
405.94,0,,70.63,10.19,1,0,70.62,-0.98,-2.61,-10.79,10.23
406.01,0,,70.64,10.20,1,0,70.61,-0.95,-2.58,-10.73,10.23
406.15,0,,70.65,10.21,1,0,70.83,-0.97,-2.54,-10.71,10.17
406.24,0,,70.72,10.20,1,0,70.82,-1.00,-2.61,-10.81,10.21
406.30,0,,70.78,10.20,1,0,70.73,-1.06,-2.66,-10.92,10.20
406.42,0,,70.77,10.19,1,0,70.62,-1.03,-2.58,-10.81,10.15
406.51,0,,70.74,10.18,1,0,70.96,-0.94,-2.54,-10.68,10.20
406.61,0,,70.77,10.18,1,0,70.67,-0.96,-2.56,-10.72,10.20
406.72,0,,70.73,10.18,1,0,70.41,-1.05,-2.60,-10.85,10.15
406.84,0,,70.66,10.17,1,0,70.98,-1.02,-2.62,-10.84,10.20
406.90,0,,70.68,10.18,1,0,70.58,-0.94,-2.55,-10.69,10.21
407.02,0,,70.68,10.19,1,0,70.56,-0.94,-2.55,-10.69,10.21
407.11,0,,70.61,10.20,1,0,70.45,-1.00,-2.60,-10.80,10.20
407.21,0,,70.52,10.19,1,0,70.50,-1.05,-2.56,-10.81,10.11
407.32,0,,70.53,10.16,2,-1,70.86,-0.97,-2.54,-10.71,10.17
407.44,0,,70.66,10.15,2,-1,70.92,-0.92,-2.54,-10.66,10.22
407.50,0,,70.70,10.16,1,0,69.97,-1.02,-2.54,-10.76,10.12
407.65,0,,70.45,10.16,1,0,69.96,-1.06,-2.58,-10.84,10.12
407.71,0,,70.20,10.13,2,-1,70.56,-1.05,-2.53,-10.78,10.08
407.80,0,,70.28,10.10,4,-2,70.80,-1.03,-2.50,-10.73,10.07
407.92,0,,70.52,10.08,4,-2,70.67,-1.02,-2.52,-10.74,10.10
408.04,0,,70.69,10.06,1,0,70.74,-1.14,-2.49,-10.83,9.95
408.16,0,,70.74,10.02,1,0,70.64,-1.08,-2.52,-10.80,10.04
408.22,0,,70.71,10.03,1,0,70.58,-0.94,-2.55,-10.69,10.21
408.31,0,,70.61,10.09,0,1,70.37,-1.01,-2.52,-10.73,10.11
408.40,0,,70.56,10.11,0,1,70.94,-1.10,-2.51,-10.81,10.01
408.52,0,,70.65,10.09,0,2,70.75,-1.05,-2.52,-10.77,10.07
408.61,0,,70.75,10.07,0,2,70.75,-0.98,-2.53,-10.71,10.15
408.71,0,,70.76,10.10,0,1,70.61,-0.98,-2.57,-10.75,10.19
408.82,0,,70.70,10.14,0,1,70.61,-1.05,-2.58,-10.83,10.13
408.97,0,,70.66,10.14,1,0,70.74,-1.09,-2.53,-10.82,10.04
409.00,0,,70.68,10.10,1,0,70.81,-1.04,-2.53,-10.77,10.09
409.15,0,,70.71,10.08,1,0,70.54,-0.99,-2.53,-10.72,10.14
409.21,0,,70.71,10.08,0,1,70.88,-1.06,-2.50,-10.76,10.04
409.33,0,,70.76,10.07,0,1,70.96,-1.13,-2.54,-10.87,10.01
409.45,0,,70.83,10.04,1,0,70.63,-1.08,-2.57,-10.85,10.09
409.54,0,,70.78,10.06,1,0,70.59,-0.98,-2.55,-10.73,10.17
409.66,0,,70.60,10.10,1,0,70.06,-1.00,-2.55,-10.75,10.15
409.73,0,,70.42,10.12,2,-1,70.66,-1.13,-2.55,-10.88,10.02
409.84,0,,70.38,10.08,2,-1,70.38,-1.16,-2.53,-10.89,9.97
409.90,0,,70.36,10.03,4,-2,70.05,-1.06,-2.53,-10.79,10.07
410.02,0,,70.34,10.02,4,-2,70.86,-1.03,-2.51,-10.74,10.08
410.11,0,,70.44,10.03,4,-2,70.40,-1.13,-2.51,-10.84,9.98
410.20,0,,70.56,10.02,4,-2,70.83,-1.17,-2.57,-10.94,10.00
410.32,0,,70.68,10.01,2,-1,70.81,-1.11,-2.57,-10.88,10.06
410.41,0,,70.81,10.03,1,0,71.01,-1.05,-2.57,-10.82,10.12
410.50,0,,70.86,10.07,0,2,70.56,-1.06,-2.58,-10.84,10.12
410.65,0,,70.78,10.08,0,2,70.59,-1.20,-2.53,-10.93,9.93
410.72,0,,70.61,10.03,0,2,70.23,-1.20,-2.54,-10.94,9.94
410.80,0,,70.50,10.00,0,1,70.90,-1.01,-2.56,-10.77,10.15
410.92,0,,70.55,10.03,0,1,70.59,-1.01,-2.54,-10.75,10.13
411.01,0,,70.59,10.07,1,0,70.33,-1.17,-2.52,-10.89,9.95
411.10,0,,70.55,10.04,2,-1,70.75,-1.17,-2.53,-10.90,9.96
411.22,0,,70.56,10.00,2,-1,70.52,-1.08,-2.56,-10.84,10.08
411.34,0,,70.57,10.01,1,0,70.54,-1.10,-2.56,-10.86,10.06
411.40,0,,70.60,10.03,2,-1,70.89,-1.17,-2.58,-10.95,10.01
411.52,0,,70.66,10.04,1,0,70.47,-1.15,-2.61,-10.96,10.06
411.61,0,,70.61,10.05,0,1,70.34,-1.09,-2.59,-10.88,10.10
411.74,0,,70.51,10.08,1,0,70.58,-1.04,-2.58,-10.82,10.14
411.82,0,,70.53,10.11,1,0,70.96,-1.05,-2.58,-10.83,10.13
411.91,0,,70.67,10.12,1,0,70.62,-1.14,-2.59,-10.93,10.05
412.01,0,,70.77,10.10,1,0,70.95,-1.08,-2.61,-10.89,10.13
412.15,0,,70.87,10.12,0,1,71.14,-0.94,-2.59,-10.73,10.25
412.24,0,,70.95,10.16,0,2,70.66,-0.98,-2.54,-10.72,10.16
412.30,0,,70.88,10.17,0,2,70.69,-1.06,-2.56,-10.82,10.10
412.42,0,,70.76,10.15,0,2,70.65,-1.05,-2.58,-10.83,10.13
412.51,0,,70.67,10.12,0,1,70.61,-1.00,-2.55,-10.75,10.15
412.60,0,,70.63,10.12,0,1,70.70,-1.00,-2.55,-10.75,10.15
412.73,0,,70.64,10.12,0,1,70.66,-1.10,-2.55,-10.85,10.05
412.81,0,,70.65,10.09,0,1,70.59,-1.15,-2.59,-10.94,10.04
412.90,0,,70.64,10.07,1,0,70.68,-1.09,-2.63,-10.92,10.14
413.02,0,,70.61,10.09,4,-2,70.40,-0.98,-2.55,-10.73,10.17
413.11,0,,70.57,10.12,4,-2,70.67,-1.04,-2.55,-10.79,10.11
413.20,0,,70.54,10.13,2,-1,70.40,-1.13,-2.63,-10.96,10.10
413.32,0,,70.52,10.12,2,-1,70.61,-1.06,-2.62,-10.88,10.16
413.41,0,,70.56,10.13,2,-1,70.81,-1.00,-2.58,-10.78,10.18
413.50,0,,70.69,10.15,1,0,70.93,-1.03,-2.56,-10.79,10.13
413.68,0,,70.77,10.13,1,0,70.40,-1.10,-2.55,-10.85,10.05
413.71,0,,70.71,10.09,1,0,70.77,-1.15,-2.59,-10.94,10.04
413.80,0,,70.69,10.07,1,0,70.83,-1.05,-2.61,-10.86,10.16
413.92,0,,70.80,10.10,0,1,71.22,-0.96,-2.58,-10.74,10.22
414.01,0,,70.89,10.16,0,1,70.40,-1.04,-2.60,-10.84,10.16
414.16,0,,70.77,10.17,0,2,70.39,-1.14,-2.62,-10.96,10.08
414.25,0,,70.55,10.14,0,1,70.47,-1.10,-2.59,-10.89,10.09
414.31,0,,70.49,10.10,1,0,70.87,-1.04,-2.58,-10.82,10.14
414.40,0,,70.58,10.10,1,0,70.52,-1.11,-2.60,-10.91,10.09
414.52,0,,70.66,10.08,1,0,70.83,-1.23,-2.60,-11.03,9.97
414.61,0,,70.69,10.03,1,0,70.52,-1.20,-2.59,-10.99,9.99
414.70,0,,70.64,10.00,1,0,70.45,-1.12,-2.59,-10.91,10.07
414.92,0,,70.62,10.02,2,-1,70.55,-1.26,-2.60,-11.06,9.94
414.92,0,,70.62,10.02,2,-1,70.55,-1.26,-2.60,-11.06,9.94
415.00,0,,70.66,10.00,1,0,70.74,-1.22,-2.61,-11.03,9.99
415.15,0,,70.66,9.99,1,0,70.56,-1.13,-2.64,-10.97,10.11
415.24,0,,70.63,10.03,1,0,70.54,-1.10,-2.60,-10.90,10.10
415.30,0,,70.60,10.07,1,0,70.70,-1.13,-2.59,-10.92,10.06
415.42,0,,70.61,10.07,1,0,70.63,-1.21,-2.61,-11.02,10.00
415.51,0,,70.67,10.04,1,0,70.93,-1.24,-2.62,-11.06,9.98
415.60,0,,70.75,10.01,1,0,70.65,-1.10,-2.61,-10.91,10.11
415.72,0,,70.75,10.03,1,0,70.63,-1.10,-2.59,-10.89,10.09
415.81,0,,70.68,10.05,0,1,70.57,-1.27,-2.61,-11.08,9.94
415.90,0,,70.63,10.01,1,0,70.72,-1.26,-2.62,-11.08,9.96
416.02,0,,70.62,9.98,1,0,70.54,-1.18,-2.64,-11.02,10.06
416.11,0,,70.66,9.99,1,0,70.96,-1.22,-2.62,-11.04,10.00
416.20,0,,70.81,9.99,1,0,71.30,-1.29,-2.61,-11.10,9.92
416.32,0,,70.98,9.97,1,0,70.62,-1.29,-2.66,-11.15,9.97
416.42,0,,70.91,9.96,0,1,70.48,-1.24,-2.67,-11.11,10.03
416.51,0,,70.70,9.98,0,1,70.65,-1.19,-2.62,-11.01,10.03
416.65,0,,70.62,10.00,1,0,70.84,-1.27,-2.59,-11.06,9.92
416.71,0,,70.63,9.97,1,0,70.35,-1.35,-2.61,-11.16,9.86
416.80,0,,70.64,9.92,1,0,71.07,-1.27,-2.66,-11.13,9.99
416.92,0,,70.69,9.93,1,0,70.42,-1.18,-2.64,-11.02,10.06
417.02,0,,70.65,9.97,1,0,70.43,-1.26,-2.56,-11.02,9.90
417.10,0,,70.55,9.96,4,-2,70.66,-1.31,-2.59,-11.10,9.88
417.22,0,,70.55,9.92,4,-2,70.67,-1.30,-2.67,-11.17,9.97
417.31,0,,70.57,9.92,2,-1,70.34,-1.27,-2.63,-11.10,9.96
417.40,0,,70.55,9.94,2,-1,70.70,-1.20,-2.58,-10.98,9.98
417.52,0,,70.54,9.95,1,0,70.49,-1.31,-2.62,-11.13,9.91
417.67,0,,70.55,9.94,1,0,70.54,-1.37,-2.68,-11.25,9.91
417.77,0,,70.50,9.93,1,0,70.22,-1.24,-2.65,-11.09,10.01
417.82,0,,70.43,9.94,1,0,70.58,-1.26,-2.56,-11.02,9.90
417.91,0,,70.48,9.93,1,0,70.91,-1.29,-2.60,-11.09,9.91
418.01,0,,70.72,9.93,1,0,71.20,-1.23,-2.67,-11.10,10.04
418.15,0,,70.90,9.95,0,1,70.48,-1.27,-2.60,-11.07,9.93
418.21,0,,70.92,9.96,0,2,71.20,-1.25,-2.58,-11.03,9.93
418.33,0,,70.90,9.96,0,2,70.60,-1.18,-2.64,-11.02,10.06
418.42,0,,70.82,9.98,0,2,70.64,-1.30,-2.62,-11.12,9.92
418.51,0,,70.67,9.96,0,2,70.38,-1.37,-2.64,-11.21,9.87
418.66,0,,70.51,9.93,0,1,70.35,-1.22,-2.66,-11.08,10.04
418.75,0,,70.46,9.95,1,0,70.89,-1.19,-2.59,-10.98,10.00
418.82,0,,70.53,9.97,1,0,70.36,-1.27,-2.58,-11.05,9.91
418.90,0,,70.61,9.95,1,0,70.97,-1.32,-2.59,-11.11,9.87
419.11,0,,70.68,9.91,4,-2,70.47,-1.29,-2.57,-11.06,9.88
419.12,0,,70.70,9.90,2,-1,70.82,-1.18,-2.62,-11.00,10.04
419.20,0,,70.71,9.96,2,-1,70.72,-1.12,-2.66,-10.98,10.14
419.32,0,,70.73,10.04,1,0,70.68,-1.25,-2.65,-11.10,10.00
419.41,0,,70.70,10.04,0,1,70.55,-1.31,-2.63,-11.14,9.92
419.50,0,,70.65,10.00,0,1,70.73,-1.19,-2.61,-11.00,10.02
419.65,0,,70.68,9.98,1,0,70.90,-1.20,-2.62,-11.02,10.02
419.71,0,,70.78,9.98,1,0,70.94,-1.30,-2.62,-11.12,9.92
419.81,0,,70.78,9.96,0,1,70.09,-1.25,-2.61,-11.06,9.96
419.92,0,,70.61,9.95,1,0,70.72,-1.24,-2.61,-11.05,9.97
420.01,0,,70.54,9.96,0,1,70.71,-1.20,-2.62,-11.02,10.02
420.10,0,,70.60,9.99,1,0,70.65,-1.14,-2.61,-10.95,10.07
420.22,0,,70.67,10.01,1,0,70.77,-1.28,-2.57,-11.05,9.89
420.34,0,,70.66,9.97,1,0,70.29,-1.31,-2.59,-11.10,9.88
420.40,0,,70.58,9.94,1,0,70.68,-1.12,-2.61,-10.93,10.09
420.52,0,,70.58,9.98,2,-1,70.83,-1.13,-2.61,-10.94,10.08
420.61,0,,70.72,10.03,1,0,71.02,-1.26,-2.64,-11.10,9.98
420.70,0,,70.86,10.03,1,0,70.79,-1.23,-2.67,-11.10,10.04
420.82,0,,70.89,10.03,1,0,70.75,-1.20,-2.67,-11.07,10.07
420.91,0,,70.79,10.03,1,0,70.46,-1.21,-2.61,-11.02,10.00
421.06,0,,70.63,10.04,1,0,70.46,-1.03,-2.56,-10.79,10.13
421.15,0,,70.52,10.07,1,0,70.64,-1.00,-2.56,-10.76,10.16
421.21,0,,70.50,10.10,1,0,70.41,-1.10,-2.53,-10.83,10.03
421.30,0,,70.54,10.11,1,0,70.87,-1.08,-2.65,-10.93,10.17
421.45,0,,70.61,10.11,2,-1,70.49,-1.23,-2.75,-11.18,10.12
421.51,0,,70.61,10.10,2,-1,70.42,-1.38,-2.71,-11.29,9.93
421.60,0,,70.53,10.04,2,-1,70.52,-1.33,-2.80,-11.33,10.07
421.72,0,,70.53,10.03,2,-1,70.80,-1.36,-2.92,-11.48,10.16
421.82,0,,70.57,10.07,2,-1,70.35,-1.39,-2.88,-11.47,10.09
421.90,0,,70.57,10.10,1,0,70.69,-1.37,-2.86,-11.43,10.09
422.02,0,,70.64,10.10,1,0,71.09,-1.34,-2.85,-11.39,10.11
422.11,0,,70.84,10.11,1,0,71.10,-1.16,-2.76,-11.12,10.20
422.20,0,,71.01,10.18,0,1,70.91,-0.93,-2.74,-10.87,10.41
422.35,0,,71.02,10.28,0,2,70.88,-0.99,-2.75,-10.94,10.36
422.41,0,,70.93,10.34,0,2,70.66,-1.14,-2.74,-11.08,10.20
422.50,0,,70.82,10.31,0,2,70.87,-1.03,-2.73,-10.96,10.30
422.65,0,,70.78,10.29,0,2,70.78,-0.91,-2.67,-10.78,10.36
422.71,0,,70.75,10.30,0,1,70.58,-0.94,-2.60,-10.74,10.26
422.81,0,,70.74,10.29,0,1,71.00,-0.99,-2.62,-10.81,10.23
422.92,0,,70.80,10.26,0,1,70.85,-0.98,-2.65,-10.83,10.27
423.01,0,,70.85,10.25,0,1,70.76,-0.93,-2.61,-10.74,10.28
423.10,0,,70.89,10.27,2,-1,71.20,-0.83,-2.60,-10.63,10.37
423.22,0,,70.95,10.31,1,0,70.81,-0.88,-2.60,-10.68,10.32
423.31,0,,70.95,10.31,0,1,70.83,-0.99,-2.57,-10.76,10.18
423.40,0,,70.89,10.29,0,1,70.89,-0.83,-2.62,-10.65,10.39
423.52,0,,70.87,10.31,0,1,70.90,-0.75,-2.61,-10.56,10.46
423.61,0,,70.86,10.36,0,1,70.80,-0.85,-2.55,-10.60,10.30
423.70,0,,70.85,10.37,0,1,70.90,-0.81,-2.58,-10.59,10.37
423.83,0,,70.90,10.35,0,1,71.15,-0.84,-2.55,-10.59,10.31
423.91,0,,70.98,10.32,0,1,70.92,-0.91,-2.58,-10.69,10.27
424.00,0,,70.98,10.31,0,1,70.77,-0.85,-2.67,-10.72,10.42
424.15,0,,70.90,10.31,0,1,70.86,-0.99,-2.62,-10.81,10.23
424.21,0,,70.81,10.28,1,0,70.56,-1.10,-2.62,-10.92,10.12
424.30,0,,70.70,10.22,1,0,70.62,-0.96,-2.66,-10.82,10.30
424.42,0,,70.65,10.22,2,-1,70.88,-0.95,-2.63,-10.78,10.28
424.51,0,,70.65,10.23,2,-1,70.32,-1.07,-2.65,-10.92,10.18
424.60,0,,70.61,10.23,4,-2,70.80,-1.08,-2.73,-11.01,10.25
424.73,0,,70.64,10.23,4,-2,70.85,-1.08,-2.75,-11.03,10.27
424.82,0,,70.73,10.24,4,-2,70.62,-1.06,-2.67,-10.93,10.21
424.90,0,,70.76,10.24,2,-1,70.92,-0.97,-2.67,-10.84,10.30
425.02,0,,70.78,10.25,2,-1,70.64,-1.07,-2.68,-10.95,10.21
425.11,0,,70.78,10.22,2,-1,70.90,-1.20,-2.67,-11.07,10.07
425.20,0,,70.77,10.18,1,0,70.60,-1.04,-2.74,-10.98,10.30
425.32,0,,70.77,10.20,1,0,71.00,-0.98,-2.70,-10.88,10.32
425.41,0,,70.77,10.24,0,1,70.49,-1.12,-2.65,-10.97,10.13
425.51,0,,70.72,10.23,0,1,70.73,-1.08,-2.72,-11.00,10.24
425.65,0,,70.65,10.21,1,0,70.50,-1.07,-2.68,-10.95,10.21
425.71,0,,70.61,10.19,1,0,70.67,-1.11,-2.60,-10.91,10.09
425.80,0,,70.52,10.16,2,-1,70.03,-1.04,-2.65,-10.89,10.21
425.92,0,,70.45,10.16,2,-1,70.96,-1.11,-2.70,-11.01,10.19
426.02,0,,70.52,10.17,2,-1,70.56,-1.16,-2.69,-11.05,10.13
426.10,0,,70.65,10.17,2,-1,70.86,-0.98,-2.69,-10.87,10.31
426.22,0,,70.71,10.22,2,-1,70.51,-0.98,-2.68,-10.86,10.30
426.31,0,,70.72,10.25,2,-1,70.90,-1.12,-2.69,-11.01,10.17
426.40,0,,70.74,10.24,2,-1,70.69,-1.11,-2.74,-11.05,10.23
426.52,0,,70.74,10.22,1,0,70.66,-1.08,-2.71,-10.99,10.23
426.61,0,,70.74,10.22,1,0,70.94,-1.04,-2.67,-10.91,10.23
426.70,0,,70.78,10.23,0,2,70.77,-0.98,-2.73,-10.91,10.35
426.82,0,,70.76,10.26,0,1,70.42,-1.10,-2.74,-11.04,10.24
426.91,0,,70.65,10.25,0,1,70.65,-1.19,-2.67,-11.06,10.08
427.01,0,,70.62,10.20,1,0,70.87,-0.99,-2.68,-10.87,10.29
427.18,0,,70.70,10.21,1,0,70.75,-0.97,-2.71,-10.88,10.34
427.28,0,,70.74,10.25,1,0,70.62,-1.12,-2.71,-11.03,10.19
427.31,0,,70.68,10.25,1,0,70.40,-1.12,-2.71,-11.03,10.19
427.42,0,,70.58,10.21,1,0,70.71,-1.12,-2.69,-11.01,10.17
427.51,0,,70.59,10.19,2,-1,70.76,-1.06,-2.71,-10.97,10.25
427.66,0,,70.67,10.21,2,-1,70.74,-1.02,-2.73,-10.95,10.31
427.75,0,,70.74,10.24,1,0,70.76,-1.16,-2.71,-11.07,10.15
427.81,0,,70.76,10.22,1,0,70.72,-1.11,-2.69,-11.00,10.18
427.90,0,,70.73,10.22,1,0,70.55,-0.91,-2.68,-10.79,10.37
428.02,0,,70.67,10.26,1,0,70.73,-0.99,-2.69,-10.88,10.30
428.11,0,,70.61,10.28,1,0,70.32,-1.13,-2.66,-10.99,10.13
428.20,0,,70.53,10.25,1,0,70.57,-1.04,-2.70,-10.94,10.26
428.32,0,,70.50,10.24,1,0,70.62,-0.99,-2.72,-10.91,10.33
428.41,0,,70.57,10.26,1,0,70.79,-0.95,-2.63,-10.78,10.28
428.51,0,,70.62,10.29,2,-1,70.31,-0.91,-2.66,-10.77,10.35
428.65,0,,70.58,10.31,2,-1,70.68,-1.02,-2.71,-10.93,10.29
428.71,0,,70.60,10.31,2,-1,70.89,-1.02,-2.70,-10.92,10.28
428.80,0,,70.72,10.31,1,0,70.83,-0.84,-2.67,-10.71,10.43
428.92,0,,70.80,10.34,1,0,70.72,-0.89,-2.66,-10.75,10.37
429.01,0,,70.80,10.35,1,0,70.75,-1.03,-2.68,-10.91,10.25
429.11,0,,70.73,10.33,1,0,70.48,-0.93,-2.69,-10.82,10.36
429.22,0,,70.63,10.32,1,0,70.56,-0.92,-2.66,-10.78,10.34
429.31,0,,70.59,10.32,1,0,70.87,-0.93,-2.61,-10.74,10.28
429.40,0,,70.65,10.32,1,0,70.60,-0.88,-2.66,-10.74,10.38
429.52,0,,70.63,10.32,1,0,70.26,-1.01,-2.70,-10.91,10.29
429.61,0,,70.48,10.31,1,0,70.29,-1.03,-2.66,-10.89,10.23
429.70,0,,70.38,10.30,2,-1,70.65,-0.82,-2.70,-10.72,10.48
429.83,0,,70.50,10.35,4,-2,71.07,-0.88,-2.74,-10.82,10.46
429.91,0,,70.72,10.40,2,-1,70.66,-1.04,-2.74,-10.98,10.30
430.01,0,,70.82,10.39,1,0,70.80,-0.96,-2.74,-10.90,10.38
430.15,0,,70.78,10.36,1,0,70.48,-0.93,-2.66,-10.79,10.33
430.21,0,,70.65,10.33,1,0,70.51,-0.95,-2.62,-10.77,10.27
430.30,0,,70.58,10.31,1,0,70.79,-0.96,-2.72,-10.88,10.36
430.45,0,,70.64,10.31,1,0,70.85,-1.09,-2.78,-11.07,10.29
430.52,0,,70.85,10.30,1,0,71.51,-1.12,-2.76,-11.08,10.24
430.61,0,,71.07,10.27,0,2,70.77,-1.02,-2.72,-10.94,10.30
430.72,0,,71.05,10.25,0,2,70.64,-1.14,-2.68,-11.02,10.14
430.81,0,,70.83,10.19,0,1,70.50,-1.27,-2.72,-11.19,10.05
430.93,0,,70.67,10.14,0,1,70.94,-1.11,-2.76,-11.07,10.25
431.17,0,,70.68,10.15,0,1,70.65,-1.03,-2.64,-10.87,10.21
431.18,0,,70.79,10.18,0,1,71.30,-1.03,-2.59,-10.82,10.16
431.23,0,,70.92,10.20,0,1,70.70,-0.94,-2.66,-10.80,10.32
431.32,0,,70.90,10.23,0,1,70.58,-1.00,-2.60,-10.80,10.20
431.41,0,,70.78,10.23,1,0,70.82,-0.97,-2.54,-10.71,10.17
431.51,0,,70.71,10.24,2,-1,70.67,-0.73,-2.59,-10.52,10.46
431.65,0,,70.66,10.31,2,-1,70.45,-0.81,-2.58,-10.59,10.37
431.71,0,,70.61,10.34,2,-1,70.78,-1.01,-2.58,-10.79,10.17
431.80,0,,70.63,10.30,2,-1,70.68,-0.93,-2.61,-10.74,10.28
431.95,0,,70.61,10.26,2,-1,70.17,-0.91,-2.55,-10.66,10.24
432.01,0,,70.50,10.23,4,-2,70.60,-0.99,-2.54,-10.73,10.15
432.10,0,,70.51,10.21,4,-2,70.93,-0.95,-2.64,-10.79,10.29
432.22,0,,70.68,10.22,2,-1,70.85,-1.00,-2.62,-10.82,10.22
432.32,0,,70.84,10.22,1,0,70.92,-1.00,-2.60,-10.80,10.20
432.40,0,,70.90,10.23,0,1,70.83,-0.87,-2.64,-10.71,10.37
432.52,0,,70.85,10.26,0,1,70.46,-0.98,-2.60,-10.78,10.22
432.61,0,,70.66,10.25,0,1,70.35,-1.13,-2.60,-10.93,10.07
432.70,0,,70.55,10.19,1,0,71.02,-1.02,-2.66,-10.88,10.24
432.86,0,,70.66,10.18,1,0,70.84,-0.96,-2.67,-10.83,10.31
432.92,0,,70.82,10.22,0,1,70.96,-1.01,-2.62,-10.83,10.21
433.01,0,,70.96,10.23,0,1,71.23,-1.04,-2.62,-10.86,10.18
433.15,0,,71.01,10.21,0,1,70.55,-1.06,-2.65,-10.91,10.19
433.24,0,,70.83,10.19,0,1,70.22,-0.99,-2.64,-10.83,10.25
433.31,0,,70.58,10.22,1,0,70.77,-0.90,-2.63,-10.73,10.33
433.42,0,,70.53,10.25,1,0,70.67,-1.04,-2.62,-10.86,10.18
433.51,0,,70.63,10.24,1,0,70.90,-1.10,-2.67,-10.97,10.17
433.61,0,,70.73,10.22,1,0,70.60,-0.96,-2.71,-10.87,10.35
433.73,0,,70.75,10.25,1,0,70.76,-0.94,-2.63,-10.77,10.29
433.81,0,,70.68,10.26,2,-1,70.29,-1.04,-2.55,-10.79,10.11
433.91,0,,70.56,10.20,4,-2,70.59,-1.11,-2.62,-10.93,10.11
434.02,0,,70.54,10.15,2,-1,70.88,-1.06,-2.68,-10.94,10.22
434.18,0,,70.69,10.17,2,-1,71.03,-0.93,-2.68,-10.81,10.35
434.20,0,,70.91,10.24,1,0,71.15,-0.94,-2.63,-10.77,10.29
434.32,0,,71.03,10.27,1,0,70.77,-1.07,-2.61,-10.88,10.14
434.42,0,,70.96,10.23,0,2,70.69,-1.10,-2.67,-10.97,10.17
434.50,0,,70.81,10.18,0,1,70.67,-1.05,-2.64,-10.89,10.19
434.65,0,,70.67,10.17,1,0,70.46,-1.03,-2.61,-10.84,10.18
434.71,0,,70.55,10.16,1,0,70.50,-1.08,-2.62,-10.90,10.14
434.80,0,,70.57,10.15,1,0,71.14,-1.11,-2.64,-10.95,10.13
434.92,0,,70.72,10.15,1,0,70.61,-1.09,-2.70,-10.99,10.21
435.02,0,,70.78,10.16,1,0,70.64,-1.08,-2.67,-10.95,10.19
435.10,0,,70.70,10.18,1,0,70.50,-1.07,-2.64,-10.91,10.17
435.23,0,,70.66,10.17,2,-1,71.03,-1.14,-2.67,-11.01,10.13
435.32,0,,70.71,10.15,2,-1,70.56,-1.15,-2.68,-11.03,10.13
435.40,0,,70.74,10.14,1,0,70.80,-1.06,-2.69,-10.95,10.23
435.52,0,,70.73,10.17,1,0,70.68,-1.03,-2.65,-10.88,10.22
435.68,0,,70.74,10.19,1,0,70.85,-1.10,-2.61,-10.91,10.11
435.70,0,,70.74,10.16,1,0,70.56,-1.17,-2.65,-11.02,10.08
435.83,0,,70.72,10.12,1,0,70.79,-1.11,-2.66,-10.97,10.15
435.92,0,,70.73,10.12,1,0,70.87,-0.96,-2.61,-10.77,10.25
436.01,0,,70.78,10.18,2,-1,70.71,-0.94,-2.64,-10.78,10.30
436.15,0,,70.71,10.24,1,0,70.22,-1.07,-2.67,-10.94,10.20
436.21,0,,70.51,10.23,1,0,70.30,-1.10,-2.63,-10.93,10.13
436.30,0,,70.40,10.19,1,0,70.77,-0.97,-2.57,-10.74,10.20
436.42,0,,70.49,10.18,4,-2,70.71,-0.95,-2.58,-10.73,10.23
436.52,0,,70.62,10.19,2,-1,70.54,-1.07,-2.63,-10.90,10.16
436.61,0,,70.66,10.19,2,-1,70.72,-1.09,-2.66,-10.95,10.17
436.72,0,,70.65,10.18,2,-1,70.54,-1.03,-2.62,-10.85,10.19
436.81,0,,70.59,10.18,2,-1,70.37,-0.99,-2.60,-10.79,10.21
436.93,0,,70.50,10.20,2,-1,70.54,-0.98,-2.64,-10.82,10.26
437.02,0,,70.47,10.22,2,-1,70.47,-1.07,-2.67,-10.94,10.20
437.17,0,,70.44,10.22,2,-1,70.28,-1.04,-2.65,-10.89,10.21
437.20,0,,70.45,10.23,2,-1,70.82,-0.88,-2.62,-10.70,10.34
437.33,0,,70.58,10.27,2,-1,70.87,-0.91,-2.61,-10.72,10.30
437.42,0,,70.69,10.28,1,0,70.32,-1.02,-2.61,-10.83,10.19
437.51,0,,70.67,10.25,1,0,70.88,-1.02,-2.66,-10.88,10.24
437.65,0,,70.65,10.24,1,0,70.49,-0.95,-2.66,-10.81,10.31
437.71,0,,70.65,10.26,1,0,70.75,-0.88,-2.62,-10.70,10.34
437.80,0,,70.68,10.29,0,1,70.85,-0.94,-2.61,-10.75,10.27
437.93,0,,70.78,10.28,0,2,70.99,-1.02,-2.60,-10.82,10.18
438.02,0,,70.89,10.24,0,2,70.89,-1.02,-2.60,-10.82,10.18
438.11,0,,70.87,10.20,0,2,70.42,-0.97,-2.60,-10.77,10.23
438.23,0,,70.77,10.21,0,1,71.06,-0.92,-2.59,-10.71,10.27
438.32,0,,70.77,10.23,0,1,70.74,-0.97,-2.61,-10.78,10.24
438.41,0,,70.80,10.24,0,1,70.76,-1.02,-2.62,-10.84,10.20
438.52,0,,70.72,10.23,0,1,70.26,-1.00,-2.62,-10.82,10.22
438.67,0,,70.54,10.22,1,0,70.41,-0.96,-2.56,-10.72,10.20
438.73,0,,70.40,10.21,2,-1,70.33,-0.96,-2.55,-10.71,10.19
438.83,0,,70.36,10.20,4,-2,70.55,-1.02,-2.65,-10.87,10.23
438.95,0,,70.44,10.21,4,-2,70.71,-0.99,-2.65,-10.84,10.26
439.01,0,,70.57,10.25,4,-2,70.62,-0.86,-2.62,-10.68,10.36
439.15,0,,70.63,10.30,2,-1,70.50,-0.89,-2.62,-10.71,10.33
439.24,0,,70.60,10.31,2,-1,70.56,-1.03,-2.60,-10.83,10.17
439.33,0,,70.62,10.26,1,0,71.01,-1.03,-2.63,-10.86,10.20
439.42,0,,70.72,10.22,1,0,70.57,-0.91,-2.62,-10.73,10.31
439.51,0,,70.75,10.25,1,0,70.78,-0.85,-2.61,-10.66,10.36
439.61,0,,70.78,10.30,0,2,71.02,-0.91,-2.65,-10.76,10.34
439.74,0,,70.85,10.32,0,2,70.79,-0.99,-2.59,-10.78,10.20
439.85,0,,70.83,10.28,0,2,70.50,-0.96,-2.58,-10.74,10.22
439.90,0,,70.74,10.26,0,1,70.85,-0.85,-2.64,-10.69,10.39
440.02,0,,70.68,10.29,0,1,70.51,-0.88,-2.62,-10.70,10.34
440.18,0,,70.62,10.32,1,0,70.53,-0.96,-2.62,-10.78,10.26
440.21,0,,70.60,10.31,1,0,70.86,-0.95,-2.66,-10.81,10.31
440.33,0,,70.67,10.31,1,0,70.69,-0.87,-2.65,-10.72,10.38
440.45,0,,70.73,10.34,0,1,70.80,-0.82,-2.65,-10.67,10.43
440.54,0,,70.71,10.37,2,-1,70.33,-0.88,-2.63,-10.71,10.35
440.65,0,,70.61,10.36,2,-1,70.70,-0.97,-2.60,-10.77,10.23
440.77,0,,70.55,10.31,2,-1,70.41,-0.93,-2.65,-10.78,10.32
440.80,0,,70.54,10.31,2,-1,70.80,-0.79,-2.65,-10.64,10.46
440.92,0,,70.61,10.36,2,-1,70.66,-0.80,-2.64,-10.64,10.44
441.01,0,,70.63,10.41,1,0,70.34,-0.89,-2.69,-10.78,10.40
441.11,0,,70.55,10.42,1,0,70.53,-0.92,-2.68,-10.80,10.36
441.25,0,,70.53,10.40,1,0,70.81,-0.82,-2.66,-10.68,10.44
441.31,0,,70.62,10.42,1,0,70.70,-0.72,-2.67,-10.59,10.55
441.40,0,,70.69,10.47,1,0,70.63,-0.80,-2.65,-10.65,10.45
441.52,0,,70.69,10.47,1,0,70.62,-0.92,-2.67,-10.79,10.35
441.70,0,,70.63,10.42,1,0,70.47,-0.90,-2.67,-10.77,10.37
441.71,0,,70.58,10.39,1,0,70.66,-0.81,-2.67,-10.68,10.46
441.86,0,,70.61,10.41,1,0,70.89,-0.76,-2.68,-10.64,10.52
441.92,0,,70.67,10.44,1,0,70.41,-0.86,-2.66,-10.72,10.40
442.01,0,,70.71,10.44,1,0,71.13,-0.90,-2.69,-10.79,10.39
442.15,0,,70.84,10.43,1,0,71.11,-0.81,-2.70,-10.71,10.49
442.21,0,,70.96,10.44,0,1,70.68,-0.77,-2.65,-10.62,10.48
442.30,0,,70.96,10.46,0,2,71.12,-0.81,-2.67,-10.68,10.46
442.42,0,,70.92,10.46,0,2,70.62,-0.88,-2.73,-10.81,10.45
442.52,0,,70.89,10.46,0,1,71.17,-0.87,-2.73,-10.80,10.46
442.61,0,,70.87,10.46,0,1,70.53,-0.79,-2.70,-10.69,10.51
442.73,0,,70.85,10.47,0,1,71.16,-0.78,-2.67,-10.65,10.49
442.81,0,,70.87,10.49,0,1,70.72,-0.80,-2.69,-10.69,10.49
442.90,0,,70.85,10.49,0,1,70.69,-0.86,-2.72,-10.78,10.46
443.02,0,,70.76,10.47,0,1,70.65,-0.82,-2.69,-10.71,10.47
443.20,0,,70.62,10.48,2,-1,70.21,-0.70,-2.66,-10.56,10.56
443.21,0,,70.46,10.50,4,-2,70.46,-0.77,-2.70,-10.67,10.53
443.33,0,,70.39,10.52,4,-2,70.48,-0.83,-2.72,-10.75,10.49
443.42,0,,70.45,10.52,4,-2,70.73,-0.80,-2.72,-10.72,10.52
443.51,0,,70.55,10.52,4,-2,70.49,-0.74,-2.69,-10.63,10.55
443.68,0,,70.63,10.53,4,-2,70.89,-0.70,-2.67,-10.57,10.57
443.71,0,,70.74,10.53,2,-1,70.89,-0.83,-2.69,-10.72,10.46
443.80,0,,70.82,10.50,1,0,70.65,-0.89,-2.71,-10.80,10.42
443.92,0,,70.82,10.46,1,0,70.90,-0.80,-2.70,-10.70,10.50
444.05,0,,70.80,10.46,0,2,70.66,-0.75,-2.66,-10.61,10.51
444.10,0,,70.78,10.49,0,2,70.91,-0.77,-2.69,-10.66,10.52
444.26,0,,70.81,10.50,0,2,70.89,-0.84,-2.75,-10.79,10.51
444.40,0,,70.80,10.50,0,2,70.43,-0.86,-2.71,-10.77,10.45
444.41,0,,70.74,10.48,0,1,71.02,-0.78,-2.66,-10.64,10.48
444.52,0,,70.78,10.48,1,0,70.93,-0.70,-2.67,-10.57,10.57
444.67,0,,70.81,10.50,1,0,70.36,-0.79,-2.69,-10.68,10.50
444.70,0,,70.69,10.51,1,0,70.63,-0.89,-2.73,-10.82,10.44
444.82,0,,70.59,10.49,1,0,70.61,-0.79,-2.72,-10.71,10.53
444.91,0,,70.52,10.49,2,-1,70.15,-0.71,-2.65,-10.56,10.54
445.00,0,,70.44,10.51,4,-2,70.71,-0.73,-2.65,-10.58,10.52
445.15,0,,70.45,10.52,4,-2,70.47,-0.75,-2.70,-10.65,10.55
445.24,0,,70.52,10.53,4,-2,70.63,-0.80,-2.69,-10.69,10.49
445.30,0,,70.62,10.52,2,-1,70.95,-0.75,-2.68,-10.63,10.53
445.42,0,,70.72,10.53,2,-1,70.53,-0.69,-2.69,-10.58,10.60
445.52,0,,70.72,10.55,2,-1,70.63,-0.78,-2.68,-10.66,10.50
445.61,0,,70.65,10.53,2,-1,70.54,-0.83,-2.71,-10.74,10.48
445.72,0,,70.59,10.51,2,-1,70.62,-0.75,-2.73,-10.68,10.58
445.82,0,,70.59,10.52,1,0,70.71,-0.72,-2.66,-10.58,10.54
445.90,0,,70.62,10.53,0,1,70.53,-0.75,-2.65,-10.60,10.50
446.02,0,,70.61,10.52,0,1,70.60,-0.81,-2.70,-10.71,10.49
446.18,0,,70.64,10.50,1,0,70.93,-0.81,-2.71,-10.72,10.50
446.21,0,,70.69,10.50,1,0,70.41,-0.72,-2.69,-10.61,10.57
446.33,0,,70.72,10.53,1,0,71.14,-0.68,-2.66,-10.54,10.58
446.45,0,,70.71,10.56,1,0,70.02,-0.75,-2.68,-10.63,10.53
446.51,0,,70.60,10.55,1,0,70.84,-0.84,-2.73,-10.77,10.49
446.65,0,,70.56,10.52,1,0,70.56,-0.79,-2.70,-10.69,10.51
446.71,0,,70.55,10.50,2,-1,70.31,-0.73,-2.63,-10.56,10.50
446.80,0,,70.54,10.49,2,-1,70.94,-0.78,-2.65,-10.63,10.47
446.92,0,,70.71,10.48,1,0,71.25,-0.80,-2.72,-10.72,10.52
447.02,0,,70.88,10.49,1,0,70.35,-0.80,-2.73,-10.73,10.53
447.11,0,,70.77,10.50,1,0,70.37,-0.79,-2.68,-10.67,10.49
447.23,0,,70.52,10.50,1,0,70.27,-0.77,-2.67,-10.64,10.50
447.32,0,,70.35,10.49,1,0,70.44,-0.85,-2.70,-10.75,10.45
447.40,0,,70.41,10.46,1,0,71.04,-0.92,-2.71,-10.83,10.39
447.52,0,,70.62,10.43,1,0,70.61,-0.82,-2.69,-10.71,10.47
447.67,0,,70.72,10.43,1,0,70.54,-0.72,-2.65,-10.57,10.53
447.73,0,,70.70,10.47,1,0,70.86,-0.80,-2.65,-10.65,10.45
447.86,0,,70.69,10.47,1,0,70.52,-0.90,-2.68,-10.78,10.38
447.98,0,,70.69,10.43,1,0,70.85,-0.85,-2.68,-10.73,10.43
448.04,0,,70.72,10.42,1,0,70.74,-0.79,-2.66,-10.65,10.47
448.15,0,,70.69,10.42,1,0,70.24,-0.82,-2.63,-10.65,10.41
448.21,0,,70.51,10.42,1,0,70.29,-0.90,-2.66,-10.76,10.36
448.31,0,,70.37,10.39,1,0,70.53,-0.94,-2.69,-10.83,10.35
448.42,0,,70.35,10.36,1,0,70.28,-0.92,-2.66,-10.78,10.34
448.52,0,,70.41,10.35,2,-1,70.83,-0.88,-2.64,-10.72,10.36
448.61,0,,70.51,10.35,4,-2,70.34,-0.91,-2.69,-10.80,10.38
448.73,0,,70.51,10.35,1,0,70.32,-1.00,-2.69,-10.89,10.29
448.82,0,,70.46,10.33,2,-1,70.68,-0.97,-2.66,-10.83,10.29
448.90,0,,70.52,10.32,2,-1,70.72,-0.84,-2.69,-10.73,10.45
449.05,0,,70.55,10.36,2,-1,70.07,-0.81,-2.66,-10.67,10.45
449.17,0,,70.44,10.39,2,-1,70.47,-0.95,-2.64,-10.79,10.29
449.20,0,,70.37,10.36,2,-1,70.42,-1.04,-2.70,-10.94,10.26
449.33,0,,70.40,10.32,2,-1,70.59,-0.93,-2.69,-10.82,10.36
449.42,0,,70.47,10.32,2,-1,70.46,-0.81,-2.64,-10.65,10.43
449.50,0,,70.50,10.36,1,0,70.45,-0.86,-2.67,-10.73,10.41
449.65,0,,70.47,10.39,1,0,70.37,-0.95,-2.71,-10.86,10.36
449.71,0,,70.45,10.38,1,0,70.57,-0.96,-2.68,-10.84,10.32
449.80,0,,70.48,10.35,2,-1,70.62,-0.92,-2.65,-10.77,10.33
449.92,0,,70.56,10.33,2,-1,70.67,-0.88,-2.64,-10.72,10.36
450.02,0,,70.56,10.33,1,0,70.09,-0.91,-2.63,-10.74,10.32
450.11,0,,70.41,10.33,1,0,70.29,-0.96,-2.69,-10.85,10.33
450.23,0,,70.33,10.34,1,0,70.65,-0.87,-2.73,-10.80,10.46
450.31,0,,70.36,10.39,2,-1,70.13,-0.82,-2.68,-10.70,10.46
450.40,0,,70.42,10.42,2,-1,70.90,-0.88,-2.66,-10.74,10.38
450.52,0,,70.56,10.41,1,0,70.73,-0.92,-2.67,-10.79,10.35
450.73,0,,70.73,10.38,1,0,70.90,-0.95,-2.68,-10.83,10.33
450.74,0,,70.78,10.36,0,1,70.37,-0.85,-2.68,-10.73,10.43
450.83,0,,70.67,10.38,0,1,70.57,-0.79,-2.66,-10.65,10.47
450.92,0,,70.52,10.42,0,1,70.25,-0.89,-2.67,-10.76,10.38
451.01,0,,70.42,10.41,1,0,70.53,-0.94,-2.66,-10.80,10.32
451.18,0,,70.45,10.37,1,0,70.84,-0.91,-2.63,-10.74,10.32
451.21,0,,70.62,10.34,1,0,70.78,-0.80,-2.64,-10.64,10.44
451.33,0,,70.81,10.37,0,1,71.16,-0.80,-2.66,-10.66,10.46
451.48,0,,70.92,10.41,0,1,70.63,-0.89,-2.68,-10.77,10.39
451.55,0,,70.85,10.42,0,1,70.45,-0.87,-2.65,-10.72,10.38
451.76,0,,70.67,10.40,0,1,70.68,-0.83,-2.64,-10.67,10.41
451.76,0,,70.56,10.40,0,1,70.40,-0.86,-2.70,-10.76,10.44
451.82,0,,70.54,10.40,0,1,70.83,-0.99,-2.77,-10.96,10.38
451.90,0,,70.63,10.39,0,1,70.83,-1.06,-2.79,-11.05,10.33
452.02,0,,70.73,10.37,0,1,70.62,-0.90,-2.70,-10.80,10.40
452.17,0,,70.68,10.38,0,1,70.29,-0.73,-2.64,-10.57,10.51
452.20,0,,70.57,10.43,0,1,70.76,-0.77,-2.64,-10.61,10.47
452.33,0,,70.55,10.46,2,-1,70.53,-0.78,-2.60,-10.58,10.42
452.42,0,,70.56,10.47,1,0,70.50,-0.53,-2.51,-10.24,10.58
452.51,0,,70.57,10.55,0,1,70.81,-0.21,-2.43,-9.84,10.82
452.65,0,,70.66,10.68,0,1,70.80,-0.19,-2.46,-9.85,10.87
452.71,0,,70.74,10.80,0,1,70.69,-0.28,-2.48,-9.96,10.80
452.80,0,,70.64,10.83,1,0,69.85,-0.37,-2.48,-10.05,10.71
452.92,0,,70.43,10.79,1,0,70.74,-0.48,-2.54,-10.22,10.66
453.02,0,,70.36,10.72,2,-1,70.34,-0.48,-2.56,-10.24,10.68
453.11,0,,70.39,10.68,2,-1,70.40,-0.57,-2.57,-10.34,10.60
453.23,0,,70.42,10.62,1,0,70.56,-0.71,-2.61,-10.52,10.50
453.32,0,,70.46,10.56,1,0,70.46,-0.66,-2.63,-10.49,10.57
453.44,0,,70.47,10.56,2,-1,70.30,-0.55,-2.63,-10.38,10.68
453.49,0,,70.44,10.60,2,-1,70.61,-0.62,-2.63,-10.45,10.61
453.67,0,,70.56,10.64,2,-1,71.18,-0.62,-2.71,-10.53,10.69
453.71,0,,70.76,10.69,2,-1,70.58,-0.40,-2.68,-10.28,10.88
453.86,0,,70.84,10.78,0,2,70.88,-0.25,-2.54,-9.99,10.89
453.91,0,,70.88,10.86,0,2,71.18,-0.32,-2.59,-10.11,10.87
454.01,0,,70.97,10.88,0,2,70.88,-0.45,-2.64,-10.29,10.79
454.10,0,,71.01,10.84,0,2,71.03,-0.50,-2.61,-10.31,10.71
454.21,0,,70.92,10.78,0,2,70.37,-0.44,-2.62,-10.26,10.78
454.30,0,,70.78,10.77,0,2,71.03,-0.34,-2.60,-10.14,10.86
454.45,0,,70.75,10.81,0,1,70.73,-0.36,-2.64,-10.20,10.88
454.52,0,,70.78,10.85,0,1,70.83,-0.46,-2.69,-10.35,10.83
454.67,0,,70.78,10.86,0,1,70.67,-0.38,-2.63,-10.21,10.85
454.73,0,,70.74,10.87,0,1,70.63,-0.27,-2.62,-10.09,10.95
454.82,0,,70.67,10.89,2,-1,70.57,-0.37,-2.67,-10.24,10.90
454.93,0,,70.64,10.91,4,-2,70.82,-0.41,-2.70,-10.31,10.89
454.99,0,,70.67,10.92,2,-1,70.62,-0.29,-2.67,-10.16,10.98
455.17,0,,70.69,10.95,2,-1,70.68,-0.23,-2.62,-10.05,10.99
455.20,0,,70.70,10.98,2,-1,70.81,-0.25,-2.63,-10.08,10.98
455.30,0,,70.74,10.99,2,-1,70.75,-0.31,-2.67,-10.18,10.96
455.42,0,,70.83,10.98,0,1,71.26,-0.30,-2.66,-10.16,10.96
455.51,0,,70.92,10.98,1,0,70.54,-0.19,-2.60,-9.99,11.01
455.60,0,,70.90,10.99,0,1,71.00,-0.17,-2.57,-9.94,11.00
455.71,0,,70.87,10.99,0,1,70.89,-0.31,-2.60,-10.11,10.89
455.81,0,,70.81,10.94,0,1,70.33,-0.47,-2.67,-10.34,10.80
455.95,0,,70.66,10.87,0,1,70.62,-0.49,-2.68,-10.37,10.79
456.02,0,,70.56,10.82,1,0,70.62,-0.36,-2.60,-10.16,10.84
456.10,0,,70.57,10.82,2,-1,70.70,-0.35,-2.62,-10.17,10.87
456.28,0,,70.56,10.83,2,-1,70.13,-0.52,-2.67,-10.39,10.75
456.32,0,,70.47,10.81,4,-2,70.66,-0.48,-2.64,-10.32,10.76
456.40,0,,70.46,10.80,4,-2,70.54,-0.36,-2.63,-10.19,10.87
456.55,0,,70.53,10.82,4,-2,70.62,-0.37,-2.62,-10.19,10.85
456.77,0,,70.60,10.85,2,-1,70.75,-0.42,-2.66,-10.28,10.84
456.77,0,,70.60,10.85,2,-1,70.75,-0.42,-2.66,-10.28,10.84
456.85,0,,70.68,10.84,1,0,70.73,-0.50,-2.68,-10.38,10.78
456.92,0,,70.64,10.82,2,-1,70.34,-0.39,-2.65,-10.24,10.86
457.01,0,,70.58,10.83,2,-1,70.75,-0.44,-2.68,-10.32,10.84
457.18,0,,70.59,10.83,0,1,70.72,-0.54,-2.70,-10.44,10.76
457.22,0,,70.64,10.81,0,1,70.52,-0.58,-2.74,-10.52,10.76
457.30,0,,70.62,10.77,0,1,70.50,-0.65,-2.76,-10.61,10.71
457.45,0,,70.55,10.74,1,0,70.54,-0.70,-2.83,-10.73,10.73
457.52,0,,70.53,10.72,2,-1,70.58,-0.87,-2.95,-11.02,10.68
457.61,0,,70.51,10.67,2,-1,70.33,-1.18,-2.99,-11.37,10.41
457.73,0,,70.54,10.55,1,0,71.07,-1.06,-2.85,-11.11,10.39
457.82,0,,70.67,10.46,2,-1,70.60,-0.62,-2.63,-10.45,10.61
457.93,0,,70.75,10.48,2,-1,70.80,-0.71,-2.68,-10.59,10.57
458.00,0,,70.69,10.50,2,-1,70.13,-1.13,-2.87,-11.20,10.34
458.17,0,,70.55,10.44,2,-1,70.80,-1.17,-2.88,-11.25,10.31
458.20,0,,70.53,10.37,1,0,70.63,-1.04,-2.83,-11.07,10.39
458.30,0,,70.59,10.36,1,0,70.51,-0.99,-2.86,-11.05,10.47
458.42,0,,70.62,10.40,1,0,70.86,-1.03,-2.88,-11.11,10.45
458.51,0,,70.64,10.44,1,0,70.35,-0.98,-2.84,-11.02,10.46
458.60,0,,70.55,10.46,1,0,70.23,-0.87,-2.77,-10.84,10.50
458.72,0,,70.39,10.47,1,0,70.37,-0.89,-2.74,-10.83,10.45
458.80,0,,70.35,10.47,2,-1,70.61,-0.94,-2.79,-10.93,10.45
458.92,0,,70.44,10.46,2,-1,70.60,-0.95,-2.81,-10.96,10.46
459.02,0,,70.53,10.45,1,0,70.47,-0.93,-2.76,-10.89,10.43
459.11,0,,70.58,10.44,1,0,70.77,-0.88,-2.73,-10.81,10.45
459.20,0,,70.60,10.43,1,0,70.42,-0.95,-2.74,-10.89,10.39
459.32,0,,70.57,10.41,1,0,70.50,-1.02,-2.77,-10.99,10.35
459.40,0,,70.53,10.38,1,0,70.63,-0.97,-2.78,-10.95,10.41
459.49,0,,70.56,10.39,1,0,70.72,-0.91,-2.77,-10.88,10.46
459.72,0,,70.63,10.43,1,0,70.64,-0.88,-2.76,-10.84,10.48
459.72,0,,70.61,10.45,0,1,70.23,-0.95,-2.73,-10.88,10.38
459.80,0,,70.48,10.43,0,1,70.36,-0.93,-2.72,-10.85,10.39
459.92,0,,70.35,10.42,1,0,70.30,-0.77,-2.70,-10.67,10.53
460.01,0,,70.32,10.47,2,-1,70.43,-0.66,-2.69,-10.55,10.63
460.10,0,,70.35,10.56,2,-1,70.40,-0.67,-2.71,-10.58,10.64
460.21,0,,70.38,10.62,1,0,70.38,-0.71,-2.69,-10.60,10.58
460.42,0,,70.39,10.63,2,-1,70.32,-0.64,-2.69,-10.53,10.65
460.43,0,,70.39,10.65,2,-1,70.51,-0.53,-2.67,-10.40,10.74
460.52,0,,70.42,10.68,2,-1,70.43,-0.62,-2.68,-10.50,10.66
460.61,0,,70.42,10.68,2,-1,70.27,-0.73,-2.73,-10.66,10.60
460.79,0,,70.37,10.65,2,-1,70.36,-0.70,-2.73,-10.63,10.63
460.82,0,,70.35,10.65,2,-1,70.40,-0.59,-2.73,-10.52,10.74
460.93,0,,70.35,10.69,2,-1,70.29,-0.54,-2.72,-10.46,10.78
461.02,0,,70.38,10.73,1,0,70.67,-0.62,-2.70,-10.52,10.68
461.17,0,,70.44,10.73,1,0,70.23,-0.68,-2.71,-10.59,10.63
461.20,0,,70.44,10.69,1,0,70.49,-0.64,-2.74,-10.58,10.70
461.36,0,,70.41,10.68,1,0,70.33,-0.65,-2.76,-10.61,10.71
461.42,0,,70.43,10.69,1,0,70.66,-0.74,-2.78,-10.72,10.64
461.54,0,,70.46,10.67,1,0,70.32,-0.79,-2.81,-10.80,10.62
461.66,0,,70.50,10.64,1,0,70.73,-0.76,-2.81,-10.77,10.65
461.71,0,,70.58,10.64,1,0,70.79,-0.67,-2.80,-10.67,10.73
461.80,0,,70.69,10.69,1,0,70.69,-0.67,-2.86,-10.73,10.79
461.92,0,,70.77,10.73,0,2,71.00,-0.82,-2.85,-10.87,10.63
462.02,0,,70.82,10.70,0,2,70.62,-0.81,-2.81,-10.82,10.60
462.16,0,,70.84,10.65,0,2,71.10,-0.72,-2.81,-10.73,10.69
462.26,0,,70.82,10.64,0,2,70.34,-0.75,-2.82,-10.77,10.67
462.31,0,,70.69,10.64,0,2,70.60,-0.82,-2.82,-10.84,10.60
462.40,0,,70.55,10.62,0,1,70.44,-0.86,-2.84,-10.90,10.58
462.52,0,,70.50,10.61,0,1,70.66,-0.78,-2.85,-10.83,10.67
462.67,0,,70.58,10.62,0,1,70.96,-0.73,-2.80,-10.73,10.67
462.70,0,,70.68,10.64,2,-1,70.33,-0.79,-2.81,-10.80,10.62
462.82,0,,70.63,10.64,2,-1,70.53,-0.86,-2.82,-10.88,10.56
462.92,0,,70.59,10.60,2,-1,70.93,-0.85,-2.81,-10.86,10.56
463.04,0,,70.64,10.59,2,-1,70.44,-0.75,-2.84,-10.79,10.69
463.15,0,,70.60,10.62,2,-1,70.32,-0.72,-2.82,-10.74,10.70
463.21,0,,70.47,10.65,1,0,70.44,-0.84,-2.79,-10.83,10.55
463.30,0,,70.42,10.62,2,-1,70.60,-0.90,-2.85,-10.95,10.55
463.42,0,,70.48,10.59,2,-1,70.58,-0.83,-2.88,-10.91,10.65
463.52,0,,70.57,10.59,0,1,70.75,-0.79,-2.84,-10.83,10.65
463.61,0,,70.62,10.62,0,1,70.36,-0.81,-2.82,-10.83,10.61
463.79,0,,70.57,10.62,1,0,70.56,-0.89,-2.89,-10.98,10.60
463.90,0,,70.54,10.62,1,0,70.66,-0.88,-2.92,-11.00,10.64
463.91,0,,70.53,10.62,2,-1,70.29,-0.83,-2.87,-10.90,10.64
464.02,0,,70.49,10.63,2,-1,70.55,-0.84,-2.86,-10.90,10.62
464.17,0,,70.46,10.63,2,-1,70.45,-0.87,-2.93,-11.00,10.66
464.23,0,,70.44,10.64,2,-1,70.29,-0.89,-2.94,-11.03,10.65
464.33,0,,70.44,10.64,2,-1,70.75,-0.85,-2.86,-10.91,10.61
464.42,0,,70.54,10.63,2,-1,70.71,-0.80,-2.85,-10.85,10.65
464.51,0,,70.69,10.62,2,-1,70.95,-0.88,-2.90,-10.98,10.62
464.68,0,,70.77,10.61,1,0,70.44,-0.96,-2.88,-11.04,10.52
464.71,0,,70.67,10.56,1,0,70.38,-0.98,-2.83,-11.01,10.45
464.80,0,,70.58,10.52,0,1,70.96,-0.87,-2.86,-10.93,10.59
465.08,0,,70.61,10.54,0,1,70.50,-0.81,-2.90,-10.91,10.69
465.11,0,,70.64,10.59,0,1,70.63,-0.94,-2.86,-11.00,10.52
465.11,0,,70.60,10.58,1,0,70.40,-1.02,-2.87,-11.09,10.45
465.22,0,,70.58,10.52,1,0,70.90,-0.99,-2.85,-11.04,10.46
465.32,0,,70.61,10.48,1,0,70.39,-0.90,-2.83,-10.93,10.53
465.44,0,,70.62,10.48,1,0,70.80,-0.91,-2.86,-10.97,10.55
465.52,0,,70.61,10.50,1,0,70.35,-1.00,-2.84,-11.04,10.44
465.70,0,,70.58,10.49,1,0,70.75,-0.96,-2.84,-11.00,10.48
465.71,0,,70.58,10.48,1,0,70.50,-0.89,-2.83,-10.92,10.54
465.82,0,,70.56,10.50,1,0,70.47,-0.86,-2.83,-10.89,10.57
465.92,0,,70.55,10.53,1,0,70.73,-0.93,-2.84,-10.97,10.51
466.01,0,,70.60,10.53,1,0,70.72,-0.95,-2.87,-11.02,10.52
466.16,0,,70.68,10.54,1,0,70.72,-0.83,-2.90,-10.93,10.67
466.22,0,,70.68,10.59,1,0,70.39,-0.75,-2.83,-10.78,10.68
466.30,0,,70.60,10.64,1,0,70.62,-0.81,-2.81,-10.82,10.60
466.42,0,,70.53,10.63,1,0,70.36,-0.93,-2.87,-11.00,10.54
466.52,0,,70.46,10.58,1,0,70.40,-0.92,-2.84,-10.96,10.52
466.67,0,,70.44,10.55,1,0,70.66,-0.77,-2.82,-10.79,10.65
466.73,0,,70.49,10.58,1,0,70.46,-0.70,-2.80,-10.70,10.70
466.82,0,,70.56,10.62,2,-1,70.78,-0.81,-2.78,-10.79,10.57
466.90,0,,70.64,10.62,1,0,70.68,-0.83,-2.82,-10.85,10.59
467.09,0,,70.68,10.61,1,0,70.55,-0.74,-2.79,-10.73,10.65
467.17,0,,70.65,10.62,1,0,70.67,-0.67,-2.75,-10.62,10.68
467.30,0,,70.59,10.66,1,0,70.32,-0.67,-2.75,-10.62,10.68
467.36,0,,70.52,10.67,1,0,70.61,-0.74,-2.77,-10.71,10.63
467.42,0,,70.52,10.67,1,0,70.68,-0.70,-2.79,-10.69,10.69
467.51,0,,70.63,10.67,1,0,70.99,-0.64,-2.77,-10.61,10.73
467.69,0,,70.80,10.70,1,0,70.91,-0.64,-2.76,-10.60,10.72
467.74,0,,70.92,10.72,0,1,70.92,-0.70,-2.80,-10.70,10.70
467.80,0,,70.89,10.72,0,1,70.52,-0.75,-2.83,-10.78,10.68
467.92,0,,70.76,10.70,0,1,70.67,-0.71,-2.81,-10.72,10.70
468.05,0,,70.63,10.69,1,0,70.44,-0.68,-2.78,-10.66,10.70
468.11,0,,70.57,10.69,1,0,70.78,-0.71,-2.76,-10.67,10.65
468.23,0,,70.61,10.66,1,0,70.67,-0.80,-2.76,-10.76,10.56
468.34,0,,70.69,10.61,1,0,70.86,-0.80,-2.80,-10.80,10.60
468.40,0,,70.77,10.59,1,0,70.78,-0.74,-2.79,-10.73,10.65
468.52,0,,70.79,10.61,1,0,70.64,-0.73,-2.78,-10.71,10.65
468.70,0,,70.75,10.62,1,0,70.79,-0.81,-2.79,-10.80,10.58
468.71,0,,70.66,10.60,1,0,70.13,-0.86,-2.78,-10.84,10.52
468.83,0,,70.52,10.57,1,0,70.70,-0.77,-2.79,-10.76,10.62
468.95,0,,70.46,10.58,2,-1,70.38,-0.69,-2.77,-10.66,10.68
469.01,0,,70.48,10.61,2,-1,70.65,-0.77,-2.72,-10.69,10.55
469.19,0,,70.53,10.60,2,-1,70.57,-0.82,-2.80,-10.82,10.58
469.22,0,,70.58,10.59,2,-1,70.58,-0.78,-2.80,-10.78,10.62
469.30,0,,70.60,10.59,2,-1,70.68,-0.70,-2.70,-10.60,10.60
469.42,0,,70.70,10.62,1,0,71.15,-0.64,-2.75,-10.59,10.71
469.52,0,,70.78,10.65,1,0,70.26,-0.75,-2.80,-10.75,10.65
469.61,0,,70.69,10.65,0,1,70.60,-0.81,-2.75,-10.76,10.54
469.73,0,,70.58,10.62,1,0,70.69,-0.69,-2.74,-10.63,10.65
469.82,0,,70.60,10.61,1,0,70.71,-0.66,-2.70,-10.56,10.64
469.93,0,,70.63,10.62,1,0,70.45,-0.73,-2.68,-10.61,10.55
470.06,0,,70.60,10.60,1,0,70.65,-0.76,-2.73,-10.69,10.57
470.23,0,,70.56,10.58,1,0,70.35,-0.72,-2.74,-10.66,10.62
470.24,0,,70.50,10.58,1,0,70.54,-0.67,-2.68,-10.55,10.61
470.33,0,,70.51,10.60,1,0,70.82,-0.66,-2.65,-10.51,10.59
470.42,0,,70.63,10.61,1,0,70.75,-0.67,-2.66,-10.53,10.59
470.50,0,,70.69,10.60,1,0,70.44,-0.65,-2.63,-10.48,10.58
470.63,0,,70.62,10.60,1,0,70.46,-0.59,-2.62,-10.41,10.63
470.71,0,,70.55,10.61,1,0,70.75,-0.54,-2.59,-10.33,10.65
470.81,0,,70.58,10.63,1,0,70.57,-0.61,-2.60,-10.41,10.59
470.96,0,,70.58,10.61,1,0,70.41,-0.70,-2.64,-10.54,10.54
471.08,0,,70.51,10.58,1,0,70.36,-0.69,-2.60,-10.49,10.51
471.10,0,,70.49,10.55,1,0,70.90,-0.58,-2.59,-10.37,10.61
471.23,0,,70.60,10.56,1,0,70.65,-0.61,-2.62,-10.43,10.61
471.32,0,,70.66,10.58,1,0,70.44,-0.73,-2.66,-10.59,10.53
471.46,0,,70.58,10.57,1,0,70.37,-0.71,-2.69,-10.60,10.58
471.68,0,,70.47,10.56,1,0,70.45,-0.66,-2.59,-10.45,10.53
471.68,0,,70.41,10.55,1,0,70.40,-0.64,-2.59,-10.43,10.55
471.77,0,,70.39,10.55,1,0,70.34,-0.72,-2.65,-10.57,10.53
471.83,0,,70.37,10.52,2,-1,70.35,-0.82,-2.63,-10.65,10.41
471.92,0,,70.42,10.49,1,0,70.87,-0.72,-2.64,-10.56,10.52
472.01,0,,70.62,10.49,1,0,70.95,-0.64,-2.61,-10.45,10.57
472.19,0,,70.76,10.51,1,0,70.38,-0.70,-2.59,-10.49,10.49
472.22,0,,70.62,10.51,1,0,69.99,-0.79,-2.61,-10.60,10.42
472.31,0,,70.38,10.46,1,0,70.52,-0.82,-2.60,-10.62,10.38
472.42,0,,70.34,10.43,1,0,70.71,-0.70,-2.61,-10.51,10.51
472.52,0,,70.51,10.44,1,0,70.83,-0.68,-2.60,-10.48,10.52
472.61,0,,70.76,10.47,1,0,71.23,-0.81,-2.62,-10.63,10.41
472.73,0,,70.95,10.47,0,2,70.68,-0.83,-2.66,-10.69,10.43
472.82,0,,71.00,10.45,0,2,71.23,-0.77,-2.64,-10.61,10.47
472.96,0,,71.02,10.46,0,2,70.87,-0.70,-2.64,-10.54,10.54
473.02,0,,70.95,10.48,0,2,70.55,-0.76,-2.63,-10.59,10.47
473.23,0,,70.73,10.47,0,2,70.29,-0.88,-2.62,-10.70,10.34
473.24,0,,70.47,10.42,0,1,70.28,-0.83,-2.64,-10.67,10.41
473.33,0,,70.36,10.39,0,1,70.73,-0.77,-2.60,-10.57,10.43
473.45,0,,70.45,10.40,4,-2,70.65,-0.75,-2.58,-10.53,10.43
473.54,0,,70.58,10.41,4,-2,70.56,-0.82,-2.60,-10.62,10.38
473.66,0,,70.60,10.40,4,-2,70.43,-0.87,-2.63,-10.70,10.36
473.72,0,,70.51,10.39,4,-2,70.26,-0.79,-2.64,-10.63,10.45
473.81,0,,70.40,10.40,4,-2,70.47,-0.74,-2.59,-10.53,10.45
473.96,0,,70.34,10.43,4,-2,70.15,-0.80,-2.63,-10.63,10.43
474.05,0,,70.34,10.43,2,-1,70.75,-0.88,-2.66,-10.74,10.38
474.11,0,,70.45,10.41,2,-1,70.55,-0.81,-2.60,-10.61,10.39
474.19,0,,70.52,10.40,1,0,70.23,-0.71,-2.57,-10.48,10.46
474.32,0,,70.51,10.42,1,0,70.83,-0.75,-2.61,-10.56,10.46
474.40,0,,70.52,10.43,1,0,70.26,-0.85,-2.63,-10.68,10.38
474.49,0,,70.50,10.42,1,0,70.54,-0.85,-2.63,-10.68,10.38
474.67,0,,70.53,10.41,0,1,70.95,-0.75,-2.63,-10.58,10.48
474.70,0,,70.63,10.44,0,1,70.35,-0.70,-2.64,-10.54,10.54
474.80,0,,70.54,10.48,0,1,70.02,-0.78,-2.60,-10.58,10.42
474.92,0,,70.36,10.46,0,1,70.56,-0.87,-2.59,-10.66,10.32
475.07,0,,70.37,10.42,1,0,70.75,-0.80,-2.67,-10.67,10.47
475.18,0,,70.48,10.42,1,0,70.23,-0.72,-2.67,-10.59,10.55
475.24,0,,70.48,10.47,1,0,70.50,-0.78,-2.62,-10.60,10.44
475.46,0,,70.44,10.48,2,-1,70.36,-0.86,-2.67,-10.73,10.41
475.46,0,,70.46,10.45,2,-1,70.79,-0.84,-2.69,-10.73,10.45
475.55,0,,70.54,10.43,1,0,70.48,-0.80,-2.61,-10.61,10.41
475.61,0,,70.55,10.42,1,0,70.36,-0.74,-2.55,-10.49,10.41
475.76,0,,70.47,10.41,1,0,70.33,-0.75,-2.59,-10.54,10.44
475.94,0,,70.38,10.41,1,0,70.39,-0.87,-2.63,-10.70,10.36
475.94,0,,70.38,10.39,1,0,70.56,-0.84,-2.62,-10.66,10.38
476.06,0,,70.45,10.39,1,0,70.56,-0.69,-2.60,-10.49,10.51
476.24,0,,70.52,10.45,1,0,70.54,-0.66,-2.63,-10.49,10.57
476.30,0,,70.57,10.51,1,0,70.63,-0.76,-2.64,-10.60,10.48
476.36,0,,70.54,10.50,1,0,70.15,-0.83,-2.59,-10.62,10.36
476.42,0,,70.44,10.44,1,0,70.56,-0.78,-2.58,-10.56,10.40
476.60,0,,70.42,10.42,1,0,70.51,-0.64,-2.58,-10.42,10.54
476.60,0,,70.52,10.46,1,0,70.91,-0.62,-2.60,-10.42,10.58
476.71,0,,70.66,10.53,1,0,70.60,-0.74,-2.66,-10.60,10.52
476.81,0,,70.72,10.55,1,0,70.71,-0.73,-2.62,-10.55,10.49
476.98,0,,70.72,10.53,1,0,70.70,-0.64,-2.55,-10.39,10.51
477.02,0,,70.70,10.51,1,0,70.65,-0.62,-2.53,-10.35,10.51
477.17,0,,70.64,10.51,0,1,70.37,-0.63,-2.57,-10.40,10.54
477.20,0,,70.55,10.53,1,0,70.62,-0.67,-2.63,-10.50,10.56
477.32,0,,70.52,10.55,1,0,70.56,-0.65,-2.58,-10.43,10.53
477.40,0,,70.54,10.55,1,0,70.52,-0.56,-2.54,-10.30,10.58
477.52,0,,70.50,10.56,1,0,70.25,-0.60,-2.53,-10.33,10.53
477.74,0,,70.39,10.54,2,-1,70.21,-0.72,-2.54,-10.46,10.42
477.74,0,,70.31,10.48,4,-2,70.51,-0.80,-2.57,-10.57,10.37
477.80,0,,70.36,10.41,4,-2,70.56,-0.78,-2.57,-10.55,10.39
477.95,0,,70.44,10.40,4,-2,70.29,-0.66,-2.59,-10.45,10.53
478.01,0,,70.42,10.44,2,-1,70.34,-0.69,-2.56,-10.45,10.47
478.10,0,,70.42,10.45,2,-1,70.72,-0.83,-2.52,-10.55,10.29
478.22,0,,70.53,10.40,1,0,70.73,-0.79,-2.55,-10.54,10.36
478.30,0,,70.69,10.37,1,0,70.98,-0.68,-2.56,-10.44,10.48
478.49,0,,70.78,10.41,0,2,70.41,-0.63,-2.54,-10.37,10.51
478.52,0,,70.74,10.46,0,2,70.79,-0.72,-2.58,-10.50,10.46
478.61,0,,70.75,10.47,0,2,71.18,-0.80,-2.58,-10.58,10.38
478.70,0,,70.81,10.44,0,2,70.26,-0.75,-2.54,-10.49,10.39
478.90,0,,70.67,10.41,0,2,70.37,-0.64,-2.52,-10.36,10.48
478.91,0,,70.45,10.44,0,1,70.25,-0.61,-2.52,-10.33,10.51
479.02,0,,70.33,10.47,1,0,70.47,-0.70,-2.52,-10.42,10.42
479.21,0,,70.33,10.45,1,0,70.42,-0.73,-2.51,-10.44,10.38
479.21,0,,70.33,10.45,1,0,70.42,-0.73,-2.51,-10.44,10.38
479.36,0,,70.56,10.44,4,-2,70.28,-0.53,-2.50,-10.23,10.57
479.42,0,,70.53,10.49,4,-2,70.37,-0.60,-2.46,-10.26,10.46
479.57,0,,70.46,10.49,2,-1,70.62,-0.70,-2.47,-10.37,10.37
479.59,0,,70.48,10.46,2,-1,70.56,-0.66,-2.53,-10.39,10.47
479.75,0,,70.50,10.46,1,0,70.23,-0.55,-2.53,-10.28,10.58
479.84,0,,70.43,10.51,1,0,70.45,-0.48,-2.46,-10.14,10.58
479.92,0,,70.45,10.56,2,-1,70.84,-0.54,-2.48,-10.22,10.54
480.02,0,,70.53,10.56,1,0,70.30,-0.64,-2.50,-10.34,10.46
480.11,0,,70.54,10.53,1,0,70.58,-0.62,-2.49,-10.31,10.47
480.20,0,,70.54,10.51,1,0,70.70,-0.48,-2.50,-10.18,10.62
480.41,0,,70.54,10.54,0,1,70.21,-0.43,-2.46,-10.09,10.63
480.41,0,,70.46,10.58,1,0,70.42,-0.58,-2.45,-10.23,10.47
480.52,0,,70.49,10.55,1,0,71.18,-0.62,-2.47,-10.29,10.45
480.74,0,,70.69,10.52,1,0,70.63,-0.49,-2.48,-10.17,10.59
480.74,0,,70.79,10.54,1,0,70.64,-0.41,-2.44,-10.05,10.63
480.83,0,,70.68,10.58,1,0,70.20,-0.48,-2.42,-10.10,10.54
480.95,0,,70.51,10.58,1,0,70.61,-0.57,-2.47,-10.24,10.50
481.01,0,,70.48,10.55,1,0,70.70,-0.50,-2.49,-10.19,10.59
481.15,0,,70.58,10.56,0,1,70.74,-0.40,-2.45,-10.05,10.65
481.27,0,,70.71,10.61,1,0,70.90,-0.34,-2.42,-9.96,10.68
481.31,0,,70.78,10.66,0,1,70.56,-0.37,-2.45,-10.02,10.68
481.43,0,,70.68,10.67,0,1,70.23,-0.47,-2.45,-10.12,10.58
481.52,0,,70.50,10.64,1,0,70.49,-0.46,-2.41,-10.07,10.55
481.61,0,,70.42,10.60,1,0,70.58,-0.33,-2.39,-9.92,10.66
481.70,0,,70.51,10.61,2,-1,70.91,-0.28,-2.37,-9.85,10.69
481.82,0,,70.62,10.65,0,1,70.31,-0.32,-2.39,-9.91,10.67
481.97,0,,70.58,10.67,1,0,70.42,-0.42,-2.42,-10.04,10.60
482.08,0,,70.50,10.64,1,0,70.64,-0.45,-2.42,-10.07,10.57
482.17,0,,70.43,10.63,1,0,69.89,-0.28,-2.40,-9.88,10.72
482.20,0,,70.32,10.66,2,-1,70.59,-0.22,-2.38,-9.80,10.76
482.30,0,,70.35,10.71,2,-1,70.66,-0.35,-2.43,-9.98,10.68
482.45,0,,70.55,10.71,1,0,70.96,-0.41,-2.43,-10.04,10.62
482.51,0,,70.74,10.67,1,0,70.62,-0.36,-2.38,-9.94,10.62
482.65,0,,70.80,10.65,1,0,70.84,-0.21,-2.33,-9.74,10.72
482.72,0,,70.73,10.67,0,1,70.25,-0.18,-2.33,-9.71,10.75
482.80,0,,70.59,10.71,1,0,70.68,-0.30,-2.38,-9.88,10.68
482.93,0,,70.54,10.71,1,0,70.61,-0.32,-2.38,-9.90,10.66
483.02,0,,70.58,10.71,0,1,70.74,-0.22,-2.37,-9.79,10.75
483.17,0,,70.63,10.72,0,1,70.52,-0.12,-2.33,-9.65,10.81
483.20,0,,70.63,10.76,0,1,70.68,-0.15,-2.30,-9.65,10.75
483.32,0,,70.66,10.77,1,0,70.85,-0.23,-2.34,-9.77,10.71
483.40,0,,70.74,10.75,1,0,70.85,-0.25,-2.37,-9.82,10.72
483.53,0,,70.80,10.73,1,0,70.66,-0.17,-2.37,-9.74,10.80
483.68,0,,70.77,10.76,0,1,70.70,-0.06,-2.31,-9.57,10.85
483.71,0,,70.66,10.80,0,1,70.26,-0.14,-2.31,-9.65,10.77
483.80,0,,70.46,10.80,1,0,70.08,-0.26,-2.36,-9.82,10.70
483.95,0,,70.29,10.76,2,-1,70.53,-0.24,-2.31,-9.75,10.67
484.10,0,,70.25,10.71,4,-2,70.10,-0.16,-2.29,-9.65,10.73
484.10,0,,70.26,10.71,4,-2,70.43,-0.11,-2.31,-9.62,10.80
484.22,0,,70.39,10.75,4,-2,71.05,-0.16,-2.34,-9.70,10.78
484.49,0,,70.61,10.77,4,-2,70.40,-0.24,-2.34,-9.78,10.70
484.49,0,,70.70,10.75,1,0,70.85,-0.27,-2.31,-9.78,10.64
484.52,0,,70.67,10.70,1,0,70.23,-0.19,-2.28,-9.67,10.69
484.67,0,,70.46,10.69,1,0,69.87,-0.12,-2.30,-9.62,10.78
484.70,0,,70.24,10.72,1,0,70.62,-0.19,-2.33,-9.72,10.74
484.82,0,,70.27,10.73,1,0,70.49,-0.27,-2.30,-9.77,10.63
484.97,0,,70.37,10.70,1,0,70.19,-0.21,-2.29,-9.70,10.68
484.99,0,,70.39,10.70,2,-1,70.60,-0.07,-2.27,-9.54,10.80
485.21,0,,70.50,10.74,2,-1,70.92,-0.05,-2.26,-9.51,10.81
485.21,0,,70.65,10.77,2,-1,70.51,-0.18,-2.30,-9.68,10.72
485.33,0,,70.63,10.76,1,0,70.18,-0.22,-2.27,-9.69,10.65
485.48,0,,70.48,10.71,0,1,70.57,-0.16,-2.22,-9.58,10.66
485.50,0,,70.41,10.69,2,-1,70.40,-0.06,-2.22,-9.48,10.76
485.65,0,,70.42,10.71,2,-1,70.47,-0.07,-2.22,-9.49,10.75
485.72,0,,70.46,10.74,2,-1,70.62,-0.12,-2.27,-9.59,10.75
485.80,0,,70.48,10.76,2,-1,70.23,-0.09,-2.30,-9.59,10.81
485.90,0,,70.43,10.79,2,-1,70.37,-0.02,-2.25,-9.47,10.83
486.05,0,,70.34,10.83,2,-1,70.18,0.07,-2.24,-9.37,10.91
486.20,0,,70.30,10.86,2,-1,70.50,0.02,-2.19,-9.37,10.81
486.20,0,,70.37,10.85,2,-1,70.67,-0.05,-2.17,-9.42,10.72
486.32,0,,70.53,10.80,1,0,70.69,-0.02,-2.22,-9.44,10.80
486.47,0,,70.68,10.79,1,0,70.88,0.07,-2.19,-9.32,10.86
486.50,0,,70.70,10.82,1,0,70.09,0.12,-2.15,-9.23,10.87
486.65,0,,70.57,10.84,1,0,70.68,-0.02,-2.16,-9.38,10.74
486.77,0,,70.47,10.81,1,0,70.35,-0.08,-2.19,-9.47,10.71
486.80,0,,70.43,10.78,1,0,70.38,0.05,-2.23,-9.38,10.88
486.92,0,,70.40,10.81,1,0,70.50,0.19,-2.15,-9.16,10.94
487.04,0,,70.43,10.88,1,0,70.50,0.23,-2.10,-9.07,10.93
487.15,0,,70.45,10.91,1,0,70.36,0.11,-2.13,-9.22,10.84
487.22,0,,70.44,10.89,1,0,70.47,0.05,-2.17,-9.32,10.82
487.30,0,,70.42,10.87,1,0,70.35,0.15,-2.18,-9.23,10.93
487.43,0,,70.46,10.89,1,0,70.82,0.26,-2.13,-9.07,10.99
487.58,0,,70.60,10.94,1,0,70.87,0.25,-2.11,-9.06,10.96
487.61,0,,70.69,10.96,1,0,70.22,0.15,-2.10,-9.15,10.85
487.70,0,,70.60,10.92,1,0,70.59,0.15,-2.09,-9.14,10.84
487.82,0,,70.56,10.90,1,0,70.87,0.29,-2.12,-9.03,11.01
487.97,0,,70.67,10.94,1,0,70.81,0.40,-2.09,-8.89,11.09
488.11,0,,70.78,11.02,0,1,70.78,0.36,-2.08,-8.92,11.04
488.12,0,,70.82,11.05,0,2,70.81,0.27,-2.09,-9.02,10.96
488.21,0,,70.81,11.03,0,2,70.76,0.27,-2.10,-9.03,10.97
488.30,0,,70.75,11.01,0,1,70.46,0.37,-2.09,-8.92,11.06
488.51,0,,70.69,11.03,0,1,70.97,0.48,-2.03,-8.75,11.11
488.51,0,,70.72,11.07,0,1,70.70,0.43,-2.07,-8.84,11.10
488.65,0,,70.77,11.09,0,1,70.88,0.30,-2.09,-8.99,10.99
488.72,0,,70.84,11.06,0,1,71.04,0.32,-2.07,-8.95,10.99
488.83,0,,70.89,11.04,0,1,70.66,0.48,-2.10,-8.82,11.18
488.95,0,,70.80,11.08,0,1,70.41,0.48,-2.06,-8.78,11.14
489.02,0,,70.69,11.12,0,1,71.03,0.38,-2.06,-8.88,11.04
489.11,0,,70.75,11.11,1,0,70.98,0.37,-2.17,-9.00,11.14
489.23,0,,70.81,11.12,1,0,70.34,0.41,-2.17,-8.96,11.18
489.32,0,,70.69,11.16,0,1,70.54,0.55,-2.09,-8.74,11.24
489.40,0,,70.55,11.20,0,1,70.48,0.55,-2.05,-8.70,11.20
489.53,0,,70.53,11.20,2,-1,70.85,0.42,-2.08,-8.86,11.10
489.68,0,,70.64,11.16,4,-2,70.87,0.37,-2.11,-8.94,11.08
489.70,0,,70.78,11.11,2,-1,70.78,0.40,-2.09,-8.89,11.09
489.86,0,,70.81,11.11,0,1,70.69,0.58,-2.06,-8.68,11.24
489.92,0,,70.84,11.16,0,1,71.20,0.59,-2.07,-8.68,11.26
490.04,0,,70.91,11.20,0,1,70.78,0.41,-2.06,-8.85,11.07
490.10,0,,70.84,11.16,0,1,70.16,0.38,-2.05,-8.87,11.03
490.22,0,,70.60,11.09,1,0,70.55,0.41,-2.03,-8.82,11.04
490.34,0,,70.45,11.06,1,0,70.52,0.52,-2.00,-8.68,11.12
490.40,0,,70.45,11.08,2,-1,70.50,0.57,-2.02,-8.65,11.19
490.52,0,,70.55,11.13,2,-1,71.07,0.46,-2.07,-8.81,11.13
490.61,0,,70.73,11.15,2,-1,70.72,0.45,-2.08,-8.83,11.13
490.70,0,,70.81,11.15,2,-1,70.63,0.50,-2.05,-8.75,11.15
490.82,0,,70.81,11.15,1,0,71.08,0.58,-2.01,-8.63,11.19
490.94,0,,70.85,11.18,1,0,70.78,0.59,-2.04,-8.65,11.23
490.99,0,,70.81,11.20,1,0,70.38,0.48,-2.07,-8.79,11.15
491.15,0,,70.65,11.18,0,1,70.58,0.40,-2.02,-8.82,11.02
491.23,0,,70.58,11.12,1,0,70.83,0.45,-2.03,-8.78,11.08
491.33,0,,70.61,11.10,1,0,70.43,0.61,-2.05,-8.64,11.26
491.45,0,,70.62,11.15,1,0,70.80,0.61,-2.02,-8.61,11.23
491.51,0,,70.58,11.19,1,0,70.12,0.49,-2.01,-8.72,11.10
491.60,0,,70.51,11.18,1,0,70.84,0.48,-2.03,-8.75,11.11
491.78,0,,70.55,11.15,1,0,70.66,0.54,-2.04,-8.70,11.18
491.80,0,,70.66,11.16,1,0,70.83,0.67,-2.00,-8.53,11.27
491.90,0,,70.72,11.21,1,0,70.55,0.63,-1.99,-8.56,11.22
492.05,0,,70.68,11.22,1,0,70.54,0.50,-2.04,-8.74,11.14
492.11,0,,70.64,11.20,1,0,70.83,0.50,-2.04,-8.74,11.14
492.20,0,,70.64,11.18,1,0,70.47,0.60,-2.04,-8.64,11.24
492.44,0,,70.60,11.21,1,0,70.50,0.74,-2.01,-8.47,11.35
492.44,0,,70.55,11.26,1,0,70.58,0.65,-1.97,-8.52,11.22
492.59,0,,70.53,11.26,1,0,70.55,0.50,-1.99,-8.69,11.09
492.65,0,,70.55,11.20,1,0,70.62,0.56,-2.06,-8.70,11.22
492.74,0,,70.52,11.19,1,0,70.16,0.62,-2.06,-8.64,11.28
492.83,0,,70.49,11.22,1,0,70.93,0.67,-1.98,-8.51,11.25
492.98,0,,70.61,11.25,1,0,70.91,0.64,-2.00,-8.56,11.24
493.04,0,,70.81,11.26,1,0,70.96,0.57,-2.06,-8.69,11.23
493.10,0,,70.88,11.25,1,0,70.53,0.63,-2.05,-8.62,11.28
493.22,0,,70.80,11.27,1,0,70.72,0.72,-2.02,-8.50,11.34
493.31,0,,70.68,11.30,1,0,70.50,0.73,-1.95,-8.42,11.28
493.40,0,,70.62,11.30,0,1,70.82,0.68,-1.96,-8.48,11.24
493.55,0,,70.59,11.28,1,0,70.19,0.62,-2.01,-8.59,11.23
493.61,0,,70.50,11.25,1,0,70.56,0.59,-1.99,-8.60,11.18
493.70,0,,70.47,11.23,1,0,70.68,0.72,-1.96,-8.44,11.28
493.82,0,,70.59,11.25,1,0,70.94,0.83,-1.94,-8.31,11.37
493.90,0,,70.74,11.30,1,0,70.67,0.73,-1.98,-8.45,11.31
494.00,0,,70.73,11.32,1,0,70.32,0.62,-1.97,-8.55,11.19
494.17,0,,70.54,11.28,1,0,70.17,0.68,-1.97,-8.49,11.25
494.20,0,,70.35,11.28,2,-1,70.44,0.88,-2.00,-8.32,11.48
494.33,0,,70.36,11.36,2,-1,70.85,0.90,-1.98,-8.28,11.48
494.42,0,,70.53,11.43,2,-1,70.59,0.74,-2.00,-8.46,11.34
494.51,0,,70.68,11.42,1,0,70.91,0.69,-2.02,-8.53,11.31
494.66,0,,70.67,11.37,1,0,69.90,0.74,-1.99,-8.45,11.33
494.72,0,,70.51,11.35,1,0,70.79,0.87,-1.95,-8.28,11.42
494.81,0,,70.53,11.37,1,0,71.00,0.88,-1.95,-8.27,11.43
494.90,0,,70.70,11.39,1,0,70.63,0.73,-1.96,-8.43,11.29
495.05,0,,70.70,11.36,0,1,70.19,0.69,-1.97,-8.48,11.26
495.17,0,,70.60,11.32,0,2,71.01,0.78,-1.96,-8.38,11.34
495.20,0,,70.60,11.32,1,0,70.43,0.91,-1.94,-8.23,11.45
495.41,0,,70.63,11.38,1,0,70.71,0.91,-1.93,-8.22,11.44
495.41,0,,70.64,11.42,1,0,70.74,0.80,-1.96,-8.36,11.36
495.53,0,,70.67,11.41,1,0,70.52,0.77,-1.97,-8.40,11.34
495.65,0,,70.63,11.38,1,0,70.54,0.82,-1.94,-8.32,11.36
495.74,0,,70.60,11.38,1,0,70.77,0.98,-1.95,-8.17,11.53
495.80,0,,70.64,11.44,1,0,70.70,0.97,-1.95,-8.18,11.52
495.92,0,,70.65,11.47,1,0,70.35,0.81,-1.91,-8.30,11.32
496.01,0,,70.62,11.43,1,0,71.00,0.77,-1.93,-8.36,11.30
496.10,0,,70.67,11.38,1,0,70.55,0.90,-1.98,-8.28,11.48
496.22,0,,70.69,11.41,1,0,70.60,1.05,-1.92,-8.07,11.57
496.31,0,,70.66,11.47,1,0,70.75,0.97,-1.86,-8.09,11.43
496.40,0,,70.67,11.49,1,0,70.66,0.89,-1.97,-8.28,11.46
496.52,0,,70.69,11.48,1,0,70.81,0.90,-1.97,-8.27,11.47
496.61,0,,70.73,11.47,1,0,70.70,0.98,-1.90,-8.12,11.48
496.70,0,,70.71,11.50,1,0,70.48,1.13,-1.90,-7.97,11.63
496.91,0,,70.64,11.54,1,0,70.66,1.05,-1.89,-8.04,11.54
496.91,0,,70.62,11.56,1,0,70.74,0.91,-1.92,-8.21,11.43
497.00,0,,70.64,11.51,1,0,70.57,0.86,-1.94,-8.28,11.40
497.14,0,,70.58,11.46,1,0,70.16,0.94,-1.92,-8.18,11.46
497.21,0,,70.46,11.46,1,0,70.66,1.12,-1.90,-7.98,11.62
497.48,0,,70.47,11.52,1,0,70.66,1.05,-1.91,-8.06,11.56
497.48,0,,70.60,11.54,1,0,70.86,0.90,-1.93,-8.23,11.43
497.57,0,,70.75,11.52,1,0,70.91,0.93,-1.94,-8.21,11.47
497.60,0,,70.82,11.49,1,0,70.52,1.05,-1.93,-8.08,11.58
497.72,0,,70.76,11.53,1,0,70.74,1.13,-1.90,-7.97,11.63
497.81,0,,70.71,11.58,1,0,70.84,1.04,-1.92,-8.08,11.56
497.90,0,,70.73,11.58,1,0,70.61,0.92,-1.93,-8.21,11.45
498.02,0,,70.76,11.53,0,1,71.11,0.94,-1.90,-8.16,11.44
498.11,0,,70.86,11.50,0,2,70.90,1.13,-1.91,-7.98,11.64
498.20,0,,70.89,11.55,0,1,70.53,1.19,-1.96,-7.97,11.75
498.32,0,,70.80,11.64,0,1,70.87,1.07,-1.95,-8.08,11.62
498.41,0,,70.68,11.66,1,0,70.23,0.97,-1.92,-8.15,11.49
498.50,0,,70.53,11.59,1,0,70.48,0.93,-1.91,-8.18,11.44
498.68,0,,70.46,11.52,1,0,70.70,1.10,-1.88,-7.98,11.58
498.70,0,,70.52,11.52,2,-1,70.60,1.21,-1.85,-7.84,11.66
498.80,0,,70.60,11.58,4,-2,70.68,1.07,-1.90,-8.03,11.57
498.92,0,,70.65,11.61,2,-1,70.59,1.04,-1.98,-8.14,11.62
499.04,0,,70.64,11.62,2,-1,70.56,1.02,-1.97,-8.15,11.59
499.16,0,,70.64,11.61,2,-1,70.87,1.10,-1.91,-8.01,11.61
499.22,0,,70.68,11.62,1,0,70.56,1.20,-1.90,-7.90,11.70
499.31,0,,70.64,11.64,1,0,70.36,1.07,-1.91,-8.04,11.58
499.40,0,,70.56,11.62,2,-1,70.73,1.00,-1.93,-8.13,11.53
499.52,0,,70.56,11.59,1,0,70.60,1.06,-1.95,-8.09,11.61
499.73,0,,70.65,11.63,1,0,71.03,1.23,-1.88,-7.85,11.71
499.73,0,,70.65,11.63,1,0,71.03,1.23,-1.88,-7.85,11.71
499.85,0,,70.80,11.67,1,0,70.99,1.12,-1.92,-8.00,11.64
499.94,0,,70.94,11.66,0,1,70.94,1.00,-1.95,-8.15,11.55
500.03,0,,70.94,11.63,0,1,70.58,1.02,-2.01,-8.19,11.63
500.21,0,,70.81,11.62,0,2,70.72,1.19,-1.94,-7.95,11.73
500.21,0,,70.79,11.67,0,2,71.32,1.25,-1.90,-7.85,11.75
500.30,0,,70.91,11.72,1,0,70.76,1.12,-1.97,-8.05,11.69
500.48,0,,70.94,11.71,0,1,70.78,1.03,-1.94,-8.11,11.57
500.51,0,,70.82,11.65,0,1,70.45,1.05,-1.94,-8.09,11.59
500.66,0,,70.65,11.61,1,0,70.54,1.11,-1.94,-8.03,11.65
500.75,0,,70.52,11.61,1,0,70.45,1.15,-1.91,-7.96,11.66
500.81,0,,70.52,11.63,4,-2,70.92,1.09,-1.92,-8.03,11.61
500.90,0,,70.61,11.63,4,-2,70.50,1.02,-1.93,-8.11,11.55
501.08,0,,70.65,11.60,2,-1,70.65,1.03,-1.94,-8.11,11.57
501.17,0,,70.72,11.59,2,-1,71.23,1.15,-1.93,-7.98,11.68
501.23,0,,70.85,11.62,2,-1,70.62,1.16,-1.88,-7.92,11.64
501.32,0,,70.82,11.63,1,0,70.46,0.98,-1.90,-8.12,11.48
501.41,0,,70.67,11.58,1,0,70.64,0.89,-2.02,-8.33,11.51
501.50,0,,70.57,11.53,1,0,70.46,0.86,-2.05,-8.39,11.51
501.65,0,,70.59,11.51,1,0,71.07,0.94,-2.02,-8.28,11.56
501.71,0,,70.71,11.55,1,0,70.61,0.99,-2.08,-8.29,11.67
501.80,0,,70.76,11.59,1,0,70.71,0.84,-2.09,-8.45,11.53
501.92,0,,70.76,11.57,1,0,70.91,0.65,-2.14,-8.69,11.39
502.01,0,,70.80,11.49,2,-1,70.80,0.54,-2.25,-8.91,11.39
502.19,0,,70.82,11.43,1,0,70.74,0.63,-2.22,-8.79,11.45
502.22,0,,70.83,11.41,0,1,71.03,0.72,-2.13,-8.61,11.45
502.30,0,,70.92,11.42,0,1,71.21,0.61,-2.14,-8.73,11.35
502.40,0,,71.03,11.40,1,0,70.87,0.54,-2.23,-8.89,11.37
502.52,0,,71.02,11.38,1,0,70.88,0.56,-2.25,-8.89,11.41
502.61,0,,70.97,11.39,0,1,71.09,0.62,-2.22,-8.80,11.44
502.70,0,,70.96,11.42,0,1,70.83,0.60,-2.28,-8.88,11.48
502.91,0,,70.88,11.45,0,1,70.51,0.42,-2.40,-9.18,11.42
502.91,0,,70.72,11.44,0,1,70.60,0.30,-2.41,-9.31,11.31
502.99,0,,70.68,11.39,0,1,71.26,0.35,-2.39,-9.24,11.34
503.18,0,,70.85,11.36,0,1,70.94,0.48,-2.37,-9.09,11.45
503.20,0,,70.90,11.37,2,-1,70.31,0.40,-2.34,-9.14,11.34
503.33,0,,70.71,11.35,2,-1,70.51,0.16,-2.37,-9.41,11.13
503.42,0,,70.53,11.25,4,-2,70.51,0.09,-2.36,-9.47,11.05
503.51,0,,70.49,11.13,4,-2,70.68,0.06,-2.37,-9.51,11.03
503.66,0,,70.57,11.05,4,-2,70.82,0.01,-2.44,-9.63,11.05
503.72,0,,70.70,11.02,2,-1,70.78,-0.05,-2.46,-9.71,11.01
503.84,0,,70.75,11.01,1,0,70.55,-0.11,-2.45,-9.76,10.94
503.93,0,,70.76,10.98,1,0,71.10,-0.16,-2.53,-9.89,10.97
504.02,0,,70.86,10.97,1,0,71.05,-0.22,-2.59,-10.01,10.97
504.11,0,,70.93,10.97,0,1,70.54,-0.20,-2.54,-9.94,10.94
504.23,0,,70.80,10.97,0,2,70.44,-0.17,-2.56,-9.93,10.99
504.32,0,,70.64,10.97,0,2,70.81,-0.24,-2.59,-10.03,10.95
504.44,0,,70.61,10.95,0,1,70.64,-0.34,-2.54,-10.08,10.80
504.53,0,,70.68,10.88,1,0,70.93,-0.36,-2.53,-10.09,10.77
504.68,0,,70.79,10.81,1,0,70.92,-0.32,-2.51,-10.03,10.79
504.74,0,,70.86,10.79,1,0,70.69,-0.29,-2.55,-10.04,10.86
504.83,0,,70.79,10.81,1,0,70.48,-0.34,-2.58,-10.12,10.84
504.95,0,,70.69,10.82,2,-1,70.87,-0.45,-2.57,-10.22,10.72
505.01,0,,70.65,10.79,2,-1,70.45,-0.40,-2.56,-10.16,10.76
505.16,0,,70.67,10.78,2,-1,71.06,-0.25,-2.52,-9.97,10.87
505.28,0,,70.79,10.81,2,-1,70.97,-0.30,-2.53,-10.03,10.83
505.30,0,,70.90,10.83,0,1,70.76,-0.40,-2.59,-10.19,10.79
505.42,0,,70.89,10.82,0,1,70.80,-0.38,-2.59,-10.17,10.81
505.58,0,,70.83,10.82,1,0,70.78,-0.27,-2.55,-10.02,10.88
505.61,0,,70.77,10.86,1,0,70.68,-0.15,-2.54,-9.89,10.99
505.73,0,,70.74,10.92,1,0,70.80,-0.23,-2.55,-9.98,10.92
505.85,0,,70.72,10.93,1,0,70.59,-0.36,-2.55,-10.11,10.79
506.00,0,,70.68,10.89,1,0,70.64,-0.31,-2.55,-10.06,10.84
506.03,0,,70.64,10.86,1,0,70.58,-0.20,-2.53,-9.93,10.93
506.30,0,,70.53,10.88,1,0,70.06,-0.18,-2.50,-9.88,10.92
506.30,0,,70.37,10.91,4,-2,70.43,-0.23,-2.51,-9.94,10.88
506.33,0,,70.33,10.91,4,-2,70.56,-0.26,-2.52,-9.98,10.86
506.51,0,,70.39,10.90,4,-2,70.38,-0.22,-2.54,-9.96,10.92
506.51,0,,70.46,10.92,4,-2,70.62,-0.11,-2.52,-9.83,11.01
506.69,0,,70.50,10.95,4,-2,70.37,-0.13,-2.48,-9.81,10.95
506.71,0,,70.50,10.96,2,-1,70.61,-0.26,-2.50,-9.96,10.84
506.81,0,,70.47,10.91,2,-1,70.16,-0.30,-2.51,-10.01,10.81
506.93,0,,70.44,10.85,2,-1,70.80,-0.26,-2.50,-9.96,10.84
507.02,0,,70.52,10.84,2,-1,70.67,-0.10,-2.44,-9.74,10.94
507.17,0,,70.60,10.88,0,1,70.39,-0.12,-2.43,-9.75,10.91
507.23,0,,70.57,10.90,0,1,70.52,-0.30,-2.50,-10.00,10.80
507.32,0,,70.51,10.87,0,1,70.49,-0.28,-2.50,-9.98,10.82
507.41,0,,70.50,10.85,1,0,70.59,-0.23,-2.52,-9.95,10.89
507.53,0,,70.52,10.87,1,0,70.49,-0.17,-2.52,-9.89,10.95
507.67,0,,70.50,10.90,1,0,70.31,-0.19,-2.46,-9.85,10.87
507.71,0,,70.43,10.89,2,-1,70.43,-0.32,-2.49,-10.01,10.77
507.83,0,,70.38,10.84,2,-1,70.33,-0.40,-2.53,-10.13,10.73
507.92,0,,70.41,10.78,2,-1,70.71,-0.34,-2.52,-10.06,10.78
508.04,0,,70.53,10.77,2,-1,70.81,-0.26,-2.51,-9.97,10.85
508.16,0,,70.68,10.79,1,0,70.62,-0.37,-2.51,-10.08,10.74
508.22,0,,70.72,10.77,0,1,70.71,-0.47,-2.54,-10.21,10.67
508.31,0,,70.67,10.73,0,1,70.35,-0.43,-2.54,-10.17,10.71
508.43,0,,70.56,10.70,0,1,70.57,-0.39,-2.50,-10.09,10.71
508.52,0,,70.51,10.70,0,1,70.57,-0.41,-2.49,-10.10,10.68
508.67,0,,70.55,10.69,1,0,70.79,-0.49,-2.52,-10.21,10.63
508.73,0,,70.67,10.66,1,0,70.87,-0.55,-2.57,-10.32,10.62
508.82,0,,70.80,10.65,1,0,70.88,-0.49,-2.61,-10.30,10.72
508.90,0,,70.79,10.68,0,1,70.25,-0.40,-2.57,-10.17,10.77
509.06,0,,70.64,10.72,0,1,70.59,-0.45,-2.55,-10.20,10.70
509.15,0,,70.47,10.72,0,1,70.16,-0.55,-2.58,-10.33,10.63
509.24,0,,70.38,10.68,0,1,70.64,-0.62,-2.58,-10.40,10.56
509.33,0,,70.47,10.62,2,-1,70.91,-0.59,-2.60,-10.39,10.61
509.42,0,,70.64,10.62,1,0,70.53,-0.44,-2.62,-10.26,10.78
509.51,0,,70.69,10.67,1,0,70.61,-0.49,-2.60,-10.29,10.71
509.66,0,,70.67,10.70,1,0,70.77,-0.64,-2.61,-10.45,10.57
509.72,0,,70.63,10.66,1,0,70.22,-0.63,-2.63,-10.46,10.60
509.80,0,,70.55,10.62,1,0,70.82,-0.56,-2.60,-10.36,10.64
509.92,0,,70.58,10.63,1,0,70.72,-0.50,-2.61,-10.31,10.71
510.02,0,,70.65,10.66,1,0,70.55,-0.54,-2.64,-10.38,10.70
510.11,0,,70.61,10.68,1,0,70.32,-0.65,-2.63,-10.48,10.58
510.23,0,,70.51,10.65,1,0,70.57,-0.62,-2.62,-10.44,10.60
510.32,0,,70.49,10.64,1,0,70.66,-0.48,-2.61,-10.29,10.73
510.41,0,,70.52,10.66,2,-1,70.33,-0.52,-2.60,-10.32,10.68
510.53,0,,70.47,10.67,2,-1,70.31,-0.66,-2.60,-10.46,10.54
510.64,0,,70.42,10.63,2,-1,70.63,-0.61,-2.61,-10.42,10.60
510.70,0,,70.49,10.62,2,-1,70.74,-0.49,-2.61,-10.30,10.72
510.83,0,,70.59,10.66,1,0,70.50,-0.44,-2.60,-10.24,10.76
510.92,0,,70.61,10.72,1,0,70.55,-0.48,-2.60,-10.28,10.72
511.01,0,,70.57,10.73,1,0,70.52,-0.55,-2.60,-10.35,10.65
511.16,0,,70.54,10.70,1,0,70.54,-0.54,-2.58,-10.32,10.64
511.22,0,,70.52,10.68,1,0,70.50,-0.44,-2.59,-10.23,10.75
511.31,0,,70.49,10.71,1,0,70.31,-0.40,-2.60,-10.20,10.80
511.52,0,,70.48,10.75,1,0,70.85,-0.48,-2.59,-10.27,10.71
511.52,0,,70.60,10.75,1,0,70.81,-0.55,-2.62,-10.37,10.67
511.67,0,,70.73,10.72,1,0,70.69,-0.52,-2.62,-10.34,10.70
511.73,0,,70.75,10.72,1,0,70.58,-0.38,-2.60,-10.18,10.82
511.82,0,,70.70,10.76,0,1,70.74,-0.37,-2.64,-10.21,10.87
511.91,0,,70.67,10.81,1,0,70.58,-0.52,-2.66,-10.38,10.74
512.06,0,,70.64,10.81,1,0,70.67,-0.49,-2.65,-10.34,10.76
512.15,0,,70.66,10.81,1,0,70.82,-0.36,-2.67,-10.23,10.91
512.21,0,,70.67,10.83,1,0,70.37,-0.36,-2.62,-10.18,10.86
512.42,0,,70.63,10.85,1,0,70.75,-0.44,-2.58,-10.22,10.74
512.42,0,,70.66,10.82,1,0,70.94,-0.47,-2.67,-10.34,10.80
512.51,0,,70.69,10.80,1,0,70.21,-0.43,-2.67,-10.30,10.84
512.66,0,,70.68,10.82,1,0,71.21,-0.29,-2.62,-10.11,10.93
512.72,0,,70.75,10.89,1,0,70.69,-0.24,-2.66,-10.10,11.02
512.81,0,,70.75,10.94,0,1,70.22,-0.39,-2.66,-10.25,10.87
512.93,0,,70.61,10.93,0,1,70.85,-0.47,-2.65,-10.32,10.78
513.02,0,,70.55,10.88,0,1,70.34,-0.38,-2.68,-10.26,10.90
513.20,0,,70.55,10.87,1,0,70.80,-0.30,-2.63,-10.13,10.93
513.26,0,,70.62,10.89,1,0,70.81,-0.33,-2.62,-10.15,10.89
513.32,0,,70.72,10.91,1,0,70.69,-0.39,-2.66,-10.25,10.87
513.41,0,,70.70,10.91,1,0,70.35,-0.32,-2.64,-10.16,10.92
513.53,0,,70.66,10.93,1,0,71.12,-0.13,-2.63,-9.96,11.10
513.65,0,,70.77,11.02,1,0,71.01,-0.02,-2.59,-9.81,11.17
513.71,0,,70.93,11.09,1,0,70.90,-0.14,-2.55,-9.89,11.01
513.80,0,,70.95,11.08,0,1,70.76,-0.32,-2.62,-10.14,10.90
513.92,0,,70.85,11.01,0,2,70.55,-0.26,-2.63,-10.09,10.97
514.01,0,,70.69,10.98,0,1,70.56,-0.09,-2.58,-9.87,11.09
514.10,0,,70.59,11.01,0,1,70.61,-0.11,-2.55,-9.86,11.04
514.22,0,,70.51,11.03,1,0,70.18,-0.24,-2.58,-10.02,10.94
514.31,0,,70.43,11.00,1,0,70.63,-0.28,-2.58,-10.06,10.90
514.40,0,,70.50,10.96,4,-2,70.97,-0.15,-2.58,-9.93,11.03
514.52,0,,70.68,10.99,4,-2,70.69,-0.04,-2.57,-9.81,11.13
514.70,0,,70.73,11.03,4,-2,70.38,-0.18,-2.54,-9.92,10.96
514.73,0,,70.61,11.03,2,-1,70.42,-0.29,-2.61,-10.10,10.92
514.84,0,,70.50,10.99,2,-1,70.67,-0.22,-2.65,-10.07,11.03
514.91,0,,70.53,10.99,1,0,70.63,-0.15,-2.56,-9.91,11.01
515.00,0,,70.63,11.00,1,0,70.95,-0.15,-2.54,-9.89,10.99
515.15,0,,70.76,10.99,1,0,70.76,-0.29,-2.57,-10.06,10.88
515.21,0,,70.81,10.94,0,1,70.67,-0.32,-2.59,-10.11,10.87
515.30,0,,70.78,10.91,0,1,70.82,-0.18,-2.58,-9.96,11.00
515.42,0,,70.77,10.95,0,1,70.81,-0.09,-2.58,-9.87,11.09
515.51,0,,70.77,11.02,0,1,70.60,-0.12,-2.60,-9.92,11.08
515.60,0,,70.73,11.06,0,1,70.78,-0.25,-2.61,-10.06,10.96
515.72,0,,70.71,11.03,0,1,70.70,-0.26,-2.62,-10.08,10.96
515.81,0,,70.67,11.00,1,0,70.40,-0.14,-2.61,-9.95,11.07
515.90,0,,70.66,11.02,0,1,71.16,-0.14,-2.60,-9.94,11.06
516.02,0,,70.73,11.04,0,1,70.53,-0.25,-2.65,-10.10,11.00
516.17,0,,70.85,11.03,1,0,71.42,-0.33,-2.67,-10.20,10.94
516.20,0,,70.92,10.99,1,0,70.36,-0.27,-2.67,-10.14,11.00
516.32,0,,70.83,10.99,0,1,70.70,-0.23,-2.66,-10.09,11.03
516.41,0,,70.67,10.99,0,1,70.53,-0.30,-2.64,-10.14,10.94
516.50,0,,70.66,10.97,0,1,71.21,-0.37,-2.66,-10.23,10.89
516.65,0,,70.79,10.94,0,1,70.67,-0.35,-2.69,-10.24,10.94
516.71,0,,70.84,10.93,1,0,70.70,-0.30,-2.70,-10.20,11.00
516.80,0,,70.72,10.95,0,1,70.30,-0.35,-2.68,-10.23,10.93
516.92,0,,70.60,10.95,0,1,70.90,-0.42,-2.66,-10.28,10.84
517.01,0,,70.62,10.91,1,0,70.70,-0.43,-2.69,-10.32,10.86
517.09,0,,70.67,10.88,1,0,70.50,-0.38,-2.70,-10.28,10.92
517.22,0,,70.67,10.89,1,0,70.91,-0.31,-2.67,-10.18,10.96
517.31,0,,70.68,10.93,1,0,70.42,-0.33,-2.67,-10.20,10.94
517.40,0,,70.63,10.94,1,0,70.57,-0.41,-2.68,-10.29,10.87
517.52,0,,70.61,10.92,1,0,70.92,-0.35,-2.68,-10.23,10.93
517.67,0,,70.68,10.93,1,0,70.58,-0.21,-2.65,-10.06,11.04
517.70,0,,70.74,10.97,1,0,70.97,-0.22,-2.60,-10.02,10.98
517.82,0,,70.79,10.99,1,0,70.74,-0.27,-2.62,-10.09,10.95
517.91,0,,70.84,10.99,0,1,70.95,-0.24,-2.67,-10.11,11.03
518.00,0,,70.87,11.01,0,1,70.87,-0.18,-2.63,-10.01,11.05
518.15,0,,70.89,11.04,0,1,70.84,-0.11,-2.60,-9.91,11.09
518.24,0,,70.85,11.06,0,1,70.65,-0.16,-2.59,-9.95,11.03
518.30,0,,70.75,11.05,1,0,70.56,-0.27,-2.62,-10.09,10.95
518.48,0,,70.73,11.02,1,0,71.30,-0.19,-2.65,-10.04,11.06
518.51,0,,70.88,11.04,1,0,70.93,-0.05,-2.62,-9.87,11.17
518.66,0,,70.97,11.10,1,0,70.77,-0.11,-2.63,-9.94,11.12
518.72,0,,70.92,11.12,1,0,70.83,-0.25,-2.62,-10.07,10.97
518.81,0,,70.82,11.08,1,0,70.60,-0.18,-2.61,-9.99,11.03
518.90,0,,70.67,11.05,1,0,70.33,-0.08,-2.61,-9.89,11.13
519.05,0,,70.58,11.06,2,-1,70.99,-0.13,-2.57,-9.90,11.04
519.17,0,,70.60,11.07,2,-1,70.42,-0.17,-2.60,-9.97,11.03
519.23,0,,70.63,11.05,2,-1,70.71,-0.24,-2.65,-10.09,11.01
519.32,0,,70.63,11.03,2,-1,70.63,-0.25,-2.63,-10.08,10.98
519.41,0,,70.64,11.02,4,-2,70.59,-0.16,-2.66,-10.02,11.10
519.50,0,,70.65,11.04,4,-2,70.86,-0.21,-2.68,-10.09,11.07
519.65,0,,70.69,11.06,1,0,70.53,-0.34,-2.71,-10.25,10.97
519.77,0,,70.74,11.03,1,0,71.13,-0.39,-2.73,-10.32,10.94
519.80,0,,70.83,10.99,1,0,70.72,-0.33,-2.75,-10.28,11.02
519.92,0,,70.85,10.99,0,1,70.77,-0.29,-2.72,-10.21,11.03
520.01,0,,70.79,11.00,0,1,70.64,-0.38,-2.72,-10.30,10.94
520.16,0,,70.71,10.98,0,1,70.57,-0.48,-2.76,-10.44,10.88
520.22,0,,70.68,10.93,0,1,70.99,-0.47,-2.74,-10.41,10.87
520.30,0,,70.73,10.90,1,0,70.64,-0.36,-2.70,-10.26,10.94
520.43,0,,70.75,10.90,1,0,70.65,-0.38,-2.71,-10.29,10.93
520.52,0,,70.68,10.91,1,0,70.51,-0.51,-2.75,-10.46,10.84
520.67,0,,70.65,10.90,1,0,70.96,-0.47,-2.77,-10.44,10.90
520.70,0,,70.72,10.90,1,0,70.79,-0.40,-2.75,-10.35,10.95
520.85,0,,70.79,10.92,1,0,70.67,-0.39,-2.72,-10.31,10.93
520.91,0,,70.77,10.93,1,0,70.72,-0.45,-2.73,-10.38,10.88
521.00,0,,70.78,10.91,1,0,71.09,-0.50,-2.76,-10.46,10.86
521.15,0,,70.88,10.89,1,0,70.98,-0.47,-2.75,-10.42,10.88
521.21,0,,70.95,10.87,0,1,70.80,-0.46,-2.68,-10.34,10.82
521.29,0,,70.90,10.84,0,1,70.72,-0.52,-2.67,-10.39,10.75
521.45,0,,70.77,10.80,0,1,70.45,-0.55,-2.73,-10.48,10.78
521.51,0,,70.62,10.78,1,0,70.62,-0.57,-2.77,-10.54,10.80
521.66,0,,70.54,10.79,1,0,70.48,-0.51,-2.76,-10.47,10.85
521.72,0,,70.52,10.83,1,0,70.61,-0.47,-2.76,-10.43,10.89
521.80,0,,70.54,10.86,2,-1,70.56,-0.56,-2.77,-10.53,10.81
521.90,0,,70.57,10.86,4,-2,70.65,-0.58,-2.80,-10.58,10.82
522.02,0,,70.60,10.85,4,-2,70.56,-0.48,-2.79,-10.47,10.91
522.17,0,,70.62,10.87,4,-2,70.72,-0.42,-2.73,-10.35,10.91
522.20,0,,70.69,10.90,2,-1,70.97,-0.44,-2.74,-10.38,10.90
522.32,0,,70.79,10.91,1,0,70.74,-0.54,-2.78,-10.52,10.84
522.41,0,,70.80,10.88,1,0,70.57,-0.51,-2.71,-10.42,10.80
522.53,0,,70.73,10.85,1,0,70.75,-0.34,-2.65,-10.19,10.91
522.65,0,,70.68,10.87,0,1,70.60,-0.35,-2.70,-10.25,10.95
522.71,0,,70.72,10.90,0,1,71.20,-0.51,-2.80,-10.51,10.89
522.80,0,,70.85,10.91,0,1,70.82,-0.50,-2.77,-10.47,10.87
522.92,0,,70.93,10.91,0,1,70.89,-0.36,-2.72,-10.28,10.96
523.01,0,,70.87,10.94,0,1,70.51,-0.30,-2.74,-10.24,11.04
523.10,0,,70.75,10.97,0,1,70.74,-0.42,-2.71,-10.33,10.89
523.22,0,,70.69,10.96,1,0,70.81,-0.46,-2.73,-10.39,10.87
523.31,0,,70.75,10.93,1,0,70.96,-0.36,-2.74,-10.30,10.98
523.40,0,,70.75,10.92,1,0,70.20,-0.34,-2.64,-10.18,10.90
523.52,0,,70.61,10.92,1,0,70.49,-0.36,-2.69,-10.25,10.93
523.67,0,,70.52,10.94,2,-1,70.87,-0.39,-2.80,-10.39,11.01
523.70,0,,70.62,10.95,4,-2,70.83,-0.45,-2.71,-10.36,10.86
523.82,0,,70.69,10.93,2,-1,70.25,-0.42,-2.67,-10.29,10.85
523.91,0,,70.65,10.91,2,-1,70.99,-0.32,-2.73,-10.25,11.01
524.00,0,,70.68,10.93,1,0,70.69,-0.35,-2.72,-10.27,10.97
524.15,0,,70.73,10.96,1,0,70.70,-0.42,-2.78,-10.40,10.96
524.21,0,,70.77,10.98,1,0,70.98,-0.41,-2.81,-10.42,11.00
524.30,0,,70.78,10.98,1,0,70.46,-0.42,-2.72,-10.34,10.90
524.42,0,,70.76,10.96,1,0,71.02,-0.46,-2.79,-10.45,10.93
524.51,0,,70.79,10.94,1,0,70.82,-0.51,-2.85,-10.56,10.94
524.60,0,,70.83,10.92,0,1,70.71,-0.56,-2.79,-10.55,10.83
524.72,0,,70.75,10.90,0,1,70.39,-0.50,-2.84,-10.54,10.94
524.81,0,,70.59,10.91,1,0,70.42,-0.47,-2.82,-10.49,10.95
524.90,0,,70.50,10.90,1,0,70.80,-0.64,-2.75,-10.59,10.71
525.02,0,,70.60,10.84,1,0,70.95,-0.67,-2.85,-10.72,10.78
525.17,0,,70.81,10.80,1,0,71.03,-0.55,-2.88,-10.63,10.93
525.20,0,,70.94,10.83,1,0,70.83,-0.52,-2.77,-10.49,10.85
525.32,0,,70.90,10.86,1,0,70.47,-0.59,-2.80,-10.59,10.81
525.41,0,,70.72,10.84,1,0,70.52,-0.67,-2.87,-10.74,10.80
525.50,0,,70.59,10.82,1,0,70.75,-0.64,-2.81,-10.65,10.77
525.71,0,,70.62,10.81,1,0,70.89,-0.47,-2.82,-10.49,10.95
525.71,0,,70.71,10.87,1,0,70.58,-0.44,-2.86,-10.50,11.02
525.80,0,,70.75,10.93,1,0,70.91,-0.59,-2.81,-10.60,10.82
525.92,0,,70.81,10.91,1,0,70.95,-0.64,-2.80,-10.64,10.76
526.01,0,,70.84,10.85,1,0,70.54,-0.53,-2.80,-10.53,10.87
526.10,0,,70.74,10.84,1,0,70.51,-0.44,-2.76,-10.40,10.92
526.25,0,,70.61,10.88,1,0,70.61,-0.47,-2.82,-10.49,10.95
526.31,0,,70.57,10.91,1,0,70.65,-0.60,-2.85,-10.65,10.85
526.40,0,,70.58,10.91,1,0,70.58,-0.56,-2.81,-10.57,10.85
526.52,0,,70.65,10.91,1,0,70.99,-0.38,-2.83,-10.41,11.05
526.66,0,,70.81,10.96,1,0,71.11,-0.40,-2.84,-10.44,11.04
526.70,0,,70.95,11.00,1,0,70.83,-0.54,-2.81,-10.55,10.87
526.82,0,,70.96,10.97,1,0,70.82,-0.52,-2.83,-10.55,10.91
526.91,0,,70.85,10.94,1,0,70.49,-0.43,-2.87,-10.50,11.04
527.00,0,,70.72,10.97,0,1,70.88,-0.38,-2.83,-10.41,11.05
527.15,0,,70.66,11.02,1,0,70.46,-0.41,-2.83,-10.44,11.02
527.21,0,,70.67,11.03,1,0,71.00,-0.50,-2.88,-10.58,10.98
527.30,0,,70.79,11.02,1,0,71.12,-0.48,-2.85,-10.53,10.97
527.42,0,,70.95,11.01,1,0,70.90,-0.36,-2.84,-10.40,11.08
527.51,0,,70.97,11.03,1,0,70.72,-0.40,-2.87,-10.47,11.07
527.60,0,,70.90,11.04,1,0,70.92,-0.53,-2.82,-10.55,10.89
527.72,0,,70.81,11.00,1,0,70.54,-0.52,-2.87,-10.59,10.95
527.84,0,,70.67,10.97,1,0,70.38,-0.39,-2.88,-10.47,11.09
527.90,0,,70.58,11.00,1,0,70.93,-0.34,-2.79,-10.33,11.05
528.02,0,,70.67,11.05,2,-1,71.00,-0.39,-2.83,-10.42,11.04
528.17,0,,70.81,11.06,2,-1,70.58,-0.45,-2.90,-10.55,11.05
528.20,0,,70.85,11.05,1,0,71.09,-0.45,-2.84,-10.49,10.99
528.32,0,,70.93,11.04,1,0,71.20,-0.34,-2.81,-10.35,11.07
528.41,0,,71.00,11.05,1,0,70.57,-0.35,-2.87,-10.42,11.12
528.50,0,,70.95,11.06,1,0,71.11,-0.51,-2.84,-10.55,10.93
528.71,0,,70.84,11.03,1,0,70.29,-0.48,-2.85,-10.53,10.97
528.71,0,,70.68,11.00,1,0,70.67,-0.39,-2.87,-10.46,11.08
528.80,0,,70.63,11.02,1,0,71.00,-0.39,-2.80,-10.39,11.01
528.92,0,,70.73,11.03,1,0,70.75,-0.41,-2.85,-10.46,11.04
529.01,0,,70.74,11.03,1,0,70.27,-0.49,-2.86,-10.55,10.97
529.10,0,,70.59,11.00,2,-1,70.47,-0.49,-2.80,-10.49,10.91
529.22,0,,70.46,10.97,2,-1,70.49,-0.37,-2.82,-10.39,11.05
529.31,0,,70.44,10.99,4,-2,70.51,-0.41,-2.84,-10.45,11.03
529.40,0,,70.53,11.00,4,-2,71.00,-0.54,-2.81,-10.55,10.87
529.52,0,,70.68,10.97,2,-1,70.58,-0.47,-2.83,-10.50,10.96
529.67,0,,70.75,10.97,1,0,70.76,-0.35,-2.84,-10.39,11.09
529.70,0,,70.77,11.00,2,-1,70.93,-0.42,-2.79,-10.41,10.97
529.85,0,,70.81,11.01,2,-1,70.70,-0.47,-2.83,-10.50,10.96
529.91,0,,70.81,11.00,0,1,70.85,-0.50,-2.89,-10.59,10.99
530.00,0,,70.81,10.97,0,2,70.81,-0.53,-2.82,-10.55,10.89
530.18,0,,70.79,10.96,0,2,70.68,-0.43,-2.86,-10.49,11.03
530.21,0,,70.80,10.98,0,1,71.09,-0.45,-2.91,-10.56,11.06
530.33,0,,70.91,11.00,0,1,71.13,-0.59,-2.84,-10.63,10.85
530.42,0,,70.98,10.96,0,1,70.64,-0.52,-2.84,-10.56,10.92
530.51,0,,70.94,10.94,0,1,71.04,-0.43,-2.89,-10.52,11.06
530.60,0,,70.83,10.96,1,0,70.31,-0.54,-2.84,-10.58,10.90
530.72,0,,70.69,10.94,1,0,70.76,-0.63,-2.85,-10.68,10.82
530.81,0,,70.60,10.90,1,0,70.57,-0.56,-2.91,-10.67,10.95
530.93,0,,70.61,10.90,2,-1,70.79,-0.49,-2.85,-10.54,10.96
531.08,0,,70.66,10.94,2,-1,70.65,-0.46,-2.85,-10.51,10.99
531.17,0,,70.73,10.97,2,-1,70.98,-0.55,-2.90,-10.65,10.95
531.20,0,,70.78,10.95,2,-1,70.57,-0.67,-2.82,-10.69,10.75
531.32,0,,70.78,10.88,2,-1,70.87,-0.57,-2.82,-10.59,10.85
531.43,0,,70.78,10.86,1,0,70.84,-0.43,-2.86,-10.49,11.03
531.53,0,,70.78,10.89,1,0,70.59,-0.55,-2.79,-10.54,10.84
531.68,0,,70.75,10.89,1,0,70.85,-0.68,-2.84,-10.72,10.76
531.71,0,,70.76,10.86,0,1,70.89,-0.55,-2.91,-10.66,10.96
531.80,0,,70.82,10.89,0,1,70.84,-0.42,-2.86,-10.48,11.04
531.92,0,,70.91,10.96,0,1,71.27,-0.46,-2.82,-10.48,10.96
532.01,0,,71.02,10.99,0,1,70.93,-0.53,-2.87,-10.60,10.94
532.10,0,,71.07,10.97,0,1,71.08,-0.60,-2.88,-10.68,10.88
532.22,0,,70.98,10.94,0,1,70.39,-0.50,-2.90,-10.60,11.00
532.34,0,,70.81,10.96,0,1,70.99,-0.38,-2.87,-10.45,11.09
532.40,0,,70.80,11.00,1,0,71.13,-0.51,-2.84,-10.55,10.93
532.58,0,,70.91,11.00,1,0,70.80,-0.58,-2.92,-10.70,10.94
532.67,0,,70.88,10.98,1,0,70.42,-0.49,-2.89,-10.58,11.00
532.73,0,,70.73,10.99,1,0,70.84,-0.39,-2.82,-10.41,11.03
532.82,0,,70.72,11.01,2,-1,71.00,-0.40,-2.80,-10.40,11.00
532.91,0,,70.85,11.01,4,-2,71.08,-0.48,-2.82,-10.50,10.94
533.00,0,,70.98,11.00,2,-1,70.99,-0.45,-2.89,-10.54,11.04
533.15,0,,71.00,11.02,1,0,70.71,-0.34,-2.88,-10.42,11.14
533.21,0,,70.89,11.07,0,1,70.73,-0.33,-2.82,-10.35,11.09
533.30,0,,70.85,11.09,1,0,71.31,-0.44,-2.81,-10.45,10.97
533.42,0,,70.94,11.04,1,0,70.85,-0.49,-2.82,-10.51,10.93
533.51,0,,70.94,10.99,0,1,70.56,-0.43,-2.83,-10.46,11.00
533.60,0,,70.81,10.98,0,1,70.80,-0.35,-2.85,-10.40,11.10
533.72,0,,70.73,11.04,0,1,70.71,-0.37,-2.89,-10.46,11.12
533.81,0,,70.73,11.08,2,-1,70.90,-0.46,-2.88,-10.54,11.02
533.90,0,,70.74,11.07,2,-1,70.48,-0.49,-2.84,-10.53,10.95
534.02,0,,70.75,11.04,2,-1,71.13,-0.36,-2.87,-10.43,11.11
534.17,0,,70.82,11.05,2,-1,70.80,-0.32,-2.89,-10.41,11.17
534.20,0,,70.90,11.09,1,0,71.03,-0.50,-2.86,-10.56,10.96
534.32,0,,70.88,11.06,1,0,70.45,-0.54,-2.89,-10.63,10.95
534.44,0,,70.73,11.01,1,0,70.47,-0.45,-2.92,-10.57,11.07
534.50,0,,70.63,11.00,1,0,71.12,-0.45,-2.84,-10.49,10.99
534.65,0,,70.70,11.01,1,0,70.56,-0.45,-2.84,-10.49,10.99
534.71,0,,70.77,11.00,1,0,70.94,-0.52,-2.92,-10.64,11.00
534.80,0,,70.81,10.99,1,0,70.86,-0.54,-2.87,-10.61,10.93
534.92,0,,70.86,10.99,1,0,70.86,-0.40,-2.87,-10.47,11.07
535.01,0,,70.86,11.02,1,0,70.73,-0.39,-2.88,-10.47,11.09
535.10,0,,70.78,11.04,1,0,70.56,-0.50,-2.83,-10.53,10.93
535.22,0,,70.72,11.02,1,0,70.97,-0.52,-2.88,-10.60,10.96
535.31,0,,70.82,11.00,1,0,71.22,-0.44,-2.91,-10.55,11.07
535.43,0,,70.97,11.01,1,0,70.87,-0.43,-2.85,-10.48,11.02
535.52,0,,71.01,11.02,1,0,70.89,-0.47,-2.88,-10.55,11.01
535.67,0,,70.94,11.02,1,0,70.78,-0.52,-2.93,-10.65,11.01
535.70,0,,70.88,11.02,1,0,71.00,-0.54,-2.91,-10.65,10.97
535.82,0,,70.86,11.02,1,0,70.71,-0.39,-2.92,-10.51,11.13
535.91,0,,70.82,11.06,1,0,70.75,-0.38,-2.90,-10.48,11.12
536.00,0,,70.80,11.08,1,0,71.01,-0.55,-2.87,-10.62,10.92
536.15,0,,70.83,11.04,1,0,70.71,-0.55,-2.92,-10.67,10.97
536.21,0,,70.90,10.99,1,0,71.35,-0.53,-2.93,-10.66,11.00
536.30,0,,71.02,10.97,1,0,70.94,-0.56,-2.88,-10.64,10.92
536.42,0,,71.00,10.95,1,0,70.49,-0.56,-2.89,-10.65,10.93
536.51,0,,70.80,10.94,1,0,70.58,-0.64,-2.98,-10.82,10.94
536.60,0,,70.64,10.92,1,0,70.76,-0.68,-2.93,-10.81,10.85
536.72,0,,70.67,10.91,1,0,70.97,-0.49,-2.88,-10.57,10.99
536.81,0,,70.76,10.96,1,0,70.62,-0.37,-2.92,-10.49,11.15
536.90,0,,70.79,11.03,1,0,70.87,-0.47,-2.88,-10.55,11.01
537.02,0,,70.77,11.06,1,0,70.58,-0.47,-2.86,-10.53,10.99
537.17,0,,70.70,11.06,1,0,70.59,-0.28,-2.87,-10.35,11.19
537.20,0,,70.64,11.11,2,-1,70.70,-0.16,-2.77,-10.13,11.21
537.32,0,,70.63,11.16,1,0,70.60,-0.32,-2.79,-10.31,11.07
537.41,0,,70.67,11.14,1,0,70.98,-0.45,-2.88,-10.53,11.03
537.50,0,,70.79,11.09,1,0,70.97,-0.41,-2.87,-10.48,11.06
537.65,0,,70.95,11.07,1,0,71.17,-0.34,-2.88,-10.42,11.14
537.71,0,,71.02,11.10,0,1,70.72,-0.30,-2.91,-10.41,11.21
537.80,0,,70.96,11.14,0,1,70.86,-0.45,-2.88,-10.53,11.03
537.92,0,,70.87,11.12,0,1,70.86,-0.52,-2.92,-10.64,11.00
538.01,0,,70.87,11.08,0,1,71.07,-0.42,-2.97,-10.59,11.15
538.10,0,,70.94,11.08,0,1,71.03,-0.41,-2.87,-10.48,11.06
538.22,0,,70.98,11.09,0,1,70.82,-0.42,-2.88,-10.50,11.06
538.31,0,,70.93,11.08,0,1,70.78,-0.50,-2.95,-10.65,11.05
538.40,0,,70.91,11.06,1,0,71.30,-0.51,-2.89,-10.60,10.98
538.52,0,,71.02,11.05,1,0,71.12,-0.37,-2.95,-10.52,11.18
538.67,0,,71.09,11.10,1,0,70.84,-0.31,-2.97,-10.48,11.26
538.70,0,,71.07,11.17,0,1,71.24,-0.38,-2.83,-10.41,11.05
538.82,0,,71.03,11.15,0,1,70.71,-0.43,-2.88,-10.51,11.05
538.91,0,,70.98,11.11,0,1,71.12,-0.39,-2.92,-10.51,11.13
539.00,0,,70.98,11.10,0,1,71.11,-0.29,-2.82,-10.31,11.13
539.18,0,,71.00,11.12,0,1,70.72,-0.27,-2.86,-10.33,11.19
539.24,0,,70.93,11.15,0,1,70.88,-0.37,-2.92,-10.49,11.15
539.30,0,,70.90,11.16,0,1,71.17,-0.38,-2.85,-10.43,11.07
539.48,0,,70.96,11.14,0,1,70.92,-0.29,-2.85,-10.34,11.16
539.51,0,,71.00,11.15,0,1,71.02,-0.25,-2.91,-10.36,11.26
539.60,0,,71.02,11.18,0,1,71.06,-0.35,-2.87,-10.42,11.12
539.72,0,,71.01,11.17,0,1,70.82,-0.41,-2.89,-10.50,11.08
539.81,0,,71.00,11.15,0,1,71.30,-0.31,-2.93,-10.44,11.22
539.90,0,,71.03,11.16,0,1,70.81,-0.25,-2.84,-10.29,11.19
540.08,0,,71.02,11.18,0,1,71.05,-0.30,-2.85,-10.35,11.15
540.20,0,,71.01,11.19,0,1,71.13,-0.35,-2.96,-10.51,11.21
540.20,0,,71.05,11.18,0,1,71.04,-0.39,-2.90,-10.49,11.11
540.32,0,,71.07,11.15,1,0,71.03,-0.37,-2.81,-10.38,11.04
540.41,0,,71.06,11.11,1,0,71.10,-0.31,-2.83,-10.34,11.12
540.50,0,,71.00,11.09,1,0,70.53,-0.39,-2.86,-10.45,11.07
540.68,0,,70.85,11.07,1,0,70.86,-0.50,-2.88,-10.58,10.98
540.71,0,,70.79,11.04,1,0,70.99,-0.47,-2.91,-10.58,11.04
540.83,0,,70.86,11.04,1,0,70.96,-0.35,-2.88,-10.43,11.13
540.92,0,,70.97,11.07,1,0,71.23,-0.38,-2.84,-10.42,11.06
541.07,0,,71.06,11.07,1,0,70.90,-0.53,-2.88,-10.61,10.95
541.09,0,,71.05,11.03,1,0,70.95,-0.52,-2.88,-10.60,10.96
541.22,0,,70.94,10.99,1,0,70.56,-0.42,-2.86,-10.48,11.04
541.31,0,,70.81,11.01,1,0,70.91,-0.39,-2.90,-10.49,11.11
541.40,0,,70.82,11.05,1,0,71.23,-0.47,-2.93,-10.60,11.06
541.58,0,,70.98,11.07,1,0,71.11,-0.55,-2.93,-10.68,10.98
541.67,0,,71.07,11.04,1,0,70.86,-0.53,-2.95,-10.68,11.02
541.74,0,,71.00,11.03,1,0,70.75,-0.43,-2.95,-10.58,11.12
541.85,0,,70.86,11.07,1,0,70.66,-0.40,-2.93,-10.53,11.13
541.91,0,,70.76,11.10,1,0,70.94,-0.51,-2.96,-10.67,11.05
542.00,0,,70.78,11.09,1,0,70.86,-0.56,-2.95,-10.71,10.99
542.15,0,,70.84,11.05,1,0,70.86,-0.49,-2.90,-10.59,11.01
542.21,0,,70.92,11.03,1,0,71.25,-0.39,-2.89,-10.48,11.10
542.30,0,,71.04,11.05,1,0,71.06,-0.41,-2.90,-10.51,11.09
542.48,0,,71.05,11.06,1,0,70.63,-0.56,-2.90,-10.66,10.94
542.51,0,,70.96,11.03,1,0,71.17,-0.53,-2.91,-10.64,10.98
542.60,0,,71.03,11.02,1,0,71.55,-0.35,-2.95,-10.50,11.20
542.72,0,,71.19,11.08,1,0,70.98,-0.36,-2.93,-10.49,11.17
542.81,0,,71.18,11.12,0,2,70.83,-0.52,-2.88,-10.60,10.96
542.90,0,,71.03,11.07,0,2,70.95,-0.60,-2.92,-10.72,10.92
543.02,0,,70.98,11.00,0,1,71.32,-0.55,-2.95,-10.70,11.00
543.17,0,,71.00,10.97,1,0,70.65,-0.47,-2.91,-10.58,11.04
543.20,0,,70.99,10.99,1,0,71.24,-0.56,-2.91,-10.67,10.95
543.32,0,,70.96,10.97,1,0,70.62,-0.69,-2.95,-10.84,10.86
543.41,0,,70.88,10.93,1,0,70.78,-0.67,-2.95,-10.82,10.88
543.50,0,,70.83,10.90,2,-1,71.16,-0.57,-2.93,-10.70,10.96
543.71,0,,70.90,10.92,4,-2,70.83,-0.53,-2.91,-10.64,10.98
543.71,0,,70.88,10.94,2,-1,70.49,-0.63,-2.88,-10.71,10.85
543.80,0,,70.75,10.91,2,-1,70.80,-0.70,-2.93,-10.83,10.83
543.92,0,,70.71,10.88,2,-1,70.90,-0.62,-2.98,-10.80,10.96
544.01,0,,70.82,10.90,2,-1,71.12,-0.54,-2.91,-10.65,10.97
544.10,0,,70.96,10.94,1,0,71.00,-0.57,-2.87,-10.64,10.90
544.22,0,,71.00,10.94,1,0,70.69,-0.65,-2.93,-10.78,10.88
544.31,0,,70.97,10.91,1,0,71.30,-0.65,-2.93,-10.78,10.88
544.40,0,,70.99,10.91,1,0,70.79,-0.53,-2.93,-10.66,11.00
544.52,0,,70.97,10.94,0,1,70.89,-0.51,-2.93,-10.64,11.02
544.67,0,,70.92,10.98,0,1,70.99,-0.56,-2.90,-10.66,10.94
544.70,0,,70.96,10.99,0,1,71.21,-0.58,-2.95,-10.73,10.97
544.82,0,,71.02,10.98,0,1,70.83,-0.61,-2.96,-10.77,10.95
544.91,0,,71.00,10.97,0,1,70.91,-0.57,-2.91,-10.68,10.94
545.00,0,,70.98,10.95,1,0,71.26,-0.57,-2.90,-10.67,10.93
545.15,0,,71.05,10.93,1,0,71.06,-0.66,-2.94,-10.80,10.88
545.21,0,,71.08,10.91,1,0,70.95,-0.70,-2.98,-10.88,10.88
545.30,0,,71.06,10.89,1,0,71.10,-0.64,-2.97,-10.81,10.93
545.42,0,,71.07,10.92,1,0,71.25,-0.52,-2.94,-10.66,11.02
545.51,0,,71.17,10.96,0,1,71.42,-0.55,-2.94,-10.69,10.99
545.66,0,,71.22,10.99,0,1,70.76,-0.63,-2.97,-10.80,10.94
545.72,0,,71.12,10.98,0,1,71.07,-0.63,-2.95,-10.78,10.92
545.84,0,,71.00,10.95,0,1,70.92,-0.58,-2.93,-10.71,10.95
545.90,0,,70.89,10.95,1,0,70.45,-0.54,-2.95,-10.69,11.01
546.02,0,,70.67,10.97,1,0,70.33,-0.62,-2.97,-10.79,10.95
546.20,0,,70.54,10.97,4,-2,71.03,-0.68,-2.97,-10.85,10.89
546.20,0,,70.66,10.95,4,-2,70.98,-0.60,-2.97,-10.77,10.97
546.32,0,,70.88,10.96,4,-2,71.02,-0.48,-2.94,-10.62,11.06
546.41,0,,70.97,11.00,4,-2,70.74,-0.50,-2.92,-10.62,11.02
546.50,0,,70.90,11.02,2,-1,70.64,-0.61,-2.95,-10.76,10.94
546.65,0,,70.80,11.00,2,-1,70.96,-0.62,-2.97,-10.79,10.95
546.71,0,,70.78,10.97,1,0,70.72,-0.55,-2.94,-10.69,10.99
546.83,0,,70.77,10.97,1,0,70.68,-0.53,-2.92,-10.65,10.99
546.92,0,,70.76,10.98,1,0,70.94,-0.60,-2.97,-10.77,10.97
547.01,0,,70.82,10.99,0,1,70.97,-0.59,-3.01,-10.80,11.02
547.10,0,,70.90,11.00,1,0,70.88,-0.58,-2.96,-10.74,10.98
547.22,0,,70.96,11.00,1,0,71.17,-0.61,-2.98,-10.79,10.97
547.31,0,,70.96,10.99,0,1,70.51,-0.63,-3.02,-10.85,10.99
547.40,0,,70.84,10.98,0,1,70.72,-0.70,-3.04,-10.94,10.94
547.55,0,,70.74,10.96,0,1,70.91,-0.76,-3.11,-11.07,10.95
547.70,0,,70.75,10.95,2,-1,70.66,-0.70,-3.07,-10.97,10.97
547.70,0,,70.74,10.96,2,-1,70.71,-0.57,-2.98,-10.75,11.01
547.82,0,,70.71,10.97,2,-1,70.63,-0.65,-2.92,-10.77,10.87
547.91,0,,70.70,10.92,2,-1,70.88,-0.76,-2.91,-10.87,10.75
548.00,0,,70.80,10.86,2,-1,71.19,-0.66,-2.99,-10.85,10.93
548.15,0,,70.97,10.86,1,0,71.01,-0.63,-2.98,-10.81,10.95
548.21,0,,71.06,10.91,1,0,71.01,-0.64,-2.98,-10.82,10.94
548.30,0,,71.05,10.94,1,0,70.94,-0.65,-3.01,-10.86,10.96
548.42,0,,71.00,10.95,0,1,70.97,-0.70,-2.98,-10.88,10.88
548.51,0,,70.94,10.93,0,1,70.77,-0.69,-2.99,-10.88,10.90
548.60,0,,70.86,10.91,0,1,70.77,-0.63,-2.96,-10.79,10.93
548.72,0,,70.75,10.91,1,0,70.47,-0.64,-2.95,-10.79,10.91
548.81,0,,70.66,10.91,1,0,70.82,-0.72,-2.98,-10.90,10.86
548.90,0,,70.72,10.88,2,-1,71.15,-0.77,-2.96,-10.93,10.79
549.02,0,,70.92,10.84,1,0,71.18,-0.70,-2.96,-10.86,10.86
549.17,0,,71.04,10.84,1,0,70.65,-0.67,-2.96,-10.83,10.89
549.20,0,,70.95,10.85,1,0,70.75,-0.75,-2.91,-10.86,10.76
549.32,0,,70.79,10.81,1,0,70.61,-0.81,-2.91,-10.92,10.70
549.41,0,,70.76,10.75,1,0,71.29,-0.81,-2.97,-10.98,10.76
549.50,0,,70.83,10.74,1,0,70.49,-0.74,-3.00,-10.94,10.86
549.65,0,,70.82,10.78,1,0,70.81,-0.75,-2.95,-10.90,10.80
549.71,0,,70.78,10.80,1,0,70.87,-0.80,-2.94,-10.94,10.74
549.80,0,,70.81,10.78,1,0,70.87,-0.82,-2.99,-11.01,10.77
549.92,0,,70.84,10.76,1,0,70.80,-0.84,-2.96,-11.00,10.72
550.01,0,,70.89,10.75,1,0,71.18,-0.73,-2.93,-10.86,10.80
550.10,0,,70.95,10.76,1,0,70.75,-0.71,-2.93,-10.84,10.82
550.22,0,,70.93,10.78,1,0,70.83,-0.82,-2.97,-10.99,10.75
550.31,0,,70.90,10.78,1,0,71.17,-0.84,-3.00,-11.04,10.76
550.40,0,,70.94,10.77,1,0,70.79,-0.80,-2.95,-10.95,10.75
550.52,0,,70.89,10.75,1,0,70.53,-0.76,-2.90,-10.86,10.74
550.67,0,,70.75,10.74,1,0,70.77,-0.83,-2.95,-10.98,10.72
550.70,0,,70.69,10.72,1,0,70.81,-0.91,-2.98,-11.09,10.67
550.82,0,,70.76,10.69,1,0,71.03,-0.88,-2.96,-11.04,10.68
550.91,0,,70.84,10.69,1,0,70.64,-0.79,-2.97,-10.96,10.78
551.00,0,,70.78,10.73,1,0,70.45,-0.76,-2.96,-10.92,10.80
551.18,0,,70.67,10.76,1,0,70.87,-0.85,-2.97,-11.02,10.72
551.21,0,,70.70,10.75,2,-1,70.92,-0.93,-3.01,-11.14,10.68
551.30,0,,70.80,10.72,2,-1,70.83,-0.90,-2.98,-11.08,10.68
551.48,0,,70.89,10.69,1,0,71.04,-0.81,-2.94,-10.95,10.73
551.51,0,,70.98,10.70,1,0,71.18,-0.81,-2.94,-10.95,10.73
551.60,0,,71.06,10.71,1,0,70.95,-0.87,-2.97,-11.04,10.70
551.72,0,,71.06,10.71,0,1,70.96,-0.87,-2.98,-11.05,10.71
551.81,0,,71.05,10.71,0,2,71.34,-0.79,-2.96,-10.95,10.77
551.90,0,,71.07,10.73,0,2,70.67,-0.73,-2.93,-10.86,10.80
552.02,0,,70.93,10.75,0,2,70.53,-0.84,-2.92,-10.96,10.68
552.17,0,,70.73,10.73,0,1,70.74,-0.88,-2.96,-11.04,10.68
552.20,0,,70.70,10.71,1,0,71.07,-0.80,-2.96,-10.96,10.76
552.32,0,,70.85,10.71,1,0,71.17,-0.76,-2.87,-10.83,10.71
552.41,0,,71.08,10.71,1,0,71.44,-0.77,-2.89,-10.86,10.72
552.53,0,,71.23,10.71,1,0,70.93,-0.84,-2.94,-10.98,10.70
552.65,0,,71.23,10.71,1,0,71.28,-0.84,-2.96,-11.00,10.72
552.71,0,,71.15,10.72,0,1,70.86,-0.75,-2.98,-10.93,10.83
552.80,0,,71.05,10.76,0,1,71.02,-0.73,-2.94,-10.87,10.81
552.92,0,,70.93,10.79,0,1,70.54,-0.78,-2.92,-10.90,10.74
553.01,0,,70.82,10.78,0,1,71.09,-0.83,-2.97,-11.00,10.74
553.16,0,,70.83,10.76,0,1,70.87,-0.78,-2.98,-10.96,10.80
553.22,0,,70.87,10.77,0,1,70.80,-0.70,-2.93,-10.83,10.83
553.31,0,,70.85,10.79,0,1,70.79,-0.72,-2.91,-10.83,10.79
553.40,0,,70.91,10.80,2,-1,71.54,-0.77,-2.99,-10.96,10.82
553.52,0,,71.06,10.81,2,-1,70.78,-0.78,-3.01,-10.99,10.83
553.67,0,,71.07,10.81,0,1,70.95,-0.76,-2.93,-10.89,10.77
553.70,0,,70.96,10.80,1,0,70.73,-0.69,-2.90,-10.79,10.81
553.82,0,,70.85,10.80,1,0,70.83,-0.70,-2.90,-10.80,10.80
553.91,0,,70.84,10.79,1,0,71.16,-0.75,-2.92,-10.87,10.77
554.00,0,,70.96,10.80,1,0,71.12,-0.69,-2.97,-10.86,10.88
554.15,0,,71.03,10.84,1,0,70.71,-0.62,-2.96,-10.78,10.94
554.21,0,,70.98,10.89,1,0,71.08,-0.61,-2.93,-10.74,10.92
554.30,0,,70.94,10.92,1,0,70.85,-0.70,-2.96,-10.86,10.86
554.42,0,,70.95,10.90,2,-1,71.17,-0.76,-2.97,-10.93,10.81
554.51,0,,70.99,10.87,1,0,70.91,-0.68,-2.98,-10.86,10.90
554.60,0,,71.01,10.87,1,0,71.01,-0.60,-2.94,-10.74,10.94
554.72,0,,70.99,10.89,1,0,70.91,-0.64,-2.91,-10.75,10.87
554.81,0,,70.99,10.90,1,0,71.22,-0.70,-2.97,-10.87,10.87
554.90,0,,71.10,10.88,1,0,71.43,-0.72,-2.94,-10.86,10.82
555.02,0,,71.20,10.86,1,0,70.82,-0.66,-2.94,-10.80,10.88
555.17,0,,71.08,10.87,1,0,70.61,-0.64,-2.98,-10.82,10.94
555.20,0,,70.85,10.88,1,0,70.77,-0.74,-2.93,-10.87,10.79
555.32,0,,70.71,10.86,1,0,70.67,-0.77,-2.97,-10.94,10.80
555.41,0,,70.69,10.82,1,0,70.84,-0.75,-2.98,-10.93,10.83
555.50,0,,70.67,10.81,4,-2,70.33,-0.69,-2.89,-10.78,10.80
555.65,0,,70.60,10.81,4,-2,70.67,-0.67,-2.89,-10.76,10.82
555.71,0,,70.64,10.81,4,-2,71.16,-0.71,-2.96,-10.87,10.85
555.80,0,,70.86,10.83,4,-2,71.20,-0.72,-3.00,-10.92,10.88
555.92,0,,71.03,10.86,2,-1,70.72,-0.68,-2.99,-10.87,10.91
556.01,0,,71.01,10.90,1,0,70.98,-0.60,-2.95,-10.75,10.95
556.10,0,,70.95,10.92,1,0,70.92,-0.66,-2.92,-10.78,10.86
556.22,0,,70.88,10.90,1,0,70.58,-0.76,-2.99,-10.95,10.83
556.31,0,,70.75,10.87,0,1,70.57,-0.72,-2.98,-10.90,10.86
556.40,0,,70.66,10.84,0,1,70.90,-0.67,-2.90,-10.77,10.83
556.58,0,,70.78,10.85,1,0,71.34,-0.58,-2.97,-10.75,10.99
556.67,0,,71.00,10.91,1,0,70.98,-0.64,-3.01,-10.85,10.97
556.70,0,,71.10,10.94,1,0,71.02,-0.77,-2.98,-10.95,10.81
556.82,0,,71.07,10.91,0,1,70.97,-0.72,-2.99,-10.91,10.87
556.94,0,,70.96,10.88,0,1,70.56,-0.65,-2.95,-10.80,10.90
557.00,0,,70.80,10.87,1,0,70.77,-0.67,-2.93,-10.80,10.86
557.15,0,,70.73,10.87,1,0,70.88,-0.70,-2.98,-10.88,10.88
557.21,0,,70.83,10.88,1,0,71.31,-0.68,-3.02,-10.90,10.94
557.30,0,,70.97,10.91,1,0,70.70,-0.67,-2.97,-10.84,10.90
557.45,0,,70.94,10.92,1,0,70.65,-0.64,-2.94,-10.78,10.90
557.51,0,,70.82,10.91,1,0,70.86,-0.68,-2.96,-10.84,10.88
557.60,0,,70.78,10.89,1,0,70.84,-0.77,-2.96,-10.93,10.79
557.72,0,,70.79,10.85,1,0,70.73,-0.71,-2.97,-10.88,10.86
557.81,0,,70.81,10.85,1,0,70.99,-0.62,-2.97,-10.79,10.95
557.90,0,,70.86,10.88,1,0,70.86,-0.63,-2.92,-10.75,10.89
558.02,0,,70.89,10.91,1,0,70.87,-0.68,-2.97,-10.85,10.89
558.17,0,,70.88,10.91,1,0,70.79,-0.72,-3.02,-10.94,10.90
558.20,0,,70.85,10.90,1,0,70.90,-0.70,-2.97,-10.87,10.87
558.32,0,,70.87,10.90,1,0,71.03,-0.60,-2.94,-10.74,10.94
558.41,0,,70.97,10.91,1,0,71.22,-0.61,-2.97,-10.78,10.96
558.50,0,,71.03,10.92,0,1,70.70,-0.73,-2.92,-10.85,10.79
558.65,0,,70.96,10.87,0,1,70.80,-0.72,-2.92,-10.84,10.80
558.74,0,,70.81,10.84,1,0,70.59,-0.63,-2.99,-10.82,10.96
558.80,0,,70.76,10.87,1,0,71.22,-0.59,-2.93,-10.72,10.94
558.92,0,,70.83,10.91,1,0,70.65,-0.65,-2.91,-10.76,10.86
559.01,0,,70.85,10.91,1,0,70.78,-0.70,-2.99,-10.89,10.89
559.10,0,,70.78,10.89,1,0,70.67,-0.71,-2.95,-10.86,10.84
559.22,0,,70.77,10.88,1,0,71.04,-0.61,-2.95,-10.76,10.94
559.31,0,,70.81,10.92,1,0,70.70,-0.51,-3.03,-10.74,11.12
559.40,0,,70.80,10.99,1,0,70.61,-0.66,-2.95,-10.81,10.89
559.52,0,,70.75,10.99,1,0,70.92,-0.70,-2.97,-10.87,10.87
559.67,0,,70.80,10.95,1,0,71.03,-0.59,-3.00,-10.79,11.01
559.70,0,,70.90,10.94,1,0,70.91,-0.56,-2.89,-10.65,10.93
559.82,0,,70.89,10.95,1,0,70.47,-0.56,-2.92,-10.68,10.96
559.91,0,,70.76,10.95,1,0,70.72,-0.65,-3.00,-10.85,10.95
560.00,0,,70.70,10.95,1,0,70.97,-0.68,-2.95,-10.83,10.87
560.15,0,,70.84,10.93,1,0,71.35,-0.56,-2.93,-10.69,10.97
560.21,0,,71.04,10.95,1,0,70.95,-0.47,-2.95,-10.62,11.08
560.30,0,,71.10,10.99,0,1,70.94,-0.57,-2.92,-10.69,10.95
560.48,0,,71.03,10.99,0,1,70.89,-0.67,-2.96,-10.83,10.89
560.51,0,,70.94,10.97,1,0,70.85,-0.57,-2.99,-10.76,11.02
560.60,0,,70.87,10.97,1,0,70.84,-0.54,-2.91,-10.65,10.97
560.72,0,,70.85,10.97,1,0,70.95,-0.58,-2.91,-10.69,10.93
560.84,0,,70.89,10.96,1,0,70.99,-0.63,-2.94,-10.77,10.91
560.96,0,,70.90,10.92,1,0,70.63,-0.70,-2.92,-10.82,10.82
561.02,0,,70.87,10.88,1,0,71.14,-0.65,-2.90,-10.75,10.85
561.17,0,,70.92,10.86,1,0,71.04,-0.55,-2.89,-10.64,10.94
561.20,0,,70.96,10.88,1,0,70.68,-0.64,-2.90,-10.74,10.86
561.32,0,,70.99,10.89,1,0,71.55,-0.69,-2.92,-10.81,10.83
561.41,0,,71.03,10.87,1,0,70.45,-0.64,-2.95,-10.79,10.91
561.53,0,,70.91,10.88,1,0,70.68,-0.64,-2.93,-10.77,10.89
561.65,0,,70.82,10.90,1,0,71.39,-0.58,-2.92,-10.70,10.94
561.74,0,,70.91,10.93,1,0,70.73,-0.61,-2.97,-10.78,10.96
561.80,0,,70.89,10.93,1,0,70.42,-0.76,-2.94,-10.90,10.78
561.95,0,,70.72,10.87,1,0,70.72,-0.74,-2.93,-10.87,10.79
562.01,0,,70.66,10.83,1,0,70.93,-0.61,-2.94,-10.75,10.93
562.16,0,,70.76,10.84,2,-1,70.94,-0.68,-2.91,-10.79,10.83
562.22,0,,70.86,10.84,2,-1,70.77,-0.79,-2.89,-10.88,10.70
562.31,0,,70.84,10.79,2,-1,70.58,-0.77,-2.92,-10.89,10.75
562.40,0,,70.75,10.75,2,-1,70.76,-0.73,-2.93,-10.86,10.80
562.52,0,,70.76,10.77,1,0,71.15,-0.66,-2.91,-10.77,10.85
562.67,0,,70.86,10.80,1,0,70.71,-0.68,-2.90,-10.78,10.82
562.70,0,,70.89,10.82,1,0,70.92,-0.77,-2.92,-10.89,10.75
562.85,0,,70.87,10.80,1,0,70.73,-0.78,-2.92,-10.90,10.74
562.94,0,,70.82,10.76,1,0,70.80,-0.74,-2.91,-10.85,10.77
563.00,0,,70.83,10.75,1,0,71.13,-0.73,-2.94,-10.87,10.81
563.15,0,,70.94,10.77,0,1,71.07,-0.77,-2.96,-10.93,10.79
563.21,0,,71.02,10.78,0,1,70.85,-0.80,-2.96,-10.96,10.76
563.42,0,,71.03,10.78,0,1,71.21,-0.77,-2.96,-10.93,10.79
563.42,0,,71.07,10.78,0,1,71.11,-0.71,-2.91,-10.82,10.80
563.54,0,,71.04,10.79,0,1,70.58,-0.71,-2.90,-10.81,10.79
563.60,0,,70.92,10.78,1,0,70.99,-0.82,-2.95,-10.97,10.73
563.72,0,,70.89,10.76,1,0,71.16,-0.84,-2.96,-11.00,10.72
563.81,0,,71.00,10.74,1,0,71.18,-0.76,-2.92,-10.88,10.76
563.90,0,,71.12,10.75,1,0,71.15,-0.68,-2.92,-10.80,10.84
564.02,0,,71.15,10.78,0,1,70.99,-0.72,-2.93,-10.85,10.81
564.17,0,,71.08,10.79,0,1,70.89,-0.83,-2.92,-10.95,10.69
564.20,0,,70.94,10.76,0,1,70.62,-0.80,-2.94,-10.94,10.74
564.32,0,,70.86,10.73,1,0,71.31,-0.75,-2.90,-10.85,10.75
564.41,0,,70.92,10.73,0,1,70.77,-0.74,-2.89,-10.83,10.75
564.50,0,,70.95,10.74,0,1,70.97,-0.79,-2.93,-10.92,10.74
564.65,0,,70.98,10.73,0,1,71.20,-0.88,-2.92,-11.00,10.64
564.71,0,,71.05,10.70,0,1,71.04,-0.83,-2.91,-10.94,10.68
564.80,0,,71.04,10.70,1,0,70.70,-0.64,-2.94,-10.78,10.90
564.92,0,,70.98,10.76,0,1,71.29,-0.73,-2.92,-10.85,10.79
565.01,0,,70.99,10.79,1,0,70.85,-0.89,-2.95,-11.04,10.66
565.10,0,,70.98,10.77,0,1,70.85,-0.76,-3.01,-10.97,10.85
565.22,0,,70.96,10.77,0,1,71.29,-0.73,-2.93,-10.86,10.80
565.34,0,,71.02,10.77,0,1,70.92,-0.76,-2.87,-10.83,10.71
565.40,0,,71.06,10.76,1,0,71.12,-0.73,-2.93,-10.86,10.80
565.55,0,,71.00,10.75,1,0,70.58,-0.83,-2.94,-10.97,10.71
565.67,0,,70.91,10.73,1,0,71.13,-0.81,-2.93,-10.94,10.72
565.70,0,,70.88,10.74,1,0,70.80,-0.62,-2.94,-10.76,10.92
565.82,0,,70.84,10.80,1,0,70.51,-0.66,-2.90,-10.76,10.84
565.91,0,,70.73,10.83,1,0,70.81,-0.81,-2.88,-10.89,10.67
566.00,0,,70.74,10.80,2,-1,71.05,-0.70,-2.95,-10.85,10.85
566.15,0,,70.85,10.79,2,-1,70.86,-0.68,-2.93,-10.81,10.85
566.21,0,,70.89,10.82,2,-1,70.71,-0.64,-2.87,-10.71,10.83
566.30,0,,70.86,10.85,2,-1,70.99,-0.55,-2.94,-10.69,10.99
566.42,0,,70.88,10.89,2,-1,70.93,-0.74,-2.98,-10.92,10.84
566.51,0,,70.92,10.88,2,-1,70.92,-0.75,-2.94,-10.89,10.79
566.66,0,,70.89,10.86,2,-1,70.59,-0.57,-2.96,-10.73,10.99
566.72,0,,70.81,10.89,1,0,70.96,-0.65,-2.96,-10.81,10.91
566.81,0,,70.82,10.90,1,0,70.94,-0.77,-2.93,-10.90,10.76
566.93,0,,70.86,10.85,1,0,70.74,-0.81,-3.01,-11.02,10.80
567.02,0,,70.84,10.81,1,0,70.79,-0.76,-3.04,-11.00,10.88
567.17,0,,70.83,10.83,1,0,70.99,-0.61,-2.93,-10.74,10.92
567.20,0,,70.87,10.88,1,0,70.84,-0.55,-2.91,-10.66,10.96
567.32,0,,70.91,10.92,1,0,71.01,-0.65,-2.95,-10.80,10.90
567.41,0,,70.93,10.93,1,0,70.87,-0.66,-2.95,-10.81,10.89
567.50,0,,70.94,10.92,1,0,70.99,-0.61,-2.96,-10.77,10.95
567.65,0,,70.95,10.93,1,0,70.96,-0.57,-2.92,-10.69,10.95
567.71,0,,70.99,10.94,1,0,71.17,-0.61,-2.95,-10.76,10.94
567.80,0,,71.07,10.94,0,1,71.22,-0.70,-3.01,-10.91,10.91
567.92,0,,71.12,10.94,0,1,70.87,-0.64,-3.00,-10.84,10.96
568.01,0,,71.10,10.95,0,1,71.25,-0.56,-2.94,-10.70,10.98
568.10,0,,71.10,10.96,0,1,71.08,-0.60,-2.92,-10.72,10.92
568.22,0,,71.12,10.94,0,1,71.17,-0.69,-2.95,-10.84,10.86
568.31,0,,71.11,10.90,0,1,70.90,-0.76,-2.99,-10.95,10.83
568.40,0,,71.05,10.87,0,1,71.03,-0.70,-3.02,-10.92,10.92
568.52,0,,70.95,10.88,0,1,70.56,-0.61,-2.97,-10.78,10.96
568.64,0,,70.85,10.92,0,1,71.10,-0.66,-2.96,-10.82,10.90
568.70,0,,70.87,10.92,2,-1,70.99,-0.74,-3.01,-10.95,10.87
568.82,0,,70.89,10.89,2,-1,70.53,-0.77,-2.98,-10.95,10.81
568.91,0,,70.85,10.85,2,-1,71.18,-0.72,-2.97,-10.89,10.85
569.00,0,,70.92,10.85,2,-1,71.11,-0.60,-2.99,-10.79,10.99
569.15,0,,71.05,10.90,2,-1,71.14,-0.64,-2.98,-10.82,10.94
569.21,0,,71.08,10.92,1,0,70.79,-0.79,-2.98,-10.97,10.79
569.30,0,,71.02,10.89,1,0,71.07,-0.75,-3.01,-10.96,10.86
569.42,0,,71.01,10.86,1,0,71.25,-0.63,-2.98,-10.81,10.95
569.51,0,,71.04,10.89,1,0,70.71,-0.60,-2.95,-10.75,10.95
569.60,0,,70.96,10.93,1,0,70.82,-0.67,-2.98,-10.85,10.91
569.72,0,,70.87,10.93,0,1,70.94,-0.74,-2.99,-10.93,10.85
569.81,0,,70.86,10.90,1,0,70.86,-0.68,-2.99,-10.87,10.91
569.90,0,,70.87,10.91,2,-1,70.92,-0.54,-2.97,-10.71,11.03
570.02,0,,70.93,10.96,2,-1,71.16,-0.54,-2.95,-10.69,11.01
570.14,0,,71.04,11.00,2,-1,71.23,-0.63,-2.97,-10.80,10.94
570.20,0,,71.10,10.99,1,0,70.79,-0.64,-3.00,-10.84,10.96
570.32,0,,71.03,10.97,1,0,70.95,-0.62,-2.97,-10.79,10.95
570.41,0,,70.97,10.97,1,0,71.09,-0.52,-2.93,-10.65,11.01
570.50,0,,70.98,10.98,1,0,71.00,-0.52,-2.89,-10.61,10.97
570.65,0,,71.02,10.98,1,0,71.07,-0.64,-2.95,-10.79,10.91
570.71,0,,70.97,10.96,1,0,70.48,-0.61,-2.99,-10.80,10.98
570.80,0,,70.83,10.96,1,0,70.86,-0.52,-2.91,-10.63,10.99
570.92,0,,70.75,10.98,1,0,70.82,-0.48,-2.93,-10.61,11.05
571.01,0,,70.78,11.01,1,0,70.84,-0.58,-2.94,-10.72,10.96
571.10,0,,70.84,10.99,1,0,71.02,-0.68,-2.94,-10.82,10.86
571.22,0,,70.86,10.95,1,0,70.54,-0.60,-2.99,-10.79,10.99
571.31,0,,70.85,10.95,1,0,71.21,-0.51,-2.95,-10.66,11.04
571.40,0,,70.89,10.99,1,0,70.79,-0.51,-2.93,-10.64,11.02
571.52,0,,70.88,11.02,1,0,70.60,-0.59,-2.95,-10.74,10.96
571.64,0,,70.78,10.99,1,0,70.82,-0.70,-2.96,-10.86,10.86
571.70,0,,70.77,10.95,2,-1,71.01,-0.62,-2.99,-10.81,10.97
571.82,0,,70.84,10.95,2,-1,70.80,-0.49,-2.92,-10.61,11.03
571.91,0,,70.91,10.98,1,0,71.09,-0.54,-2.92,-10.66,10.98
572.03,0,,70.96,11.00,0,1,70.89,-0.63,-2.98,-10.81,10.95
572.15,0,,71.00,10.98,0,1,71.21,-0.67,-2.98,-10.85,10.91
572.21,0,,71.03,10.96,0,1,70.80,-0.60,-2.97,-10.77,10.97
572.30,0,,70.93,10.96,0,1,70.54,-0.48,-2.90,-10.58,11.02
572.51,0,,70.82,10.98,1,0,71.16,-0.57,-2.93,-10.70,10.96
572.51,0,,70.88,10.99,1,0,71.13,-0.63,-3.01,-10.84,10.98
572.66,0,,71.03,10.98,1,0,71.09,-0.59,-2.95,-10.74,10.96
572.75,0,,71.09,10.98,1,0,70.98,-0.56,-2.93,-10.69,10.97
572.81,0,,71.02,10.98,1,0,70.65,-0.49,-2.95,-10.64,11.06
572.90,0,,70.89,11.01,1,0,70.91,-0.54,-2.92,-10.66,10.98
573.05,0,,70.85,11.00,1,0,71.05,-0.66,-2.93,-10.79,10.87
573.14,0,,70.96,10.96,1,0,71.29,-0.59,-2.96,-10.75,10.97
573.20,0,,71.09,10.96,0,1,70.97,-0.47,-2.95,-10.62,11.08
573.32,0,,71.12,11.00,0,1,71.05,-0.50,-2.91,-10.61,11.01
573.41,0,,71.11,11.02,1,0,71.32,-0.56,-2.94,-10.70,10.98
573.50,0,,71.16,11.02,0,1,71.12,-0.58,-2.99,-10.77,11.01
573.65,0,,71.22,11.01,0,1,71.46,-0.60,-2.98,-10.78,10.98
573.71,0,,71.22,10.99,0,1,70.68,-0.56,-2.92,-10.68,10.96
573.80,0,,71.10,10.99,0,1,71.16,-0.50,-2.93,-10.63,11.03
573.95,0,,71.01,11.00,0,1,70.97,-0.56,-2.98,-10.74,11.02
574.07,0,,71.00,11.00,0,1,71.07,-0.68,-2.97,-10.85,10.89
574.10,0,,71.00,10.97,0,1,70.92,-0.59,-2.93,-10.72,10.94
574.22,0,,71.04,10.95,0,1,71.35,-0.44,-2.88,-10.52,11.04
574.31,0,,71.09,10.98,2,-1,70.87,-0.53,-2.91,-10.64,10.98
574.43,0,,71.08,11.00,0,1,71.07,-0.54,-2.97,-10.71,11.03
574.52,0,,70.99,11.01,1,0,70.70,-0.56,-2.91,-10.67,10.95
574.64,0,,70.89,10.99,2,-1,70.85,-0.57,-2.86,-10.63,10.89
574.79,0,,70.84,10.97,2,-1,70.99,-0.39,-2.89,-10.48,11.10
574.82,0,,70.91,11.00,2,-1,71.18,-0.44,-2.87,-10.51,11.03
574.91,0,,71.02,11.01,1,0,70.99,-0.60,-2.87,-10.67,10.87
575.00,0,,71.01,10.98,1,0,70.58,-0.53,-2.92,-10.65,10.99
575.18,0,,70.85,10.96,1,0,70.68,-0.50,-2.89,-10.59,10.99
575.21,0,,70.77,10.97,2,-1,71.20,-0.51,-2.85,-10.56,10.94
575.30,0,,70.87,10.98,2,-1,70.88,-0.45,-2.89,-10.54,11.04
575.42,0,,70.89,10.99,1,0,70.50,-0.56,-2.89,-10.65,10.93
575.51,0,,70.79,10.97,1,0,70.89,-0.64,-2.87,-10.71,10.83
575.66,0,,70.76,10.94,2,-1,70.87,-0.41,-2.91,-10.52,11.10
575.72,0,,70.77,10.98,2,-1,70.56,-0.39,-2.89,-10.48,11.10
575.81,0,,70.78,11.02,2,-1,71.16,-0.62,-2.85,-10.67,10.83
575.90,0,,70.91,10.99,2,-1,71.15,-0.55,-2.92,-10.67,10.97
576.02,0,,71.08,10.95,2,-1,71.21,-0.55,-2.92,-10.67,10.97
576.20,0,,71.10,10.93,0,1,70.56,-0.64,-2.83,-10.67,10.79
576.20,0,,70.95,10.90,0,1,70.91,-0.52,-2.89,-10.61,10.97
576.32,0,,70.85,10.90,0,1,70.94,-0.64,-2.94,-10.78,10.90
576.41,0,,70.86,10.88,2,-1,70.94,-0.83,-2.92,-10.95,10.69
576.50,0,,70.84,10.82,2,-1,70.44,-0.73,-2.96,-10.89,10.83
576.65,0,,70.77,10.79,1,0,71.03,-0.70,-2.94,-10.84,10.84
576.71,0,,70.84,10.80,1,0,71.24,-0.72,-2.91,-10.83,10.79
576.80,0,,70.96,10.82,1,0,70.67,-0.66,-2.96,-10.82,10.90
576.92,0,,70.93,10.84,1,0,70.73,-0.81,-3.00,-11.01,10.79
577.01,0,,70.82,10.82,1,0,70.81,-0.91,-3.00,-11.11,10.69
577.10,0,,70.79,10.78,1,0,70.98,-0.71,-2.98,-10.89,10.87
577.22,0,,70.87,10.78,1,0,71.04,-0.78,-2.98,-10.96,10.80
577.34,0,,70.96,10.78,1,0,70.95,-0.92,-2.98,-11.10,10.66
577.43,0,,71.01,10.74,1,0,71.09,-0.82,-2.98,-11.00,10.76
577.52,0,,71.01,10.75,1,0,70.85,-0.68,-2.97,-10.85,10.89
577.64,0,,70.91,10.82,1,0,70.48,-0.56,-2.93,-10.69,10.97
577.70,0,,70.79,10.90,1,0,71.09,-0.68,-2.99,-10.87,10.91
577.82,0,,70.81,10.92,1,0,70.91,-0.87,-3.02,-11.09,10.75
577.91,0,,70.86,10.85,1,0,70.69,-0.83,-2.95,-10.98,10.72
578.00,0,,70.84,10.78,1,0,70.88,-0.71,-2.96,-10.87,10.85
578.15,0,,70.89,10.78,1,0,71.35,-0.69,-2.97,-10.86,10.88
578.21,0,,71.01,10.82,1,0,70.76,-0.75,-2.97,-10.92,10.82
578.30,0,,70.95,10.84,1,0,70.51,-0.76,-3.00,-10.96,10.84
578.42,0,,70.83,10.83,1,0,71.24,-0.76,-2.92,-10.88,10.76
578.51,0,,70.89,10.81,1,0,71.01,-0.67,-2.87,-10.74,10.80
578.69,0,,71.00,10.83,1,0,71.06,-0.52,-2.99,-10.71,11.07
578.72,0,,71.04,10.91,1,0,70.94,-0.65,-2.99,-10.84,10.94
578.81,0,,71.07,10.95,1,0,71.39,-0.72,-2.95,-10.87,10.83
578.90,0,,71.12,10.94,0,1,70.86,-0.61,-3.03,-10.84,11.02
579.02,0,,71.07,10.95,1,0,70.87,-0.55,-2.95,-10.70,11.00
579.14,0,,70.95,10.97,1,0,70.91,-0.65,-2.91,-10.76,10.86
579.20,0,,70.89,10.94,1,0,70.87,-0.67,-3.01,-10.88,10.94
579.32,0,,70.86,10.93,1,0,70.85,-0.63,-3.01,-10.84,10.98
579.41,0,,70.85,10.94,1,0,70.81,-0.64,-2.95,-10.79,10.91
579.50,0,,70.85,10.95,1,0,70.95,-0.54,-2.96,-10.70,11.02
579.65,0,,70.85,10.98,2,-1,70.73,-0.56,-2.98,-10.74,11.02
579.71,0,,70.86,11.00,2,-1,71.06,-0.66,-3.00,-10.86,10.94
579.80,0,,70.93,11.00,2,-1,71.09,-0.60,-3.03,-10.83,11.03
579.92,0,,71.04,11.01,1,0,71.17,-0.53,-3.00,-10.73,11.07
580.01,0,,71.19,11.05,1,0,71.66,-0.43,-2.99,-10.62,11.16
580.10,0,,71.28,11.11,0,1,70.63,-0.45,-3.03,-10.68,11.18
580.22,0,,71.18,11.13,0,2,71.23,-0.63,-3.00,-10.83,10.97
580.31,0,,71.06,11.09,0,2,70.97,-0.56,-3.00,-10.76,11.04
580.40,0,,71.01,11.07,0,1,70.96,-0.40,-3.03,-10.63,11.23
580.52,0,,70.99,11.11,0,1,71.11,-0.46,-2.96,-10.62,11.10
580.64,0,,71.03,11.12,0,1,71.14,-0.56,-2.96,-10.72,11.00
580.70,0,,71.07,11.08,0,1,70.97,-0.57,-3.02,-10.79,11.05
580.82,0,,71.09,11.05,1,0,71.29,-0.53,-3.01,-10.74,11.08
580.91,0,,71.15,11.06,0,1,71.19,-0.44,-2.98,-10.62,11.14
581.00,0,,71.16,11.09,1,0,70.91,-0.48,-2.95,-10.63,11.07
581.15,0,,71.11,11.09,0,1,71.18,-0.58,-2.98,-10.76,11.00
581.21,0,,71.08,11.06,0,1,71.04,-0.58,-3.02,-10.80,11.04
581.30,0,,71.04,11.04,0,1,70.79,-0.54,-2.98,-10.72,11.04
581.42,0,,70.97,11.04,1,0,71.11,-0.45,-2.95,-10.60,11.10
581.51,0,,70.93,11.06,1,0,70.66,-0.51,-3.00,-10.71,11.09
581.60,0,,70.85,11.07,2,-1,70.82,-0.65,-3.02,-10.87,10.97
581.75,0,,70.82,11.04,1,0,71.03,-0.61,-3.00,-10.81,10.99
581.81,0,,70.89,11.02,1,0,70.99,-0.51,-3.02,-10.73,11.11
581.90,0,,71.00,11.06,1,0,71.25,-0.47,-3.01,-10.68,11.14
582.02,0,,71.09,11.10,1,0,70.93,-0.52,-3.03,-10.75,11.11
582.14,0,,71.14,11.12,1,0,71.43,-0.59,-3.06,-10.85,11.07
582.20,0,,71.23,11.11,1,0,71.39,-0.54,-3.03,-10.77,11.09
582.32,0,,71.29,11.10,1,0,70.93,-0.48,-3.01,-10.69,11.13
582.41,0,,71.19,11.10,0,2,71.03,-0.52,-2.98,-10.70,11.06
582.50,0,,71.07,11.09,0,2,71.06,-0.55,-3.02,-10.77,11.07
582.65,0,,70.96,11.08,0,1,70.54,-0.60,-3.05,-10.85,11.05
582.71,0,,70.84,11.05,1,0,70.98,-0.58,-2.97,-10.75,10.99
582.80,0,,70.85,11.05,1,0,71.18,-0.44,-3.00,-10.64,11.16
582.92,0,,71.00,11.09,1,0,71.19,-0.46,-3.06,-10.72,11.20
583.01,0,,71.13,11.14,1,0,71.10,-0.57,-3.02,-10.79,11.05
583.10,0,,71.15,11.12,1,0,70.99,-0.59,-3.03,-10.82,11.04
583.22,0,,71.07,11.08,1,0,70.87,-0.57,-2.99,-10.76,11.02
583.31,0,,70.97,11.04,1,0,70.98,-0.50,-2.95,-10.65,11.05
583.40,0,,70.92,11.05,1,0,70.86,-0.52,-3.04,-10.76,11.12
583.52,0,,70.86,11.05,1,0,70.58,-0.68,-3.02,-10.90,10.94
583.64,0,,70.81,11.01,1,0,71.16,-0.69,-2.95,-10.84,10.86
583.70,0,,70.85,10.97,1,0,70.79,-0.47,-2.98,-10.65,11.11
583.82,0,,70.87,11.00,1,0,70.68,-0.47,-2.95,-10.62,11.08
583.91,0,,70.76,11.03,1,0,70.46,-0.66,-2.94,-10.80,10.88
584.00,0,,70.67,10.99,1,0,71.00,-0.68,-2.98,-10.86,10.90
584.15,0,,70.70,10.94,2,-1,70.65,-0.63,-2.98,-10.81,10.95
584.21,0,,70.74,10.93,2,-1,70.72,-0.57,-2.95,-10.72,10.98
584.30,0,,70.81,10.96,2,-1,71.36,-0.56,-2.98,-10.74,11.02
584.42,0,,71.04,10.99,2,-1,71.42,-0.64,-3.04,-10.88,11.00
584.51,0,,71.20,11.00,2,-1,70.69,-0.70,-3.03,-10.93,10.93
584.60,0,,71.13,10.97,0,2,71.15,-0.69,-2.98,-10.87,10.89
584.72,0,,71.04,10.95,0,2,70.99,-0.53,-3.03,-10.76,11.10
584.81,0,,70.99,11.00,0,2,70.81,-0.56,-3.07,-10.83,11.11
584.90,0,,70.93,11.04,0,2,70.98,-0.75,-3.01,-10.96,10.86
585.02,0,,70.91,11.00,0,1,70.97,-0.70,-3.03,-10.93,10.93
585.14,0,,70.94,10.96,0,1,70.91,-0.59,-3.04,-10.83,11.05
585.20,0,,70.91,10.97,1,0,70.74,-0.63,-2.97,-10.80,10.94
585.32,0,,70.87,10.96,1,0,70.96,-0.70,-3.01,-10.91,10.91
585.41,0,,70.87,10.93,2,-1,70.87,-0.79,-3.03,-11.02,10.84
585.53,0,,70.85,10.88,2,-1,70.65,-0.72,-3.00,-10.92,10.88
585.65,0,,70.81,10.88,2,-1,70.97,-0.58,-2.99,-10.77,11.01
585.71,0,,70.83,10.93,2,-1,70.90,-0.60,-3.01,-10.81,11.01
585.80,0,,70.85,10.97,2,-1,70.69,-0.76,-3.00,-10.96,10.84
585.92,0,,70.85,10.93,2,-1,71.09,-0.79,-3.00,-10.99,10.81
586.01,0,,70.93,10.88,1,0,71.13,-0.66,-3.07,-10.93,11.01
586.10,0,,71.07,10.91,1,0,71.29,-0.60,-2.99,-10.79,10.99
586.22,0,,71.14,10.95,0,1,70.79,-0.69,-3.00,-10.89,10.91
586.34,0,,71.06,10.95,0,1,70.91,-0.75,-3.08,-11.03,10.93
586.40,0,,70.91,10.92,0,1,70.64,-0.76,-2.98,-10.94,10.82
586.52,0,,70.81,10.87,0,1,71.03,-0.74,-2.96,-10.90,10.82
586.64,0,,70.82,10.83,1,0,70.83,-0.76,-3.00,-10.96,10.84
586.70,0,,70.81,10.79,1,0,70.47,-0.89,-2.95,-11.04,10.66
586.82,0,,70.71,10.72,2,-1,70.73,-0.97,-2.97,-11.14,10.60
586.91,0,,70.66,10.67,2,-1,70.77,-0.89,-3.07,-11.16,10.78
587.00,0,,70.72,10.68,4,-2,70.92,-0.94,-3.08,-11.22,10.74
587.15,0,,70.79,10.69,4,-2,70.71,-1.20,-3.11,-11.51,10.51
587.21,0,,70.85,10.63,2,-1,71.08,-1.16,-3.08,-11.44,10.52
587.30,0,,70.87,10.56,1,0,70.62,-1.04,-3.06,-11.30,10.62
587.42,0,,70.83,10.56,1,0,70.76,-1.13,-3.16,-11.49,10.63
587.51,0,,70.77,10.59,2,-1,70.84,-1.05,-3.11,-11.36,10.66
587.60,0,,70.74,10.62,2,-1,70.53,-1.06,-3.07,-11.33,10.61
587.72,0,,70.69,10.62,1,0,70.70,-1.24,-3.16,-11.60,10.52
587.81,0,,70.67,10.58,1,0,70.79,-1.22,-3.21,-11.63,10.59
587.90,0,,70.74,10.56,1,0,70.97,-1.18,-3.16,-11.54,10.58
588.02,0,,70.79,10.55,2,-1,70.46,-1.26,-3.09,-11.55,10.43
588.17,0,,70.73,10.48,1,0,70.74,-1.42,-3.11,-11.73,10.29
588.23,0,,70.71,10.37,2,-1,70.91,-1.53,-3.15,-11.88,10.22
588.32,0,,70.75,10.29,1,0,70.68,-1.44,-3.20,-11.84,10.36
588.41,0,,70.74,10.31,2,-1,70.51,-1.26,-3.20,-11.66,10.54
588.50,0,,70.65,10.40,2,-1,70.61,-1.19,-3.10,-11.49,10.51
588.68,0,,70.63,10.49,2,-1,70.86,-1.20,-3.13,-11.53,10.53
588.74,0,,70.69,10.54,2,-1,70.73,-1.15,-3.15,-11.50,10.60
588.80,0,,70.72,10.56,2,-1,70.56,-1.11,-3.05,-11.36,10.54
588.95,0,,70.69,10.56,2,-1,70.75,-1.21,-3.13,-11.54,10.52
589.01,0,,70.67,10.55,2,-1,70.58,-1.23,-3.20,-11.63,10.57
589.10,0,,70.69,10.55,2,-1,70.96,-1.15,-3.12,-11.47,10.57
589.22,0,,70.77,10.58,1,0,70.85,-1.03,-3.15,-11.38,10.72
589.40,0,,70.85,10.64,1,0,70.86,-1.03,-3.18,-11.41,10.75
589.40,0,,70.85,10.68,1,0,70.63,-1.16,-3.12,-11.48,10.56
589.52,0,,70.79,10.66,1,0,70.86,-1.13,-3.14,-11.47,10.61
589.64,0,,70.74,10.62,1,0,70.56,-1.11,-3.19,-11.50,10.68
589.76,0,,70.66,10.63,1,0,70.50,-1.06,-3.14,-11.40,10.68
589.97,0,,70.60,10.66,1,0,70.80,-1.06,-3.18,-11.44,10.72
589.97,0,,70.67,10.68,1,0,70.97,-1.21,-3.24,-11.65,10.63
590.00,0,,70.84,10.66,1,0,71.05,-1.19,-3.20,-11.59,10.61
590.15,0,,70.93,10.65,1,0,70.64,-1.04,-3.21,-11.45,10.77
590.21,0,,70.88,10.68,1,0,70.78,-1.06,-3.20,-11.46,10.74
590.30,0,,70.77,10.70,1,0,70.58,-1.19,-3.16,-11.55,10.57
590.48,0,,70.66,10.66,1,0,70.51,-1.22,-3.20,-11.62,10.58
590.51,0,,70.59,10.62,1,0,70.79,-1.16,-3.23,-11.59,10.67
590.60,0,,70.60,10.63,1,0,70.50,-1.05,-3.20,-11.45,10.75
590.72,0,,70.60,10.69,1,0,70.53,-0.97,-3.16,-11.33,10.79
590.81,0,,70.57,10.75,1,0,70.66,-0.94,-3.15,-11.29,10.81
590.93,0,,70.60,10.79,1,0,70.71,-0.86,-3.07,-11.13,10.81
591.02,0,,70.65,10.82,1,0,70.68,-0.73,-3.01,-10.94,10.88
591.14,0,,70.74,10.86,1,0,71.08,-0.68,-3.03,-10.91,10.95
591.20,0,,70.87,10.90,1,0,70.90,-0.75,-3.02,-10.97,10.87
591.32,0,,70.92,10.90,1,0,70.73,-0.78,-3.04,-11.02,10.86
591.41,0,,70.88,10.88,0,2,70.88,-0.74,-3.05,-10.99,10.91
591.50,0,,70.79,10.88,0,2,70.42,-0.74,-3.03,-10.97,10.89
591.68,0,,70.71,10.88,1,0,71.04,-0.85,-3.10,-11.15,10.85
591.71,0,,70.71,10.86,1,0,70.54,-0.98,-3.20,-11.38,10.82
591.80,0,,70.75,10.83,0,1,70.98,-1.02,-3.17,-11.39,10.75
591.92,0,,70.81,10.79,1,0,70.85,-0.93,-3.13,-11.26,10.80
592.04,0,,70.88,10.79,1,0,70.96,-0.84,-3.15,-11.19,10.91
592.10,0,,70.90,10.82,1,0,70.75,-0.96,-3.14,-11.30,10.78
592.25,0,,70.88,10.81,1,0,70.96,-1.04,-3.13,-11.37,10.69
592.31,0,,70.86,10.77,1,0,70.74,-0.99,-3.20,-11.39,10.81
592.40,0,,70.81,10.75,1,0,70.64,-1.08,-3.25,-11.53,10.77
592.52,0,,70.72,10.74,1,0,70.61,-1.26,-3.29,-11.75,10.63
592.64,0,,70.63,10.70,1,0,70.55,-1.30,-3.32,-11.82,10.62
592.70,0,,70.61,10.65,2,-1,70.81,-1.26,-3.29,-11.75,10.63
592.82,0,,70.66,10.63,2,-1,70.72,-1.19,-3.31,-11.70,10.72
592.91,0,,70.72,10.67,1,0,70.68,-1.14,-3.33,-11.67,10.79
593.03,0,,70.66,10.71,1,0,70.21,-1.26,-3.26,-11.72,10.60
593.15,0,,70.53,10.68,1,0,70.69,-1.28,-3.26,-11.74,10.58
593.24,0,,70.51,10.64,2,-1,70.63,-1.15,-3.27,-11.62,10.72
593.30,0,,70.60,10.65,2,-1,70.83,-1.09,-3.24,-11.53,10.75
593.45,0,,70.70,10.70,2,-1,70.71,-1.12,-3.28,-11.60,10.76
593.51,0,,70.69,10.73,1,0,70.29,-1.24,-3.29,-11.73,10.65
593.60,0,,70.56,10.70,1,0,70.49,-1.21,-3.22,-11.63,10.61
593.72,0,,70.50,10.66,2,-1,70.77,-1.08,-3.21,-11.49,10.73
593.81,0,,70.62,10.67,2,-1,71.02,-1.11,-3.26,-11.57,10.75
593.90,0,,70.80,10.70,0,1,70.80,-1.20,-3.28,-11.68,10.68
594.02,0,,70.80,10.70,0,1,70.26,-1.21,-3.26,-11.67,10.65
594.14,0,,70.64,10.68,0,1,70.64,-1.12,-3.26,-11.58,10.74
594.20,0,,70.53,10.71,2,-1,70.47,-1.05,-3.27,-11.52,10.82
594.32,0,,70.56,10.75,2,-1,71.01,-1.14,-3.28,-11.62,10.74
594.41,0,,70.72,10.76,2,-1,70.94,-1.19,-3.32,-11.71,10.73
594.53,0,,70.90,10.75,1,0,71.01,-1.17,-3.33,-11.70,10.76
594.65,0,,70.98,10.74,0,1,70.87,-1.16,-3.27,-11.63,10.71
594.71,0,,70.93,10.73,0,1,70.66,-1.10,-3.27,-11.57,10.77
594.83,0,,70.80,10.73,0,1,70.64,-1.19,-3.32,-11.71,10.73
594.92,0,,70.72,10.73,0,1,70.93,-1.23,-3.35,-11.78,10.72
595.01,0,,70.74,10.73,0,1,70.66,-1.16,-3.32,-11.68,10.76
595.10,0,,70.72,10.72,0,1,70.52,-1.18,-3.26,-11.64,10.68
595.22,0,,70.66,10.70,1,0,70.74,-1.24,-3.29,-11.73,10.65
595.31,0,,70.64,10.67,1,0,70.61,-1.30,-3.35,-11.85,10.65
595.40,0,,70.67,10.64,4,-2,70.85,-1.30,-3.31,-11.81,10.61
595.52,0,,70.71,10.62,2,-1,70.64,-1.27,-3.27,-11.74,10.60
595.64,0,,70.72,10.61,2,-1,70.70,-1.30,-3.29,-11.79,10.59
595.72,0,,70.68,10.59,1,0,70.51,-1.38,-3.32,-11.90,10.54
595.82,0,,70.62,10.55,1,0,70.60,-1.46,-3.32,-11.98,10.46
595.91,0,,70.61,10.50,1,0,70.84,-1.40,-3.31,-11.91,10.51
596.00,0,,70.67,10.49,1,0,70.66,-1.35,-3.28,-11.83,10.53
596.15,0,,70.68,10.49,1,0,70.45,-1.41,-3.28,-11.89,10.47
596.21,0,,70.59,10.49,1,0,70.47,-1.46,-3.34,-12.00,10.48
596.30,0,,70.50,10.48,1,0,70.49,-1.50,-3.35,-12.05,10.45
596.42,0,,70.45,10.47,1,0,70.32,-1.43,-3.32,-11.95,10.49
596.51,0,,70.45,10.49,2,-1,70.77,-1.32,-3.31,-11.83,10.59
596.60,0,,70.53,10.53,2,-1,70.60,-1.41,-3.37,-11.98,10.56
596.72,0,,70.65,10.55,2,-1,70.91,-1.46,-3.37,-12.03,10.51
596.81,0,,70.71,10.55,2,-1,70.41,-1.39,-3.36,-11.95,10.57
596.93,0,,70.65,10.56,2,-1,70.47,-1.33,-3.39,-11.92,10.66
597.02,0,,70.54,10.59,2,-1,70.55,-1.37,-3.36,-11.93,10.59
597.14,0,,70.52,10.59,2,-1,70.65,-1.50,-3.37,-12.07,10.47
597.20,0,,70.57,10.54,2,-1,70.66,-1.45,-3.38,-12.03,10.53
597.32,0,,70.69,10.51,1,0,71.10,-1.38,-3.31,-11.89,10.53
597.41,0,,70.88,10.51,0,1,71.12,-1.41,-3.32,-11.93,10.51
597.50,0,,70.99,10.51,0,1,70.63,-1.45,-3.37,-12.02,10.52
597.65,0,,70.92,10.50,0,2,70.78,-1.51,-3.35,-12.06,10.44
597.71,0,,70.80,10.48,0,2,70.75,-1.47,-3.37,-12.04,10.50
597.80,0,,70.74,10.49,0,2,70.71,-1.36,-3.36,-11.92,10.60
597.92,0,,70.71,10.52,0,1,70.72,-1.41,-3.34,-11.95,10.53
598.01,0,,70.76,10.53,1,0,71.09,-1.50,-3.39,-12.09,10.49
598.10,0,,70.83,10.52,0,1,70.59,-1.50,-3.40,-12.10,10.50
598.22,0,,70.81,10.51,0,1,70.74,-1.43,-3.38,-12.01,10.55
598.31,0,,70.77,10.53,1,0,70.88,-1.38,-3.37,-11.95,10.59
598.40,0,,70.73,10.54,2,-1,70.38,-1.50,-3.34,-12.04,10.44
598.52,0,,70.65,10.50,2,-1,70.76,-1.58,-3.37,-12.15,10.39
598.64,0,,70.67,10.45,2,-1,71.03,-1.47,-3.42,-12.09,10.55
598.70,0,,70.80,10.47,1,0,70.78,-1.43,-3.40,-12.03,10.57
598.82,0,,70.83,10.51,1,0,70.61,-1.49,-3.36,-12.05,10.47
598.91,0,,70.78,10.49,0,1,70.85,-1.59,-3.33,-12.12,10.34
599.00,0,,70.70,10.43,0,1,70.29,-1.59,-3.37,-12.16,10.38
599.15,0,,70.55,10.39,1,0,70.40,-1.54,-3.37,-12.11,10.43
599.21,0,,70.46,10.38,1,0,70.74,-1.55,-3.31,-12.06,10.36
599.30,0,,70.48,10.39,2,-1,70.28,-1.56,-3.37,-12.13,10.41
599.42,0,,70.52,10.39,2,-1,70.91,-1.65,-3.44,-12.29,10.39
599.51,0,,70.57,10.39,2,-1,70.29,-1.65,-3.44,-12.29,10.39
599.60,0,,70.59,10.41,2,-1,70.86,-1.50,-3.42,-12.12,10.52
599.72,0,,70.66,10.44,2,-1,70.87,-1.54,-3.38,-12.12,10.44
599.81,0,,70.77,10.44,2,-1,70.73,-1.67,-3.38,-12.25,10.31
599.90,0,,70.80,10.39,1,0,70.77,-1.67,-3.40,-12.27,10.33
600.02,0,,70.79,10.36,0,2,70.79,-1.56,-3.40,-12.16,10.44
600.14,0,,70.71,10.37,0,2,70.26,-1.53,-3.35,-12.08,10.42
600.20,0,,70.57,10.39,0,1,70.62,-1.64,-3.34,-12.18,10.30
600.32,0,,70.55,10.36,1,0,70.89,-1.69,-3.41,-12.30,10.32
600.41,0,,70.64,10.33,1,0,70.51,-1.64,-3.41,-12.25,10.37
600.50,0,,70.63,10.34,1,0,70.36,-1.57,-3.35,-12.12,10.38
600.65,0,,70.50,10.36,1,0,70.37,-1.55,-3.35,-12.10,10.40
600.71,0,,70.44,10.38,1,0,70.71,-1.60,-3.40,-12.20,10.40
600.80,0,,70.57,10.39,4,-2,71.11,-1.60,-3.40,-12.20,10.40
600.92,0,,70.76,10.40,2,-1,70.54,-1.55,-3.36,-12.11,10.41
601.01,0,,70.79,10.41,2,-1,70.67,-1.49,-3.33,-12.02,10.44
601.10,0,,70.66,10.41,1,0,70.24,-1.52,-3.32,-12.04,10.40
601.22,0,,70.48,10.40,1,0,70.42,-1.60,-3.35,-12.15,10.35
601.34,0,,70.42,10.39,1,0,70.73,-1.51,-3.37,-12.08,10.46
601.40,0,,70.58,10.42,1,0,71.16,-1.39,-3.35,-11.94,10.56
601.52,0,,70.84,10.49,2,-1,70.88,-1.37,-3.39,-11.96,10.62
601.64,0,,70.90,10.56,0,1,70.39,-1.45,-3.41,-12.06,10.56
601.70,0,,70.77,10.56,0,1,70.80,-1.53,-3.36,-12.09,10.43
601.82,0,,70.73,10.51,0,1,71.07,-1.45,-3.34,-11.99,10.49
601.94,0,,70.79,10.49,1,0,70.51,-1.37,-3.37,-11.94,10.60
602.00,0,,70.75,10.52,1,0,70.62,-1.40,-3.38,-11.98,10.58
602.18,0,,70.70,10.54,1,0,70.94,-1.50,-3.36,-12.06,10.46
602.21,0,,70.68,10.52,1,0,70.26,-1.50,-3.37,-12.07,10.47
602.30,0,,70.62,10.50,1,0,70.85,-1.38,-3.35,-11.93,10.57
602.45,0,,70.64,10.51,1,0,70.78,-1.37,-3.33,-11.90,10.56
602.51,0,,70.74,10.53,1,0,70.90,-1.50,-3.37,-12.07,10.47
602.60,0,,70.82,10.51,1,0,70.77,-1.52,-3.37,-12.09,10.45
602.74,0,,70.84,10.48,1,0,70.82,-1.43,-3.33,-11.96,10.50
602.84,0,,70.77,10.48,0,1,70.37,-1.36,-3.35,-11.91,10.59
602.90,0,,70.66,10.53,1,0,70.80,-1.36,-3.39,-11.95,10.63
603.02,0,,70.61,10.58,1,0,70.54,-1.42,-3.39,-12.01,10.57
603.20,0,,70.65,10.59,1,0,70.95,-1.46,-3.37,-12.03,10.51
603.20,0,,70.65,10.59,1,0,70.95,-1.46,-3.37,-12.03,10.51
603.32,0,,70.93,10.55,1,0,70.89,-1.29,-3.32,-11.81,10.63
603.41,0,,70.97,10.57,0,1,70.83,-1.39,-3.36,-11.95,10.57
603.53,0,,70.94,10.57,0,1,71.07,-1.50,-3.39,-12.09,10.49
603.65,0,,71.01,10.54,0,1,71.37,-1.47,-3.43,-12.10,10.56
603.74,0,,71.09,10.54,0,2,70.70,-1.40,-3.43,-12.03,10.63
603.80,0,,71.01,10.55,0,2,70.80,-1.48,-3.35,-12.03,10.47
603.92,0,,70.82,10.52,0,1,70.46,-1.54,-3.34,-12.08,10.40
604.04,0,,70.65,10.48,0,1,70.66,-1.39,-3.35,-11.94,10.56
604.16,0,,70.60,10.49,0,1,70.75,-1.30,-3.32,-11.82,10.62
604.28,0,,70.58,10.56,4,-2,70.20,-1.30,-3.34,-11.84,10.64
604.34,0,,70.51,10.60,4,-2,70.65,-1.35,-3.34,-11.89,10.59
604.40,0,,70.53,10.61,4,-2,70.85,-1.41,-3.32,-11.93,10.51
604.52,0,,70.68,10.58,4,-2,70.84,-1.30,-3.34,-11.84,10.64
604.64,0,,70.82,10.60,4,-2,70.96,-1.16,-3.30,-11.66,10.74
604.70,0,,70.85,10.64,1,0,70.45,-1.21,-3.24,-11.65,10.63
604.82,0,,70.77,10.65,0,1,70.87,-1.30,-3.28,-11.78,10.58
604.91,0,,70.75,10.62,1,0,70.92,-1.30,-3.32,-11.82,10.62
605.00,0,,70.72,10.60,1,0,70.10,-1.30,-3.27,-11.77,10.57
605.15,0,,70.59,10.59,0,1,70.83,-1.23,-3.26,-11.69,10.63
605.21,0,,70.54,10.60,1,0,70.45,-1.24,-3.29,-11.73,10.65
605.39,0,,70.55,10.61,2,-1,70.64,-1.32,-3.25,-11.77,10.53
605.42,0,,70.57,10.60,2,-1,70.59,-1.23,-3.27,-11.70,10.64
605.51,0,,70.61,10.62,2,-1,70.72,-1.13,-3.32,-11.65,10.79
605.60,0,,70.63,10.67,2,-1,70.49,-1.19,-3.22,-11.61,10.63
605.72,0,,70.62,10.66,2,-1,70.69,-1.26,-3.17,-11.63,10.51
605.84,0,,70.64,10.61,1,0,70.76,-1.22,-3.24,-11.66,10.62
605.90,0,,70.63,10.58,1,0,70.22,-1.18,-3.22,-11.60,10.64
606.05,0,,70.57,10.60,2,-1,70.88,-1.13,-3.19,-11.52,10.66
606.14,0,,70.53,10.64,2,-1,70.12,-1.16,-3.26,-11.62,10.70
606.20,0,,70.46,10.65,2,-1,70.58,-1.30,-3.26,-11.76,10.56
606.32,0,,70.48,10.62,2,-1,70.84,-1.32,-3.24,-11.76,10.52
606.41,0,,70.58,10.57,2,-1,70.42,-1.22,-3.25,-11.67,10.63
606.53,0,,70.61,10.57,2,-1,70.66,-1.20,-3.23,-11.63,10.63
606.65,0,,70.63,10.60,2,-1,70.83,-1.24,-3.28,-11.72,10.64
606.74,0,,70.73,10.62,1,0,70.89,-1.27,-3.28,-11.75,10.61
606.80,0,,70.84,10.61,1,0,70.97,-1.27,-3.23,-11.70,10.56
606.92,0,,70.89,10.61,0,2,70.68,-1.16,-3.26,-11.62,10.70
607.01,0,,70.81,10.63,0,2,70.50,-1.18,-3.27,-11.65,10.69
607.10,0,,70.59,10.65,1,0,70.02,-1.36,-3.29,-11.85,10.53
607.25,0,,70.37,10.61,1,0,70.64,-1.41,-3.32,-11.93,10.51
607.31,0,,70.34,10.55,1,0,70.42,-1.37,-3.30,-11.87,10.53
607.40,0,,70.51,10.52,1,0,71.19,-1.30,-3.28,-11.78,10.58
607.52,0,,70.71,10.55,1,0,70.47,-1.29,-3.33,-11.82,10.64
607.70,0,,70.76,10.58,1,0,70.65,-1.38,-3.33,-11.91,10.55
607.70,0,,70.74,10.58,1,0,71.04,-1.35,-3.27,-11.82,10.52
607.82,0,,70.78,10.56,1,0,70.58,-1.25,-3.25,-11.70,10.60
607.91,0,,70.78,10.56,1,0,70.82,-1.27,-3.25,-11.72,10.58
608.00,0,,70.72,10.56,0,1,70.46,-1.34,-3.25,-11.79,10.51
608.15,0,,70.64,10.54,0,1,70.68,-1.34,-3.29,-11.83,10.55
608.21,0,,70.62,10.56,1,0,70.73,-1.21,-3.31,-11.72,10.70
608.30,0,,70.69,10.62,1,0,70.90,-1.09,-3.27,-11.56,10.78
608.42,0,,70.78,10.70,1,0,70.80,-1.18,-3.28,-11.66,10.70
608.51,0,,70.83,10.72,0,1,70.77,-1.25,-3.30,-11.75,10.65
608.60,0,,70.83,10.70,0,1,70.92,-1.21,-3.26,-11.67,10.65
608.72,0,,70.86,10.67,0,1,70.92,-1.15,-3.25,-11.60,10.70
608.81,0,,70.88,10.68,0,1,70.74,-1.07,-3.24,-11.51,10.77
608.90,0,,70.84,10.71,0,1,70.81,-1.14,-3.24,-11.58,10.70
609.02,0,,70.82,10.71,0,1,70.89,-1.22,-3.28,-11.70,10.66
609.20,0,,70.85,10.69,0,1,70.96,-1.15,-3.26,-11.61,10.71
609.20,0,,70.90,10.69,0,1,70.93,-1.08,-3.20,-11.48,10.72
609.32,0,,70.92,10.70,0,1,70.81,-1.12,-3.21,-11.53,10.69
609.41,0,,70.89,10.69,0,1,70.84,-1.19,-3.26,-11.65,10.67
609.53,0,,70.87,10.69,0,1,70.95,-1.13,-3.28,-11.61,10.75
609.77,0,,70.87,10.71,0,1,70.77,-1.06,-3.23,-11.49,10.77
609.77,0,,70.84,10.74,0,1,70.76,-1.03,-3.16,-11.39,10.73
609.80,0,,70.74,10.75,0,1,70.34,-1.04,-3.22,-11.46,10.78
609.92,0,,70.63,10.75,2,-1,70.88,-1.15,-3.27,-11.62,10.72
610.04,0,,70.65,10.73,2,-1,70.81,-1.19,-3.22,-11.61,10.63
610.10,0,,70.81,10.71,2,-1,71.24,-1.01,-3.24,-11.45,10.83
610.22,0,,70.99,10.75,1,0,70.99,-0.92,-3.25,-11.37,10.93
610.31,0,,71.09,10.80,1,0,71.13,-1.09,-3.20,-11.49,10.71
610.40,0,,71.06,10.78,1,0,70.70,-1.19,-3.21,-11.60,10.62
610.55,0,,70.89,10.70,1,0,70.41,-1.18,-3.24,-11.62,10.66
610.70,0,,70.62,10.65,1,0,70.37,-1.11,-3.19,-11.50,10.68
610.70,0,,70.41,10.65,1,0,70.29,-1.06,-3.16,-11.42,10.70
610.82,0,,70.34,10.66,2,-1,70.57,-1.22,-3.20,-11.62,10.58
611.00,0,,70.37,10.63,4,-2,70.34,-1.26,-3.23,-11.69,10.57
611.00,0,,70.47,10.62,4,-2,70.89,-1.06,-3.24,-11.50,10.78
611.18,0,,70.60,10.67,4,-2,70.56,-1.01,-3.20,-11.41,10.79
611.21,0,,70.63,10.72,4,-2,70.36,-1.11,-3.15,-11.46,10.64
611.33,0,,70.57,10.72,4,-2,70.69,-1.15,-3.22,-11.57,10.67
611.48,0,,70.60,10.68,2,-1,70.92,-1.15,-3.22,-11.57,10.67
611.60,0,,70.70,10.66,2,-1,70.52,-1.09,-3.13,-11.42,10.64
611.60,0,,70.75,10.66,1,0,71.04,-0.99,-3.19,-11.38,10.80
611.72,0,,70.87,10.70,0,2,71.15,-1.10,-3.22,-11.52,10.72
611.81,0,,70.94,10.71,0,2,70.44,-1.23,-3.19,-11.62,10.56
611.90,0,,70.82,10.66,0,2,70.70,-1.15,-3.21,-11.56,10.66
612.02,0,,70.67,10.65,0,1,70.55,-1.04,-3.23,-11.47,10.79
612.14,0,,70.68,10.69,0,1,71.28,-1.06,-3.18,-11.44,10.72
612.26,0,,70.83,10.71,0,1,70.76,-1.14,-3.20,-11.54,10.66
612.32,0,,70.95,10.70,0,1,71.15,-1.19,-3.27,-11.66,10.68
612.41,0,,71.01,10.68,1,0,70.95,-1.14,-3.25,-11.59,10.71
612.56,0,,70.98,10.70,1,0,70.65,-0.98,-3.20,-11.38,10.82
612.65,0,,70.84,10.73,1,0,70.66,-1.08,-3.17,-11.45,10.69
612.71,0,,70.70,10.72,1,0,70.65,-1.22,-3.19,-11.61,10.57
612.80,0,,70.60,10.67,1,0,70.40,-1.12,-3.26,-11.58,10.74
612.92,0,,70.51,10.66,2,-1,70.47,-1.14,-3.22,-11.56,10.68
613.01,0,,70.46,10.66,4,-2,70.51,-1.13,-3.16,-11.49,10.63
613.16,0,,70.48,10.66,4,-2,70.59,-1.07,-3.22,-11.49,10.75
613.22,0,,70.58,10.68,4,-2,70.94,-1.14,-3.25,-11.59,10.71
613.31,0,,70.70,10.70,4,-2,70.54,-1.11,-3.21,-11.52,10.70
613.40,0,,70.70,10.71,2,-1,70.52,-1.04,-3.21,-11.45,10.77
613.58,0,,70.62,10.72,1,0,70.61,-1.10,-3.19,-11.49,10.69
613.64,0,,70.62,10.70,2,-1,70.92,-1.21,-3.20,-11.61,10.59
613.70,0,,70.78,10.67,1,0,71.26,-1.11,-3.27,-11.58,10.76
613.82,0,,70.92,10.70,0,2,70.37,-1.04,-3.30,-11.54,10.86
613.91,0,,70.83,10.75,0,2,70.72,-1.14,-3.20,-11.54,10.66
614.00,0,,70.68,10.73,0,1,70.57,-1.16,-3.18,-11.54,10.62
614.15,0,,70.62,10.66,0,1,70.72,-1.24,-3.22,-11.66,10.58
614.21,0,,70.64,10.60,1,0,70.77,-1.25,-3.22,-11.67,10.57
614.30,0,,70.69,10.59,1,0,70.63,-1.06,-3.23,-11.49,10.77
614.48,0,,70.68,10.66,1,0,70.58,-0.91,-3.18,-11.29,10.87
614.54,0,,70.64,10.77,1,0,70.65,-0.91,-3.16,-11.27,10.85
614.60,0,,70.64,10.84,0,1,70.75,-0.96,-3.22,-11.38,10.86
614.72,0,,70.68,10.86,2,-1,70.72,-0.97,-3.20,-11.37,10.83
614.81,0,,70.71,10.85,1,0,70.67,-0.92,-3.15,-11.27,10.83
614.90,0,,70.70,10.85,1,0,70.67,-0.76,-3.15,-11.11,10.99
615.02,0,,70.73,10.90,1,0,70.98,-0.79,-3.14,-11.13,10.95
615.14,0,,70.86,10.93,1,0,71.23,-0.94,-3.18,-11.32,10.84
615.23,0,,71.07,10.91,0,1,71.32,-0.91,-3.24,-11.35,10.93
615.32,0,,71.19,10.89,0,2,70.90,-0.99,-3.23,-11.42,10.84
615.41,0,,71.14,10.86,0,2,71.04,-1.07,-3.27,-11.54,10.80
615.53,0,,71.05,10.83,0,2,71.01,-1.09,-3.31,-11.60,10.82
615.65,0,,71.03,10.81,0,2,71.16,-1.09,-3.30,-11.59,10.81
615.71,0,,71.10,10.82,0,2,71.39,-0.95,-3.28,-11.43,10.93
615.80,0,,71.19,10.87,0,2,70.97,-0.87,-3.26,-11.33,10.99
615.92,0,,71.12,10.92,0,1,70.75,-0.94,-3.23,-11.37,10.89
616.01,0,,70.97,10.91,0,1,70.98,-1.06,-3.22,-11.48,10.76
616.10,0,,70.88,10.84,0,1,70.78,-1.12,-3.24,-11.56,10.72
616.22,0,,70.84,10.77,2,-1,70.87,-1.06,-3.24,-11.50,10.78
616.31,0,,70.83,10.75,2,-1,70.84,-0.97,-3.21,-11.38,10.84
616.40,0,,70.86,10.78,2,-1,71.00,-1.02,-3.22,-11.44,10.80
616.52,0,,70.94,10.79,2,-1,71.14,-1.10,-3.25,-11.55,10.75
616.64,0,,71.01,10.78,2,-1,70.81,-1.08,-3.26,-11.54,10.78
616.73,0,,71.01,10.77,2,-1,71.16,-1.05,-3.23,-11.48,10.78
616.91,0,,71.05,10.77,1,0,71.20,-1.04,-3.22,-11.46,10.78
616.91,0,,71.12,10.77,0,1,71.10,-1.09,-3.26,-11.55,10.77
617.00,0,,71.14,10.76,0,1,71.07,-1.14,-3.28,-11.62,10.74
617.18,0,,71.10,10.75,0,2,70.97,-1.12,-3.26,-11.58,10.74
617.21,0,,71.05,10.73,0,1,71.09,-1.09,-3.20,-11.49,10.71
617.30,0,,71.04,10.72,0,1,71.06,-1.12,-3.21,-11.53,10.69
617.45,0,,71.06,10.69,0,1,71.15,-1.23,-3.22,-11.65,10.59
617.54,0,,71.08,10.63,1,0,70.93,-1.24,-3.21,-11.65,10.57
617.60,0,,71.07,10.61,1,0,71.24,-1.10,-3.27,-11.57,10.77
617.72,0,,71.08,10.66,1,0,70.92,-1.08,-3.27,-11.55,10.79
617.81,0,,71.07,10.71,0,1,71.15,-1.22,-3.20,-11.62,10.58
617.90,0,,71.02,10.68,0,1,70.68,-1.26,-3.21,-11.67,10.55
618.02,0,,70.95,10.62,1,0,71.14,-1.19,-3.22,-11.61,10.63
618.17,0,,70.93,10.60,2,-1,70.82,-1.14,-3.20,-11.54,10.66
618.20,0,,70.90,10.62,2,-1,70.76,-1.16,-3.20,-11.56,10.64
618.32,0,,70.83,10.62,2,-1,70.80,-1.23,-3.19,-11.62,10.56
618.41,0,,70.86,10.60,2,-1,71.33,-1.24,-3.20,-11.64,10.56
618.50,0,,70.99,10.58,1,0,70.91,-1.15,-3.22,-11.57,10.67
618.65,0,,71.01,10.61,1,0,70.70,-1.10,-3.20,-11.50,10.70
618.77,0,,70.89,10.65,1,0,70.75,-1.19,-3.22,-11.61,10.63
618.80,0,,70.78,10.64,1,0,70.76,-1.28,-3.20,-11.68,10.52
618.92,0,,70.76,10.59,2,-1,70.92,-1.24,-3.18,-11.62,10.54
619.01,0,,70.81,10.56,2,-1,70.83,-1.11,-3.18,-11.49,10.67
619.10,0,,70.86,10.59,2,-1,70.97,-1.11,-3.18,-11.49,10.67
619.22,0,,70.93,10.63,1,0,71.10,-1.19,-3.23,-11.62,10.64
619.31,0,,71.04,10.65,1,0,71.21,-1.19,-3.20,-11.59,10.61
619.40,0,,71.16,10.63,0,1,71.33,-1.14,-3.16,-11.50,10.62
619.52,0,,71.21,10.63,0,1,70.91,-1.07,-3.19,-11.46,10.72
619.67,0,,71.11,10.65,0,2,70.85,-1.11,-3.18,-11.49,10.67
619.70,0,,70.95,10.66,0,2,70.81,-1.19,-3.18,-11.57,10.59
619.82,0,,70.87,10.65,1,0,71.03,-1.11,-3.21,-11.52,10.70
619.91,0,,70.86,10.66,1,0,70.71,-1.04,-3.18,-11.42,10.74
620.00,0,,70.83,10.69,1,0,70.76,-1.04,-3.16,-11.40,10.72
620.15,0,,70.79,10.72,1,0,70.85,-1.07,-3.22,-11.49,10.75
620.24,0,,70.80,10.73,4,-2,70.82,-1.11,-3.20,-11.51,10.69
620.30,0,,70.82,10.72,4,-2,70.86,-1.05,-3.16,-11.41,10.71
620.42,0,,70.82,10.71,4,-2,70.68,-0.99,-3.12,-11.31,10.73
620.51,0,,70.85,10.70,2,-1,71.32,-1.04,-3.10,-11.34,10.66
620.60,0,,70.98,10.69,1,0,71.03,-1.09,-3.14,-11.43,10.65
620.72,0,,71.07,10.67,1,0,70.93,-1.08,-3.15,-11.43,10.67
620.81,0,,70.99,10.67,1,0,70.62,-1.01,-3.15,-11.36,10.74
620.90,0,,70.88,10.71,1,0,71.12,-0.91,-3.16,-11.27,10.85
621.02,0,,70.86,10.77,1,0,70.71,-0.96,-3.14,-11.30,10.78
621.17,0,,70.83,10.79,1,0,70.74,-1.02,-3.16,-11.38,10.74
621.23,0,,70.84,10.79,1,0,71.30,-0.91,-3.19,-11.30,10.88
621.32,0,,70.98,10.81,1,0,71.05,-0.87,-3.13,-11.20,10.86
621.44,0,,71.10,10.83,1,0,71.19,-0.92,-3.10,-11.22,10.78
621.50,0,,71.10,10.81,1,0,70.72,-0.95,-3.11,-11.26,10.76
621.65,0,,70.97,10.78,0,1,70.81,-0.98,-3.12,-11.30,10.74
621.71,0,,70.90,10.76,1,0,71.24,-0.93,-3.15,-11.28,10.82
621.80,0,,70.98,10.79,1,0,71.11,-0.81,-3.15,-11.16,10.94
621.95,0,,71.09,10.84,1,0,71.12,-0.87,-3.12,-11.19,10.85
622.04,0,,71.14,10.85,0,1,71.18,-0.97,-3.11,-11.28,10.74
622.16,0,,71.15,10.82,0,1,71.06,-0.90,-3.16,-11.26,10.86
622.22,0,,71.07,10.83,0,1,70.66,-0.83,-3.16,-11.19,10.93
622.31,0,,70.94,10.87,0,1,71.12,-0.81,-3.12,-11.13,10.91
622.40,0,,70.92,10.90,1,0,70.99,-0.84,-3.15,-11.19,10.91
622.52,0,,71.01,10.90,0,1,71.29,-0.92,-3.16,-11.28,10.84
622.64,0,,71.12,10.88,0,1,71.12,-0.85,-3.12,-11.17,10.87
622.72,0,,71.17,10.89,0,1,71.10,-0.65,-3.11,-10.96,11.06
622.82,0,,71.13,10.95,0,1,70.95,-0.68,-3.10,-10.98,11.02
622.91,0,,71.06,10.99,0,1,71.05,-0.80,-3.09,-11.09,10.89
623.00,0,,71.01,10.97,0,1,70.96,-0.79,-3.11,-11.10,10.92
623.15,0,,71.03,10.94,0,1,71.34,-0.70,-3.15,-11.05,11.05
623.21,0,,71.12,10.98,0,1,71.13,-0.64,-3.14,-10.98,11.10
623.30,0,,71.15,11.04,0,1,70.93,-0.73,-3.12,-11.05,10.99
623.42,0,,71.04,11.02,0,1,70.69,-0.87,-3.10,-11.17,10.83
623.51,0,,70.91,10.94,1,0,71.12,-0.84,-3.11,-11.15,10.87
623.60,0,,70.90,10.90,1,0,70.90,-0.66,-3.16,-11.02,11.10
623.72,0,,70.96,10.97,1,0,71.11,-0.60,-3.09,-10.89,11.09
623.81,0,,70.96,11.04,1,0,70.59,-0.70,-3.06,-10.96,10.96
623.96,0,,70.87,11.04,2,-1,70.84,-0.74,-3.13,-11.07,10.99
624.02,0,,70.77,11.00,2,-1,70.63,-0.77,-3.14,-11.11,10.97
624.14,0,,70.77,10.98,4,-2,71.21,-0.70,-3.12,-11.02,11.02
624.20,0,,70.91,10.98,2,-1,71.09,-0.71,-3.10,-11.01,10.99
624.32,0,,71.06,10.97,2,-1,71.11,-0.82,-3.09,-11.11,10.87
624.41,0,,71.13,10.95,1,0,71.19,-0.70,-3.13,-11.03,11.03
624.50,0,,71.14,10.98,0,1,70.90,-0.62,-3.13,-10.95,11.11
624.65,0,,71.09,11.04,0,1,71.21,-0.63,-3.10,-10.93,11.07
624.71,0,,71.04,11.07,0,1,70.74,-0.68,-3.11,-10.99,11.03
624.80,0,,70.94,11.06,0,1,70.85,-0.71,-3.13,-11.04,11.02
624.92,0,,70.90,11.04,0,1,71.18,-0.68,-3.11,-10.99,11.03
625.01,0,,70.92,11.03,1,0,70.66,-0.61,-3.06,-10.87,11.05
625.10,0,,70.88,11.04,1,0,70.84,-0.57,-3.03,-10.80,11.06
625.19,0,,70.85,11.05,1,0,70.98,-0.65,-3.08,-10.93,11.03
625.31,0,,70.82,11.05,1,0,70.48,-0.69,-3.12,-11.01,11.03
625.40,0,,70.76,11.04,4,-2,70.94,-0.68,-3.08,-10.96,11.00
625.49,0,,70.80,11.03,2,-1,71.08,-0.59,-3.05,-10.84,11.06
625.64,0,,70.91,11.05,2,-1,70.87,-0.55,-3.08,-10.83,11.13
625.70,0,,70.97,11.08,1,0,71.09,-0.69,-3.12,-11.01,11.03
625.79,0,,71.00,11.08,2,-1,70.92,-0.70,-3.17,-11.07,11.07
625.91,0,,70.99,11.08,1,0,70.96,-0.61,-3.14,-10.95,11.13
626.03,0,,70.96,11.09,1,0,70.92,-0.60,-3.08,-10.88,11.08
626.09,0,,70.92,11.09,0,1,70.74,-0.65,-3.08,-10.93,11.03
626.21,0,,70.84,11.07,0,1,70.77,-0.68,-3.13,-11.01,11.05
626.30,0,,70.79,11.05,1,0,70.87,-0.70,-3.16,-11.06,11.06
626.39,0,,70.84,11.05,1,0,71.17,-0.63,-3.11,-10.94,11.08
626.51,0,,70.97,11.07,2,-1,71.02,-0.56,-3.09,-10.85,11.13
626.60,0,,71.11,11.10,1,0,71.48,-0.65,-3.13,-10.98,11.08
626.69,0,,71.26,11.10,1,0,71.32,-0.71,-3.15,-11.06,11.04
626.81,0,,71.35,11.08,1,0,71.29,-0.66,-3.15,-11.01,11.09
626.90,0,,71.33,11.09,0,2,71.16,-0.53,-3.13,-10.86,11.20
626.99,0,,71.20,11.13,0,2,70.79,-0.58,-3.10,-10.88,11.12
627.14,0,,71.05,11.13,0,1,71.18,-0.72,-3.10,-11.02,10.98
627.23,0,,70.99,11.07,0,1,70.87,-0.73,-3.16,-11.09,11.03
627.29,0,,70.98,11.02,0,1,71.05,-0.70,-3.11,-11.01,11.01
627.41,0,,71.04,11.01,0,1,71.43,-0.61,-3.10,-10.91,11.09
627.50,0,,71.13,11.05,0,1,70.80,-0.63,-3.19,-11.02,11.16
627.68,0,,71.10,11.08,0,1,71.06,-0.77,-3.13,-11.10,10.96
627.74,0,,70.98,11.05,2,-1,70.59,-0.76,-3.13,-11.09,10.97
627.80,0,,70.86,11.02,2,-1,71.00,-0.67,-3.18,-11.05,11.11
627.89,0,,70.86,11.03,2,-1,71.08,-0.65,-3.09,-10.94,11.04
628.01,0,,70.97,11.04,2,-1,71.16,-0.71,-3.12,-11.03,11.01
628.10,0,,71.04,11.04,1,0,70.73,-0.75,-3.20,-11.15,11.05
628.19,0,,70.98,11.03,2,-1,70.94,-0.75,-3.13,-11.08,10.98
628.31,0,,70.94,11.02,1,0,71.14,-0.68,-3.12,-11.00,11.04
628.40,0,,71.00,11.03,1,0,71.08,-0.62,-3.17,-10.99,11.15
628.52,0,,71.05,11.07,1,0,70.92,-0.72,-3.13,-11.05,11.01
628.64,0,,71.01,11.06,0,1,70.86,-0.80,-3.12,-11.12,10.92
628.70,0,,70.99,11.00,0,1,71.33,-0.74,-3.15,-11.09,11.01
628.79,0,,71.06,10.99,0,1,71.05,-0.64,-3.10,-10.94,11.06
628.91,0,,71.05,11.01,1,0,70.62,-0.70,-3.09,-10.99,10.99
629.03,0,,70.89,11.01,1,0,70.72,-0.81,-3.15,-11.16,10.94
629.09,0,,70.76,10.98,1,0,70.82,-0.79,-3.14,-11.13,10.95
629.24,0,,70.73,10.96,2,-1,70.73,-0.70,-3.14,-11.04,11.04
629.30,0,,70.76,10.99,2,-1,70.96,-0.62,-3.12,-10.94,11.10
629.39,0,,70.81,11.03,2,-1,70.71,-0.70,-3.09,-10.99,10.99
629.51,0,,70.80,11.03,2,-1,70.71,-0.79,-3.14,-11.13,10.95
629.66,0,,70.82,11.00,2,-1,71.22,-0.76,-3.18,-11.14,11.02
629.69,0,,70.98,10.99,2,-1,71.33,-0.69,-3.11,-11.00,11.02
629.81,0,,71.14,11.01,1,0,70.90,-0.63,-3.09,-10.92,11.06
629.93,0,,71.11,11.03,1,0,70.93,-0.72,-3.12,-11.04,11.00
630.02,0,,71.01,11.01,0,2,70.98,-0.84,-3.10,-11.14,10.86
630.14,0,,71.00,10.96,0,2,71.26,-0.75,-3.16,-11.11,11.01
630.20,0,,71.05,10.96,0,1,70.95,-0.66,-3.17,-11.03,11.11
630.29,0,,71.08,11.00,0,1,71.11,-0.73,-3.04,-10.97,10.91
630.44,0,,71.03,10.98,0,1,70.70,-0.83,-3.09,-11.12,10.86
630.50,0,,70.88,10.93,1,0,70.56,-0.81,-3.16,-11.17,10.95
630.59,0,,70.73,10.91,1,0,70.87,-0.71,-3.04,-10.95,10.93
630.71,0,,70.72,10.93,1,0,70.84,-0.59,-3.01,-10.80,11.02
630.80,0,,70.80,10.98,4,-2,70.97,-0.59,-3.05,-10.84,11.06
630.89,0,,70.90,11.01,2,-1,71.01,-0.71,-3.04,-10.95,10.93
631.04,0,,70.89,11.00,2,-1,70.30,-0.72,-3.10,-11.02,10.98
631.10,0,,70.74,10.99,2,-1,70.89,-0.66,-3.09,-10.95,11.03
631.19,0,,70.70,10.99,2,-1,70.83,-0.66,-2.99,-10.85,10.93
631.31,0,,70.77,10.97,2,-1,70.91,-0.69,-3.05,-10.94,10.96
631.40,0,,70.80,10.96,2,-1,70.49,-0.76,-3.10,-11.06,10.94
631.49,0,,70.76,10.93,2,-1,70.92,-0.80,-3.04,-11.04,10.84
631.64,0,,70.76,10.90,1,0,70.81,-0.69,-3.03,-10.92,10.94
631.70,0,,70.78,10.91,1,0,70.62,-0.67,-3.06,-10.93,10.99
631.82,0,,70.75,10.93,1,0,70.80,-0.77,-3.02,-10.99,10.85
631.91,0,,70.77,10.92,2,-1,70.99,-0.70,-3.02,-10.92,10.92
632.00,0,,70.92,10.92,0,1,71.41,-0.63,-3.05,-10.88,11.02
632.09,0,,71.13,10.95,0,1,71.18,-0.67,-2.99,-10.86,10.92
632.21,0,,71.25,10.96,0,2,71.19,-0.67,-3.03,-10.90,10.96
632.33,0,,71.23,10.96,0,2,71.08,-0.71,-3.11,-11.02,11.00
632.39,0,,71.10,10.96,0,2,70.56,-0.75,-3.01,-10.96,10.86
632.51,0,,70.91,10.93,0,2,71.03,-0.63,-2.98,-10.81,10.95
632.60,0,,70.84,10.94,0,1,70.90,-0.60,-3.05,-10.85,11.05
632.69,0,,70.90,10.96,0,1,71.10,-0.73,-3.00,-10.93,10.87
632.81,0,,70.97,10.94,0,1,70.92,-0.76,-3.03,-10.99,10.87
632.90,0,,71.01,10.92,1,0,71.10,-0.68,-3.10,-10.98,11.02
632.99,0,,71.02,10.94,2,-1,70.91,-0.64,-3.02,-10.86,10.98
633.17,0,,70.99,10.96,2,-1,70.87,-0.73,-2.98,-10.91,10.85
633.20,0,,70.93,10.93,2,-1,70.90,-0.79,-3.08,-11.07,10.89
633.29,0,,70.94,10.89,1,0,71.24,-0.78,-3.09,-11.07,10.91
633.41,0,,71.01,10.89,0,1,70.87,-0.75,-3.06,-11.01,10.91
633.53,0,,71.05,10.90,0,1,71.20,-0.72,-3.07,-10.99,10.95
633.59,0,,71.06,10.90,0,1,70.94,-0.83,-3.02,-11.05,10.79
633.71,0,,71.03,10.86,0,1,70.89,-0.91,-3.08,-11.19,10.77
633.80,0,,70.96,10.81,0,1,70.90,-0.84,-3.11,-11.15,10.87
633.89,0,,70.89,10.81,0,1,70.80,-0.78,-3.00,-10.98,10.82
634.01,0,,70.86,10.81,0,1,71.00,-0.83,-3.02,-11.05,10.79
634.10,0,,70.90,10.81,2,-1,70.94,-0.89,-3.10,-11.19,10.81
634.19,0,,70.95,10.80,1,0,71.06,-0.86,-3.06,-11.12,10.80
634.34,0,,70.98,10.80,1,0,70.81,-0.80,-3.03,-11.03,10.83
634.40,0,,70.92,10.82,1,0,70.74,-0.78,-3.05,-11.03,10.87
634.52,0,,70.78,10.82,1,0,70.47,-0.92,-3.02,-11.14,10.70
634.64,0,,70.72,10.78,2,-1,71.29,-0.98,-3.07,-11.25,10.69
634.70,0,,70.89,10.74,1,0,71.24,-0.87,-3.13,-11.20,10.86
634.79,0,,71.04,10.76,1,0,70.60,-0.86,-3.06,-11.12,10.80
634.91,0,,70.97,10.78,1,0,70.87,-0.94,-3.05,-11.19,10.71
635.06,0,,70.88,10.76,1,0,71.00,-0.98,-3.10,-11.28,10.72
635.09,0,,70.87,10.72,1,0,70.74,-1.01,-3.06,-11.27,10.65
635.21,0,,70.88,10.68,1,0,71.08,-0.99,-3.08,-11.27,10.69
635.30,0,,70.91,10.69,1,0,70.89,-0.86,-3.09,-11.15,10.83
635.39,0,,70.97,10.73,1,0,71.17,-0.90,-3.03,-11.13,10.73
635.51,0,,71.02,10.75,1,0,70.93,-1.03,-3.13,-11.36,10.70
635.66,0,,71.05,10.74,1,0,71.19,-0.99,-3.19,-11.38,10.80
635.69,0,,71.04,10.74,1,0,70.73,-0.96,-3.09,-11.25,10.73
635.81,0,,70.94,10.74,1,0,70.76,-0.93,-3.05,-11.18,10.72
635.90,0,,70.84,10.73,1,0,70.99,-0.96,-3.11,-11.27,10.75
635.99,0,,70.86,10.72,1,0,70.96,-1.06,-3.09,-11.35,10.63
636.14,0,,70.92,10.68,1,0,70.97,-1.04,-3.08,-11.32,10.64
636.20,0,,70.99,10.67,1,0,71.17,-0.87,-3.08,-11.15,10.81
636.32,0,,71.01,10.71,1,0,70.66,-0.91,-3.05,-11.16,10.74
636.41,0,,70.96,10.73,1,0,71.12,-1.07,-3.11,-11.38,10.64
636.53,0,,70.99,10.70,1,0,71.31,-1.08,-3.15,-11.43,10.67
636.59,0,,71.12,10.67,1,0,71.15,-1.01,-3.06,-11.27,10.65
636.71,0,,71.13,10.66,0,1,70.69,-0.93,-3.07,-11.20,10.74
636.80,0,,71.02,10.69,1,0,71.08,-0.95,-3.11,-11.26,10.76
636.89,0,,70.94,10.71,1,0,70.89,-1.05,-3.07,-11.32,10.62
637.01,0,,70.97,10.69,1,0,71.30,-1.04,-3.09,-11.33,10.65
637.16,0,,71.03,10.68,1,0,70.80,-0.93,-3.14,-11.27,10.81
637.22,0,,71.06,10.72,1,0,71.32,-0.87,-3.07,-11.14,10.80
637.31,0,,71.10,10.76,0,1,71.07,-0.95,-3.08,-11.23,10.73
637.40,0,,71.13,10.76,0,1,71.09,-1.01,-3.14,-11.35,10.73
637.49,0,,71.09,10.74,1,0,70.87,-0.97,-3.10,-11.27,10.73
637.64,0,,71.00,10.74,1,0,70.93,-0.88,-3.09,-11.17,10.81
637.70,0,,70.99,10.76,1,0,71.38,-0.88,-3.06,-11.14,10.78
637.82,0,,71.03,10.76,1,0,70.56,-0.96,-3.02,-11.18,10.66
637.94,0,,70.98,10.74,1,0,71.20,-0.95,-3.10,-11.25,10.75
638.00,0,,71.00,10.74,1,0,71.22,-0.85,-3.15,-11.20,10.90
638.09,0,,71.06,10.80,1,0,70.77,-0.74,-3.06,-11.00,10.92
638.21,0,,71.04,10.86,1,0,71.24,-0.81,-3.05,-11.06,10.84
638.30,0,,71.06,10.87,1,0,71.07,-0.89,-3.12,-11.21,10.83
638.39,0,,71.10,10.85,1,0,71.14,-0.88,-3.10,-11.18,10.82
638.51,0,,71.04,10.83,1,0,70.52,-0.83,-3.07,-11.10,10.84
638.66,0,,70.89,10.83,1,0,70.95,-0.76,-3.06,-11.02,10.90
638.69,0,,70.78,10.85,1,0,70.57,-0.82,-3.03,-11.05,10.81
638.81,0,,70.76,10.86,2,-1,71.14,-0.82,-3.11,-11.13,10.89
638.93,0,,70.86,10.88,2,-1,71.00,-0.75,-3.14,-11.09,10.99
638.99,0,,71.02,10.92,1,0,71.32,-0.75,-3.06,-11.01,10.91
639.14,0,,71.14,10.94,1,0,70.97,-0.70,-3.10,-11.00,11.00
639.20,0,,71.14,10.97,1,0,71.06,-0.72,-3.14,-11.06,11.02
639.29,0,,71.08,10.99,1,0,71.04,-0.78,-3.10,-11.08,10.92
639.41,0,,71.03,10.98,1,0,70.93,-0.71,-3.11,-11.02,11.00
639.50,0,,70.98,10.99,1,0,70.90,-0.62,-3.13,-10.95,11.11
639.59,0,,70.95,11.02,1,0,71.11,-0.67,-3.04,-10.91,10.97
639.71,0,,71.00,11.02,1,0,71.08,-0.71,-3.07,-10.98,10.96
639.80,0,,71.08,11.00,1,0,71.21,-0.69,-3.14,-11.03,11.05
639.89,0,,71.18,11.00,1,0,71.42,-0.70,-3.07,-10.97,10.97
640.04,0,,71.28,11.00,1,0,71.19,-0.58,-3.05,-10.83,11.07
640.16,0,,71.31,11.03,0,1,71.38,-0.56,-3.09,-10.85,11.13
640.19,0,,71.35,11.05,0,2,71.52,-0.73,-3.03,-10.96,10.90
640.31,0,,71.36,11.01,0,1,71.00,-0.73,-3.07,-11.00,10.94
640.40,0,,71.22,10.98,0,1,70.86,-0.65,-3.13,-10.98,11.08
640.49,0,,71.04,10.99,0,1,71.03,-0.59,-3.00,-10.79,11.01
640.64,0,,70.92,11.01,0,1,70.76,-0.61,-3.00,-10.81,10.99
640.70,0,,70.84,11.02,2,-1,70.76,-0.66,-3.13,-10.99,11.07
640.79,0,,70.81,11.03,4,-2,71.01,-0.72,-3.09,-11.01,10.97
640.91,0,,70.93,11.03,4,-2,71.47,-0.66,-3.11,-10.97,11.05
641.00,0,,71.12,11.06,4,-2,70.94,-0.50,-3.15,-10.85,11.25
641.09,0,,71.17,11.11,2,-1,71.17,-0.62,-3.04,-10.86,11.02
641.21,0,,71.10,11.10,2,-1,70.75,-0.71,-3.08,-10.99,10.97
641.30,0,,70.95,11.06,1,0,70.72,-0.63,-3.13,-10.96,11.10
641.39,0,,70.81,11.05,1,0,70.86,-0.56,-3.03,-10.79,11.07
641.51,0,,70.84,11.08,1,0,71.35,-0.47,-3.08,-10.75,11.21
641.66,0,,71.06,11.13,1,0,71.38,-0.59,-3.13,-10.92,11.14
641.69,0,,71.23,11.13,0,1,70.96,-0.74,-3.04,-10.98,10.90
641.81,0,,71.17,11.06,0,1,70.83,-0.63,-3.08,-10.91,11.05
641.90,0,,71.01,11.03,1,0,70.97,-0.52,-3.09,-10.81,11.17
642.05,0,,70.98,11.07,1,0,71.39,-0.54,-2.99,-10.73,11.05
642.14,0,,71.08,11.09,0,1,70.94,-0.56,-3.05,-10.81,11.09
642.20,0,,71.08,11.09,0,1,70.85,-0.66,-3.10,-10.96,11.04
642.29,0,,70.99,11.06,1,0,70.98,-0.68,-3.03,-10.91,10.95
642.41,0,,70.94,11.03,0,1,70.97,-0.52,-3.03,-10.75,11.11
642.50,0,,70.93,11.05,1,0,70.85,-0.48,-3.04,-10.72,11.16
642.59,0,,70.90,11.09,2,-1,70.82,-0.60,-3.01,-10.81,11.01
642.72,0,,70.87,11.08,2,-1,70.96,-0.62,-3.04,-10.86,11.02
642.80,0,,70.92,11.07,2,-1,71.16,-0.52,-3.08,-10.80,11.16
642.89,0,,71.02,11.10,2,-1,71.06,-0.42,-3.00,-10.62,11.18
643.01,0,,71.10,11.15,1,0,71.19,-0.44,-3.00,-10.64,11.16
643.16,0,,71.13,11.16,1,0,71.07,-0.55,-3.05,-10.80,11.10
643.19,0,,71.11,11.13,1,0,70.93,-0.62,-3.01,-10.83,10.99
643.31,0,,71.00,11.08,1,0,70.76,-0.54,-3.04,-10.78,11.10
643.40,0,,70.92,11.09,1,0,71.15,-0.39,-3.04,-10.63,11.25
643.49,0,,70.93,11.14,0,1,70.85,-0.48,-2.98,-10.66,11.10
643.64,0,,70.97,11.15,1,0,71.12,-0.63,-3.07,-10.90,11.04
643.70,0,,71.04,11.11,1,0,71.27,-0.62,-3.11,-10.93,11.09
643.79,0,,71.11,11.08,1,0,70.89,-0.57,-3.03,-10.80,11.06
643.91,0,,71.09,11.08,1,0,71.06,-0.52,-3.06,-10.78,11.14
644.03,0,,71.02,11.09,1,0,70.88,-0.62,-3.07,-10.89,11.05
644.09,0,,71.02,11.07,1,0,71.37,-0.68,-2.99,-10.87,10.91
644.30,0,,71.06,11.01,1,0,70.77,-0.62,-3.01,-10.83,10.99
644.30,0,,71.08,10.98,1,0,71.37,-0.66,-3.10,-10.96,11.04
644.39,0,,71.16,11.00,1,0,71.41,-0.68,-3.10,-10.98,11.02
644.54,0,,71.30,11.01,0,1,71.33,-0.71,-3.09,-11.00,10.98
644.72,0,,71.32,10.99,0,1,70.99,-0.83,-3.12,-11.15,10.89
644.72,0,,71.15,10.92,0,1,70.66,-1.00,-3.10,-11.30,10.70
644.81,0,,70.92,10.82,1,0,70.85,-0.95,-3.13,-11.28,10.78
644.90,0,,70.80,10.78,1,0,70.95,-0.73,-3.11,-11.04,10.98
644.99,0,,70.85,10.84,1,0,71.08,-0.73,-3.03,-10.96,10.90
645.17,0,,70.94,10.90,2,-1,70.87,-0.87,-3.16,-11.23,10.89
645.23,0,,70.98,10.91,4,-2,71.07,-0.90,-3.24,-11.34,10.94
645.29,0,,71.06,10.93,4,-2,71.44,-0.81,-3.22,-11.23,11.01
645.41,0,,71.19,10.97,2,-1,71.12,-0.76,-3.23,-11.19,11.07
645.50,0,,71.28,11.01,1,0,71.50,-0.81,-3.18,-11.19,10.97
645.59,0,,71.29,11.00,0,1,70.90,-0.89,-3.17,-11.26,10.88
645.71,0,,71.18,10.95,0,1,70.95,-0.89,-3.18,-11.27,10.89
645.80,0,,71.00,10.92,0,1,70.79,-0.73,-3.15,-11.08,11.02
645.89,0,,70.87,10.94,1,0,70.86,-0.71,-3.13,-11.04,11.02
646.01,0,,70.84,10.98,1,0,71.01,-0.77,-3.14,-11.11,10.97
646.16,0,,70.89,11.00,1,0,70.91,-0.78,-3.19,-11.17,11.01
646.19,0,,70.96,10.99,2,-1,71.16,-0.79,-3.14,-11.13,10.95
646.31,0,,71.07,10.99,2,-1,71.28,-0.64,-3.11,-10.95,11.07
646.40,0,,71.11,11.03,2,-1,70.64,-0.59,-3.16,-10.95,11.17
646.49,0,,70.98,11.07,1,0,70.78,-0.78,-3.09,-11.07,10.91
646.64,0,,70.86,11.03,1,0,71.11,-0.75,-3.09,-11.04,10.94
646.70,0,,70.96,10.99,1,0,71.47,-0.61,-3.15,-10.96,11.14
646.79,0,,71.15,11.03,1,0,70.97,-0.62,-3.09,-10.91,11.07
646.91,0,,71.11,11.06,1,0,70.49,-0.70,-3.07,-10.97,10.97
647.00,0,,70.85,11.03,2,-1,70.61,-0.78,-3.10,-11.08,10.92
647.09,0,,70.71,10.96,1,0,71.11,-0.79,-3.06,-11.05,10.87
647.21,0,,70.80,10.91,1,0,70.99,-0.70,-3.03,-10.93,10.93
647.30,0,,70.91,10.91,1,0,70.80,-0.64,-3.09,-10.93,11.05
647.39,0,,70.93,10.96,1,0,70.96,-0.74,-3.08,-11.02,10.94
647.51,0,,70.96,10.96,1,0,71.21,-0.81,-3.08,-11.09,10.87
647.69,0,,71.06,10.94,1,0,71.20,-0.72,-3.13,-11.05,11.01
647.69,0,,71.16,10.95,1,0,71.14,-0.62,-3.04,-10.86,11.02
647.81,0,,71.19,11.00,1,0,71.20,-0.61,-3.06,-10.87,11.05
647.90,0,,71.11,11.02,0,1,70.53,-0.73,-3.11,-11.04,10.98
647.99,0,,70.92,10.99,1,0,70.91,-0.81,-3.02,-11.03,10.81
648.14,0,,70.81,10.92,1,0,70.89,-0.74,-3.03,-10.97,10.89
648.20,0,,70.84,10.88,1,0,71.05,-0.64,-3.03,-10.87,10.99
648.29,0,,70.92,10.91,1,0,70.91,-0.65,-2.97,-10.82,10.92
648.41,0,,70.96,10.94,1,0,70.99,-0.70,-3.04,-10.94,10.94
648.50,0,,70.98,10.95,1,0,70.99,-0.70,-3.08,-10.98,10.98
648.59,0,,71.03,10.96,1,0,71.33,-0.65,-2.99,-10.84,10.94
648.71,0,,71.14,10.97,1,0,71.20,-0.58,-2.99,-10.77,11.01
648.80,0,,71.22,10.99,1,0,71.18,-0.66,-3.06,-10.92,11.00
648.89,0,,71.23,10.98,1,0,71.21,-0.82,-3.04,-11.06,10.82
649.01,0,,71.17,10.92,0,1,70.86,-0.80,-3.05,-11.05,10.85
649.16,0,,71.09,10.88,0,1,71.28,-0.66,-3.06,-10.92,11.00
649.19,0,,71.11,10.91,0,1,71.26,-0.59,-2.97,-10.76,10.98
649.31,0,,71.16,10.96,0,1,70.99,-0.62,-3.00,-10.82,10.98
649.40,0,,71.16,11.00,0,1,71.31,-0.63,-3.08,-10.91,11.05
649.49,0,,71.15,11.03,0,1,70.95,-0.61,-3.02,-10.83,11.01
649.67,0,,71.11,11.04,0,1,71.09,-0.45,-2.95,-10.60,11.10
649.70,0,,71.08,11.08,0,1,71.21,-0.35,-2.94,-10.49,11.19
649.79,0,,71.10,11.12,2,-1,70.99,-0.46,-2.91,-10.57,11.05
649.91,0,,71.04,11.11,2,-1,70.75,-0.52,-2.95,-10.67,11.03
650.00,0,,70.97,11.08,2,-1,71.25,-0.50,-3.04,-10.74,11.14
650.09,0,,70.98,11.09,2,-1,70.85,-0.47,-3.00,-10.67,11.13
650.21,0,,70.98,11.10,2,-1,70.96,-0.58,-3.01,-10.79,11.03
650.30,0,,70.99,11.08,2,-1,71.22,-0.76,-3.18,-11.14,11.02
650.39,0,,71.06,11.04,1,0,71.10,-0.81,-3.20,-11.21,10.99
650.51,0,,71.14,10.99,1,0,71.25,-0.78,-3.12,-11.10,10.94
650.66,0,,71.18,10.97,1,0,71.14,-0.66,-3.12,-10.98,11.06
650.75,0,,71.19,10.99,1,0,71.16,-0.70,-3.13,-11.03,11.03
650.81,0,,71.14,11.00,1,0,70.93,-0.87,-3.17,-11.24,10.90
650.90,0,,71.08,10.98,1,0,71.17,-0.83,-3.22,-11.25,10.99
650.99,0,,71.06,10.96,1,0,71.04,-0.76,-3.15,-11.11,10.99
651.14,0,,71.07,10.97,1,0,71.11,-0.72,-3.08,-11.00,10.96
651.20,0,,71.07,10.97,1,0,70.95,-0.71,-3.11,-11.02,11.00
651.32,0,,71.06,10.98,1,0,71.19,-0.78,-3.16,-11.14,10.98
651.41,0,,71.10,10.98,1,0,71.25,-0.76,-3.15,-11.11,10.99
651.50,0,,71.15,11.00,1,0,70.97,-0.59,-3.12,-10.91,11.13
651.65,0,,71.12,11.07,1,0,71.08,-0.51,-3.11,-10.82,11.20
651.71,0,,71.10,11.13,1,0,71.28,-0.62,-3.10,-10.92,11.08
651.80,0,,71.16,11.12,1,0,71.20,-0.69,-3.06,-10.95,10.97
651.89,0,,71.19,11.07,1,0,71.06,-0.64,-3.09,-10.93,11.05
652.01,0,,71.17,11.05,1,0,71.24,-0.52,-3.10,-10.82,11.18
652.16,0,,71.24,11.10,0,1,71.68,-0.48,-3.07,-10.75,11.19
652.19,0,,71.33,11.16,0,1,70.90,-0.52,-3.11,-10.83,11.19
652.31,0,,71.26,11.20,1,0,71.16,-0.54,-3.13,-10.87,11.19
652.40,0,,71.17,11.20,0,1,71.29,-0.51,-3.07,-10.78,11.16
652.49,0,,71.17,11.20,0,1,71.11,-0.40,-3.03,-10.63,11.23
652.64,0,,71.15,11.20,0,1,71.04,-0.43,-3.02,-10.65,11.19
652.70,0,,71.09,11.20,0,1,70.96,-0.51,-3.04,-10.75,11.13
652.79,0,,71.09,11.19,1,0,71.56,-0.44,-3.06,-10.70,11.22
652.91,0,,71.20,11.21,1,0,71.11,-0.34,-3.07,-10.61,11.33
653.00,0,,71.27,11.26,1,0,71.34,-0.29,-3.01,-10.50,11.32
653.15,0,,71.29,11.31,1,0,71.31,-0.32,-3.02,-10.54,11.30
653.21,0,,71.31,11.32,1,0,71.32,-0.39,-3.09,-10.68,11.30
653.30,0,,71.26,11.30,1,0,70.87,-0.44,-3.04,-10.68,11.20
653.39,0,,71.20,11.27,1,0,71.65,-0.35,-3.00,-10.55,11.25
653.51,0,,71.29,11.26,1,0,71.43,-0.26,-3.01,-10.47,11.35
653.66,0,,71.39,11.28,0,1,71.27,-0.35,-3.03,-10.58,11.28
653.69,0,,71.33,11.29,0,1,70.88,-0.42,-3.05,-10.67,11.23
653.81,0,,71.16,11.27,0,1,71.12,-0.39,-3.03,-10.62,11.24
653.90,0,,71.03,11.26,0,1,70.87,-0.31,-3.03,-10.54,11.32
653.99,0,,70.98,11.28,1,0,71.11,-0.30,-3.02,-10.52,11.32
654.14,0,,70.90,11.29,4,-2,70.38,-0.40,-3.03,-10.63,11.23
654.20,0,,70.81,11.26,4,-2,71.20,-0.47,-3.01,-10.68,11.14
654.29,0,,70.82,11.21,4,-2,70.72,-0.40,-2.96,-10.56,11.16
654.41,0,,70.86,11.18,4,-2,70.94,-0.33,-2.98,-10.51,11.25
654.53,0,,70.99,11.20,4,-2,71.72,-0.38,-3.01,-10.59,11.23
654.59,0,,71.25,11.22,2,-1,71.30,-0.42,-3.02,-10.64,11.20
654.71,0,,71.45,11.22,2,-1,71.65,-0.44,-3.04,-10.68,11.20
654.80,0,,71.53,11.23,0,2,71.40,-0.35,-3.04,-10.59,11.29
654.89,0,,71.46,11.25,0,2,71.02,-0.30,-2.99,-10.49,11.29
655.01,0,,71.26,11.26,0,2,70.98,-0.45,-2.97,-10.62,11.12
655.22,0,,71.03,11.21,0,2,70.76,-0.53,-2.99,-10.72,11.06
655.22,0,,70.90,11.14,0,1,71.14,-0.47,-2.99,-10.66,11.12
655.31,0,,70.94,11.12,2,-1,71.15,-0.36,-3.01,-10.57,11.25
655.40,0,,71.08,11.17,4,-2,71.27,-0.35,-3.02,-10.57,11.27
655.49,0,,71.15,11.22,2,-1,70.89,-0.47,-3.00,-10.67,11.13
655.64,0,,71.11,11.20,1,0,71.10,-0.51,-2.99,-10.70,11.08
655.70,0,,71.06,11.15,4,-2,71.09,-0.44,-3.00,-10.64,11.16
655.79,0,,71.01,11.14,2,-1,70.66,-0.34,-2.95,-10.49,11.21
655.91,0,,70.92,11.17,2,-1,71.04,-0.37,-2.93,-10.50,11.16
656.00,0,,70.99,11.18,1,0,71.65,-0.45,-3.04,-10.69,11.19
656.09,0,,71.24,11.19,0,1,71.38,-0.44,-3.07,-10.71,11.23
656.24,0,,71.41,11.20,1,0,71.32,-0.39,-2.99,-10.58,11.20
656.30,0,,71.35,11.21,0,1,70.84,-0.36,-2.96,-10.52,11.20
656.45,0,,71.22,11.20,0,1,71.57,-0.43,-2.96,-10.59,11.13
656.51,0,,71.20,11.16,0,1,71.04,-0.54,-2.98,-10.72,11.04
656.69,0,,71.22,11.10,0,1,71.30,-0.54,-3.01,-10.75,11.07
656.69,0,,71.23,11.08,0,1,71.28,-0.41,-3.01,-10.62,11.20
656.81,0,,71.21,11.12,0,1,70.89,-0.40,-2.97,-10.57,11.17
656.90,0,,71.14,11.15,0,1,71.26,-0.49,-2.96,-10.65,11.07
656.99,0,,71.15,11.13,0,1,71.38,-0.50,-2.96,-10.66,11.06
657.14,0,,71.23,11.09,0,1,71.15,-0.52,-2.98,-10.70,11.06
657.20,0,,71.26,11.08,1,0,71.33,-0.46,-2.98,-10.64,11.12
657.29,0,,71.19,11.09,1,0,70.62,-0.45,-2.98,-10.63,11.13
657.41,0,,70.99,11.11,2,-1,70.79,-0.55,-3.02,-10.77,11.07
657.50,0,,70.79,11.10,2,-1,70.64,-0.57,-3.01,-10.78,11.04
657.59,0,,70.73,11.07,4,-2,71.09,-0.52,-2.95,-10.67,11.03
657.71,0,,70.87,11.06,4,-2,71.26,-0.41,-2.95,-10.56,11.14
657.80,0,,71.02,11.08,4,-2,70.76,-0.47,-2.97,-10.64,11.10
657.89,0,,71.05,11.09,1,0,71.23,-0.58,-2.95,-10.73,10.97
658.01,0,,71.02,11.06,1,0,70.72,-0.46,-2.96,-10.62,11.10
658.16,0,,71.03,11.07,1,0,71.52,-0.37,-2.92,-10.49,11.15
658.19,0,,71.12,11.10,1,0,71.03,-0.38,-2.87,-10.45,11.09
658.31,0,,71.17,11.11,0,2,71.06,-0.45,-2.93,-10.58,11.08
658.40,0,,71.11,11.10,0,2,70.99,-0.51,-2.97,-10.68,11.06
658.52,0,,71.09,11.08,0,1,71.37,-0.47,-2.94,-10.61,11.07
658.64,0,,71.10,11.08,0,1,70.74,-0.37,-2.90,-10.47,11.13
658.70,0,,71.02,11.11,1,0,70.93,-0.32,-2.92,-10.44,11.20
658.79,0,,70.94,11.15,1,0,70.99,-0.42,-2.95,-10.57,11.13
658.91,0,,70.97,11.15,2,-1,71.28,-0.48,-2.91,-10.59,11.03
659.00,0,,71.10,11.11,2,-1,71.24,-0.38,-2.91,-10.49,11.13
659.09,0,,71.17,11.12,2,-1,70.96,-0.28,-2.94,-10.42,11.26
659.21,0,,71.14,11.17,1,0,71.15,-0.35,-2.93,-10.48,11.18
659.30,0,,71.12,11.19,1,0,71.18,-0.44,-2.94,-10.58,11.10
659.42,0,,71.20,11.17,1,0,71.66,-0.38,-2.92,-10.50,11.14
659.51,0,,71.31,11.16,0,1,70.92,-0.26,-2.90,-10.36,11.24
659.66,0,,71.21,11.19,0,1,70.79,-0.23,-2.88,-10.31,11.25
659.69,0,,71.02,11.22,0,1,71.05,-0.33,-2.87,-10.40,11.14
659.84,0,,70.96,11.20,1,0,71.12,-0.39,-2.92,-10.51,11.13
659.90,0,,70.96,11.17,1,0,70.67,-0.40,-2.96,-10.56,11.16
659.99,0,,70.95,11.15,1,0,71.28,-0.36,-2.89,-10.45,11.13
660.14,0,,71.04,11.14,1,0,71.32,-0.34,-2.87,-10.41,11.13
660.20,0,,71.14,11.13,1,0,70.81,-0.40,-2.91,-10.51,11.11
660.29,0,,71.09,11.12,1,0,71.01,-0.38,-2.87,-10.45,11.09
660.41,0,,71.00,11.13,1,0,70.97,-0.21,-2.84,-10.25,11.23
660.50,0,,71.00,11.18,1,0,71.20,-0.04,-2.79,-10.03,11.35
660.59,0,,71.07,11.26,1,0,71.15,-0.09,-2.73,-10.02,11.24
660.71,0,,71.11,11.27,1,0,70.95,-0.27,-2.76,-10.23,11.09
660.80,0,,71.01,11.19,1,0,70.58,-0.40,-2.80,-10.40,11.00
660.89,0,,70.85,11.08,1,0,70.93,-0.42,-2.79,-10.41,10.97
661.01,0,,70.73,11.00,1,0,70.35,-0.34,-2.77,-10.31,11.03
661.16,0,,70.57,10.98,2,-1,70.33,-0.38,-2.74,-10.32,10.96
661.19,0,,70.49,10.97,4,-2,71.01,-0.37,-2.69,-10.26,10.92
661.31,0,,70.64,10.97,4,-2,70.92,-0.16,-2.64,-10.00,11.08
661.40,0,,70.83,11.02,4,-2,70.84,-0.10,-2.69,-9.99,11.19
661.49,0,,70.89,11.10,2,-1,70.84,-0.23,-2.74,-10.17,11.11
661.64,0,,70.92,11.13,2,-1,71.08,-0.41,-2.84,-10.45,11.03
661.70,0,,70.92,11.10,2,-1,70.68,-0.58,-3.00,-10.78,11.02
661.79,0,,70.92,11.06,2,-1,71.21,-0.50,-2.99,-10.69,11.09
661.91,0,,70.92,11.08,0,2,70.59,-0.25,-2.92,-10.37,11.27
662.00,0,,70.81,11.16,0,2,70.42,-0.23,-2.87,-10.30,11.24
662.09,0,,70.69,11.22,0,1,71.14,-0.29,-2.81,-10.30,11.12
662.21,0,,70.73,11.21,1,0,70.61,-0.28,-2.90,-10.38,11.22
662.30,0,,70.80,11.21,2,-1,71.04,-0.26,-2.92,-10.38,11.26
662.42,0,,70.90,11.22,2,-1,71.08,-0.30,-2.88,-10.38,11.18
662.51,0,,70.97,11.20,2,-1,70.78,-0.49,-2.97,-10.66,11.08
662.69,0,,70.90,11.13,2,-1,70.58,-0.63,-3.02,-10.85,10.99
662.72,0,,70.78,11.05,2,-1,70.88,-0.62,-2.99,-10.81,10.97
662.81,0,,70.78,11.01,2,-1,71.06,-0.48,-2.98,-10.66,11.10
662.90,0,,70.93,11.04,2,-1,71.23,-0.44,-3.01,-10.65,11.17
663.02,0,,71.07,11.10,0,1,70.96,-0.58,-3.06,-10.84,11.08
663.14,0,,71.08,11.11,0,1,70.97,-0.66,-3.08,-10.94,11.02
663.20,0,,71.01,11.08,0,1,70.82,-0.63,-3.05,-10.88,11.02
663.32,0,,70.92,11.05,0,1,70.87,-0.52,-3.03,-10.75,11.11
663.41,0,,70.93,11.07,1,0,71.35,-0.51,-3.08,-10.79,11.17
663.50,0,,70.99,11.12,1,0,70.58,-0.64,-3.13,-10.97,11.09
663.68,0,,70.90,11.12,0,1,70.63,-0.70,-3.12,-11.02,11.02
663.74,0,,70.76,11.08,0,1,70.85,-0.67,-3.11,-10.98,11.04
663.80,0,,70.75,11.06,1,0,70.94,-0.59,-3.11,-10.90,11.12
663.92,0,,70.83,11.06,4,-2,70.90,-0.67,-3.09,-10.96,11.02
664.01,0,,70.88,11.04,2,-1,70.78,-0.79,-3.09,-11.08,10.90
664.16,0,,70.91,10.98,2,-1,71.16,-0.80,-3.14,-11.14,10.94
664.22,0,,70.89,10.94,1,0,70.34,-0.72,-3.09,-11.01,10.97
664.31,0,,70.78,10.93,1,0,70.88,-0.73,-3.04,-10.97,10.91
664.40,0,,70.70,10.92,1,0,70.64,-0.81,-3.09,-11.10,10.88
664.52,0,,70.67,10.89,1,0,70.60,-0.87,-3.10,-11.17,10.83
664.64,0,,70.65,10.85,1,0,70.78,-0.90,-3.11,-11.21,10.81
664.70,0,,70.79,10.83,1,0,71.55,-0.79,-3.08,-11.07,10.89
664.91,0,,71.01,10.84,1,0,70.65,-0.75,-3.07,-11.02,10.92
664.91,0,,71.05,10.87,0,1,71.04,-0.88,-3.12,-11.20,10.84
665.00,0,,70.99,10.86,0,1,70.91,-0.94,-3.10,-11.24,10.76
665.15,0,,70.90,10.82,0,1,70.59,-0.92,-3.13,-11.25,10.81
665.21,0,,70.78,10.80,1,0,70.78,-0.90,-3.11,-11.21,10.81
665.30,0,,70.73,10.78,1,0,70.84,-0.95,-3.07,-11.22,10.72
665.45,0,,70.77,10.75,1,0,70.86,-1.08,-3.12,-11.40,10.64
665.51,0,,70.81,10.69,1,0,70.72,-1.08,-3.11,-11.39,10.63
665.66,0,,70.81,10.66,1,0,70.86,-0.96,-3.10,-11.26,10.74
665.72,0,,70.82,10.68,1,0,70.92,-0.92,-3.11,-11.23,10.79
665.84,0,,70.84,10.72,2,-1,70.71,-1.03,-3.10,-11.33,10.67
665.90,0,,70.83,10.72,2,-1,70.88,-1.10,-3.14,-11.44,10.64
666.02,0,,70.85,10.68,1,0,71.04,-1.06,-3.14,-11.40,10.68
666.14,0,,70.89,10.67,1,0,70.73,-1.01,-3.11,-11.32,10.70
666.20,0,,70.83,10.68,1,0,70.53,-1.00,-3.12,-11.32,10.72
666.32,0,,70.73,10.69,1,0,70.88,-1.09,-3.13,-11.42,10.64
666.41,0,,70.68,10.66,1,0,70.49,-1.16,-3.10,-11.46,10.54
666.50,0,,70.69,10.60,1,0,71.01,-1.12,-3.07,-11.39,10.55
666.68,0,,70.74,10.56,1,0,70.67,-1.05,-3.07,-11.32,10.62
666.71,0,,70.78,10.57,1,0,70.79,-1.11,-3.10,-11.41,10.59
666.80,0,,70.78,10.58,1,0,70.82,-1.19,-3.14,-11.53,10.55
666.92,0,,70.80,10.57,1,0,70.80,-1.20,-3.14,-11.54,10.54
667.01,0,,70.83,10.55,1,0,70.96,-1.15,-3.11,-11.46,10.56
667.22,0,,70.85,10.54,1,0,70.68,-1.15,-3.10,-11.45,10.55
667.22,0,,70.79,10.52,1,0,70.60,-1.30,-3.10,-11.60,10.40
667.31,0,,70.68,10.47,1,0,70.54,-1.35,-3.12,-11.67,10.37
667.40,0,,70.62,10.41,1,0,70.81,-1.27,-3.11,-11.58,10.44
667.52,0,,70.67,10.40,1,0,70.81,-1.21,-3.04,-11.45,10.43
667.67,0,,70.74,10.41,1,0,70.72,-1.22,-3.04,-11.46,10.42
667.70,0,,70.78,10.41,1,0,70.88,-1.31,-3.07,-11.58,10.36
667.82,0,,70.72,10.38,1,0,70.10,-1.35,-3.07,-11.62,10.32
667.91,0,,70.56,10.36,1,0,70.67,-1.27,-3.06,-11.53,10.39
668.00,0,,70.48,10.37,2,-1,70.49,-1.19,-3.07,-11.46,10.48
668.15,0,,70.52,10.41,2,-1,70.77,-1.28,-3.09,-11.57,10.41
668.21,0,,70.64,10.41,2,-1,70.82,-1.38,-3.07,-11.65,10.29
668.30,0,,70.80,10.37,2,-1,71.18,-1.29,-3.05,-11.54,10.36
668.42,0,,70.95,10.36,2,-1,70.78,-1.20,-3.06,-11.46,10.46
668.51,0,,70.95,10.39,0,1,70.77,-1.26,-3.09,-11.55,10.43
668.66,0,,70.91,10.41,0,1,71.17,-1.32,-3.10,-11.62,10.38
668.72,0,,70.91,10.40,0,2,70.62,-1.34,-3.09,-11.63,10.35
668.84,0,,70.92,10.38,0,2,71.33,-1.27,-3.10,-11.57,10.43
668.90,0,,70.92,10.40,0,2,70.37,-1.17,-3.08,-11.45,10.51
669.02,0,,70.75,10.43,0,1,70.34,-1.26,-3.04,-11.50,10.38
669.14,0,,70.50,10.41,1,0,70.40,-1.38,-3.07,-11.65,10.29
669.20,0,,70.42,10.36,1,0,70.76,-1.34,-3.10,-11.64,10.36
669.32,0,,70.48,10.35,4,-2,70.41,-1.23,-3.06,-11.49,10.43
669.41,0,,70.53,10.38,4,-2,70.61,-1.20,-3.04,-11.44,10.44
669.50,0,,70.59,10.40,4,-2,70.82,-1.33,-3.04,-11.57,10.31
669.65,0,,70.70,10.37,4,-2,70.82,-1.37,-3.04,-11.61,10.27
669.71,0,,70.76,10.33,2,-1,70.60,-1.28,-3.08,-11.56,10.40
669.80,0,,70.77,10.35,1,0,70.95,-1.21,-3.07,-11.48,10.46
669.92,0,,70.82,10.39,1,0,70.99,-1.25,-3.05,-11.50,10.40
670.01,0,,70.89,10.40,1,0,70.76,-1.33,-3.04,-11.57,10.31
670.16,0,,70.83,10.37,0,2,70.44,-1.32,-3.02,-11.54,10.30
670.25,0,,70.66,10.33,0,2,70.54,-1.24,-3.02,-11.46,10.38
670.31,0,,70.57,10.33,0,1,70.78,-1.19,-2.98,-11.37,10.39
670.40,0,,70.61,10.36,2,-1,70.69,-1.25,-3.00,-11.45,10.35
670.52,0,,70.70,10.36,2,-1,70.91,-1.29,-3.05,-11.54,10.36
670.64,0,,70.78,10.36,2,-1,70.70,-1.26,-3.04,-11.50,10.38
670.70,0,,70.84,10.37,1,0,71.12,-1.20,-3.03,-11.43,10.43
670.82,0,,70.92,10.39,0,1,70.88,-1.17,-3.02,-11.39,10.45
670.91,0,,70.86,10.41,0,1,70.22,-1.26,-3.00,-11.46,10.34
671.00,0,,70.67,10.38,1,0,70.78,-1.34,-3.01,-11.55,10.27
671.15,0,,70.57,10.34,0,1,70.50,-1.25,-3.04,-11.49,10.39
671.21,0,,70.56,10.36,1,0,70.64,-1.11,-3.06,-11.37,10.55
671.30,0,,70.59,10.43,1,0,70.70,-1.18,-3.06,-11.44,10.48
671.42,0,,70.65,10.47,2,-1,70.73,-1.29,-3.07,-11.56,10.38
671.51,0,,70.72,10.45,1,0,70.82,-1.24,-3.07,-11.51,10.43
671.66,0,,70.73,10.44,1,0,70.46,-1.10,-3.04,-11.34,10.54
671.78,0,,70.65,10.46,1,0,70.52,-1.11,-3.03,-11.34,10.52
671.81,0,,70.54,10.48,1,0,70.43,-1.27,-3.04,-11.51,10.37
671.90,0,,70.50,10.44,1,0,70.68,-1.28,-3.04,-11.52,10.36
672.02,0,,70.60,10.41,1,0,71.03,-1.16,-3.06,-11.42,10.50
672.17,0,,70.80,10.43,1,0,70.97,-1.08,-3.05,-11.33,10.57
672.20,0,,70.87,10.48,1,0,70.36,-1.15,-2.99,-11.34,10.44
672.32,0,,70.79,10.48,1,0,71.01,-1.26,-3.04,-11.50,10.38
672.41,0,,70.77,10.44,0,1,70.78,-1.23,-3.07,-11.50,10.44
672.50,0,,70.73,10.41,0,1,70.28,-1.17,-3.00,-11.37,10.43
672.65,0,,70.63,10.42,0,1,70.88,-1.17,-3.03,-11.40,10.46
672.71,0,,70.65,10.43,1,0,70.85,-1.23,-3.09,-11.52,10.46
672.80,0,,70.78,10.44,1,0,70.99,-1.31,-3.12,-11.63,10.41
672.92,0,,70.87,10.43,1,0,70.67,-1.31,-3.09,-11.60,10.38
673.01,0,,70.80,10.41,1,0,70.48,-1.20,-3.06,-11.46,10.46
673.16,0,,70.72,10.42,1,0,71.12,-1.22,-3.10,-11.52,10.48
673.22,0,,70.75,10.43,1,0,70.55,-1.36,-3.12,-11.68,10.36
673.31,0,,70.71,10.40,1,0,70.40,-1.46,-3.15,-11.81,10.29
673.40,0,,70.61,10.36,1,0,70.82,-1.36,-3.16,-11.72,10.40
673.52,0,,70.59,10.37,1,0,70.45,-1.18,-3.10,-11.48,10.52
673.64,0,,70.62,10.42,2,-1,70.93,-1.26,-3.07,-11.53,10.41
673.70,0,,70.68,10.42,2,-1,70.51,-1.37,-3.07,-11.64,10.30
673.82,0,,70.70,10.37,1,0,70.83,-1.36,-3.09,-11.65,10.33
673.91,0,,70.69,10.33,1,0,70.51,-1.32,-3.06,-11.58,10.34
674.00,0,,70.68,10.32,1,0,70.85,-1.30,-3.06,-11.56,10.36
674.15,0,,70.71,10.33,1,0,70.75,-1.36,-3.13,-11.69,10.37
674.21,0,,70.77,10.35,1,0,70.89,-1.39,-3.16,-11.75,10.37
674.30,0,,70.82,10.37,1,0,70.77,-1.38,-3.18,-11.76,10.40
674.39,0,,70.86,10.38,1,0,71.03,-1.40,-3.20,-11.80,10.40
674.51,0,,70.88,10.38,1,0,70.68,-1.48,-3.20,-11.88,10.32
674.66,0,,70.78,10.33,0,1,70.33,-1.65,-3.20,-12.05,10.15
674.69,0,,70.63,10.24,0,1,70.84,-1.69,-3.22,-12.11,10.13
674.81,0,,70.58,10.18,1,0,70.43,-1.57,-3.25,-12.02,10.28
674.90,0,,70.60,10.18,1,0,70.91,-1.58,-3.19,-11.97,10.21
674.99,0,,70.69,10.20,1,0,70.80,-1.61,-3.21,-12.02,10.20
675.14,0,,70.81,10.21,1,0,70.92,-1.63,-3.23,-12.06,10.20
675.20,0,,70.83,10.19,1,0,70.58,-1.67,-3.17,-12.04,10.10
675.29,0,,70.76,10.16,1,0,70.61,-1.56,-3.18,-11.94,10.22
675.41,0,,70.70,10.16,1,0,70.98,-1.56,-3.16,-11.92,10.20
675.50,0,,70.72,10.17,1,0,70.51,-1.65,-3.17,-12.02,10.12
675.59,0,,70.72,10.16,1,0,70.83,-1.60,-3.19,-11.99,10.19
675.71,0,,70.66,10.16,1,0,70.29,-1.55,-3.13,-11.88,10.18
675.80,0,,70.59,10.17,1,0,70.81,-1.54,-3.15,-11.89,10.21
675.89,0,,70.49,10.19,1,0,69.87,-1.58,-3.19,-11.97,10.21
676.01,0,,70.38,10.19,2,-1,70.76,-1.66,-3.18,-12.04,10.12
676.16,0,,70.43,10.17,2,-1,70.72,-1.60,-3.15,-11.95,10.15
676.19,0,,70.60,10.16,2,-1,70.77,-1.44,-3.12,-11.76,10.28
676.31,0,,70.71,10.21,2,-1,70.58,-1.41,-3.12,-11.73,10.31
676.40,0,,70.74,10.26,1,0,70.93,-1.51,-3.15,-11.86,10.24
676.49,0,,70.76,10.27,1,0,70.58,-1.52,-3.15,-11.87,10.23
676.64,0,,70.73,10.26,1,0,70.73,-1.40,-3.12,-11.72,10.32
676.70,0,,70.66,10.28,1,0,70.37,-1.34,-3.09,-11.63,10.35
676.79,0,,70.58,10.31,0,1,70.67,-1.42,-3.08,-11.70,10.26
676.91,0,,70.58,10.30,0,1,70.81,-1.48,-3.13,-11.81,10.25
677.00,0,,70.68,10.27,1,0,70.81,-1.43,-3.11,-11.74,10.28
677.09,0,,70.79,10.27,1,0,70.88,-1.33,-3.05,-11.58,10.32
677.21,0,,70.83,10.29,1,0,70.69,-1.32,-3.09,-11.61,10.37
677.30,0,,70.81,10.33,1,0,70.81,-1.40,-3.14,-11.74,10.34
677.39,0,,70.79,10.35,1,0,70.82,-1.40,-3.17,-11.77,10.37
677.51,0,,70.80,10.36,1,0,70.83,-1.36,-3.12,-11.68,10.36
677.69,0,,70.83,10.36,1,0,70.90,-1.32,-3.07,-11.59,10.35
677.69,0,,70.82,10.36,1,0,70.54,-1.32,-3.12,-11.64,10.40
677.81,0,,70.73,10.36,1,0,70.68,-1.41,-3.10,-11.71,10.29
677.90,0,,70.68,10.33,1,0,70.84,-1.44,-3.13,-11.77,10.29
677.99,0,,70.69,10.32,1,0,70.57,-1.32,-3.17,-11.69,10.45
678.14,0,,70.71,10.35,1,0,70.90,-1.35,-3.09,-11.64,10.34
678.20,0,,70.78,10.35,1,0,70.96,-1.43,-3.12,-11.75,10.29
678.29,0,,70.82,10.33,0,1,70.42,-1.44,-3.16,-11.80,10.32
678.41,0,,70.71,10.31,0,1,70.58,-1.40,-3.12,-11.72,10.32
678.50,0,,70.62,10.32,1,0,70.81,-1.30,-3.13,-11.63,10.43
678.59,0,,70.65,10.35,2,-1,70.68,-1.36,-3.09,-11.65,10.33
678.71,0,,70.66,10.35,2,-1,70.49,-1.48,-3.10,-11.78,10.22
678.80,0,,70.69,10.31,1,0,71.12,-1.43,-3.17,-11.80,10.34
678.89,0,,70.75,10.31,1,0,70.43,-1.34,-3.15,-11.69,10.41
679.01,0,,70.76,10.34,1,0,70.96,-1.36,-3.13,-11.69,10.37
679.16,0,,70.76,10.37,1,0,70.71,-1.42,-3.18,-11.80,10.36
679.19,0,,70.71,10.36,1,0,70.28,-1.48,-3.17,-11.85,10.29
679.31,0,,70.60,10.33,1,0,70.79,-1.46,-3.13,-11.79,10.27
679.40,0,,70.61,10.31,1,0,70.87,-1.33,-3.14,-11.67,10.41
679.49,0,,70.68,10.33,1,0,70.38,-1.40,-3.15,-11.75,10.35
679.64,0,,70.62,10.33,1,0,70.51,-1.52,-3.14,-11.86,10.22
679.70,0,,70.58,10.29,2,-1,70.87,-1.49,-3.13,-11.82,10.24
679.79,0,,70.65,10.25,1,0,70.70,-1.44,-3.12,-11.76,10.28
679.91,0,,70.73,10.26,1,0,70.84,-1.39,-3.15,-11.74,10.36
680.00,0,,70.75,10.29,1,0,70.54,-1.49,-3.16,-11.85,10.27
680.09,0,,70.72,10.28,1,0,70.79,-1.58,-3.14,-11.92,10.16
680.21,0,,70.75,10.24,1,0,71.08,-1.50,-3.17,-11.87,10.27
680.30,0,,70.89,10.24,1,0,71.06,-1.43,-3.18,-11.81,10.35
680.39,0,,71.02,10.28,0,2,71.08,-1.45,-3.14,-11.79,10.29
680.51,0,,71.01,10.29,0,2,70.48,-1.54,-3.14,-11.88,10.20
680.69,0,,70.83,10.25,0,2,70.68,-1.57,-3.16,-11.93,10.19
680.69,0,,70.71,10.22,1,0,70.95,-1.48,-3.16,-11.84,10.28
680.81,0,,70.75,10.24,1,0,70.76,-1.39,-3.16,-11.75,10.37
680.90,0,,70.77,10.30,1,0,70.61,-1.43,-3.17,-11.80,10.34
680.99,0,,70.73,10.31,1,0,70.78,-1.57,-3.15,-11.92,10.18
681.14,0,,70.67,10.27,2,-1,70.36,-1.55,-3.14,-11.89,10.19
681.20,0,,70.57,10.22,4,-2,70.57,-1.47,-3.14,-11.81,10.27
681.29,0,,70.50,10.22,4,-2,70.40,-1.50,-3.15,-11.85,10.25
681.41,0,,70.44,10.23,4,-2,70.35,-1.57,-3.19,-11.96,10.22
681.50,0,,70.38,10.23,4,-2,70.34,-1.58,-3.20,-11.98,10.22
681.59,0,,70.40,10.22,4,-2,70.80,-1.52,-3.14,-11.86,10.22
681.71,0,,70.57,10.23,4,-2,70.88,-1.42,-3.14,-11.76,10.32
681.80,0,,70.68,10.28,2,-1,70.21,-1.41,-3.23,-11.84,10.42
681.89,0,,70.67,10.33,1,0,71.14,-1.52,-3.21,-11.93,10.29
682.01,0,,70.74,10.33,1,0,70.69,-1.50,-3.15,-11.85,10.25
682.16,0,,70.78,10.31,0,1,70.58,-1.41,-3.14,-11.75,10.33
682.19,0,,70.74,10.30,0,2,70.86,-1.38,-3.09,-11.67,10.31
682.31,0,,70.73,10.31,0,2,70.64,-1.42,-3.16,-11.78,10.34
682.40,0,,70.71,10.32,0,2,70.70,-1.49,-3.20,-11.89,10.31
682.49,0,,70.68,10.32,0,1,70.59,-1.46,-3.19,-11.85,10.33
682.64,0,,70.65,10.35,1,0,70.64,-1.29,-3.24,-11.73,10.55
682.70,0,,70.62,10.42,1,0,70.56,-1.35,-3.20,-11.75,10.45
682.79,0,,70.65,10.43,1,0,71.03,-1.52,-3.15,-11.87,10.23
682.91,0,,70.75,10.37,1,0,70.70,-1.47,-3.20,-11.87,10.33
683.00,0,,70.78,10.34,1,0,70.56,-1.34,-3.26,-11.80,10.52
683.09,0,,70.74,10.39,1,0,70.98,-1.34,-3.18,-11.72,10.44
683.21,0,,70.76,10.43,0,1,70.68,-1.40,-3.18,-11.78,10.38
683.30,0,,70.78,10.42,0,1,70.76,-1.48,-3.25,-11.93,10.37
683.39,0,,70.76,10.38,0,1,70.78,-1.50,-3.19,-11.89,10.29
683.51,0,,70.79,10.35,0,1,70.94,-1.36,-3.19,-11.75,10.43
683.63,0,,70.89,10.38,0,1,71.23,-1.30,-3.24,-11.74,10.54
683.69,0,,70.99,10.43,0,1,70.71,-1.41,-3.17,-11.78,10.36
683.81,0,,70.87,10.42,0,1,70.18,-1.45,-3.19,-11.84,10.34
683.90,0,,70.57,10.39,0,1,70.38,-1.41,-3.26,-11.87,10.45
683.99,0,,70.41,10.39,1,0,70.76,-1.38,-3.19,-11.77,10.41
684.14,0,,70.54,10.40,4,-2,71.03,-1.41,-3.20,-11.81,10.39
684.20,0,,70.75,10.41,2,-1,70.71,-1.44,-3.31,-11.95,10.47
684.29,0,,70.84,10.42,1,0,70.76,-1.47,-3.24,-11.91,10.37
684.41,0,,70.81,10.41,1,0,70.76,-1.42,-3.22,-11.84,10.40
684.50,0,,70.70,10.41,2,-1,70.16,-1.33,-3.25,-11.78,10.52
684.65,0,,70.55,10.42,2,-1,70.82,-1.46,-3.17,-11.83,10.31
684.71,0,,70.54,10.39,1,0,70.61,-1.53,-3.23,-11.96,10.30
684.80,0,,70.59,10.34,1,0,70.52,-1.47,-3.27,-11.94,10.40
684.89,0,,70.58,10.33,1,0,70.55,-1.46,-3.15,-11.81,10.29
685.01,0,,70.64,10.33,1,0,71.18,-1.40,-3.22,-11.82,10.42
685.13,0,,70.76,10.36,1,0,70.45,-1.44,-3.29,-11.93,10.45
685.19,0,,70.79,10.38,1,0,70.89,-1.54,-3.20,-11.94,10.26
685.31,0,,70.73,10.36,1,0,70.41,-1.43,-3.22,-11.85,10.39
685.40,0,,70.68,10.37,1,0,70.95,-1.31,-3.25,-11.76,10.54
685.49,0,,70.69,10.42,0,1,70.55,-1.43,-3.18,-11.81,10.35
685.64,0,,70.68,10.41,1,0,70.62,-1.54,-3.22,-11.96,10.28
685.70,0,,70.57,10.36,1,0,70.16,-1.49,-3.27,-11.96,10.38
685.82,0,,70.47,10.34,1,0,70.81,-1.42,-3.22,-11.84,10.40
685.91,0,,70.53,10.37,1,0,70.74,-1.36,-3.22,-11.78,10.46
686.00,0,,70.70,10.41,2,-1,71.02,-1.43,-3.26,-11.89,10.43
686.09,0,,70.88,10.41,2,-1,71.03,-1.57,-3.22,-11.99,10.25
686.21,0,,71.00,10.34,1,0,70.98,-1.54,-3.19,-11.93,10.25
686.30,0,,70.99,10.29,0,1,70.70,-1.42,-3.19,-11.81,10.37
686.39,0,,70.83,10.30,0,1,70.40,-1.46,-3.19,-11.85,10.33
686.51,0,,70.70,10.31,0,1,71.12,-1.55,-3.21,-11.96,10.26
686.63,0,,70.70,10.30,0,1,70.46,-1.54,-3.22,-11.96,10.28
686.69,0,,70.70,10.28,1,0,70.77,-1.52,-3.22,-11.94,10.30
686.81,0,,70.67,10.29,0,1,70.57,-1.46,-3.22,-11.88,10.36
686.90,0,,70.65,10.32,1,0,70.67,-1.48,-3.22,-11.90,10.34
687.02,0,,70.65,10.32,1,0,70.78,-1.58,-3.21,-11.99,10.23
687.14,0,,70.67,10.30,4,-2,70.46,-1.52,-3.24,-11.96,10.32
687.20,0,,70.69,10.30,2,-1,71.11,-1.43,-3.25,-11.88,10.42
687.29,0,,70.77,10.35,1,0,70.66,-1.43,-3.22,-11.85,10.39
687.41,0,,70.79,10.38,1,0,70.63,-1.49,-3.25,-11.94,10.36
687.50,0,,70.73,10.37,1,0,70.74,-1.55,-3.26,-12.01,10.31
687.59,0,,70.73,10.34,1,0,70.96,-1.53,-3.24,-11.97,10.31
687.71,0,,70.77,10.33,1,0,70.54,-1.44,-3.23,-11.87,10.39
687.80,0,,70.72,10.34,1,0,70.62,-1.44,-3.23,-11.87,10.39
687.89,0,,70.61,10.36,1,0,70.34,-1.55,-3.23,-11.98,10.28
688.01,0,,70.49,10.34,1,0,70.49,-1.53,-3.25,-11.98,10.32
688.16,0,,70.45,10.33,1,0,70.61,-1.46,-3.26,-11.92,10.40
688.19,0,,70.50,10.33,2,-1,70.54,-1.47,-3.16,-11.83,10.29
688.31,0,,70.51,10.33,2,-1,70.30,-1.47,-3.20,-11.87,10.33
688.40,0,,70.53,10.33,2,-1,71.05,-1.51,-3.30,-12.01,10.39
688.49,0,,70.59,10.34,2,-1,70.16,-1.55,-3.22,-11.97,10.27
688.64,0,,70.56,10.34,2,-1,70.63,-1.41,-3.21,-11.82,10.40
688.70,0,,70.56,10.36,2,-1,70.83,-1.34,-3.25,-11.79,10.51
688.79,0,,70.69,10.40,2,-1,70.95,-1.51,-3.21,-11.92,10.30
688.91,0,,70.84,10.39,1,0,70.91,-1.55,-3.26,-12.01,10.31
689.00,0,,70.92,10.35,0,2,70.84,-1.49,-3.30,-11.99,10.41
689.09,0,,70.92,10.35,0,2,70.95,-1.42,-3.20,-11.82,10.38
689.24,0,,70.90,10.37,0,2,70.82,-1.36,-3.19,-11.75,10.43
689.30,0,,70.84,10.40,0,2,70.59,-1.43,-3.28,-11.91,10.45
689.39,0,,70.76,10.41,0,2,70.84,-1.51,-3.24,-11.95,10.33
689.51,0,,70.74,10.39,0,1,70.79,-1.45,-3.23,-11.88,10.38
689.66,0,,70.77,10.39,1,0,70.83,-1.32,-3.24,-11.76,10.52
689.72,0,,70.78,10.42,1,0,70.64,-1.41,-3.19,-11.80,10.38
689.81,0,,70.68,10.41,1,0,70.25,-1.52,-3.22,-11.94,10.30
689.90,0,,70.53,10.37,4,-2,70.63,-1.48,-3.24,-11.92,10.36
689.99,0,,70.49,10.34,4,-2,70.58,-1.46,-3.21,-11.87,10.35
690.14,0,,70.54,10.35,4,-2,70.65,-1.39,-3.23,-11.82,10.44
690.20,0,,70.62,10.38,2,-1,70.74,-1.40,-3.23,-11.83,10.43
690.29,0,,70.72,10.40,2,-1,70.96,-1.52,-3.23,-11.95,10.31
690.41,0,,70.81,10.38,1,0,70.67,-1.50,-3.26,-11.96,10.36
690.50,0,,70.76,10.36,1,0,70.41,-1.41,-3.24,-11.85,10.43
690.59,0,,70.60,10.37,1,0,70.45,-1.44,-3.20,-11.84,10.36
690.71,0,,70.55,10.38,1,0,71.05,-1.47,-3.28,-11.95,10.41
690.80,0,,70.63,10.39,1,0,70.34,-1.51,-3.30,-12.01,10.39
690.89,0,,70.64,10.37,0,1,70.75,-1.55,-3.18,-11.93,10.23
691.01,0,,70.73,10.33,1,0,71.35,-1.40,-3.19,-11.79,10.39
691.16,0,,70.92,10.34,1,0,70.78,-1.39,-3.26,-11.85,10.47
691.19,0,,70.99,10.37,0,1,70.90,-1.55,-3.23,-11.98,10.28
691.31,0,,70.90,10.37,0,1,70.56,-1.51,-3.27,-11.98,10.36
691.40,0,,70.75,10.36,0,1,70.59,-1.46,-3.30,-11.96,10.44
691.49,0,,70.59,10.38,1,0,70.34,-1.44,-3.22,-11.86,10.38
691.67,0,,70.51,10.40,1,0,70.86,-1.41,-3.26,-11.87,10.45
691.70,0,,70.62,10.42,1,0,70.93,-1.46,-3.31,-11.97,10.45
691.79,0,,70.82,10.41,1,0,71.06,-1.57,-3.22,-11.99,10.25
691.91,0,,70.92,10.36,1,0,70.59,-1.50,-3.21,-11.91,10.31
692.00,0,,70.86,10.33,1,0,70.76,-1.34,-3.24,-11.78,10.50
692.09,0,,70.75,10.36,1,0,70.64,-1.47,-3.19,-11.86,10.32
692.21,0,,70.72,10.36,0,1,70.98,-1.59,-3.24,-12.03,10.25
692.30,0,,70.85,10.33,0,1,71.31,-1.50,-3.31,-12.01,10.41
692.39,0,,71.03,10.34,0,1,70.89,-1.46,-3.23,-11.89,10.37
692.51,0,,71.11,10.36,0,1,71.27,-1.42,-3.25,-11.87,10.43
692.66,0,,71.09,10.40,0,2,70.67,-1.45,-3.31,-11.96,10.46
692.69,0,,70.91,10.40,0,1,70.47,-1.58,-3.20,-11.98,10.22
692.81,0,,70.73,10.36,0,1,71.02,-1.49,-3.26,-11.95,10.37
692.90,0,,70.66,10.35,0,1,70.21,-1.39,-3.31,-11.90,10.52
692.99,0,,70.58,10.38,0,1,70.72,-1.50,-3.15,-11.85,10.25
693.14,0,,70.57,10.36,1,0,70.75,-1.53,-3.23,-11.96,10.30
693.20,0,,70.63,10.33,4,-2,70.58,-1.52,-3.31,-12.03,10.39
693.29,0,,70.65,10.31,4,-2,70.63,-1.55,-3.18,-11.93,10.23
693.41,0,,70.66,10.31,4,-2,70.79,-1.43,-3.21,-11.84,10.38
693.50,0,,70.74,10.33,2,-1,71.01,-1.38,-3.27,-11.85,10.49
693.59,0,,70.87,10.39,1,0,71.00,-1.50,-3.23,-11.93,10.33
693.71,0,,70.96,10.39,1,0,70.88,-1.53,-3.29,-12.02,10.36
693.83,0,,70.97,10.39,0,2,71.01,-1.44,-3.30,-11.94,10.46
693.92,0,,70.96,10.40,0,2,70.85,-1.37,-3.17,-11.74,10.40
694.01,0,,70.89,10.41,0,2,70.64,-1.43,-3.20,-11.83,10.37
694.16,0,,70.80,10.39,0,1,70.87,-1.51,-3.29,-12.00,10.38
694.19,0,,70.72,10.37,0,1,70.40,-1.50,-3.21,-11.91,10.31
694.31,0,,70.63,10.35,1,0,70.67,-1.42,-3.24,-11.86,10.42
694.40,0,,70.66,10.38,2,-1,71.18,-1.36,-3.28,-11.84,10.52
694.49,0,,70.72,10.42,1,0,70.03,-1.47,-3.18,-11.85,10.31
694.64,0,,70.61,10.39,4,-2,70.65,-1.58,-3.22,-12.00,10.24
694.70,0,,70.56,10.33,4,-2,70.94,-1.52,-3.29,-12.01,10.37
694.82,0,,70.63,10.31,4,-2,70.36,-1.46,-3.19,-11.85,10.33
694.91,0,,70.59,10.32,2,-1,70.43,-1.46,-3.21,-11.87,10.35
695.00,0,,70.53,10.35,2,-1,70.79,-1.48,-3.34,-12.02,10.46
695.09,0,,70.60,10.38,2,-1,70.76,-1.49,-3.25,-11.94,10.36
695.21,0,,70.73,10.40,2,-1,70.89,-1.41,-3.21,-11.82,10.40
695.30,0,,70.82,10.42,2,-1,70.82,-1.29,-3.29,-11.78,10.60
695.39,0,,70.83,10.48,0,1,70.62,-1.34,-3.26,-11.80,10.52
695.51,0,,70.76,10.52,0,1,70.73,-1.48,-3.34,-12.02,10.46
695.66,0,,70.71,10.50,0,1,70.74,-1.56,-3.42,-12.18,10.46
695.69,0,,70.75,10.47,0,1,71.03,-1.57,-3.39,-12.16,10.42
695.81,0,,70.85,10.46,0,1,70.88,-1.42,-3.41,-12.03,10.59
695.90,0,,70.93,10.51,0,1,71.04,-1.38,-3.41,-11.99,10.63
695.99,0,,70.93,10.55,0,1,70.59,-1.54,-3.36,-12.10,10.42
696.14,0,,70.85,10.51,1,0,70.91,-1.54,-3.37,-12.11,10.43
696.20,0,,70.82,10.47,1,0,70.94,-1.41,-3.35,-11.96,10.54
696.29,0,,70.87,10.49,1,0,70.94,-1.27,-3.28,-11.75,10.61
696.41,0,,70.89,10.55,0,1,70.72,-1.25,-3.30,-11.75,10.65
696.50,0,,70.85,10.61,0,1,70.81,-1.30,-3.34,-11.84,10.64
696.59,0,,70.78,10.62,0,1,70.63,-1.40,-3.29,-11.89,10.49
696.71,0,,70.72,10.56,2,-1,70.74,-1.54,-3.33,-12.07,10.39
696.80,0,,70.70,10.46,2,-1,70.75,-1.61,-3.38,-12.19,10.37
696.89,0,,70.70,10.36,2,-1,70.57,-1.89,-3.39,-12.48,10.10
697.01,0,,70.62,10.20,2,-1,70.32,-2.16,-3.45,-12.81,9.89
697.16,0,,70.50,10.03,4,-2,70.51,-2.10,-3.45,-12.75,9.95
697.19,0,,70.50,9.94,4,-2,70.92,-1.99,-3.40,-12.59,10.01
697.31,0,,70.63,9.97,4,-2,70.59,-1.81,-3.44,-12.45,10.23
697.40,0,,70.71,10.10,2,-1,70.79,-1.72,-3.49,-12.41,10.37
697.49,0,,70.76,10.23,1,0,70.83,-1.85,-3.44,-12.49,10.19
697.70,0,,70.79,10.29,1,0,70.77,-1.73,-3.47,-12.40,10.34
697.70,0,,70.79,10.33,1,0,70.71,-1.62,-3.52,-12.34,10.50
697.82,0,,70.82,10.38,0,1,71.17,-1.79,-3.51,-12.50,10.32
697.91,0,,70.83,10.40,0,2,70.31,-1.81,-3.58,-12.59,10.37
698.03,0,,70.76,10.39,0,2,70.91,-1.70,-3.58,-12.48,10.48
698.09,0,,70.74,10.41,0,1,70.89,-1.63,-3.44,-12.27,10.41
698.21,0,,70.85,10.44,0,1,71.14,-1.49,-3.42,-12.11,10.53
698.30,0,,71.00,10.49,0,1,71.10,-1.36,-3.43,-11.99,10.67
698.39,0,,71.02,10.55,0,1,70.55,-1.47,-3.34,-12.01,10.47
698.51,0,,70.88,10.55,1,0,70.74,-1.54,-3.39,-12.13,10.45
698.66,0,,70.77,10.52,1,0,70.97,-1.34,-3.37,-11.91,10.63
698.72,0,,70.81,10.54,1,0,70.95,-1.23,-3.24,-11.67,10.61
698.81,0,,70.93,10.58,1,0,71.14,-1.36,-3.32,-11.88,10.56
698.90,0,,71.00,10.59,0,1,70.83,-1.45,-3.46,-12.11,10.61
698.99,0,,70.97,10.57,0,1,70.75,-1.66,-3.50,-12.36,10.44
699.14,0,,70.88,10.52,0,1,70.96,-1.68,-3.56,-12.44,10.48
699.20,0,,70.88,10.51,0,1,71.01,-1.31,-3.47,-11.98,10.76
699.29,0,,70.97,10.57,0,1,71.21,-1.43,-3.37,-12.00,10.54
699.41,0,,71.01,10.58,0,1,70.59,-1.63,-3.47,-12.30,10.44
699.53,0,,70.98,10.55,0,1,71.29,-1.39,-3.44,-12.03,10.65
699.59,0,,70.98,10.56,0,1,70.81,-1.34,-3.38,-11.92,10.64
699.71,0,,71.00,10.62,0,1,71.17,-1.31,-3.45,-11.96,10.74
699.89,0,,71.02,10.68,0,1,71.00,-1.31,-3.46,-11.97,10.75
699.89,0,,71.07,10.71,0,1,71.24,-1.40,-3.40,-12.00,10.60
700.01,0,,71.11,10.69,0,1,70.97,-1.32,-3.40,-11.92,10.68
700.16,0,,71.11,10.67,0,1,71.21,-1.20,-3.37,-11.77,10.77
700.25,0,,71.03,10.69,0,1,70.40,-1.23,-3.27,-11.70,10.64
700.31,0,,70.85,10.68,0,1,70.95,-1.26,-3.30,-11.76,10.64
700.43,0,,70.79,10.66,1,0,71.03,-1.26,-3.36,-11.82,10.70
700.52,0,,70.89,10.65,2,-1,71.06,-1.27,-3.28,-11.75,10.61
700.64,0,,70.98,10.66,1,0,70.91,-1.12,-3.27,-11.59,10.75
700.70,0,,71.01,10.69,1,0,71.05,-1.13,-3.35,-11.68,10.82
700.79,0,,71.09,10.74,1,0,71.59,-1.25,-3.30,-11.75,10.65
700.91,0,,71.21,10.73,1,0,70.93,-1.19,-3.32,-11.71,10.73
701.00,0,,71.18,10.72,1,0,70.86,-1.17,-3.35,-11.72,10.78
701.09,0,,71.03,10.73,0,1,71.02,-1.15,-3.25,-11.60,10.70
701.24,0,,70.99,10.73,0,1,71.22,-1.18,-3.29,-11.67,10.71
701.30,0,,71.06,10.71,0,1,71.17,-1.26,-3.34,-11.80,10.68
701.39,0,,71.13,10.68,0,1,71.06,-1.28,-3.26,-11.74,10.58
701.54,0,,71.10,10.65,0,1,70.84,-1.19,-3.31,-11.70,10.72
701.66,0,,71.05,10.66,0,1,71.32,-1.18,-3.35,-11.73,10.77
701.72,0,,71.08,10.69,1,0,71.07,-1.33,-3.27,-11.80,10.54
701.81,0,,71.09,10.66,1,0,70.84,-1.23,-3.30,-11.73,10.67
701.90,0,,71.04,10.65,1,0,71.23,-1.22,-3.34,-11.76,10.72
701.99,0,,71.08,10.66,1,0,71.30,-1.31,-3.33,-11.84,10.62
702.14,0,,71.17,10.69,1,0,71.10,-1.12,-3.37,-11.69,10.85
702.20,0,,71.14,10.74,1,0,70.79,-1.22,-3.41,-11.83,10.79
702.29,0,,70.97,10.76,1,0,70.63,-1.39,-3.34,-11.93,10.55
702.41,0,,70.80,10.69,1,0,70.88,-1.40,-3.40,-12.00,10.60
702.50,0,,70.78,10.63,2,-1,71.04,-1.39,-3.50,-12.09,10.71
702.59,0,,70.90,10.63,1,0,71.09,-1.29,-3.37,-11.86,10.68
702.71,0,,71.07,10.66,1,0,71.44,-1.33,-3.37,-11.90,10.64
702.80,0,,71.21,10.66,1,0,71.03,-1.40,-3.47,-12.07,10.67
702.89,0,,71.25,10.63,1,0,71.33,-1.52,-3.39,-12.11,10.47
703.01,0,,71.24,10.57,1,0,71.15,-1.50,-3.40,-12.10,10.50
703.16,0,,71.18,10.53,1,0,70.91,-1.35,-3.40,-11.95,10.65
703.19,0,,71.07,10.54,0,2,70.99,-1.43,-3.36,-11.99,10.53
703.31,0,,70.98,10.56,1,0,70.97,-1.52,-3.46,-12.18,10.54
703.40,0,,70.97,10.54,1,0,71.09,-1.56,-3.47,-12.23,10.51
703.49,0,,70.99,10.52,1,0,70.88,-1.51,-3.44,-12.15,10.53
703.64,0,,70.91,10.53,1,0,70.51,-1.38,-3.45,-12.03,10.67
703.70,0,,70.81,10.57,1,0,71.09,-1.47,-3.45,-12.12,10.58
703.79,0,,70.87,10.58,4,-2,71.27,-1.56,-3.42,-12.18,10.46
703.91,0,,71.03,10.53,4,-2,70.91,-1.61,-3.43,-12.24,10.42
704.00,0,,71.07,10.46,1,0,71.04,-1.59,-3.45,-12.24,10.46
704.09,0,,71.05,10.45,1,0,71.03,-1.43,-3.44,-12.07,10.61
704.21,0,,71.03,10.51,1,0,70.98,-1.48,-3.45,-12.13,10.57
704.30,0,,70.97,10.55,1,0,70.73,-1.57,-3.49,-12.26,10.52
704.39,0,,70.84,10.55,1,0,70.54,-1.57,-3.46,-12.23,10.49
704.51,0,,70.70,10.51,1,0,70.77,-1.59,-3.40,-12.19,10.41
704.66,0,,70.64,10.47,1,0,70.56,-1.45,-3.40,-12.05,10.55
704.71,0,,70.70,10.49,1,0,71.27,-1.47,-3.46,-12.13,10.59
704.81,0,,70.89,10.53,2,-1,71.02,-1.60,-3.47,-12.27,10.47
704.90,0,,71.05,10.53,1,0,71.04,-1.55,-3.47,-12.22,10.52
704.99,0,,71.07,10.53,1,0,70.92,-1.46,-3.50,-12.16,10.64
705.14,0,,71.06,10.57,1,0,71.25,-1.41,-3.43,-12.04,10.62
705.20,0,,71.05,10.60,1,0,70.81,-1.44,-3.41,-12.05,10.57
705.32,0,,70.99,10.59,0,2,70.88,-1.53,-3.47,-12.20,10.54
705.44,0,,70.90,10.56,0,2,70.81,-1.54,-3.44,-12.18,10.50
705.50,0,,70.82,10.52,1,0,70.67,-1.47,-3.41,-12.08,10.54
705.59,0,,70.77,10.53,2,-1,70.96,-1.40,-3.42,-12.02,10.62
705.71,0,,70.85,10.56,2,-1,71.19,-1.44,-3.43,-12.07,10.59
705.80,0,,71.02,10.58,1,0,71.15,-1.51,-3.45,-12.16,10.54
705.92,0,,71.09,10.58,1,0,70.78,-1.47,-3.47,-12.14,10.60
706.01,0,,70.94,10.58,1,0,70.33,-1.40,-3.43,-12.03,10.63
706.16,0,,70.73,10.60,1,0,71.05,-1.34,-3.39,-11.93,10.65
706.19,0,,70.69,10.63,2,-1,70.60,-1.37,-3.42,-11.99,10.65
706.40,0,,70.70,10.63,2,-1,70.68,-1.49,-3.41,-12.10,10.52
706.40,0,,70.68,10.58,2,-1,70.63,-1.51,-3.39,-12.10,10.48
706.49,0,,70.68,10.53,2,-1,70.87,-1.40,-3.40,-12.00,10.60
706.64,0,,70.74,10.55,2,-1,70.80,-1.31,-3.40,-11.91,10.69
706.73,0,,70.81,10.61,2,-1,70.93,-1.33,-3.41,-11.94,10.68
706.79,0,,70.87,10.66,2,-1,70.90,-1.38,-3.43,-12.01,10.65
706.94,0,,70.90,10.66,1,0,70.86,-1.44,-3.39,-12.03,10.55
707.00,0,,70.94,10.62,1,0,71.22,-1.36,-3.39,-11.95,10.63
707.09,0,,71.02,10.63,0,2,70.97,-1.21,-3.44,-11.85,10.83
707.24,0,,71.05,10.68,0,2,70.96,-1.34,-3.37,-11.91,10.63
707.30,0,,70.99,10.68,0,2,70.81,-1.43,-3.36,-11.99,10.53
707.39,0,,70.93,10.63,0,1,70.99,-1.36,-3.44,-12.00,10.68
707.51,0,,70.94,10.62,0,1,71.13,-1.33,-3.38,-11.91,10.65
707.66,0,,71.01,10.64,0,1,71.03,-1.26,-3.35,-11.81,10.69
707.75,0,,71.04,10.67,0,1,70.97,-1.31,-3.40,-11.91,10.69
707.81,0,,71.00,10.68,1,0,70.79,-1.37,-3.41,-11.98,10.64
707.90,0,,70.90,10.67,1,0,70.78,-1.32,-3.42,-11.94,10.70
707.99,0,,70.84,10.68,2,-1,71.01,-1.24,-3.40,-11.84,10.76
708.14,0,,70.89,10.72,2,-1,71.07,-1.20,-3.38,-11.78,10.78
708.20,0,,70.93,10.74,2,-1,70.63,-1.29,-3.37,-11.86,10.68
708.29,0,,70.90,10.72,1,0,71.03,-1.33,-3.40,-11.93,10.67
708.41,0,,70.88,10.70,2,-1,70.83,-1.30,-3.44,-11.94,10.74
708.50,0,,70.87,10.70,2,-1,70.84,-1.21,-3.37,-11.78,10.76
708.59,0,,70.92,10.73,1,0,71.36,-1.13,-3.34,-11.67,10.81
708.71,0,,71.06,10.76,1,0,71.12,-1.21,-3.38,-11.79,10.77
708.80,0,,71.17,10.77,1,0,71.16,-1.30,-3.37,-11.87,10.67
708.89,0,,71.07,10.73,0,1,70.32,-1.28,-3.36,-11.84,10.68
709.01,0,,70.80,10.70,0,1,70.61,-1.17,-3.36,-11.73,10.79
709.16,0,,70.59,10.73,1,0,70.58,-1.10,-3.34,-11.64,10.84
709.19,0,,70.57,10.77,2,-1,70.93,-1.20,-3.32,-11.72,10.72
709.31,0,,70.68,10.76,2,-1,70.72,-1.26,-3.35,-11.81,10.69
709.40,0,,70.81,10.74,2,-1,71.16,-1.21,-3.39,-11.80,10.78
709.49,0,,70.95,10.74,2,-1,71.02,-1.12,-3.33,-11.65,10.81
709.64,0,,71.07,10.78,1,0,71.25,-1.03,-3.33,-11.56,10.90
709.73,0,,71.11,10.84,1,0,70.79,-1.11,-3.40,-11.71,10.89
709.79,0,,71.04,10.86,1,0,71.01,-1.26,-3.38,-11.84,10.72
709.91,0,,71.01,10.82,0,1,71.24,-1.22,-3.39,-11.81,10.77
710.03,0,,71.08,10.79,0,2,71.15,-1.05,-3.38,-11.63,10.93
710.09,0,,71.15,10.83,0,2,71.20,-1.02,-3.30,-11.52,10.88
710.21,0,,71.11,10.86,0,2,70.60,-1.13,-3.34,-11.67,10.81
710.33,0,,70.96,10.85,0,1,70.94,-1.16,-3.40,-11.76,10.84
710.45,0,,70.88,10.83,1,0,71.11,-1.14,-3.37,-11.71,10.83
710.51,0,,70.94,10.84,1,0,70.98,-1.05,-3.37,-11.62,10.92
710.66,0,,70.93,10.87,1,0,70.51,-1.05,-3.33,-11.58,10.88
710.72,0,,70.79,10.86,1,0,70.66,-1.16,-3.29,-11.65,10.73
710.81,0,,70.74,10.82,4,-2,71.20,-1.15,-3.40,-11.75,10.85
710.93,0,,70.86,10.81,4,-2,70.94,-1.12,-3.40,-11.72,10.88
711.02,0,,71.00,10.84,2,-1,71.20,-1.06,-3.29,-11.55,10.83
711.14,0,,71.08,10.86,1,0,70.95,-0.99,-3.32,-11.51,10.93
711.20,0,,71.03,10.88,1,0,70.68,-1.05,-3.36,-11.61,10.91
711.29,0,,70.86,10.88,1,0,70.62,-1.19,-3.31,-11.70,10.72
711.41,0,,70.70,10.82,1,0,70.63,-1.18,-3.33,-11.71,10.75
711.50,0,,70.61,10.79,1,0,70.61,-0.98,-3.35,-11.53,10.97
711.59,0,,70.63,10.84,1,0,70.89,-0.96,-3.30,-11.46,10.94
711.71,0,,70.71,10.90,1,0,70.72,-1.04,-3.35,-11.59,10.91
711.83,0,,70.78,10.93,2,-1,70.89,-1.07,-3.40,-11.67,10.93
711.89,0,,70.83,10.91,2,-1,70.84,-1.11,-3.33,-11.64,10.82
712.01,0,,70.84,10.88,2,-1,70.79,-1.02,-3.28,-11.50,10.86
712.16,0,,70.83,10.86,2,-1,70.84,-0.95,-3.27,-11.42,10.92
712.19,0,,70.86,10.87,2,-1,71.06,-1.05,-3.30,-11.55,10.85
712.31,0,,70.90,10.87,2,-1,70.74,-1.10,-3.35,-11.65,10.85
712.43,0,,70.86,10.85,0,1,70.68,-1.08,-3.31,-11.59,10.83
712.49,0,,70.77,10.84,1,0,70.72,-1.00,-3.29,-11.49,10.89
712.64,0,,70.75,10.87,2,-1,71.04,-0.92,-3.30,-11.42,10.98
712.73,0,,70.84,10.91,2,-1,70.88,-0.95,-3.28,-11.43,10.93
712.79,0,,70.88,10.92,1,0,70.70,-1.04,-3.29,-11.53,10.85
713.00,0,,70.89,10.90,1,0,71.26,-1.05,-3.30,-11.55,10.85
713.03,0,,70.98,10.87,1,0,70.99,-0.97,-3.25,-11.42,10.88
713.09,0,,71.02,10.88,1,0,70.84,-0.88,-3.28,-11.36,11.00
713.21,0,,70.92,10.92,1,0,70.59,-0.93,-3.33,-11.46,11.00
713.33,0,,70.81,10.96,1,0,71.00,-1.01,-3.30,-11.51,10.89
713.39,0,,70.82,10.94,1,0,70.96,-1.01,-3.30,-11.51,10.89
713.51,0,,70.87,10.92,1,0,70.72,-0.95,-3.30,-11.45,10.95
713.66,0,,70.81,10.92,1,0,70.55,-0.90,-3.27,-11.37,10.97
713.69,0,,70.70,10.93,1,0,70.72,-0.97,-3.28,-11.45,10.91
713.81,0,,70.67,10.93,1,0,70.83,-1.00,-3.28,-11.48,10.88
713.90,0,,70.76,10.90,4,-2,71.04,-1.00,-3.28,-11.48,10.88
714.02,0,,70.92,10.89,1,0,71.19,-0.92,-3.29,-11.41,10.97
714.14,0,,71.05,10.93,1,0,70.87,-0.78,-3.27,-11.25,11.09
714.20,0,,71.03,11.00,1,0,70.93,-0.86,-3.26,-11.32,11.00
714.32,0,,71.00,11.00,1,0,71.18,-0.99,-3.23,-11.42,10.84
714.41,0,,71.00,10.95,1,0,70.77,-0.94,-3.26,-11.40,10.92
714.50,0,,70.93,10.92,1,0,70.76,-0.87,-3.27,-11.34,11.00
714.59,0,,70.92,10.94,0,1,71.48,-0.83,-3.23,-11.26,11.00
714.74,0,,71.06,10.98,0,1,71.08,-0.84,-3.27,-11.31,11.03
714.80,0,,71.14,11.00,0,1,70.92,-0.93,-3.30,-11.43,10.97
714.92,0,,71.02,10.99,0,1,70.57,-0.98,-3.29,-11.47,10.91
715.04,0,,70.83,10.96,0,1,70.84,-0.88,-3.31,-11.39,11.03
715.16,0,,70.73,10.98,1,0,70.72,-0.77,-3.25,-11.22,11.08
715.19,0,,70.79,11.01,2,-1,71.31,-0.83,-3.22,-11.25,10.99
715.34,0,,70.94,11.01,2,-1,70.82,-0.93,-3.26,-11.39,10.93
715.46,0,,71.00,10.97,2,-1,70.98,-0.94,-3.29,-11.43,10.95
715.52,0,,71.02,10.95,2,-1,71.19,-0.87,-3.28,-11.35,11.01
715.67,0,,71.02,10.97,2,-1,70.69,-0.78,-3.22,-11.20,11.04
715.70,0,,70.95,11.00,1,0,70.95,-0.82,-3.24,-11.26,11.02
715.82,0,,70.89,11.01,1,0,70.87,-0.90,-3.27,-11.37,10.97
715.94,0,,70.86,10.99,1,0,70.77,-0.90,-3.24,-11.34,10.94
716.00,0,,70.84,10.97,1,0,70.93,-0.82,-3.23,-11.25,11.01
716.15,0,,70.86,10.99,1,0,70.90,-0.70,-3.22,-11.12,11.12
716.21,0,,70.89,11.04,2,-1,70.93,-0.75,-3.21,-11.16,11.06
716.33,0,,70.88,11.05,2,-1,70.64,-0.88,-3.22,-11.30,10.94
716.42,0,,70.84,11.02,2,-1,71.02,-0.87,-3.26,-11.33,10.99
716.51,0,,70.85,11.00,2,-1,70.84,-0.78,-3.27,-11.25,11.09
716.66,0,,70.82,11.03,2,-1,70.47,-0.70,-3.19,-11.09,11.09
716.72,0,,70.72,11.06,1,0,70.84,-0.76,-3.19,-11.15,11.03
716.81,0,,70.72,11.06,1,0,70.93,-0.82,-3.26,-11.28,11.04
716.90,0,,70.85,11.05,2,-1,71.14,-0.81,-3.27,-11.28,11.06
717.02,0,,71.02,11.05,2,-1,71.21,-0.77,-3.24,-11.21,11.07
717.20,0,,71.11,11.06,1,0,70.85,-0.67,-3.21,-11.08,11.14
717.20,0,,71.04,11.10,0,1,70.86,-0.71,-3.23,-11.14,11.12
717.32,0,,70.93,11.11,0,1,70.86,-0.82,-3.25,-11.27,11.03
717.41,0,,70.85,11.07,0,1,70.76,-0.86,-3.25,-11.31,10.99
717.50,0,,70.82,11.02,1,0,70.93,-0.81,-3.22,-11.23,11.01
717.65,0,,70.86,11.01,1,0,71.02,-0.64,-3.18,-11.02,11.14
717.71,0,,70.94,11.06,1,0,71.02,-0.69,-3.19,-11.08,11.10
717.80,0,,71.04,11.09,1,0,71.27,-0.83,-3.24,-11.27,11.01
717.92,0,,71.10,11.07,1,0,70.86,-0.82,-3.26,-11.28,11.04
718.04,0,,71.10,11.04,1,0,71.28,-0.78,-3.21,-11.19,11.03
718.16,0,,71.14,11.04,1,0,71.33,-0.66,-3.19,-11.05,11.13
718.25,0,,71.22,11.07,0,1,71.13,-0.68,-3.21,-11.09,11.13
718.31,0,,71.18,11.09,0,1,70.79,-0.82,-3.19,-11.21,10.97
718.40,0,,71.01,11.06,0,1,70.82,-0.82,-3.25,-11.27,11.03
718.55,0,,70.88,11.03,0,1,70.93,-0.79,-3.29,-11.28,11.10
718.67,0,,70.83,11.05,0,1,70.76,-0.72,-3.20,-11.12,11.08
718.70,0,,70.81,11.07,0,1,70.78,-0.73,-3.22,-11.15,11.09
718.82,0,,70.75,11.07,4,-2,70.51,-0.89,-3.24,-11.33,10.95
718.91,0,,70.67,11.02,4,-2,70.77,-0.91,-3.24,-11.35,10.93
719.00,0,,70.68,10.97,4,-2,70.89,-0.83,-3.27,-11.30,11.04
719.15,0,,70.75,10.98,4,-2,70.65,-0.78,-3.19,-11.17,11.01
719.21,0,,70.75,11.00,4,-2,70.69,-0.78,-3.18,-11.16,11.00
719.30,0,,70.76,11.01,2,-1,71.02,-0.83,-3.26,-11.29,11.03
719.42,0,,70.84,11.01,2,-1,70.91,-0.92,-3.30,-11.42,10.98
719.51,0,,70.92,10.99,1,0,70.95,-0.92,-3.28,-11.40,10.96
719.66,0,,70.99,10.98,0,1,71.23,-0.76,-3.21,-11.17,11.05
719.72,0,,71.03,11.01,0,2,70.74,-0.70,-3.21,-11.11,11.11
719.81,0,,70.94,11.04,0,2,70.60,-0.83,-3.21,-11.24,10.98
719.93,0,,70.78,11.02,0,1,70.85,-0.94,-3.21,-11.35,10.87
720.02,0,,70.82,10.95,0,1,71.40,-0.85,-3.20,-11.25,10.95
720.14,0,,71.04,10.93,0,1,71.27,-0.70,-3.13,-11.03,11.03
720.20,0,,71.21,10.96,0,1,71.05,-0.74,-3.15,-11.09,11.01
720.41,0,,71.15,10.99,0,1,70.66,-0.84,-3.19,-11.23,10.95
720.41,0,,70.93,10.97,1,0,70.70,-0.87,-3.17,-11.24,10.90
720.50,0,,70.79,10.93,1,0,71.01,-0.88,-3.17,-11.25,10.89
720.65,0,,70.81,10.91,2,-1,70.90,-0.77,-3.16,-11.13,10.99
720.71,0,,70.84,10.93,1,0,70.66,-0.79,-3.14,-11.13,10.95
720.80,0,,70.80,10.93,2,-1,70.74,-0.93,-3.17,-11.30,10.84
720.92,0,,70.77,10.89,2,-1,70.91,-1.01,-3.19,-11.40,10.78
721.01,0,,70.78,10.83,4,-2,70.64,-1.01,-3.21,-11.42,10.80
721.16,0,,70.81,10.81,4,-2,71.11,-0.89,-3.23,-11.32,10.94
721.22,0,,70.86,10.85,2,-1,70.73,-0.88,-3.22,-11.30,10.94
721.31,0,,70.87,10.90,1,0,70.80,-0.97,-3.20,-11.37,10.83
721.40,0,,70.80,10.87,1,0,70.63,-1.04,-3.18,-11.42,10.74
721.52,0,,70.76,10.81,1,0,70.97,-1.07,-3.22,-11.49,10.75
721.64,0,,70.82,10.78,1,0,70.98,-0.91,-3.22,-11.33,10.91
721.70,0,,70.94,10.82,1,0,71.12,-0.86,-3.19,-11.25,10.93
721.82,0,,71.07,10.87,1,0,71.29,-0.99,-3.22,-11.41,10.83
721.94,0,,71.14,10.87,0,1,70.81,-1.06,-3.24,-11.50,10.78
722.00,0,,71.07,10.82,0,1,70.95,-1.07,-3.21,-11.48,10.74
722.15,0,,71.01,10.78,0,1,71.30,-0.93,-3.16,-11.29,10.83
722.21,0,,71.10,10.78,0,1,71.25,-0.86,-3.13,-11.19,10.87
722.30,0,,71.14,10.81,0,2,70.76,-0.99,-3.16,-11.35,10.77
722.42,0,,71.08,10.80,1,0,71.23,-1.07,-3.20,-11.47,10.73
722.51,0,,71.02,10.77,1,0,70.78,-1.06,-3.19,-11.45,10.73
722.66,0,,70.93,10.74,1,0,70.70,-0.97,-3.16,-11.33,10.79
722.78,0,,70.80,10.75,1,0,70.74,-0.96,-3.17,-11.33,10.81
722.81,0,,70.71,10.77,4,-2,70.57,-1.08,-3.20,-11.48,10.72
722.90,0,,70.67,10.75,4,-2,70.87,-1.17,-3.22,-11.59,10.65
723.02,0,,70.73,10.70,4,-2,70.90,-1.16,-3.23,-11.59,10.67
723.17,0,,70.78,10.68,4,-2,70.49,-1.06,-3.22,-11.48,10.76
723.23,0,,70.68,10.69,4,-2,70.38,-1.11,-3.20,-11.51,10.69
723.32,0,,70.57,10.69,4,-2,70.88,-1.18,-3.24,-11.62,10.66
723.41,0,,70.65,10.67,4,-2,70.96,-1.25,-3.27,-11.72,10.62
723.50,0,,70.81,10.63,2,-1,70.87,-1.24,-3.23,-11.67,10.59
723.65,0,,70.87,10.63,1,0,70.68,-1.04,-3.21,-11.45,10.77
723.74,0,,70.83,10.68,0,1,70.76,-1.03,-3.24,-11.47,10.81
723.80,0,,70.77,10.74,0,1,70.81,-1.14,-3.23,-11.57,10.69
723.92,0,,70.81,10.74,0,1,71.06,-1.13,-3.23,-11.56,10.70
724.04,0,,70.92,10.73,0,1,71.14,-1.06,-3.23,-11.49,10.77
724.13,0,,71.04,10.75,0,2,71.00,-0.96,-3.21,-11.37,10.85
724.22,0,,71.00,10.78,0,2,70.47,-1.00,-3.18,-11.38,10.78
724.31,0,,70.82,10.78,0,1,70.78,-1.15,-3.20,-11.55,10.65
724.40,0,,70.71,10.73,1,0,70.75,-1.19,-3.23,-11.62,10.64
724.52,0,,70.61,10.68,1,0,70.08,-1.08,-3.26,-11.54,10.78
724.64,0,,70.50,10.70,2,-1,70.84,-0.99,-3.19,-11.38,10.80
724.72,0,,70.58,10.74,4,-2,71.12,-1.08,-3.17,-11.45,10.69
724.88,0,,70.82,10.74,4,-2,70.89,-1.13,-3.23,-11.56,10.70
724.91,0,,70.99,10.72,2,-1,71.17,-1.08,-3.24,-11.52,10.76
725.00,0,,71.07,10.73,1,0,71.02,-1.06,-3.23,-11.49,10.77
725.18,0,,71.11,10.75,0,1,71.21,-1.02,-3.20,-11.42,10.78
725.21,0,,71.12,10.76,0,1,71.00,-1.07,-3.19,-11.46,10.72
725.33,0,,71.04,10.74,0,2,70.62,-1.21,-3.26,-11.67,10.65
725.45,0,,70.80,10.68,0,2,70.32,-1.27,-3.25,-11.72,10.58
725.54,0,,70.60,10.62,0,1,70.89,-1.19,-3.20,-11.59,10.61
725.66,0,,70.58,10.61,0,1,70.57,-1.06,-3.24,-11.50,10.78
725.75,0,,70.62,10.66,2,-1,70.60,-1.14,-3.24,-11.58,10.70
725.81,0,,70.65,10.68,2,-1,70.89,-1.30,-3.23,-11.73,10.53
725.90,0,,70.76,10.64,2,-1,70.95,-1.27,-3.27,-11.74,10.60
726.02,0,,70.87,10.61,4,-2,70.87,-1.14,-3.26,-11.60,10.72
726.14,0,,70.92,10.64,2,-1,70.97,-1.11,-3.21,-11.52,10.70
726.20,0,,70.94,10.67,0,1,70.86,-1.20,-3.23,-11.63,10.63
726.32,0,,70.90,10.66,1,0,70.72,-1.25,-3.29,-11.74,10.64
726.41,0,,70.80,10.64,0,1,70.67,-1.23,-3.28,-11.71,10.65
726.50,0,,70.72,10.64,1,0,70.69,-1.16,-3.21,-11.57,10.65
726.65,0,,70.66,10.65,1,0,70.58,-1.13,-3.21,-11.54,10.68
726.71,0,,70.62,10.66,2,-1,70.57,-1.20,-3.27,-11.67,10.67
726.80,0,,70.60,10.65,1,0,70.69,-1.28,-3.26,-11.74,10.58
726.92,0,,70.70,10.63,1,0,71.22,-1.27,-3.26,-11.73,10.59
727.01,0,,70.89,10.61,1,0,70.90,-1.15,-3.24,-11.59,10.69
727.19,0,,70.98,10.63,1,0,70.83,-1.16,-3.20,-11.56,10.64
727.25,0,,70.94,10.63,1,0,70.92,-1.27,-3.23,-11.70,10.56
727.40,0,,70.90,10.61,0,1,70.87,-1.31,-3.28,-11.79,10.57
727.40,0,,70.88,10.57,1,0,70.91,-1.34,-3.28,-11.82,10.54
727.52,0,,70.84,10.56,1,0,70.56,-1.21,-3.26,-11.67,10.65
727.64,0,,70.74,10.59,1,0,70.64,-1.19,-3.25,-11.64,10.66
727.70,0,,70.65,10.62,1,0,70.64,-1.34,-3.29,-11.83,10.55
727.82,0,,70.62,10.61,2,-1,70.68,-1.32,-3.34,-11.86,10.62
727.91,0,,70.63,10.60,1,0,70.58,-1.27,-3.29,-11.76,10.62
728.00,0,,70.61,10.60,1,0,70.54,-1.21,-3.21,-11.62,10.60
728.15,0,,70.63,10.60,4,-2,70.96,-1.23,-3.26,-11.69,10.63
728.21,0,,70.74,10.60,2,-1,70.85,-1.34,-3.31,-11.85,10.57
728.30,0,,70.84,10.59,2,-1,70.85,-1.35,-3.29,-11.84,10.54
728.42,0,,70.89,10.57,1,0,70.95,-1.29,-3.29,-11.78,10.60
728.51,0,,70.96,10.57,1,0,71.22,-1.24,-3.23,-11.67,10.59
728.66,0,,71.04,10.57,0,1,70.92,-1.32,-3.22,-11.74,10.50
728.72,0,,71.03,10.55,0,2,70.83,-1.38,-3.31,-11.89,10.53
728.81,0,,70.87,10.53,0,2,70.37,-1.36,-3.31,-11.87,10.55
728.90,0,,70.71,10.53,0,1,71.03,-1.30,-3.26,-11.76,10.56
729.02,0,,70.73,10.55,1,0,70.92,-1.25,-3.26,-11.71,10.61
729.14,0,,70.83,10.57,1,0,70.75,-1.33,-3.29,-11.82,10.56
729.23,0,,70.84,10.57,1,0,70.81,-1.38,-3.32,-11.90,10.54
729.32,0,,70.86,10.56,1,0,71.10,-1.35,-3.33,-11.88,10.58
729.41,0,,70.93,10.57,0,1,70.90,-1.27,-3.28,-11.75,10.61
729.50,0,,70.97,10.58,2,-1,71.03,-1.24,-3.23,-11.67,10.59
729.71,0,,70.94,10.58,1,0,70.61,-1.33,-3.27,-11.80,10.54
729.71,0,,70.88,10.57,1,0,71.07,-1.34,-3.32,-11.86,10.58
729.80,0,,70.85,10.56,0,1,70.69,-1.30,-3.27,-11.77,10.57
729.92,0,,70.84,10.57,0,1,70.90,-1.22,-3.24,-11.66,10.62
730.01,0,,70.79,10.60,1,0,70.50,-1.18,-3.26,-11.64,10.68
730.16,0,,70.72,10.63,1,0,70.85,-1.29,-3.29,-11.78,10.60
730.22,0,,70.76,10.62,1,0,71.12,-1.36,-3.31,-11.87,10.55
730.31,0,,70.90,10.59,1,0,70.92,-1.28,-3.30,-11.78,10.62
730.40,0,,70.97,10.60,0,1,70.91,-1.18,-3.30,-11.68,10.72
730.52,0,,70.95,10.64,0,1,70.83,-1.25,-3.30,-11.75,10.65
730.67,0,,70.81,10.64,1,0,70.24,-1.37,-3.28,-11.85,10.51
730.70,0,,70.69,10.59,1,0,71.25,-1.36,-3.28,-11.84,10.52
730.82,0,,70.73,10.55,1,0,70.57,-1.29,-3.26,-11.75,10.57
730.91,0,,70.79,10.54,1,0,70.92,-1.21,-3.21,-11.62,10.60
731.00,0,,70.77,10.57,1,0,70.46,-1.24,-3.27,-11.71,10.63
731.15,0,,70.68,10.59,1,0,70.58,-1.35,-3.30,-11.85,10.55
731.21,0,,70.57,10.58,1,0,70.47,-1.29,-3.24,-11.73,10.55
731.30,0,,70.52,10.58,2,-1,70.56,-1.18,-3.26,-11.64,10.68
731.42,0,,70.57,10.61,2,-1,71.02,-1.18,-3.27,-11.65,10.69
731.51,0,,70.68,10.65,2,-1,70.44,-1.21,-3.26,-11.67,10.65
731.66,0,,70.63,10.65,2,-1,70.23,-1.31,-3.27,-11.78,10.56
731.72,0,,70.47,10.61,2,-1,70.52,-1.30,-3.25,-11.75,10.55
731.81,0,,70.46,10.59,2,-1,70.86,-1.16,-3.25,-11.61,10.69
731.90,0,,70.60,10.61,2,-1,70.72,-1.20,-3.25,-11.65,10.65
732.02,0,,70.72,10.62,2,-1,70.68,-1.32,-3.25,-11.77,10.53
732.14,0,,70.76,10.59,0,1,70.88,-1.36,-3.29,-11.85,10.53
732.20,0,,70.79,10.55,0,1,70.77,-1.37,-3.32,-11.89,10.55
732.32,0,,70.81,10.54,0,1,70.82,-1.30,-3.30,-11.80,10.60
732.41,0,,70.84,10.56,0,1,71.03,-1.30,-3.32,-11.82,10.62
732.50,0,,70.90,10.58,0,2,70.84,-1.43,-3.37,-12.00,10.54
732.65,0,,70.90,10.55,0,2,70.76,-1.52,-3.32,-12.04,10.40
732.71,0,,70.82,10.49,0,2,70.63,-1.41,-3.27,-11.88,10.46
732.80,0,,70.74,10.47,0,1,70.80,-1.17,-3.24,-11.61,10.67
732.92,0,,70.70,10.54,1,0,70.60,-1.17,-3.21,-11.58,10.64
733.01,0,,70.70,10.60,1,0,70.90,-1.26,-3.23,-11.69,10.57
733.16,0,,70.72,10.61,1,0,70.55,-1.22,-3.23,-11.65,10.61
733.22,0,,70.74,10.60,2,-1,71.00,-1.19,-3.19,-11.58,10.60
733.31,0,,70.78,10.60,2,-1,70.68,-1.13,-3.19,-11.52,10.66
733.40,0,,70.81,10.61,2,-1,70.88,-1.16,-3.16,-11.52,10.60
733.52,0,,70.81,10.60,1,0,70.74,-1.24,-3.16,-11.60,10.52
733.64,0,,70.78,10.57,1,0,70.66,-1.18,-3.18,-11.56,10.60
733.73,0,,70.76,10.58,1,0,71.00,-1.06,-3.16,-11.42,10.70
733.82,0,,70.82,10.63,1,0,70.89,-1.03,-3.12,-11.35,10.69
733.91,0,,70.88,10.66,1,0,70.81,-1.12,-3.12,-11.44,10.60
734.00,0,,70.82,10.64,0,1,70.45,-1.21,-3.13,-11.54,10.52
734.15,0,,70.71,10.58,0,1,70.86,-1.14,-3.11,-11.45,10.57
734.21,0,,70.71,10.57,0,1,70.86,-1.01,-3.08,-11.29,10.67
734.30,0,,70.69,10.60,1,0,70.12,-1.04,-3.13,-11.37,10.69
734.42,0,,70.61,10.65,2,-1,71.08,-1.09,-3.14,-11.43,10.65
734.51,0,,70.63,10.67,2,-1,70.45,-1.06,-3.11,-11.37,10.65
734.66,0,,70.64,10.66,1,0,70.56,-1.01,-3.07,-11.28,10.66
734.72,0,,70.59,10.67,2,-1,70.63,-0.90,-3.05,-11.15,10.75
734.81,0,,70.65,10.70,2,-1,71.08,-0.96,-3.11,-11.27,10.75
734.90,0,,70.74,10.72,2,-1,70.41,-1.09,-3.12,-11.41,10.63
735.02,0,,70.73,10.69,2,-1,70.80,-1.05,-3.09,-11.34,10.64
735.14,0,,70.67,10.67,2,-1,70.50,-0.93,-3.08,-11.21,10.75
735.20,0,,70.66,10.69,1,0,70.88,-0.93,-3.08,-11.21,10.75
735.32,0,,70.72,10.71,1,0,70.87,-1.05,-3.12,-11.37,10.67
735.41,0,,70.81,10.71,1,0,70.85,-1.09,-3.16,-11.45,10.67
735.50,0,,70.88,10.69,0,1,70.99,-1.06,-3.16,-11.42,10.70
735.65,0,,70.96,10.68,0,1,71.15,-1.01,-3.11,-11.32,10.70
735.74,0,,71.02,10.69,0,1,70.85,-0.98,-3.07,-11.25,10.69
735.80,0,,70.98,10.68,0,2,70.83,-1.07,-3.07,-11.34,10.60
735.92,0,,70.88,10.64,0,2,70.74,-1.07,-3.08,-11.35,10.61
736.01,0,,70.77,10.62,1,0,70.58,-1.02,-3.09,-11.31,10.67
736.16,0,,70.71,10.63,1,0,70.98,-0.98,-3.08,-11.26,10.70
736.22,0,,70.78,10.68,1,0,70.95,-0.92,-3.11,-11.23,10.79
736.31,0,,70.88,10.72,1,0,70.88,-1.01,-3.07,-11.28,10.66
736.40,0,,70.92,10.70,1,0,70.92,-1.04,-3.03,-11.27,10.59
736.58,0,,70.96,10.67,1,0,71.16,-0.92,-3.10,-11.22,10.78
736.64,0,,71.02,10.70,1,0,70.96,-0.87,-3.10,-11.17,10.83
736.73,0,,71.05,10.75,0,1,71.06,-0.95,-3.08,-11.23,10.73
736.82,0,,71.03,10.76,0,1,70.95,-1.03,-3.11,-11.34,10.68
736.91,0,,70.98,10.73,0,1,70.76,-0.97,-3.10,-11.27,10.73
737.00,0,,70.86,10.71,0,1,70.66,-0.88,-3.05,-11.13,10.77
737.15,0,,70.75,10.73,0,1,70.77,-0.91,-3.06,-11.17,10.75
737.21,0,,70.74,10.74,0,1,70.96,-0.99,-3.11,-11.30,10.72
737.30,0,,70.80,10.73,2,-1,70.72,-1.02,-3.11,-11.33,10.69
737.45,0,,70.79,10.71,2,-1,70.63,-0.95,-3.07,-11.22,10.72
737.54,0,,70.76,10.71,2,-1,70.98,-0.87,-3.05,-11.12,10.78
737.69,0,,70.83,10.73,1,0,71.05,-0.94,-3.09,-11.23,10.75
737.72,0,,70.95,10.74,1,0,71.02,-1.04,-3.15,-11.39,10.71
737.81,0,,70.98,10.73,1,0,70.70,-1.03,-3.11,-11.34,10.68
737.90,0,,70.90,10.71,1,0,70.80,-0.93,-3.06,-11.19,10.73
738.02,0,,70.80,10.70,1,0,70.73,-0.94,-3.05,-11.19,10.71
738.14,0,,70.77,10.68,1,0,70.89,-1.05,-3.03,-11.28,10.58
738.20,0,,70.78,10.64,1,0,70.72,-1.08,-3.09,-11.37,10.61
738.32,0,,70.81,10.61,1,0,71.01,-1.08,-3.12,-11.40,10.64
738.47,0,,70.84,10.62,1,0,70.66,-0.97,-3.08,-11.25,10.71
738.50,0,,70.81,10.65,1,0,70.71,-0.96,-3.04,-11.20,10.68
738.65,0,,70.75,10.67,1,0,70.83,-1.08,-3.08,-11.36,10.60
738.71,0,,70.77,10.65,1,0,70.89,-1.06,-3.12,-11.38,10.66
738.80,0,,70.82,10.64,1,0,70.85,-1.03,-3.11,-11.34,10.68
738.92,0,,70.82,10.66,1,0,70.54,-1.00,-3.08,-11.28,10.68
739.01,0,,70.79,10.66,1,0,71.17,-1.02,-3.06,-11.28,10.64
739.16,0,,70.85,10.65,1,0,70.75,-1.13,-3.10,-11.43,10.57
739.22,0,,70.85,10.61,2,-1,70.63,-1.15,-3.12,-11.47,10.57
739.34,0,,70.77,10.59,1,0,70.78,-1.07,-3.12,-11.39,10.65
739.40,0,,70.71,10.61,1,0,70.58,-1.03,-3.12,-11.35,10.69
739.52,0,,70.69,10.63,1,0,70.85,-1.15,-3.09,-11.44,10.54
739.64,0,,70.71,10.60,1,0,70.67,-1.23,-3.13,-11.56,10.50
739.70,0,,70.76,10.55,1,0,71.03,-1.16,-3.14,-11.50,10.58
739.82,0,,70.87,10.55,1,0,71.01,-1.07,-3.07,-11.34,10.60
739.91,0,,71.02,10.56,1,0,71.34,-1.11,-3.08,-11.39,10.57
740.00,0,,71.11,10.57,1,0,70.80,-1.20,-3.12,-11.52,10.52
740.15,0,,71.00,10.55,0,2,70.48,-1.20,-3.12,-11.52,10.52
740.21,0,,70.77,10.53,1,0,70.71,-1.15,-3.10,-11.45,10.55
740.30,0,,70.65,10.54,1,0,70.78,-1.04,-3.09,-11.33,10.65
740.48,0,,70.62,10.58,1,0,70.35,-1.11,-3.09,-11.40,10.58
740.51,0,,70.61,10.59,1,0,70.99,-1.23,-3.14,-11.57,10.51
740.69,0,,70.70,10.57,1,0,70.80,-1.15,-3.15,-11.50,10.60
740.75,0,,70.79,10.56,1,0,70.70,-1.08,-3.07,-11.35,10.59
740.81,0,,70.85,10.57,1,0,71.23,-1.09,-3.08,-11.37,10.59
740.93,0,,70.99,10.58,1,0,71.19,-1.15,-3.10,-11.45,10.55
741.02,0,,71.13,10.56,1,0,71.11,-1.22,-3.09,-11.51,10.47
741.14,0,,71.13,10.53,0,1,70.86,-1.14,-3.10,-11.44,10.56
741.20,0,,70.99,10.53,0,1,70.63,-1.05,-3.06,-11.31,10.61
741.41,0,,70.86,10.57,0,1,71.09,-1.06,-3.10,-11.36,10.64
741.41,0,,70.86,10.61,1,0,70.92,-1.09,-3.14,-11.43,10.65
741.50,0,,70.88,10.64,0,1,70.70,-1.11,-3.11,-11.42,10.60
741.65,0,,70.81,10.63,0,1,70.56,-1.10,-3.09,-11.39,10.59
741.71,0,,70.73,10.60,1,0,70.95,-1.09,-3.07,-11.36,10.58
741.80,0,,70.79,10.58,1,0,71.10,-1.11,-3.09,-11.40,10.58
741.92,0,,70.91,10.57,1,0,70.80,-1.13,-3.11,-11.44,10.58
742.01,0,,70.89,10.56,2,-1,70.53,-1.15,-3.07,-11.42,10.52
742.19,0,,70.78,10.55,1,0,70.89,-1.08,-3.07,-11.35,10.59
742.25,0,,70.75,10.56,2,-1,70.84,-1.07,-3.08,-11.35,10.61
742.31,0,,70.79,10.57,2,-1,70.79,-1.19,-3.07,-11.46,10.48
742.40,0,,70.78,10.54,1,0,70.60,-1.20,-3.08,-11.48,10.48
742.52,0,,70.76,10.51,1,0,70.95,-1.14,-3.12,-11.46,10.58
742.64,0,,70.81,10.53,1,0,71.02,-1.07,-3.14,-11.41,10.67
742.70,0,,70.91,10.59,2,-1,70.91,-1.10,-3.12,-11.42,10.62
742.82,0,,70.88,10.60,1,0,70.32,-1.24,-3.09,-11.53,10.45
742.91,0,,70.77,10.55,0,1,71.23,-1.21,-3.14,-11.55,10.53
743.00,0,,70.82,10.53,1,0,70.90,-1.10,-3.15,-11.45,10.65
743.18,0,,70.94,10.56,1,0,71.05,-1.14,-3.10,-11.44,10.56
743.21,0,,71.01,10.57,1,0,71.07,-1.23,-3.18,-11.61,10.55
743.30,0,,71.00,10.56,0,1,70.57,-1.31,-3.21,-11.72,10.50
743.42,0,,70.91,10.52,1,0,71.10,-1.35,-3.18,-11.73,10.43
743.51,0,,70.91,10.49,1,0,71.05,-1.24,-3.21,-11.65,10.57
743.66,0,,70.98,10.49,1,0,70.93,-1.28,-3.18,-11.66,10.50
743.72,0,,71.03,10.50,0,1,71.29,-1.37,-3.18,-11.75,10.41
743.81,0,,71.08,10.49,0,1,70.89,-1.19,-3.20,-11.59,10.61
743.93,0,,71.08,10.53,0,1,71.13,-1.06,-3.11,-11.37,10.65
744.02,0,,71.03,10.60,1,0,70.80,-1.07,-3.16,-11.43,10.69
744.14,0,,70.96,10.66,1,0,70.98,-1.11,-3.25,-11.56,10.74
744.20,0,,70.90,10.70,0,1,70.78,-1.16,-3.20,-11.56,10.64
744.32,0,,70.92,10.70,0,1,71.30,-1.12,-3.20,-11.52,10.68
744.41,0,,71.10,10.71,0,1,71.63,-0.92,-3.21,-11.33,10.89
744.50,0,,71.30,10.78,0,1,71.04,-0.88,-3.17,-11.25,10.89
744.65,0,,71.25,10.83,0,1,70.69,-1.08,-3.17,-11.45,10.69
744.74,0,,70.95,10.79,0,1,70.43,-1.15,-3.19,-11.54,10.64
744.80,0,,70.71,10.70,0,1,71.03,-1.19,-3.22,-11.61,10.63
744.89,0,,70.74,10.63,2,-1,71.06,-1.31,-3.23,-11.74,10.52
745.01,0,,70.86,10.56,0,1,70.68,-1.39,-3.26,-11.85,10.47
745.16,0,,70.89,10.50,0,1,70.98,-1.42,-3.28,-11.90,10.46
745.22,0,,70.88,10.46,2,-1,70.74,-1.31,-3.20,-11.71,10.49
745.34,0,,70.85,10.48,4,-2,70.83,-1.20,-3.22,-11.62,10.62
745.40,0,,70.82,10.54,4,-2,70.85,-1.31,-3.34,-11.85,10.63
745.49,0,,70.87,10.58,1,0,71.18,-1.53,-3.42,-12.15,10.49
745.64,0,,70.99,10.54,1,0,71.03,-1.78,-3.48,-12.46,10.30
745.70,0,,71.02,10.41,1,0,70.74,-1.91,-3.53,-12.64,10.22
745.79,0,,70.95,10.28,1,0,70.93,-1.93,-3.55,-12.68,10.22
745.91,0,,70.90,10.20,1,0,70.97,-2.00,-3.53,-12.73,10.13
746.00,0,,70.92,10.15,1,0,71.00,-2.03,-3.54,-12.77,10.11
746.09,0,,71.02,10.13,1,0,71.42,-2.00,-3.60,-12.80,10.20
746.21,0,,71.08,10.16,0,1,70.48,-1.94,-3.63,-12.77,10.29
746.30,0,,71.00,10.22,0,1,71.19,-1.98,-3.64,-12.82,10.26
746.39,0,,70.95,10.25,1,0,70.95,-2.06,-3.64,-12.90,10.18
746.51,0,,70.97,10.23,1,0,70.96,-2.05,-3.65,-12.90,10.20
746.66,0,,71.00,10.21,1,0,71.21,-1.97,-3.61,-12.78,10.24
746.69,0,,71.03,10.22,1,0,70.80,-1.84,-3.53,-12.57,10.29
746.81,0,,70.98,10.26,1,0,70.88,-1.76,-3.54,-12.50,10.38
746.90,0,,70.90,10.32,1,0,70.85,-1.75,-3.52,-12.47,10.37
746.99,0,,70.87,10.35,1,0,70.95,-1.78,-3.47,-12.45,10.29
747.14,0,,70.92,10.34,1,0,71.20,-1.78,-3.51,-12.49,10.33
747.20,0,,71.04,10.34,1,0,71.12,-1.70,-3.54,-12.44,10.44
747.29,0,,71.11,10.37,1,0,71.02,-1.74,-3.51,-12.45,10.37
747.41,0,,71.09,10.37,1,0,71.00,-1.83,-3.50,-12.53,10.27
747.50,0,,71.04,10.33,1,0,71.01,-1.80,-3.50,-12.50,10.30
747.59,0,,71.04,10.31,0,1,71.21,-1.68,-3.44,-12.32,10.36
747.71,0,,71.02,10.33,0,1,70.59,-1.51,-3.36,-12.07,10.45
747.80,0,,70.90,10.38,0,1,70.83,-1.47,-3.31,-11.98,10.44
747.89,0,,70.79,10.42,1,0,70.77,-1.38,-3.15,-11.73,10.37
748.01,0,,70.79,10.42,1,0,70.99,-1.13,-2.98,-11.31,10.45
748.16,0,,70.84,10.44,2,-1,70.80,-0.93,-2.93,-11.06,10.60
748.19,0,,70.83,10.51,2,-1,70.56,-0.89,-2.89,-10.98,10.60
748.31,0,,70.76,10.56,2,-1,70.91,-1.00,-2.91,-11.11,10.51
748.40,0,,70.75,10.55,4,-2,70.71,-1.09,-2.97,-11.26,10.48
748.49,0,,70.75,10.51,2,-1,70.72,-1.10,-2.98,-11.28,10.48
748.64,0,,70.69,10.49,2,-1,70.34,-1.04,-2.99,-11.23,10.55
748.70,0,,70.50,10.50,2,-1,70.08,-1.07,-3.01,-11.28,10.54
748.79,0,,70.40,10.52,4,-2,71.08,-1.10,-3.00,-11.30,10.50
748.91,0,,70.57,10.54,4,-2,70.91,-0.86,-2.96,-11.02,10.70
749.00,0,,70.84,10.60,2,-1,71.09,-0.79,-2.91,-10.90,10.72
749.09,0,,71.04,10.64,1,0,71.22,-1.15,-3.04,-11.39,10.49
749.21,0,,71.13,10.59,0,2,70.92,-1.46,-3.27,-11.93,10.41
749.30,0,,71.10,10.48,0,2,71.07,-1.60,-3.41,-12.21,10.41
749.39,0,,71.03,10.40,0,2,70.82,-1.77,-3.52,-12.49,10.35
749.51,0,,70.94,10.37,0,2,70.89,-1.69,-3.51,-12.40,10.42
749.69,0,,70.88,10.39,0,2,70.88,-1.50,-3.43,-12.13,10.53
749.69,0,,70.88,10.39,0,2,70.88,-1.50,-3.43,-12.13,10.53
749.84,0,,70.73,10.48,1,0,70.18,-1.38,-3.13,-11.71,10.35
749.90,0,,70.53,10.40,1,0,70.51,-1.76,-3.18,-12.14,10.02
749.99,0,,70.40,10.21,4,-2,70.38,-2.15,-3.54,-12.89,9.99
750.14,0,,70.41,10.07,4,-2,70.68,-2.18,-3.73,-13.11,10.15
750.20,0,,70.53,10.05,4,-2,70.78,-2.06,-3.63,-12.89,10.17
750.29,0,,70.66,10.11,4,-2,70.62,-1.93,-3.53,-12.66,10.20
750.41,0,,70.72,10.17,4,-2,70.80,-1.94,-3.59,-12.73,10.25
750.50,0,,70.74,10.23,2,-1,70.67,-1.87,-3.58,-12.65,10.31
750.59,0,,70.75,10.27,1,0,70.88,-1.85,-3.49,-12.54,10.24
750.71,0,,70.75,10.26,1,0,70.57,-1.89,-3.47,-12.56,10.18
750.80,0,,70.75,10.23,0,2,71.01,-1.86,-3.50,-12.56,10.24
750.89,0,,70.80,10.22,0,2,70.74,-1.86,-3.51,-12.57,10.25
751.01,0,,70.81,10.22,0,2,70.71,-1.89,-3.50,-12.59,10.21
751.22,0,,70.74,10.22,0,1,70.53,-1.95,-3.51,-12.66,10.16
751.22,0,,70.63,10.19,1,0,70.49,-1.93,-3.52,-12.65,10.19
751.31,0,,70.54,10.18,2,-1,70.52,-1.83,-3.45,-12.48,10.22
751.43,0,,70.54,10.20,2,-1,70.83,-1.77,-3.43,-12.40,10.26
751.67,0,,70.64,10.23,1,0,70.76,-1.82,-3.47,-12.49,10.25
751.67,0,,70.69,10.23,1,0,70.40,-1.91,-3.45,-12.56,10.14
751.70,0,,70.64,10.21,2,-1,70.72,-1.81,-3.44,-12.45,10.23
751.79,0,,70.62,10.22,2,-1,70.71,-1.61,-3.41,-12.22,10.40
751.97,0,,70.63,10.28,2,-1,70.42,-1.67,-3.36,-12.23,10.29
752.03,0,,70.58,10.30,1,0,70.60,-1.78,-3.38,-12.36,10.20
752.09,0,,70.54,10.27,1,0,70.47,-1.71,-3.41,-12.32,10.30
752.21,0,,70.50,10.28,2,-1,70.38,-1.58,-3.39,-12.17,10.41
752.30,0,,70.49,10.34,2,-1,70.77,-1.46,-3.34,-12.00,10.48
752.39,0,,70.56,10.41,1,0,70.61,-1.44,-3.27,-11.91,10.43
752.51,0,,70.61,10.42,1,0,70.50,-1.57,-3.24,-12.01,10.27
752.69,0,,70.61,10.36,1,0,70.68,-1.57,-3.26,-12.03,10.29
752.69,0,,70.61,10.32,1,0,70.62,-1.38,-3.23,-11.81,10.45
752.81,0,,70.65,10.36,1,0,70.84,-1.30,-3.18,-11.68,10.48
752.96,0,,70.64,10.43,1,0,70.14,-1.27,-3.14,-11.61,10.47
753.05,0,,70.51,10.48,1,0,70.51,-1.11,-3.10,-11.41,10.59
753.20,0,,70.46,10.54,1,0,70.72,-1.05,-3.10,-11.35,10.65
753.20,0,,70.56,10.60,2,-1,70.80,-1.07,-3.10,-11.37,10.63
753.32,0,,70.75,10.65,2,-1,71.13,-1.03,-3.17,-11.40,10.74
753.41,0,,70.93,10.70,0,1,70.91,-1.03,-3.21,-11.44,10.78
753.50,0,,70.96,10.73,0,2,70.63,-1.13,-3.20,-11.53,10.67
753.59,0,,70.79,10.72,0,2,70.37,-1.16,-3.24,-11.60,10.68
753.71,0,,70.60,10.69,0,1,70.64,-1.22,-3.26,-11.68,10.64
753.80,0,,70.54,10.64,1,0,70.69,-1.35,-3.27,-11.82,10.52
753.92,0,,70.62,10.58,1,0,70.88,-1.41,-3.38,-11.99,10.57
754.01,0,,70.75,10.55,1,0,70.85,-1.43,-3.37,-12.00,10.54
754.16,0,,70.81,10.52,1,0,70.65,-1.50,-3.36,-12.06,10.46
754.19,0,,70.78,10.48,1,0,70.69,-1.54,-3.36,-12.10,10.42
754.31,0,,70.70,10.43,1,0,70.61,-1.42,-3.18,-11.80,10.36
754.40,0,,70.64,10.41,1,0,70.54,-1.17,-3.05,-11.42,10.48
754.49,0,,70.62,10.47,1,0,70.89,-0.74,-2.97,-10.91,10.83
754.67,0,,70.72,10.66,1,0,70.96,-0.48,-2.97,-10.65,11.09
754.76,0,,70.82,10.89,0,1,70.62,-0.64,-3.01,-10.85,10.97
754.82,0,,70.85,10.99,0,1,71.08,-0.73,-2.95,-10.88,10.82
754.91,0,,70.90,10.95,0,1,70.92,-0.76,-3.02,-10.98,10.86
755.00,0,,70.94,10.87,0,1,70.86,-0.92,-3.08,-11.20,10.76
755.09,0,,70.89,10.78,0,1,70.71,-1.18,-3.18,-11.56,10.60
755.21,0,,70.77,10.66,0,1,70.46,-1.56,-3.40,-12.16,10.44
755.30,0,,70.61,10.49,0,1,70.47,-2.00,-3.53,-12.73,10.13
755.39,0,,70.54,10.27,0,1,70.88,-2.26,-3.62,-13.08,9.96
755.51,0,,70.52,10.06,2,-1,69.91,-2.28,-3.62,-13.10,9.94
755.66,0,,70.35,9.94,4,-2,70.15,-2.25,-3.54,-12.99,9.89
755.69,0,,70.22,9.89,4,-2,70.51,-2.12,-3.46,-12.78,9.94
755.81,0,,70.26,9.92,4,-2,70.34,-1.76,-3.34,-12.30,10.18
755.90,0,,70.38,10.07,4,-2,70.69,-1.42,-3.29,-11.91,10.47
755.99,0,,70.56,10.29,4,-2,70.89,-1.46,-3.36,-12.02,10.50
756.14,0,,70.72,10.42,2,-1,70.67,-1.77,-3.43,-12.40,10.26
756.20,0,,70.76,10.39,2,-1,70.61,-1.88,-3.46,-12.54,10.18
756.29,0,,70.75,10.30,1,0,71.03,-1.76,-3.46,-12.42,10.30
756.41,0,,70.82,10.26,0,2,70.87,-1.66,-3.42,-12.28,10.36
756.50,0,,70.89,10.29,0,2,70.90,-1.71,-3.44,-12.35,10.33
756.59,0,,70.90,10.31,0,2,70.83,-1.80,-3.48,-12.48,10.28
756.71,0,,70.87,10.30,0,2,70.82,-1.80,-3.47,-12.47,10.27
756.89,0,,70.83,10.29,0,2,70.73,-1.70,-3.44,-12.34,10.34
756.89,0,,70.83,10.29,0,2,70.73,-1.70,-3.44,-12.34,10.34
757.01,0,,70.92,10.34,0,1,70.87,-1.51,-3.30,-12.01,10.39
757.16,0,,70.87,10.38,1,0,70.21,-1.25,-3.12,-11.57,10.47
757.19,0,,70.63,10.43,1,0,70.46,-1.14,-3.03,-11.37,10.49
757.31,0,,70.43,10.45,2,-1,70.34,-1.27,-3.05,-11.52,10.38
757.40,0,,70.38,10.43,4,-2,70.62,-1.31,-3.07,-11.58,10.36
757.49,0,,70.44,10.40,4,-2,70.48,-1.33,-3.16,-11.69,10.43
757.64,0,,70.53,10.38,4,-2,70.77,-1.49,-3.22,-11.91,10.33
757.70,0,,70.65,10.35,4,-2,70.79,-1.61,-3.24,-12.05,10.23
757.79,0,,70.73,10.30,2,-1,70.67,-1.54,-3.27,-12.01,10.33
757.91,0,,70.73,10.29,2,-1,70.64,-1.51,-3.21,-11.92,10.30
758.00,0,,70.68,10.27,2,-1,70.59,-1.67,-3.22,-12.09,10.15
758.09,0,,70.59,10.21,2,-1,70.37,-1.76,-3.28,-12.24,10.12
758.21,0,,70.49,10.16,0,1,70.45,-1.71,-3.28,-12.19,10.17
758.30,0,,70.40,10.14,1,0,70.22,-1.68,-3.28,-12.16,10.20
758.39,0,,70.36,10.16,2,-1,70.62,-1.68,-3.28,-12.16,10.20
758.51,0,,70.45,10.18,2,-1,70.71,-1.79,-3.32,-12.31,10.13
758.66,0,,70.58,10.16,2,-1,70.59,-1.92,-3.36,-12.48,10.04
758.69,0,,70.60,10.10,2,-1,70.29,-1.89,-3.30,-12.39,10.01
758.81,0,,70.55,10.05,2,-1,70.85,-1.82,-3.28,-12.30,10.06
758.90,0,,70.55,10.04,2,-1,70.26,-1.81,-3.34,-12.35,10.13
758.99,0,,70.48,10.06,2,-1,70.31,-1.92,-3.33,-12.45,10.01
759.14,0,,70.39,10.04,2,-1,70.51,-1.99,-3.30,-12.49,9.91
759.21,0,,70.38,9.98,2,-1,70.32,-1.93,-3.31,-12.44,9.98
759.29,0,,70.38,9.96,2,-1,70.40,-1.89,-3.29,-12.38,10.00
759.41,0,,70.39,9.97,2,-1,70.50,-1.93,-3.30,-12.43,9.97
759.50,0,,70.45,9.97,2,-1,70.55,-1.99,-3.32,-12.51,9.93
759.59,0,,70.51,9.94,2,-1,70.56,-2.04,-3.30,-12.54,9.86
759.71,0,,70.51,9.91,2,-1,70.22,-1.97,-3.30,-12.47,9.93
759.80,0,,70.37,9.91,2,-1,69.97,-1.89,-3.29,-12.38,10.00
759.89,0,,70.21,9.93,2,-1,70.39,-1.98,-3.27,-12.45,9.89
760.04,0,,70.23,9.91,2,-1,70.58,-2.07,-3.26,-12.53,9.79
760.19,0,,70.37,9.85,2,-1,70.39,-2.06,-3.24,-12.50,9.78
760.19,0,,70.42,9.81,2,-1,70.21,-1.97,-3.26,-12.43,9.89
760.31,0,,70.40,9.82,2,-1,70.60,-1.95,-3.23,-12.38,9.88
760.40,0,,70.42,9.85,2,-1,70.36,-2.03,-3.24,-12.47,9.81
760.49,0,,70.46,9.84,2,-1,70.61,-2.09,-3.28,-12.57,9.79
760.64,0,,70.48,9.81,1,0,70.30,-2.13,-3.26,-12.59,9.73
760.70,0,,70.44,9.78,1,0,70.41,-2.04,-3.26,-12.50,9.82
760.82,0,,70.35,9.77,1,0,70.01,-2.06,-3.25,-12.51,9.79
760.91,0,,70.24,9.76,1,0,70.30,-2.19,-3.24,-12.63,9.65
761.00,0,,70.20,9.72,1,0,70.32,-2.17,-3.23,-12.60,9.66
761.09,0,,70.27,9.68,1,0,70.45,-2.14,-3.22,-12.56,9.68
761.21,0,,70.40,9.67,1,0,70.68,-2.08,-3.23,-12.51,9.75
761.30,0,,70.50,9.70,1,0,70.31,-2.10,-3.21,-12.51,9.71
761.39,0,,70.44,9.70,1,0,70.03,-2.22,-3.17,-12.59,9.55
761.51,0,,70.23,9.65,2,-1,69.93,-2.18,-3.20,-12.58,9.62
761.66,0,,70.13,9.62,2,-1,70.70,-2.11,-3.23,-12.54,9.72
761.69,0,,70.24,9.65,2,-1,70.25,-2.10,-3.19,-12.49,9.69
761.81,0,,70.28,9.66,1,0,69.85,-2.16,-3.14,-12.50,9.58
761.90,0,,70.17,9.63,1,0,70.26,-2.24,-3.15,-12.59,9.51
761.99,0,,70.14,9.57,2,-1,70.30,-2.20,-3.19,-12.59,9.59
762.14,0,,70.21,9.56,2,-1,70.30,-2.14,-3.17,-12.51,9.63
762.20,0,,70.26,9.57,2,-1,70.15,-2.17,-3.13,-12.50,9.56
762.29,0,,70.23,9.58,2,-1,70.16,-2.21,-3.17,-12.58,9.56
762.41,0,,70.20,9.56,2,-1,70.24,-2.25,-3.19,-12.64,9.54
762.50,0,,70.25,9.55,2,-1,70.61,-2.22,-3.16,-12.58,9.54
762.59,0,,70.35,9.54,1,0,70.17,-2.16,-3.16,-12.52,9.60
762.71,0,,70.37,9.55,1,0,70.40,-2.21,-3.15,-12.56,9.54
762.80,0,,70.32,9.55,1,0,70.10,-2.27,-3.16,-12.63,9.49
762.89,0,,70.21,9.52,1,0,69.95,-2.27,-3.15,-12.62,9.48
763.01,0,,70.06,9.49,2,-1,69.90,-2.26,-3.11,-12.57,9.45
763.16,0,,69.96,9.46,2,-1,70.05,-2.24,-3.10,-12.54,9.46
763.19,0,,70.00,9.46,2,-1,70.33,-2.24,-3.15,-12.59,9.51
763.31,0,,70.15,9.47,2,-1,70.36,-2.31,-3.17,-12.68,9.46
763.40,0,,70.28,9.46,2,-1,70.25,-2.34,-3.13,-12.67,9.39
763.49,0,,70.31,9.44,2,-1,70.23,-2.23,-3.12,-12.55,9.49
763.64,0,,70.27,9.45,2,-1,70.18,-2.22,-3.14,-12.56,9.52
763.70,0,,70.21,9.46,2,-1,70.12,-2.32,-3.11,-12.63,9.39
763.79,0,,70.21,9.44,1,0,70.53,-2.32,-3.12,-12.64,9.40
763.94,0,,70.24,9.42,1,0,69.89,-2.24,-3.13,-12.57,9.49
764.00,0,,70.15,9.43,1,0,69.94,-2.23,-3.04,-12.47,9.41
764.09,0,,70.05,9.42,1,0,70.27,-2.30,-3.05,-12.55,9.35
764.21,0,,70.08,9.39,1,0,70.16,-2.32,-3.12,-12.64,9.40
764.30,0,,70.15,9.38,1,0,70.18,-2.27,-3.09,-12.56,9.42
764.39,0,,70.19,9.41,1,0,70.26,-2.19,-3.12,-12.51,9.53
764.51,0,,70.20,9.45,1,0,70.07,-2.24,-3.12,-12.56,9.48
764.66,0,,70.18,9.47,1,0,70.20,-2.34,-3.09,-12.63,9.35
764.75,0,,70.16,9.43,1,0,70.13,-2.28,-3.13,-12.61,9.45
764.81,0,,70.13,9.41,1,0,70.02,-2.26,-3.09,-12.55,9.43
764.90,0,,70.08,9.41,1,0,70.01,-2.28,-3.08,-12.56,9.40
764.99,0,,70.02,9.41,1,0,69.94,-2.30,-3.11,-12.61,9.41
765.17,0,,70.00,9.39,2,-1,70.13,-2.39,-3.06,-12.65,9.27
765.20,0,,70.03,9.35,1,0,70.07,-2.34,-3.08,-12.62,9.34
765.29,0,,70.09,9.34,1,0,70.25,-2.23,-3.12,-12.55,9.49
765.41,0,,70.14,9.38,1,0,70.08,-2.30,-3.06,-12.56,9.36
765.50,0,,70.21,9.38,1,0,70.53,-2.37,-3.04,-12.61,9.27
765.59,0,,70.27,9.34,1,0,70.00,-2.36,-3.08,-12.64,9.32
765.71,0,,70.23,9.32,1,0,70.12,-2.32,-3.10,-12.62,9.38
765.80,0,,70.13,9.34,1,0,69.96,-2.25,-3.06,-12.51,9.41
765.89,0,,70.06,9.36,1,0,70.20,-2.33,-3.07,-12.60,9.34
766.04,0,,70.05,9.37,1,0,69.94,-2.40,-3.17,-12.77,9.37
766.16,0,,70.08,9.39,1,0,70.37,-2.25,-3.16,-12.61,9.51
766.19,0,,70.18,9.44,1,0,70.36,-2.07,-3.02,-12.29,9.55
766.31,0,,70.25,9.50,1,0,69.95,-2.06,-3.00,-12.26,9.54
766.43,0,,70.17,9.53,1,0,69.94,-2.20,-3.04,-12.44,9.44
766.49,0,,70.09,9.48,1,0,70.43,-2.29,-2.98,-12.47,9.29
766.64,0,,70.13,9.40,1,0,70.01,-2.24,-3.04,-12.48,9.40
766.70,0,,70.22,9.38,1,0,70.72,-2.19,-3.13,-12.52,9.54
766.79,0,,70.38,9.43,1,0,70.48,-2.28,-3.11,-12.59,9.43
766.97,0,,70.48,9.45,1,0,70.26,-2.37,-3.14,-12.71,9.37
767.00,0,,70.41,9.42,0,1,70.18,-2.33,-3.15,-12.68,9.42
767.09,0,,70.23,9.40,0,1,69.83,-2.30,-3.07,-12.57,9.37
767.21,0,,70.13,9.39,0,1,70.65,-2.27,-3.11,-12.58,9.44
767.30,0,,70.27,9.41,0,1,70.68,-2.23,-3.16,-12.59,9.53
767.45,0,,70.46,9.44,0,1,70.23,-2.33,-3.08,-12.61,9.35
767.51,0,,70.43,9.41,0,1,70.09,-2.37,-3.06,-12.63,9.29
767.66,0,,70.25,9.37,0,1,69.99,-2.21,-3.05,-12.46,9.44
767.69,0,,70.14,9.36,0,1,70.51,-2.26,-3.01,-12.47,9.35
767.81,0,,70.20,9.36,2,-1,70.22,-2.33,-3.07,-12.60,9.34
767.90,0,,70.28,9.37,1,0,70.34,-2.21,-3.14,-12.55,9.53
767.99,0,,70.34,9.41,0,1,70.50,-2.25,-3.05,-12.50,9.40
768.14,0,,70.38,9.43,0,1,70.20,-2.26,-3.05,-12.51,9.39
768.26,0,,70.39,9.43,0,1,70.60,-2.27,-3.15,-12.62,9.48
768.29,0,,70.41,9.42,0,1,70.33,-2.37,-3.09,-12.66,9.32
768.41,0,,70.50,9.40,0,1,70.98,-2.26,-3.08,-12.54,9.42
768.50,0,,70.63,9.41,0,1,70.56,-2.11,-3.12,-12.43,9.61
768.65,0,,70.66,9.47,0,2,70.37,-2.20,-3.03,-12.43,9.43
768.71,0,,70.55,9.48,0,2,70.42,-2.25,-3.03,-12.48,9.38
768.80,0,,70.46,9.46,0,1,70.56,-2.18,-3.11,-12.49,9.53
768.95,0,,70.53,9.47,0,1,71.00,-2.09,-3.06,-12.35,9.57
769.01,0,,70.68,9.52,0,1,70.56,-2.10,-3.05,-12.35,9.55
769.16,0,,70.68,9.54,0,1,70.29,-2.21,-3.08,-12.49,9.47
769.19,0,,70.56,9.51,0,1,70.65,-2.20,-3.01,-12.41,9.41
769.34,0,,70.51,9.47,0,1,70.51,-2.06,-3.01,-12.27,9.55
769.40,0,,70.50,9.49,2,-1,70.37,-2.05,-3.06,-12.31,9.61
769.49,0,,70.46,9.53,2,-1,70.48,-2.13,-3.04,-12.37,9.51
769.64,0,,70.44,9.54,1,0,70.46,-2.16,-3.03,-12.39,9.47
769.70,0,,70.44,9.52,2,-1,70.43,-2.14,-3.05,-12.39,9.51
769.79,0,,70.41,9.51,2,-1,70.19,-2.04,-3.02,-12.26,9.58
769.91,0,,70.36,9.52,2,-1,70.53,-2.07,-2.97,-12.24,9.50
770.00,0,,70.39,9.52,2,-1,70.52,-2.16,-3.03,-12.39,9.47
770.09,0,,70.49,9.51,2,-1,70.65,-2.10,-3.05,-12.35,9.55
770.21,0,,70.54,9.51,1,0,70.31,-2.02,-3.00,-12.22,9.58
770.30,0,,70.52,9.56,1,0,70.65,-1.99,-3.07,-12.26,9.68
770.39,0,,70.53,9.61,0,1,70.56,-2.07,-3.05,-12.32,9.58
770.51,0,,70.55,9.60,0,1,70.49,-2.15,-3.02,-12.37,9.47
770.66,0,,70.59,9.56,0,1,70.95,-2.06,-3.10,-12.36,9.64
770.69,0,,70.67,9.56,0,1,70.49,-2.05,-3.05,-12.30,9.60
770.81,0,,70.65,9.57,0,1,70.45,-2.12,-3.03,-12.35,9.51
770.90,0,,70.58,9.56,0,1,70.73,-2.13,-3.12,-12.45,9.59
770.99,0,,70.56,9.56,0,1,70.40,-2.13,-3.10,-12.43,9.57
771.14,0,,70.52,9.57,1,0,70.45,-2.05,-3.07,-12.32,9.62
771.20,0,,70.42,9.60,1,0,70.09,-2.04,-3.10,-12.34,9.66
771.29,0,,70.32,9.61,1,0,70.52,-2.18,-3.08,-12.46,9.50
771.41,0,,70.32,9.57,2,-1,70.35,-2.21,-3.09,-12.50,9.48
771.50,0,,70.35,9.52,4,-2,70.28,-2.14,-3.14,-12.48,9.60
771.59,0,,70.42,9.54,4,-2,70.94,-2.09,-3.12,-12.41,9.63
771.71,0,,70.54,9.57,2,-1,70.27,-2.12,-3.06,-12.38,9.54
771.80,0,,70.50,9.56,2,-1,70.10,-2.25,-3.05,-12.50,9.40
771.92,0,,70.33,9.49,1,0,70.32,-2.23,-3.07,-12.50,9.44
772.01,0,,70.30,9.46,1,0,70.72,-2.11,-3.07,-12.38,9.56
772.16,0,,70.45,9.48,1,0,70.66,-2.10,-3.07,-12.37,9.57
772.19,0,,70.58,9.52,1,0,70.39,-2.23,-3.06,-12.49,9.43
772.31,0,,70.59,9.49,0,1,70.69,-2.30,-3.07,-12.57,9.37
772.40,0,,70.59,9.44,0,1,70.62,-2.20,-3.11,-12.51,9.51
772.49,0,,70.59,9.45,0,1,70.42,-2.13,-3.09,-12.42,9.56
772.64,0,,70.61,9.50,0,1,71.00,-2.20,-3.09,-12.49,9.49
772.70,0,,70.67,9.51,0,1,70.49,-2.26,-3.14,-12.60,9.48
772.79,0,,70.68,9.50,0,2,70.59,-2.24,-3.15,-12.59,9.51
772.91,0,,70.63,9.50,0,1,70.68,-2.17,-3.11,-12.48,9.54
773.00,0,,70.64,9.51,1,0,70.72,-2.20,-3.12,-12.52,9.52
773.09,0,,70.61,9.52,1,0,70.20,-2.25,-3.15,-12.60,9.50
773.21,0,,70.54,9.51,1,0,70.81,-2.23,-3.14,-12.57,9.51
773.30,0,,70.57,9.51,1,0,70.74,-2.21,-3.13,-12.54,9.52
773.39,0,,70.61,9.51,1,0,70.22,-2.20,-3.11,-12.51,9.51
773.51,0,,70.49,9.50,1,0,70.31,-2.21,-3.08,-12.49,9.47
773.66,0,,70.33,9.48,2,-1,70.11,-2.18,-3.05,-12.43,9.47
773.69,0,,70.23,9.49,4,-2,70.38,-2.03,-3.04,-12.27,9.61
773.81,0,,70.30,9.56,4,-2,70.81,-1.88,-3.11,-12.19,9.83
773.90,0,,70.54,9.71,2,-1,70.89,-1.62,-3.04,-11.86,10.02
773.99,0,,70.75,9.93,1,0,70.66,-1.13,-2.90,-11.23,10.37
774.14,0,,70.83,10.20,1,0,70.95,-1.02,-2.97,-11.19,10.55
774.20,0,,70.77,10.38,1,0,70.13,-1.27,-2.87,-11.34,10.20
774.32,0,,70.55,10.34,0,1,70.29,-1.37,-2.61,-11.18,9.84
774.41,0,,70.28,10.08,1,0,69.89,-1.66,-2.65,-11.51,9.59
774.50,0,,70.08,9.76,1,0,70.09,-2.06,-2.89,-12.15,9.43
774.59,0,,70.08,9.55,2,-1,70.65,-2.06,-3.17,-12.43,9.71
774.71,0,,70.27,9.58,2,-1,70.38,-1.78,-3.22,-12.20,10.04
774.80,0,,70.47,9.78,2,-1,70.79,-1.79,-3.22,-12.21,10.03
774.89,0,,70.63,9.96,2,-1,70.70,-1.92,-3.34,-12.46,10.02
775.01,0,,70.73,10.04,2,-1,70.77,-1.91,-3.30,-12.41,9.99
775.19,0,,70.72,10.03,2,-1,70.42,-1.83,-3.18,-12.21,9.95
775.19,0,,70.59,9.98,0,1,70.27,-1.71,-3.03,-11.94,9.92
775.31,0,,70.48,9.92,0,1,70.83,-1.69,-2.91,-11.80,9.82
775.40,0,,70.37,9.86,0,1,69.36,-1.70,-2.85,-11.75,9.75
775.49,0,,70.10,9.79,1,0,70.11,-1.54,-2.72,-11.46,9.78
775.64,0,,69.94,9.78,2,-1,70.17,-1.36,-2.66,-11.22,9.90
775.70,0,,69.96,9.82,2,-1,69.78,-1.34,-2.63,-11.17,9.89
775.79,0,,69.91,9.86,4,-2,69.72,-1.36,-2.58,-11.14,9.82
775.91,0,,69.90,9.86,4,-2,70.42,-1.24,-2.55,-10.99,9.91
776.00,0,,70.03,9.89,4,-2,70.07,-1.04,-2.50,-10.74,10.06
776.09,0,,70.12,9.97,4,-2,69.98,-0.92,-2.45,-10.57,10.13
776.21,0,,70.07,10.06,2,-1,69.86,-0.93,-2.40,-10.53,10.07
776.30,0,,69.96,10.09,2,-1,69.89,-0.95,-2.38,-10.53,10.03
776.39,0,,69.94,10.08,1,0,70.22,-0.85,-2.37,-10.42,10.12
776.51,0,,70.01,10.10,2,-1,70.04,-0.71,-2.34,-10.25,10.23
776.66,0,,70.07,10.15,0,1,70.02,-0.68,-2.29,-10.17,10.21
776.72,0,,70.01,10.19,0,1,69.68,-0.75,-2.24,-10.19,10.09
776.81,0,,69.97,10.15,1,0,70.48,-0.78,-2.24,-10.22,10.06
776.90,0,,70.05,10.11,2,-1,69.96,-0.70,-2.27,-10.17,10.17
777.02,0,,70.07,10.11,1,0,69.76,-0.70,-2.25,-10.15,10.15
777.14,0,,69.97,10.13,1,0,70.01,-0.70,-2.22,-10.12,10.12
777.20,0,,69.91,10.15,1,0,69.87,-0.61,-2.22,-10.03,10.21
777.32,0,,69.92,10.17,1,0,70.03,-0.54,-2.14,-9.88,10.20
777.41,0,,69.94,10.21,1,0,69.88,-0.44,-2.12,-9.76,10.28
777.50,0,,69.96,10.25,2,-1,70.05,-0.42,-2.12,-9.74,10.30
777.65,0,,69.97,10.28,1,0,69.93,-0.48,-2.09,-9.77,10.21
777.74,0,,70.00,10.27,1,0,70.12,-0.43,-2.10,-9.73,10.27
777.80,0,,69.99,10.27,1,0,69.68,-0.32,-2.03,-9.55,10.31
777.92,0,,69.95,10.28,1,0,70.23,-0.26,-1.94,-9.40,10.28
778.04,0,,69.96,10.31,1,0,69.79,-0.20,-2.00,-9.40,10.40
778.16,0,,69.90,10.36,1,0,69.60,-0.18,-2.01,-9.39,10.43
778.22,0,,69.82,10.41,1,0,70.10,-0.16,-1.98,-9.34,10.42
778.31,0,,69.89,10.44,1,0,70.17,-0.09,-2.01,-9.30,10.52
778.40,0,,70.01,10.48,1,0,69.89,-0.07,-1.97,-9.24,10.50
778.52,0,,70.05,10.49,1,0,70.13,-0.11,-1.92,-9.23,10.41
778.64,0,,70.08,10.47,1,0,70.19,-0.10,-1.95,-9.25,10.45
778.70,0,,70.18,10.45,1,0,70.54,-0.06,-1.93,-9.19,10.47
778.82,0,,70.32,10.46,0,2,70.30,-0.03,-1.94,-9.17,10.51
778.91,0,,70.32,10.48,0,2,69.86,-0.11,-1.96,-9.27,10.45
779.00,0,,70.12,10.47,0,2,69.77,-0.20,-1.93,-9.33,10.33
779.15,0,,69.96,10.42,1,0,70.23,-0.14,-1.93,-9.27,10.39
779.21,0,,69.99,10.40,1,0,70.18,-0.03,-1.93,-9.16,10.50
779.30,0,,70.06,10.43,1,0,69.85,-0.04,-1.89,-9.13,10.45
779.42,0,,70.10,10.45,1,0,70.51,-0.08,-1.88,-9.16,10.40
779.51,0,,70.19,10.45,1,0,70.15,0.01,-1.87,-9.06,10.48
779.66,0,,70.23,10.46,1,0,70.02,0.08,-1.83,-8.95,10.51
779.72,0,,70.14,10.49,1,0,70.00,0.11,-1.78,-8.87,10.49
779.81,0,,70.05,10.50,1,0,70.04,0.11,-1.76,-8.85,10.47
779.90,0,,70.00,10.49,1,0,69.92,0.05,-1.79,-8.94,10.44
780.02,0,,69.97,10.47,1,0,69.97,0.06,-1.79,-8.93,10.45
780.14,0,,69.97,10.46,2,-1,70.14,0.11,-1.76,-8.85,10.47
780.20,0,,70.02,10.46,1,0,70.01,0.08,-1.76,-8.88,10.44
780.32,0,,70.05,10.45,1,0,70.02,0.04,-1.75,-8.91,10.39
780.41,0,,70.00,10.42,1,0,69.73,0.02,-1.74,-8.92,10.36
780.50,0,,69.90,10.39,1,0,69.86,0.03,-1.74,-8.91,10.37
780.65,0,,69.88,10.37,1,0,70.23,0.06,-1.72,-8.86,10.38
780.71,0,,69.97,10.37,1,0,69.89,-0.05,-1.77,-9.02,10.32
780.83,0,,69.95,10.34,2,-1,69.56,-0.23,-1.85,-9.28,10.22
780.92,0,,69.88,10.29,2,-1,70.28,-0.21,-1.86,-9.27,10.25
781.01,0,,69.92,10.26,2,-1,69.82,-0.16,-1.83,-9.19,10.27
781.10,0,,69.94,10.25,2,-1,69.86,-0.22,-1.79,-9.21,10.17
781.22,0,,69.90,10.22,2,-1,69.87,-0.24,-1.79,-9.23,10.15
781.31,0,,69.90,10.18,2,-1,70.03,-0.22,-1.77,-9.19,10.15
781.43,0,,69.95,10.16,2,-1,70.08,-0.20,-1.74,-9.14,10.14
781.52,0,,70.01,10.15,2,-1,69.95,-0.13,-1.73,-9.06,10.20
781.64,0,,70.00,10.17,2,-1,69.88,-0.10,-1.74,-9.04,10.24
781.70,0,,69.98,10.20,2,-1,70.14,-0.18,-1.78,-9.16,10.20
781.82,0,,70.03,10.22,2,-1,70.17,-0.15,-1.74,-9.09,10.19
781.91,0,,70.11,10.21,1,0,70.14,-0.06,-1.67,-8.93,10.21
782.00,0,,70.12,10.21,0,1,69.94,-0.08,-1.66,-8.94,10.18
782.15,0,,70.07,10.19,0,1,70.02,-0.15,-1.65,-9.00,10.10
782.21,0,,70.00,10.16,1,0,69.86,-0.11,-1.70,-9.01,10.19
782.30,0,,69.94,10.18,1,0,70.01,-0.01,-1.74,-8.95,10.33
782.42,0,,70.01,10.24,1,0,70.53,0.04,-1.67,-8.83,10.31
782.51,0,,70.16,10.29,1,0,69.97,-0.01,-1.62,-8.83,10.21
782.60,0,,70.16,10.27,1,0,69.88,-0.10,-1.66,-8.96,10.16
782.72,0,,70.12,10.22,1,0,70.55,-0.07,-1.68,-8.95,10.21
782.81,0,,70.17,10.20,1,0,70.04,-0.03,-1.65,-8.88,10.22
782.90,0,,70.26,10.22,1,0,70.61,-0.05,-1.75,-9.00,10.30
783.02,0,,70.37,10.28,0,1,70.42,0.03,-1.81,-8.98,10.44
783.14,0,,70.44,10.37,0,1,70.33,0.27,-1.60,-8.53,10.47
783.23,0,,70.40,10.44,0,2,70.21,0.37,-1.47,-8.30,10.44
783.32,0,,70.30,10.48,0,2,70.21,0.20,-1.71,-8.71,10.51
783.41,0,,70.26,10.51,0,1,70.46,0.02,-1.98,-9.16,10.60
783.50,0,,70.38,10.56,0,1,70.90,-0.13,-2.12,-9.45,10.59
783.65,0,,70.62,10.59,0,1,70.82,-0.14,-2.11,-9.45,10.57
783.71,0,,70.82,10.57,0,2,70.98,-0.19,-2.03,-9.42,10.44
783.80,0,,70.85,10.47,0,2,70.30,-0.76,-2.22,-10.18,10.06
783.92,0,,70.64,10.22,0,1,70.18,-1.34,-2.44,-10.98,9.70
784.01,0,,70.38,9.91,0,1,70.35,-1.50,-2.46,-11.16,9.56
784.10,0,,70.28,9.65,0,1,70.41,-1.52,-2.49,-11.21,9.57
784.22,0,,70.32,9.55,1,0,70.50,-1.45,-2.49,-11.14,9.64
784.31,0,,70.43,9.56,2,-1,70.61,-1.41,-2.49,-11.10,9.68
784.49,0,,70.50,9.62,2,-1,70.32,-1.42,-2.46,-11.08,9.64
784.55,0,,70.48,9.64,4,-2,70.42,-1.33,-2.33,-10.86,9.60
784.64,0,,70.38,9.64,4,-2,70.05,-1.30,-2.34,-10.84,9.64
784.70,0,,70.26,9.63,4,-2,70.33,-1.45,-2.50,-11.15,9.65
784.82,0,,70.24,9.63,2,-1,70.44,-1.72,-2.69,-11.61,9.57
784.91,0,,70.33,9.59,2,-1,70.45,-2.00,-2.87,-12.07,9.47
785.00,0,,70.40,9.52,1,0,70.35,-2.08,-2.92,-12.20,9.44
785.15,0,,70.31,9.45,1,0,69.60,-2.04,-2.82,-12.06,9.38
785.23,0,,70.06,9.38,2,-1,70.01,-2.25,-2.84,-12.29,9.19
785.30,0,,69.93,9.27,4,-2,70.15,-2.50,-2.99,-12.69,9.09
785.42,0,,70.02,9.17,4,-2,70.34,-2.37,-2.96,-12.53,9.19
785.51,0,,70.20,9.15,4,-2,70.46,-2.16,-2.87,-12.23,9.31
785.60,0,,70.32,9.21,2,-1,70.05,-2.21,-2.89,-12.30,9.28
785.72,0,,70.30,9.25,2,-1,70.33,-2.29,-2.93,-12.42,9.24
785.81,0,,70.24,9.27,2,-1,70.08,-2.21,-2.95,-12.36,9.34
785.90,0,,70.19,9.31,2,-1,70.18,-2.08,-2.88,-12.16,9.40
786.02,0,,70.15,9.35,2,-1,70.12,-2.10,-2.88,-12.18,9.38
786.14,0,,70.12,9.38,2,-1,70.05,-2.13,-2.90,-12.23,9.37
786.20,0,,70.15,9.38,0,1,70.53,-2.10,-2.86,-12.16,9.36
786.32,0,,70.21,9.37,1,0,69.86,-2.07,-2.87,-12.14,9.40
786.41,0,,70.22,9.38,2,-1,70.51,-1.98,-2.84,-12.02,9.46
786.50,0,,70.26,9.41,2,-1,70.27,-2.01,-2.85,-12.06,9.44
786.68,0,,70.34,9.43,1,0,70.50,-2.07,-2.89,-12.16,9.42
786.71,0,,70.40,9.44,1,0,70.38,-2.00,-2.86,-12.06,9.46
786.80,0,,70.35,9.45,0,1,69.85,-1.95,-2.85,-12.00,9.50
786.92,0,,70.22,9.47,1,0,70.44,-1.94,-2.84,-11.98,9.50
787.01,0,,70.19,9.49,1,0,70.18,-1.97,-2.90,-12.07,9.53
787.10,0,,70.21,9.50,1,0,70.20,-1.99,-2.87,-12.06,9.48
787.22,0,,70.24,9.50,1,0,70.45,-1.91,-2.82,-11.93,9.51
787.31,0,,70.34,9.52,1,0,70.59,-1.87,-2.90,-11.97,9.63
787.40,0,,70.45,9.54,1,0,70.37,-1.97,-2.88,-12.05,9.51
787.52,0,,70.45,9.54,1,0,70.23,-1.95,-2.83,-11.98,9.48
787.64,0,,70.35,9.53,1,0,70.24,-1.86,-2.88,-11.94,9.62
787.70,0,,70.25,9.54,1,0,70.13,-1.89,-2.84,-11.93,9.55
787.85,0,,70.20,9.55,1,0,70.33,-1.90,-2.81,-11.91,9.51
787.94,0,,70.18,9.53,1,0,69.95,-1.95,-2.81,-11.96,9.46
788.00,0,,70.18,9.49,1,0,70.58,-1.96,-2.77,-11.93,9.41
788.15,0,,70.27,9.46,1,0,70.26,-1.83,-2.79,-11.82,9.56
788.21,0,,70.34,9.48,1,0,70.31,-1.83,-2.80,-11.83,9.57
788.30,0,,70.37,9.52,1,0,70.58,-1.91,-2.81,-11.92,9.50
788.42,0,,70.42,9.53,1,0,70.33,-1.91,-2.82,-11.93,9.51
788.51,0,,70.46,9.51,1,0,70.65,-1.92,-2.79,-11.91,9.47
788.60,0,,70.48,9.49,1,0,70.26,-1.91,-2.78,-11.89,9.47
788.72,0,,70.44,9.48,0,1,70.38,-1.90,-2.81,-11.91,9.51
788.81,0,,70.34,9.47,0,1,70.09,-1.99,-2.84,-12.03,9.45
788.90,0,,70.29,9.47,0,1,70.56,-1.98,-2.84,-12.02,9.46
789.02,0,,70.34,9.47,1,0,70.44,-1.91,-2.86,-11.97,9.55
789.14,0,,70.46,9.50,1,0,70.73,-1.96,-2.88,-12.04,9.52
789.20,0,,70.56,9.51,1,0,70.50,-2.03,-2.89,-12.12,9.46
789.32,0,,70.57,9.49,0,1,70.37,-2.04,-2.89,-12.13,9.45
789.41,0,,70.44,9.46,0,1,70.07,-2.04,-2.87,-12.11,9.43
789.50,0,,70.31,9.45,1,0,70.48,-1.99,-2.91,-12.10,9.52
789.65,0,,70.29,9.47,1,0,70.34,-1.99,-2.91,-12.10,9.52
789.74,0,,70.32,9.48,1,0,70.24,-2.09,-2.88,-12.17,9.39
789.80,0,,70.29,9.45,2,-1,70.20,-2.10,-2.88,-12.18,9.38
789.92,0,,70.26,9.40,2,-1,70.31,-2.03,-2.83,-12.06,9.40
790.01,0,,70.25,9.39,4,-2,70.20,-1.99,-2.87,-12.06,9.48
790.10,0,,70.25,9.41,4,-2,70.36,-2.06,-2.88,-12.14,9.42
790.22,0,,70.32,9.42,1,0,70.58,-2.11,-2.85,-12.16,9.34
790.31,0,,70.38,9.40,1,0,70.10,-2.03,-2.85,-12.08,9.42
790.40,0,,70.36,9.40,1,0,70.42,-1.96,-2.84,-12.00,9.48
790.52,0,,70.35,9.43,1,0,70.46,-1.97,-2.85,-12.02,9.48
790.64,0,,70.33,9.45,1,0,69.98,-2.06,-2.85,-12.11,9.39
790.70,0,,70.21,9.43,1,0,70.02,-2.09,-2.83,-12.12,9.34
790.82,0,,70.13,9.40,1,0,70.43,-1.98,-2.84,-12.02,9.46
790.91,0,,70.16,9.41,1,0,70.03,-1.96,-2.83,-11.99,9.47
791.00,0,,70.21,9.43,1,0,70.52,-2.04,-2.82,-12.06,9.38
791.15,0,,70.30,9.42,1,0,70.33,-2.07,-2.82,-12.09,9.35
791.21,0,,70.38,9.39,1,0,70.42,-2.02,-2.83,-12.05,9.41
791.30,0,,70.45,9.39,1,0,70.73,-1.95,-2.83,-11.98,9.48
791.42,0,,70.54,9.41,1,0,70.49,-2.00,-2.79,-11.99,9.39
791.51,0,,70.53,9.41,0,1,70.17,-2.06,-2.79,-12.05,9.33
791.60,0,,70.41,9.39,0,2,70.39,-2.00,-2.84,-12.04,9.44
791.72,0,,70.37,9.39,0,1,70.64,-1.93,-2.81,-11.94,9.48
791.81,0,,70.41,9.44,1,0,70.21,-1.93,-2.83,-11.96,9.50
791.93,0,,70.35,9.48,1,0,70.02,-1.98,-2.88,-12.06,9.50
792.05,0,,70.23,9.49,1,0,70.36,-1.99,-2.83,-12.02,9.44
792.14,0,,70.18,9.48,1,0,70.06,-1.92,-2.83,-11.95,9.51
792.26,0,,70.21,9.48,1,0,70.56,-1.89,-2.85,-11.94,9.56
792.32,0,,70.31,9.50,4,-2,70.35,-1.96,-2.83,-11.99,9.47
792.41,0,,70.39,9.50,2,-1,70.40,-2.00,-2.86,-12.06,9.46
792.56,0,,70.35,9.48,1,0,69.92,-1.96,-2.85,-12.01,9.49
792.65,0,,70.25,9.47,1,0,70.48,-1.90,-2.80,-11.90,9.50
792.71,0,,70.22,9.48,2,-1,70.09,-1.94,-2.83,-11.97,9.49
792.80,0,,70.24,9.48,1,0,70.46,-2.03,-2.87,-12.10,9.44
792.92,0,,70.32,9.47,1,0,70.48,-1.98,-2.84,-12.02,9.46
793.01,0,,70.44,9.46,2,-1,70.61,-1.92,-2.83,-11.95,9.51
793.16,0,,70.55,9.47,0,1,70.68,-1.94,-2.83,-11.97,9.49
793.22,0,,70.60,9.48,0,1,70.39,-1.94,-2.85,-11.99,9.51
793.31,0,,70.56,9.49,0,1,70.52,-1.98,-2.86,-12.04,9.48
793.40,0,,70.49,9.48,0,2,70.37,-1.98,-2.81,-11.99,9.43
793.52,0,,70.45,9.46,0,2,70.59,-1.90,-2.81,-11.91,9.51
793.64,0,,70.46,9.47,0,1,70.41,-1.91,-2.84,-11.95,9.53
793.70,0,,70.48,9.50,0,1,70.58,-1.95,-2.87,-12.02,9.52
793.82,0,,70.46,9.52,1,0,70.15,-1.97,-2.91,-12.08,9.54
793.91,0,,70.40,9.52,1,0,70.55,-1.96,-2.86,-12.02,9.50
794.00,0,,70.39,9.51,2,-1,70.44,-1.93,-2.82,-11.95,9.49
794.15,0,,70.34,9.49,2,-1,69.77,-1.99,-2.84,-12.03,9.45
794.21,0,,70.21,9.46,2,-1,70.46,-2.04,-2.85,-12.09,9.41
794.30,0,,70.24,9.44,2,-1,70.66,-2.01,-2.88,-12.09,9.47
794.45,0,,70.38,9.45,2,-1,70.20,-1.94,-2.92,-12.06,9.58
794.51,0,,70.41,9.50,2,-1,70.37,-1.92,-2.86,-11.98,9.54
794.66,0,,70.31,9.53,2,-1,69.89,-1.94,-2.83,-11.97,9.49
794.72,0,,70.13,9.53,2,-1,69.91,-1.91,-2.80,-11.91,9.49
794.81,0,,70.04,9.51,1,0,70.53,-1.76,-2.69,-11.65,9.53
794.93,0,,70.18,9.52,1,0,70.45,-1.73,-2.75,-11.68,9.62
795.02,0,,70.39,9.55,1,0,70.59,-2.00,-2.93,-12.13,9.53
795.14,0,,70.48,9.55,1,0,70.16,-2.08,-2.96,-12.24,9.48
795.20,0,,70.40,9.53,0,1,70.25,-1.94,-2.93,-12.07,9.59
795.32,0,,70.31,9.53,1,0,70.40,-2.01,-2.96,-12.17,9.55
795.41,0,,70.30,9.54,1,0,70.30,-2.06,-2.97,-12.23,9.51
795.50,0,,70.32,9.52,0,1,70.38,-2.09,-2.97,-12.26,9.48
795.65,0,,70.32,9.50,0,1,70.19,-2.10,-3.00,-12.30,9.50
795.71,0,,70.29,9.50,1,0,70.30,-2.03,-2.99,-12.22,9.56
795.80,0,,70.29,9.51,1,0,70.41,-2.10,-2.97,-12.27,9.47
795.92,0,,70.32,9.49,2,-1,70.30,-2.21,-3.01,-12.42,9.40
796.01,0,,70.38,9.46,2,-1,70.63,-2.17,-3.08,-12.45,9.51
796.16,0,,70.42,9.48,2,-1,70.16,-2.05,-3.09,-12.34,9.64
796.22,0,,70.39,9.54,1,0,70.40,-2.06,-3.05,-12.31,9.59
796.31,0,,70.33,9.57,0,1,70.22,-2.19,-3.05,-12.44,9.46
796.40,0,,70.29,9.54,1,0,70.26,-2.19,-3.08,-12.47,9.49
796.52,0,,70.24,9.51,1,0,70.13,-2.11,-3.08,-12.39,9.57
796.64,0,,70.22,9.53,1,0,70.43,-2.05,-3.08,-12.33,9.63
796.70,0,,70.29,9.57,1,0,70.41,-2.11,-3.09,-12.40,9.58
796.82,0,,70.36,9.58,1,0,70.32,-2.17,-3.08,-12.45,9.51
796.91,0,,70.37,9.56,1,0,70.34,-2.11,-3.07,-12.38,9.56
797.00,0,,70.37,9.56,1,0,70.46,-2.03,-3.11,-12.34,9.68
797.15,0,,70.37,9.61,1,0,70.24,-2.04,-3.14,-12.38,9.70
797.21,0,,70.35,9.65,1,0,70.35,-2.09,-3.12,-12.41,9.63
797.30,0,,70.30,9.65,1,0,70.13,-2.11,-3.10,-12.41,9.59
797.42,0,,70.26,9.63,1,0,70.35,-2.04,-3.08,-12.32,9.64
797.51,0,,70.29,9.62,1,0,70.57,-1.99,-3.06,-12.25,9.67
797.66,0,,70.37,9.64,1,0,70.18,-2.05,-3.08,-12.33,9.63
797.72,0,,70.39,9.64,1,0,70.52,-2.07,-3.12,-12.39,9.65
797.81,0,,70.38,9.65,1,0,70.22,-2.02,-3.10,-12.32,9.68
797.90,0,,70.34,9.65,1,0,70.30,-2.03,-3.06,-12.29,9.63
798.02,0,,70.24,9.64,1,0,69.81,-2.09,-3.08,-12.37,9.59
798.14,0,,70.12,9.61,1,0,70.34,-2.13,-3.11,-12.44,9.58
798.20,0,,70.16,9.58,1,0,70.54,-2.14,-3.09,-12.43,9.55
798.32,0,,70.36,9.57,1,0,70.70,-2.07,-3.10,-12.37,9.63
798.41,0,,70.50,9.58,1,0,70.16,-2.10,-3.11,-12.41,9.61
798.50,0,,70.49,9.58,1,0,70.63,-2.25,-3.09,-12.54,9.44
798.65,0,,70.43,9.53,1,0,70.09,-2.23,-3.12,-12.55,9.49
798.71,0,,70.34,9.51,1,0,70.38,-2.14,-3.17,-12.51,9.63
798.80,0,,70.28,9.55,1,0,70.24,-2.12,-3.16,-12.48,9.64
798.92,0,,70.27,9.59,1,0,70.31,-2.19,-3.15,-12.54,9.56
799.01,0,,70.26,9.58,1,0,70.18,-2.29,-3.14,-12.63,9.45
799.16,0,,70.25,9.53,1,0,70.29,-2.23,-3.17,-12.60,9.54
799.22,0,,70.23,9.52,1,0,70.12,-2.15,-3.19,-12.54,9.64
799.31,0,,70.22,9.55,1,0,70.33,-2.24,-3.15,-12.59,9.51
799.40,0,,70.30,9.54,1,0,70.72,-2.32,-3.16,-12.68,9.44
799.52,0,,70.47,9.49,1,0,70.54,-2.33,-3.18,-12.71,9.45
799.64,0,,70.52,9.45,1,0,70.09,-2.31,-3.14,-12.65,9.43
799.70,0,,70.39,9.44,1,0,70.27,-2.24,-3.16,-12.60,9.52
799.82,0,,70.27,9.46,1,0,70.27,-2.29,-3.20,-12.69,9.51
799.91,0,,70.20,9.47,1,0,70.01,-2.43,-3.19,-12.82,9.36
800.00,0,,70.20,9.44,1,0,70.61,-2.39,-3.21,-12.80,9.42
800.09,0,,70.34,9.42,1,0,70.62,-2.31,-3.18,-12.69,9.47
800.21,0,,70.45,9.43,1,0,70.07,-2.31,-3.20,-12.71,9.49
800.30,0,,70.33,9.45,1,0,69.92,-2.39,-3.22,-12.81,9.43
800.42,0,,70.16,9.43,1,0,70.38,-2.46,-3.15,-12.81,9.29
800.51,0,,70.13,9.38,1,0,70.10,-2.41,-3.18,-12.79,9.37
800.66,0,,70.17,9.35,2,-1,70.29,-2.36,-3.20,-12.76,9.44
800.69,0,,70.21,9.37,1,0,70.26,-2.41,-3.21,-12.82,9.40
800.81,0,,70.32,9.39,1,0,70.79,-2.47,-3.22,-12.89,9.35
800.90,0,,70.43,9.38,1,0,70.04,-2.46,-3.18,-12.84,9.32
800.99,0,,70.38,9.35,1,0,70.23,-2.38,-3.17,-12.75,9.39
801.14,0,,70.23,9.35,1,0,70.01,-2.39,-3.17,-12.76,9.38
801.20,0,,70.13,9.36,1,0,70.21,-2.46,-3.21,-12.87,9.35
801.29,0,,70.10,9.36,1,0,70.06,-2.48,-3.20,-12.88,9.32
801.41,0,,70.15,9.34,1,0,70.52,-2.39,-3.14,-12.73,9.35
801.50,0,,70.29,9.34,1,0,70.44,-2.35,-3.15,-12.70,9.40
801.59,0,,70.39,9.36,1,0,70.28,-2.43,-3.17,-12.80,9.34
801.71,0,,70.38,9.36,1,0,70.21,-2.47,-3.21,-12.88,9.34
801.80,0,,70.36,9.36,1,0,70.74,-2.41,-3.20,-12.81,9.39
801.89,0,,70.40,9.37,1,0,70.04,-2.30,-3.14,-12.64,9.44
802.01,0,,70.32,9.40,1,0,70.14,-2.32,-3.15,-12.67,9.43
802.16,0,,70.23,9.41,1,0,70.42,-2.42,-3.17,-12.79,9.35
802.19,0,,70.28,9.39,1,0,70.50,-2.41,-3.15,-12.76,9.34
802.31,0,,70.36,9.36,1,0,70.25,-2.37,-3.12,-12.69,9.35
802.43,0,,70.39,9.35,1,0,70.49,-2.34,-3.14,-12.68,9.40
802.49,0,,70.34,9.37,1,0,69.91,-2.35,-3.16,-12.71,9.41
802.64,0,,70.23,9.38,1,0,70.30,-2.39,-3.14,-12.73,9.35
802.70,0,,70.21,9.38,1,0,70.45,-2.35,-3.14,-12.69,9.39
802.79,0,,70.24,9.37,1,0,69.93,-2.35,-3.12,-12.67,9.37
802.91,0,,70.20,9.37,1,0,70.25,-2.37,-3.14,-12.71,9.37
803.00,0,,70.12,9.37,2,-1,69.86,-2.36,-3.16,-12.72,9.40
803.09,0,,70.06,9.37,2,-1,70.17,-2.39,-3.09,-12.68,9.30
803.21,0,,70.05,9.35,4,-2,70.08,-2.35,-3.13,-12.68,9.38
803.30,0,,70.16,9.36,1,0,70.75,-2.29,-3.14,-12.63,9.45
803.39,0,,70.32,9.39,1,0,70.00,-2.33,-3.11,-12.64,9.38
803.51,0,,70.34,9.39,1,0,70.38,-2.40,-3.11,-12.71,9.31
803.66,0,,70.32,9.36,1,0,70.45,-2.38,-3.11,-12.69,9.33
803.72,0,,70.30,9.35,1,0,69.87,-2.25,-3.13,-12.58,9.48
803.81,0,,70.26,9.39,0,1,70.80,-2.26,-3.14,-12.60,9.48
803.90,0,,70.33,9.43,0,1,70.18,-2.33,-3.11,-12.64,9.38
803.99,0,,70.41,9.42,0,1,70.63,-2.35,-3.11,-12.66,9.36
804.14,0,,70.43,9.39,0,1,70.17,-2.32,-3.11,-12.63,9.39
804.20,0,,70.32,9.38,0,1,69.90,-2.26,-3.10,-12.56,9.44
804.29,0,,70.11,9.40,1,0,69.95,-2.28,-3.11,-12.59,9.43
804.41,0,,70.03,9.41,1,0,70.42,-2.37,-3.11,-12.68,9.34
804.50,0,,70.14,9.38,1,0,70.40,-2.39,-3.11,-12.70,9.32
804.59,0,,70.27,9.36,2,-1,70.04,-2.26,-3.11,-12.57,9.45
804.71,0,,70.25,9.38,1,0,70.21,-2.22,-3.07,-12.49,9.45
804.80,0,,70.20,9.41,2,-1,70.14,-2.31,-3.09,-12.60,9.38
804.89,0,,70.13,9.41,2,-1,69.91,-2.36,-3.14,-12.70,9.38
805.04,0,,70.04,9.39,2,-1,70.01,-2.35,-3.12,-12.67,9.37
805.16,0,,70.04,9.38,2,-1,70.37,-2.27,-3.11,-12.58,9.44
805.19,0,,70.15,9.40,2,-1,70.30,-2.28,-3.12,-12.60,9.44
805.31,0,,70.29,9.42,1,0,70.45,-2.35,-3.14,-12.69,9.39
805.43,0,,70.38,9.42,1,0,70.34,-2.31,-3.14,-12.65,9.43
805.49,0,,70.39,9.42,0,1,70.32,-2.25,-3.11,-12.56,9.46
805.64,0,,70.35,9.43,0,1,70.21,-2.26,-3.11,-12.57,9.45
805.72,0,,70.28,9.43,0,1,70.26,-2.34,-3.12,-12.66,9.38
805.79,0,,70.24,9.41,0,1,70.16,-2.37,-3.13,-12.70,9.36
805.91,0,,70.16,9.38,0,1,69.88,-2.32,-3.13,-12.65,9.41
806.00,0,,70.02,9.39,1,0,69.85,-2.25,-3.14,-12.59,9.49
806.09,0,,70.00,9.43,1,0,70.63,-2.22,-3.13,-12.55,9.51
806.21,0,,70.16,9.47,4,-2,70.15,-2.26,-3.11,-12.57,9.45
806.30,0,,70.22,9.47,2,-1,69.83,-2.31,-3.13,-12.64,9.42
806.39,0,,70.16,9.45,2,-1,70.45,-2.28,-3.14,-12.62,9.46
806.51,0,,70.21,9.45,2,-1,70.40,-2.21,-3.12,-12.53,9.51
806.66,0,,70.32,9.47,1,0,70.32,-2.26,-3.10,-12.56,9.44
806.69,0,,70.36,9.45,0,1,70.34,-2.37,-3.11,-12.68,9.34
806.81,0,,70.37,9.40,0,1,70.44,-2.33,-3.10,-12.63,9.37
806.90,0,,70.39,9.38,0,1,70.36,-2.23,-3.07,-12.50,9.44
806.99,0,,70.38,9.39,0,2,70.29,-2.25,-3.09,-12.54,9.44
807.14,0,,70.30,9.40,0,1,69.99,-2.37,-3.08,-12.65,9.31
807.20,0,,70.17,9.37,0,1,70.10,-2.42,-3.11,-12.73,9.29
807.29,0,,70.08,9.34,0,1,70.07,-2.36,-3.18,-12.74,9.42
807.41,0,,70.09,9.35,1,0,70.33,-2.28,-3.11,-12.59,9.43
807.50,0,,70.18,9.38,1,0,70.28,-2.33,-3.05,-12.58,9.32
807.65,0,,70.21,9.36,1,0,69.89,-2.43,-3.11,-12.74,9.28
807.71,0,,70.17,9.33,2,-1,70.36,-2.40,-3.15,-12.75,9.35
807.80,0,,70.18,9.32,2,-1,70.29,-2.34,-3.13,-12.67,9.39
807.89,0,,70.23,9.36,2,-1,70.14,-2.31,-3.13,-12.64,9.42
808.01,0,,70.26,9.39,1,0,70.45,-2.37,-3.16,-12.73,9.39
808.16,0,,70.31,9.38,1,0,70.33,-2.48,-3.15,-12.83,9.27
808.19,0,,70.30,9.34,1,0,69.95,-2.44,-3.11,-12.75,9.27
808.31,0,,70.17,9.30,1,0,69.99,-2.35,-3.12,-12.67,9.37
808.40,0,,70.08,9.31,1,0,70.37,-2.38,-3.14,-12.72,9.36
808.49,0,,70.14,9.33,1,0,70.21,-2.48,-3.15,-12.83,9.27
808.64,0,,70.26,9.32,1,0,70.55,-2.48,-3.18,-12.86,9.30
808.73,0,,70.39,9.31,1,0,70.44,-2.42,-3.18,-12.80,9.36
808.79,0,,70.39,9.31,1,0,69.86,-2.43,-3.12,-12.75,9.29
808.91,0,,70.29,9.31,1,0,70.64,-2.45,-3.13,-12.78,9.28
809.03,0,,70.34,9.30,1,0,70.57,-2.44,-3.18,-12.82,9.34
809.09,0,,70.46,9.30,1,0,70.42,-2.46,-3.13,-12.79,9.27
809.21,0,,70.44,9.30,1,0,70.05,-2.43,-3.13,-12.76,9.30
809.30,0,,70.33,9.30,0,1,70.44,-2.42,-3.17,-12.79,9.35
809.45,0,,70.27,9.31,0,1,70.14,-2.49,-3.17,-12.86,9.28
809.51,0,,70.24,9.30,1,0,70.31,-2.53,-3.15,-12.88,9.22
809.66,0,,70.18,9.26,1,0,69.77,-2.48,-3.14,-12.82,9.26
809.69,0,,70.02,9.25,1,0,69.77,-2.44,-3.11,-12.75,9.27
809.81,0,,69.89,9.25,4,-2,70.15,-2.45,-3.13,-12.78,9.28
809.90,0,,69.95,9.26,4,-2,70.18,-2.51,-3.18,-12.89,9.27
809.99,0,,70.06,9.27,4,-2,70.07,-2.51,-3.17,-12.88,9.26
810.14,0,,70.12,9.27,4,-2,70.16,-2.38,-3.11,-12.69,9.33
810.20,0,,70.13,9.29,2,-1,70.04,-2.37,-3.10,-12.67,9.33
810.29,0,,70.12,9.30,2,-1,70.16,-2.45,-3.10,-12.75,9.25
810.41,0,,70.11,9.30,2,-1,70.09,-2.43,-3.13,-12.76,9.30
810.50,0,,70.13,9.30,2,-1,70.30,-2.37,-3.16,-12.73,9.39
810.59,0,,70.23,9.34,0,1,70.54,-2.29,-3.11,-12.60,9.42
810.71,0,,70.30,9.39,0,2,69.92,-2.30,-3.09,-12.59,9.39
810.80,0,,70.25,9.39,0,1,70.26,-2.38,-3.07,-12.65,9.29
810.89,0,,70.20,9.35,0,1,70.33,-2.35,-3.07,-12.62,9.32
811.01,0,,70.26,9.33,0,1,70.44,-2.24,-3.11,-12.55,9.47
811.16,0,,70.37,9.38,0,1,70.57,-2.20,-3.07,-12.47,9.47
811.19,0,,70.38,9.42,0,1,69.75,-2.28,-3.06,-12.54,9.38
811.31,0,,70.21,9.42,0,1,70.12,-2.35,-3.11,-12.66,9.36
811.40,0,,70.05,9.40,1,0,70.00,-2.26,-3.08,-12.54,9.42
811.49,0,,70.08,9.40,1,0,70.62,-2.16,-3.02,-12.38,9.46
811.64,0,,70.23,9.42,2,-1,70.17,-2.21,-3.08,-12.49,9.47
811.70,0,,70.37,9.45,1,0,70.71,-2.24,-3.16,-12.60,9.52
811.79,0,,70.49,9.48,0,1,70.54,-2.25,-3.14,-12.59,9.49
811.91,0,,70.55,9.49,0,1,70.39,-2.23,-3.08,-12.51,9.45
812.00,0,,70.42,9.48,0,1,69.78,-2.20,-3.03,-12.43,9.43
812.09,0,,70.20,9.44,0,1,70.34,-2.28,-3.03,-12.51,9.35
812.24,0,,70.08,9.40,0,1,69.85,-2.30,-3.10,-12.60,9.40
812.30,0,,70.08,9.38,0,1,70.56,-2.25,-3.12,-12.57,9.47
812.39,0,,70.23,9.41,0,1,70.49,-2.23,-3.10,-12.53,9.47
812.51,0,,70.38,9.46,0,1,70.23,-2.17,-3.10,-12.47,9.53
812.66,0,,70.34,9.50,1,0,69.97,-2.05,-2.98,-12.23,9.53
812.69,0,,70.17,9.54,1,0,69.98,-1.80,-2.81,-11.81,9.61
812.81,0,,70.06,9.60,2,-1,70.25,-1.59,-2.77,-11.56,9.78
812.90,0,,70.11,9.70,2,-1,70.40,-1.58,-2.85,-11.63,9.87
812.99,0,,70.28,9.79,1,0,70.61,-1.78,-2.97,-11.95,9.79
813.14,0,,70.48,9.82,1,0,70.65,-1.89,-3.05,-12.14,9.76
813.20,0,,70.60,9.80,1,0,70.52,-1.81,-3.00,-12.01,9.79
813.29,0,,70.57,9.76,1,0,70.20,-1.82,-2.86,-11.88,9.64
813.41,0,,70.48,9.69,0,2,70.77,-1.98,-2.94,-12.12,9.56
813.50,0,,70.44,9.59,0,2,70.04,-2.21,-3.01,-12.42,9.40
813.59,0,,70.32,9.45,0,2,70.05,-2.35,-2.89,-12.44,9.14
813.71,0,,70.12,9.30,0,1,69.91,-2.31,-2.98,-12.49,9.27
813.80,0,,70.02,9.24,0,1,70.25,-2.25,-3.02,-12.47,9.37
813.89,0,,70.13,9.26,1,0,70.70,-2.28,-2.91,-12.39,9.23
814.01,0,,70.33,9.27,4,-2,70.17,-2.33,-3.01,-12.54,9.28
814.16,0,,70.38,9.28,4,-2,70.22,-2.33,-3.10,-12.63,9.37
814.19,0,,70.35,9.32,2,-1,70.55,-2.25,-3.06,-12.51,9.41
814.31,0,,70.39,9.38,1,0,70.43,-2.24,-3.13,-12.57,9.49
814.40,0,,70.42,9.44,1,0,70.31,-2.30,-3.15,-12.65,9.45
814.49,0,,70.39,9.44,0,1,70.34,-2.39,-3.10,-12.69,9.31
814.64,0,,70.35,9.40,0,1,70.30,-2.31,-3.11,-12.62,9.40
814.70,0,,70.33,9.39,1,0,70.39,-2.15,-3.07,-12.42,9.52
814.79,0,,70.33,9.42,1,0,70.28,-2.22,-3.03,-12.45,9.41
814.91,0,,70.32,9.44,1,0,70.26,-2.28,-3.12,-12.60,9.44
815.00,0,,70.33,9.45,1,0,70.57,-2.23,-3.13,-12.56,9.50
815.09,0,,70.41,9.46,0,1,70.50,-2.18,-3.05,-12.43,9.47
815.21,0,,70.46,9.48,0,1,70.33,-2.09,-3.05,-12.34,9.56
815.30,0,,70.44,9.50,1,0,70.42,-2.16,-3.05,-12.41,9.49
815.39,0,,70.44,9.49,1,0,70.65,-2.26,-3.01,-12.47,9.35
815.51,0,,70.48,9.46,1,0,70.30,-2.13,-3.10,-12.43,9.57
815.66,0,,70.45,9.49,1,0,70.42,-2.00,-3.09,-12.29,9.69
815.69,0,,70.39,9.56,1,0,70.27,-2.04,-2.97,-12.21,9.53
815.81,0,,70.36,9.59,1,0,70.48,-2.06,-3.01,-12.27,9.55
815.90,0,,70.38,9.58,1,0,70.44,-2.07,-3.07,-12.34,9.60
815.99,0,,70.42,9.57,1,0,70.41,-2.09,-3.02,-12.31,9.53
816.14,0,,70.45,9.57,1,0,70.59,-1.97,-3.00,-12.17,9.63
816.23,0,,70.46,9.59,1,0,70.21,-1.96,-3.01,-12.17,9.65
816.29,0,,70.41,9.60,1,0,70.45,-2.13,-2.99,-12.32,9.46
816.44,0,,70.44,9.56,0,1,70.83,-2.08,-3.04,-12.32,9.56
816.50,0,,70.59,9.56,0,1,70.77,-1.95,-3.08,-12.23,9.73
816.59,0,,70.69,9.61,0,1,70.45,-1.96,-2.98,-12.14,9.62
816.74,0,,70.61,9.64,0,1,70.26,-1.99,-3.01,-12.20,9.62
816.89,0,,70.42,9.64,0,1,70.21,-2.04,-3.09,-12.33,9.65
816.89,0,,70.29,9.63,1,0,70.35,-2.08,-3.04,-12.32,9.56
817.01,0,,70.31,9.60,1,0,70.67,-1.99,-3.01,-12.20,9.62
817.16,0,,70.40,9.61,1,0,70.20,-1.93,-3.03,-12.16,9.70
817.19,0,,70.40,9.62,1,0,70.32,-2.07,-3.00,-12.27,9.53
817.31,0,,70.39,9.58,1,0,70.70,-2.15,-3.02,-12.37,9.47
817.43,0,,70.49,9.53,1,0,70.61,-2.07,-3.06,-12.33,9.59
817.52,0,,70.57,9.53,1,0,70.41,-2.01,-3.01,-12.22,9.60
817.64,0,,70.52,9.56,1,0,70.29,-2.01,-2.99,-12.20,9.58
817.70,0,,70.41,9.58,1,0,70.37,-2.06,-3.03,-12.29,9.57
817.79,0,,70.33,9.57,1,0,70.21,-2.09,-2.98,-12.27,9.49
817.91,0,,70.28,9.54,1,0,70.30,-2.05,-2.99,-12.24,9.54
818.03,0,,70.26,9.54,1,0,70.26,-1.96,-3.01,-12.17,9.65
818.09,0,,70.24,9.57,1,0,70.06,-1.96,-2.98,-12.14,9.62
818.21,0,,70.25,9.61,1,0,70.75,-2.03,-3.03,-12.26,9.60
818.30,0,,70.40,9.62,1,0,70.51,-2.01,-3.06,-12.27,9.65
818.39,0,,70.50,9.62,1,0,70.31,-2.00,-2.96,-12.16,9.56
818.51,0,,70.53,9.60,1,0,70.89,-1.95,-2.96,-12.11,9.61
818.66,0,,70.57,9.60,1,0,70.29,-1.95,-3.01,-12.16,9.66
818.69,0,,70.53,9.60,1,0,70.39,-2.08,-2.98,-12.26,9.50
818.81,0,,70.47,9.57,1,0,70.69,-2.03,-3.00,-12.23,9.57
818.90,0,,70.48,9.57,0,1,70.32,-1.96,-3.02,-12.18,9.66
818.99,0,,70.46,9.59,0,1,70.40,-1.97,-2.98,-12.15,9.61
819.14,0,,70.41,9.62,1,0,70.37,-1.96,-3.03,-12.19,9.67
819.20,0,,70.39,9.64,1,0,70.50,-2.01,-3.04,-12.25,9.63
819.29,0,,70.45,9.62,1,0,70.67,-2.07,-2.97,-12.24,9.50
819.41,0,,70.46,9.58,1,0,69.90,-1.97,-2.97,-12.14,9.60
819.50,0,,70.34,9.56,1,0,70.44,-1.96,-2.98,-12.14,9.62
819.59,0,,70.30,9.57,2,-1,70.49,-2.04,-2.97,-12.21,9.53
819.71,0,,70.31,9.57,2,-1,69.97,-2.02,-3.00,-12.22,9.58
819.80,0,,70.30,9.56,2,-1,70.71,-2.03,-3.01,-12.24,9.58
819.89,0,,70.38,9.58,2,-1,70.41,-1.95,-2.98,-12.13,9.63
820.01,0,,70.44,9.60,1,0,70.30,-1.90,-2.96,-12.06,9.66
820.16,0,,70.37,9.63,1,0,70.07,-1.97,-2.99,-12.16,9.62
820.19,0,,70.24,9.63,1,0,70.22,-2.01,-3.01,-12.22,9.60
820.31,0,,70.20,9.60,1,0,70.38,-2.05,-2.97,-12.22,9.52
820.40,0,,70.31,9.56,1,0,70.80,-1.96,-2.90,-12.06,9.54
820.49,0,,70.54,9.56,1,0,70.75,-1.84,-2.96,-12.00,9.72
820.64,0,,70.66,9.61,0,1,70.34,-1.93,-3.03,-12.16,9.70
820.70,0,,70.58,9.66,0,1,70.37,-2.00,-2.97,-12.17,9.57
820.79,0,,70.43,9.64,0,1,70.24,-1.95,-2.98,-12.13,9.63
820.91,0,,70.31,9.63,1,0,70.27,-1.88,-2.96,-12.04,9.68
821.03,0,,70.20,9.63,1,0,69.91,-1.92,-2.91,-12.03,9.59
821.09,0,,70.12,9.62,1,0,70.32,-1.98,-2.95,-12.13,9.57
821.21,0,,70.16,9.59,1,0,70.43,-2.01,-2.99,-12.20,9.58
821.30,0,,70.27,9.57,2,-1,70.18,-2.02,-2.96,-12.18,9.54
821.39,0,,70.30,9.56,4,-2,70.32,-1.91,-2.91,-12.02,9.60
821.51,0,,70.29,9.57,4,-2,70.21,-1.92,-2.95,-12.07,9.63
821.60,0,,70.26,9.59,2,-1,70.21,-2.05,-3.01,-12.26,9.56
821.69,0,,70.24,9.58,2,-1,70.30,-2.05,-2.98,-12.23,9.53
821.81,0,,70.30,9.56,2,-1,70.65,-1.99,-2.98,-12.17,9.59
821.93,0,,70.49,9.57,1,0,70.89,-1.90,-2.97,-12.07,9.67
821.99,0,,70.64,9.60,1,0,70.28,-1.94,-2.96,-12.10,9.62
822.14,0,,70.62,9.62,0,2,70.66,-2.02,-2.98,-12.20,9.56
822.20,0,,70.54,9.59,0,2,70.28,-2.02,-2.97,-12.19,9.55
822.29,0,,70.45,9.57,0,2,70.44,-1.97,-2.96,-12.13,9.59
822.41,0,,70.39,9.57,0,1,70.33,-1.92,-2.96,-12.08,9.64
822.50,0,,70.34,9.59,0,1,70.21,-2.04,-2.96,-12.20,9.52
822.59,0,,70.36,9.56,0,1,70.87,-2.10,-2.98,-12.28,9.48
822.71,0,,70.51,9.53,0,1,70.55,-2.04,-3.04,-12.28,9.60
822.83,0,,70.58,9.54,0,1,70.32,-2.05,-3.01,-12.26,9.56
822.89,0,,70.51,9.55,1,0,70.40,-2.01,-2.92,-12.13,9.51
823.01,0,,70.44,9.54,1,0,70.55,-2.03,-2.97,-12.20,9.54
823.10,0,,70.43,9.53,1,0,70.29,-2.10,-3.05,-12.35,9.55
823.19,0,,70.39,9.53,1,0,70.33,-2.09,-3.03,-12.32,9.54
823.31,0,,70.32,9.54,0,1,70.12,-2.04,-2.99,-12.23,9.55
823.40,0,,70.30,9.54,2,-1,70.69,-2.02,-2.96,-12.18,9.54
823.52,0,,70.40,9.53,2,-1,70.52,-2.11,-2.96,-12.27,9.45
823.64,0,,70.51,9.49,1,0,70.50,-2.15,-2.99,-12.34,9.44
823.70,0,,70.55,9.45,0,1,70.60,-2.16,-2.99,-12.35,9.43
823.82,0,,70.51,9.44,0,1,70.10,-2.07,-2.96,-12.23,9.49
823.91,0,,70.41,9.47,0,1,70.60,-1.95,-2.98,-12.13,9.63
824.00,0,,70.35,9.54,0,1,70.05,-2.03,-3.02,-12.25,9.59
824.09,0,,70.27,9.58,1,0,70.23,-2.12,-3.03,-12.35,9.51
824.21,0,,70.21,9.56,1,0,70.25,-2.06,-2.98,-12.24,9.52
824.30,0,,70.21,9.54,2,-1,70.27,-1.94,-2.92,-12.06,9.58
824.42,0,,70.28,9.54,2,-1,70.59,-1.97,-2.93,-12.10,9.56
824.51,0,,70.35,9.55,2,-1,70.07,-2.03,-2.97,-12.20,9.54
824.60,0,,70.31,9.55,2,-1,70.21,-2.02,-2.97,-12.19,9.55
824.72,0,,70.21,9.55,2,-1,70.03,-1.99,-2.94,-12.13,9.55
824.81,0,,70.12,9.55,2,-1,70.13,-1.87,-2.88,-11.95,9.61
824.90,0,,70.20,9.58,2,-1,70.91,-1.84,-2.88,-11.92,9.64
825.02,0,,70.41,9.61,2,-1,70.31,-1.94,-2.96,-12.10,9.62
825.14,0,,70.49,9.61,2,-1,70.25,-2.01,-2.93,-12.14,9.52
825.20,0,,70.38,9.58,1,0,70.14,-1.93,-2.91,-12.04,9.58
825.41,0,,70.24,9.58,1,0,70.20,-1.80,-2.91,-11.91,9.71
825.41,0,,70.20,9.63,2,-1,70.40,-1.82,-2.90,-11.92,9.68
825.50,0,,70.28,9.66,1,0,70.45,-1.89,-2.90,-11.99,9.61
825.65,0,,70.39,9.65,0,1,70.52,-1.92,-2.91,-12.03,9.59
825.74,0,,70.48,9.63,0,1,70.54,-1.86,-2.93,-11.99,9.67
825.80,0,,70.55,9.64,1,0,70.69,-1.73,-2.92,-11.85,9.79
825.92,0,,70.60,9.70,1,0,70.51,-1.78,-2.90,-11.88,9.72
826.01,0,,70.64,9.71,1,0,70.84,-1.90,-2.88,-11.98,9.58
826.19,0,,70.61,9.67,0,1,70.09,-1.87,-2.92,-11.99,9.65
826.22,0,,70.49,9.65,0,1,70.54,-1.78,-2.92,-11.90,9.74
826.31,0,,70.40,9.69,0,1,70.39,-1.70,-2.89,-11.79,9.79
826.40,0,,70.40,9.74,0,1,70.46,-1.73,-2.94,-11.87,9.81
826.55,0,,70.42,9.77,1,0,70.43,-1.85,-2.91,-11.96,9.66
826.64,0,,70.42,9.74,1,0,70.32,-1.82,-2.91,-11.93,9.69
826.70,0,,70.42,9.73,2,-1,70.62,-1.67,-2.98,-11.85,9.91
826.85,0,,70.47,9.79,2,-1,70.53,-1.64,-2.94,-11.78,9.90
826.91,0,,70.52,9.84,0,1,70.44,-1.74,-2.90,-11.84,9.76
827.00,0,,70.47,9.83,0,1,70.21,-1.79,-2.93,-11.92,9.74
827.15,0,,70.41,9.79,1,0,70.67,-1.75,-2.94,-11.89,9.79
827.21,0,,70.40,9.77,1,0,70.12,-1.65,-2.88,-11.73,9.83
827.30,0,,70.34,9.80,1,0,70.24,-1.55,-2.88,-11.63,9.93
827.42,0,,70.28,9.85,1,0,70.48,-1.61,-2.88,-11.69,9.87
827.51,0,,70.40,9.87,1,0,70.92,-1.68,-2.90,-11.78,9.82
827.60,0,,70.60,9.86,1,0,70.60,-1.65,-2.93,-11.78,9.88
827.72,0,,70.66,9.86,0,1,70.32,-1.57,-2.88,-11.65,9.91
827.81,0,,70.53,9.87,0,1,70.32,-1.57,-2.83,-11.60,9.86
827.90,0,,70.46,9.86,1,0,70.85,-1.68,-2.85,-11.73,9.77
828.02,0,,70.53,9.82,1,0,70.51,-1.71,-2.88,-11.79,9.77
828.14,0,,70.54,9.80,1,0,70.19,-1.63,-2.92,-11.75,9.89
828.20,0,,70.40,9.82,1,0,70.20,-1.54,-2.87,-11.61,9.93
828.32,0,,70.28,9.88,1,0,70.41,-1.51,-2.84,-11.55,9.93
828.41,0,,70.31,9.92,1,0,70.53,-1.56,-2.92,-11.68,9.96
828.50,0,,70.41,9.94,1,0,70.48,-1.61,-2.93,-11.74,9.92
828.65,0,,70.51,9.93,1,0,70.74,-1.60,-2.89,-11.69,9.89
828.71,0,,70.55,9.92,1,0,70.16,-1.51,-2.89,-11.60,9.98
828.80,0,,70.51,9.94,1,0,70.73,-1.47,-2.87,-11.54,10.00
828.92,0,,70.46,9.97,1,0,70.11,-1.53,-2.90,-11.63,9.97
829.04,0,,70.38,9.96,1,0,70.40,-1.63,-2.91,-11.74,9.88
829.10,0,,70.35,9.93,1,0,70.51,-1.61,-2.88,-11.69,9.87
829.22,0,,70.44,9.90,1,0,70.74,-1.50,-2.84,-11.54,9.94
829.31,0,,70.55,9.90,1,0,70.43,-1.49,-2.82,-11.51,9.93
829.40,0,,70.51,9.91,1,0,70.05,-1.55,-2.89,-11.64,9.94
829.52,0,,70.33,9.93,1,0,70.23,-1.60,-2.94,-11.74,9.94
829.64,0,,70.30,9.93,1,0,70.99,-1.61,-2.88,-11.69,9.87
829.73,0,,70.50,9.92,1,0,70.53,-1.48,-2.87,-11.55,9.99
829.82,0,,70.68,9.94,1,0,70.93,-1.46,-2.90,-11.56,10.04
829.91,0,,70.76,9.97,1,0,70.58,-1.62,-2.91,-11.73,9.89
830.00,0,,70.73,9.95,1,0,70.51,-1.70,-2.98,-11.88,9.88
830.15,0,,70.67,9.92,1,0,70.98,-1.64,-3.02,-11.86,9.98
830.21,0,,70.75,9.93,1,0,70.90,-1.57,-2.99,-11.76,10.02
830.30,0,,70.80,9.97,0,2,70.43,-1.63,-3.03,-11.86,10.00
830.42,0,,70.65,9.98,0,2,70.18,-1.77,-3.04,-12.01,9.87
830.51,0,,70.43,9.93,0,1,70.44,-1.82,-3.05,-12.07,9.83
830.60,0,,70.36,9.88,0,1,70.56,-1.81,-3.10,-12.11,9.89
830.72,0,,70.41,9.86,4,-2,70.43,-1.76,-3.04,-12.00,9.88
830.84,0,,70.47,9.86,4,-2,70.54,-1.75,-3.00,-11.95,9.85
830.90,0,,70.51,9.85,4,-2,70.58,-1.81,-3.05,-12.06,9.84
831.02,0,,70.61,9.84,2,-1,70.98,-1.81,-3.05,-12.06,9.84
831.17,0,,70.68,9.84,2,-1,70.19,-1.72,-3.02,-11.94,9.90
831.20,0,,70.60,9.88,1,0,70.62,-1.62,-3.04,-11.86,10.02
831.41,0,,70.56,9.94,1,0,70.81,-1.65,-3.05,-11.90,10.00
831.44,0,,70.57,9.96,1,0,70.18,-1.79,-3.01,-12.00,9.82
831.50,0,,70.50,9.91,1,0,70.56,-1.82,-2.98,-12.00,9.76
831.68,0,,70.49,9.84,1,0,70.74,-1.68,-3.01,-11.89,9.93
831.71,0,,70.55,9.86,1,0,70.39,-1.56,-2.98,-11.74,10.02
831.80,0,,70.61,9.92,2,-1,71.00,-1.62,-2.99,-11.81,9.97
831.95,0,,70.71,9.97,2,-1,70.68,-1.68,-3.06,-11.94,9.98
832.01,0,,70.71,9.98,0,1,70.29,-1.71,-3.03,-11.94,9.92
832.10,0,,70.53,9.95,1,0,70.20,-1.63,-2.95,-11.78,9.92
832.22,0,,70.33,9.94,1,0,70.26,-1.52,-2.96,-11.68,10.04
832.31,0,,70.19,9.97,2,-1,69.94,-1.59,-2.98,-11.77,9.99
832.40,0,,70.12,9.97,4,-2,70.40,-1.68,-2.95,-11.83,9.87
832.52,0,,70.21,9.94,4,-2,70.55,-1.70,-2.96,-11.86,9.86
832.64,0,,70.39,9.90,4,-2,70.53,-1.61,-2.97,-11.78,9.96
832.70,0,,70.56,9.91,4,-2,70.90,-1.52,-2.95,-11.67,10.03
832.82,0,,70.65,9.96,2,-1,70.24,-1.58,-2.97,-11.75,9.99
832.91,0,,70.51,9.98,2,-1,69.93,-1.66,-2.95,-11.81,9.89
833.00,0,,70.34,9.95,1,0,70.97,-1.65,-2.94,-11.79,9.89
833.15,0,,70.41,9.93,1,0,70.35,-1.54,-2.97,-11.71,10.03
833.21,0,,70.51,9.95,0,1,70.60,-1.54,-2.98,-11.72,10.04
833.30,0,,70.54,9.99,0,1,70.50,-1.68,-3.01,-11.89,9.93
833.42,0,,70.56,9.98,0,1,70.66,-1.71,-3.03,-11.94,9.92
833.51,0,,70.63,9.95,1,0,70.92,-1.66,-3.01,-11.87,9.95
833.60,0,,70.73,9.94,0,1,70.60,-1.58,-2.97,-11.75,9.99
833.72,0,,70.69,9.95,0,1,70.31,-1.55,-2.92,-11.67,9.97
833.81,0,,70.54,9.96,0,1,70.44,-1.66,-2.96,-11.82,9.90
833.90,0,,70.40,9.94,1,0,70.24,-1.72,-3.01,-11.93,9.89
834.02,0,,70.36,9.91,1,0,70.64,-1.64,-2.99,-11.83,9.95
834.14,0,,70.45,9.93,2,-1,70.71,-1.53,-2.97,-11.70,10.04
834.20,0,,70.55,9.97,2,-1,70.31,-1.56,-2.95,-11.71,9.99
834.32,0,,70.58,9.99,2,-1,70.84,-1.62,-2.96,-11.78,9.94
834.41,0,,70.59,9.98,2,-1,70.36,-1.64,-3.00,-11.84,9.96
834.50,0,,70.58,9.97,1,0,70.73,-1.57,-3.00,-11.77,10.03
834.65,0,,70.61,10.00,1,0,70.69,-1.44,-2.95,-11.59,10.11
834.74,0,,70.65,10.04,0,1,70.58,-1.48,-2.93,-11.61,10.05
834.80,0,,70.61,10.05,0,1,70.40,-1.63,-2.98,-11.81,9.95
834.92,0,,70.52,10.01,0,1,70.40,-1.62,-2.99,-11.81,9.97
835.01,0,,70.49,9.98,0,1,70.87,-1.55,-2.93,-11.68,9.98
835.10,0,,70.55,9.97,1,0,70.36,-1.48,-2.89,-11.57,10.01
835.22,0,,70.57,9.98,1,0,70.63,-1.51,-2.95,-11.66,10.04
835.31,0,,70.59,10.00,1,0,70.76,-1.62,-2.98,-11.80,9.96
835.40,0,,70.67,9.99,1,0,70.77,-1.61,-2.92,-11.73,9.91
835.52,0,,70.74,9.96,1,0,70.77,-1.49,-2.94,-11.63,10.05
835.64,0,,70.72,10.00,1,0,70.36,-1.41,-2.97,-11.58,10.16
835.70,0,,70.65,10.06,1,0,70.87,-1.49,-2.95,-11.64,10.06
835.82,0,,70.68,10.08,1,0,70.87,-1.58,-2.97,-11.75,9.99
835.91,0,,70.72,10.05,1,0,70.41,-1.53,-2.97,-11.70,10.04
836.00,0,,70.62,10.03,1,0,70.29,-1.45,-2.94,-11.59,10.09
836.15,0,,70.46,10.04,1,0,70.51,-1.45,-2.95,-11.60,10.10
836.21,0,,70.41,10.05,1,0,70.50,-1.56,-2.93,-11.69,9.97
836.30,0,,70.46,10.02,1,0,70.57,-1.60,-2.95,-11.75,9.95
836.42,0,,70.48,9.99,4,-2,70.22,-1.54,-2.98,-11.72,10.04
836.51,0,,70.42,9.99,2,-1,70.45,-1.49,-2.92,-11.61,10.03
836.66,0,,70.34,10.01,4,-2,70.01,-1.49,-2.91,-11.60,10.02
836.72,0,,70.25,10.02,4,-2,70.37,-1.57,-2.96,-11.73,9.99
836.81,0,,70.23,10.00,4,-2,70.31,-1.63,-2.98,-11.81,9.95
836.90,0,,70.31,9.97,2,-1,70.57,-1.61,-2.96,-11.77,9.95
837.02,0,,70.45,9.96,2,-1,70.72,-1.50,-2.95,-11.65,10.05
837.14,0,,70.59,9.99,2,-1,70.58,-1.47,-2.97,-11.64,10.10
837.20,0,,70.65,10.03,0,1,70.62,-1.60,-2.98,-11.78,9.98
837.32,0,,70.63,10.03,0,1,70.49,-1.62,-2.99,-11.81,9.97
837.41,0,,70.55,10.00,0,2,70.34,-1.57,-2.98,-11.75,10.01
837.50,0,,70.49,10.00,0,2,70.78,-1.49,-2.99,-11.68,10.10
837.65,0,,70.50,10.03,0,2,70.22,-1.51,-2.98,-11.69,10.07
837.71,0,,70.51,10.04,0,1,70.85,-1.65,-2.95,-11.80,9.90
837.80,0,,70.55,10.00,0,1,70.41,-1.65,-3.02,-11.87,9.97
837.89,0,,70.56,9.98,1,0,70.49,-1.56,-3.04,-11.80,10.08
838.01,0,,70.48,10.01,1,0,70.21,-1.49,-2.96,-11.65,10.07
838.16,0,,70.43,10.04,2,-1,70.82,-1.56,-2.97,-11.73,10.01
838.22,0,,70.46,10.02,2,-1,70.16,-1.69,-2.97,-11.86,9.88
838.31,0,,70.44,9.97,2,-1,70.48,-1.64,-2.99,-11.83,9.95
838.40,0,,70.44,9.94,2,-1,70.68,-1.56,-3.01,-11.77,10.05
838.49,0,,70.50,9.97,2,-1,70.42,-1.56,-2.96,-11.72,10.00
838.70,0,,70.55,9.99,1,0,70.69,-1.61,-2.96,-11.77,9.95
838.70,0,,70.62,9.98,1,0,70.89,-1.66,-3.04,-11.90,9.98
838.79,0,,70.71,9.97,1,0,70.54,-1.65,-3.00,-11.85,9.95
838.91,0,,70.67,9.96,1,0,70.35,-1.58,-2.93,-11.71,9.95
839.00,0,,70.54,9.97,0,1,70.59,-1.50,-2.99,-11.69,10.09
839.15,0,,70.47,10.00,0,1,70.30,-1.60,-3.02,-11.82,10.02
839.21,0,,70.47,10.01,0,1,70.85,-1.72,-3.00,-11.92,9.88
839.30,0,,70.59,9.97,0,1,70.83,-1.66,-3.02,-11.88,9.96
839.39,0,,70.72,9.95,0,1,70.53,-1.57,-2.99,-11.76,10.02
839.51,0,,70.71,9.97,0,1,70.69,-1.54,-2.96,-11.70,10.02
839.66,0,,70.65,9.99,1,0,70.50,-1.61,-2.99,-11.80,9.98
839.69,0,,70.56,9.98,1,0,70.32,-1.72,-3.01,-11.93,9.89
839.81,0,,70.50,9.94,1,0,70.88,-1.72,-2.99,-11.91,9.87
839.90,0,,70.54,9.90,1,0,70.30,-1.61,-2.95,-11.76,9.94
839.99,0,,70.55,9.90,1,0,70.68,-1.65,-2.96,-11.81,9.91
840.14,0,,70.58,9.90,1,0,70.77,-1.73,-3.01,-11.94,9.88
840.20,0,,70.62,9.89,1,0,70.34,-1.73,-2.98,-11.91,9.85
840.29,0,,70.58,9.87,1,0,70.63,-1.72,-2.96,-11.88,9.84
840.44,0,,70.54,9.86,1,0,70.47,-1.63,-2.99,-11.82,9.96
840.50,0,,70.49,9.89,1,0,70.33,-1.67,-2.99,-11.86,9.92
840.59,0,,70.41,9.90,1,0,70.34,-1.76,-3.00,-11.96,9.84
840.74,0,,70.36,9.88,1,0,70.40,-1.76,-3.02,-11.98,9.86
840.80,0,,70.35,9.86,2,-1,70.38,-1.75,-3.02,-11.97,9.87
840.89,0,,70.35,9.86,2,-1,70.23,-1.69,-3.01,-11.90,9.92
841.01,0,,70.34,9.88,2,-1,70.49,-1.71,-3.02,-11.93,9.91
841.16,0,,70.39,9.89,2,-1,70.58,-1.83,-3.03,-12.06,9.80
841.19,0,,70.45,9.85,2,-1,70.22,-1.80,-3.01,-12.01,9.81
841.31,0,,70.49,9.83,2,-1,70.97,-1.67,-3.00,-11.87,9.93
841.40,0,,70.62,9.86,1,0,70.73,-1.65,-3.02,-11.87,9.97
841.49,0,,70.73,9.91,0,1,70.64,-1.74,-3.02,-11.96,9.88
841.64,0,,70.70,9.91,0,2,70.44,-1.79,-3.04,-12.03,9.85
841.70,0,,70.59,9.89,0,2,70.51,-1.70,-3.05,-11.95,9.95
841.79,0,,70.49,9.91,0,1,70.39,-1.56,-2.98,-11.74,10.02
841.91,0,,70.44,9.95,0,1,70.50,-1.64,-2.99,-11.83,9.95
842.03,0,,70.40,9.96,1,0,70.13,-1.77,-3.05,-12.02,9.88
842.09,0,,70.39,9.93,1,0,70.89,-1.71,-3.07,-11.98,9.96
842.21,0,,70.46,9.93,1,0,70.20,-1.62,-3.04,-11.86,10.02
842.30,0,,70.48,9.97,1,0,70.54,-1.60,-3.01,-11.81,10.01
842.39,0,,70.52,10.00,2,-1,70.89,-1.62,-3.05,-11.87,10.03
842.51,0,,70.65,10.02,1,0,70.65,-1.64,-3.07,-11.91,10.03
842.66,0,,70.68,10.03,1,0,70.38,-1.64,-3.04,-11.88,10.00
842.69,0,,70.59,10.02,0,1,70.58,-1.58,-3.00,-11.78,10.02
842.81,0,,70.58,10.02,0,1,70.88,-1.52,-2.99,-11.71,10.07
842.90,0,,70.66,10.03,0,1,70.65,-1.60,-3.04,-11.84,10.04
842.99,0,,70.63,10.03,1,0,70.06,-1.66,-3.02,-11.88,9.96
843.14,0,,70.44,10.01,1,0,70.35,-1.59,-2.97,-11.76,9.98
843.20,0,,70.30,9.99,1,0,70.31,-1.51,-2.98,-11.69,10.07
843.41,0,,70.31,10.01,1,0,70.60,-1.58,-3.01,-11.79,10.03
843.41,0,,70.45,10.02,2,-1,70.80,-1.67,-3.07,-11.94,10.00
843.50,0,,70.61,10.03,2,-1,70.50,-1.61,-3.08,-11.89,10.07
843.59,0,,70.63,10.04,1,0,70.46,-1.56,-3.02,-11.78,10.06
843.71,0,,70.54,10.04,1,0,70.38,-1.60,-3.01,-11.81,10.01
843.80,0,,70.48,10.03,0,1,70.60,-1.68,-3.07,-11.95,9.99
843.89,0,,70.55,10.00,1,0,71.01,-1.72,-3.08,-12.00,9.96
844.01,0,,70.69,9.98,1,0,70.53,-1.62,-3.05,-11.87,10.03
844.16,0,,70.73,10.01,1,0,70.68,-1.51,-3.09,-11.80,10.18
844.19,0,,70.70,10.07,0,2,70.72,-1.61,-3.11,-11.92,10.10
844.31,0,,70.68,10.09,0,1,70.64,-1.74,-3.10,-12.04,9.96
844.40,0,,70.65,10.04,0,1,70.53,-1.71,-3.08,-11.99,9.97
844.49,0,,70.68,9.99,0,1,71.16,-1.67,-3.03,-11.90,9.96
844.64,0,,70.78,9.96,0,1,70.62,-1.63,-3.06,-11.89,10.03
844.70,0,,70.80,9.97,0,1,70.65,-1.69,-3.10,-11.99,10.01
844.79,0,,70.74,9.98,0,1,70.75,-1.80,-3.08,-12.08,9.88
844.91,0,,70.71,9.95,0,1,70.70,-1.73,-3.09,-12.02,9.96
845.00,0,,70.68,9.95,0,1,70.52,-1.66,-3.09,-11.95,10.03
845.09,0,,70.58,9.96,1,0,70.28,-1.74,-3.04,-11.98,9.90
845.21,0,,70.47,9.94,2,-1,70.61,-1.77,-3.04,-12.01,9.87
845.30,0,,70.46,9.91,2,-1,70.55,-1.74,-3.08,-12.02,9.94
845.39,0,,70.57,9.91,4,-2,70.96,-1.69,-3.08,-11.97,9.99
845.54,0,,70.68,9.96,2,-1,70.48,-1.61,-3.08,-11.89,10.07
845.69,0,,70.71,10.01,2,-1,70.80,-1.65,-3.06,-11.91,10.01
845.69,0,,70.71,10.01,1,0,70.66,-1.76,-3.06,-12.02,9.90
845.81,0,,70.70,9.97,1,0,70.64,-1.73,-3.08,-12.01,9.95
845.90,0,,70.68,9.95,1,0,70.74,-1.58,-3.01,-11.79,10.03
846.02,0,,70.72,9.98,0,1,70.91,-1.55,-3.01,-11.76,10.06
846.17,0,,70.78,10.02,0,1,70.74,-1.64,-3.07,-11.91,10.03
846.20,0,,70.76,10.04,0,1,70.42,-1.57,-3.02,-11.79,10.05
846.29,0,,70.64,10.06,0,1,70.64,-1.43,-2.97,-11.60,10.14
846.44,0,,70.58,10.09,1,0,70.59,-1.42,-2.97,-11.59,10.15
846.53,0,,70.60,10.12,1,0,70.84,-1.49,-2.97,-11.66,10.08
846.59,0,,70.68,10.11,1,0,70.64,-1.53,-3.01,-11.74,10.08
846.74,0,,70.65,10.09,1,0,70.22,-1.54,-3.03,-11.77,10.09
846.80,0,,70.51,10.10,1,0,70.52,-1.45,-3.07,-11.72,10.22
846.89,0,,70.47,10.15,2,-1,70.74,-1.41,-3.07,-11.68,10.26
847.01,0,,70.58,10.19,2,-1,70.80,-1.54,-3.04,-11.78,10.10
847.16,0,,70.73,10.17,2,-1,70.91,-1.58,-3.10,-11.88,10.12
847.22,0,,70.84,10.15,1,0,70.79,-1.54,-3.12,-11.86,10.18
847.31,0,,70.80,10.14,1,0,70.36,-1.52,-3.07,-11.79,10.15
847.40,0,,70.65,10.15,1,0,70.61,-1.54,-3.10,-11.84,10.16
847.49,0,,70.55,10.15,1,0,70.60,-1.64,-3.17,-12.01,10.13
847.64,0,,70.56,10.13,1,0,70.65,-1.69,-3.15,-12.04,10.06
847.70,0,,70.62,10.10,1,0,70.76,-1.64,-3.14,-11.98,10.10
847.79,0,,70.66,10.09,1,0,70.50,-1.60,-3.17,-11.97,10.17
847.91,0,,70.70,10.12,1,0,71.13,-1.71,-3.24,-12.15,10.13
848.00,0,,70.82,10.12,1,0,70.85,-1.86,-3.27,-12.33,10.01
848.09,0,,70.85,10.08,1,0,70.46,-1.81,-3.26,-12.27,10.05
848.21,0,,70.72,10.07,1,0,70.59,-1.67,-3.28,-12.15,10.21
848.30,0,,70.64,10.12,1,0,70.89,-1.56,-3.18,-11.94,10.22
848.39,0,,70.69,10.19,1,0,70.77,-1.54,-3.19,-11.93,10.25
848.51,0,,70.77,10.23,1,0,70.83,-1.62,-3.23,-12.05,10.21
848.69,0,,70.81,10.21,1,0,70.76,-1.66,-3.13,-11.99,10.07
848.69,0,,70.84,10.17,1,0,71.04,-1.57,-3.19,-11.96,10.22
848.81,0,,70.87,10.16,1,0,70.67,-1.64,-3.20,-12.04,10.16
848.90,0,,70.84,10.12,0,1,70.81,-1.88,-3.16,-12.24,9.88
848.99,0,,70.78,10.03,0,1,70.67,-1.90,-3.25,-12.35,9.95
849.14,0,,70.74,9.96,0,1,70.80,-1.83,-3.26,-12.29,10.03
849.20,0,,70.74,9.97,0,1,70.73,-1.74,-3.22,-12.16,10.08
849.29,0,,70.72,10.02,0,1,70.57,-1.79,-3.28,-12.27,10.09
849.41,0,,70.69,10.06,1,0,70.79,-1.93,-3.32,-12.45,9.99
849.50,0,,70.65,10.04,1,0,70.43,-1.84,-3.25,-12.29,10.01
849.65,0,,70.65,10.03,2,-1,71.02,-1.73,-3.20,-12.13,10.07
849.80,0,,70.67,10.04,2,-1,70.26,-1.63,-3.15,-11.98,10.12
849.80,0,,70.63,10.07,1,0,70.84,-1.70,-3.19,-12.09,10.09
849.92,0,,70.62,10.09,1,0,70.55,-1.80,-3.27,-12.27,10.07
850.01,0,,70.67,10.08,1,0,70.97,-1.72,-3.21,-12.13,10.09
850.19,0,,70.75,10.08,1,0,70.71,-1.66,-3.16,-12.02,10.10
850.19,0,,70.82,10.09,1,0,70.97,-1.67,-3.19,-12.06,10.12
850.31,0,,70.82,10.09,1,0,70.50,-1.77,-3.22,-12.19,10.05
850.40,0,,70.72,10.08,1,0,70.55,-1.79,-3.24,-12.23,10.05
850.52,0,,70.61,10.07,1,0,70.65,-1.67,-3.19,-12.06,10.12
850.64,0,,70.56,10.08,1,0,70.44,-1.59,-3.14,-11.93,10.15
850.70,0,,70.54,10.11,1,0,70.66,-1.65,-3.16,-12.01,10.11
850.79,0,,70.55,10.11,1,0,70.53,-1.74,-3.16,-12.10,10.02
850.91,0,,70.59,10.08,1,0,70.73,-1.74,-3.20,-12.14,10.06
851.00,0,,70.68,10.07,2,-1,70.97,-1.68,-3.27,-12.15,10.19
851.09,0,,70.83,10.11,1,0,71.01,-1.61,-3.18,-11.99,10.17
851.21,0,,70.92,10.14,1,0,70.70,-1.68,-3.15,-12.03,10.07
851.30,0,,70.87,10.12,0,1,70.71,-1.76,-3.20,-12.16,10.04
851.39,0,,70.78,10.06,0,1,70.73,-1.84,-3.16,-12.20,9.92
851.51,0,,70.75,10.01,0,1,70.97,-1.67,-3.18,-12.05,10.11
851.66,0,,70.79,10.03,0,1,70.64,-1.61,-3.21,-12.02,10.20
851.69,0,,70.75,10.07,1,0,70.57,-1.84,-3.14,-12.18,9.90
851.81,0,,70.71,10.04,1,0,71.00,-1.79,-3.18,-12.17,9.99
851.90,0,,70.78,10.01,1,0,70.91,-1.69,-3.22,-12.11,10.13
851.99,0,,70.84,10.03,1,0,70.56,-1.71,-3.14,-12.05,10.03
852.20,0,,70.74,10.05,1,0,70.48,-1.71,-3.17,-12.08,10.06
852.20,0,,70.61,10.06,1,0,70.62,-1.74,-3.25,-12.19,10.11
852.32,0,,70.53,10.08,2,-1,70.40,-1.76,-3.21,-12.17,10.05
852.41,0,,70.51,10.08,2,-1,70.69,-1.70,-3.19,-12.09,10.09
852.50,0,,70.59,10.08,2,-1,70.90,-1.66,-3.21,-12.07,10.15
852.59,0,,70.76,10.09,2,-1,70.99,-1.78,-3.13,-12.11,9.95
852.71,0,,70.93,10.04,1,0,71.12,-1.81,-3.18,-12.19,9.97
852.92,0,,71.03,10.00,1,0,70.84,-1.76,-3.25,-12.21,10.09
852.92,0,,70.96,10.01,0,1,70.60,-1.72,-3.14,-12.06,10.02
853.01,0,,70.80,10.03,0,2,70.70,-1.68,-3.18,-12.06,10.10
853.16,0,,70.66,10.06,0,2,70.50,-1.78,-3.28,-12.26,10.10
853.19,0,,70.63,10.06,0,1,71.00,-1.86,-3.18,-12.24,9.92
853.34,0,,70.66,10.02,0,1,70.36,-1.77,-3.16,-12.13,9.99
853.43,0,,70.67,9.99,1,0,70.90,-1.70,-3.19,-12.09,10.09
853.49,0,,70.64,10.00,2,-1,70.30,-1.82,-3.14,-12.16,9.92
853.64,0,,70.60,9.98,2,-1,70.82,-1.88,-3.19,-12.27,9.91
853.70,0,,70.57,9.95,4,-2,70.32,-1.81,-3.20,-12.21,9.99
853.79,0,,70.47,9.94,4,-2,70.12,-1.80,-3.13,-12.13,9.93
853.91,0,,70.35,9.95,2,-1,70.60,-1.76,-3.15,-12.11,9.99
854.00,0,,70.36,9.96,4,-2,70.38,-1.76,-3.17,-12.13,10.01
854.09,0,,70.40,9.97,4,-2,70.38,-1.84,-3.15,-12.19,9.91
854.21,0,,70.40,9.97,4,-2,70.36,-1.77,-3.20,-12.17,10.03
854.30,0,,70.46,9.99,2,-1,70.96,-1.69,-3.22,-12.11,10.13
854.42,0,,70.62,10.03,2,-1,70.61,-1.78,-3.13,-12.11,9.95
854.51,0,,70.70,10.01,1,0,70.61,-1.89,-3.15,-12.24,9.86
854.66,0,,70.72,9.94,0,1,70.97,-1.92,-3.24,-12.36,9.92
854.69,0,,70.76,9.90,0,2,70.56,-1.87,-3.19,-12.26,9.92
854.81,0,,70.72,9.90,0,2,70.58,-1.81,-3.14,-12.15,9.93
854.90,0,,70.64,9.91,0,2,70.65,-1.84,-3.16,-12.20,9.92
854.99,0,,70.66,9.91,0,2,70.99,-1.91,-3.19,-12.30,9.88
855.20,0,,70.75,9.91,0,1,70.67,-1.89,-3.25,-12.34,9.96
855.20,0,,70.82,9.92,0,1,70.98,-1.88,-3.23,-12.31,9.95
855.29,0,,70.88,9.93,0,1,71.01,-1.86,-3.16,-12.22,9.90
855.50,0,,70.95,9.93,0,1,70.86,-1.86,-3.20,-12.26,9.94
855.50,0,,70.92,9.92,0,1,70.73,-1.94,-3.21,-12.35,9.87
855.65,0,,70.80,9.89,0,1,70.52,-1.97,-3.16,-12.33,9.79
855.71,0,,70.67,9.85,0,1,70.65,-1.84,-3.19,-12.23,9.95
855.80,0,,70.61,9.87,1,0,70.70,-1.80,-3.19,-12.19,9.99
855.89,0,,70.61,9.91,2,-1,70.52,-1.90,-3.12,-12.22,9.82
856.01,0,,70.58,9.89,2,-1,70.47,-1.93,-3.17,-12.30,9.84
856.16,0,,70.58,9.87,4,-2,70.95,-1.87,-3.21,-12.28,9.94
856.19,0,,70.59,9.88,4,-2,69.95,-1.78,-3.13,-12.11,9.95
856.31,0,,70.46,9.92,4,-2,70.52,-1.79,-3.14,-12.13,9.95
856.40,0,,70.38,9.93,4,-2,70.53,-1.91,-3.20,-12.31,9.89
856.49,0,,70.43,9.91,4,-2,70.48,-1.89,-3.13,-12.22,9.84
856.64,0,,70.53,9.89,2,-1,70.90,-1.76,-3.10,-12.06,9.94
856.70,0,,70.65,9.90,2,-1,70.55,-1.72,-3.14,-12.06,10.02
856.79,0,,70.69,9.94,2,-1,70.67,-1.80,-3.10,-12.10,9.90
856.91,0,,70.68,9.94,1,0,70.71,-1.84,-3.13,-12.17,9.89
857.00,0,,70.65,9.93,0,1,70.41,-1.80,-3.19,-12.19,9.99
857.09,0,,70.57,9.93,0,1,70.50,-1.78,-3.08,-12.06,9.90
857.21,0,,70.48,9.92,0,1,70.35,-1.77,-3.10,-12.07,9.93
857.30,0,,70.43,9.92,1,0,70.49,-1.86,-3.19,-12.25,9.93
857.39,0,,70.44,9.90,1,0,70.60,-1.92,-3.08,-12.20,9.76
857.51,0,,70.48,9.86,2,-1,70.37,-1.79,-3.09,-12.08,9.90
857.66,0,,70.45,9.87,2,-1,70.24,-1.66,-3.11,-11.97,10.05
857.69,0,,70.38,9.92,2,-1,70.46,-1.74,-3.03,-11.97,9.89
857.84,0,,70.41,9.94,2,-1,70.79,-1.83,-3.11,-12.14,9.88
857.90,0,,70.51,9.91,2,-1,70.28,-1.85,-3.16,-12.21,9.91
857.99,0,,70.47,9.89,2,-1,70.19,-1.83,-3.04,-12.07,9.81
858.14,0,,70.41,9.87,1,0,70.85,-1.72,-3.08,-12.00,9.96
858.20,0,,70.49,9.89,1,0,70.45,-1.79,-3.15,-12.14,9.96
858.29,0,,70.53,9.90,1,0,70.41,-1.95,-3.09,-12.24,9.74
858.41,0,,70.52,9.86,2,-1,70.67,-1.92,-3.16,-12.28,9.84
858.50,0,,70.61,9.84,0,1,71.07,-1.85,-3.21,-12.26,9.96
858.59,0,,70.74,9.87,0,1,70.41,-1.90,-3.16,-12.26,9.86
858.74,0,,70.71,9.87,0,1,70.62,-2.01,-3.20,-12.41,9.79
858.80,0,,70.67,9.83,0,1,70.91,-2.05,-3.19,-12.44,9.74
858.89,0,,70.74,9.77,0,2,70.88,-2.07,-3.14,-12.41,9.67
859.01,0,,70.78,9.72,0,2,70.44,-2.01,-3.18,-12.39,9.77
859.16,0,,70.70,9.72,1,0,70.63,-2.00,-3.20,-12.40,9.80
859.19,0,,70.55,9.73,1,0,70.12,-2.18,-3.16,-12.54,9.58
859.31,0,,70.43,9.68,1,0,70.75,-2.18,-3.16,-12.54,9.58
859.40,0,,70.47,9.64,2,-1,70.63,-2.02,-3.20,-12.42,9.78
859.52,0,,70.60,9.67,2,-1,70.80,-2.01,-3.16,-12.37,9.75
859.64,0,,70.66,9.70,2,-1,70.37,-2.10,-3.15,-12.45,9.65
859.70,0,,70.64,9.69,2,-1,70.77,-2.16,-3.21,-12.57,9.65
859.79,0,,70.62,9.66,2,-1,70.60,-2.16,-3.15,-12.51,9.59
859.94,0,,70.66,9.63,1,0,70.80,-2.02,-3.13,-12.35,9.71
860.00,0,,70.63,9.66,1,0,70.18,-1.98,-3.16,-12.34,9.78
860.09,0,,70.51,9.69,0,1,70.47,-2.13,-3.11,-12.44,9.58
860.21,0,,70.43,9.67,1,0,70.56,-2.13,-3.15,-12.48,9.62
860.30,0,,70.48,9.65,1,0,70.69,-2.03,-3.17,-12.40,9.74
860.39,0,,70.59,9.67,1,0,70.74,-1.99,-3.13,-12.32,9.74
860.54,0,,70.73,9.71,1,0,70.97,-2.05,-3.22,-12.47,9.77
860.66,0,,70.81,9.74,1,0,70.55,-2.20,-3.33,-12.73,9.73
860.69,0,,70.76,9.73,1,0,70.59,-2.33,-3.33,-12.86,9.60
860.81,0,,70.65,9.67,1,0,70.56,-2.34,-3.33,-12.87,9.59
860.90,0,,70.58,9.62,1,0,70.56,-2.33,-3.37,-12.90,9.64
860.99,0,,70.53,9.59,1,0,70.43,-2.44,-3.36,-13.00,9.52
861.14,0,,70.51,9.56,1,0,70.62,-2.54,-3.41,-13.15,9.47
861.20,0,,70.53,9.52,1,0,70.56,-2.52,-3.50,-13.22,9.58
861.29,0,,70.58,9.52,1,0,70.76,-2.42,-3.41,-13.03,9.59
861.41,0,,70.62,9.55,1,0,70.42,-2.43,-3.39,-13.02,9.56
861.50,0,,70.65,9.55,1,0,71.07,-2.62,-3.48,-13.30,9.46
861.59,0,,70.72,9.50,1,0,70.45,-2.70,-3.46,-13.36,9.36
861.71,0,,70.65,9.43,1,0,70.22,-2.67,-3.46,-13.33,9.39
861.80,0,,70.49,9.40,1,0,70.67,-2.58,-3.49,-13.27,9.51
861.89,0,,70.44,9.42,1,0,70.34,-2.59,-3.46,-13.25,9.47
862.01,0,,70.43,9.46,1,0,70.47,-2.67,-3.52,-13.39,9.45
862.16,0,,70.42,9.47,2,-1,70.37,-2.69,-3.57,-13.46,9.48
862.19,0,,70.45,9.46,1,0,70.74,-2.71,-3.51,-13.42,9.40
862.31,0,,70.52,9.45,1,0,70.43,-2.60,-3.51,-13.31,9.51
862.40,0,,70.58,9.47,1,0,70.75,-2.60,-3.54,-13.34,9.54
862.49,0,,70.63,9.48,1,0,70.64,-2.74,-3.50,-13.44,9.36
862.64,0,,70.67,9.45,1,0,70.73,-2.73,-3.53,-13.46,9.40
862.70,0,,70.70,9.41,1,0,70.68,-2.73,-3.55,-13.48,9.42
862.79,0,,70.72,9.39,1,0,70.78,-2.72,-3.47,-13.39,9.35
862.91,0,,70.75,9.38,0,2,70.83,-2.73,-3.52,-13.45,9.39
863.00,0,,70.71,9.37,0,2,70.14,-2.82,-3.56,-13.58,9.34
863.09,0,,70.54,9.35,0,1,70.53,-2.82,-3.51,-13.53,9.29
863.21,0,,70.41,9.33,1,0,70.32,-2.77,-3.54,-13.51,9.37
863.30,0,,70.28,9.41,1,0,69.77,-2.30,-3.69,-13.19,9.99
863.39,0,,70.07,9.79,4,-2,69.95,-1.52,-3.96,-12.68,11.04
863.51,0,,69.84,10.40,4,-2,69.33,-1.59,-3.98,-12.77,10.99
863.69,0,,69.68,10.84,4,-2,70.00,-1.82,-3.89,-12.91,10.67
863.69,0,,69.71,10.95,4,-2,69.96,-1.54,-3.92,-12.66,10.98
863.81,0,,69.82,10.94,4,-2,69.72,-1.59,-3.89,-12.68,10.90
863.90,0,,69.85,10.92,4,-2,69.90,-1.68,-3.94,-12.82,10.86
863.99,0,,69.89,10.88,4,-2,70.09,-1.71,-3.94,-12.85,10.83
864.14,0,,69.93,10.84,4,-2,69.71,-1.73,-3.94,-12.87,10.81
864.20,0,,69.89,10.84,2,-1,69.77,-1.57,-3.93,-12.70,10.96
864.35,0,,69.77,10.86,2,-1,69.53,-1.65,-3.86,-12.71,10.81
864.41,0,,69.81,10.76,0,1,70.82,-2.03,-3.54,-12.77,10.11
864.50,0,,70.19,10.34,0,1,70.88,-2.48,-2.85,-12.53,8.97
864.59,0,,70.61,9.64,0,2,70.56,-2.45,-2.77,-12.42,8.92
864.71,0,,70.78,9.14,0,2,70.88,-2.23,-2.97,-12.40,9.34
864.80,0,,70.81,9.03,0,2,70.67,-2.32,-2.86,-12.38,9.14
864.89,0,,70.82,9.08,0,2,71.01,-2.41,-2.95,-12.56,9.14
865.01,0,,70.82,9.13,0,2,70.60,-2.40,-2.93,-12.53,9.13
865.16,0,,70.74,9.14,0,2,70.48,-2.33,-2.86,-12.39,9.13
865.19,0,,70.68,9.15,0,2,71.09,-2.30,-2.90,-12.40,9.20
865.31,0,,70.71,9.17,0,2,70.45,-2.33,-2.92,-12.45,9.19
865.40,0,,70.71,9.18,0,2,70.74,-2.38,-2.93,-12.51,9.15
865.49,0,,70.66,9.15,0,2,70.54,-2.44,-2.86,-12.50,9.02
865.64,0,,70.68,9.10,2,-1,71.07,-2.34,-2.89,-12.43,9.15
865.70,0,,70.86,9.12,2,-1,71.35,-2.24,-2.94,-12.38,9.30
865.79,0,,71.04,9.17,0,1,70.70,-2.32,-2.87,-12.39,9.15
865.94,0,,71.02,9.19,0,1,70.86,-2.36,-2.89,-12.45,9.13
866.00,0,,70.90,9.18,0,2,70.78,-2.35,-2.96,-12.51,9.21
866.09,0,,70.77,9.16,0,1,70.45,-2.32,-2.84,-12.36,9.12
866.24,0,,70.60,9.16,0,1,70.38,-2.26,-2.84,-12.30,9.18
866.30,0,,70.51,9.17,2,-1,70.87,-2.28,-2.95,-12.43,9.27
866.42,0,,70.59,9.19,2,-1,70.73,-2.38,-2.88,-12.46,9.10
866.54,0,,70.72,9.17,2,-1,70.87,-2.38,-2.88,-12.46,9.10
866.72,0,,70.79,9.14,2,-1,70.68,-2.29,-2.89,-12.38,9.20
866.72,0,,70.80,9.14,1,0,70.84,-2.27,-2.81,-12.28,9.14
866.81,0,,70.75,9.15,1,0,70.45,-2.30,-2.88,-12.38,9.18
866.90,0,,70.66,9.16,1,0,70.67,-2.36,-2.88,-12.44,9.12
866.99,0,,70.64,9.14,1,0,70.91,-2.34,-2.81,-12.35,9.07
867.14,0,,70.71,9.13,1,0,70.65,-2.20,-2.90,-12.30,9.30
867.20,0,,70.70,9.18,1,0,70.39,-2.23,-2.91,-12.34,9.28
867.32,0,,70.60,9.22,2,-1,70.62,-2.36,-2.83,-12.39,9.07
867.44,0,,70.54,9.19,2,-1,70.51,-2.34,-2.90,-12.44,9.16
867.50,0,,70.52,9.15,1,0,70.50,-2.38,-2.94,-12.52,9.16
867.65,0,,70.55,9.13,1,0,70.86,-2.40,-2.84,-12.44,9.04
867.71,0,,70.65,9.10,1,0,70.67,-2.27,-2.84,-12.31,9.17
867.80,0,,70.69,9.11,1,0,70.51,-2.31,-2.88,-12.39,9.17
867.95,0,,70.63,9.12,1,0,70.52,-2.44,-2.85,-12.49,9.01
868.04,0,,70.59,9.09,1,0,70.79,-2.41,-2.88,-12.49,9.07
868.16,0,,70.64,9.07,2,-1,70.72,-2.35,-2.88,-12.43,9.13
868.19,0,,70.73,9.09,2,-1,70.91,-2.30,-2.83,-12.33,9.13
868.31,0,,70.81,9.11,2,-1,70.82,-2.33,-2.85,-12.38,9.12
868.43,0,,70.90,9.12,0,1,71.16,-2.41,-2.90,-12.51,9.09
868.49,0,,70.92,9.10,0,1,70.48,-2.46,-2.91,-12.57,9.05
868.64,0,,70.80,9.08,0,1,70.54,-2.39,-2.92,-12.51,9.13
868.70,0,,70.65,9.10,0,1,70.73,-2.29,-2.87,-12.36,9.18
868.79,0,,70.61,9.12,1,0,70.64,-2.35,-2.82,-12.37,9.07
868.91,0,,70.59,9.11,1,0,70.32,-2.41,-2.86,-12.47,9.05
869.00,0,,70.54,9.08,1,0,70.77,-2.40,-2.89,-12.49,9.09
869.09,0,,70.59,9.06,1,0,70.73,-2.38,-2.84,-12.42,9.06
869.21,0,,70.67,9.08,4,-2,70.69,-2.25,-2.89,-12.34,9.24
869.39,0,,70.73,9.15,2,-1,70.83,-2.24,-2.93,-12.37,9.29
869.39,0,,70.75,9.20,2,-1,70.59,-2.39,-2.84,-12.43,9.05
869.51,0,,70.76,9.17,1,0,71.01,-2.40,-2.88,-12.48,9.08
869.66,0,,70.79,9.12,0,1,70.63,-2.37,-2.93,-12.50,9.16
869.69,0,,70.75,9.10,1,0,70.53,-2.34,-2.79,-12.33,9.05
869.81,0,,70.62,9.09,1,0,70.41,-2.28,-2.82,-12.30,9.14
869.90,0,,70.55,9.10,1,0,70.87,-2.32,-2.88,-12.40,9.16
869.99,0,,70.52,9.10,1,0,69.92,-2.40,-2.75,-12.35,8.95
870.20,0,,70.40,9.07,1,0,70.60,-2.25,-2.75,-12.20,9.10
870.23,0,,70.40,9.09,2,-1,70.74,-1.95,-2.75,-11.90,9.40
870.32,0,,70.52,9.20,2,-1,70.45,-1.89,-2.59,-11.68,9.30
870.44,0,,70.59,9.29,2,-1,70.74,-1.94,-2.61,-11.75,9.27
870.50,0,,70.65,9.32,2,-1,70.72,-1.94,-2.72,-11.86,9.38
870.59,0,,70.64,9.33,2,-1,70.23,-1.98,-2.70,-11.88,9.32
870.71,0,,70.55,9.34,2,-1,70.70,-1.86,-2.66,-11.72,9.40
870.80,0,,70.47,9.37,2,-1,70.18,-1.69,-2.56,-11.45,9.47
870.89,0,,70.44,9.41,2,-1,70.77,-1.72,-2.51,-11.43,9.39
871.01,0,,70.54,9.43,2,-1,70.83,-1.70,-2.58,-11.48,9.48
871.16,0,,70.66,9.45,1,0,70.46,-1.66,-2.56,-11.42,9.50
871.19,0,,70.64,9.47,1,0,70.52,-1.63,-2.45,-11.28,9.42
871.31,0,,70.53,9.47,1,0,70.26,-1.53,-2.43,-11.16,9.50
871.40,0,,70.45,9.48,1,0,70.70,-1.53,-2.47,-11.20,9.54
871.49,0,,70.47,9.49,1,0,70.46,-1.66,-2.50,-11.36,9.44
871.64,0,,70.52,9.48,1,0,70.57,-1.69,-2.50,-11.39,9.41
871.70,0,,70.57,9.46,1,0,70.78,-1.56,-2.50,-11.26,9.54
871.79,0,,70.66,9.49,1,0,70.70,-1.45,-2.48,-11.13,9.63
871.94,0,,70.68,9.55,1,0,70.43,-1.48,-2.46,-11.14,9.58
872.00,0,,70.58,9.58,2,-1,70.39,-1.54,-2.48,-11.22,9.54
872.09,0,,70.50,9.57,1,0,70.73,-1.59,-2.48,-11.27,9.49
872.21,0,,70.58,9.54,1,0,70.90,-1.53,-2.51,-11.24,9.58
872.30,0,,70.70,9.55,1,0,70.58,-1.42,-2.48,-11.10,9.66
872.39,0,,70.75,9.59,1,0,70.83,-1.41,-2.44,-11.05,9.63
872.51,0,,70.78,9.63,0,1,70.89,-1.43,-2.45,-11.08,9.62
872.66,0,,70.76,9.62,1,0,70.32,-1.49,-2.45,-11.14,9.56
872.69,0,,70.61,9.59,1,0,70.38,-1.55,-2.49,-11.24,9.54
872.81,0,,70.49,9.57,1,0,70.77,-1.42,-2.46,-11.08,9.64
872.90,0,,70.46,9.59,1,0,70.03,-1.31,-2.40,-10.91,9.69
872.99,0,,70.44,9.63,1,0,70.93,-1.42,-2.43,-11.05,9.61
873.14,0,,70.53,9.63,1,0,70.63,-1.47,-2.46,-11.13,9.59
873.20,0,,70.64,9.61,2,-1,70.59,-1.45,-2.45,-11.10,9.60
873.29,0,,70.64,9.59,2,-1,70.47,-1.42,-2.41,-11.03,9.59
873.41,0,,70.56,9.60,2,-1,70.48,-1.30,-2.41,-10.91,9.71
873.50,0,,70.48,9.64,1,0,70.35,-1.30,-2.42,-10.92,9.72
873.59,0,,70.43,9.67,1,0,70.57,-1.42,-2.42,-11.04,9.60
873.71,0,,70.41,9.65,1,0,70.19,-1.45,-2.40,-11.05,9.55
873.80,0,,70.40,9.61,1,0,70.66,-1.37,-2.37,-10.94,9.60
873.89,0,,70.50,9.60,1,0,70.85,-1.23,-2.40,-10.83,9.77
874.01,0,,70.66,9.66,1,0,70.69,-1.25,-2.41,-10.86,9.76
874.16,0,,70.79,9.71,1,0,71.06,-1.36,-2.41,-10.97,9.65
874.19,0,,70.84,9.70,0,1,70.48,-1.39,-2.41,-11.00,9.62
874.31,0,,70.77,9.66,0,2,70.66,-1.37,-2.40,-10.97,9.63
874.40,0,,70.67,9.63,0,2,70.73,-1.28,-2.36,-10.84,9.68
874.49,0,,70.68,9.65,0,2,70.77,-1.25,-2.37,-10.82,9.72
874.64,0,,70.73,9.67,0,2,70.84,-1.30,-2.36,-10.86,9.66
874.70,0,,70.81,9.66,1,0,70.95,-1.40,-2.35,-10.95,9.55
874.82,0,,70.85,9.62,1,0,70.67,-1.42,-2.42,-11.04,9.60
874.91,0,,70.84,9.61,1,0,70.93,-1.25,-2.39,-10.84,9.74
875.00,0,,70.81,9.65,1,0,70.61,-1.23,-2.35,-10.78,9.72
875.09,0,,70.70,9.69,1,0,70.31,-1.36,-2.39,-10.95,9.63
875.21,0,,70.55,9.67,1,0,70.62,-1.40,-2.39,-10.99,9.59
875.30,0,,70.46,9.63,2,-1,70.30,-1.40,-2.39,-10.99,9.59
875.39,0,,70.44,9.60,4,-2,70.59,-1.30,-2.35,-10.85,9.65
875.51,0,,70.52,9.62,4,-2,70.95,-1.22,-2.34,-10.76,9.72
875.66,0,,70.70,9.66,4,-2,70.77,-1.31,-2.41,-10.92,9.70
875.69,0,,70.77,9.68,2,-1,70.48,-1.40,-2.38,-10.98,9.58
875.81,0,,70.69,9.64,1,0,70.57,-1.38,-2.36,-10.94,9.58
875.90,0,,70.62,9.62,1,0,70.77,-1.23,-2.38,-10.81,9.75
875.99,0,,70.65,9.67,1,0,70.78,-1.15,-2.40,-10.75,9.85
876.14,0,,70.72,9.74,1,0,70.70,-1.27,-2.39,-10.86,9.72
876.20,0,,70.71,9.75,0,1,70.51,-1.36,-2.36,-10.92,9.60
876.29,0,,70.65,9.70,0,1,70.62,-1.31,-2.41,-10.92,9.70
876.41,0,,70.67,9.68,1,0,71.15,-1.20,-2.40,-10.80,9.80
876.50,0,,70.78,9.72,1,0,70.55,-1.19,-2.36,-10.75,9.77
876.59,0,,70.76,9.74,1,0,70.46,-1.31,-2.38,-10.89,9.67
876.71,0,,70.64,9.72,1,0,70.67,-1.31,-2.37,-10.88,9.66
876.80,0,,70.56,9.68,1,0,70.42,-1.30,-2.38,-10.88,9.68
876.89,0,,70.60,9.67,1,0,71.19,-1.28,-2.35,-10.83,9.67
877.04,0,,70.79,9.68,1,0,70.95,-1.18,-2.33,-10.71,9.75
877.16,0,,70.89,9.71,1,0,70.47,-1.23,-2.40,-10.83,9.77
877.19,0,,70.73,9.73,1,0,70.23,-1.33,-2.37,-10.90,9.64
877.43,0,,70.53,9.70,1,0,70.77,-1.33,-2.34,-10.87,9.61
877.43,0,,70.51,9.66,1,0,70.63,-1.25,-2.40,-10.85,9.75
877.49,0,,70.57,9.69,1,0,70.51,-1.17,-2.38,-10.75,9.81
877.64,0,,70.59,9.74,1,0,70.68,-1.24,-2.38,-10.82,9.74
877.70,0,,70.56,9.74,1,0,70.24,-1.34,-2.36,-10.90,9.62
877.79,0,,70.51,9.68,1,0,70.75,-1.40,-2.32,-10.92,9.52
877.91,0,,70.53,9.61,2,-1,70.56,-1.30,-2.36,-10.86,9.66
878.00,0,,70.59,9.61,2,-1,70.72,-1.18,-2.36,-10.74,9.78
878.09,0,,70.65,9.66,1,0,70.65,-1.28,-2.34,-10.82,9.66
878.21,0,,70.70,9.69,1,0,70.90,-1.37,-2.41,-10.98,9.64
878.39,0,,70.73,9.67,1,0,70.43,-1.41,-2.43,-11.04,9.62
878.39,0,,70.64,9.63,0,1,70.47,-1.37,-2.36,-10.93,9.59
878.54,0,,70.51,9.62,1,0,70.37,-1.26,-2.37,-10.83,9.71
878.72,0,,70.47,9.63,1,0,70.77,-1.34,-2.38,-10.92,9.64
878.78,0,,70.52,9.64,1,0,70.49,-1.39,-2.38,-10.97,9.59
878.81,0,,70.59,9.63,1,0,70.71,-1.37,-2.42,-10.99,9.65
878.90,0,,70.58,9.62,1,0,70.28,-1.38,-2.39,-10.97,9.61
879.05,0,,70.53,9.62,1,0,70.67,-1.30,-2.35,-10.85,9.65
879.26,0,,70.52,9.63,1,0,70.54,-1.35,-2.36,-10.91,9.61
879.26,0,,70.58,9.61,1,0,70.83,-1.48,-2.39,-11.07,9.51
879.29,0,,70.64,9.56,2,-1,70.40,-1.50,-2.38,-11.08,9.48
879.41,0,,70.65,9.52,1,0,70.90,-1.42,-2.37,-10.99,9.55
879.50,0,,70.70,9.53,1,0,70.78,-1.33,-2.41,-10.94,9.68
879.65,0,,70.76,9.59,1,0,70.68,-1.37,-2.44,-11.01,9.67
879.71,0,,70.78,9.63,0,1,70.93,-1.46,-2.43,-11.09,9.57
879.80,0,,70.81,9.62,0,1,70.73,-1.51,-2.44,-11.15,9.53
879.89,0,,70.84,9.58,0,2,71.05,-1.44,-2.46,-11.10,9.62
880.01,0,,70.85,9.59,0,2,70.51,-1.34,-2.46,-11.00,9.72
880.16,0,,70.73,9.63,0,1,70.44,-1.45,-2.45,-11.10,9.60
880.19,0,,70.57,9.63,0,1,70.51,-1.54,-2.45,-11.19,9.51
880.31,0,,70.49,9.57,0,1,70.52,-1.55,-2.43,-11.18,9.48
880.40,0,,70.54,9.51,2,-1,70.98,-1.52,-2.42,-11.14,9.50
880.49,0,,70.69,9.50,2,-1,70.73,-1.41,-2.43,-11.04,9.62
880.73,0,,70.82,9.53,2,-1,70.97,-1.47,-2.42,-11.09,9.55
880.73,0,,70.84,9.55,1,0,70.50,-1.57,-2.47,-11.24,9.50
880.79,0,,70.68,9.53,1,0,70.15,-1.56,-2.48,-11.24,9.52
880.97,0,,70.51,9.51,1,0,70.93,-1.56,-2.43,-11.19,9.47
881.00,0,,70.50,9.49,1,0,70.30,-1.49,-2.41,-11.10,9.52
881.15,0,,70.52,9.50,1,0,70.61,-1.51,-2.42,-11.13,9.51
881.21,0,,70.54,9.50,1,0,70.68,-1.58,-2.46,-11.24,9.48
881.30,0,,70.55,9.49,1,0,70.26,-1.58,-2.46,-11.24,9.48
881.39,0,,70.54,9.49,2,-1,70.88,-1.52,-2.45,-11.17,9.53
881.51,0,,70.58,9.51,2,-1,70.47,-1.41,-2.46,-11.07,9.65
881.66,0,,70.61,9.56,1,0,70.66,-1.48,-2.41,-11.09,9.53
881.72,0,,70.63,9.55,1,0,70.73,-1.59,-2.39,-11.18,9.40
881.81,0,,70.66,9.49,1,0,70.61,-1.59,-2.41,-11.20,9.42
881.90,0,,70.66,9.44,1,0,70.62,-1.52,-2.42,-11.14,9.50
881.99,0,,70.66,9.46,1,0,70.77,-1.40,-2.41,-11.01,9.61
882.14,0,,70.73,9.51,1,0,71.01,-1.52,-2.37,-11.09,9.45
882.23,0,,70.85,9.50,1,0,70.91,-1.64,-2.43,-11.27,9.39
882.32,0,,70.90,9.45,0,1,70.67,-1.61,-2.47,-11.28,9.46
882.41,0,,70.84,9.43,0,2,70.81,-1.57,-2.44,-11.21,9.47
882.50,0,,70.80,9.45,0,1,70.85,-1.47,-2.44,-11.11,9.57
882.59,0,,70.76,9.50,0,1,70.51,-1.49,-2.44,-11.13,9.55
882.71,0,,70.71,9.53,1,0,70.89,-1.61,-2.48,-11.29,9.47
882.80,0,,70.70,9.51,1,0,70.54,-1.66,-2.49,-11.35,9.43
882.89,0,,70.67,9.46,1,0,70.68,-1.65,-2.44,-11.29,9.39
883.04,0,,70.63,9.42,2,-1,70.50,-1.56,-2.44,-11.20,9.48
883.16,0,,70.61,9.43,2,-1,70.74,-1.60,-2.46,-11.26,9.46
883.22,0,,70.61,9.44,2,-1,70.50,-1.69,-2.47,-11.36,9.38
883.34,0,,70.58,9.41,2,-1,70.46,-1.72,-2.43,-11.35,9.31
883.40,0,,70.54,9.36,2,-1,70.64,-1.71,-2.44,-11.35,9.33
883.52,0,,70.61,9.34,2,-1,71.05,-1.62,-2.46,-11.28,9.44
883.64,0,,70.81,9.37,1,0,71.07,-1.62,-2.43,-11.25,9.41
883.76,0,,70.94,9.38,1,0,70.67,-1.72,-2.40,-11.32,9.28
883.79,0,,70.91,9.35,0,1,70.79,-1.74,-2.41,-11.35,9.27
883.91,0,,70.87,9.31,0,2,71.19,-1.63,-2.43,-11.26,9.40
884.00,0,,70.94,9.34,0,2,70.92,-1.53,-2.44,-11.17,9.51
884.09,0,,70.94,9.42,0,2,70.55,-1.60,-2.47,-11.27,9.47
884.21,0,,70.73,9.45,0,2,70.15,-1.75,-2.46,-11.41,9.31
884.30,0,,70.46,9.39,0,1,70.43,-1.78,-2.43,-11.41,9.25
884.39,0,,70.33,9.32,1,0,70.42,-1.70,-2.45,-11.35,9.35
884.51,0,,70.40,9.31,4,-2,70.87,-1.66,-2.44,-11.30,9.38
884.66,0,,70.59,9.32,4,-2,70.72,-1.72,-2.41,-11.33,9.29
884.69,0,,70.76,9.31,4,-2,70.94,-1.79,-2.45,-11.44,9.26
884.81,0,,70.86,9.29,2,-1,70.83,-1.81,-2.49,-11.50,9.28
884.90,0,,70.84,9.27,1,0,70.47,-1.77,-2.45,-11.42,9.28
884.99,0,,70.75,9.27,0,1,70.94,-1.73,-2.44,-11.37,9.31
885.14,0,,70.70,9.28,0,1,70.47,-1.77,-2.45,-11.42,9.28
885.20,0,,70.66,9.27,1,0,70.71,-1.88,-2.43,-11.51,9.15
885.29,0,,70.67,9.22,1,0,70.87,-1.88,-2.47,-11.55,9.19
885.41,0,,70.73,9.19,0,1,70.69,-1.82,-2.46,-11.48,9.24
885.50,0,,70.73,9.19,1,0,70.51,-1.83,-2.43,-11.46,9.20
885.59,0,,70.65,9.20,2,-1,70.60,-1.82,-2.43,-11.45,9.21
885.71,0,,70.57,9.20,2,-1,70.49,-1.84,-2.43,-11.47,9.19
885.80,0,,70.54,9.19,2,-1,70.63,-1.85,-2.41,-11.46,9.16
885.89,0,,70.60,9.18,1,0,70.95,-1.78,-2.41,-11.39,9.23
886.01,0,,70.79,9.20,1,0,71.16,-1.74,-2.43,-11.37,9.29
886.16,0,,70.95,9.24,1,0,70.72,-1.82,-2.47,-11.49,9.25
886.19,0,,70.95,9.25,1,0,70.88,-1.94,-2.51,-11.65,9.17
886.31,0,,70.93,9.22,1,0,71.18,-1.96,-2.55,-11.71,9.19
886.40,0,,70.98,9.20,0,1,70.88,-1.94,-2.56,-11.70,9.22
886.52,0,,70.99,9.20,0,2,70.93,-1.94,-2.56,-11.70,9.22
886.67,0,,70.93,9.20,0,2,70.81,-2.00,-2.61,-11.81,9.21
886.72,0,,70.91,9.19,0,2,71.15,-2.16,-2.65,-12.01,9.09
886.82,0,,70.92,9.15,0,1,70.65,-2.19,-2.68,-12.07,9.09
886.91,0,,70.91,9.11,0,1,71.09,-2.16,-2.73,-12.09,9.17
887.00,0,,70.87,9.11,0,1,70.59,-2.22,-2.72,-12.14,9.10
887.18,0,,70.86,9.11,0,1,71.20,-2.21,-2.70,-12.11,9.09
887.21,0,,70.91,9.11,2,-1,70.83,-2.08,-2.68,-11.96,9.20
887.30,0,,70.88,9.15,2,-1,70.45,-1.95,-2.59,-11.74,9.24
887.39,0,,70.72,9.21,2,-1,70.64,-1.83,-2.53,-11.56,9.30
887.51,0,,70.61,9.27,2,-1,70.63,-1.80,-2.57,-11.57,9.37
887.66,0,,70.64,9.31,4,-2,70.99,-1.93,-2.60,-11.73,9.27
887.69,0,,70.75,9.30,2,-1,70.76,-2.12,-2.67,-11.99,9.15
887.81,0,,70.81,9.25,2,-1,70.66,-2.03,-2.74,-11.97,9.31
887.90,0,,70.78,9.26,1,0,70.79,-1.83,-2.68,-11.71,9.45
887.99,0,,70.67,9.31,1,0,70.13,-2.03,-2.66,-11.89,9.23
888.14,0,,70.51,9.28,2,-1,70.63,-2.18,-2.62,-12.00,9.04
888.23,0,,70.52,9.19,2,-1,71.02,-2.18,-2.75,-12.13,9.17
888.29,0,,70.70,9.13,2,-1,70.76,-2.25,-2.84,-12.29,9.19
888.41,0,,70.78,9.12,2,-1,70.50,-2.21,-2.67,-12.08,9.06
888.50,0,,70.84,9.12,2,-1,71.66,-2.14,-2.73,-12.07,9.19
888.59,0,,70.99,9.15,0,1,70.54,-2.01,-2.75,-11.96,9.34
888.71,0,,70.95,9.20,0,1,70.61,-2.29,-2.74,-12.23,9.05
888.80,0,,70.71,9.16,0,1,70.34,-2.36,-2.80,-12.36,9.04
888.89,0,,70.57,9.12,0,1,70.99,-2.01,-2.69,-11.90,9.28
889.01,0,,70.56,9.13,2,-1,70.13,-2.26,-2.74,-12.20,9.08
889.19,0,,70.46,9.12,2,-1,70.28,-2.33,-2.74,-12.27,9.01
889.19,0,,70.33,9.07,2,-1,70.36,-2.27,-2.70,-12.17,9.03
889.31,0,,70.38,9.03,4,-2,71.01,-2.31,-2.76,-12.27,9.05
889.40,0,,70.54,9.04,4,-2,70.23,-2.17,-2.73,-12.10,9.16
889.49,0,,70.51,9.06,4,-2,70.14,-2.30,-2.68,-12.18,8.98
889.64,0,,70.42,9.04,4,-2,70.94,-2.38,-2.69,-12.27,8.91
889.70,0,,70.54,8.99,2,-1,70.70,-2.30,-2.76,-12.26,9.06
889.79,0,,70.72,9.00,2,-1,70.96,-2.22,-2.70,-12.12,9.08
889.91,0,,70.83,9.03,1,0,70.71,-2.16,-2.63,-11.99,9.07
890.00,0,,70.86,9.05,0,2,70.94,-2.28,-2.69,-12.17,9.01
890.09,0,,70.89,9.04,0,2,70.96,-2.31,-2.70,-12.21,8.99
890.24,0,,70.87,9.02,0,2,70.54,-2.28,-2.72,-12.20,9.04
890.30,0,,70.82,9.02,0,2,71.06,-2.23,-2.70,-12.13,9.07
890.39,0,,70.83,9.05,0,2,70.83,-2.16,-2.66,-12.02,9.10
890.51,0,,70.84,9.06,0,2,70.61,-2.26,-2.68,-12.14,9.02
890.66,0,,70.72,9.04,0,1,70.37,-2.36,-2.67,-12.23,8.91
890.69,0,,70.63,8.99,1,0,71.07,-2.29,-2.68,-12.17,8.99
890.81,0,,70.68,8.99,0,1,70.59,-2.15,-2.72,-12.07,9.17
890.90,0,,70.74,9.04,2,-1,70.79,-2.21,-2.64,-12.05,9.03
890.99,0,,70.72,9.05,2,-1,70.55,-2.30,-2.64,-12.14,8.94
891.14,0,,70.68,9.02,2,-1,70.67,-2.27,-2.68,-12.15,9.01
891.20,0,,70.66,9.00,2,-1,70.82,-2.21,-2.65,-12.06,9.04
891.29,0,,70.74,9.01,2,-1,70.91,-2.17,-2.63,-12.00,9.06
891.41,0,,70.76,9.03,1,0,70.36,-2.22,-2.61,-12.03,8.99
891.50,0,,70.71,9.02,1,0,70.94,-2.24,-2.66,-12.10,9.02
891.59,0,,70.76,9.03,1,0,71.11,-2.23,-2.71,-12.14,9.08
891.74,0,,70.91,9.04,0,1,70.91,-2.22,-2.62,-12.04,9.00
891.80,0,,70.91,9.03,0,1,70.39,-2.17,-2.59,-11.96,9.02
891.89,0,,70.68,9.01,0,1,70.20,-2.23,-2.61,-12.04,8.98
892.01,0,,70.45,8.98,2,-1,70.62,-2.30,-2.62,-12.12,8.92
892.16,0,,70.44,8.95,2,-1,70.82,-2.30,-2.62,-12.12,8.92
892.19,0,,70.61,8.92,2,-1,70.77,-2.30,-2.63,-12.13,8.93
892.31,0,,70.74,8.92,2,-1,70.76,-2.28,-2.61,-12.09,8.93
892.40,0,,70.82,8.93,2,-1,70.98,-2.26,-2.64,-12.10,8.98
892.49,0,,70.84,8.94,1,0,70.55,-2.35,-2.69,-12.24,8.94
892.64,0,,70.74,8.93,1,0,70.51,-2.42,-2.62,-12.24,8.80
892.70,0,,70.59,8.88,2,-1,70.40,-2.34,-2.60,-12.14,8.86
892.79,0,,70.49,8.87,1,0,70.62,-2.28,-2.67,-12.15,8.99
892.91,0,,70.47,8.90,1,0,70.40,-2.32,-2.67,-12.19,8.95
893.00,0,,70.44,8.93,1,0,70.23,-2.39,-2.67,-12.26,8.88
893.09,0,,70.39,8.91,2,-1,70.59,-2.41,-2.65,-12.26,8.84
893.21,0,,70.48,8.88,2,-1,70.96,-2.29,-2.63,-12.12,8.94
893.33,0,,70.70,8.89,2,-1,70.90,-2.26,-2.64,-12.10,8.98
893.39,0,,70.79,8.91,2,-1,70.26,-2.42,-2.64,-12.26,8.82
893.51,0,,70.66,8.89,1,0,70.57,-2.44,-2.67,-12.31,8.83
893.66,0,,70.59,8.85,1,0,70.95,-2.39,-2.66,-12.25,8.87
893.69,0,,70.68,8.84,1,0,70.74,-2.35,-2.59,-12.14,8.84
893.90,0,,70.73,8.84,1,0,70.45,-2.33,-2.60,-12.13,8.87
893.90,0,,70.67,8.85,1,0,70.72,-2.37,-2.62,-12.19,8.85
893.99,0,,70.70,8.86,0,1,71.13,-2.39,-2.64,-12.23,8.85
894.14,0,,70.81,8.85,0,1,70.63,-2.39,-2.65,-12.24,8.86
894.20,0,,70.79,8.85,0,1,70.44,-2.36,-2.60,-12.16,8.84
894.29,0,,70.64,8.84,0,1,70.55,-2.39,-2.61,-12.20,8.82
894.41,0,,70.55,8.82,1,0,70.67,-2.48,-2.68,-12.36,8.80
894.50,0,,70.56,8.81,1,0,70.55,-2.46,-2.67,-12.33,8.81
894.65,0,,70.55,8.80,2,-1,70.39,-2.41,-2.61,-12.22,8.80
894.71,0,,70.55,8.80,2,-1,70.87,-2.40,-2.61,-12.21,8.81
894.80,0,,70.64,8.80,2,-1,70.75,-2.42,-2.67,-12.29,8.85
894.89,0,,70.73,8.82,2,-1,70.67,-2.47,-2.66,-12.33,8.79
895.01,0,,70.68,8.80,1,0,70.29,-2.52,-2.65,-12.37,8.73
895.19,0,,70.58,8.78,1,0,70.80,-2.46,-2.68,-12.34,8.82
895.19,0,,70.57,8.78,1,0,70.59,-2.42,-2.60,-12.22,8.78
895.31,0,,70.60,8.77,1,0,70.49,-2.48,-2.58,-12.26,8.70
895.40,0,,70.57,8.74,1,0,70.57,-2.52,-2.66,-12.38,8.74
895.49,0,,70.53,8.73,1,0,70.44,-2.55,-2.67,-12.42,8.72
895.64,0,,70.56,8.72,1,0,70.95,-2.51,-2.60,-12.31,8.69
895.70,0,,70.65,8.71,2,-1,70.51,-2.43,-2.60,-12.23,8.77
895.79,0,,70.71,8.73,2,-1,70.88,-2.48,-2.64,-12.32,8.76
895.91,0,,70.75,8.74,1,0,70.78,-2.51,-2.64,-12.35,8.73
896.00,0,,70.76,8.75,1,0,70.54,-2.46,-2.64,-12.30,8.78
896.15,0,,70.68,8.77,1,0,70.56,-2.44,-2.68,-12.32,8.84
896.21,0,,70.65,8.80,1,0,71.02,-2.38,-2.64,-12.22,8.86
896.30,0,,70.78,8.83,1,0,70.99,-2.40,-2.59,-12.19,8.79
896.39,0,,70.86,8.82,1,0,70.49,-2.49,-2.63,-12.32,8.74
896.51,0,,70.74,8.78,1,0,70.38,-2.46,-2.62,-12.28,8.76
896.66,0,,70.56,8.75,1,0,70.59,-2.41,-2.58,-12.19,8.77
896.72,0,,70.51,8.75,1,0,70.65,-2.40,-2.61,-12.21,8.81
896.81,0,,70.61,8.78,1,0,71.02,-2.38,-2.63,-12.21,8.85
896.90,0,,70.76,8.80,1,0,70.69,-2.47,-2.58,-12.25,8.71
896.99,0,,70.84,8.76,1,0,70.90,-2.54,-2.58,-12.32,8.64
897.14,0,,70.89,8.71,1,0,71.12,-2.43,-2.61,-12.24,8.78
897.20,0,,70.92,8.72,1,0,70.50,-2.39,-2.60,-12.19,8.81
897.29,0,,70.81,8.76,1,0,70.71,-2.43,-2.61,-12.24,8.78
897.44,0,,70.72,8.77,1,0,70.79,-2.48,-2.62,-12.30,8.74
897.50,0,,70.76,8.76,0,1,71.15,-2.47,-2.61,-12.28,8.74
897.59,0,,70.84,8.76,0,1,70.47,-2.37,-2.61,-12.18,8.84
897.71,0,,70.77,8.77,0,1,70.57,-2.44,-2.55,-12.19,8.71
897.80,0,,70.64,8.75,0,1,70.68,-2.51,-2.58,-12.29,8.67
897.89,0,,70.60,8.72,1,0,70.59,-2.47,-2.66,-12.33,8.79
898.07,0,,70.60,8.72,4,-2,70.64,-2.50,-2.63,-12.33,8.73
898.16,0,,70.60,8.74,2,-1,70.51,-2.45,-2.62,-12.27,8.77
898.19,0,,70.59,8.76,2,-1,70.68,-2.44,-2.63,-12.27,8.79
898.31,0,,70.61,8.75,2,-1,70.69,-2.55,-2.61,-12.36,8.66
898.40,0,,70.64,8.72,2,-1,70.54,-2.53,-2.63,-12.36,8.70
898.52,0,,70.63,8.71,2,-1,70.65,-2.48,-2.67,-12.35,8.79
898.64,0,,70.65,8.73,1,0,70.88,-2.44,-2.65,-12.29,8.81
898.73,0,,70.74,8.78,1,0,70.83,-2.42,-2.61,-12.23,8.79
898.79,0,,70.73,8.79,2,-1,70.18,-2.52,-2.63,-12.35,8.71
898.91,0,,70.53,8.75,0,1,70.24,-2.60,-2.62,-12.42,8.62
899.00,0,,70.34,8.68,1,0,70.40,-2.55,-2.60,-12.35,8.65
899.09,0,,70.36,8.67,2,-1,70.85,-2.38,-2.64,-12.22,8.86
899.21,0,,70.57,8.74,2,-1,70.93,-2.38,-2.65,-12.23,8.87
899.30,0,,70.73,8.79,1,0,70.36,-2.56,-2.59,-12.35,8.63
899.39,0,,70.67,8.75,1,0,70.49,-2.60,-2.59,-12.39,8.59
899.51,0,,70.55,8.67,2,-1,70.51,-2.51,-2.65,-12.36,8.74
899.66,0,,70.51,8.68,2,-1,70.64,-2.43,-2.65,-12.28,8.82
899.69,0,,70.58,8.73,2,-1,70.87,-2.50,-2.62,-12.32,8.72
899.81,0,,70.68,8.73,1,0,70.52,-2.62,-2.65,-12.47,8.63
899.90,0,,70.68,8.68,1,0,70.65,-2.69,-2.71,-12.60,8.62
899.99,0,,70.67,8.63,1,0,70.80,-2.75,-2.75,-12.70,8.60
900.14,0,,70.66,8.59,1,0,70.40,-2.83,-2.75,-12.78,8.52
900.20,0,,70.56,8.53,1,0,70.29,-3.00,-2.77,-12.97,8.37
900.29,0,,70.41,8.44,1,0,70.37,-3.13,-2.85,-13.18,8.32
900.41,0,,70.38,8.36,1,0,70.69,-3.17,-2.91,-13.28,8.34
900.50,0,,70.49,8.33,1,0,70.64,-3.11,-2.91,-13.22,8.40
900.59,0,,70.56,8.36,1,0,70.33,-2.90,-2.80,-12.90,8.50
900.71,0,,70.49,8.42,1,0,70.25,-2.86,-2.67,-12.73,8.41
900.80,0,,70.34,8.41,2,-1,70.09,-3.08,-2.67,-12.95,8.19
900.89,0,,70.18,8.32,4,-2,70.04,-3.16,-2.79,-13.15,8.23
901.01,0,,70.13,8.27,4,-2,70.50,-3.07,-2.90,-13.17,8.43
901.16,0,,70.29,8.30,4,-2,70.80,-3.14,-2.91,-13.25,8.37
901.19,0,,70.52,8.34,2,-1,70.46,-3.16,-2.87,-13.23,8.31
901.31,0,,70.63,8.36,2,-1,70.77,-3.01,-2.84,-13.05,8.43
901.40,0,,70.65,8.39,2,-1,70.47,-2.90,-2.80,-12.90,8.50
901.49,0,,70.55,8.47,0,1,70.09,-2.62,-2.69,-12.51,8.67
901.64,0,,70.39,8.57,0,1,70.54,-2.60,-2.67,-12.47,8.67
901.73,0,,70.37,8.63,0,1,70.58,-2.74,-2.69,-12.63,8.55
901.79,0,,70.48,8.62,0,1,70.68,-2.67,-2.65,-12.52,8.58
901.91,0,,70.52,8.59,0,1,70.04,-2.76,-2.70,-12.66,8.54
902.00,0,,70.39,8.56,1,0,70.23,-2.73,-2.71,-12.64,8.58
902.09,0,,70.25,8.56,2,-1,70.30,-2.66,-2.70,-12.56,8.64
902.21,0,,70.19,8.59,2,-1,69.96,-2.71,-2.74,-12.65,8.63
902.30,0,,70.15,8.62,4,-2,70.41,-2.70,-2.77,-12.67,8.67
902.39,0,,70.18,8.65,4,-2,70.11,-2.70,-2.79,-12.69,8.69
902.54,0,,70.22,8.68,2,-1,70.36,-2.62,-2.76,-12.58,8.74
902.66,0,,70.36,8.72,2,-1,71.01,-2.60,-2.77,-12.57,8.77
902.69,0,,70.57,8.74,2,-1,70.38,-2.65,-2.79,-12.64,8.74
902.81,0,,70.58,8.74,1,0,70.15,-2.70,-2.78,-12.68,8.68
902.90,0,,70.42,8.72,1,0,70.39,-2.71,-2.80,-12.71,8.69
902.99,0,,70.38,8.70,0,2,70.77,-2.61,-2.78,-12.59,8.77
903.14,0,,70.49,8.72,0,2,70.52,-2.60,-2.79,-12.59,8.79
903.20,0,,70.57,8.74,0,2,70.50,-2.70,-2.77,-12.67,8.67
903.29,0,,70.58,8.72,0,2,70.68,-2.73,-2.76,-12.69,8.63
903.41,0,,70.60,8.68,0,1,70.59,-2.65,-2.79,-12.64,8.74
903.50,0,,70.61,8.69,0,1,70.56,-2.60,-2.76,-12.56,8.76
903.59,0,,70.53,8.71,0,1,70.13,-2.69,-2.75,-12.64,8.66
903.71,0,,70.39,8.70,1,0,70.33,-2.76,-2.78,-12.74,8.62
903.80,0,,70.25,8.66,0,1,70.02,-2.71,-2.79,-12.70,8.68
903.89,0,,70.23,8.67,2,-1,70.77,-2.62,-2.80,-12.62,8.78
904.01,0,,70.40,8.71,4,-2,70.71,-2.58,-2.76,-12.54,8.78
904.16,0,,70.61,8.75,2,-1,70.66,-2.62,-2.78,-12.60,8.76
904.19,0,,70.70,8.77,1,0,70.70,-2.68,-2.84,-12.72,8.76
904.31,0,,70.67,8.76,0,1,70.30,-2.70,-2.84,-12.74,8.74
904.43,0,,70.54,8.75,0,1,70.48,-2.63,-2.81,-12.64,8.78
904.49,0,,70.40,8.76,0,1,70.06,-2.58,-2.79,-12.57,8.81
904.64,0,,70.27,8.77,1,0,70.31,-2.68,-2.81,-12.69,8.73
904.70,0,,70.21,8.75,0,1,70.20,-2.74,-2.81,-12.75,8.67
904.79,0,,70.22,8.71,2,-1,70.33,-2.69,-2.79,-12.68,8.70
904.91,0,,70.20,8.69,2,-1,69.87,-2.62,-2.73,-12.55,8.71
905.03,0,,70.13,8.69,2,-1,70.22,-2.65,-2.75,-12.60,8.70
905.09,0,,70.11,8.70,4,-2,70.24,-2.70,-2.80,-12.70,8.70
905.21,0,,70.20,8.69,4,-2,70.43,-2.71,-2.78,-12.69,8.67
905.30,0,,70.27,8.68,2,-1,70.08,-2.69,-2.75,-12.64,8.66
905.42,0,,70.25,8.67,2,-1,70.21,-2.62,-2.75,-12.57,8.73
905.51,0,,70.23,8.70,2,-1,70.36,-2.60,-2.77,-12.57,8.77
905.66,0,,70.28,8.72,2,-1,70.40,-2.66,-2.76,-12.62,8.70
905.69,0,,70.32,8.72,2,-1,70.18,-2.63,-2.76,-12.59,8.73
905.81,0,,70.37,8.73,0,1,70.79,-2.52,-2.75,-12.47,8.83
905.90,0,,70.50,8.77,0,1,70.60,-2.49,-2.72,-12.41,8.83
905.99,0,,70.61,8.80,0,2,70.56,-2.59,-2.76,-12.55,8.77
906.14,0,,70.66,8.79,0,2,70.86,-2.66,-2.79,-12.65,8.73
906.20,0,,70.64,8.76,0,2,70.15,-2.65,-2.78,-12.63,8.73
906.29,0,,70.51,8.73,0,2,70.39,-2.62,-2.76,-12.58,8.74
906.41,0,,70.38,8.73,0,1,70.45,-2.59,-2.78,-12.57,8.79
906.50,0,,70.36,8.76,1,0,70.32,-2.58,-2.82,-12.60,8.84
906.59,0,,70.34,8.79,1,0,70.26,-2.63,-2.78,-12.61,8.75
906.71,0,,70.31,8.77,1,0,70.31,-2.69,-2.75,-12.64,8.66
906.80,0,,70.31,8.73,4,-2,70.42,-2.67,-2.80,-12.67,8.73
906.89,0,,70.32,8.71,4,-2,70.16,-2.62,-2.75,-12.57,8.73
907.04,0,,70.29,8.71,4,-2,70.27,-2.65,-2.73,-12.58,8.68
907.16,0,,70.25,8.71,2,-1,70.20,-2.67,-2.83,-12.70,8.76
907.22,0,,70.29,8.72,2,-1,70.71,-2.68,-2.81,-12.69,8.73
907.31,0,,70.40,8.71,2,-1,70.29,-2.73,-2.77,-12.70,8.64
907.43,0,,70.40,8.70,1,0,70.11,-2.67,-2.81,-12.68,8.74
907.49,0,,70.25,8.70,1,0,69.94,-2.67,-2.79,-12.66,8.72
907.64,0,,70.09,8.70,1,0,70.05,-2.76,-2.79,-12.75,8.63
907.70,0,,70.11,8.67,1,0,70.85,-2.78,-2.81,-12.79,8.63
907.79,0,,70.29,8.64,2,-1,70.01,-2.78,-2.81,-12.79,8.63
907.91,0,,70.39,8.63,1,0,70.64,-2.72,-2.82,-12.74,8.70
908.00,0,,70.45,8.65,0,1,70.56,-2.76,-2.82,-12.78,8.66
908.09,0,,70.54,8.65,0,1,70.58,-2.83,-2.82,-12.85,8.59
908.21,0,,70.51,8.63,0,1,70.00,-2.81,-2.81,-12.82,8.60
908.33,0,,70.39,8.60,0,1,70.61,-2.82,-2.80,-12.82,8.58
908.39,0,,70.35,8.59,1,0,70.29,-2.78,-2.84,-12.82,8.66
908.51,0,,70.33,8.61,1,0,70.14,-2.78,-2.84,-12.82,8.66
908.66,0,,70.29,8.62,1,0,70.51,-2.92,-2.82,-12.94,8.50
908.72,0,,70.30,8.59,1,0,70.16,-2.90,-2.85,-12.95,8.55
908.81,0,,70.31,8.55,1,0,70.43,-2.83,-2.82,-12.85,8.59
908.90,0,,70.31,8.55,1,0,70.21,-2.84,-2.78,-12.82,8.54
908.99,0,,70.37,8.56,1,0,70.86,-2.82,-2.85,-12.87,8.63
909.14,0,,70.45,8.57,1,0,69.98,-2.92,-2.87,-12.99,8.55
909.20,0,,70.38,8.57,1,0,70.33,-2.94,-2.83,-12.97,8.49
909.29,0,,70.30,8.55,1,0,70.37,-2.79,-2.86,-12.85,8.67
909.41,0,,70.32,8.59,1,0,70.45,-2.73,-2.82,-12.75,8.69
909.50,0,,70.43,8.63,1,0,70.85,-2.83,-2.78,-12.81,8.55
909.65,0,,70.59,8.62,1,0,70.53,-2.85,-2.84,-12.89,8.59
909.71,0,,70.64,8.61,0,1,70.49,-2.77,-2.84,-12.81,8.67
909.80,0,,70.59,8.62,0,1,70.58,-2.72,-2.75,-12.67,8.63
909.89,0,,70.50,8.63,0,1,70.14,-2.75,-2.75,-12.70,8.60
910.01,0,,70.39,8.61,0,1,70.45,-2.81,-2.80,-12.81,8.59
910.16,0,,70.37,8.60,0,1,70.60,-2.81,-2.82,-12.83,8.61
910.19,0,,70.41,8.59,0,1,70.20,-2.83,-2.81,-12.84,8.58
910.31,0,,70.43,8.57,0,1,70.71,-2.84,-2.75,-12.79,8.51
910.40,0,,70.49,8.55,0,1,70.54,-2.74,-2.76,-12.70,8.62
910.49,0,,70.58,8.57,0,1,70.71,-2.75,-2.82,-12.77,8.67
910.64,0,,70.62,8.60,1,0,70.49,-2.87,-2.80,-12.87,8.53
910.70,0,,70.59,8.58,1,0,70.49,-2.89,-2.81,-12.90,8.52
910.79,0,,70.53,8.56,0,1,70.52,-2.82,-2.81,-12.83,8.59
910.91,0,,70.54,8.56,0,1,70.79,-2.82,-2.78,-12.80,8.56
911.03,0,,70.55,8.55,0,1,70.08,-2.88,-2.79,-12.87,8.51
911.09,0,,70.46,8.54,0,1,70.60,-2.89,-2.83,-12.92,8.54
911.21,0,,70.47,8.53,0,1,70.77,-2.87,-2.85,-12.92,8.58
911.30,0,,70.52,8.55,0,1,70.13,-2.82,-2.81,-12.83,8.59
911.39,0,,70.45,8.56,0,1,70.37,-2.84,-2.79,-12.83,8.55
911.51,0,,70.40,8.56,0,1,70.73,-2.89,-2.83,-12.92,8.54
911.66,0,,70.46,8.55,1,0,70.32,-2.87,-2.82,-12.89,8.55
911.69,0,,70.46,8.53,1,0,70.31,-2.90,-2.80,-12.90,8.50
911.81,0,,70.44,8.51,1,0,70.78,-2.87,-2.76,-12.83,8.49
911.93,0,,70.50,8.51,1,0,70.37,-2.81,-2.79,-12.80,8.58
911.99,0,,70.48,8.52,1,0,70.24,-2.92,-2.81,-12.93,8.49
912.14,0,,70.37,8.51,1,0,70.29,-2.98,-2.79,-12.97,8.41
912.23,0,,70.34,8.47,1,0,70.66,-2.94,-2.82,-12.96,8.48
912.29,0,,70.50,8.46,1,0,71.00,-2.88,-2.80,-12.88,8.52
912.41,0,,70.67,8.48,1,0,70.35,-2.89,-2.76,-12.85,8.47
912.50,0,,70.66,8.48,0,1,70.50,-2.94,-2.79,-12.93,8.45
912.65,0,,70.53,8.47,0,1,70.35,-2.91,-2.82,-12.93,8.51
912.71,0,,70.48,8.47,1,0,70.77,-2.97,-2.79,-12.96,8.42
912.80,0,,70.52,8.46,1,0,70.42,-2.94,-2.82,-12.96,8.48
912.89,0,,70.52,8.47,1,0,70.40,-2.86,-2.88,-12.94,8.62
913.04,0,,70.42,8.50,1,0,70.04,-3.05,-2.85,-13.10,8.40
913.16,0,,70.25,8.48,1,0,70.14,-3.17,-2.91,-13.28,8.34
913.19,0,,70.14,8.41,4,-2,70.14,-3.13,-2.93,-13.26,8.40
913.31,0,,70.10,8.38,4,-2,70.05,-3.11,-2.92,-13.23,8.41
913.40,0,,70.08,8.39,4,-2,70.11,-3.11,-2.97,-13.28,8.46
913.49,0,,70.11,8.41,4,-2,70.32,-3.20,-2.96,-13.36,8.36
913.64,0,,70.25,8.39,4,-2,70.66,-3.23,-2.96,-13.39,8.33
913.70,0,,70.41,8.36,2,-1,70.28,-3.13,-2.91,-13.24,8.38
913.79,0,,70.47,8.36,2,-1,70.54,-2.97,-2.79,-12.96,8.42
913.91,0,,70.47,8.39,2,-1,70.37,-2.89,-2.82,-12.91,8.53
914.03,0,,70.45,8.45,2,-1,70.50,-2.97,-2.84,-13.01,8.47
914.09,0,,70.43,8.47,0,2,70.35,-3.04,-2.81,-13.05,8.37
914.21,0,,70.43,8.43,0,2,70.51,-3.05,-2.86,-13.11,8.41
914.30,0,,70.44,8.40,0,2,70.43,-3.06,-2.85,-13.11,8.39
914.39,0,,70.42,8.40,0,1,70.25,-2.99,-2.82,-13.01,8.43
914.51,0,,70.36,8.41,1,0,70.32,-2.97,-2.85,-13.02,8.48
914.66,0,,70.31,8.43,2,-1,70.31,-3.09,-2.88,-13.17,8.39
914.69,0,,70.28,8.42,1,0,70.17,-3.13,-2.84,-13.17,8.31
914.81,0,,70.20,8.37,1,0,69.97,-3.07,-2.80,-13.07,8.33
914.90,0,,70.12,8.34,2,-1,70.25,-3.02,-2.78,-13.00,8.36
914.99,0,,70.23,8.34,2,-1,71.02,-3.02,-2.81,-13.03,8.39
915.14,0,,70.42,8.37,2,-1,69.84,-3.05,-2.89,-13.14,8.44
915.20,0,,70.39,8.40,2,-1,70.39,-3.13,-2.91,-13.24,8.38
915.29,0,,70.27,8.41,1,0,70.10,-3.08,-2.92,-13.20,8.44
915.41,0,,70.23,8.44,1,0,70.43,-2.92,-2.91,-13.03,8.59
915.50,0,,70.26,8.49,1,0,70.28,-2.96,-2.86,-13.02,8.50
915.59,0,,70.28,8.51,2,-1,70.14,-3.05,-2.85,-13.10,8.40
915.71,0,,70.32,8.47,2,-1,70.79,-3.07,-2.87,-13.14,8.40
915.80,0,,70.45,8.42,0,1,70.50,-3.03,-2.85,-13.08,8.42
915.89,0,,70.54,8.41,0,1,70.40,-2.94,-2.82,-12.96,8.48
916.01,0,,70.49,8.43,0,1,70.32,-3.01,-2.85,-13.06,8.44
916.16,0,,70.41,8.43,0,1,70.38,-3.10,-2.85,-13.15,8.35
916.19,0,,70.39,8.40,1,0,70.55,-3.04,-2.81,-13.05,8.37
916.31,0,,70.43,8.38,1,0,70.42,-2.98,-2.82,-13.00,8.44
916.43,0,,70.39,8.40,1,0,69.93,-2.96,-2.83,-12.99,8.47
916.49,0,,70.27,8.42,1,0,70.42,-2.98,-2.81,-12.99,8.43
916.64,0,,70.24,8.44,1,0,70.37,-2.97,-2.86,-13.03,8.49
916.73,0,,70.35,8.46,2,-1,70.68,-2.98,-2.88,-13.06,8.50
916.82,0,,70.44,8.47,1,0,70.11,-2.99,-2.83,-13.02,8.44
916.91,0,,70.42,8.48,1,0,70.55,-2.88,-2.82,-12.90,8.54
917.00,0,,70.38,8.50,1,0,70.22,-2.90,-2.84,-12.94,8.54
917.09,0,,70.37,8.51,1,0,70.51,-2.99,-2.83,-13.02,8.44
917.21,0,,70.36,8.49,1,0,70.24,-2.97,-2.84,-13.01,8.47
917.30,0,,70.37,8.47,1,0,70.51,-2.94,-2.85,-12.99,8.51
917.39,0,,70.44,8.49,1,0,70.74,-2.87,-2.84,-12.91,8.57
917.51,0,,70.54,8.52,1,0,70.40,-2.86,-2.84,-12.90,8.58
917.66,0,,70.51,8.54,0,1,70.18,-2.96,-2.82,-12.98,8.46
917.69,0,,70.43,8.51,0,1,70.71,-2.96,-2.82,-12.98,8.46
917.81,0,,70.44,8.48,0,1,70.39,-2.99,-2.85,-13.04,8.46
917.90,0,,70.45,8.44,1,0,70.33,-3.03,-2.81,-13.04,8.38
917.99,0,,70.39,8.41,1,0,70.27,-3.07,-2.84,-13.11,8.37
918.14,0,,70.34,8.38,1,0,70.44,-3.17,-2.91,-13.28,8.34
918.20,0,,70.28,8.35,1,0,69.90,-3.14,-2.91,-13.25,8.37
918.29,0,,70.15,8.36,2,-1,69.97,-3.00,-2.84,-13.04,8.44
918.41,0,,70.04,8.39,4,-2,70.19,-2.84,-2.69,-12.73,8.45
918.53,0,,70.13,8.44,4,-2,70.71,-2.68,-2.62,-12.50,8.54
918.59,0,,70.33,8.52,4,-2,70.26,-2.60,-2.74,-12.54,8.74
918.71,0,,70.46,8.61,2,-1,70.64,-2.80,-2.84,-12.84,8.64
918.83,0,,70.49,8.63,1,0,70.28,-3.07,-2.91,-13.18,8.44
918.89,0,,70.50,8.57,1,0,70.77,-3.06,-3.00,-13.26,8.54
919.01,0,,70.54,8.52,1,0,70.45,-3.19,-3.07,-13.46,8.48
919.16,0,,70.59,8.47,0,2,70.79,-3.35,-3.12,-13.67,8.37
919.19,0,,70.63,8.42,0,2,70.56,-3.29,-3.07,-13.56,8.38
919.31,0,,70.64,8.38,0,2,70.63,-3.21,-2.99,-13.40,8.38
919.40,0,,70.67,8.40,0,2,70.93,-2.94,-2.92,-13.06,8.58
919.49,0,,70.79,8.49,0,2,71.05,-2.71,-2.85,-12.76,8.74
919.64,0,,70.89,8.61,0,2,70.67,-2.75,-2.83,-12.78,8.68
919.70,0,,70.87,8.68,0,2,70.80,-2.85,-2.85,-12.90,8.60
919.79,0,,70.84,8.66,0,2,70.99,-2.92,-2.91,-13.03,8.59
919.91,0,,70.85,8.62,0,1,70.78,-2.91,-2.92,-13.03,8.61
920.03,0,,70.81,8.59,0,1,70.51,-2.99,-2.90,-13.09,8.51
920.09,0,,70.69,8.54,0,1,70.65,-3.08,-2.93,-13.21,8.45
920.21,0,,70.58,8.48,1,0,70.37,-3.06,-2.90,-13.16,8.44
920.33,0,,70.49,8.45,2,-1,70.44,-2.97,-2.83,-13.00,8.46
920.39,0,,70.46,8.46,4,-2,70.70,-2.77,-2.79,-12.76,8.62
920.51,0,,70.52,8.52,4,-2,70.55,-2.72,-2.69,-12.61,8.57
920.66,0,,70.57,8.56,4,-2,70.51,-2.76,-2.65,-12.61,8.49
920.69,0,,70.53,8.55,4,-2,70.35,-2.71,-2.66,-12.57,8.55
920.96,0,,70.47,8.53,4,-2,70.55,-2.71,-2.62,-12.53,8.51
920.96,0,,70.48,8.52,2,-1,70.64,-2.68,-2.60,-12.48,8.52
920.99,0,,70.51,8.53,2,-1,70.33,-2.59,-2.64,-12.43,8.65
921.14,0,,70.51,8.57,2,-1,70.63,-2.66,-2.69,-12.55,8.63
921.21,0,,70.53,8.61,2,-1,70.59,-2.75,-2.72,-12.67,8.57
921.29,0,,70.57,8.63,2,-1,70.61,-2.64,-2.80,-12.64,8.76
921.41,0,,70.60,8.68,1,0,70.58,-2.61,-2.82,-12.63,8.81
921.53,0,,70.61,8.74,0,1,70.63,-2.72,-2.80,-12.72,8.68
921.59,0,,70.57,8.74,0,1,70.30,-2.76,-2.86,-12.82,8.70
921.71,0,,70.53,8.71,0,1,70.82,-2.82,-2.90,-12.92,8.68
921.80,0,,70.53,8.68,1,0,70.24,-2.88,-2.90,-12.98,8.62
921.89,0,,70.51,8.65,1,0,70.72,-2.78,-2.87,-12.85,8.69
922.01,0,,70.52,8.65,2,-1,70.43,-2.77,-2.84,-12.81,8.67
922.16,0,,70.53,8.66,2,-1,70.62,-2.85,-2.90,-12.95,8.65
922.19,0,,70.61,8.66,2,-1,71.00,-2.83,-2.91,-12.94,8.68
922.31,0,,70.70,8.66,2,-1,70.32,-2.82,-2.87,-12.89,8.65
922.43,0,,70.61,8.66,1,0,70.33,-2.77,-2.82,-12.79,8.65
922.49,0,,70.48,8.67,1,0,70.66,-2.63,-2.84,-12.67,8.81
922.64,0,,70.47,8.72,1,0,70.48,-2.72,-2.89,-12.81,8.77
922.73,0,,70.54,8.74,1,0,70.81,-2.83,-2.83,-12.86,8.60
922.79,0,,70.60,8.72,1,0,70.39,-2.64,-2.85,-12.69,8.81
922.91,0,,70.59,8.74,1,0,70.63,-2.57,-2.82,-12.59,8.85
923.00,0,,70.57,8.77,1,0,70.60,-2.67,-2.76,-12.63,8.69
923.09,0,,70.63,8.77,1,0,70.95,-2.67,-2.82,-12.69,8.75
923.21,0,,70.74,8.74,1,0,70.74,-2.67,-2.82,-12.69,8.75
923.30,0,,70.73,8.74,1,0,70.27,-2.69,-2.80,-12.69,8.71
923.39,0,,70.60,8.75,1,0,70.65,-2.53,-2.83,-12.56,8.90
923.51,0,,70.48,8.80,1,0,70.19,-2.50,-2.79,-12.49,8.89
923.66,0,,70.44,8.84,1,0,70.83,-2.62,-2.77,-12.59,8.75
923.70,0,,70.48,8.83,1,0,70.30,-2.56,-2.82,-12.58,8.86
923.87,0,,70.50,8.83,1,0,70.51,-2.54,-2.81,-12.55,8.87
923.90,0,,70.51,8.84,1,0,70.73,-2.51,-2.76,-12.47,8.85
923.99,0,,70.56,8.87,1,0,70.41,-2.39,-2.81,-12.40,9.02
924.14,0,,70.55,8.91,1,0,70.50,-2.50,-2.80,-12.50,8.90
924.20,0,,70.53,8.91,1,0,70.67,-2.59,-2.77,-12.56,8.78
924.29,0,,70.54,8.87,1,0,70.35,-2.45,-2.78,-12.43,8.93
924.41,0,,70.52,8.88,1,0,70.64,-2.36,-2.73,-12.29,8.97
924.50,0,,70.55,8.92,1,0,70.73,-2.37,-2.77,-12.34,9.00
924.59,0,,70.61,8.97,1,0,70.52,-2.40,-2.83,-12.43,9.03
924.71,0,,70.59,8.99,1,0,70.42,-2.48,-2.80,-12.48,8.92
924.80,0,,70.52,8.97,1,0,70.45,-2.48,-2.79,-12.47,8.91
924.89,0,,70.50,8.95,1,0,70.82,-2.33,-2.78,-12.31,9.05
925.01,0,,70.57,8.98,1,0,70.48,-2.29,-2.77,-12.26,9.08
925.16,0,,70.64,9.02,1,0,70.90,-2.40,-2.77,-12.37,8.97
925.19,0,,70.68,9.02,1,0,70.45,-2.40,-2.76,-12.36,8.96
925.31,0,,70.61,8.99,1,0,70.30,-2.35,-2.74,-12.29,8.99
925.40,0,,70.51,8.98,1,0,70.79,-2.29,-2.72,-12.21,9.03
925.49,0,,70.56,9.02,1,0,70.78,-2.15,-2.75,-12.10,9.20
925.64,0,,70.69,9.09,1,0,70.76,-2.22,-2.75,-12.17,9.13
925.70,0,,70.72,9.12,1,0,70.41,-2.34,-2.72,-12.26,8.98
925.79,0,,70.64,9.08,1,0,70.65,-2.30,-2.71,-12.21,9.01
925.91,0,,70.55,9.02,1,0,70.31,-2.29,-2.67,-12.16,8.98
926.00,0,,70.48,9.00,1,0,70.60,-2.21,-2.65,-12.06,9.04
926.09,0,,70.53,9.02,1,0,70.92,-2.12,-2.71,-12.03,9.19
926.24,0,,70.70,9.09,1,0,70.91,-2.21,-2.75,-12.16,9.14
926.30,0,,70.83,9.11,1,0,70.64,-2.37,-2.73,-12.30,8.96
926.48,0,,70.82,9.07,0,1,70.80,-2.38,-2.77,-12.35,8.99
926.51,0,,70.82,9.02,0,1,71.01,-2.28,-2.77,-12.25,9.09
926.66,0,,70.80,9.02,0,1,70.34,-2.32,-2.76,-12.28,9.04
926.69,0,,70.67,9.03,0,1,70.51,-2.44,-2.84,-12.48,9.00
926.81,0,,70.48,9.01,0,1,70.13,-2.53,-2.83,-12.56,8.90
926.96,0,,70.34,8.95,1,0,70.51,-2.52,-2.80,-12.52,8.88
926.99,0,,70.36,8.93,1,0,70.60,-2.33,-2.84,-12.37,9.11
927.14,0,,70.46,9.00,4,-2,70.45,-2.22,-2.83,-12.25,9.21
927.20,0,,70.56,9.10,4,-2,70.90,-2.27,-2.80,-12.27,9.13
927.29,0,,70.68,9.15,2,-1,70.67,-2.31,-2.81,-12.32,9.10
927.44,0,,70.70,9.14,1,0,70.38,-2.33,-2.81,-12.34,9.08
927.53,0,,70.59,9.11,1,0,70.48,-2.24,-2.77,-12.21,9.13
927.65,0,,70.50,9.12,1,0,70.59,-2.10,-2.76,-12.06,9.26
927.77,0,,70.52,9.17,1,0,70.66,-2.16,-2.77,-12.13,9.21
927.83,0,,70.54,9.20,1,0,70.28,-2.26,-2.83,-12.29,9.17
927.89,0,,70.50,9.20,1,0,70.59,-2.18,-2.80,-12.18,9.22
928.07,0,,70.53,9.20,1,0,70.82,-2.16,-2.76,-12.12,9.20
928.20,0,,70.63,9.22,2,-1,70.65,-2.07,-2.81,-12.08,9.34
928.20,0,,70.71,9.28,1,0,70.76,-1.93,-2.79,-11.92,9.46
928.31,0,,70.71,9.35,0,1,70.56,-2.06,-2.75,-12.01,9.29
928.40,0,,70.71,9.35,0,1,70.93,-2.13,-2.77,-12.10,9.24
928.49,0,,70.70,9.31,1,0,70.32,-2.03,-2.77,-12.00,9.34
928.67,0,,70.57,9.30,1,0,70.25,-1.96,-2.73,-11.89,9.37
928.70,0,,70.45,9.33,1,0,70.81,-1.93,-2.71,-11.84,9.38
928.79,0,,70.45,9.36,1,0,70.15,-1.95,-2.75,-11.90,9.40
928.91,0,,70.39,9.37,2,-1,70.29,-2.03,-2.75,-11.98,9.32
929.00,0,,70.35,9.35,2,-1,70.60,-2.07,-2.72,-11.99,9.25
929.15,0,,70.43,9.31,2,-1,70.68,-1.95,-2.71,-11.86,9.36
929.24,0,,70.56,9.32,2,-1,70.58,-1.85,-2.70,-11.75,9.45
929.30,0,,70.60,9.38,1,0,70.42,-1.88,-2.72,-11.80,9.44
929.39,0,,70.52,9.42,1,0,70.33,-1.93,-2.72,-11.85,9.39
929.51,0,,70.44,9.41,1,0,70.53,-1.99,-2.71,-11.90,9.32
929.66,0,,70.45,9.37,1,0,70.62,-1.95,-2.71,-11.86,9.36
929.69,0,,70.57,9.38,1,0,70.90,-1.74,-2.70,-11.64,9.56
929.81,0,,70.73,9.44,0,1,70.86,-1.75,-2.68,-11.63,9.53
929.90,0,,70.76,9.49,0,1,70.22,-1.87,-2.66,-11.73,9.39
929.99,0,,70.71,9.49,0,1,71.28,-1.80,-2.73,-11.73,9.53
930.17,0,,70.82,9.48,0,1,71.00,-1.82,-2.72,-11.74,9.50
930.26,0,,70.98,9.48,0,2,70.97,-1.81,-2.60,-11.61,9.39
930.29,0,,70.88,9.47,0,2,69.92,-1.64,-2.63,-11.47,9.59
930.44,0,,70.55,9.50,0,2,70.35,-1.70,-2.65,-11.55,9.55
930.50,0,,70.30,9.52,1,0,70.36,-1.79,-2.64,-11.63,9.45
930.59,0,,70.31,9.52,4,-2,70.76,-1.74,-2.71,-11.65,9.57
930.74,0,,70.43,9.51,4,-2,70.23,-1.79,-2.65,-11.64,9.46
930.83,0,,70.50,9.50,4,-2,70.78,-1.67,-2.57,-11.44,9.50
930.89,0,,70.58,9.50,4,-2,70.66,-1.54,-2.57,-11.31,9.63
931.01,0,,70.66,9.53,4,-2,70.71,-1.67,-2.54,-11.41,9.47
931.10,0,,70.64,9.53,2,-1,70.22,-1.64,-2.56,-11.40,9.52
931.22,0,,70.51,9.54,1,0,70.47,-1.49,-2.59,-11.28,9.70
931.31,0,,70.43,9.60,0,1,70.50,-1.43,-2.50,-11.13,9.67
931.40,0,,70.47,9.65,1,0,70.76,-1.39,-2.45,-11.04,9.66
931.49,0,,70.52,9.68,1,0,70.18,-1.37,-2.49,-11.06,9.72
931.64,0,,70.53,9.69,1,0,70.94,-1.43,-2.51,-11.14,9.68
931.70,0,,70.53,9.68,2,-1,70.02,-1.51,-2.51,-11.22,9.60
931.79,0,,70.39,9.65,2,-1,70.06,-1.45,-2.51,-11.16,9.66
931.91,0,,70.26,9.64,2,-1,70.75,-1.39,-2.48,-11.07,9.69
932.06,0,,70.32,9.65,2,-1,70.21,-1.42,-2.48,-11.10,9.66
932.09,0,,70.41,9.67,2,-1,70.66,-1.40,-2.52,-11.12,9.72
932.21,0,,70.48,9.69,2,-1,70.42,-1.44,-2.55,-11.19,9.71
932.30,0,,70.48,9.70,1,0,70.31,-1.53,-2.56,-11.29,9.63
932.39,0,,70.46,9.69,1,0,70.73,-1.43,-2.55,-11.18,9.72
932.51,0,,70.59,9.69,2,-1,71.07,-1.36,-2.51,-11.07,9.75
932.66,0,,70.76,9.71,1,0,70.57,-1.38,-2.49,-11.07,9.71
932.69,0,,70.85,9.73,0,2,71.18,-1.36,-2.53,-11.09,9.77
932.81,0,,70.85,9.74,0,2,70.24,-1.42,-2.53,-11.15,9.71
932.93,0,,70.76,9.72,0,2,71.09,-1.42,-2.49,-11.11,9.67
933.05,0,,70.73,9.72,0,2,70.55,-1.25,-2.51,-10.96,9.86
933.14,0,,70.69,9.77,0,2,70.52,-1.24,-2.55,-10.99,9.91
933.20,0,,70.60,9.81,0,1,70.56,-1.43,-2.47,-11.10,9.64
933.29,0,,70.52,9.76,0,1,70.33,-1.45,-2.47,-11.12,9.62
933.41,0,,70.48,9.69,0,1,70.71,-1.41,-2.54,-11.15,9.73
933.53,0,,70.54,9.67,4,-2,70.75,-1.39,-2.53,-11.12,9.74
933.59,0,,70.68,9.71,4,-2,70.91,-1.29,-2.51,-11.00,9.82
933.71,0,,70.81,9.75,2,-1,70.83,-1.34,-2.48,-11.02,9.74
933.80,0,,70.82,9.75,1,0,70.46,-1.46,-2.47,-11.13,9.61
933.89,0,,70.65,9.70,0,1,70.26,-1.43,-2.53,-11.16,9.70
934.01,0,,70.52,9.69,0,1,70.95,-1.37,-2.55,-11.12,9.78
934.34,0,,70.64,9.73,0,1,71.12,-1.29,-2.56,-11.05,9.87
934.34,0,,70.64,9.73,0,1,71.12,-1.29,-2.56,-11.05,9.87
934.34,0,,70.64,9.73,0,1,71.12,-1.29,-2.56,-11.05,9.87
934.43,0,,70.52,9.75,0,1,70.35,-1.43,-2.47,-11.10,9.64
934.52,0,,70.41,9.70,2,-1,70.51,-1.31,-2.49,-11.00,9.78
934.64,0,,70.44,9.72,2,-1,70.67,-1.22,-2.47,-10.89,9.85
934.70,0,,70.57,9.78,2,-1,70.85,-1.23,-2.47,-10.90,9.84
934.79,0,,70.68,9.82,2,-1,70.49,-1.26,-2.50,-10.96,9.84
934.91,0,,70.68,9.82,1,0,70.62,-1.37,-2.46,-11.03,9.69
935.00,0,,70.52,9.76,1,0,69.78,-1.42,-2.42,-11.04,9.60
935.15,0,,70.31,9.70,1,0,70.66,-1.22,-2.44,-10.86,9.82
935.21,0,,70.30,9.73,2,-1,70.46,-1.11,-2.45,-10.76,9.94
935.33,0,,70.44,9.81,2,-1,70.73,-1.24,-2.40,-10.84,9.76
935.39,0,,70.55,9.82,2,-1,70.39,-1.26,-2.42,-10.88,9.76
935.51,0,,70.57,9.80,2,-1,70.66,-1.26,-2.47,-10.93,9.81
935.66,0,,70.56,9.78,2,-1,70.43,-1.25,-2.39,-10.84,9.74
935.69,0,,70.62,9.78,2,-1,71.22,-1.00,-2.33,-10.53,9.93
935.81,0,,70.75,9.85,1,0,70.45,-0.94,-2.36,-10.50,10.02
935.90,0,,70.78,9.92,0,2,70.88,-1.08,-2.32,-10.60,9.84
935.99,0,,70.78,9.92,0,2,70.87,-1.08,-2.32,-10.60,9.84
936.14,0,,70.83,9.87,0,2,70.84,-1.14,-2.36,-10.70,9.82
936.20,0,,70.82,9.83,0,2,70.60,-1.09,-2.33,-10.62,9.84
936.29,0,,70.77,9.84,0,1,70.89,-0.96,-2.39,-10.55,10.03
936.44,0,,70.81,9.91,0,1,71.09,-1.08,-2.44,-10.72,9.96
936.57,0,,70.84,9.93,0,1,70.36,-1.23,-2.40,-10.83,9.77
936.59,0,,70.76,9.89,0,1,70.89,-1.18,-2.43,-10.81,9.85
936.71,0,,70.73,9.86,0,1,70.81,-1.02,-2.42,-10.64,10.00
936.80,0,,70.75,9.91,0,1,70.67,-0.86,-2.33,-10.39,10.07
936.89,0,,70.70,10.01,2,-1,70.39,-0.70,-2.26,-10.16,10.16
937.01,0,,70.60,10.09,2,-1,70.71,-0.78,-2.18,-10.16,10.00
937.17,0,,70.53,10.05,2,-1,70.28,-0.98,-2.18,-10.36,9.80
937.19,0,,70.45,9.95,4,-2,70.37,-0.96,-2.24,-10.40,9.88
937.31,0,,70.38,9.86,4,-2,70.43,-1.02,-2.26,-10.48,9.84
937.43,0,,70.37,9.82,4,-2,70.37,-1.13,-2.27,-10.60,9.74
937.49,0,,70.38,9.79,4,-2,70.41,-1.05,-2.34,-10.59,9.89
937.64,0,,70.41,9.81,4,-2,70.54,-1.13,-2.37,-10.70,9.84
937.70,0,,70.47,9.81,4,-2,70.54,-1.26,-2.36,-10.82,9.70
937.79,0,,70.57,9.79,2,-1,70.89,-1.11,-2.37,-10.68,9.86
937.91,0,,70.68,9.81,2,-1,70.60,-1.03,-2.35,-10.58,9.92
938.00,0,,70.75,9.84,0,1,70.95,-1.15,-2.34,-10.69,9.79
938.15,0,,70.82,9.85,0,2,70.83,-1.14,-2.39,-10.73,9.85
938.21,0,,70.87,9.84,0,2,70.93,-1.17,-2.39,-10.76,9.82
938.30,0,,70.80,9.82,0,2,70.15,-1.21,-2.38,-10.79,9.77
938.39,0,,70.60,9.81,0,2,70.57,-1.04,-2.39,-10.63,9.95
938.51,0,,70.40,9.85,0,1,70.02,-1.03,-2.33,-10.56,9.90
938.60,0,,70.29,9.87,1,0,70.52,-1.14,-2.26,-10.60,9.72
938.69,0,,70.35,9.83,2,-1,70.78,-1.08,-2.33,-10.61,9.85
938.81,0,,70.53,9.81,1,0,70.62,-1.14,-2.37,-10.71,9.83
938.90,0,,70.60,9.81,4,-2,70.21,-1.14,-2.30,-10.64,9.76
938.99,0,,70.54,9.81,4,-2,70.79,-0.97,-2.31,-10.48,9.94
939.20,0,,70.57,9.85,2,-1,70.76,-1.03,-2.33,-10.56,9.90
939.20,0,,70.65,9.86,1,0,70.53,-1.19,-2.29,-10.68,9.70
939.32,0,,70.66,9.80,0,1,70.67,-1.22,-2.31,-10.73,9.69
939.41,0,,70.67,9.74,0,1,70.83,-1.18,-2.34,-10.72,9.76
939.50,0,,70.79,9.74,1,0,71.20,-1.08,-2.37,-10.65,9.89
939.59,0,,70.89,9.80,0,2,70.47,-1.04,-2.39,-10.63,9.95
939.71,0,,70.86,9.87,0,2,70.96,-1.16,-2.34,-10.70,9.78
939.80,0,,70.81,9.85,0,2,70.75,-1.22,-2.33,-10.75,9.71
939.89,0,,70.77,9.77,0,1,70.57,-1.26,-2.35,-10.81,9.69
940.04,0,,70.66,9.71,0,1,70.42,-1.27,-2.34,-10.81,9.67
940.16,0,,70.51,9.68,0,1,70.35,-1.22,-2.33,-10.75,9.71
940.19,0,,70.37,9.67,0,1,70.18,-1.28,-2.32,-10.80,9.64
940.31,0,,70.31,9.65,4,-2,70.60,-1.34,-2.33,-10.87,9.59
940.40,0,,70.44,9.63,4,-2,70.96,-1.33,-2.43,-10.96,9.70
940.49,0,,70.68,9.65,4,-2,70.79,-1.32,-2.51,-11.03,9.79
940.64,0,,70.79,9.71,2,-1,70.57,-1.32,-2.48,-11.00,9.76
940.70,0,,70.73,9.74,1,0,70.53,-1.41,-2.47,-11.08,9.66
940.79,0,,70.63,9.72,1,0,70.67,-1.47,-2.53,-11.20,9.66
940.91,0,,70.56,9.67,1,0,70.31,-1.52,-2.54,-11.26,9.62
941.00,0,,70.51,9.62,1,0,70.74,-1.65,-2.55,-11.40,9.50
941.09,0,,70.57,9.58,2,-1,70.77,-1.58,-2.63,-11.41,9.65
941.21,0,,70.70,9.58,0,1,70.89,-1.58,-2.64,-11.42,9.66
941.33,0,,70.78,9.61,1,0,70.55,-1.68,-2.63,-11.51,9.55
941.39,0,,70.67,9.59,1,0,70.11,-1.68,-2.61,-11.49,9.53
941.51,0,,70.46,9.55,2,-1,70.52,-1.75,-2.62,-11.57,9.47
941.60,0,,70.47,9.53,2,-1,71.19,-1.59,-2.71,-11.50,9.72
941.69,0,,70.58,9.60,1,0,69.82,-1.52,-2.66,-11.38,9.74
941.81,0,,70.53,9.65,1,0,70.85,-1.72,-2.57,-11.49,9.45
941.90,0,,70.51,9.61,1,0,70.60,-1.67,-2.63,-11.50,9.56
941.99,0,,70.58,9.57,2,-1,70.54,-1.64,-2.67,-11.51,9.63
942.14,0,,70.57,9.59,2,-1,70.45,-1.52,-2.63,-11.35,9.71
942.20,0,,70.58,9.65,2,-1,70.90,-1.41,-2.58,-11.19,9.77
942.29,0,,70.68,9.72,1,0,70.84,-1.48,-2.61,-11.29,9.73
942.41,0,,70.73,9.74,1,0,70.33,-1.51,-2.64,-11.35,9.73
942.50,0,,70.62,9.73,1,0,70.45,-1.57,-2.60,-11.37,9.63
942.59,0,,70.54,9.69,1,0,70.85,-1.45,-2.58,-11.23,9.73
942.71,0,,70.61,9.70,1,0,70.72,-1.31,-2.52,-11.03,9.81
942.80,0,,70.67,9.73,1,0,70.46,-1.42,-2.49,-11.11,9.67
942.89,0,,70.65,9.72,1,0,70.74,-1.47,-2.54,-11.21,9.67
943.01,0,,70.63,9.70,1,0,70.51,-1.43,-2.55,-11.18,9.72
943.10,0,,70.63,9.70,1,0,70.86,-1.41,-2.54,-11.15,9.73
943.19,0,,70.65,9.71,1,0,70.39,-1.35,-2.46,-11.01,9.71
943.31,0,,70.56,9.71,1,0,70.28,-1.34,-2.45,-10.99,9.71
943.40,0,,70.49,9.71,1,0,70.94,-1.38,-2.51,-11.09,9.73
943.55,0,,70.56,9.72,1,0,70.48,-1.41,-2.54,-11.15,9.73
943.64,0,,70.59,9.72,1,0,70.41,-1.40,-2.52,-11.12,9.72
943.70,0,,70.61,9.73,1,0,71.20,-1.26,-2.45,-10.91,9.79
943.82,0,,70.72,9.75,1,0,70.39,-1.21,-2.41,-10.82,9.80
943.91,0,,70.71,9.76,1,0,70.59,-1.34,-2.42,-10.96,9.68
944.00,0,,70.57,9.73,1,0,70.21,-1.40,-2.48,-11.08,9.68
944.09,0,,70.50,9.70,1,0,71.03,-1.40,-2.52,-11.12,9.72
944.24,0,,70.56,9.69,1,0,70.34,-1.31,-2.42,-10.93,9.71
944.30,0,,70.61,9.70,1,0,70.80,-1.25,-2.39,-10.84,9.74
944.39,0,,70.64,9.72,1,0,70.59,-1.31,-2.44,-10.95,9.73
944.51,0,,70.66,9.73,1,0,70.71,-1.34,-2.47,-11.01,9.73
944.60,0,,70.64,9.73,1,0,70.45,-1.39,-2.49,-11.08,9.70
944.69,0,,70.55,9.71,1,0,70.27,-1.41,-2.45,-11.06,9.64
944.81,0,,70.48,9.68,1,0,70.87,-1.31,-2.42,-10.93,9.71
944.90,0,,70.54,9.67,1,0,70.48,-1.32,-2.40,-10.92,9.68
944.99,0,,70.58,9.68,1,0,70.50,-1.35,-2.46,-11.01,9.71
945.14,0,,70.52,9.69,1,0,70.30,-1.38,-2.52,-11.10,9.74
945.20,0,,70.42,9.68,1,0,70.33,-1.51,-2.44,-11.15,9.53
945.29,0,,70.44,9.64,1,0,71.06,-1.37,-2.42,-10.99,9.65
945.41,0,,70.55,9.64,1,0,70.14,-1.21,-2.42,-10.83,9.81
945.50,0,,70.52,9.69,1,0,70.37,-1.34,-2.43,-10.97,9.69
945.59,0,,70.39,9.71,1,0,70.28,-1.40,-2.48,-11.08,9.68
945.71,0,,70.31,9.69,1,0,70.33,-1.46,-2.45,-11.11,9.59
945.80,0,,70.28,9.63,2,-1,70.21,-1.48,-2.41,-11.09,9.53
945.89,0,,70.38,9.59,2,-1,71.24,-1.34,-2.40,-10.94,9.66
945.98,0,,70.60,9.60,2,-1,70.30,-1.34,-2.42,-10.96,9.68
946.10,0,,70.66,9.63,1,0,70.52,-1.42,-2.46,-11.08,9.64
946.19,0,,70.58,9.63,1,0,70.56,-1.49,-2.42,-11.11,9.53
946.28,0,,70.53,9.60,0,1,70.45,-1.48,-2.45,-11.13,9.57
946.40,0,,70.49,9.58,0,1,70.48,-1.37,-2.44,-11.01,9.67
946.49,0,,70.51,9.60,1,0,70.79,-1.36,-2.38,-10.94,9.62
946.58,0,,70.61,9.63,1,0,70.71,-1.40,-2.46,-11.06,9.66
946.70,0,,70.66,9.63,0,1,70.35,-1.49,-2.45,-11.14,9.56
946.79,0,,70.61,9.59,0,1,70.80,-1.57,-2.42,-11.19,9.45
946.91,0,,70.60,9.54,1,0,70.46,-1.49,-2.47,-11.16,9.58
947.00,0,,70.58,9.53,1,0,70.59,-1.45,-2.49,-11.14,9.64
947.09,0,,70.55,9.57,1,0,70.47,-1.51,-2.53,-11.24,9.62
947.21,0,,70.49,9.59,1,0,70.28,-1.61,-2.50,-11.31,9.49
947.30,0,,70.41,9.55,1,0,70.45,-1.68,-2.50,-11.38,9.42
947.39,0,,70.33,9.50,2,-1,70.05,-1.58,-2.54,-11.32,9.56
947.51,0,,70.25,9.50,4,-2,70.31,-1.49,-2.52,-11.21,9.63
947.60,0,,70.26,9.55,4,-2,70.59,-1.55,-2.55,-11.30,9.60
947.71,0,,70.41,9.58,4,-2,70.73,-1.65,-2.57,-11.42,9.52
947.78,0,,70.56,9.55,1,0,70.39,-1.72,-2.54,-11.46,9.42
947.93,0,,70.52,9.49,1,0,70.18,-1.66,-2.56,-11.42,9.50
948.02,0,,70.37,9.48,1,0,70.22,-1.56,-2.53,-11.29,9.57
948.17,0,,70.25,9.52,1,0,70.25,-1.54,-2.55,-11.29,9.61
948.23,0,,70.27,9.56,1,0,70.67,-1.63,-2.59,-11.42,9.56
948.29,0,,70.37,9.57,1,0,70.18,-1.73,-2.58,-11.51,9.45
948.41,0,,70.39,9.51,1,0,70.42,-1.76,-2.58,-11.54,9.42
948.50,0,,70.39,9.46,1,0,70.51,-1.67,-2.59,-11.46,9.52
948.83,0,,70.41,9.47,2,-1,70.25,-1.62,-2.57,-11.39,9.55
948.83,0,,70.33,9.50,2,-1,69.97,-1.70,-2.57,-11.47,9.47
948.83,0,,70.33,9.50,2,-1,69.97,-1.70,-2.57,-11.47,9.47
948.89,0,,70.28,9.44,2,-1,71.02,-1.92,-2.66,-11.78,9.34
948.98,0,,70.50,9.39,2,-1,70.29,-1.83,-2.66,-11.69,9.43
949.19,0,,70.52,9.39,2,-1,70.12,-1.77,-2.69,-11.66,9.52
949.19,0,,70.33,9.43,2,-1,70.06,-1.91,-2.68,-11.79,9.37
949.34,0,,70.26,9.42,2,-1,70.95,-1.89,-2.63,-11.72,9.34
949.49,0,,70.39,9.40,2,-1,70.22,-1.75,-2.62,-11.57,9.47
949.52,0,,70.48,9.41,1,0,70.64,-1.72,-2.61,-11.53,9.49
949.58,0,,70.54,9.47,0,1,70.66,-1.49,-2.49,-11.18,9.60
949.76,0,,70.56,9.55,0,1,70.26,-1.21,-2.29,-10.70,9.68
949.79,0,,70.53,9.66,0,1,70.74,-0.98,-2.30,-10.48,9.92
949.91,0,,70.57,9.84,1,0,70.80,-0.81,-2.47,-10.48,10.26
950.00,0,,70.62,10.04,1,0,70.22,-1.20,-2.66,-11.06,10.06
950.09,0,,70.58,10.11,0,1,70.84,-1.38,-2.73,-11.31,9.95
950.18,0,,70.56,10.08,0,1,70.40,-1.09,-2.58,-10.87,10.09
950.30,0,,70.48,10.03,0,1,70.00,-1.30,-2.60,-11.10,9.90
950.39,0,,70.32,9.95,0,1,70.51,-1.55,-2.70,-11.45,9.75
950.48,0,,70.31,9.86,1,0,70.47,-1.34,-2.62,-11.16,9.88
950.60,0,,70.46,9.85,2,-1,71.00,-1.10,-2.59,-10.89,10.09
950.69,0,,70.74,9.94,2,-1,71.21,-1.12,-2.60,-10.92,10.08
950.78,0,,70.99,10.03,0,1,70.82,-1.19,-2.57,-10.96,9.98
950.93,0,,70.99,10.04,0,1,70.59,-1.19,-2.61,-11.00,10.02
950.99,0,,70.85,10.03,0,1,70.86,-1.23,-2.64,-11.07,10.01
951.08,0,,70.76,10.03,0,1,70.72,-1.09,-2.63,-10.92,10.14
951.20,0,,70.69,10.06,0,1,70.38,-1.06,-2.56,-10.82,10.10
951.29,0,,70.59,10.08,0,1,70.68,-1.17,-2.54,-10.91,9.97
951.41,0,,70.53,10.05,0,1,70.35,-1.17,-2.59,-10.96,10.02
951.50,0,,70.55,10.01,0,1,71.01,-1.20,-2.56,-10.96,9.96
951.59,0,,70.61,10.00,1,0,70.26,-1.11,-2.61,-10.92,10.10
951.68,0,,70.57,10.03,4,-2,70.51,-1.05,-2.57,-10.82,10.12
951.80,0,,70.51,10.06,4,-2,70.58,-1.11,-2.50,-10.81,9.99
951.98,0,,70.54,10.05,2,-1,70.70,-1.15,-2.57,-10.92,10.02
951.98,0,,70.54,10.05,2,-1,70.70,-1.15,-2.57,-10.92,10.02
952.10,0,,70.67,9.95,1,0,70.99,-1.14,-2.50,-10.84,9.96
952.19,0,,70.78,9.96,0,1,70.77,-0.94,-2.56,-10.70,10.22
952.28,0,,70.82,10.04,1,0,70.74,-1.02,-2.51,-10.73,10.09
952.40,0,,70.78,10.10,1,0,70.58,-1.11,-2.56,-10.87,10.05
952.49,0,,70.67,10.10,0,1,70.46,-1.13,-2.60,-10.93,10.07
952.58,0,,70.63,10.07,0,1,71.13,-1.09,-2.54,-10.83,10.05
952.70,0,,70.79,10.08,0,1,71.06,-0.91,-2.52,-10.63,10.21
952.79,0,,70.91,10.13,0,1,70.54,-0.92,-2.53,-10.65,10.21
952.91,0,,70.77,10.16,0,1,70.19,-1.08,-2.52,-10.80,10.04
953.00,0,,70.56,10.12,0,1,70.83,-1.13,-2.51,-10.84,9.98
953.09,0,,70.54,10.05,0,1,70.69,-1.05,-2.50,-10.75,10.05
953.18,0,,70.65,10.04,2,-1,70.78,-0.86,-2.47,-10.53,10.21
953.33,0,,70.73,10.10,1,0,70.73,-0.90,-2.47,-10.57,10.17
953.39,0,,70.76,10.14,1,0,70.74,-1.02,-2.48,-10.70,10.06
953.48,0,,70.71,10.12,1,0,70.33,-1.02,-2.50,-10.72,10.08
953.60,0,,70.59,10.08,2,-1,70.61,-1.04,-2.48,-10.72,10.04
953.69,0,,70.58,10.08,2,-1,70.97,-0.83,-2.48,-10.51,10.25
953.78,0,,70.65,10.15,1,0,70.32,-0.78,-2.47,-10.45,10.29
953.90,0,,70.68,10.20,1,0,71.06,-1.00,-2.45,-10.65,10.05
953.99,0,,70.68,10.16,1,0,70.22,-1.04,-2.48,-10.72,10.04
954.14,0,,70.59,10.08,1,0,70.57,-1.02,-2.43,-10.65,10.01
954.20,0,,70.55,10.04,1,0,70.87,-0.89,-2.43,-10.52,10.14
954.29,0,,70.67,10.08,2,-1,70.87,-0.76,-2.47,-10.43,10.31
954.41,0,,70.79,10.17,1,0,70.79,-0.86,-2.47,-10.53,10.21
954.50,0,,70.86,10.21,1,0,70.92,-0.97,-2.48,-10.65,10.11
954.59,0,,70.83,10.16,0,1,70.47,-1.06,-2.44,-10.70,9.98
954.68,0,,70.72,10.09,0,1,70.68,-0.94,-2.47,-10.61,10.13
954.80,0,,70.60,10.10,1,0,70.36,-0.76,-2.53,-10.49,10.37
954.89,0,,70.56,10.21,1,0,70.92,-0.81,-2.54,-10.55,10.33
955.01,0,,70.64,10.28,1,0,70.74,-0.96,-2.49,-10.65,10.13
955.10,0,,70.76,10.23,1,0,70.92,-1.07,-2.48,-10.75,10.01
955.19,0,,70.78,10.12,1,0,70.37,-1.02,-2.52,-10.74,10.10
955.28,0,,70.68,10.06,1,0,70.65,-0.97,-2.44,-10.61,10.07
955.40,0,,70.64,10.05,1,0,70.92,-0.99,-2.46,-10.65,10.07
955.49,0,,70.72,10.05,1,0,70.79,-1.06,-2.51,-10.77,10.05
955.58,0,,70.73,10.02,1,0,70.24,-1.18,-2.42,-10.80,9.84
955.70,0,,70.58,9.97,1,0,70.53,-1.08,-2.49,-10.77,10.01
955.79,0,,70.46,9.97,1,0,70.44,-0.96,-2.53,-10.69,10.17
955.91,0,,70.45,10.04,1,0,70.60,-0.99,-2.43,-10.62,10.04
956.00,0,,70.53,10.06,4,-2,70.81,-1.05,-2.41,-10.66,9.96
956.09,0,,70.63,10.02,1,0,70.52,-1.13,-2.45,-10.78,9.92
956.18,0,,70.67,9.96,1,0,70.76,-1.10,-2.48,-10.78,9.98
956.30,0,,70.61,9.96,1,0,70.09,-0.99,-2.47,-10.66,10.08
956.39,0,,70.46,10.01,1,0,70.52,-0.95,-2.44,-10.59,10.09
956.48,0,,70.35,10.03,2,-1,70.14,-1.09,-2.37,-10.66,9.88
956.60,0,,70.34,9.98,2,-1,70.80,-1.17,-2.40,-10.77,9.83
956.69,0,,70.46,9.91,2,-1,70.51,-1.08,-2.51,-10.79,10.03
956.78,0,,70.62,9.92,2,-1,71.02,-1.03,-2.42,-10.65,9.99
956.90,0,,70.78,9.98,2,-1,70.82,-0.94,-2.42,-10.56,10.08
956.99,0,,70.89,10.03,0,1,70.92,-1.01,-2.50,-10.71,10.09
957.08,0,,70.91,10.03,0,2,70.88,-1.21,-2.40,-10.81,9.79
957.23,0,,70.89,9.97,0,2,70.72,-1.12,-2.49,-10.81,9.97
957.32,0,,70.82,9.94,0,2,70.76,-1.04,-2.55,-10.79,10.11
957.41,0,,70.79,9.99,0,2,70.98,-1.03,-2.41,-10.64,9.98
957.53,0,,70.84,10.01,0,2,70.90,-1.03,-2.41,-10.64,9.98
957.59,0,,70.87,9.99,0,1,70.66,-1.13,-2.45,-10.78,9.92
957.68,0,,70.84,9.96,0,1,70.97,-1.14,-2.47,-10.81,9.93
957.80,0,,70.81,9.94,0,1,70.59,-1.08,-2.48,-10.76,10.00
957.89,0,,70.77,9.96,1,0,70.86,-0.99,-2.45,-10.64,10.06
957.98,0,,70.72,10.00,1,0,70.47,-1.07,-2.42,-10.69,9.95
958.10,0,,70.66,9.98,2,-1,70.68,-1.16,-2.43,-10.79,9.87
958.19,0,,70.62,9.95,2,-1,70.69,-1.06,-2.50,-10.76,10.04
958.28,0,,70.61,9.96,2,-1,70.40,-1.08,-2.47,-10.75,9.99
958.40,0,,70.57,9.98,2,-1,70.65,-1.00,-2.40,-10.60,10.00
958.49,0,,70.54,10.01,4,-2,70.48,-0.94,-2.40,-10.54,10.06
958.58,0,,70.49,10.00,4,-2,70.18,-1.14,-2.38,-10.72,9.84
958.70,0,,70.38,9.96,4,-2,70.39,-1.09,-2.47,-10.76,9.98
958.79,0,,70.41,9.96,4,-2,71.01,-0.97,-2.51,-10.68,10.14
958.91,0,,70.61,10.02,1,0,70.72,-0.98,-2.41,-10.59,10.03
959.00,0,,70.73,10.05,1,0,70.52,-0.99,-2.38,-10.57,9.99
959.09,0,,70.73,10.03,1,0,70.93,-1.04,-2.43,-10.67,9.99
959.18,0,,70.70,10.01,0,1,70.31,-1.04,-2.48,-10.72,10.04
959.30,0,,70.57,10.00,0,1,70.29,-1.08,-2.46,-10.74,9.98
959.39,0,,70.48,10.00,0,1,70.97,-1.03,-2.44,-10.67,10.01
959.48,0,,70.59,10.00,0,1,70.74,-0.99,-2.44,-10.63,10.05
959.60,0,,70.73,10.01,0,1,70.73,-1.09,-2.44,-10.73,9.95
959.72,0,,70.80,10.00,0,1,70.94,-1.03,-2.48,-10.71,10.05
959.78,0,,70.79,10.00,0,1,70.34,-1.03,-2.41,-10.64,9.98
959.90,0,,70.67,10.00,2,-1,70.63,-0.97,-2.40,-10.57,10.03
959.99,0,,70.61,10.02,2,-1,70.91,-0.86,-2.43,-10.49,10.17
960.08,0,,70.72,10.06,2,-1,70.98,-0.99,-2.33,-10.52,9.94
960.20,0,,70.79,10.04,0,1,70.29,-0.95,-2.35,-10.50,10.00
960.29,0,,70.69,10.02,0,1,70.74,-0.92,-2.41,-10.53,10.09
960.41,0,,70.59,10.01,1,0,70.38,-1.01,-2.31,-10.52,9.90
960.50,0,,70.61,9.99,2,-1,71.21,-0.87,-2.25,-10.32,9.98
960.59,0,,70.77,9.98,1,0,70.80,-0.85,-2.32,-10.37,10.07
960.68,0,,70.84,10.02,1,0,70.50,-0.87,-2.40,-10.47,10.13
960.80,0,,70.72,10.07,1,0,70.48,-0.90,-2.40,-10.50,10.10
960.89,0,,70.57,10.10,1,0,70.52,-0.92,-2.37,-10.49,10.05
960.98,0,,70.55,10.10,1,0,70.97,-0.77,-2.33,-10.30,10.16
961.19,0,,70.69,10.11,1,0,70.79,-0.80,-2.37,-10.37,10.17
961.19,0,,70.77,10.14,1,0,70.52,-0.93,-2.44,-10.57,10.11
961.28,0,,70.64,10.12,1,0,70.11,-1.00,-2.40,-10.60,10.00
961.40,0,,70.46,10.07,1,0,70.73,-0.91,-2.37,-10.48,10.06
961.49,0,,70.43,10.06,2,-1,70.38,-0.70,-2.30,-10.20,10.20
961.58,0,,70.41,10.08,2,-1,70.16,-0.83,-2.17,-10.20,9.94
961.73,0,,70.39,10.02,2,-1,70.82,-1.04,-2.19,-10.43,9.75
961.79,0,,70.46,9.88,2,-1,70.32,-1.15,-2.28,-10.63,9.73
961.91,0,,70.49,9.76,2,-1,70.48,-1.24,-2.31,-10.75,9.67
962.03,0,,70.45,9.70,2,-1,70.32,-1.12,-2.33,-10.65,9.81
962.09,0,,70.39,9.72,2,-1,70.33,-1.09,-2.28,-10.57,9.79
962.18,0,,70.36,9.76,2,-1,70.44,-1.16,-2.31,-10.67,9.75
962.30,0,,70.30,9.76,2,-1,69.87,-1.24,-2.37,-10.81,9.73
962.39,0,,70.20,9.73,2,-1,70.32,-1.37,-2.37,-10.94,9.60
962.48,0,,70.20,9.67,2,-1,70.51,-1.34,-2.36,-10.90,9.62
962.60,0,,70.29,9.62,2,-1,70.16,-1.29,-2.31,-10.80,9.62
962.69,0,,70.36,9.61,2,-1,70.69,-1.28,-2.34,-10.82,9.66
962.78,0,,70.51,9.64,2,-1,70.93,-1.24,-2.36,-10.80,9.72
962.96,0,,70.68,9.67,0,1,70.44,-1.17,-2.26,-10.63,9.69
963.02,0,,70.65,9.70,0,2,70.38,-1.08,-2.20,-10.48,9.72
963.08,0,,70.55,9.71,0,2,70.65,-1.08,-2.23,-10.51,9.75
963.20,0,,70.51,9.73,0,2,70.50,-1.22,-2.38,-10.80,9.76
963.29,0,,70.57,9.74,0,2,70.90,-1.40,-2.48,-11.08,9.68
963.44,0,,70.66,9.72,0,2,70.53,-1.43,-2.54,-11.17,9.71
963.50,0,,70.70,9.71,0,2,70.82,-1.53,-2.67,-11.40,9.74
963.59,0,,70.76,9.70,0,1,70.96,-1.54,-2.61,-11.35,9.67
963.68,0,,70.84,9.71,0,1,70.80,-1.29,-2.49,-10.98,9.80
963.80,0,,70.78,9.72,0,1,70.14,-1.40,-2.47,-11.07,9.67
963.89,0,,70.55,9.69,0,1,70.45,-1.64,-2.51,-11.35,9.47
964.01,0,,70.35,9.61,0,1,70.11,-1.45,-2.45,-11.10,9.60
964.10,0,,70.27,9.58,2,-1,70.53,-1.23,-2.34,-10.77,9.71
964.22,0,,70.33,9.63,4,-2,70.53,-1.19,-2.41,-10.80,9.82
964.28,0,,70.43,9.73,4,-2,70.39,-1.27,-2.46,-10.93,9.79
964.40,0,,70.43,9.77,4,-2,70.19,-1.38,-2.41,-10.99,9.63
964.49,0,,70.37,9.72,4,-2,70.47,-1.43,-2.39,-11.02,9.56
964.58,0,,70.38,9.63,4,-2,70.58,-1.38,-2.38,-10.96,9.60
964.70,0,,70.46,9.61,2,-1,70.48,-1.22,-2.43,-10.85,9.81
964.79,0,,70.49,9.68,1,0,70.31,-1.22,-2.42,-10.84,9.80
964.91,0,,70.40,9.73,1,0,70.11,-1.42,-2.37,-10.99,9.55
965.00,0,,70.30,9.67,1,0,70.52,-1.53,-2.40,-11.13,9.47
965.09,0,,70.34,9.57,2,-1,70.56,-1.46,-2.44,-11.10,9.58
965.18,0,,70.41,9.56,2,-1,70.19,-1.29,-2.47,-10.96,9.78
965.30,0,,70.43,9.64,1,0,70.67,-1.24,-2.44,-10.88,9.80
965.39,0,,70.45,9.73,1,0,70.30,-1.35,-2.44,-10.99,9.69
965.48,0,,70.47,9.73,1,0,70.68,-1.44,-2.47,-11.11,9.63
965.60,0,,70.53,9.69,1,0,70.63,-1.39,-2.43,-11.02,9.64
965.72,0,,70.55,9.66,0,1,70.24,-1.24,-2.44,-10.88,9.80
965.81,0,,70.51,9.70,2,-1,70.70,-1.33,-2.47,-11.00,9.74
965.90,0,,70.51,9.71,2,-1,70.51,-1.51,-2.50,-11.21,9.59
965.99,0,,70.53,9.66,2,-1,70.46,-1.57,-2.53,-11.30,9.56
966.08,0,,70.53,9.59,0,1,70.60,-1.63,-2.52,-11.35,9.49
966.20,0,,70.47,9.53,1,0,70.05,-1.61,-2.56,-11.37,9.55
966.29,0,,70.44,9.52,1,0,71.05,-1.60,-2.61,-11.41,9.61
966.47,0,,70.59,9.55,1,0,70.83,-1.66,-2.65,-11.51,9.59
966.50,0,,70.76,9.58,0,1,70.60,-1.70,-2.68,-11.58,9.58
966.59,0,,70.73,9.57,0,1,70.48,-1.79,-2.65,-11.64,9.46
966.74,0,,70.60,9.52,0,1,70.42,-1.78,-2.65,-11.63,9.47
966.80,0,,70.55,9.50,0,1,70.97,-1.60,-2.65,-11.45,9.65
966.89,0,,70.64,9.54,0,1,70.63,-1.64,-2.63,-11.47,9.59
966.98,0,,70.71,9.56,0,1,70.66,-1.83,-2.64,-11.67,9.41
967.10,0,,70.69,9.50,0,1,70.58,-1.88,-2.62,-11.70,9.34
967.19,0,,70.67,9.41,0,1,70.86,-1.85,-2.65,-11.70,9.40
967.31,0,,70.67,9.39,0,1,70.41,-1.76,-2.65,-11.61,9.49
967.40,0,,70.58,9.41,0,1,70.34,-1.74,-2.60,-11.54,9.46
967.52,0,,70.48,9.44,0,1,70.62,-1.86,-2.63,-11.69,9.37
967.58,0,,70.42,9.41,2,-1,70.12,-1.93,-2.63,-11.76,9.30
967.72,0,,70.38,9.36,2,-1,70.65,-1.88,-2.65,-11.73,9.37
967.79,0,,70.41,9.35,4,-2,70.43,-1.80,-2.68,-11.68,9.48
967.91,0,,70.44,9.39,4,-2,70.31,-1.80,-2.63,-11.63,9.43
968.03,0,,70.43,9.41,2,-1,70.59,-1.90,-2.62,-11.72,9.32
968.09,0,,70.43,9.37,2,-1,70.29,-2.01,-2.63,-11.84,9.22
968.18,0,,70.43,9.30,1,0,70.50,-1.97,-2.61,-11.78,9.24
968.30,0,,70.43,9.26,1,0,70.48,-1.88,-2.63,-11.71,9.35
968.39,0,,70.46,9.29,1,0,70.45,-1.84,-2.65,-11.69,9.41
968.48,0,,70.49,9.34,1,0,70.64,-1.90,-2.60,-11.70,9.30
968.66,0,,70.54,9.33,1,0,70.56,-2.00,-2.61,-11.81,9.21
968.69,0,,70.55,9.28,0,1,70.36,-2.03,-2.68,-11.91,9.25
968.81,0,,70.45,9.24,0,1,70.18,-2.01,-2.63,-11.84,9.22
968.90,0,,70.29,9.22,1,0,70.05,-1.95,-2.59,-11.74,9.24
968.99,0,,70.15,9.22,2,-1,70.15,-1.96,-2.60,-11.76,9.24
969.09,0,,70.07,9.21,2,-1,69.90,-2.07,-2.61,-11.88,9.14
969.20,0,,70.04,9.19,2,-1,70.33,-2.06,-2.69,-11.95,9.23
969.35,0,,70.15,9.19,4,-2,70.47,-2.06,-2.71,-11.97,9.25
969.41,0,,70.30,9.21,4,-2,70.24,-2.06,-2.64,-11.90,9.18
969.53,0,,70.36,9.20,2,-1,70.36,-2.04,-2.61,-11.85,9.17
969.75,0,,70.34,9.17,2,-1,70.26,-2.14,-2.63,-11.97,9.09
969.75,0,,70.34,9.17,2,-1,70.26,-2.14,-2.63,-11.97,9.09
969.80,0,,70.36,9.09,1,0,70.53,-2.15,-2.66,-12.01,9.11
969.89,0,,70.38,9.08,0,2,70.14,-2.16,-2.65,-12.01,9.09
969.98,0,,70.39,9.08,0,2,70.69,-2.15,-2.61,-11.96,9.06
970.10,0,,70.37,9.05,0,1,69.86,-2.20,-2.57,-11.97,8.97
970.22,0,,70.27,9.01,0,1,70.35,-2.23,-2.61,-12.04,8.98
970.28,0,,70.17,8.99,2,-1,69.96,-2.24,-2.66,-12.10,9.02
970.40,0,,70.17,8.99,1,0,70.63,-2.24,-2.67,-12.11,9.03
970.49,0,,70.28,9.01,1,0,70.32,-2.14,-2.64,-11.98,9.10
970.58,0,,70.47,9.04,1,0,71.09,-2.15,-2.60,-11.95,9.05
970.70,0,,70.62,9.05,1,0,70.14,-2.22,-2.63,-12.05,9.01
970.79,0,,70.58,9.03,1,0,70.46,-2.28,-2.66,-12.14,8.98
970.91,0,,70.47,8.99,1,0,70.55,-2.31,-2.63,-12.14,8.92
971.00,0,,70.47,8.96,0,1,70.53,-2.27,-2.64,-12.11,8.97
971.09,0,,70.50,8.95,0,1,70.52,-2.25,-2.66,-12.11,9.01
971.18,0,,70.47,8.97,0,1,70.07,-2.23,-2.65,-12.08,9.02
971.30,0,,70.29,8.98,0,1,69.91,-2.33,-2.61,-12.14,8.88
971.39,0,,70.15,8.93,1,0,70.58,-2.43,-2.60,-12.23,8.77
971.48,0,,70.21,8.85,1,0,70.29,-2.39,-2.62,-12.21,8.83
971.60,0,,70.27,8.81,4,-2,69.96,-2.38,-2.59,-12.17,8.81
971.70,0,,70.20,8.81,4,-2,70.20,-2.32,-2.62,-12.14,8.90
971.78,0,,70.16,8.84,4,-2,70.31,-2.36,-2.63,-12.19,8.87
971.90,0,,70.21,8.84,4,-2,70.26,-2.53,-2.61,-12.34,8.68
971.99,0,,70.30,8.77,2,-1,70.59,-2.61,-2.61,-12.42,8.60
972.08,0,,70.44,8.67,1,0,70.64,-2.59,-2.60,-12.39,8.61
972.20,0,,70.49,8.63,1,0,69.98,-2.46,-2.64,-12.30,8.78
972.29,0,,70.33,8.66,1,0,70.03,-2.52,-2.62,-12.34,8.70
972.41,0,,70.12,8.67,1,0,69.99,-2.69,-2.63,-12.52,8.54
972.50,0,,70.12,8.63,1,0,70.95,-2.72,-2.69,-12.61,8.57
972.59,0,,70.29,8.56,1,0,69.84,-2.78,-2.61,-12.59,8.43
972.68,0,,70.29,8.49,1,0,70.22,-2.73,-2.59,-12.52,8.46
972.80,0,,70.23,8.47,1,0,70.43,-2.68,-2.69,-12.57,8.61
972.89,0,,70.23,8.50,2,-1,69.95,-2.76,-2.68,-12.64,8.52
972.98,0,,70.18,8.52,1,0,70.23,-2.82,-2.63,-12.65,8.41
973.10,0,,70.13,8.46,1,0,70.05,-2.88,-2.62,-12.70,8.34
973.19,0,,70.09,8.41,1,0,70.00,-2.74,-2.65,-12.59,8.51
973.28,0,,70.04,8.44,2,-1,69.97,-2.68,-2.70,-12.58,8.62
973.40,0,,69.97,8.50,2,-1,69.82,-2.82,-2.66,-12.68,8.44
973.52,0,,69.96,8.49,4,-2,70.27,-2.91,-2.61,-12.72,8.30
973.58,0,,70.05,8.40,2,-1,70.24,-2.88,-2.59,-12.67,8.31
973.70,0,,70.19,8.35,2,-1,70.32,-2.70,-2.57,-12.47,8.47
973.79,0,,70.30,8.38,2,-1,70.44,-2.70,-2.61,-12.51,8.51
973.91,0,,70.34,8.44,0,1,70.07,-2.78,-2.65,-12.63,8.47
974.00,0,,70.23,8.47,0,1,69.92,-2.82,-2.62,-12.64,8.40
974.09,0,,70.07,8.43,0,1,70.03,-2.85,-2.54,-12.59,8.29
974.18,0,,69.97,8.38,1,0,69.85,-2.65,-2.55,-12.40,8.50
974.30,0,,69.96,8.41,1,0,70.27,-2.63,-2.56,-12.39,8.53
974.39,0,,70.03,8.45,1,0,70.01,-2.78,-2.54,-12.52,8.36
974.48,0,,70.08,8.44,2,-1,70.09,-2.81,-2.59,-12.60,8.38
974.60,0,,70.11,8.40,2,-1,70.29,-2.79,-2.58,-12.57,8.39
974.69,0,,70.11,8.39,2,-1,69.72,-2.64,-2.53,-12.37,8.49
974.78,0,,70.06,8.42,2,-1,70.30,-2.66,-2.52,-12.38,8.46
974.90,0,,70.05,8.45,2,-1,70.00,-2.70,-2.54,-12.44,8.44
974.99,0,,70.09,8.46,1,0,70.17,-2.70,-2.58,-12.48,8.48
975.08,0,,70.13,8.45,2,-1,70.27,-2.78,-2.55,-12.53,8.37
975.20,0,,70.16,8.44,1,0,69.98,-2.61,-2.52,-12.33,8.51
975.29,0,,70.10,8.45,1,0,69.89,-2.59,-2.49,-12.28,8.50
975.44,0,,69.96,8.46,1,0,69.71,-2.73,-2.48,-12.41,8.35
975.50,0,,69.81,8.42,1,0,69.66,-2.75,-2.48,-12.43,8.33
975.59,0,,69.72,8.34,1,0,69.84,-2.85,-2.45,-12.50,8.20
975.68,0,,69.79,8.29,1,0,70.30,-2.71,-2.53,-12.44,8.42
975.80,0,,70.02,8.34,1,0,70.33,-2.57,-2.56,-12.33,8.59
975.89,0,,70.21,8.42,2,-1,70.06,-2.73,-2.45,-12.38,8.32
975.98,0,,70.22,8.41,1,0,70.08,-2.81,-2.46,-12.47,8.25
976.10,0,,70.14,8.33,1,0,70.06,-2.87,-2.47,-12.54,8.20
976.19,0,,70.13,8.26,1,0,70.44,-2.79,-2.49,-12.48,8.30
976.31,0,,70.30,8.26,0,2,70.89,-2.67,-2.51,-12.38,8.44
976.40,0,,70.51,8.32,0,2,70.27,-2.76,-2.45,-12.41,8.29
976.49,0,,70.46,8.32,0,2,69.81,-2.88,-2.42,-12.50,8.14
976.58,0,,70.15,8.23,0,2,69.67,-2.98,-2.44,-12.62,8.06
976.70,0,,69.86,8.15,1,0,69.89,-2.90,-2.50,-12.60,8.20
976.79,0,,69.75,8.14,1,0,69.78,-2.80,-2.46,-12.46,8.26
976.91,0,,69.83,8.18,1,0,70.40,-2.83,-2.44,-12.47,8.21
977.00,0,,69.98,8.21,4,-2,69.68,-2.88,-2.48,-12.56,8.20
977.09,0,,70.00,8.19,4,-2,69.99,-2.95,-2.45,-12.60,8.10
977.18,0,,69.95,8.16,4,-2,69.96,-2.90,-2.51,-12.61,8.21
977.30,0,,69.96,8.16,4,-2,70.06,-2.85,-2.50,-12.55,8.25
977.45,0,,69.98,8.19,2,-1,69.90,-2.83,-2.44,-12.47,8.21
977.48,0,,69.98,8.21,0,1,70.03,-2.85,-2.47,-12.52,8.22
977.60,0,,69.99,8.20,2,-1,69.99,-2.96,-2.43,-12.59,8.07
977.69,0,,69.94,8.14,2,-1,69.59,-2.94,-2.42,-12.56,8.08
977.78,0,,69.85,8.11,1,0,70.03,-2.88,-2.51,-12.59,8.23
977.90,0,,69.88,8.14,2,-1,70.16,-2.87,-2.50,-12.57,8.23
977.99,0,,69.98,8.19,2,-1,69.88,-2.87,-2.44,-12.51,8.17
978.08,0,,70.02,8.19,1,0,70.06,-2.92,-2.41,-12.53,8.09
978.20,0,,69.98,8.15,1,0,69.68,-2.90,-2.45,-12.55,8.15
978.29,0,,69.90,8.13,1,0,70.00,-2.93,-2.46,-12.59,8.13
978.41,0,,69.85,8.12,1,0,69.68,-2.93,-2.44,-12.57,8.11
978.50,0,,69.82,8.12,1,0,69.90,-2.87,-2.43,-12.50,8.16
978.59,0,,69.80,8.12,1,0,69.74,-2.93,-2.40,-12.53,8.07
978.68,0,,69.79,8.11,2,-1,69.75,-2.92,-2.42,-12.54,8.10
978.80,0,,69.77,8.09,2,-1,69.79,-2.95,-2.44,-12.59,8.09
978.89,0,,69.79,8.08,2,-1,69.95,-3.00,-2.43,-12.63,8.03
978.98,0,,69.87,8.07,2,-1,70.03,-2.91,-2.45,-12.56,8.14
979.10,0,,69.96,8.08,2,-1,69.99,-2.91,-2.41,-12.52,8.10
979.19,0,,70.03,8.10,1,0,70.16,-2.92,-2.40,-12.52,8.08
979.28,0,,70.04,8.10,1,0,69.78,-2.93,-2.45,-12.58,8.12
979.43,0,,70.01,8.09,0,1,70.18,-3.03,-2.42,-12.65,7.99
979.49,0,,70.00,8.05,0,1,69.90,-3.03,-2.41,-12.64,7.98
979.58,0,,70.00,8.01,0,1,70.05,-2.95,-2.41,-12.56,8.06
979.70,0,,70.01,8.02,0,1,70.10,-2.92,-2.42,-12.54,8.10
979.79,0,,70.02,8.05,0,1,69.86,-2.99,-2.45,-12.64,8.06
979.91,0,,69.93,8.05,1,0,69.59,-3.04,-2.44,-12.68,8.00
980.00,0,,69.75,8.02,1,0,69.49,-3.08,-2.39,-12.67,7.91
980.09,0,,69.75,7.97,1,0,70.79,-3.08,-2.40,-12.68,7.92
980.18,0,,70.04,7.95,2,-1,70.13,-2.94,-2.44,-12.58,8.10
980.30,0,,70.20,7.98,1,0,69.69,-3.02,-2.40,-12.62,7.98
980.39,0,,70.05,7.99,1,0,69.81,-3.12,-2.40,-12.72,7.88
980.48,0,,69.85,7.95,1,0,69.64,-3.09,-2.43,-12.72,7.94
980.60,0,,69.79,7.92,2,-1,70.29,-3.12,-2.41,-12.73,7.89
980.69,0,,69.91,7.92,2,-1,69.94,-2.98,-2.44,-12.62,8.06
980.78,0,,70.03,7.98,1,0,70.13,-2.92,-2.44,-12.56,8.12
980.90,0,,70.06,8.05,1,0,69.90,-2.99,-2.42,-12.61,8.03
980.99,0,,69.98,8.05,1,0,69.66,-3.06,-2.41,-12.67,7.95
981.08,0,,69.89,8.00,1,0,70.17,-3.15,-2.41,-12.76,7.86
981.20,0,,69.91,7.94,1,0,69.90,-3.06,-2.45,-12.71,7.99
981.29,0,,69.93,7.94,1,0,69.84,-2.97,-2.41,-12.58,8.04
981.41,0,,69.94,7.98,1,0,70.14,-2.98,-2.37,-12.55,7.99
981.50,0,,70.01,7.99,1,0,70.19,-3.07,-2.40,-12.67,7.93
981.59,0,,70.00,7.96,1,0,69.27,-3.17,-2.45,-12.82,7.88
981.68,0,,69.81,7.92,1,0,69.82,-3.20,-2.49,-12.89,7.89
981.84,0,,69.70,7.88,1,0,69.93,-3.22,-2.47,-12.89,7.85
981.89,0,,69.82,7.86,2,-1,70.28,-3.17,-2.46,-12.83,7.89
981.98,0,,69.95,7.87,1,0,69.53,-3.16,-2.46,-12.82,7.90
982.16,0,,69.91,7.88,1,0,69.87,-3.22,-2.48,-12.90,7.86
982.19,0,,69.86,7.88,1,0,70.10,-3.19,-2.53,-12.92,7.94
982.31,0,,69.90,7.89,1,0,69.78,-3.21,-2.49,-12.90,7.88
982.40,0,,69.92,7.89,1,0,70.03,-3.18,-2.44,-12.82,7.86
982.49,0,,70.00,7.89,1,0,70.36,-3.06,-2.44,-12.70,7.98
982.58,0,,70.08,7.91,1,0,69.72,-3.11,-2.43,-12.74,7.92
982.70,0,,69.99,7.92,0,1,69.63,-3.15,-2.43,-12.78,7.88
982.79,0,,69.81,7.92,1,0,69.78,-3.07,-2.46,-12.73,7.99
982.91,0,,69.76,7.94,1,0,70.03,-3.04,-2.45,-12.69,8.01
983.00,0,,69.90,7.97,1,0,70.40,-3.04,-2.41,-12.65,7.97
983.09,0,,70.17,7.98,1,0,70.48,-2.99,-2.36,-12.55,7.97
983.18,0,,70.26,7.99,1,0,69.53,-2.91,-2.37,-12.48,8.06
983.30,0,,70.07,8.01,0,1,69.80,-2.97,-2.42,-12.59,8.05
983.39,0,,69.84,8.03,1,0,69.86,-3.06,-2.45,-12.71,7.99
983.48,0,,69.76,8.00,1,0,69.68,-3.14,-2.38,-12.72,7.84
983.60,0,,69.78,7.93,2,-1,70.13,-3.08,-2.36,-12.64,7.88
983.69,0,,69.86,7.90,1,0,69.79,-2.94,-2.44,-12.58,8.10
983.78,0,,69.88,7.95,1,0,69.68,-3.04,-2.37,-12.61,7.93
983.90,0,,69.84,7.96,1,0,70.02,-3.10,-2.39,-12.69,7.89
983.99,0,,69.95,7.94,1,0,70.54,-3.11,-2.47,-12.78,7.96
984.08,0,,70.13,7.91,1,0,69.88,-3.18,-2.38,-12.76,7.80
984.20,0,,70.17,7.89,1,0,70.16,-3.01,-2.41,-12.62,8.00
984.29,0,,70.10,7.93,1,0,69.84,-2.94,-2.46,-12.60,8.12
984.44,0,,69.97,8.00,0,1,69.70,-3.07,-2.39,-12.66,7.92
984.50,0,,69.79,7.98,1,0,69.55,-3.17,-2.37,-12.74,7.80
984.59,0,,69.72,7.89,1,0,70.17,-3.23,-2.41,-12.84,7.78
984.68,0,,69.82,7.83,2,-1,69.92,-3.09,-2.44,-12.73,7.95
984.80,0,,69.93,7.86,1,0,69.93,-3.00,-2.45,-12.65,8.05
984.89,0,,69.92,7.95,1,0,69.60,-3.06,-2.47,-12.73,8.01
984.98,0,,69.87,8.00,1,0,70.21,-3.14,-2.46,-12.80,7.92
985.10,0,,70.01,7.97,1,0,70.58,-3.21,-2.44,-12.85,7.83
985.19,0,,70.19,7.91,1,0,69.77,-3.15,-2.51,-12.86,7.96
985.28,0,,70.16,7.90,1,0,70.05,-3.12,-2.45,-12.77,7.93
985.40,0,,70.04,7.92,0,1,69.94,-3.08,-2.43,-12.71,7.95
985.52,0,,69.97,7.94,0,1,69.95,-3.11,-2.51,-12.82,8.00
985.58,0,,69.91,7.93,1,0,69.73,-3.27,-2.44,-12.91,7.77
985.70,0,,69.89,7.89,1,0,70.20,-3.21,-2.49,-12.90,7.88
985.79,0,,69.94,7.87,1,0,69.83,-3.14,-2.52,-12.86,7.98
985.91,0,,69.97,7.90,1,0,70.01,-3.09,-2.41,-12.70,7.92
986.00,0,,69.94,7.91,1,0,69.79,-3.12,-2.39,-12.71,7.87
986.09,0,,69.91,7.88,1,0,69.97,-3.26,-2.40,-12.86,7.74
986.18,0,,69.89,7.82,1,0,69.84,-3.20,-2.44,-12.84,7.84
986.30,0,,69.84,7.81,2,-1,69.57,-3.16,-2.47,-12.83,7.91
986.42,0,,69.74,7.84,2,-1,69.67,-3.15,-2.43,-12.78,7.88
986.48,0,,69.73,7.88,2,-1,70.23,-3.05,-2.40,-12.65,7.95
986.60,0,,69.91,7.92,1,0,70.17,-3.08,-2.44,-12.72,7.96
986.69,0,,70.03,7.94,1,0,69.63,-3.10,-2.47,-12.77,7.97
986.78,0,,69.94,7.94,1,0,69.77,-3.15,-2.38,-12.73,7.83
986.90,0,,69.84,7.90,1,0,70.02,-3.18,-2.40,-12.78,7.82
986.99,0,,69.85,7.86,1,0,69.81,-3.05,-2.43,-12.68,7.98
987.08,0,,69.93,7.89,1,0,70.40,-3.05,-2.38,-12.63,7.93
987.20,0,,70.01,7.93,0,1,69.53,-3.06,-2.44,-12.70,7.98
987.29,0,,69.95,7.95,0,1,69.99,-3.10,-2.41,-12.71,7.91
987.41,0,,69.85,7.92,1,0,69.67,-3.22,-2.37,-12.79,7.75
987.50,0,,69.82,7.86,1,0,70.00,-3.13,-2.43,-12.76,7.90
987.65,0,,69.89,7.85,1,0,70.19,-3.03,-2.38,-12.61,7.95
987.68,0,,69.97,7.88,1,0,69.67,-3.05,-2.36,-12.61,7.91
987.80,0,,69.91,7.91,1,0,69.71,-3.08,-2.39,-12.67,7.91
987.90,0,,69.88,7.91,1,0,70.49,-3.16,-2.40,-12.76,7.84
987.98,0,,70.02,7.88,1,0,69.91,-3.17,-2.42,-12.79,7.85
988.10,0,,70.03,7.86,1,0,69.61,-3.10,-2.39,-12.69,7.89
988.19,0,,69.91,7.87,0,1,70.03,-3.02,-2.38,-12.60,7.96
988.28,0,,69.87,7.91,1,0,69.92,-3.04,-2.42,-12.66,7.98
988.40,0,,69.87,7.94,1,0,69.66,-3.11,-2.44,-12.75,7.93
988.49,0,,69.83,7.95,1,0,69.99,-3.14,-2.46,-12.80,7.92
988.58,0,,69.80,7.92,1,0,69.51,-3.17,-2.42,-12.79,7.85
988.71,0,,69.76,7.89,1,0,69.99,-3.05,-2.37,-12.62,7.92
988.79,0,,69.72,7.90,2,-1,69.34,-2.97,-2.39,-12.56,8.02
988.91,0,,69.64,7.93,4,-2,69.65,-3.09,-2.37,-12.66,7.88
989.00,0,,69.63,7.92,2,-1,70.01,-3.12,-2.36,-12.68,7.84
989.09,0,,69.77,7.89,2,-1,69.97,-3.11,-2.41,-12.72,7.90
989.18,0,,69.92,7.89,1,0,69.97,-3.01,-2.41,-12.62,8.00
989.30,0,,69.95,7.94,1,0,69.73,-2.87,-2.38,-12.45,8.11
989.39,0,,69.91,8.02,1,0,69.99,-2.93,-2.36,-12.49,8.03
989.48,0,,69.86,8.04,1,0,69.62,-3.03,-2.34,-12.57,7.91
989.60,0,,69.84,7.98,0,1,70.20,-3.12,-2.34,-12.66,7.82
989.69,0,,69.92,7.90,0,1,69.96,-3.06,-2.38,-12.64,7.92
989.78,0,,69.94,7.90,0,1,69.58,-2.90,-2.39,-12.49,8.09
989.90,0,,69.85,7.96,0,1,69.91,-2.93,-2.35,-12.48,8.02
989.99,0,,69.83,8.02,1,0,70.05,-2.97,-2.41,-12.58,8.04
990.08,0,,69.90,8.04,1,0,69.85,-3.01,-2.43,-12.64,8.02
990.20,0,,69.93,8.02,1,0,69.94,-3.06,-2.38,-12.64,7.92
990.29,0,,69.91,7.98,1,0,69.82,-2.99,-2.39,-12.58,8.00
990.41,0,,69.91,7.97,1,0,70.06,-2.95,-2.37,-12.52,8.02
990.50,0,,69.94,7.98,1,0,69.93,-2.97,-2.31,-12.48,7.94
990.59,0,,69.98,7.96,1,0,70.08,-3.02,-2.35,-12.57,7.93
990.68,0,,70.02,7.94,1,0,70.08,-3.03,-2.39,-12.62,7.96
990.80,0,,70.07,7.94,0,1,70.15,-3.05,-2.41,-12.66,7.96
990.89,0,,70.11,7.95,0,1,70.12,-3.03,-2.40,-12.63,7.97
990.98,0,,70.07,7.96,0,1,69.68,-2.97,-2.36,-12.53,7.99
991.10,0,,69.94,7.97,0,1,69.85,-3.00,-2.37,-12.57,7.97
991.19,0,,69.85,7.98,0,1,69.96,-2.97,-2.41,-12.58,8.04
991.28,0,,69.90,8.00,0,1,70.25,-2.98,-2.39,-12.57,8.01
991.40,0,,70.03,8.00,0,1,69.99,-3.02,-2.38,-12.60,7.96
991.49,0,,70.01,7.99,0,1,69.47,-2.96,-2.35,-12.51,7.99
991.58,0,,69.84,7.98,1,0,69.82,-2.92,-2.29,-12.41,7.97
991.70,0,,69.74,7.98,2,-1,69.86,-2.89,-2.32,-12.41,8.03
991.79,0,,69.81,8.00,2,-1,70.15,-2.91,-2.33,-12.44,8.02
991.91,0,,69.93,8.00,2,-1,69.85,-3.02,-2.34,-12.56,7.92
992.00,0,,69.96,7.98,1,0,69.86,-2.98,-2.39,-12.57,8.01
992.09,0,,69.92,7.98,1,0,69.93,-2.87,-2.33,-12.40,8.06
992.18,0,,69.88,8.01,1,0,69.74,-2.87,-2.34,-12.41,8.07
992.30,0,,69.81,8.04,1,0,69.63,-2.95,-2.38,-12.53,8.03
992.39,0,,69.79,8.04,1,0,70.26,-2.98,-2.39,-12.57,8.01
992.48,0,,69.88,8.02,1,0,69.77,-3.01,-2.41,-12.62,8.00
992.60,0,,69.93,7.98,1,0,69.90,-3.08,-2.33,-12.61,7.85
992.69,0,,69.98,7.94,1,0,70.47,-2.87,-2.33,-12.40,8.06
992.81,0,,70.09,7.98,0,1,69.79,-2.81,-2.37,-12.38,8.16
992.90,0,,70.09,8.04,0,1,70.06,-2.99,-2.36,-12.55,7.97
992.99,0,,70.04,8.04,1,0,70.05,-3.02,-2.38,-12.60,7.96
993.08,0,,69.94,7.99,1,0,69.38,-3.10,-2.37,-12.67,7.87
993.20,0,,69.78,7.93,1,0,69.92,-3.04,-2.40,-12.64,7.96
993.29,0,,69.72,7.94,1,0,69.75,-2.93,-2.43,-12.56,8.10
993.41,0,,69.74,7.99,1,0,69.74,-2.96,-2.38,-12.54,8.02
993.50,0,,69.80,8.03,2,-1,70.17,-3.00,-2.38,-12.58,7.98
993.59,0,,69.93,8.01,2,-1,69.99,-3.08,-2.43,-12.71,7.95
993.68,0,,70.01,7.98,1,0,69.89,-3.08,-2.42,-12.70,7.94
993.80,0,,70.03,7.96,1,0,70.31,-3.01,-2.43,-12.64,8.02
993.92,0,,70.07,7.97,1,0,69.86,-2.99,-2.41,-12.60,8.02
994.01,0,,70.04,7.97,1,0,69.96,-3.05,-2.32,-12.57,7.87
994.10,0,,70.02,7.94,0,1,70.27,-3.10,-2.39,-12.69,7.89
994.19,0,,70.06,7.92,0,1,69.92,-3.07,-2.50,-12.77,8.03
994.28,0,,70.08,7.94,0,1,70.22,-3.13,-2.43,-12.76,7.90
994.46,0,,70.05,7.95,0,1,69.69,-3.03,-2.42,-12.65,7.99
994.70,0,,69.95,7.97,1,0,69.88,-2.92,-2.41,-12.53,8.09
994.70,0,,69.95,7.97,1,0,69.88,-2.92,-2.41,-12.53,8.09
994.71,0,,69.80,7.98,1,0,69.73,-3.08,-2.46,-12.74,7.98
994.82,0,,69.77,7.97,1,0,69.82,-2.99,-2.47,-12.66,8.08
994.91,0,,69.79,7.99,4,-2,69.90,-3.07,-2.40,-12.67,7.93
995.00,0,,69.76,7.98,4,-2,69.27,-3.02,-2.35,-12.57,7.93
995.09,0,,69.69,7.95,4,-2,70.09,-3.02,-2.31,-12.53,7.89
995.18,0,,69.76,7.92,4,-2,69.98,-3.01,-2.39,-12.60,7.98
995.30,0,,69.94,7.94,2,-1,70.24,-3.00,-2.45,-12.65,8.05
995.42,0,,70.05,7.98,1,0,69.74,-3.07,-2.45,-12.72,7.98
995.48,0,,70.03,8.00,2,-1,70.10,-3.07,-2.46,-12.73,7.99
995.66,0,,69.99,8.01,0,1,69.93,-2.96,-2.44,-12.60,8.08
995.70,0,,69.97,8.05,0,1,69.91,-2.84,-2.46,-12.50,8.22
995.78,0,,69.89,8.12,0,1,69.59,-2.93,-2.44,-12.57,8.11
995.90,0,,69.78,8.13,0,1,69.79,-2.99,-2.41,-12.60,8.02
995.99,0,,69.71,8.09,1,0,69.65,-3.03,-2.45,-12.68,8.02
996.08,0,,69.79,8.01,2,-1,70.47,-3.16,-2.41,-12.77,7.85
996.20,0,,70.03,7.96,2,-1,70.23,-2.96,-2.45,-12.61,8.09
996.32,0,,70.23,7.99,1,0,70.22,-2.85,-2.46,-12.51,8.21
996.41,0,,70.14,8.07,1,0,69.20,-3.01,-2.38,-12.59,7.97
996.50,0,,69.92,8.06,1,0,70.41,-3.07,-2.40,-12.67,7.93
996.68,0,,69.89,7.98,1,0,69.88,-3.16,-2.41,-12.77,7.85
996.68,0,,69.89,7.98,1,0,69.88,-3.16,-2.41,-12.77,7.85
996.80,0,,70.01,7.89,0,1,70.26,-2.96,-2.44,-12.60,8.08
996.89,0,,70.12,7.96,0,1,70.24,-2.95,-2.43,-12.58,8.08
996.98,0,,70.17,8.02,0,1,69.95,-3.02,-2.37,-12.59,7.95
997.10,0,,70.11,8.01,0,1,70.00,-3.07,-2.40,-12.67,7.93
997.25,0,,69.98,7.97,1,0,69.62,-3.10,-2.42,-12.72,7.92
997.28,0,,69.88,7.92,0,1,70.18,-3.09,-2.38,-12.67,7.89
997.40,0,,69.86,7.92,0,1,69.64,-2.91,-2.42,-12.53,8.11
997.49,0,,69.80,7.99,2,-1,69.55,-2.88,-2.43,-12.51,8.15
997.59,0,,69.71,8.05,2,-1,69.86,-3.07,-2.37,-12.64,7.90
997.70,0,,69.72,8.03,4,-2,69.89,-3.02,-2.42,-12.64,8.00
997.79,0,,69.76,8.00,4,-2,69.51,-3.03,-2.49,-12.72,8.06
997.91,0,,69.72,8.00,4,-2,69.78,-3.06,-2.43,-12.69,7.97
998.00,0,,69.70,8.00,4,-2,69.70,-2.97,-2.39,-12.56,8.02
998.09,0,,69.70,7.99,2,-1,69.69,-2.99,-2.36,-12.55,7.97
998.18,0,,69.76,7.99,2,-1,70.15,-2.94,-2.37,-12.51,8.03
998.30,0,,69.94,8.02,2,-1,70.34,-2.89,-2.45,-12.54,8.16
998.39,0,,70.10,8.06,1,0,69.77,-3.04,-2.45,-12.69,8.01
998.48,0,,70.09,8.05,0,2,70.15,-3.10,-2.41,-12.71,7.91
998.60,0,,70.09,8.01,0,2,70.33,-2.97,-2.43,-12.60,8.06
998.72,0,,70.20,8.02,0,2,70.39,-2.86,-2.46,-12.52,8.20
998.78,0,,70.21,8.08,0,2,69.52,-2.93,-2.40,-12.53,8.07
998.90,0,,70.00,8.09,0,2,69.83,-3.01,-2.39,-12.60,7.98
998.99,0,,69.83,8.05,0,1,69.94,-3.04,-2.43,-12.67,7.99
999.14,0,,69.83,7.99,1,0,69.92,-3.10,-2.40,-12.70,7.90
999.20,0,,69.91,7.96,1,0,70.13,-2.96,-2.44,-12.60,8.08
999.29,0,,69.97,8.01,1,0,69.73,-2.83,-2.49,-12.52,8.26
999.44,0,,69.94,8.10,2,-1,69.98,-2.94,-2.41,-12.55,8.07
999.50,0,,69.96,8.12,2,-1,70.24,-3.03,-2.39,-12.62,7.96
999.59,0,,70.06,8.06,2,-1,70.15,-3.07,-2.45,-12.72,7.98
999.68,0,,70.10,8.00,1,0,69.75,-3.06,-2.46,-12.72,8.00
999.80,0,,69.96,7.99,0,1,69.64,-2.95,-2.43,-12.58,8.08
999.89,0,,69.84,8.03,0,1,70.15,-2.86,-2.42,-12.48,8.16
999.98,0,,69.88,8.08,1,0,69.97,-2.93,-2.38,-12.51,8.05
1000.10,0,,69.93,8.07,0,1,69.75,-3.05,-2.35,-12.60,7.90
1000.19,0,,69.92,8.01,0,1,70.05,-3.01,-2.44,-12.65,8.03
1000.28,0,,69.93,7.98,0,1,69.95,-3.02,-2.44,-12.66,8.02
1000.40,0,,69.93,8.00,2,-1,69.73,-2.96,-2.40,-12.56,8.04
1000.49,0,,69.88,8.04,2,-1,69.92,-2.81,-2.42,-12.43,8.21
1000.58,0,,69.89,8.09,2,-1,70.17,-2.91,-2.34,-12.45,8.03
1000.70,0,,69.97,8.09,1,0,69.86,-2.93,-2.37,-12.50,8.04
1000.79,0,,69.96,8.07,1,0,69.80,-2.95,-2.45,-12.60,8.10
1000.91,0,,69.85,8.04,1,0,69.53,-3.09,-2.37,-12.66,7.88
1001.03,0,,69.71,7.98,1,0,69.73,-3.01,-2.36,-12.57,7.95
1001.16,0,,69.71,7.95,2,-1,70.12,-2.87,-2.37,-12.44,8.10
1001.19,0,,69.84,8.00,2,-1,69.90,-2.84,-2.37,-12.41,8.13
1001.30,0,,69.96,8.07,2,-1,70.08,-2.89,-2.41,-12.50,8.12
1001.39,0,,70.00,8.09,1,0,69.86,-3.02,-2.38,-12.60,7.96
1001.48,0,,69.97,8.03,1,0,69.82,-3.10,-2.33,-12.63,7.83
1001.60,0,,69.90,7.94,1,0,69.95,-2.98,-2.38,-12.56,8.00
1001.72,0,,69.91,7.96,1,0,70.04,-2.77,-2.45,-12.42,8.28
1001.78,0,,69.98,8.07,1,0,70.16,-2.88,-2.37,-12.45,8.09
1001.90,0,,70.03,8.12,1,0,69.76,-2.97,-2.38,-12.55,8.01
1002.03,0,,69.94,8.09,1,0,69.67,-2.97,-2.43,-12.60,8.06
1002.08,0,,69.89,8.02,1,0,70.50,-3.12,-2.35,-12.67,7.83
1002.20,0,,69.99,7.96,1,0,69.71,-2.94,-2.42,-12.56,8.08
1002.29,0,,69.98,8.00,1,0,69.79,-2.80,-2.47,-12.47,8.27
1002.41,0,,69.79,8.09,1,0,69.19,-2.95,-2.35,-12.50,8.00
1002.53,0,,69.57,8.09,1,0,69.68,-2.98,-2.33,-12.51,7.95
1002.59,0,,69.52,8.02,4,-2,69.86,-3.07,-2.36,-12.63,7.89
1002.68,0,,69.67,7.94,4,-2,69.92,-3.04,-2.37,-12.61,7.93
1002.80,0,,69.83,7.93,4,-2,69.89,-2.93,-2.39,-12.52,8.06
1002.89,0,,69.93,7.97,2,-1,70.07,-2.95,-2.40,-12.55,8.05
1002.98,0,,69.97,8.01,1,0,69.75,-2.98,-2.35,-12.53,7.97
1003.10,0,,69.93,8.00,1,0,69.92,-3.03,-2.34,-12.57,7.91
1003.19,0,,69.82,7.96,1,0,69.40,-3.05,-2.42,-12.67,7.97
1003.31,0,,69.69,7.93,1,0,69.79,-3.10,-2.38,-12.68,7.88
1003.40,0,,69.60,7.91,1,0,69.35,-3.06,-2.38,-12.64,7.92
1003.49,0,,69.54,7.91,1,0,69.61,-3.03,-2.42,-12.65,7.99
1003.58,0,,69.56,7.92,2,-1,69.92,-3.10,-2.37,-12.67,7.87
1003.70,0,,69.68,7.92,2,-1,69.63,-3.06,-2.40,-12.66,7.94
1003.79,0,,69.75,7.91,2,-1,69.85,-3.13,-2.38,-12.71,7.85
1003.91,0,,69.78,7.87,2,-1,69.76,-3.22,-2.36,-12.78,7.74
1004.00,0,,69.81,7.82,2,-1,69.94,-3.07,-2.38,-12.65,7.91
1004.09,0,,69.86,7.84,2,-1,69.92,-2.96,-2.33,-12.49,7.97
1004.18,0,,69.94,7.89,0,1,70.15,-3.04,-2.34,-12.58,7.90
1004.30,0,,69.95,7.92,0,1,69.47,-3.10,-2.40,-12.70,7.90
1004.39,0,,69.86,7.92,0,1,70.02,-3.10,-2.44,-12.74,7.94
1004.48,0,,69.84,7.91,0,1,69.93,-3.17,-2.40,-12.77,7.83
1004.60,0,,69.91,7.87,0,1,70.05,-3.16,-2.38,-12.74,7.82
1004.69,0,,69.95,7.84,0,1,69.80,-3.08,-2.40,-12.68,7.92
1004.78,0,,69.97,7.85,0,1,70.19,-3.14,-2.38,-12.72,7.84
1004.90,0,,69.97,7.85,0,1,69.68,-3.19,-2.37,-12.76,7.78
1004.99,0,,69.93,7.82,1,0,69.99,-3.17,-2.39,-12.76,7.82
1005.09,0,,69.91,7.80,1,0,70.00,-3.22,-2.36,-12.78,7.74
1005.20,0,,69.91,7.79,1,0,69.69,-3.14,-2.39,-12.73,7.85
1005.29,0,,69.85,7.82,1,0,69.83,-3.03,-2.41,-12.64,7.98
1005.41,0,,69.79,7.87,1,0,69.73,-3.13,-2.35,-12.68,7.82
1005.50,0,,69.69,7.87,2,-1,69.25,-3.21,-2.35,-12.76,7.74
1005.59,0,,69.59,7.81,4,-2,69.96,-3.26,-2.39,-12.85,7.73
1005.68,0,,69.61,7.75,4,-2,69.60,-3.33,-2.42,-12.95,7.69
1005.80,0,,69.71,7.71,4,-2,69.98,-3.31,-2.43,-12.94,7.72
1005.89,0,,69.82,7.70,2,-1,69.89,-3.27,-2.39,-12.86,7.72
1005.98,0,,69.86,7.70,1,0,69.65,-3.33,-2.42,-12.95,7.69
1006.10,0,,69.82,7.68,1,0,69.85,-3.43,-2.44,-13.07,7.61
1006.19,0,,69.84,7.64,1,0,70.15,-3.44,-2.42,-13.06,7.58
1006.28,0,,69.89,7.61,1,0,69.61,-3.41,-2.45,-13.06,7.64
1006.40,0,,69.85,7.62,0,1,69.78,-3.38,-2.47,-13.05,7.69
1006.49,0,,69.75,7.65,0,1,69.50,-3.35,-2.47,-13.02,7.72
1006.58,0,,69.67,7.68,1,0,69.82,-3.38,-2.45,-13.03,7.67
1006.70,0,,69.70,7.69,1,0,69.97,-3.38,-2.44,-13.02,7.66
1006.79,0,,69.81,7.67,1,0,69.79,-3.36,-2.45,-13.01,7.69
1006.91,0,,69.89,7.67,1,0,70.06,-3.27,-2.38,-12.85,7.71
1007.00,0,,69.90,7.69,1,0,69.58,-3.19,-2.34,-12.73,7.75
1007.09,0,,69.78,7.71,1,0,69.44,-3.28,-2.35,-12.83,7.67
1007.18,0,,69.60,7.70,2,-1,69.51,-3.35,-2.38,-12.93,7.63
1007.30,0,,69.55,7.66,2,-1,69.97,-3.38,-2.44,-13.02,7.66
1007.39,0,,69.73,7.64,2,-1,70.24,-3.36,-2.40,-12.96,7.64
1007.48,0,,69.91,7.64,2,-1,69.41,-3.23,-2.30,-12.73,7.67
1007.72,0,,69.73,7.64,1,0,68.90,-3.41,-2.38,-12.99,7.57
1007.72,0,,69.42,7.59,2,-1,69.69,-3.82,-2.57,-13.59,7.35
1007.78,0,,69.32,7.46,4,-2,69.34,-4.10,-2.70,-14.00,7.20
1007.90,0,,69.44,7.30,4,-2,70.00,-4.22,-2.82,-14.24,7.20
1007.99,0,,69.68,7.23,2,-1,70.01,-4.10,-2.89,-14.19,7.39
1008.08,0,,69.92,7.28,1,0,70.03,-4.01,-2.85,-14.06,7.44
1008.20,0,,69.99,7.35,1,0,69.62,-4.15,-2.85,-14.20,7.30
1008.29,0,,69.91,7.36,0,1,69.96,-4.08,-2.81,-14.09,7.33
1008.44,0,,69.84,7.35,0,1,69.74,-3.80,-2.61,-13.61,7.41
1008.50,0,,69.83,7.38,0,2,70.01,-3.59,-2.52,-13.31,7.53
1008.69,0,,69.84,7.50,0,2,69.66,-3.23,-2.51,-12.94,7.88
1008.69,0,,69.84,7.50,0,2,69.66,-3.23,-2.51,-12.94,7.88
1008.80,0,,69.67,7.90,0,1,69.08,-2.81,-2.14,-12.15,7.93
1008.89,0,,69.49,7.97,1,0,69.68,-2.74,-1.95,-11.89,7.81
1008.98,0,,69.40,7.92,4,-2,69.17,-2.83,-2.08,-12.11,7.85
1009.10,0,,69.39,7.89,4,-2,69.69,-2.87,-2.32,-12.39,8.05
1009.19,0,,69.46,7.97,4,-2,69.56,-2.73,-2.41,-12.34,8.28
1009.28,0,,69.61,8.13,4,-2,69.98,-2.65,-2.42,-12.27,8.37
1009.40,0,,69.84,8.28,2,-1,70.40,-2.67,-2.42,-12.29,8.35
1009.49,0,,70.16,8.35,0,1,70.52,-2.75,-2.48,-12.43,8.33
1009.64,0,,70.36,8.35,0,1,70.04,-2.83,-2.47,-12.50,8.24
1009.74,0,,70.31,8.31,0,2,70.08,-2.70,-2.42,-12.32,8.32
1009.79,0,,70.16,8.32,0,2,69.97,-2.45,-2.38,-12.03,8.53
1009.91,0,,70.12,8.40,0,2,70.70,-2.52,-2.42,-12.14,8.50
1010.06,0,,70.26,8.46,0,2,70.25,-2.64,-2.46,-12.30,8.42
1010.15,0,,70.30,8.46,0,2,69.90,-2.58,-2.36,-12.14,8.38
1010.18,0,,70.18,8.43,0,2,70.11,-2.54,-2.36,-12.10,8.42
1010.30,0,,70.11,8.42,0,1,70.38,-2.45,-2.40,-12.05,8.55
1010.39,0,,70.21,8.46,0,1,70.43,-2.44,-2.36,-12.00,8.52
1010.48,0,,70.29,8.50,0,2,70.06,-2.49,-2.39,-12.08,8.50
1010.60,0,,70.21,8.52,1,0,69.79,-2.47,-2.44,-12.11,8.57
1010.72,0,,70.08,8.54,1,0,70.40,-2.41,-2.41,-12.02,8.60
1010.78,0,,70.12,8.57,2,-1,70.28,-2.33,-2.30,-11.83,8.57
1010.90,0,,70.18,8.58,2,-1,69.96,-2.33,-2.32,-11.85,8.59
1010.99,0,,70.13,8.58,2,-1,69.99,-2.40,-2.39,-11.99,8.59
1011.08,0,,70.09,8.57,1,0,70.40,-2.46,-2.34,-12.00,8.48
1011.20,0,,70.15,8.54,2,-1,70.09,-2.39,-2.35,-11.94,8.56
1011.29,0,,70.17,8.55,1,0,70.02,-2.25,-2.36,-11.81,8.71
1011.47,0,,70.06,8.61,0,1,69.69,-2.26,-2.32,-11.78,8.66
1011.50,0,,69.95,8.66,0,1,70.22,-2.31,-2.36,-11.87,8.65
1011.59,0,,69.89,8.66,2,-1,69.48,-2.35,-2.35,-11.90,8.60
1011.68,0,,69.84,8.62,4,-2,70.07,-2.41,-2.29,-11.90,8.48
1011.80,0,,69.87,8.56,2,-1,70.10,-2.32,-2.31,-11.83,8.59
1011.95,0,,69.98,8.56,2,-1,70.00,-2.22,-2.34,-11.76,8.72
1011.99,0,,70.06,8.61,2,-1,70.22,-2.26,-2.30,-11.76,8.64
1012.10,0,,70.11,8.65,2,-1,70.00,-2.27,-2.34,-11.81,8.67
1012.19,0,,70.15,8.68,2,-1,70.47,-2.29,-2.42,-11.91,8.73
1012.28,0,,70.27,8.68,0,1,70.48,-2.37,-2.38,-11.95,8.61
1012.43,0,,70.35,8.67,0,2,69.99,-2.30,-2.38,-11.88,8.68
1012.64,0,,70.26,8.67,0,2,70.10,-2.21,-2.38,-11.79,8.77
1012.65,0,,70.16,8.68,0,2,70.26,-2.32,-2.28,-11.80,8.56
1012.73,0,,70.05,8.64,0,1,69.40,-2.36,-2.32,-11.88,8.56
1012.79,0,,69.84,8.60,1,0,69.75,-2.33,-2.38,-11.91,8.65
1012.91,0,,69.78,8.59,1,0,70.44,-2.38,-2.35,-11.93,8.57
1013.00,0,,69.97,8.59,2,-1,70.02,-2.34,-2.34,-11.88,8.60
1013.09,0,,70.08,8.59,2,-1,69.84,-2.30,-2.30,-11.80,8.60
1013.18,0,,70.00,8.59,4,-2,69.77,-2.33,-2.31,-11.84,8.58
1013.33,0,,69.92,8.59,4,-2,70.16,-2.33,-2.38,-11.91,8.65
1013.40,0,,69.98,8.60,2,-1,70.20,-2.36,-2.36,-11.92,8.60
1013.48,0,,70.09,8.60,1,0,70.11,-2.39,-2.34,-11.93,8.55
1013.60,0,,70.18,8.59,1,0,70.40,-2.30,-2.36,-11.86,8.66
1013.72,0,,70.30,8.61,1,0,70.51,-2.23,-2.35,-11.78,8.72
1013.78,0,,70.38,8.64,0,2,70.16,-2.30,-2.30,-11.80,8.60
1013.90,0,,70.29,8.64,0,2,69.86,-2.34,-2.35,-11.89,8.61
1013.99,0,,70.15,8.62,0,2,70.39,-2.39,-2.39,-11.98,8.60
1014.17,0,,70.12,8.59,0,1,69.99,-2.41,-2.31,-11.92,8.50
1014.21,0,,70.10,8.56,0,1,70.00,-2.27,-2.32,-11.79,8.65
1014.29,0,,70.04,8.59,1,0,69.98,-2.22,-2.36,-11.78,8.74
1014.47,0,,70.00,8.64,1,0,70.02,-2.34,-2.26,-11.80,8.52
1014.53,0,,69.99,8.60,4,-2,70.01,-2.41,-2.25,-11.86,8.44
1014.59,0,,70.03,8.52,4,-2,70.19,-2.45,-2.31,-11.96,8.46
1014.68,0,,70.09,8.47,2,-1,70.12,-2.35,-2.32,-11.87,8.57
1014.80,0,,70.22,8.51,2,-1,70.77,-2.24,-2.33,-11.77,8.69
1014.89,0,,70.35,8.60,0,1,69.94,-2.25,-2.34,-11.79,8.69
1015.01,0,,70.31,8.65,0,1,70.20,-2.35,-2.30,-11.85,8.55
1015.10,0,,70.24,8.62,0,1,70.49,-2.40,-2.29,-11.89,8.49
1015.20,0,,70.30,8.57,0,1,70.32,-2.29,-2.32,-11.81,8.63
1015.28,0,,70.36,8.57,0,2,70.44,-2.23,-2.32,-11.75,8.69
1015.40,0,,70.39,8.62,0,2,70.37,-2.25,-2.33,-11.78,8.68
1015.49,0,,70.33,8.65,0,2,69.83,-2.31,-2.30,-11.81,8.59
1015.58,0,,70.18,8.63,0,1,70.33,-2.40,-2.30,-11.90,8.50
1015.70,0,,70.12,8.58,1,0,70.07,-2.34,-2.34,-11.88,8.60
1015.79,0,,70.17,8.57,0,1,70.54,-2.22,-2.30,-11.72,8.68
1015.91,0,,70.25,8.60,0,1,70.05,-2.26,-2.25,-11.71,8.59
1016.03,0,,70.27,8.61,2,-1,70.37,-2.29,-2.28,-11.77,8.59
1016.09,0,,70.32,8.62,2,-1,70.59,-2.24,-2.35,-11.79,8.71
1016.18,0,,70.37,8.65,1,0,70.01,-2.29,-2.36,-11.85,8.67
1016.30,0,,70.31,8.66,1,0,70.30,-2.32,-2.29,-11.81,8.57
1016.39,0,,70.24,8.64,1,0,70.21,-2.18,-2.28,-11.66,8.70
1016.51,0,,70.29,8.64,0,1,70.75,-2.18,-2.28,-11.66,8.70
1016.60,0,,70.39,8.65,1,0,70.10,-2.26,-2.23,-11.69,8.57
1016.69,0,,70.37,8.63,1,0,70.26,-2.25,-2.24,-11.69,8.59
1016.90,0,,70.27,8.60,0,1,70.15,-2.28,-2.30,-11.78,8.62
1016.91,0,,70.18,8.60,0,1,70.00,-2.25,-2.29,-11.74,8.64
1016.99,0,,70.08,8.62,1,0,70.04,-2.22,-2.26,-11.68,8.64
1017.08,0,,70.05,8.63,2,-1,70.16,-2.28,-2.25,-11.73,8.57
1017.20,0,,70.02,8.61,2,-1,69.72,-2.25,-2.26,-11.71,8.61
1017.29,0,,69.92,8.60,4,-2,69.79,-2.28,-2.29,-11.77,8.61
1017.44,0,,69.91,8.60,4,-2,70.49,-2.33,-2.28,-11.81,8.55
1017.50,0,,70.08,8.59,4,-2,70.25,-2.24,-2.29,-11.73,8.65
1017.59,0,,70.26,8.61,2,-1,70.34,-2.20,-2.31,-11.71,8.71
1017.68,0,,70.36,8.65,2,-1,70.50,-2.21,-2.29,-11.70,8.68
1017.83,0,,70.46,8.68,1,0,70.67,-2.25,-2.31,-11.76,8.66
1017.92,0,,70.53,8.66,0,2,70.31,-2.31,-2.31,-11.82,8.60
1017.98,0,,70.49,8.62,0,2,70.41,-2.36,-2.28,-11.84,8.52
1018.16,0,,70.40,8.56,0,2,70.23,-2.38,-2.27,-11.85,8.49
1018.25,0,,70.28,8.52,0,2,69.99,-2.29,-2.28,-11.77,8.59
1018.28,0,,70.17,8.53,0,1,70.30,-2.30,-2.29,-11.79,8.59
1018.40,0,,70.18,8.54,1,0,70.42,-2.40,-2.28,-11.88,8.48
1018.49,0,,70.27,8.53,1,0,70.24,-2.42,-2.31,-11.93,8.49
1018.58,0,,70.29,8.49,1,0,70.15,-2.50,-2.35,-12.05,8.45
1018.70,0,,70.27,8.47,2,-1,70.44,-2.47,-2.35,-12.02,8.48
1018.79,0,,70.27,8.47,2,-1,70.08,-2.41,-2.33,-11.94,8.52
1019.00,0,,70.24,8.48,2,-1,70.23,-2.47,-2.32,-11.99,8.45
1019.01,0,,70.17,8.47,2,-1,69.94,-2.49,-2.30,-11.99,8.41
1019.18,0,,70.10,8.44,1,0,70.20,-2.46,-2.30,-11.96,8.44
1019.18,0,,70.10,8.44,2,-1,70.14,-2.34,-2.31,-11.85,8.57
1019.30,0,,70.16,8.48,2,-1,70.38,-2.34,-2.28,-11.82,8.54
1019.39,0,,70.25,8.52,2,-1,70.34,-2.41,-2.28,-11.89,8.47
1019.51,0,,70.32,8.51,2,-1,70.30,-2.42,-2.29,-11.91,8.47
1019.60,0,,70.30,8.48,1,0,70.04,-2.44,-2.26,-11.90,8.42
1019.69,0,,70.20,8.46,0,1,70.14,-2.32,-2.24,-11.76,8.52
1019.78,0,,70.11,8.48,1,0,69.98,-2.24,-2.26,-11.70,8.62
1019.90,0,,70.13,8.54,1,0,70.67,-2.30,-2.30,-11.80,8.60
1019.99,0,,70.29,8.58,1,0,70.38,-2.36,-2.28,-11.84,8.52
1020.14,0,,70.44,8.56,1,0,70.50,-2.37,-2.23,-11.80,8.46
1020.27,0,,70.47,8.53,1,0,70.32,-2.20,-2.25,-11.65,8.65
1020.29,0,,70.39,8.56,0,1,70.05,-2.16,-2.21,-11.57,8.65
1020.41,0,,70.19,8.60,1,0,69.79,-2.24,-2.20,-11.64,8.56
1020.50,0,,70.01,8.60,1,0,70.13,-2.27,-2.22,-11.69,8.55
1020.59,0,,69.93,8.55,1,0,69.76,-2.36,-2.16,-11.72,8.40
1020.77,0,,69.92,8.49,2,-1,70.19,-2.25,-2.15,-11.60,8.50
1020.81,0,,70.01,8.49,4,-2,70.18,-2.06,-2.20,-11.46,8.74
1020.89,0,,70.05,8.59,4,-2,69.66,-2.05,-2.23,-11.48,8.78
1020.98,0,,69.91,8.69,4,-2,69.56,-2.15,-2.17,-11.52,8.62
1021.10,0,,69.82,8.70,4,-2,70.45,-2.19,-2.20,-11.59,8.61
1021.19,0,,69.99,8.67,4,-2,70.27,-2.12,-2.28,-11.60,8.76
1021.28,0,,70.17,8.68,2,-1,70.04,-2.08,-2.17,-11.45,8.69
1021.40,0,,70.16,8.70,2,-1,69.87,-2.05,-2.19,-11.44,8.74
1021.49,0,,70.09,8.73,2,-1,70.33,-2.03,-2.29,-11.52,8.86
1021.58,0,,70.16,8.77,1,0,70.55,-2.15,-2.22,-11.57,8.67
1021.70,0,,70.28,8.73,0,1,70.00,-2.24,-2.21,-11.65,8.57
1021.79,0,,70.25,8.65,0,2,70.06,-2.26,-2.24,-11.70,8.58
1021.91,0,,70.01,8.58,0,2,69.13,-2.28,-2.18,-11.66,8.50
1022.00,0,,69.67,8.52,1,0,69.61,-2.31,-2.15,-11.66,8.44
1022.09,0,,69.52,8.46,2,-1,69.87,-2.40,-2.22,-11.82,8.42
1022.18,0,,69.63,8.42,2,-1,69.89,-2.50,-2.28,-11.98,8.38
1022.30,0,,69.79,8.39,4,-2,69.83,-2.51,-2.29,-12.00,8.38
1022.39,0,,69.90,8.39,4,-2,70.09,-2.45,-2.32,-11.97,8.47
1022.49,0,,69.93,8.42,4,-2,69.59,-2.41,-2.29,-11.90,8.48
1022.60,0,,69.90,8.44,4,-2,70.18,-2.44,-2.26,-11.90,8.42
1022.69,0,,69.92,8.44,2,-1,69.80,-2.51,-2.32,-12.03,8.41
1022.78,0,,69.89,8.42,1,0,69.67,-2.59,-2.34,-12.13,8.35
1022.90,0,,69.83,8.38,2,-1,69.96,-2.59,-2.35,-12.14,8.36
1022.99,0,,69.81,8.36,2,-1,69.77,-2.54,-2.34,-12.08,8.40
1023.08,0,,69.84,8.36,0,1,69.96,-2.56,-2.29,-12.05,8.33
1023.20,0,,69.87,8.35,1,0,69.89,-2.56,-2.31,-12.07,8.35
1023.30,0,,69.93,8.33,1,0,70.09,-2.65,-2.31,-12.16,8.26
1023.41,0,,69.95,8.29,1,0,69.71,-2.74,-2.35,-12.29,8.21
1023.50,0,,69.89,8.25,1,0,69.75,-2.70,-2.37,-12.27,8.27
1023.59,0,,69.80,8.24,1,0,69.81,-2.60,-2.30,-12.10,8.30
1023.68,0,,69.76,8.28,2,-1,69.67,-2.55,-2.35,-12.10,8.40
1023.83,0,,69.75,8.33,0,1,69.95,-2.64,-2.38,-12.22,8.34
1023.89,0,,69.83,8.34,2,-1,70.06,-2.71,-2.35,-12.26,8.24
1023.98,0,,69.95,8.31,2,-1,69.99,-2.66,-2.40,-12.26,8.34
1024.10,0,,69.99,8.31,1,0,69.79,-2.59,-2.37,-12.16,8.38
1024.19,0,,69.92,8.32,1,0,69.84,-2.57,-2.26,-12.03,8.29
1024.29,0,,69.91,8.32,1,0,70.28,-2.57,-2.26,-12.03,8.29
1024.40,0,,69.96,8.31,1,0,69.64,-2.58,-2.32,-12.10,8.34
1024.49,0,,69.89,8.30,1,0,69.63,-2.66,-2.31,-12.17,8.25
1024.58,0,,69.74,8.27,1,0,69.72,-2.72,-2.32,-12.24,8.20
1024.70,0,,69.65,8.25,1,0,69.50,-2.59,-2.36,-12.15,8.37
1024.79,0,,69.63,8.29,1,0,69.90,-2.56,-2.35,-12.11,8.39
1024.91,0,,69.73,8.33,2,-1,70.05,-2.67,-2.36,-12.23,8.29
1025.00,0,,69.91,8.32,2,-1,70.09,-2.75,-2.36,-12.31,8.21
1025.09,0,,69.99,8.25,1,0,69.61,-2.81,-2.32,-12.33,8.11
1025.21,0,,69.92,8.18,1,0,69.96,-2.72,-2.36,-12.28,8.24
1025.30,0,,69.86,8.18,1,0,69.80,-2.71,-2.35,-12.26,8.24
1025.39,0,,69.84,8.18,1,0,69.88,-2.82,-2.31,-12.33,8.09
1025.48,0,,69.85,8.17,1,0,69.91,-2.74,-2.38,-12.32,8.24
1025.60,0,,69.84,8.18,1,0,69.65,-2.78,-2.38,-12.36,8.20
1025.69,0,,69.81,8.17,1,0,69.92,-2.90,-2.33,-12.43,8.03
1025.78,0,,69.81,8.14,1,0,69.84,-2.75,-2.37,-12.32,8.22
1025.90,0,,69.82,8.15,1,0,69.73,-2.73,-2.34,-12.27,8.21
1025.99,0,,69.79,8.16,1,0,69.73,-2.87,-2.32,-12.39,8.05
1026.08,0,,69.73,8.13,1,0,69.58,-2.86,-2.39,-12.45,8.13
1026.20,0,,69.69,8.10,1,0,69.83,-2.90,-2.35,-12.45,8.05
1026.29,0,,69.78,8.08,1,0,70.26,-2.84,-2.32,-12.36,8.08
1026.41,0,,69.91,8.10,1,0,69.61,-2.63,-2.36,-12.19,8.33
1026.50,0,,69.92,8.19,1,0,69.98,-2.66,-2.34,-12.20,8.28
1026.59,0,,69.86,8.25,1,0,69.60,-2.77,-2.36,-12.33,8.19
1026.68,0,,69.77,8.25,1,0,69.68,-2.79,-2.40,-12.39,8.21
1026.80,0,,69.72,8.21,1,0,69.97,-2.84,-2.33,-12.37,8.09
1026.89,0,,69.84,8.16,1,0,70.23,-2.73,-2.32,-12.25,8.19
1026.98,0,,70.00,8.16,1,0,69.90,-2.64,-2.37,-12.21,8.33
1027.10,0,,70.00,8.21,1,0,69.66,-2.80,-2.35,-12.35,8.15
1027.19,0,,69.87,8.20,1,0,69.79,-2.88,-2.34,-12.42,8.06
1027.28,0,,69.84,8.16,1,0,70.30,-2.75,-2.39,-12.34,8.24
1027.40,0,,69.93,8.16,1,0,69.68,-2.70,-2.37,-12.27,8.27
1027.49,0,,69.91,8.20,1,0,69.72,-2.76,-2.30,-12.26,8.14
1027.58,0,,69.80,8.20,1,0,69.70,-2.73,-2.33,-12.26,8.20
1027.70,0,,69.74,8.18,1,0,69.90,-2.81,-2.32,-12.33,8.11
1027.79,0,,69.79,8.13,1,0,69.89,-2.91,-2.33,-12.44,8.02
1027.91,0,,69.82,8.09,1,0,69.64,-2.79,-2.36,-12.35,8.17
1028.06,0,,69.75,8.10,1,0,69.48,-2.71,-2.31,-12.22,8.20
1028.10,0,,69.64,8.15,2,-1,69.69,-2.72,-2.32,-12.24,8.20
1028.18,0,,69.65,8.19,2,-1,69.98,-2.78,-2.38,-12.36,8.20
1028.30,0,,69.73,8.18,1,0,69.54,-2.90,-2.34,-12.44,8.04
1028.39,0,,69.73,8.11,1,0,69.73,-2.93,-2.31,-12.44,7.98
1028.48,0,,69.80,8.05,1,0,70.44,-2.77,-2.32,-12.29,8.15
1028.66,0,,69.98,8.06,1,0,69.80,-2.75,-2.33,-12.28,8.18
1028.69,0,,70.00,8.10,1,0,69.70,-2.88,-2.30,-12.38,8.02
1028.78,0,,69.91,8.10,0,1,70.02,-2.84,-2.35,-12.39,8.11
1028.90,0,,69.88,8.09,0,2,69.86,-2.87,-2.43,-12.50,8.16
1028.99,0,,69.88,8.10,0,1,69.82,-2.93,-2.37,-12.50,8.04
1029.08,0,,69.83,8.11,0,1,69.63,-2.76,-2.34,-12.30,8.18
1029.20,0,,69.68,8.12,1,0,69.23,-2.80,-2.31,-12.31,8.11
1029.29,0,,69.50,8.11,1,0,69.55,-2.93,-2.29,-12.42,7.96
1029.44,0,,69.43,8.06,4,-2,69.52,-2.85,-2.37,-12.42,8.12
1029.53,0,,69.42,8.05,4,-2,69.21,-2.89,-2.35,-12.44,8.06
1029.59,0,,69.46,8.06,4,-2,70.09,-2.81,-2.31,-12.32,8.10
1029.68,0,,69.66,8.09,4,-2,69.91,-2.69,-2.32,-12.21,8.23
1029.81,0,,69.88,8.13,2,-1,69.96,-2.86,-2.31,-12.37,8.05
1029.92,0,,69.93,8.12,2,-1,69.67,-2.91,-2.36,-12.47,8.05
1029.98,0,,69.93,8.09,1,0,70.25,-2.86,-2.36,-12.42,8.10
1030.10,0,,69.97,8.07,1,0,69.91,-2.87,-2.33,-12.40,8.06
1030.19,0,,69.98,8.07,0,2,69.78,-2.77,-2.32,-12.29,8.15
1030.31,0,,69.92,8.11,0,2,70.00,-2.70,-2.33,-12.23,8.23
1030.40,0,,69.88,8.16,0,2,69.70,-2.82,-2.36,-12.38,8.14
1030.49,0,,69.77,8.14,0,1,69.36,-2.95,-2.31,-12.46,7.96
1030.58,0,,69.62,8.06,2,-1,69.72,-2.93,-2.29,-12.42,7.96
1030.70,0,,69.61,8.00,1,0,69.92,-2.86,-2.30,-12.36,8.04
1030.79,0,,69.72,7.99,1,0,69.70,-2.81,-2.27,-12.28,8.06
1030.91,0,,69.81,8.03,2,-1,70.05,-2.77,-2.29,-12.26,8.12
1031.00,0,,69.88,8.07,2,-1,69.75,-2.85,-2.36,-12.41,8.11
1031.09,0,,69.87,8.08,2,-1,69.78,-2.96,-2.33,-12.49,7.97
1031.18,0,,69.85,8.05,1,0,70.02,-2.88,-2.29,-12.37,8.01
1031.30,0,,69.86,8.03,0,1,69.67,-2.78,-2.31,-12.29,8.13
1031.43,0,,69.85,8.04,0,1,69.97,-2.87,-2.29,-12.36,8.02
1031.48,0,,69.88,8.04,1,0,70.08,-2.92,-2.28,-12.40,7.96
1031.60,0,,69.95,8.00,0,1,69.86,-2.96,-2.29,-12.45,7.93
1031.69,0,,69.87,7.94,0,1,69.21,-2.99,-2.27,-12.46,7.88
1031.78,0,,69.66,7.92,1,0,69.79,-2.82,-2.29,-12.31,8.07
1031.90,0,,69.60,7.96,0,1,69.84,-2.80,-2.28,-12.28,8.08
1031.99,0,,69.68,8.01,2,-1,69.65,-2.94,-2.26,-12.40,7.92
1032.08,0,,69.70,8.00,2,-1,69.56,-2.97,-2.32,-12.49,7.95
1032.20,0,,69.65,7.95,2,-1,69.65,-3.03,-2.33,-12.56,7.90
1032.29,0,,69.64,7.91,2,-1,69.73,-3.02,-2.27,-12.49,7.85
1032.41,0,,69.65,7.89,4,-2,69.54,-2.87,-2.29,-12.36,8.02
1032.50,0,,69.62,7.93,2,-1,69.53,-2.89,-2.35,-12.44,8.06
1032.59,0,,69.56,7.98,2,-1,69.48,-3.03,-2.30,-12.53,7.87
1032.68,0,,69.54,7.95,2,-1,69.73,-3.08,-2.31,-12.59,7.83
1032.80,0,,69.60,7.89,2,-1,69.68,-3.04,-2.34,-12.58,7.90
1032.92,0,,69.65,7.87,2,-1,69.60,-3.01,-2.28,-12.49,7.87
1032.98,0,,69.65,7.87,2,-1,69.60,-2.98,-2.31,-12.49,7.93
1033.10,0,,69.59,7.89,2,-1,69.40,-3.06,-2.33,-12.59,7.87
1033.19,0,,69.56,7.86,2,-1,69.81,-3.16,-2.25,-12.61,7.69
1033.28,0,,69.57,7.81,2,-1,69.37,-3.07,-2.31,-12.58,7.84
1033.41,0,,69.54,7.80,2,-1,69.46,-3.01,-2.33,-12.54,7.92
1033.50,0,,69.52,7.84,2,-1,69.81,-3.03,-2.30,-12.53,7.87
1033.58,0,,69.62,7.88,2,-1,69.78,-3.01,-2.34,-12.55,7.93
1033.70,0,,69.72,7.89,2,-1,69.72,-3.12,-2.32,-12.64,7.80
1033.79,0,,69.79,7.85,2,-1,69.93,-3.19,-2.30,-12.69,7.71
1033.91,0,,69.81,7.80,1,0,69.60,-3.02,-2.34,-12.56,7.92
1034.00,0,,69.76,7.83,1,0,69.70,-2.97,-2.34,-12.51,7.97
1034.15,0,,69.69,7.89,0,1,69.61,-3.03,-2.32,-12.55,7.89
1034.19,0,,69.65,7.91,0,1,69.72,-3.06,-2.31,-12.57,7.85
1034.30,0,,69.63,7.87,0,1,69.48,-3.18,-2.28,-12.66,7.70
1034.42,0,,69.57,7.78,1,0,69.42,-3.21,-2.24,-12.65,7.63
1034.48,0,,69.51,7.71,1,0,69.62,-3.05,-2.28,-12.53,7.83
1034.69,0,,69.54,7.72,1,0,69.73,-3.09,-2.30,-12.59,7.81
1034.69,0,,69.60,7.75,1,0,69.48,-3.21,-2.28,-12.69,7.67
1034.78,0,,69.60,7.76,1,0,69.58,-3.14,-2.36,-12.70,7.82
1034.90,0,,69.58,7.77,2,-1,69.62,-3.13,-2.36,-12.69,7.83
1034.99,0,,69.59,7.80,2,-1,69.57,-3.10,-2.31,-12.61,7.81
1035.08,0,,69.55,7.81,1,0,69.31,-3.07,-2.30,-12.57,7.83
1035.20,0,,69.45,7.80,1,0,69.32,-3.18,-2.29,-12.67,7.71
1035.29,0,,69.34,7.77,1,0,69.20,-3.22,-2.35,-12.77,7.73
1035.41,0,,69.29,7.73,1,0,69.53,-3.23,-2.33,-12.76,7.70
1035.50,0,,69.36,7.70,1,0,69.49,-3.21,-2.25,-12.66,7.64
1035.59,0,,69.46,7.68,1,0,69.57,-3.16,-2.29,-12.65,7.73
1035.68,0,,69.55,7.68,1,0,69.71,-3.24,-2.34,-12.78,7.70
1035.80,0,,69.54,7.69,1,0,68.90,-3.31,-2.34,-12.85,7.63
1035.92,0,,69.34,7.66,2,-1,69.21,-3.33,-2.35,-12.88,7.62
1035.98,0,,69.23,7.64,2,-1,69.61,-3.28,-2.37,-12.85,7.69
1036.10,0,,69.29,7.66,2,-1,69.16,-3.20,-2.37,-12.77,7.77
1036.19,0,,69.31,7.71,2,-1,69.27,-3.23,-2.39,-12.82,7.76
1036.28,0,,69.39,7.74,2,-1,70.12,-3.25,-2.38,-12.83,7.73
1036.40,0,,69.65,7.74,2,-1,69.85,-3.24,-2.36,-12.80,7.72
1036.49,0,,69.79,7.73,0,1,69.37,-3.23,-2.36,-12.79,7.73
1036.58,0,,69.71,7.73,0,1,69.69,-3.18,-2.32,-12.70,7.74
1036.70,0,,69.60,7.73,0,2,69.42,-3.17,-2.31,-12.68,7.74
1036.80,0,,69.57,7.73,0,2,69.89,-3.21,-2.34,-12.75,7.73
1036.91,0,,69.56,7.73,0,2,69.09,-3.23,-2.36,-12.79,7.73
1037.00,0,,69.50,7.74,0,1,69.72,-3.16,-2.35,-12.71,7.79
1037.09,0,,69.52,7.76,1,0,69.73,-3.08,-2.34,-12.62,7.86
1037.18,0,,69.62,7.80,1,0,69.64,-3.11,-2.30,-12.61,7.79
1037.30,0,,69.66,7.80,1,0,69.57,-3.18,-2.27,-12.65,7.69
1037.42,0,,69.69,7.75,1,0,70.00,-3.22,-2.30,-12.72,7.68
1037.48,0,,69.75,7.70,0,1,69.60,-3.18,-2.28,-12.66,7.70
1037.60,0,,69.70,7.70,0,1,69.25,-3.07,-2.26,-12.53,7.79
1037.75,0,,69.56,7.74,0,1,69.76,-3.05,-2.29,-12.54,7.84
1037.78,0,,69.58,7.78,0,1,69.91,-3.17,-2.32,-12.69,7.75
1037.90,0,,69.70,7.77,0,1,69.57,-3.27,-2.32,-12.79,7.65
1037.99,0,,69.70,7.72,0,1,69.56,-3.21,-2.30,-12.71,7.69
1038.08,0,,69.66,7.70,0,1,69.78,-3.09,-2.29,-12.58,7.80
1038.20,0,,69.60,7.73,0,1,69.14,-3.09,-2.30,-12.59,7.81
1038.32,0,,69.47,7.78,0,1,69.48,-3.17,-2.36,-12.73,7.79
1038.41,0,,69.40,7.79,0,1,69.49,-3.22,-2.36,-12.78,7.74
1038.50,0,,69.42,7.77,2,-1,69.47,-3.20,-2.29,-12.69,7.69
1038.59,0,,69.53,7.73,2,-1,70.05,-3.16,-2.28,-12.64,7.72
1038.68,0,,69.73,7.71,1,0,69.85,-3.13,-2.31,-12.64,7.78
1038.80,0,,69.87,7.73,1,0,69.78,-3.16,-2.34,-12.70,7.78
1038.92,0,,69.83,7.75,1,0,69.47,-3.25,-2.33,-12.78,7.68
1038.98,0,,69.68,7.73,1,0,69.54,-3.27,-2.34,-12.81,7.67
1039.10,0,,69.60,7.71,1,0,69.86,-3.12,-2.36,-12.68,7.84
1039.19,0,,69.63,7.75,0,1,69.57,-3.07,-2.31,-12.58,7.84
1039.28,0,,69.65,7.81,0,1,69.60,-3.15,-2.37,-12.72,7.82
1039.44,0,,69.66,7.82,0,1,69.86,-3.23,-2.38,-12.81,7.75
1039.52,0,,69.67,7.79,1,0,69.36,-3.21,-2.32,-12.73,7.71
1039.58,0,,69.64,7.77,1,0,69.89,-3.04,-2.34,-12.58,7.90
1039.70,0,,69.64,7.81,1,0,69.50,-3.01,-2.34,-12.55,7.93
1039.79,0,,69.59,7.87,1,0,69.30,-3.07,-2.35,-12.62,7.88
1039.91,0,,69.49,7.90,1,0,69.61,-3.07,-2.35,-12.62,7.88
1040.03,0,,69.49,7.89,2,-1,69.63,-3.08,-2.34,-12.62,7.86
1040.09,0,,69.58,7.88,2,-1,69.77,-3.01,-2.35,-12.56,7.94
1040.18,0,,69.68,7.90,2,-1,69.72,-2.94,-2.36,-12.50,8.02
1040.30,0,,69.67,7.95,1,0,69.24,-2.98,-2.33,-12.51,7.95
1040.42,0,,69.61,7.96,1,0,70.05,-3.05,-2.31,-12.56,7.86
1040.48,0,,69.62,7.92,1,0,69.33,-3.09,-2.33,-12.62,7.84
1040.60,0,,69.55,7.87,1,0,69.21,-3.00,-2.33,-12.53,7.93
1040.69,0,,69.46,7.90,1,0,69.95,-2.85,-2.34,-12.39,8.09
1040.78,0,,69.58,7.98,1,0,69.80,-2.85,-2.34,-12.39,8.09
1040.90,0,,69.70,8.03,1,0,69.50,-2.96,-2.29,-12.45,7.93
1040.99,0,,69.69,8.01,1,0,69.68,-2.95,-2.28,-12.43,7.93
1041.08,0,,69.66,7.98,1,0,69.68,-2.83,-2.31,-12.34,8.08
1041.20,0,,69.71,8.01,1,0,70.03,-2.77,-2.28,-12.25,8.11
1041.29,0,,69.83,8.05,1,0,69.95,-2.86,-2.26,-12.32,8.00
1041.41,0,,69.89,8.04,0,2,69.59,-2.90,-2.29,-12.39,7.99
1041.50,0,,69.78,8.00,0,2,69.48,-3.01,-2.29,-12.50,7.88
1041.59,0,,69.66,7.94,0,1,69.90,-3.03,-2.31,-12.54,7.88
1041.68,0,,69.68,7.93,1,0,69.76,-2.73,-2.34,-12.27,8.21
1041.80,0,,69.80,8.03,1,0,70.15,-2.66,-2.26,-12.12,8.20
1041.92,0,,69.94,8.14,1,0,69.99,-2.65,-2.21,-12.06,8.16
1041.98,0,,70.00,8.20,0,1,69.75,-2.52,-2.19,-11.91,8.27
1042.10,0,,69.93,8.21,0,1,69.87,-2.74,-2.22,-12.16,8.08
1042.19,0,,69.88,8.15,0,1,70.00,-2.96,-2.31,-12.47,7.95
1042.28,0,,69.94,8.05,0,1,70.22,-3.04,-2.43,-12.67,7.99
1042.40,0,,69.99,7.97,0,1,69.58,-3.23,-2.51,-12.94,7.88
1042.49,0,,69.91,7.90,0,1,69.84,-3.34,-2.49,-13.03,7.75
1042.58,0,,69.81,7.83,0,1,69.82,-3.26,-2.53,-12.99,7.87
1042.70,0,,69.82,7.83,0,1,70.00,-3.11,-2.49,-12.80,7.98
1042.79,0,,69.88,7.90,0,1,69.92,-2.91,-2.37,-12.48,8.06
1042.94,0,,70.00,8.02,0,1,70.44,-2.85,-2.53,-12.58,8.28
1043.00,0,,70.18,8.15,0,1,70.31,-3.14,-2.78,-13.12,8.24
1043.09,0,,70.29,8.22,0,1,70.13,-3.41,-2.89,-13.50,8.08
1043.18,0,,70.22,8.20,0,1,69.84,-3.31,-2.93,-13.44,8.22
1043.33,0,,70.11,8.18,0,1,70.38,-3.32,-2.90,-13.42,8.18
1043.49,0,,70.12,8.16,0,1,70.16,-3.44,-2.90,-13.54,8.06
1043.49,0,,70.12,8.16,0,1,70.16,-3.44,-2.90,-13.54,8.06
1043.60,0,,70.01,8.14,0,1,69.51,-2.97,-2.59,-12.76,8.22
1043.69,0,,69.80,8.16,0,1,69.79,-2.93,-2.43,-12.56,8.10
1043.78,0,,69.77,8.17,1,0,70.33,-2.94,-2.57,-12.71,8.23
1043.90,0,,69.95,8.19,4,-2,70.04,-3.02,-2.74,-12.96,8.32
1043.99,0,,70.09,8.23,4,-2,70.10,-3.22,-2.81,-13.23,8.19
1044.08,0,,70.19,8.24,2,-1,70.56,-3.27,-2.91,-13.38,8.24
1044.20,0,,70.30,8.24,0,1,70.21,-3.27,-2.96,-13.43,8.29
1044.29,0,,70.32,8.22,0,1,70.09,-3.50,-2.92,-13.62,8.02
1044.41,0,,70.26,8.12,0,1,70.39,-3.86,-3.07,-14.13,7.81
1044.51,0,,70.25,7.95,0,1,70.24,-4.05,-3.25,-14.50,7.80
1044.59,0,,70.27,7.84,0,1,70.34,-3.88,-3.16,-14.24,7.88
1044.68,0,,70.30,7.83,0,2,70.34,-3.68,-3.06,-13.94,7.98
1044.80,0,,70.30,7.90,0,1,70.13,-3.58,-3.03,-13.81,8.05
1044.92,0,,70.29,8.00,0,1,70.47,-3.35,-2.91,-13.46,8.16
1044.98,0,,70.29,8.09,1,0,70.13,-3.30,-2.81,-13.31,8.11
1045.10,0,,70.23,8.11,0,1,69.97,-3.40,-2.75,-13.35,7.95
1045.19,0,,70.06,8.04,0,1,69.70,-3.42,-2.69,-13.31,7.87
1045.28,0,,69.93,7.97,2,-1,70.18,-3.23,-2.70,-13.13,8.07
1045.44,0,,69.94,7.99,4,-2,70.03,-3.09,-2.71,-13.00,8.22
1045.49,0,,69.97,8.06,4,-2,69.73,-3.41,-2.75,-13.36,7.94
1045.67,0,,69.85,8.03,4,-2,69.45,-3.64,-2.82,-13.66,7.78
1045.70,0,,69.73,7.92,4,-2,70.08,-3.61,-2.88,-13.69,7.87
1045.79,0,,69.72,7.85,4,-2,69.53,-3.57,-2.88,-13.65,7.91
1045.91,0,,69.79,7.86,4,-2,70.32,-3.54,-2.87,-13.61,7.93
1046.00,0,,69.93,7.89,4,-2,69.88,-3.59,-2.87,-13.66,7.88
1046.09,0,,70.01,7.90,1,0,69.97,-3.51,-2.87,-13.58,7.96
1046.18,0,,70.02,7.94,1,0,70.13,-3.34,-2.87,-13.41,8.13
1046.30,0,,69.99,8.01,0,1,69.63,-3.41,-2.83,-13.44,8.02
1046.42,0,,69.88,8.03,0,1,69.75,-3.50,-2.81,-13.51,7.91
1046.52,0,,69.77,8.00,0,1,69.81,-3.47,-2.85,-13.52,7.98
1046.66,0,,69.78,7.97,0,1,70.00,-3.40,-2.78,-13.38,7.98
1046.69,0,,69.93,7.98,1,0,70.45,-3.19,-2.73,-13.12,8.14
1046.78,0,,70.08,8.07,1,0,69.62,-3.04,-2.75,-12.99,8.31
1046.90,0,,70.08,8.16,1,0,70.32,-3.24,-2.70,-13.14,8.06
1046.99,0,,70.06,8.15,0,1,69.94,-3.37,-2.71,-13.28,7.94
1047.08,0,,70.02,8.06,2,-1,69.73,-3.28,-2.71,-13.19,8.03
1047.27,0,,69.94,8.01,2,-1,70.20,-3.22,-2.65,-13.07,8.03
1047.29,0,,69.96,8.01,0,1,69.96,-3.21,-2.69,-13.10,8.08
1047.41,0,,69.95,8.03,0,1,69.59,-3.27,-2.72,-13.19,8.05
1047.50,0,,69.84,8.04,0,1,69.85,-3.34,-2.69,-13.23,7.95
1047.59,0,,69.81,8.01,2,-1,70.04,-3.28,-2.69,-13.17,8.01
1047.71,0,,69.89,8.01,2,-1,69.99,-3.22,-2.72,-13.14,8.10
1047.81,0,,69.98,8.03,1,0,70.09,-3.31,-2.72,-13.23,8.01
1047.92,0,,70.00,8.02,1,0,69.68,-3.42,-2.73,-13.35,7.91
1047.98,0,,69.91,7.97,1,0,69.84,-3.40,-2.71,-13.31,7.91
1048.16,0,,69.84,7.93,1,0,69.94,-3.23,-2.63,-13.06,8.00
1048.19,0,,69.83,7.96,1,0,69.70,-3.04,-2.58,-12.82,8.14
1048.28,0,,69.79,8.04,1,0,69.66,-3.05,-2.57,-12.82,8.12
1048.40,0,,69.71,8.09,1,0,69.65,-3.18,-2.60,-12.98,8.02
1048.49,0,,69.66,8.08,2,-1,69.62,-3.23,-2.64,-13.07,8.01
1048.67,0,,69.63,8.05,2,-1,69.67,-3.13,-2.64,-12.97,8.11
1048.70,0,,69.70,8.07,2,-1,70.09,-3.00,-2.61,-12.81,8.21
1048.79,0,,69.80,8.13,2,-1,69.61,-3.04,-2.59,-12.83,8.15
1048.91,0,,69.81,8.15,2,-1,69.73,-3.15,-2.64,-12.99,8.09
1049.00,0,,69.69,8.13,2,-1,69.24,-3.20,-2.64,-13.04,8.04
1049.09,0,,69.52,8.09,2,-1,69.51,-3.08,-2.59,-12.87,8.11
1049.18,0,,69.47,8.10,2,-1,69.75,-2.96,-2.57,-12.73,8.21
1049.30,0,,69.55,8.13,2,-1,69.61,-3.02,-2.56,-12.78,8.14
1049.42,0,,69.70,8.15,2,-1,70.23,-3.10,-2.61,-12.91,8.11
1049.48,0,,69.87,8.14,2,-1,69.72,-3.08,-2.64,-12.92,8.16
1049.60,0,,69.93,8.15,0,1,69.88,-3.00,-2.63,-12.83,8.23
1049.69,0,,69.92,8.19,0,1,70.07,-2.92,-2.61,-12.73,8.29
1049.78,0,,69.87,8.23,0,1,69.32,-2.98,-2.62,-12.80,8.24
1049.90,0,,69.68,8.24,0,2,69.42,-3.08,-2.63,-12.91,8.15
1049.99,0,,69.61,8.21,0,1,70.44,-3.04,-2.64,-12.88,8.20
1050.08,0,,69.77,8.20,1,0,69.52,-2.96,-2.67,-12.83,8.31
1050.20,0,,69.84,8.24,1,0,69.76,-2.90,-2.61,-12.71,8.31
1050.29,0,,69.82,8.29,1,0,70.05,-2.87,-2.61,-12.68,8.34
1050.41,0,,69.89,8.32,1,0,69.99,-2.95,-2.68,-12.83,8.33
1050.50,0,,69.91,8.32,1,0,69.57,-3.01,-2.63,-12.84,8.22
1050.65,0,,69.85,8.30,0,1,69.98,-2.87,-2.64,-12.71,8.37
1050.68,0,,69.83,8.33,0,1,69.82,-2.74,-2.66,-12.60,8.52
1050.81,0,,69.88,8.40,0,1,70.16,-2.83,-2.67,-12.70,8.44
1050.92,0,,69.98,8.44,1,0,70.01,-2.93,-2.72,-12.85,8.39
1050.98,0,,70.05,8.42,0,1,70.07,-2.94,-2.70,-12.84,8.36
1051.16,0,,70.05,8.40,0,1,69.95,-2.79,-2.69,-12.68,8.50
1051.19,0,,70.04,8.45,0,1,70.10,-2.61,-2.68,-12.49,8.67
1051.28,0,,70.00,8.55,0,1,69.72,-2.64,-2.67,-12.51,8.63
1051.40,0,,69.91,8.61,0,1,69.89,-2.79,-2.73,-12.72,8.54
1051.49,0,,69.82,8.59,0,1,69.60,-2.88,-2.76,-12.84,8.48
1051.59,0,,69.84,8.55,0,1,70.55,-2.75,-2.74,-12.69,8.59
1051.70,0,,70.00,8.56,0,1,69.83,-2.54,-2.67,-12.41,8.73
1051.79,0,,70.06,8.63,0,1,69.92,-2.54,-2.62,-12.36,8.68
1051.94,0,,69.98,8.67,0,1,69.87,-2.68,-2.67,-12.55,8.59
1052.00,0,,69.98,8.64,0,1,70.38,-2.77,-2.72,-12.69,8.55
1052.15,0,,70.08,8.60,0,1,70.12,-2.66,-2.69,-12.55,8.63
1052.18,0,,70.15,8.61,0,1,69.99,-2.46,-2.68,-12.34,8.82
1052.33,0,,70.15,8.71,0,1,70.35,-2.43,-2.69,-12.32,8.86
1052.42,0,,70.09,8.79,0,1,69.48,-2.49,-2.64,-12.33,8.75
1052.48,0,,69.96,8.79,0,1,70.14,-2.52,-2.61,-12.33,8.69
1052.60,0,,69.86,8.76,0,1,69.63,-2.45,-2.65,-12.30,8.80
1052.69,0,,69.89,8.77,0,1,70.47,-2.34,-2.66,-12.20,8.92
1052.78,0,,70.04,8.83,0,1,70.04,-2.37,-2.65,-12.22,8.88
1052.96,0,,70.06,8.85,0,1,69.44,-2.59,-2.69,-12.48,8.70
1052.99,0,,69.95,8.78,1,0,70.43,-2.77,-2.76,-12.73,8.59
1053.17,0,,70.03,8.72,1,0,70.36,-2.41,-2.76,-12.37,8.95
1053.20,0,,70.25,8.80,1,0,70.47,-2.13,-2.69,-12.02,9.16
1053.29,0,,70.38,8.97,1,0,70.24,-2.29,-2.72,-12.21,9.03
1053.44,0,,70.33,9.05,0,1,69.88,-2.32,-2.71,-12.23,8.99
1053.50,0,,70.21,9.04,0,2,70.57,-2.33,-2.67,-12.20,8.94
1053.60,0,,70.21,9.00,0,2,70.05,-2.28,-2.69,-12.17,9.01
1053.68,0,,70.21,8.99,0,1,70.17,-2.18,-2.66,-12.04,9.08
1053.80,0,,70.23,9.02,0,1,70.60,-2.21,-2.68,-12.09,9.07
1053.92,0,,70.28,9.05,0,1,69.93,-2.25,-2.67,-12.12,9.02
1053.98,0,,70.20,9.03,0,1,69.94,-2.33,-2.64,-12.17,8.91
1054.10,0,,70.12,9.00,0,1,70.52,-2.26,-2.74,-12.20,9.08
1054.19,0,,70.15,9.02,0,1,69.96,-2.10,-2.72,-12.02,9.22
1054.28,0,,70.07,9.07,2,-1,69.47,-2.28,-2.59,-12.07,8.91
1054.40,0,,69.91,9.01,2,-1,70.28,-2.50,-2.59,-12.29,8.69
1054.55,0,,69.95,8.86,2,-1,70.24,-2.51,-2.71,-12.42,8.80
1054.59,0,,70.09,8.77,4,-2,70.08,-2.61,-2.80,-12.61,8.79
1054.70,0,,70.17,8.75,2,-1,70.26,-2.64,-2.78,-12.62,8.74
1054.79,0,,70.27,8.75,1,0,70.70,-2.63,-2.80,-12.63,8.77
1054.91,0,,70.43,8.74,1,0,70.45,-2.78,-2.88,-12.86,8.70
1055.00,0,,70.49,8.71,0,2,70.24,-2.92,-2.90,-13.02,8.58
1055.15,0,,70.44,8.65,0,2,70.52,-2.91,-2.94,-13.05,8.63
1055.19,0,,70.35,8.64,0,2,69.92,-2.72,-2.92,-12.84,8.80
1055.30,0,,70.24,8.68,0,2,70.37,-2.83,-2.88,-12.91,8.65
1055.42,0,,70.15,8.68,0,1,69.82,-3.02,-2.97,-13.19,8.55
1055.48,0,,70.11,8.64,1,0,70.52,-2.96,-3.05,-13.21,8.69
1055.61,0,,70.19,8.63,1,0,70.22,-3.01,-3.02,-13.23,8.61
1055.76,0,,70.33,8.64,1,0,70.70,-2.83,-2.95,-12.98,8.72
1055.79,0,,70.38,8.70,1,0,69.79,-2.58,-2.96,-12.74,8.98
1055.90,0,,70.24,8.80,0,1,70.04,-2.62,-2.84,-12.66,8.82
1056.00,0,,70.08,8.84,2,-1,70.19,-2.54,-2.64,-12.38,8.70
1056.08,0,,70.08,8.82,2,-1,70.24,-2.32,-2.62,-12.14,8.90
1056.20,0,,70.14,8.83,2,-1,70.11,-2.22,-2.53,-11.95,8.91
1056.29,0,,70.14,8.85,1,0,69.94,-2.35,-2.46,-12.01,8.71
1056.41,0,,70.09,8.82,2,-1,70.18,-2.40,-2.58,-12.18,8.78
1056.50,0,,70.07,8.78,1,0,70.02,-2.44,-2.67,-12.31,8.83
1056.60,0,,70.09,8.77,1,0,70.26,-2.57,-2.68,-12.45,8.71
1056.68,0,,70.14,8.76,1,0,70.19,-2.45,-2.62,-12.27,8.77
1056.80,0,,70.16,8.74,1,0,69.99,-2.48,-2.61,-12.29,8.73
1056.92,0,,70.12,8.71,1,0,70.14,-2.71,-2.66,-12.57,8.55
1056.98,0,,70.10,8.64,2,-1,70.13,-2.67,-2.65,-12.52,8.58
1057.10,0,,70.07,8.57,1,0,69.82,-2.74,-2.63,-12.57,8.49
1057.19,0,,70.05,8.52,2,-1,70.42,-2.74,-2.62,-12.56,8.48
1057.28,0,,70.12,8.52,2,-1,70.13,-2.51,-2.65,-12.36,8.74
1057.40,0,,70.15,8.59,2,-1,69.85,-2.56,-2.66,-12.42,8.70
1057.49,0,,70.08,8.65,2,-1,70.21,-2.70,-2.64,-12.54,8.54
1057.58,0,,70.10,8.64,2,-1,70.31,-2.65,-2.71,-12.56,8.66
1057.70,0,,70.14,8.62,2,-1,69.83,-2.69,-2.69,-12.58,8.60
1057.79,0,,70.14,8.60,2,-1,70.52,-2.71,-2.59,-12.50,8.48
1057.91,0,,70.13,8.56,2,-1,69.62,-2.63,-2.61,-12.44,8.58
1058.00,0,,69.98,8.52,2,-1,69.67,-2.74,-2.59,-12.53,8.45
1058.09,0,,69.79,8.47,2,-1,69.79,-2.85,-2.57,-12.62,8.32
1058.18,0,,69.67,8.41,4,-2,69.43,-2.74,-2.59,-12.53,8.45
1058.31,0,,69.57,8.39,4,-2,69.46,-2.69,-2.53,-12.42,8.44
1058.46,0,,69.53,8.42,4,-2,69.88,-2.68,-2.56,-12.44,8.48
1058.48,0,,69.67,8.46,4,-2,70.03,-2.61,-2.59,-12.40,8.58
1058.66,0,,69.86,8.51,4,-2,69.93,-2.64,-2.50,-12.34,8.46
1058.69,0,,69.97,8.52,2,-1,69.98,-2.53,-2.47,-12.20,8.54
1058.78,0,,70.02,8.55,2,-1,70.10,-2.29,-2.45,-11.94,8.76
1058.90,0,,70.05,8.63,2,-1,70.05,-2.33,-2.42,-11.95,8.69
1058.99,0,,70.02,8.68,0,2,69.71,-2.43,-2.42,-12.05,8.59
1059.08,0,,69.93,8.66,0,2,69.95,-2.36,-2.40,-11.96,8.64
1059.20,0,,69.97,8.65,0,2,70.64,-2.32,-2.46,-11.98,8.74
1059.29,0,,70.17,8.69,0,2,70.09,-2.25,-2.50,-11.95,8.85
1059.41,0,,70.22,8.77,0,2,69.84,-2.26,-2.51,-11.97,8.85
1059.50,0,,70.14,8.82,0,1,70.36,-2.41,-2.59,-12.20,8.78
1059.59,0,,70.16,8.82,0,1,70.32,-2.48,-2.66,-12.34,8.78
1059.68,0,,70.22,8.78,0,1,70.06,-2.55,-2.64,-12.39,8.69
1059.80,0,,70.15,8.71,1,0,69.80,-2.70,-2.56,-12.46,8.46
1059.92,0,,69.99,8.58,1,0,69.81,-2.61,-2.46,-12.27,8.45
1059.98,0,,69.83,8.51,1,0,69.66,-2.31,-2.40,-11.91,8.69
1060.10,0,,69.67,8.52,4,-2,69.30,-2.39,-2.23,-11.82,8.44
1060.19,0,,69.53,8.46,4,-2,69.68,-2.84,-2.26,-12.30,8.02
1060.28,0,,69.55,8.28,4,-2,69.91,-3.18,-2.73,-13.11,8.15
1060.40,0,,69.66,8.12,4,-2,69.51,-3.46,-2.83,-13.49,7.97
1060.49,0,,69.69,7.98,4,-2,69.71,-3.51,-2.62,-13.33,7.71
1060.58,0,,69.68,7.88,4,-2,69.71,-3.34,-2.78,-13.32,8.04
1060.70,0,,69.66,7.90,4,-2,69.48,-3.22,-2.74,-13.16,8.12
1060.79,0,,69.62,7.99,2,-1,69.69,-3.20,-2.59,-12.99,7.99
1060.91,0,,69.62,8.04,1,0,69.69,-3.21,-2.69,-13.10,8.08
1061.00,0,,69.65,8.06,2,-1,69.66,-3.21,-2.67,-13.08,8.06
1061.09,0,,69.62,8.07,1,0,69.26,-3.12,-2.61,-12.93,8.09
1061.18,0,,69.52,8.10,1,0,69.62,-2.87,-2.54,-12.61,8.27
1061.30,0,,69.52,8.20,2,-1,69.75,-2.75,-2.59,-12.54,8.44
1061.43,0,,69.69,8.33,2,-1,70.29,-2.84,-2.70,-12.74,8.46
1061.51,0,,69.97,8.44,0,1,70.21,-2.76,-2.71,-12.67,8.55
1061.60,0,,70.12,8.53,0,2,69.69,-2.65,-2.74,-12.59,8.69
1061.69,0,,70.04,8.63,0,2,69.97,-2.53,-2.71,-12.44,8.78
1061.78,0,,69.99,8.74,0,2,70.32,-2.42,-2.75,-12.37,8.93
1061.90,0,,70.12,8.83,0,2,70.44,-2.62,-2.80,-12.62,8.78
1061.99,0,,70.22,8.83,0,2,69.75,-2.80,-2.84,-12.84,8.64
1062.08,0,,70.14,8.76,0,2,70.10,-2.83,-2.94,-12.97,8.71
1062.20,0,,70.11,8.69,0,2,70.51,-2.92,-2.91,-13.03,8.59
1062.29,0,,70.20,8.62,0,1,70.11,-2.95,-2.87,-13.02,8.52
1062.41,0,,70.22,8.56,0,2,70.04,-2.93,-2.84,-12.97,8.51
1062.50,0,,70.06,8.47,0,1,69.40,-3.11,-2.68,-12.99,8.17
1062.59,0,,69.78,8.30,1,0,69.60,-3.27,-2.57,-13.04,7.90
1062.68,0,,69.63,8.10,4,-2,69.99,-3.11,-2.57,-12.88,8.06
1062.80,0,,69.63,7.99,4,-2,69.25,-3.11,-2.52,-12.83,8.01
1062.92,0,,69.54,7.95,4,-2,69.35,-3.21,-2.46,-12.87,7.85
1062.98,0,,69.44,7.92,4,-2,69.63,-3.15,-2.49,-12.84,7.94
1063.10,0,,69.41,7.91,4,-2,69.11,-3.10,-2.48,-12.78,7.98
1063.19,0,,69.38,7.94,4,-2,69.63,-3.05,-2.42,-12.67,7.97
1063.28,0,,69.38,7.96,4,-2,69.21,-3.03,-2.42,-12.65,7.99
1063.40,0,,69.46,7.99,4,-2,70.11,-3.02,-2.45,-12.67,8.03
1063.49,0,,69.64,8.01,2,-1,69.58,-3.00,-2.47,-12.67,8.07
1063.58,0,,69.73,8.04,4,-2,69.61,-2.99,-2.45,-12.64,8.06
1063.70,0,,69.68,8.06,0,1,69.55,-2.87,-2.41,-12.48,8.14
1063.79,0,,69.62,8.09,0,1,69.66,-2.89,-2.38,-12.47,8.09
1063.91,0,,69.63,8.09,0,1,69.82,-2.95,-2.35,-12.50,8.00
1064.00,0,,69.65,8.05,0,1,69.32,-2.93,-2.35,-12.48,8.02
1064.15,0,,69.58,8.03,0,1,69.59,-2.88,-2.34,-12.42,8.06
1064.21,0,,69.55,8.04,0,1,69.74,-2.77,-2.31,-12.28,8.14
1064.31,0,,69.56,8.08,1,0,69.27,-2.78,-2.28,-12.26,8.10
1064.45,0,,69.48,8.10,2,-1,69.32,-2.85,-2.31,-12.36,8.06
1064.48,0,,69.35,8.09,2,-1,69.20,-2.85,-2.35,-12.40,8.10
1064.60,0,,69.28,8.08,4,-2,69.42,-2.81,-2.31,-12.32,8.10
1064.69,0,,69.30,8.09,4,-2,69.39,-2.73,-2.27,-12.20,8.14
1064.97,0,,69.34,8.11,4,-2,69.29,-2.74,-2.25,-12.19,8.11
1064.97,0,,69.34,8.11,4,-2,69.29,-2.74,-2.25,-12.19,8.11
1064.99,0,,69.44,8.10,2,-1,69.60,-2.79,-2.27,-12.26,8.08
